หายใจ	หายใจเข้าออก
รูปธรรม	สิ่งที่เป็นรูปธรรม
นามธรรม	สิ่งที่เป็นนามธรรม
ของ	สิ่ง
ของ	วัตถุ
แทบจะไม่	แทบจะไ่ม่
สูดลม	สูดลมหายใจ	สูดหายใจเข้า	สูดอากาศ
ซึ่งปรากฎขึ้น	ซึ่งเพิ่งเกิดขึ้นครั้งแรก
ปริ	แตกออก
ที่กำลังจะตาย	ใกล้จะตาย
ถอนหายใจ	ถอนหายใจยาว	ถอนใจ	ทอดถอนใจ
ที่อยู่ในลมหายใจสุดท้าย	ที่ใกล้จะตาย	ร่อแร่
ผ่อนลมหายใจ	หายใจออก
ฉบับย่อ	ย่อ
เท่านั้น	เพียง	เพียงแค่
อย่างง่ายๆ	แบบง่ายๆ
ฉบับเต็ม	สมบูรณ์
อย่างมหาศาล	อย่างใหญ่โต
ส่วนใหญ่	โดยมาก
ที่สัมพันธ์	เกี่ยวกับความสัมพันธ์	เชิืงสัมพันธ์
หายใจฟืดฟาด	หายใจลำบาก	หายใจหืดหาด
เป่า	เป่าแรงๆ
หาว	อ้าปากหาว
ผู้กระทำเหตุการณ์	ผู้ก่อให้เกิดเหตุการณ์	ผู้เป็นสาเหตุ
ที่ซับน้ำได้ดี	ที่ซึมซับได้ดี
ซึ่งดูดซึมไม่ได้	ไม่ดูดซับน้ำ
คน	บุคคล	ปัจเจกชน	ปัจเจกบุคคล
ซึ่งดูดซับ	ที่ดูดซับ
ที่ไม่ดูดซับ	ที่ไม่ดูดซึม
เท่านั้น	โดยลำพัง
ทำตาหยี	หยีตา	หรี่ตา
ที่ดูดซับได้	ที่ดูดซึมได้
อย่างสมบูรณ์	โดยสิ้นเชิง
ชะล้าง	ผลัดขน	ลอกคราบ
เสียสนิท	ไปเลย
ขอดเกล็ด	ขูดเกล็ด
ที่เข้มงวดกับตนเอง	ที่เข้มงวดกับตัวเอง
กระตุก	ชักกระตุก
อย่างไม่สมบูรณ์	ไม่สมบูรณ์
ทำตัว	ประพฤติตัว	มีความประพฤติ	มีพฤติกรรม
ตะกละเหมือนหมู	เหมือนหมู
ที่เป็นนามธรรม	นามธรรม
เฉยชา	เย็นชา
หมกหมุ่น	หยาบช้า
แสดงความโรแมนติค	โรแมนติค
เล่นละคร	เล่นละครตบตา	แกล้งทำ	แสร้งทำ
นอน	นอนหลับ	บรรทม	หลับ
สัปหงก	เคลิ้ม	เคลิ้มหลับ
สัตว์	สัตว์ป่า	สัตว์เดียรัจฉาน	สิ่งมีชีวิต	เดียรัจฉาน
อย่างน่าพอใจ	โอเค
งีบ	งีบหลับ
มากเกินไป	เยอะเกินไป
หนัก	อย่างรุนแรง	อย่างร้ายแรง
สะลึมสะลือ	เคลิ้ม
อย่างหนัก	ไหลแรง
อย่างซุกซน	อย่างดื้อรั้น
กรน	นอนกรน
พฤกษชาติ	พืช
นอน	นอนหลับ
นอน	เข้านอน
ตื่น	ตื่นนอน	ตื่นบรรทม	ตื่นพระบรรทม	ลุกขึ้น
คัดค้านไม่ได้	ไม่สามารถคัดค้านได้
ตื่น	รู้สึกตัว	ลุกขึ้น
ทำให้ตื่น	ปลุก
ที่ต้องคัดค้าน	ที่เป็นสาเหตุให้คัดค้าน
มีผลต่อ	ส่งผลต่อ
เข้าถึงได้ยาก	ไม่สามารถเข้าถึง
ไม่นอน	ไม่หลับไม่นอน
อย่างสม่ำเสมอ	อย่างไม่เปลี่ยนแปลง
วัตถุ	สสาร
ทำให้สลบ	ทำให้หมดสติ	วางยาสลบ
ที่มีใจเอื้อเฟื้อ	ที่เอาอกเอาใจ
สารอาหาร	อาหาร
ที่ไม่ช่วยเหลือ	ที่ไม่ให้ความร่วมมือ
สิ่งของ	สิ่งที่มนุษย์ประดิษฐ์ขึ้น	สิ่งประดิษฐ์
ที่เหมือนต้นฉบับ	ที่ใกล้เคียงของเิดิม
กระตุ้น	ทำให้สดชื่น
เฉียบขาด	แม่นยำ
เที่ยงตรง	แน่นอน	แม่นยำ
สลบ	เป็นลม
คุณลักษณะ	คุณลักษณ์	ลักษณะ
คืนความสดชื่น	ทำให้สดชื่นอีกครั้ง
ภาวะ	สถานะ	สภาพ	สภาวะ
คืนความสดชื่น	รู้สึกสดชื่น	สดชื่น
ล้างหน้า	ล้างหน้าล้างตา
อย่างรุนแรง	อย่างสุดขีด
ที่ไหนก็ตาม	ทุกแห่ง
กรด	ที่เป็นกรด
บิด	เคล็ดขัดยอก
เกิดเป็นกรด	ให้กรด
ทำให้ผ่อนคลาย	ทำให้รู้สึกผ่อนคลาย
ด่าง	เป็นแอลคาไล
รู้สึกเครียด	เครียด
ความรู้สึก	ฟิลลิ่ง	อารมณ์ความรู้สึก
วอร์ม	วอร์มร่างกาย	วอร์มอัพ	อบอุ่นร่างกาย
ขอบเขต	ตำแหน่ง
ยืด	เหยียด
ยิ่งไปกว่านั้น	อย่างไรก็ตาม
ยืดออก	เหยียด	เหยียดออก
ทรง	รูป	รูปทรง
ที่ต้องเปิดเผย	ที่ต้องแจ้ง
กาล	กาลเวลา	เวลา	ไทม์
ยิ้ม	แย้มพระโอษฐ์
ยิ้มมีลักยิ้ม	อมยิ้ม
ยิ้มยิงฟัน	ยิ้มแฉ่ง
ยิ้มแป้น	ยิ้มแย้ม
ละโมบ	ละโมบโลภมาก	โลภ
เรื่อง	เหตุการณ์
กระบวนการ	กระบวนการทางกายภาพ
หัวเราะหึๆ	หัวเราะเบาๆ
หัวร่อต่อกระซิก	หัวเราะคิกคัก	หัวเราะคิกๆ
การกระทำของคน	การกระทำของมนุษย์
ตะคริวกิน	เป็นตะคริว	เป็นตะคิว
กรุป	กลุ่ม	พวก	หมู่	เหล่า
ไม่ต้องการ	ไม่ละโมบ
ทรงพระสรวล	หัวร่อ	หัวเราะ
ความสัมพันธ์	รีเลชัน
คล่องแคล่ว	มีพลัง	แอคทีฟ
อย่างดีเยี่ยม	อย่างน่าพิศวง
โคตร	โครต
ยิ้มหยัน	ยิ้มเยาะ	หัวเราะเยาะ
ทำหน้าบึ้ง	ทำหน้าบูด
ที่น่าตื่นเต้น	น่าตื่นเต้น
ถลึงตา	ถลึงตาใส่
จ้อง	จ้องมอง
อย่างฉับพลัน	โดยทันที
จำนวน	ปริมาณ
นิดหน่อย	เล็กน้อย	เล็กๆน้อยๆ
ทำหน้า	ทำหน้าทำตา	ปั้นหน้า
ความมีน้ำใจ	ความใจดี
ทำปากแบะ	ทำหน้าเบ้
อย่างร้อนแรง	อย่างแปรปรวน
ซึ่งหยุดงาน	หยุดงาน
อาบน้ำฝักบัว	อาบฝักบัว
คึกคัก	ที่คึกคัก
สรงน้ำ	อาบน้ำ	อาบน้ำอาบท่า
พอควร	พอประมาณ	พอใช้	อย่างปานกลาง	อย่างพอประมาณ	อย่างพอใช้
ชำระล้าง	ล้าง	ล้างทำความสะอาด
ที่ไปได้ดี	ที่ไปได้สวย
อย่างเกินควร	อย่างเกินพอดี
ของกล้วยๆ	เรื่องง่ายๆ
ขัดด้วยฟองน้ำ	ถูด้วยฟองน้ำ
อย่างสำคัญ	อันเป็นเนื้อแท้
ถูสบู่	ฟอกสบู่
อย่างชัดเจน	อย่างหนักแน่น	อย่างไม่ต้องสงสัย
กลั้ว	กลั้วคอ
การกระทำ	แอคชั่น
โกน	โกนด้วยมีดโกน	โกนด้วยมีดโกนหนวด	โกนด้วยใบมีด
ปลงผม	โกนผม	โกนศีรษะ	โกนหัว
อย่างแน่นอน	แน่นอน
ทำให้เรียบเป็นมัน	หวีผมเรียบ
ที่ทำให้เกิดผล	ที่มีผล
ทำผม	เซตผม	แต่งผม
ตัดผมทรงบ็อบ	ตัดผมบ็อบ
ที่ได้ลงมือจริง	ที่ได้ใช้จริง
อย่างกระจ่าง	อย่างเด่นชัด	อย่างเด่ันชัด	อย่างโจ่งแจ้ง
ทำผมลอน	ทำให้เป็นลอน	ม้วนผม
เฉยๆ	เฉื่อยชา
การจ้องตากัน	การมองตากัน	การสบตา
ดัดผมถาวร	ทำให้เป็นลอนถาวร
ไม่สามารถขัดขืนได้	ไม่สามารถต้านทานได้
การเป็นผู้ให้และผู้รับ	การแลกเปลี่ยนกัน
ซึ่งพุ่งออกมา	ซึ่งระเบิดออก
โดยอุบัติเหตุ	โดยไม่คาดหมาย
ที่กำลังหลับ	ที่หลับไหล	ภูเขาไฟหมดสภาพ
ซึ่งสงบ	สงบ
เมกอัพ	แต่งหน้า	แต่งหน้าทาปาก
การเล่น	การเล่นกีฬา	การเล่นเกมกีฬา
ยังคุกรุ่นอยู่	ยังคุอยู่
ทาลิป	ทาลิปสติค
การรำกระบี่	การรำดาบ	การร่ายรำดาบ
คุกรุ่น	มีพลัง
ใช้ครีมนวด	ใช้ครีมนวดผม
การเล่นโบว์ลิ่ง	การโยนโบว์ลิ่ง
การได้	การได้รับ
สระ	สระกับแชมพู	สระผม	ใช้แชมพูสระผม
ตบแป้ง	ทาแป้ง
อย่างเคราะห์ดี	อย่างโชคดี
การทำให้เกิด	เหตุกรรม
ทาแป้ง	ใช้แป้งทาตัว
การคลอดบุตร	การคลอดลูก	การเกิดลูก
การจากไป	การออกเดินทาง	การไป
อย่างโชคร้าย	โดยสมควรถูกตำหนิ
ที่ทำให้บรรเทา	ที่ทำให้ลดลง
ซึ่งไม่เกิดผล	ซึ่งไม่เปลี่ยนแปลง
ฉีดน้ำหอม	ใส่น้ำหอม
แต่งตัวซอมซ่อ	แต่งตัวยั่วยวน
แต่งกาย	แต่งตัว	แต่งเนื้อแต่งตัว
ที่มีทางเป็นไปได้	ที่เป็นไปได้
สวมชุดลำลอง	แต่งตัวสบายๆ	ใส่ชุดลำลอง
แต่งตัวพิถีพิถัน	แต่งตัวเนี้ยบ
รีดไขมัน	ลดน้ำหนัก
ที่เป็นอันตรายถึงตาย	ที่เป็นอันตรายถึงแก่ชีวิต
ที่ไม่ก่อให้เกิดโรค	ที่ไม่ติดเชื้อ
สุดยอด	อย่างยิ่ง
ที่ทำให้กลมกลืน	ที่ทำให้สอดคล้อง
อ้วนกลม	อ้วนขึ้น
สวมเสื้อผ้า	แต่งตัว	ใส่เสื้อผ้า
ซึ่งไม่สมบูรณ์	ที่ทำหน้าที่ผิดปกติ
อย่างเกินควร	อย่างไม่ธรรมดา
ซึ่งติดสุรา	ติดเหล้า
ลองชุด	ลองเสื้อ
อย่างมากเกินไป	เกิน	เกินไป
ติดนิสัย	ที่ติดเป็นนิสัย
สวมเสื้อผ้า	แต่งกาย	แต่งตัว	ใส่เสื้อผ้า
ขณะนี้	ปัจจุบัน
ทันที	ทันทีทันใด	ในทันที
สวมแจ็คเก็ต	ใส่แจ็คเก็ต
พิเศษ	เพิ่มเติม	เสริม
สวมชุดกระโปรง	ใส่ชุดกระโปรง
สวมเสื้อเชิ้ต	ใส่เสื้อเชิ้ต
สวมเสื้อหลายชั้น	ใส่เสื้อหลายชั้น
สวมรองเท้า	ใส่รองเท้า
อย่างก้าวร้าว	อย่างเป็นปฏิปักษ์
การลงทะเบียน	การสมัครเรียน
ที่เป็นการลบ	ที่เป็นการหักออก
ร่าเริง	อย่างมีความสุข	อย่างร่าเริง	อย่างสนุกสนานรื่นเริง	โดยไม่อนาทรร้อนใจ
ที่น้อยลง	ที่ลดลง
ซึ่งเขียนที่อยู่ผู้รับ	ที่ระบุผู้รับ
สวม	สวมใส่	ใส่
อย่างมั่นคง	อย่างแน่วแน่
พันด้วยผ้าพันคอ	พันผ้าพันคอ
รีบสวม	รีบใส่
ถอดอย่างเร็ว	ถอดออก
ซึ่งมีความสามารถ	ที่สามารถทำได้
เพียงพอ	เพียงพอต่อจุดประสงค์
แต่งตัวลักเพศ	แต่งตัวเป็นเพศตรงข้าม
สวมชุด	ใส่ชุด
อย่างแน่แท้	โดยตรง
ขาด	ขาดแคลน	ไม่พอเพียง
ที่ไม่มีความสามารถ	ที่ไม่สามารถพอ
ครองผ้า	สวมจีวร	ห่มจีวร
สวม	ใส่
ซึ่งขาดคนทำงาน	ทีขาดคนงาน	ทีขาดแรงงาน
การลงจอด	การแลนดิ้ง
ซึ่งติดแน่น	เหนียว
ตกลง	โอเค
ทำให้ตั้งครรภ์	ทำให้ตั้งท้อง	ทำให้ท้อง
การกล่าวคำอำลา	การกล่าวลา	การกล่าวอำลา	การอำลา
การสาบสูญ	การหายตัวไป
ผสมข้ามพันธุ์	ผสมข้ามสายพันธุ์
การถ่ายเกสร	การผสมเกสร
ที่ทาด้วยน้ำมันดิน	เหมือนน้ำมันดิน
อย่างน่ากลัว	อย่างมหันต์
น้ำแตก	หลั่ง	หลั่งน้ำกาม	หลั่งน้ำอสุจิ	หลั่งอสุจิ
อย่างเลวร้าย	อย่างแย่มาก	แย่มาก
พอใช้ได้	อย่างยอมรับได้
ขยายพันธุ์	ทำให้ขยายพันธุ์	ทำให้แพร่พันธุ์	แพร่พันธุ์
ออกผล	ออกลูก	ให้ผล
คลอด	คลอดลูก	มีพระประสูติการ	เกิด	เกิดลูก	ให้กำเนิด
คลอด	คลอดบุตร	คลอดลูก
คลอดลูกแฝด	เกิดลูกแฝด	ให้กำเนิดลูกแฝด
ออกลูก	ให้ลูก
ออกลูก	ออกลูกแมว
การขึ้นเครื่อง	การขึ้นเครื่องบิน
ตกลูก	ออกลูก	ออกลูกหมู
ตั้งครรภ์	ท้อง	ป่อง	มีครรภ์	มีท้อง	อุ้มท้อง
มาก	มากมาย
ที่แกะฝังในเนื้อ	ที่แกะสลัก
ทำแท้ง	รีดลูก	รีดเด็ก	เอาเด็กออก	แท้ง
การหนีออกจาก	การแหกคุก
กก	กกไข่	ฟัก	ฟักไข่
การอพยพหมู่	ฮิจเราะห์
ตอนหลัง	ในภายหลัง
ทันทีทันใด	ในทันที
ผ่าตัดด้วยเครื่องเจาะกะโหลก	ผ่าตัดเจาะกะโหลก
มีประจำเดือน	มีรอบเดือน	มีระดู	มีเมนส์
ด้วยความจงใจ	อย่างจงใจ	โดยตั้งใจ	โดยเจตนา	โดยได้พิจารณาถี่ถ้วนแล้ว
โดยไม่ได้ตั้งใจ	โดยไ่ม่ได้ตั้งใจ
ฉะนั้น	ตามที่
การบันทึกสถิติ	บันทึกสถิติ	สถิติ	เรคอร์ด
อย่างมีทางเลือก	อีกทางหนึ่ง
สถิตินักวิ่ง	สถิติวิ่ง
บันทึกที่สุดในโลก	สถิติกินเนสบุ๊ค
การประสบชัยชนะ	การได้รับชัยชนะ
จับเส้น	นวด	บีบ	บีบนวด
ทำให้บาดเจ็บ	ทำให้ปวด	ทำให้เจ็บ
ดี	ที่ดี
ทำให้ป่วย	ทำให้ไม่สบาย
ขณะที่	ขณะนั้น
ทนทุกข์	ปวด	เจ็บ
การพิชิต	การเป็นผู้พิชิต
หน่วยกิต	หน่วยกิตรายวิชา
ครางเบาๆ	คร่ำครวญ
จิตใจเลื่อนลอย	อย่างเลื่อนลอย	อย่างใจลอย
ทรงกันแสง	ทรงพระกันแสง	น้ำหูน้ำตาไหล	ร้องห่มร้องไห้	ร้องไห้	หลั่งน้ำตา
อย่างซาบซึ้งใจ	อย่างตื้นตันใจ	อย่างสะเทือนใจ
ปล่อยโฮ	ร่ำไห้	ร้องไห้โฮ
น้ำตาคลอ	น้ำตาคลอหน่วย	น้ำตาคลอเบ้า	น้ำตาไหล
ข้างหน้า	ตรงไป
ร้องไห้สะอึกสะอื้น	สะอื้นไห้
เหงื่อซึม	เหงื่อออก	เหงื่อแตก	เหงื่อไหล	เหงื่อไหลไคลย้อย
การยอม	การยอมแพ้
ซึม	ซึมออกมา	ไหลซึม	ไหลซึมออก
ไป	ไปยัง
ท่วม	โชก
ทำร้าย	ทำให้ร่างกายบาดเจ็บ	ทำให้เกิดบาดแผล
การทำให้เอียง	การเอียง
กระทืบ	ตื้บ	ทืบ
ตามอำเภอใจ	อย่างสุ่ม	อย่างสุ่มเดา
ทำให้ป่วย	ทำให้เจ็บป่วย	ทำให้ไม่สบาย
ทรมาน	ทำให้ทนทุกข์ทรมาน
ฉี่	ถ่ายปัสสาวะ	ถ่ายเบา	ปัสสาวะ	ยิงกระต่าย	เด็ดดอกไม้	เยี่ยว
ฉี่	ถ่ายปัสสาวะ	ปัสสาวะ
ฉี่	ถ่ายปัสสาวะ	ปัสสาวะ
ขับ	ขับของเสีย	ขับถ่าย
จวนเจียน	เกือบ
ดูด	ดูดออก
ถ่ายท้อง	ระบาย
ส่วนใหญ่	เป็นหลัก
ขับถ่าย	ขี้	ถ่าย	ถ่ายทุกข์	ถ่ายท้อง	ถ่ายหนัก	ถ่ายอุจจาระ	ปลดทุกข์	อึ	อุจจาระ
การมองข้าม	การละเลย	การไม่สังเกต
ทางธรรมชาติ	เป็นธรรมชาติ
ท้องผูกมาก	ท้องผูกรุนแรง
การทำผิดพลาด	ความผิดที่น่าอับอาย
ตกเลือด	เลือดตกยางออก	เลือดออก	เลือดไหล
เหนื่อย	เหน็ดเหนื่อย
กะปลกกะเปลี้ย	หมดกำลัง	หมดพลัง	หมดเรี่ยวหมดแรง	หมดเรี่ยวแรง	หมดแรง	อ่อนล้า	อ่อนเปลี้ย	เหนื่อยล้า
เหนื่อยกายเหนื่อยใจ	เหนื่อยทั้งกายและใจ
กรอบ	ล้า	เหนื่อยล้ามาก
เซ็ง	เบื่อ	เบื่อหน่าย
คายออก	ราก	รากแตก	อาเจียน	อ้วก
ปล่อยออก	พ่น
คลื่นเหียน	คลื่นไส้
ขาดอากาศหายใจ	หายใจไม่ออก
การติดเชื้อ	การติดโรค	การรับเชื้อ	การได้รับเชื้อ
ป่วย	ไม่สบาย
บำบัด	รักษา	เยียวยา	ให้การรักษา
การซื้อคืน	การไถ่ถอน
การซื้อขาย	เทรดดิ้ง
การซื้อขายหลักทรัพย์	การซื้อขายหุ้น
พ่นเข้าไป	รักษาโดยการพ่นเข้าร่างกาย
ดีท็อกซ์	ล้างพิษ
ข้างต้น	ด้านบน
ต่ำกว่า	ใต้
ข้างบน	เหนือ
ตรวจโรคสัตว์	รักษาสัตว์
อย่างดูถูก	อย่างดูถูกเหยียดหยาม	อย่างหยาบคาย
พยาบาล	รักษาพยาบาล
อย่างบ้าคลั่ง	อย่างวิกลจริต
นวด	รักษาด้วยการนวด	รักษาด้วยมือ
ซึ่งกลัวคนต่างชาติ	ซึ่งหวาดกลัวชาวต่างชาติ
ทุกสัปดาห์	ทุกอาทิตย์	รายสัปดาห์
ทุกปี	รายปี
การจับจ่าย	การช็อปปิ้ง
ซอกแซก	อย่างอยากรู้อยากเห็น
อย่างหลอกลวง	ในทางที่ผิด
ทำให้ดีขึ้น	บรรเทา
พันผ้าพันแผล	รักษาแผล
อย่างงุนงง	อย่างมึนงง
พอก	พอกยา
ผูก	พัน	พันผ้าก็อต	พันผ้าพันแผล	พันแผล	มัด
ผูก	มัด	รัด
พันผ้ายืด	รัดข้อด้วยแถบผ้า
เข้าเฝือก	ใส่เฝือก
อย่างอาศัยการสังเกต	เชิงประจักษ์
เป็นพิเศษ	โดยเฉพาะอย่างยิ่ง
รักษาด้วยยา	ใช้ยารักษา	ให้ยารักษา
ใช้ยา	ให้ยา
อย่างยุ่งยาก	อย่างสลับซับซ้อน
โด๊ป	โด๊ปยา	ใช้สารกระุตุ้น
เสพยาเกินขนาด	ใช้ยาเกินขนาด	ได้รับยาเกินขนาด
ให้ยาเสพย์ติด	ให้สารเสพย์ติด	ให้สิ่งเสพย์ติด
อย่างขบขัน	อย่างทะลึ่ง
อย่างรวดเร็ว	โดยด่วน
การอายัด	การอายัดทรัพย์สิน
ทายา	ทายาทาแผล	ทาแผล	ใช้ยาทาแผล
อย่างเด็ดขาด	อย่างไม่มีเงื่อนไข
ชั่วนิจนิรันดร์	ตลอดกาล	ตลอดไป	โดยตลอดไป
ซีด	ซีดจาง	ซีดเซียว	ซูบซีด
ทำให้ป่วย	ทำให้ไม่สบาย
วางยา	วางยาพิษ	วางยาเบื่อ	เบื่อ	ให้กินยาพิษ
การจับกุม	การยึดทรัพย์
ทำให้มึนเมา	มีฤทธิ์
ตามอำเภอใจ	อย่างทันควัน	อย่างทันทีทันควัน
การจับกุม	การลากคอเข้าคุก
การพิชิต	การเอาชนะ
อย่างสูง	เป็นอย่างยิ่ง
ติดเชื้อ	ติดโรค
ทำให้ตกใจ	ทำให้บาดเจ็บ
อย่างอันตราย	อย่างอันตรายร้ายแรง	อย่างเป็นอันตราย
ช็อต	ใช้ไฟช็อต
ทำให้พิการ	เสียหายรุนแรง
ทำให้กุด	ทำให้ขาด	ทำให้ด้วน
บิด	หัก	แพลง
ขัด	ยอก	เคล็ด
ทำให้ขาเป๋	ทำให้เป็นง่อย
การกวาดทุ่นระเบิด	การกวาดเก็บทุ่นระเบิด	การเก็บกู้ทุ่นระเบิด
ต่ำทราม	เสื่อมโทรม
พักฟื้น	ฟักฟื้น
ฟื้นตัว	ฟื้นไข้
อย่างน่าตำหนิ	อย่างน่าเสียใจ	อย่างแย่
อ่อนกำลัง	อ่อนแรง
มีร่างกายอ่อนแอ	อ่อนแอทางร่างกาย
ขยาย	โต
งอกขน	มีขนขึ้น	มีขนงอก
ขึ้น	งอก
ขึ้นใหม่	งอกใหม่	สร้างใหม่
การทำให้เป็นอิสระ	การปลดปล่อย
ออกหน่อ	เกิดเป็นหน่อ	แตกหน่อ
ผลิใบ	ออกใบ	แตกใบ
การช่วยนักโทษแหกคุก	การแหกคุก
ฟันขึ้น	ฟันงอก	ฟันน้ำนมขึ้น
กลายเป็นดักแด้	เปลี่ยนเป็นดักแด้	เป็นดักแด้
ซึ่งชีพจรไม่เต้น	ซึ่งไม่หายใจ
มากขึ้น	เพิ่มขึ้น
กลัดหนอง	เป็นหนอง
จำกัดพื้นที่	จำกัดวง
กลายเป็นเนื้อตาย	เป็นเนื้อตาย
ทำให้สดชื่น	ฟื้นฟู	ให้พลัง
กระชุ่มกระชวยอีกครั้ง	กระปรี้กระเปร่าอีกครั้ง	กลับมาเป็นหนุ่มอีกครั้ง
ทำให้เกิดใหม่	สร้างใหม่	เกิดใหม่
ทำให้ฟื้น	ทำให้รู้สึกตัว
ชุบชีวิต	ทำให้คืนชีพ
การบริการ	การให้บริการ
คืนชีพ	ฟื้นคืนชีพ
ตกสะเก็ด	เป็นสะเก็ดแผล
ปลูกผิวหนัง	มีผิวหนังขึ้นใหม่
หาย	หายดี	เป็นปกติ
การแสดงซ้ำ	อังกอร์
สลบ	หมดแรง
ทำกายบริหาร	บริหารร่างกาย	ออกกำลังกาย	เอ็กเซอร์ไซส์
การเล่นกล	การแสดงมายากล	มายากล
ซ้อม	ฝึก	ฝึกซ้อม	เทรน
สาย	อย่างล่าช้า
หมุน	หมุนตัว
ทำกายบริหาร	ทำให้เอ็กเซอร์ไซส์	บริหารร่างกาย
วอร์ม	วอร์มอัพ	อบอุ่นร่างกาย
การบรรเลงดนตรี	การเล่นดนตรี	การเล่นเครื่องดนตรี
ทำให้แข็งแกร่ง	ทำให้แข็งแรง
เหยียด	เหยียดออก
ตด	ผายลม
ขาก	ถุย	ถ่ม	บ้วน
บ้วน	พ่น
การเล่นแจม	แจมเซสชั่น
อัตโนมัติกรรม	เครื่องจักรกล
ทำอันตราย	เป็นอันตราย
ก่อนอื่น	เป็นครั้งแรก
น้ำลายสอ	น้ำลายหก	น้ำลายไหล
น้ำลายยืด	น้ำลายไหลยืด
ตอนเริ่มต้น	ตอนแรก	ทีแรก	ที่จุดสตาร์ท
การปล่อยเรือ	การปล่อยเรือลงน้ำ
กลายเป็นสีแดง	หน้าแดง	เปลี่ยนเป็นสีแดง
การปล่อยจรวด	การยิงจรวด
หน้าซีด	หน้าซีดเผือด	หัวหด
การขับ	การผลักดัน
ที่มีความหมายเดียว	ที่มีหนึ่งความหมาย
ตากแดด	นอนอาบแดด	ผึ่งแดด	อาบแดด
อย่างมาก	อย่างมากที่สุด
การขว้าง	การปา	การเขวี้ยง
กระจาย	กระจายทั่วร่าง	กระจายไปตามส่วนต่างๆ
ขับ	ปล่อย
ทะเยอทะยานอย่างสูง	ที่มีความทะเยอทะยานสูง
ขับกลิ่น	ปล่อยกลิ่น
ทันที	อย่างรวดเร็ว
การจ่ายบอล	การผ่านบอล	การส่งบอล
การขว้างลูก	การขว้างลูกเบสบอล
หายใจไม่ออก	อึดอัด
หรอมแหรม	โหรงเหรง
สวมเสื้อคลุม	ใส่เสื้อคลุม
ทำตัวเหลวไหล	ทำตัวไร้สาระ
การขว้างอย่างรวดเร็ว	การขว้างเร็ว
ขับชน	ขับรถชน	ชน	พุ่งชน
น้ำหนักขึ้น	น้ำหนักเพิ่ม
อย่างน่าสังเกต	โดยผิดปกติ
เรียก	เรียกให้ตื่น
ดูเหมือนจะ	ดูเหมือนจะทำบางสิ่ง	เหมือนเริ่มจะ
ทำให้กระดูกหัก	หัก
กระดูกหัก	กระดูกแตก	หัก
หัก	แตก
ขึ้น	งอก
พลีกาย	มอบกาย	มอบเรือนร่าง	ยอม
กลายสภาพ	เปลี่ยน
อย่างถ่อมตน	อย่างเจียมตัว
กลางแจ้ง	ข้างนอก
อย่างเงียบขรึม	อย่างเงียบเชียบ
สดๆร้อนๆ	เมื่อเร็วๆนี้
การกด	การกดลง	การเคาะ
การคลิกเมาส์	เสียงกดปุ่ม
อีกครั้ง	ใหม่
ทำให้ป่าเถื่อน	ป่าเถื่อน
กลายเป็นคาราเมล	ทำให้เป็นคาราเมล	เปลี่ยนเป็นคาราเมล
ทำให้เป็นพิกเซล	เปลี่ยนเป็นพิกเซล
กลายเป็น	เปลี่ยน	แปลง
การกระชาก	การกระตุก
การดึง	การลาก
เปลี่ยนเป็นปุ๋ยอินทรีย์	เปลี่ยนเป็นฮิวมัส
ทำให้เป็นกริยา	เปลี่ยนเป็นกริยา
การยก	การยกขึ้น
กลายเป็นสปอร์	เปลี่ยนเป็นสปอร์
ทำให้เป็นนวนิยาย	เขียนเป็นนวนิยาย	เปลี่ยนเป็นนวนิยาย
ด้วยส่วนรวม	ด้วยแผนส่วนรวม
เกิน	เกินไป
หลังจากนั้น	แล้วก็
การขาก	การถุยน้ำลาย	การถ่มน้ำลาย	การบ้วนน้ำลาย
การอวก	การอาเจียน
การอาเจียนเป็นเลือด	การอาเจียนเป็นโลหิต
การกระโจน	การกระโดด
กลายพันธุ์	ผ่าเหล่า	ผ่าเหล่าผ่ากอ
ฟอกเลือด	ฟอกโลหิต
ที่ไม่ทราบชื่อ	นิรนาม
อยู่ชานเมือง	อยู่นอกเมือง
มวน	ม้วน
มวน	ม้วน
ล้าน	โกร๋น	โล้น
ทำให้เปลี่ยน	ทำให้เปลี่ยนแปลง	เปลี่ยน	เปลี่ยนแปลง
การเล่นตำแหน่งผู้รับลูก	การเล่นตำแหน่งแคตเชอร์
การตีกอล์ฟ	การเล่นกอล์ฟ
ก่อน	เก่า
การเล่นตำแหน่งผู้ขว้างลูก	การเล่นตำแหน่งพิตเชอร์
การทำดีที่สุด	ผลดีที่สุด
การทำแย่ที่สุด	ผลแย่ที่สุด
ราวกับใช้เวทย์มนตร์	อย่างกับเนรมิต
อย่างมืออาชีพ	อย่างมือโปร
การโหม่ง	การโหม่งลูก
อย่างกับนรก	อย่างระยำ
การตบด้วยหลังมือ	การแบ็กแฮนด์
การฟาดด้วยกระดาน	การฟาดด้วยแผ่นกระดาน
การหวดแส้	การเฆี่ยน	การเฆี่ยนด้วยแส้
การชก	การต่อย
กลายเป็นด่าง	เป็นด่าง
การทิ่ม	การแทง
การชกตอบ	การชกสวน	การชกโต้กลับ
การชกหมัดฮุค	การใช้หมัดฮุค	หมัดฮุค
การแย็บ	การใช้หมัดแย็บ
ทิ้ง	ปล่อย
มีผล	มีผลกระทบ	ส่งผล	ส่งผลกระทบ
การเตะฟรีคิก	การเตะลูกฟรีคิก	การเตะลูกโทษ	ฟรีคิก	ลูกโทษ
ตามขวาง	ในแนวทแยง
การจุมพิต	การจูบ
น่าจะ	อย่างเป็นไปได้
กลับตาลปัตร	พลิกสถานการณ์
อย่างเหมาะสม	อย่างเหมาะเจาะ
เล่นแร่แปรธาตุ	แปรธาตุ
อย่างไม่เป็นธรรมชาติ	อย่างไม่เป็นธรรมชาิติ	โดยไม่เป็นธรรมชาติ
การชันสูตร	การชันสูตรพลิกศพ
การตรวจ	การตรวจจับ
ทำให้เป็นรูปร่าง	ฟอร์ม
การตรวจร่างกาย	การตรวจสุขภาพ
มวน	ม้วน
ทำให้กระจ่าง	ทำให้ตกผลึก
ทำเป็นเกลียว	บิดเป็นเกลียว
ประเดี๋ยว	สักครู่
ฟอร์ม	เป็นรูป
ทำให้เปลี่ยนสภาพ	เปลี่ยนสภาพ
ทุกเวลา	ในเวลาใดก็ตาม
ซึ่งไม่มีแขน	ซึ่งไร้แขน	ไม่มีแขน
ตกหลุมรัก	หลงรัก
การคลายเชือก	การแก้เชือก
เหนือสิ่งอื่นใด	โดยเฉพาะอย่างยิ่ง
ตามรอยเท้า	ทำตาม	เอาอย่าง
การตรวจค้น	การตรวจหา
กำหนดสัดส่วน	ทำให้ได้สัดส่วน
ลดน้อยลง	ลดลง
เป็นใบ้	ใบ้
หด	หดหาย
ลดจำนวน	ลดจำนวนลง	หดหาย
หายไป	อันตรธาน
ทำให้เพิ่ม	เพิ่ม
การตรวจวินิจฉัยก่อนคลอด	การวินิจฉัยก่อนคลอด
พยานเอกสาร	เอกสารหลักฐาน
อย่างที่อ้าง	โดยทึกทัก
อย่างผิดกฎหมาย	อย่างไร้กฎหมาย
ดิ่งลงอย่างหนัก	ดิ่งเหว	หล่นวูบ
การปฏิเสธ	การหักล้าง
ขึ้นสู่	ขึ้นอันดับ
โดยทั่วไป	โดยปกติ	โดยส่วนใหญ่
พุ่งขึ้น	พุ่งพรวด
อนึ่ง	อีกประการหนึ่ง
ยอบแยบ	หมดแรง
ไม่ว่าจะขึ้นเขาลงห้วย	ไม่ว่าจะเกิดอะไรขึ้น	ไม่ว่าอะไรจะเกิดขึ้น
เพิ่มขึ้นจนไม่อาจควบคุม	เพิ่มขึ้นโดยไม่อาจควบคุม
กว้างขึ้น	ขยาย	โตขึ้น	ใหญ่ขึ้น
ทั้งหมด	เป็นคนแรกและคนสุดท้าย
รวบรวม	สะสม
ทำให้ต่างกัน	ทำให้ไม่เหมือนกัน
ผลักเสียง	มีเสียงต่างกัน
ส่วนใหญ่	อย่างมากกว่า
เปลี่ยน	แลกเปลี่ยน
การคัดตัว	การคัดตัวนักแสดง	การคัดเลือกนักแสดง	แคสติ้ง
การเลือกใช้สี	การใช้สี
การสุ่มตัวอย่าง	การเลือกตัวอย่าง	การแซมปลิง
การสุ่มกลุ่มตัวอย่าง	การสุ่มตัวอย่าง
อย่างตำหนิติเตียน	อย่างติเตียน
การกลับลำ	การเปลี่ยนนโยบาย
เมือถึงเวลา	เมื่อถึงเวลา
การเดิน	การเดินหมาก
การจอด	การจอดรถ
อย่างบึ้งตึง	อย่างบ้าคลั่ง
การย้าย	การย้ายที่อยู่
ขึ้นกล้อง	ซึ่งถ่ายรูปขึ้น
การเปลี่ยนเกียร์ต่ำ	การเปลี่ยนเป็นเกียร์ต่ำ
ที่ขาดเสน่ห์	ที่ไม่มีเสน่ห์
เปลี่ยนชุด	เปลี่ยนเสื้อผ้า
เปลียนแปลงขนาด	เปลี่ยนขนาด
ดัดแปลง	แปลง
ตรงข้าม	ในทางตรงกันข้าม
ใส่ครีมเทียม	ใส่คอฟฟี่เมต
มรรค	วิถีทาง	วิธี
ปลดจากตำแหน่ง	เอาออก
อย่างกล้าหาญ	อย่างห้าวหาญ
ตั้งครรภ์	อุ้มท้อง
ด้วยความอดกลั้น	อย่างอดทน
ทาง	วิถี	เส้นทาง
ซูเปอร์โซนิค	อุลตราโซนิค
อย่างเฉพาะ	อย่างเป็นหนึ่งเดียว
อย่างตรงกันข้าม	อย่างสลับกัน
ครั้งแรก	ครั้งแล้วครั้งเล่า
ถอด	เปลื้อง
ตัดออก	เอาออก
กระบวนการทดลอง	วิธีการทดลอง
อย่างระมัดระวัง	อย่างละเอียดถี่ถ้วน
กวาดออก	กวาดเศษออก
การสนับสนุน	การได้รับความเห็นชอบ
การสวมกอดอย่างรักใคร่	ความรักแนบแน่น
อย่างกระฉับกระเฉง	อย่างแรง
การคัดเลือก	การเลือกตั้ง
อย่างดีเยี่ยม	อย่างหรูหรา	อย่างโอ่อ่า
ทำให้เพิ่ม	เพิ่ม
อย่างเกรงใจ	อย่างเห็นอกเห็นใจ
ซึ่งใช้คน	ซึ่งใช้แรงงาน
อย่างน่ามหัศจรรย์	อย่างมหัศจรรย์	อย่างมาก	อย่างยอดเยี่ยม	อย่างโดดเด่น
การลงคะแนนเสียง	การโหวต
จริงอยู่	โดยเปิดเผย
ด้วยความสามารถ	อย่างมีความสามารถ	อย่างสามารถ
ซึ่งซื้อได้	ซึ่งหาซื้อได้
การผ่าท้องคลอด	การผ่าท้องทำคลอด
อย่างวิตกกังวล	อย่างหวั่นเกรง
การทำคะแนน	การทำสกอร์	การทำแต้ม
การทำประตู	การยิงประตู
ด้วยความฉลาด	อย่างฉลาด
การทำเข้าประตูตัวเอง	การยิงเข้าประตูตัวเอง
สอด	เสียบ
อย่างทุ่มเท	อย่างฟุ่มเฟือย
การทำสไตรก์	สไตรก์
หลับ	หลับไหล
ง่วงนอน	ง่วงหงาวหาวนอน
คะแนนบาสเกตบอล	แต้ม
การทำแฮตทริก	แฮตทริก
การทำให้เปลี่ยนแปลง	การเปลี่ยนแปลง
การกรองผ่านฟิลเตอร์	การผ่านเครื่องกรอง
อย่างงดงาม	อย่างสง่างาม
การทำให้เป็นหน่วยเมตริก	การเปลี่ยนเป็นหน่วยเมตริก
ทำให้เตียน	ทำให้เตียนโล่ง
อย่างยั่วเย้า	อย่างเชื้อเชิญ
ตัดไม้	ตัดไม้ทำลายป่า	ถากถางป่า	ถากถางพื้นที่
อย่างถูกต้อง	อย่างเหมาะสม
ด้วยความตั้งใจ	อย่างตั้งอกตั้งใจ	อย่างตั้งใจ
อย่างน่าประหลาดใจ	อย่างมหาศาล	อย่างมหึมา	อย่างมโหฬาร
อย่างมีน้ำใจ	อย่างเอื้อเฟื้อเผื่อแผ่	อย่างโอบอ้อมอารี
น.	นาฬิกา	โมง
เลาะกระดูกออก	เอากระดูกออก	เอาก้างออก
ข้างหลัง	หลัง
ควักเครื่องใน	คว้านไส้พุง
การลดขั้น	การลดชั้น
อย่างดื้อ	อย่างดื้อดึง	อย่างดื้อรั้น	อย่างหัวแข็ง
การเปลี่ยนสภาพ	การเปลี่ยนแปลงสภาพ
ที่ตามมา	ที่ตามหลัง
ตรวจแก้	อีดิต
อย่างโหดเหี้ยม	อย่างใจร้าย
อย่างโง่เขลา	อย่างโง่ๆ
อย่างเข้าใจง่าย	อย่างเป็นที่เข้าใจได้
ใช้มากเกิน	ใช้ในทางผิด
ถูก	ถูกต้อง	อย่างถูกต้อง
เสื่อมถอย	แย่ลง
อย่างชอบธรรม	อย่างถูกต้อง
การละทิ้ง	การไม่ยอมรับ
ซื้อง่ายขายคล่อง	ไปได้สวย
ทำให้ดีขึ้น	ปรับปรุง
ยกระดับ	อัปเกรด
การตัดออกจากกลุ่ม	บัพพาชนียกรรม
อย่างหนีไม่พ้น	อย่างหลีกเลี่ยงไม่ได้
อย่างหมดหนทาง	โดยไม่ให้ความช่วยเหลือ
การปลดออกจากตำแหน่ง	การล้มราชบัลลังก์
อย่างหน้า่ด้าน	อย่างไร้ยางอาย
อย่างน่าตื่นตาตื่นใจ	อย่างวิเศษ
อย่างปกติ	อย่างเป็นประจำวัน
ซึ่งมีศีรษะล้าน	หัวล้าน	หัวโกร๋น	หัวโล้น
ล้าน	หัวล้าน
การจบ	การลงเอย	การเสร็จสมบูรณ์
การจบการศึกษา	การสำเร็จการศึกษา	การเรียนจบ
ขนดก	ซึ่งมีขนและผมรุงรัง
การปลดเกษียณ	การพ้นจากตำแหน่งหน้าที่	การเกษียณอายุ
อย่างคาดไม่ถึง	อย่างน่าประหลาดใจ	อย่างน่าพิศวง
แช่น้ำร้อน	แช่ในน้ำร้อน
ทำอาหารกระป๋อง	ทำเป็นอาหารกระป๋อง
อย่างมีกำไร	อย่างมีผลผลิต	อย่างอุดมสมบูรณ์
อย่างเปล่าประโยชน์	โดยเปล่าประโยชน์
อย่างชำนาญ	อย่างชำนิชำนาญ
การแยก	การแยกตัว
การพ้นสภาพพนักงาน	การไล่ออก
จุ่ม	แช่
อย่างหงุดหงิด	อย่างเจ้าอารมณ์	อย่างโกรธ
การทำลายล้าง	การทำให้พังพินาศ
ท่วม	น้ำท่วม
นอง	ไหลนอง
อย่างเป็นมงคล	โดยเป็นมงคล
งาม	สวย
การฆ่า	การฆ่าสัตว์ตัดชีวิต	การทำให้ตาย
อย่างน่ายินดี	อย่างเพลิดเพลิน
อย่างร่าเริงสดใส	อย่างอารมณ์ดี
เกรียม	แห้งกรอบ	แห้งเกรียม
อย่างจริงใจ	อย่างอบอุ่น
การฆ่าคน	การฆ่ามนุษย์
อย่างมีอัธยาศัยดี	อย่างมีไมตรีจิต	อย่างอ่อนโยน
อย่างคลุมเครือ	อย่างมีความหมายกำกวม
อย่างไม่คลุมเครือ	อย่างไม่คลุมเคลือ
การฆาตกรรม	ฆาตกรรม
อย่างเป็นพิธีกรรม	โดยเป็นพิธีกรรม
ขี้ริ้วขี้เหร่	ขี้เหร่	น่าเกลียด	อัปลักษณ์
การลอบฆ่า	การลอบสังหาร
การฆาตกรรมโดยการจ้างวาน	การจ้างวานฆ่า
อย่างกว้างๆ	โดยทั่วไป
การฆาตกรรมบุพการี	การฆ่าพ่อแม่
การฆาตกรรมสามี	การฆ่าผัว
การฆาตกรรมภรรยา	การฆ่าเมีย
การฆาตกรรมบุตรธิดา	การฆ่าลูก
การฆ่าตัวตาย	อัตวินิบาตกรรม
สนับสนุน	แสดงให้เห็นอย่างมีเหตุผล
การคว้านท้อง	การทำฮาราคีรี	การฮาราคีรี
อย่างน่าเชื่อถือ	อย่างเชื่อถือได้
การกำจัดคู่แข่ง	การเก็บคู่แข่ง
การฆาตกรรมหมู่	การฆ่าฟัน	การสังหารหมู่
การฆ่าฟันอย่างบ้าคลั่ง	การนองเลือด	การสังหารหมู่อย่างป่าเถื่อน
การประชาทัณฑ์	การรุมประชาทัณฑ์	การลงประชาทัณฑ์
การวางยา	การวางยาพิษ	การวางยาเบื่อ
ชั่วกัลปาวสาน	อย่างไม่จบสิ้น
การปลงพระชนม์	การลอบปลงพระชนม์
อย่างยินดีปรีดา	อย่างเบิกบาน
การนั่งเก้าอี้ไฟฟ้า	การประหารชีวิตด้วยเก้าอี้ไฟฟ้า
เต็มไปด้วยเลือด	เปื้อนเลือด
การตัดศีรษะ	การตัดหัว
ทดน้ำ	มีระบบชลประทาน
อย่างไร้ประสิทธิภาพ	ไม่ชำนาญ
ฉีด	ฉีดสายยาง	ใช้สายยางฉีด
ประพรม	พรม	พรมน้ำ	สุหร่าย
การเลิกยา	การเลิกเสพยา
การเลิกเสพยาอย่างเด็ดขาด	การเลิกเสพอย่างเด็ดขาด
อย่างรักใคร่	อย่างแสดงความรัก
การจบ	การปิด
การปลดลูกจ้าง	การลอยแพลูกจ้าง	การเลิกจ้าง
การดับเพลิง	การดับไฟ
บ๊วย	สุดท้าย
การทำให้ค่อยๆเลือน	การเลื่อนหายไป
การแท้งเป็นนิสัย	ภาวะแท้งเป็นอาจิณ
เติบโต	โต
การแท้งคุกคาม	ภาวะแท้งคุกคาม
ขยายอย่างรวดเร็ว	ผุดเป็นดอกเห็ด
อย่างกระชับ	อย่างห้วนๆ
งอก	เจริญเติบโต	โต
ด้วยความสมัครใจ	โดยสมัครใจ
ด้วยความไม่เต็มใจ	อย่างไม่เต็มใจ
ซึ่งมีสุขภาพดีขี้น	ซึ่งสุขภาพดีขึ้น
อย่างคลุมเครือ	อย่างมัวๆ
การดำเนินนโยบายเป็นกลาง	ความเป็นกลางทางการเมือง
การเปิดฉาก	การเริ่มต้น
อย่างดื้อดึง	อย่างเหนียวแน่น
ที่มีใบหน้ายาว	หน้า่ยาว
อย่างมีประสิทธิภาพ	อย่างรวดเร็วทันใจ
การก่อตั้ง	การจัดตั้ง
ที่มีหลายด้าน	หลายด้าน
อย่างไม่ตั้งใจ	อย่างไม่เจตนา
อย่างปราศจากความรู้สึก	อย่างใจดำ
ด้วยเหตุผล	อย่างชอบด้วยเหตุผล
ที่มีแปดด้าน	แปดเหลี่ยม
ก้าวแรก	ขั้นแรก
การเริ่มก่อสร้างบ้าน	การเริ่มสร้างบ้าน
การก่อตั้ง	การเริ่มต้น
ในสิ่งนั้น	ในสิ่งนี้
อย่างลำเอียง	อย่างไม่ซื่อตรง
อย่างรุนแรง	อย่างเข้มงวด
การเขี่ยลูก	คิกออฟ
อย่างคาดเดา	โดยเก็งกำไร
การเริ่มต้นใหม่	การเริ่มใหม่
อย่างหนักใจ	อย่างหน้าบึ้ง	อย่างเคร่งขรึม
การกระตุ้น	การเร้า
การเปิดฉาก	การเปิดม่าน
ตัดทอน	ย่อ	ย่อความ
การทำอาหาร	การประกอบอาหาร
ใต้ตีน	ใต้เท้า
ซา	ลดความรุนแรง
อย่างดุร้าย	อย่างรุนแรง
การปิ้ง	การย่าง
อายุมากขึ้น	แก่ขึ้น
การปรุงรส	การใส่เครื่องปรุงรส
ต่อปี	ในแต่ละปี
ก่อนเที่ยง	ช่วงเช้า
โดยชอบด้วยกฎหมาย	โดยชอบด้วยกฏหมาย
การกวาดด้วยไม้กวาด	การกวาดบ้าน
เข้าสู่วัยรุ่น	เป็นวัยรุ่น	เป็นเด็กวัยรุ่น
นุ่ม	อ่อนนุ่ม
การล้างจาน	การล้างถ้วยชาม
การทำไฮไลท์	การทำไฮไลท์ผม
ป่อง	ป่องออก
การสางผม	การหวีผม
การสระ	การสระผม	การสระผมด้วยแชมพู
การดูแลผม	การดูแลรักษาผม	การดูแลเส้นผม	การทำผม
การอาบน้ำในอ่าง	การอาบในอ่าง
การถูตัวด้วยฟองน้ำ	การใช้ฟองน้ำถูตัว
ลึกถึงเข่า	ลึกระดับเข่า
ทำความเสียหาย	ทำให้เสียหาย
ลึกระดับอก	สูงเทียมอก
แรกพบ	แรกเจอ	แรกเห็น
ซ่อม	ซ่อมแซม
ในจำนวนมหาศาล	ในจำนวนมาก
อย่างมีรสนิยม	อย่างมีสุนทรีย์
อย่างทุกข์ทรมาน	อย่างเจ็บปวดทรมาน
การทำให้สวย	การเสริมสวย
ด้วยความทะเยอทะยาน	อย่างแน่วแน่
การตกแต่ง	การตบแต่ง
ที่มีศีรษะกลม	ที่มีศีรษะสั้น
กล้า	กล้าหาญ	หาญ
ทำให้เกิดตำหนิ	ทำให้เกิดรอยตำหนิ	ทำให้เป็นรอย
การตกแต่งด้วยกระจกสี	การตกแต่งด้วยกระเบื้องโมเสก
ไกล	ไกลบ้านไกลช่อง
บวมปูด	พุงกาง
การทำเครื่องหมาย	การมาร์คเครื่องหมาย
การขีดเส้น	การขีดเส้นใต้
ใจสิงห์	ใจเพชร
การกรอง	การทำให้ชัด
น่าสังเวช	อย่างไม่มีความหวัง
เพิ่มเกินปกติ	โก่ง
ตามอัตภาพ	พอสมควร
แบนแฟบ	แฟบ
ขลาด	ขี้กลัว	ขี้ขลาด
อย่างน่ารัก	อย่างน่าเอ็นดู
ขวัญหนีดีฝ่อ	ขี้ตกใจ	ขี้ตื่น
การซ่อม	การซ่อมแซม
เปลี่ยนเป็นไอออน	ไอโอไนซ์
การดูแลรักษา	การบำรุงรักษา
ด้วยอารมณ์รัก	ด้วยอารมณ์รักระคนใคร่
อย่างคุยโว	อย่างโอ้อวด
มีนามแฝงว่า	เป็นที่รู้จักในชื่อ	โดยมีนามแฝงว่า
ทำให้มั่นคง	ทำให้เสถียร
การจอง	การจ้างนักแสดง
คงค่าเงิน	คงราคาสินค้า	ตรึงค่าเงิน	ตรึงราคาสินค้า
การลดค่า	การเสื่อมลง
ด้วยความซาบซึ้งใจ	อย่างขอบคุณ
อย่างฉลาด	อย่างฉลาดหลักแหลม	อย่างเฉลียวฉลาด
ตามขวาง	ทางขวาง
ทำให้คุ้นเคย	ทำให้ชิน
การทำให้เปลี่ยนสี	การเปลี่ยนสี
เหมาะกับเวลา	เหมาะแก่เวลา
การทำสีอ่อน	การเปลี่ยนเป็นสีอ่อน
อย่างมีจริตจะก้าน	อย่างเจ้าเล่ห์
กัด	ทำให้กร่อน
อย่างเปิดเผย	อย่างไม่มีเล่ห์เหลี่ยม
การทำสีคล้ำ	การเปลี่ยนเป็นสีดำ
การทำสี	การเปลี่ยนสี
การทำสีผม	การย้อมผม	การย้อมสีผม
ข้างหลัง	ท้ายเรือ
การย้อม	การย้อมสี
การย้อมสีแกรม	การย้อมสีแบบแกรม	การย้อมแกรม
การตรึง	การทำให้คงสภาพ
ทำให้วุ่นวาย	ทำให้อลหม่าน
อย่างโลภ	อย่างโลภมาก
การแช่	การแช่น้ำ
การประพรม	การพรมน้ำ
อย่างย่อ	อย่างวิงวอน	อย่างอ้อนวอน
การบดเคี้ยว	การเคี้ยว
อย่างน่าจับใจ	อย่างมีเสน่ห์
จัดตามลำดับ	จัดเรียงตามอนุกรม
อย่างตรงไปตรงมา	อย่างไร้มารยาท
อย่างมากมาย	อย่างอุดมสมบูรณ์
กลายเป็นสีขาว	เปลี่ยนเป็นสีขาว
กลายเป็นสีคล้ำ	กลายเป็นสีดำ
การดูด	การเข้าใกล้
สีตก	เปลี่ยนสี
อย่างรอบคอบ	อย่างระแวดระวัง
ที่มีสีน้ำนมแวววาว	ที่มีแสงสะท้อนเหมือนโอปอล
ลวกๆ	อย่างมักง่าย	อย่างไม่ระมัดระวัง
กลายเป็นสีเงิน	เปลี่ยนเป็นสีเงิน
เรียบเงางาม	เหมือนผ้าไหม
ต่อเนื่องกัน	อย่างไม่รู้จบ	อย่างไม่รู้จักเลิก	อย่างไม่หยุดหย่อน
ย้อม	ย้อมสี
ไม่จบสิ้น	ไม่รู้จบ
ทึบ	ทึบแสง
ทำให้เกิดสี	ระบายสี	ลงสี
ในราคาประหยัด	ในราคาย่อมเยา
อย่างบริสุทธิ์ยุติธรรม	อย่างยุติธรรม
อย่างเสร็จสมบูรณ์	อย่างเสร็จสิ้นสมบูรณ์
ระบายสีด้วยมือ	ลงสีด้วยมือ
ระบายสีอ่อนๆ	เป็นสีจาง
ซึ่งเปิดกว้าง	ซึ่งเปิดความคิด	ซึ่งเปิดใจ
คับแคบ	ใจแคบ
ย้อมสองครั้ง	ย้อมสีสองครั้ง
ย้อมด้วยมือ	ย้อมสีด้วยมือ
ย้อมสีหลังทอ	ย้อมหลังทอ
กลายเป็นสีแดง	เปลี่ยนเป็นสีแดง
เป็นสีแดงระเรื่อ	แดงระเรื่อ
กลายเป็นสีม่วง	เป็นสีม่วง
กลายเป็นสีเทา	เปลี่ยนเป็นสีเทา
ด้วยความทรนง	อย่างทรนง
กลายเป็นสีเหลือง	เปลี่ยนเป็นสีเหลือง
อย่างกระฉับ	อย่างย่อ
การสวนสนาม	การเดินสวนสนาม	การเดินแถว
อย่างถากถาง	อย่างเสียดสี
ฉันพี่น้อง	แบบพี่น้อง
อย่างวางท่า	อย่างวางมาด	อย่างวางโต
อย่างรอบคอบ	อย่างระบุเฉพาะเจาะจง	อย่างระมัดระวัง
การท่องอวกาศ	การเดินท่องอวกาศ
ตกแต่ง	ทำให้สวยขึ้น
การลุยน้ำ	การเดินลุยน้ำ
ด้วยอารมณ์ฉุนเฉียว	อย่างอารมณ์เสีย	อย่างอารมณ์ไม่ดี
การเดินเที่ยว	การเดินเที่ยวชม
อย่างมีเล่ห์เหลี่ยม	อย่างเฉียบแหลม	อย่างแยบยล
ขี้เกียจ	ที่เกียจคร้าน
ผลิดอก	มีดอก	ออกดอก
ขี้เกียจ	เกียจคร้าน
การคลาน	การเลื้อย
อย่างเยือกเย็น	อย่างใจเย็น
อย่างเหลือเชื่อ	อย่างไม่น่าเชื่อ
ปรับ	ปรับเปลี่ยน	ปรับให้เหมาะสม
ที่คล้ายกระดูก	ที่เหมือนกระดูก
ที่ไม่มีกระดูก	ที่ไร้กระดูก
อย่างลี้ลับ	อย่างลึกลับ
การข้าม	การเดินทางข้าม
ตั้งนาฬิกา	ตั้งเวลา
ธุรกิจการท่องเที่ยว	ธุรกิจท่องเที่ยว
ธุรกิจการท่องเที่ยวเชิงนิเวศ	ธุรกิจการท่องเที่ยวเชิงอนุรักษ์
ตั้ง	เซต
ตั้งใหม่	รีเซต
อย่างหนาทึบ	อย่างแน่นหนา
บางที	อาจจะ
การเดินทางโดยเครื่องบิน	การโดยสารเครื่องบิน
อย่างประชดประชัน	อย่างเยาะเย้ย	อย่างเย้ยหยัน
อย่างกลุ้มใจ	อย่างสิ้นหวัง
ทำให้เชื่อง	ฝึกให้เชื่อง
ที่คำนวนไม่ได้	ที่ประเิมินค่าไม่ได้	ที่วัดค่าไม่ได้
ปรับสภาพ	ปรับให้เข้ากับสภาพแวดล้อม
อย่างติดเชื้อ	อย่างแพร่เชื้อได้ง่าย
อย่างถกเถียง	อย่างโต้แย้ง
ที่คลื่นลมสงบ	สงบ
การกระโดดร่ม	การดิ่งพสุธา
อย่างคนไม่เต็มเต็ง	อย่างสติไม่ดี
เหมือนคนตาย	เหมือนนคนตาย
ทำให้แคบ	แคบ
การนำเครื่องบินลงจอด	การนำเครื่องลงจอด
อย่างไม่เหมาะสม	โดยไม่เหมาะสม
การบินขึ้น	การเทคออฟ
อย่างน่าขยะแขยง	อย่างน่ารังเกียจ
การขับขี่	การขับรถ
อย่างแสดงให้เห็นได้	อย่างไม่ต้องสงสัย
อย่างชั่วร้าย	อย่างเลวร้าย	อย่างโหดร้าย
ปะทุ	เจ่อ	แตก
ระเบิด	แตก
อย่างน่าชิงชัง	อย่างสะอิดสะเอียน
อย่างเป็นอันตราย	อย่างเสียหาย
การล่าสัตว์	การเดินป่า
บูม	รุ่งเรือง	เติบโต
อย่างจริงใจ	อย่างเคร่ง
อย่างคล่องแคล่ว	อย่างชำนาญ
การท่องเที่ยว	ทัวร์
ด้วยแผนภาพ	ในลักษณะแผนภาพ
อย่างวางอำนาจ	อย่างเผด็จการ
การเดินทางท่องมหาสมุทร	การเดินทางท่องสมุทร
การเดินทางท่องสมุทรครั้งแรก	การเิิดินทางท่องมหาสมุทรครั้งแรก
อย่างทำให้เสียชื่อเสียง	อย่างน่าละอาย	อย่างน่าละอายใจ	อย่างน่าอาย
ซ่อนเร้น	ปกปิด
ปรับ	โฟกัส
อย่างซื่อสัตย์	เปิดเผย
อย่างตรงไปตรงมา	อย่างเปิดเผย
มีมูลค่าลดลง	ลดมูลค่า
อย่างชาญฉลาด	อย่างไม่จริงใจ
สั้นลง	หดสั้น
กว้างขวางขึ้น	กว้างขึ้น
การต้อนฝูงวัวควาย	การต้อนวัวควาย
การต้อนฝูงสัตว์	การต้อนสัตว์
กำหนดขนาดใหม่	วัดขนาดใหม่
ทอดจนเหลือง	ทอดให้เหลือง
ทำให้เป็นระบบฟิวดัล	เปลี่ยนเป็นระบบฟิวดัล
เข้าไมโครเวฟ	เวฟ	ใช้ไมโครเวฟ
การบรรจุกล่อง	การบรรจุหีบห่อ	การแพ็คของ
ซึ่งไม่มีก้าน	ซึ่งไร้ก้าน
ทำกับข้าว	ทำอาหาร	ประกอบอาหาร
ทางตะวันตก	ทางทิศตะวันตก
ตรงไปทางตะวันตก	ตรงไปทางทิศตะวันตก
จากตะวันตก	จากทิศตะวันตก
ตรงไปทางตะวันตก	ตรงไปทางทิศตะวันตก
อย่างร่าเริง	เต็มไปด้วยชีวิตชีวา
การเดินไต่ลวด	การไต่ลวด
การปีน	การไต่
อย่างปลาบปลื้ม	อย่างปลื้มปิติ
การปีนบันได	การไต่บันได
ทอดน้ำมันท่วม	ทอดแบบน้ำมันท่วม
การปีนเขา	การไต่เขา
การปีนเขา	กีฬาปีนเขา
การดิ่งตัว	การเคลื่อนต่ำลง
ปิ้ง	ย่าง
การทำให้เคลื่อนลง	การเคลื่อนลง
การสวิง	การแกว่ง
อย่างมีวาทศิลป์	อย่างสื่อความหมาย
การกลับคืน	การกลับมา	การหวนคืน
การสไลด์	การเลื่อน
การไหล	การไหลเป็นกระแส
การยกทัพ	การเคลื่อนกองทัพ
ตำ	ใช้ครกตำ
การขยับ	การเคลื่อนไหว
พอกัน	อย่างเท่าๆกัน
อย่างน่าจะให้อภัย	อย่างอภัยให้ได้	อย่างอภัยได้
การกลอกตา	การหมุนเป็นวงกลม
ทำให้แตกออก	ทำให้แยกออก
อย่างไม่แพง	โกโรโกโส	ไม่มีค่า
การสั่นศีรษะ	การสั่นหัว	การส่ายศีรษะ	การส่ายหัว
อย่างร่างเริง	อย่างร่าเริง
ฟาด	แตกกระจาย
อย่างผิดๆ	อย่างไม่ถูกต้อง
หัก	แตก	แตกร้าว	แตกหัก
อย่างตามอารมณ์	อย่างเพ้อฝัน
แตกเป็นชิ้นเล็กชิ้นน้อย	แตกแยกเป็นกลุ่มๆ
ประกาศยุบสภา	ยุบสภา
ด้วยความรู้สึกท่วมท้น	อย่างจริงใจ
อย่างฉูดฉาด	อย่างสะดุดตา	อย่างหรูหรา
อย่างไม่เอาจริงเอาจัง	อย่างไร้แก่นสาร
เกิดเป็นวัฏจักร	เป็นวงจร	เป็นวัฏจักร
อุบัติ	เกิดขึ้น
การนั่งยอง	การนั่งยองๆ
กล้ำกราย	เกิดขึ้นกับ
เริ่ม	เริ่มต้น
อย่างฉูดฉาด	อย่างฉูดฉาดไร้รสนิยม
การกลับรถ	การยูเทิร์น
การกระตุก	การเขย่า
การแกล้งทำเป็น	ความเอียง
การสะบัด	การโบก
การคร่อม	คร่อม
การเคลื่อนไหวเป็นสโตรก	สโตรก
อย่างงดงาม	อย่างดีเลิศ	อย่างสุกปลั่ง
ดึงดันแม้อาจเกิดปัญหา	ดึงดันแม้เกิดปัญาห
อย่างบิดเบี้ยว	อย่างพิสดาร
จบลงด้วย	ลงเอย
การตัดงบประมาณ	การลดงบประมาณ
การตัดเงินเดือน	การลดเงินเดือน
อย่างตามบุญตามกรรม	อย่างไม่เป็นระเบียบ
ตัดขาด	ตัดเยื่อใย
จนเป็นนิสัย	จบ
อย่างรีบเร่ง	อย่างเผ็ดร้อน
เหนื่อยสายตัวแทบขาด	เหนื่อยเจียนตาย	เหนื่อยแทบตาย
สิ้นสุด	สิ้นสุดลง
การบีบ	การบีบอัด	การอัด
งอกราก	รากงอก
อย่างแหบห้าว	อย่างแหบๆ
จบชีวิต	จากไป	ซี้	ดับ	ตาย	ถึงชีพิตักษัย	ถึงแก่กรรม	ถึงแก่พิราลัย	ถึงแก่อนิจกรรม	ถึงแก่อสัญกรรม	ทิวงคต	มรณภาพ	ล้ม	สวรรคต	สิ้นชีพ	สิ้นชีพิตักษัย	สิ้นพระชนม์	สิ้นลม	สิ้นใจ	เข้าโลง	เสด็จสวรรคต	เสียชีวิต
การทำให้สั้น	การลดความยาว
ซึ่งมีความใจบุญสุนทาน	ซึ่งใจบุญสุนทาน
ถูกฆาตกรรม	ถูกฆ่า	ถูกฆ่าตาย
การตัด	การตัดแต่ง
ร้อยครั้ง	ร้อยเท่า
ทิ้ง	ทิ้งไว้
การลบ	การหักลบออก
จุติ	ทรงพระราชสมภพ	ประสูติ	เกิด
บริสุทธิ์	พรหมจรรย์	พรหมจารี
อย่างถูกกฎหมาย	โดยสมควร
ทำให้สิ้นสุด	ยุติ
ปิดการประชุม	เลิกประชุม
อย่างมีคุณธรรม	อย่างมีศีลธรรม
การอ่อนค่า	การอ่อนตัว
อย่างไร้จริยธรรม	อย่างไร้ศีลธรรม
ฆ่าเชื้อ	พาสเจอไรส์
ไม่มีลวดลาย	ไร้กลีบ	ไร้วงกลีบ
เป็นส่วนตัว	โดยส่วนตัว
อย่างทะลึ่งตึงตัง	อย่างทะเล้น	อย่างหน้าด้าน	อย่างหยาบคาย
อย่างพอดิบพอดี	อย่างแม่นยำ
ทำให้เปลี่ยนเป็นคาร์บอน	เปลี่ยนเป็นคาร์บอน
ทอง	ที่มีสีทอง
ร้อนจัด	โอเวอร์ฮีต
เขียวอมน้ำเงิน	เขียวแกมน้ำเงิน
ทำให้ร้อน	เพิ่มความร้อน
การวาง	การเก็บ
ทำให้อบอุ่น	ทำให้อุ่น
อย่างไม่สะดวก	ในเวลาที่ไม่สมควร
การทำให้หัก	การหัก
การทำให้ระเบิด	การระเบิด
ที่มีสีมารูน	แดงม่วงอมน้ำตาล
ทำให้ไหม้เกรียม	ย่างจนเกรียม
การเผา	การเผาไหม้
การลอบวางเพลิง	การวางเพลิง
จุดไฟเผา	เผา
การฌาปนกิจ	การฌาปนกิจศพ	การปลงศพ	การเผาศพ
การประกอบขึ้นเป็นหน่วย	การรวม
ฌาปนกิจ	ฌาปนกิจศพ	ถวายพระเพลิง	ปลงศพ	เผาศพ
ลอบวางเพลิง	วางเพลิง
ขึ้นตุ่มพอง	พอง
การผสม	การผสมผสาน
การผสม	การผสมผสาน
ทำให้เป็นแป้ง	โม่แป้ง
การสูญเสียลักษณะทางเผ่าพันธุ์	การสูญเสียอัตลักษณ์ทางชาติพันธุ์
ใช้เวทมนตร์แปลงกาย	ใช้เวทมนตร์แปลงร่าง
กลายเป็นขี้เถ้า	กลายเป็นเถ้า	กลายเป็นเถ้าถ่าน
การแบ่ง	การแยก
การขัดจังหวะ	การหยุด
อย่างขี้เล่น	อย่างสนุกสนาน
เปลี่ยนความเชื่อ	เปลี่ยนศาสนา
การแบ่งครึ่ง	การแบ่งเป็นสองส่วนเท่ากัน
อย่างตัณหาจัด	โดยมีตัณหาจัด
อย่างน่าหัวเราะ	อย่างไร้เหตุผล
กลับสู่สภาพเดิม	กลับไปสู่	ถอยกลับไปสู่
การสไลซ์	การหั่นสไลซ์
ขี้เถ้า	ที่มีสีขี้เถ้า
การตัด	การบาด
ช้าๆ	อย่างช้าๆ
ลามก	อย่างลามก
ซึ่งดำเหมือนถ่าน	ดำปิดปี๋
อย่างสำส่อนทางเพศ	อย่างส่ำส่อนทางเพศ
การจำแนกเป็นสองขั้ว	การจำแนกเป็นสองประเภท
อย่างชัดเจน	อย่างชัดแจ้ง
อย่างกล้าหาญ	อย่างลูกผู้ชาย
การแบ่งคำ	การใส่ยัติภังค์
คม	แหลมคม
จ้อ	เจื้อยแจ้ว
ทำให้เรียวลง	ทำให้แหลม
การตัดออก	การผ่าออก
สด	เข้ม
อย่างเอร็ดอร่อย	อร่อย
ผสม	ผสมเข้าด้วยกัน	มิกซ์
อย่างแม่	เหมือนแม่ที่รักลูก
การถอนเงินจากธนาคาร	การถอนเงินฝาก
การตัดทอนแก้ไข	การตัดทอนแก้ไ่ข
อย่างต่ำช้า	อย่างใจแคบ
ที่มีสีคราม	น้ำเงินม่วง
การกลายรูป	การเปลี่ยนรูปทรง	การเปลี่ยนแปลงรูปทรง
ที่มีหลากสี	ที่มีหลายสี
อย่างหลอกลวง	อย่างโกหก
การปลูกป่า	การฟื้นฟูพื้นที่ป่า
อย่างไร้ความเมตตา	อย่างไร้เมตตา
ที่มีสีกุหลาบ	ที่มีสีดอกกุหลาบ
อย่างหลอกลวง	อย่างโอ้อวด
ตรงกลางลำเรือ	ตรงกลางลำ้เรือ
การกลายร่าง	การเปลี่ยนร่าง
อย่างละเอียด	อย่างละเอียดถี่ถ้วน
สว่าง	เจิดจ้า
การทำลาย	การประทุษร้าย
การปรับให้เป็นปัจจุบัน	การอัปเดต
จัดเป็นระเบียบ	จัดให้เป็นระเบียบ
เป็นการตอบแทน	ในทำนองเดียวกัน
เตรียม	เตรียมตัว
อย่างน่ารังเกียจ	อย่างหยาบคาย
เตรียมตัวสอบ	เตรียมสอบ	เตรียมสอบไล่
ทั่วทั้งประเทศ	ทั่วประเทศ
จัดเตรียม	เซต	เซตอัป
บรรจุกระสุน	อัดดินปืน
การดำเนินการ	ปฏิบัติการ
พัฒนา	เปลี่ยนเป็นสังคมสมัยใหม่
ชีววิทยานิยม	ลัทธิชีววิทยา
อย่างทาส	ิอย่างประจบเอาใจ
ป่าเถื่อน	ไร้อารยธรรม
รับมาเลี้ยง	รับอุปการะ	รับอุปการะเลี้ยงดู	รับเป็นลูก
การปฏิบัติตาม	ขนบธรรมเนียม
อย่างขอบคุณ	อย่างขัดขวาง
กิจวัตร	ความเคยชิน
อย่างมั่งคั่ง	อย่างหรูหรา
อย่างขี้โม้โอ้อวด	อย่างโอ้อวด
ทาง	ทางชีวิต
ข้ามทะเล	โพ้นทะเล
ละทิ้งถิ่นฐาน	อพยพย้ายถิ่นฐาน
กฎหมู่	กฎเถื่อน
การสวมกอด	การโอบกอด
การกอด	การโอบกอด
ที่ยังไม่ใช้	ใหม่
หลวม	ไม่แน่น
สกปรก	เปื้อน
อย่างร้ายแรง	อย่างเสียดสี
อย่างมาก	อย่างแรง
ลามก	ลามกจกเปรต
อย่างกระทัดรัด	อย่างมีสาระ
ตีพิมพ์	ออก
สาบสูญ	อันตรธาน
สาบสูญ	สูญหาย	หายสาบสูญ
สกปรก	ไม่บริสุทธิ์
ลดขนาดสเกล	ลดสัดส่วน	ลดสเกล
การร่ายรำ	การเต้น	การเต้นรำ	ระบำ
เพิ่มขนาดสเกล	เพิ่มสัดส่วน	เพิ่มสเกล
กายจังหวะ	กายลีลา
การพนัน	การเล่นการพนัน	การเล่นพนัน	อบายมุข
ที่มองการณ์ไกล	อย่างระวังระไว
ทำให้ข้น	ทำให้หนึด
โปร่งแสง	โปร่งใส
การละเล่นของเด็ก	การเล่น	การเล่นของเด็ก
แรกเริ่ม	โดยแรกเริ่ม
กึ่งโปร่งใส	ที่ให้แสงผ่านได้น้อย
ทรุด	ทรุดหนัก	หล่นฮวบ
กีฬา	กีฬาอาชีพ	สปอร์ต
กีฬาที่ต้องปะทะ	กีฬาปะทะ
กีฬายิมนาสติก	ยิมนาสติก
ทำให้ใหญ่ขึ้น	เพิ่มขนาด
ซึ่งไม่รู้สึกสับสน	ซึ่งไม่สับสน
กาง	คลี่
ม้วนใบเรือ	เก็บใบเรือ
อย่างเป็นรอยแตกแยกลึก	อย่างเป็นรอยแยกลึก
เร่ง	เร่งความเร็ว
ชะลอความเร็ว	ลดความเร็ว
ทึบ	หัวขี้เลื่อย
ช้าลง	ถดถอย
กีฬาสกี	สกี
ทำให้ช้า	ทำให้ช้าลง
การว่ายน้ำ	ว่ายน้ำ
กลายเป็นก๊าซ	กลายเป็นไอ	ระเหย	ระเหิด
ห่างไกล	ไกล
อย่างน่านับถือ	อย่างน่าเชื่อถือ
การพุ่งลงน้ำ	การพุ่งหลาวลงน้ำ
การขี่กระดานโต้คลื่น	กีฬาโต้คลื่น
กีฬาพายเรือ	พายเรือ
กีฬาชกมวย	กีฬามวย	มวย
กีฬามวยอาชีพ	มวยสากลอาชีพ	มวยอาชีพ
ทำปฏิกิริยา	เกิดปฏิกิริยา
กีฬามวยปล้ำ	มวยปล้ำ
อย่างสงบ	อย่างสบาย
อย่างดึงดูดใจ	อย่างล่อใจ
กีฬาซูโม่	ซูโม่
กีฬาสเกต	กีฬาสเก็ต
การแข่งขัน	กีฬาแข่งความเร็ว
ทำให้เป็นสุญญากาศ	สร้างสุญญากาศ
การแข่งรถสองล้อ	กีฬารถสองล้อ
การขี่จักรยาน	การปั่นจักรยาน
การขับมอเตอร์ไซค์	การขี่มอเตอร์ไซค์
การสู้วัว	กีฬาสู้วัว
นองน้ำตา	น้ำตานอง
อย่างชันดิ่ง	อย่างตั้งตรงเป็นเส้น
การชนไก่	กีฬาชนไก่
การล่าสัตว์	กีฬาล่าสัตว์
ทำให้เต็ม	เติม
เติมน้ำหมึก	เติมหมึก
รีฟิล	เติมใหม่
การตกปลา	กีฬาตกปลา
การลงเบ็ด	การวางเบ็ด
แผ่	แผ่กระจาย
อย่างเด่นชัด	โดยเป็นพิเศษ
ปล่อยน้ำ	เปิดประตูน้ำ
ซึ่งสวมเสื้อโค้ต	ซึ่งสวมโค้ต
ซึ่งสวมชุดประจำชาติ	ในชุดประจำชาติ
เกม	เกมการแข่งขัน
เข้ากัน	แมตช์
เข้ากับ	แมตช์กับ
ซึ่งสวมชุดทักซิโด	ซึ่งสวมทักซิโด	ซึ่งสวมสูททักซิโด
ซึ่งสวมเครื่องแบบ	ในเครื่องแบบ
การเล่น	การเล่นเกม
ซึ่งแก้ผ้า	ซึ่งโชวเนื้อหนัง	นุ่งลมห่มฟ้า	นู้ด	ล่อนจ้อน	เปลือย	เปลือยกาย
พินบอล	เกมพินบอล
ซึ่งสวมเสื้อผ้าน้อยชิ้น	ซึ่งใส่เสื้อผ้าน้อยชิ้น
รีบ	เร่ง	ให้ไว
ซื้อเวลา	ถ่วงเวลา	เตะถ่วง
พร้อมกัน	โดยพร้อมเพรียงกัน
ขัดขวาง	ขัดขาง
ทางตะวันตก	ทางตะวันตกเฉียงใต้
ไปทางทิศใต้	ไปทางใต้
ฮอกกี้น้ำแข็ง	ฮอกกี้่
ตำแหน่งผู้รักษาประตู	ผู้รักษาประตู
กอล์ฟ	กีฬากอล์ฟ
อย่างเกินจริง	อย่างเหมือนในละคร
กีฬาที่แข่งขันในสนาม	กีฬาในสนาม
กีฬาฮ็อกกี้	ฮ็อกกี้
กีฬาฟุตบอล	ฟุตบอล
เฉา	เหี่ยว	เหี่ยวเฉา
กีฬาอเมริกันฟุตบอล	อเมริกันฟุตบอล	เกมอเมริกันฟุตบอล
กีฬาฟุตบอลอาชีพ	ฟุตบอลอาชีพ
กีฬารักบี้	รักบี้	รักบี้ฟุตบอล
กีฬาสเก็ต	เบสบอล
เฉลียวฉลาด	แสดงความเก่ง
ทำให้ดีขึ้น	ปรับปรุงให้ดีขึ้น
อย่างกระชับ	อย่างสั้น
กีฬาซอฟต์บอล	ซอฟต์บอล
ชำระบาป	ล้างบาป
กีฬาคริกเก็ต	คริกเก็ต
กีฬาโปโล	โปโล
บางๆ	อย่างบาง
ทำให้ชำรุด	ทำให้เสียคุณค่า
กีฬาฟุตบอล	ซ็อกเกอร์	ฟุตบอล	เกมฟุตบอล
กระทืบ	เหยียบ
กีฬาบนคอร์ต	เกมบนคอร์ต
กีฬาแฮนด์บอล	แฮนด์บอล
กีฬาวอลเลย์บอล	วอลเลย์	วอลเลย์บอล
กีฬาลูกขนไก่	กีฬาแบดมินตัน	แบด	แบดมินตัน
กีฬาบาส	กีฬาบาสเกตบอล	กีฬาบาสเก็ตบอล	กีฬายัดห่วง	บาส	บาสเกตบอล
กีฬาบาสเกตบอลอาชีพ	บาสเกตบอลอาชีพ
กีฬาลูกสักหลาด	กีฬาเทนนิส	เทนนิส	เทนนิสคอร์ตหญ้า
ทำให้กลมกลืน	ทำให้ประสาน	ทำให้สอดคล้อง
คืนดี	ประนอม
กีฬาเทนนิสอาชีพ	เทนนิสอาชีพ
ประเภทคู่	แบดมินตันประเภทคู่
กำหนดคีย์	เปลี่ยนคีย์
การละเล่น	การละเล่นของเด็ก	เกมสำหรับเด็ก
ซ่อนหา	ซ่อนแอบ	โป้งแปะ
อย่างไม่ประนีประนอม	โดยไม่ยืดยุ่น
กระโดดกบ	การกระโดดกบ
เกมที่เล่นด้วยการ์ด	เกมส์ไพ่	เกมไพ่	ไพ่
ตากลม	ผึ่งลม
จัดช่องว่างระหว่างคำ	จัดช่องไฟ
วัด	วัดปริมาณ
เกมส์ไพ่แบล็คแจ็ค	แบล็กแจ็ก
บริดจ์	ไพ่บริดจ์
คริบบิจ	เกมส์ไพ่คริบ
อย่างถูกต้อง	อย่างถูกต้องตามกฎหมาย
อย่างฟุ่มเฟือย	อย่างเยิ่นเย้อ
ก่อมลพิษ	ก่อมลภาวะ	ก่อให้เกิดมลพิษ	ทำให้เกิดมลพิษ
ชิคาโก	มิชิแกน
โป๊กเกอร์	ไพ่โป๊กเกอร์
ดัมมี่	รัมมี	รัมมี่	ไพ่ดัมมี่
พลัดหลง	พลาดเป้า	ไม่ตรงเป้า
ซึ่งพูดภาษาอังกฤษ	ซึ่งพูดอังกฤษได้
ซิกแซ็ก	เป็นหยักฟันปลา
ซึ่งเป็นภาษามือ	ซึ่งเป็นภาษาใบ้
ช่องว่างระหว่างดาดฟ้า	ระหว่างดาดฟ้า
ทำให้เป็นปูนขาว	เปลี่ยนเป็นปูนขาว
ซึ่งบรรยายเรื่อง	ซึ่งเล่าเรื่อง
ปิงปอง	เทเบิลเทนนิส
ทำให้เป็นอุตสาหกรรม	เปลี่ยนเป็นอุตสาหกรรม
อย่างเสเพล	อย่างไร้ศีลธรรม
ซึ่งปิดปากเงียบ	ซึ่งรูดซิปปาก	ซึ่งหุบปาก	ซึ่งไม่พูด
เกมนันทนาการในห้อง	เกมในห้อง
ซึ่งไม่แสดงความรู้สึก	ซึ่งไม่แสดงสีหน้า
เกมแบ็คแกมมอน	แบ็คแกมมอน
อัดแน่น	แน่น
กะทันหัน	อย่างเฉียบแหลม
หมากล้อม	โกะ
ลูโด	เกมลูโด
โดยธรรมชาติ	โดยธรรมชา่ติ
ปาร์ชิสิ	เกมปาร์ชิสิ
ปาร์ชีสิ	เกมปาร์ชีสิ
ชาร์จไฟ	ชาร์จไฟฟ้า
เกมโอเอ็กซ์	โอเอ็กซ์
การพนัน	การพนันขันต่อ
กลายเป็นฟอสซิล	เปลี่ยนเป็นฟอสซิล
เกมการพนัน	เกมพนัน	เกมแห่งโชค	เกมแห่งโอกาส
จุด	ใส่จุด
ทำรอย	ทำเครื่องหมาย	มาร์ก
การซื้อลอตเตอรี่	การซื้อหวย	การเล่นหวย
หวย	เบอร์
เกมพนันแคร็ปส์	แคร็ปส์
แต้ม	แต้มสีเป็นจุดๆ
อย่างทารก	เหมือนทารก
การกินดื่ม	ช่วงที่กินดื่มมากเกินไป
ดอกจัน	ทำเครื่องหมายดอกจัน	ใส่ดอกจัน
การจีบ	การจีบผู้หญิง	การจีบสาว	การเกี้ยวพาราสี
ความประพฤติโง่เขลา	ความเหลวไหล
การเล่นคำ	การเล่นเสียง
กีฬาโอลิมปิก	โอลิมปิกเกมส์
กึ่ง	ครึ่ง
ชาร์จ	ชาร์จแบต	ชาร์จไฟ	ชาร์แบตเตอรี่
ชาร์จซ้ำ	ชาร์จใหม่
คาร์นิวัล	แฟร์
อัดลม	เป็นฟอง
การประกวดสุนัข	งานประกวดสุนัข	ด็อกโชว์
การประกวดม้า	งานประกวดม้า
การแสดงศิลปะริมถนน	สตรีทโชว์
การแสดงละครสัตว์	ละครสัตว์
ขัดจังหวะ	รบกวน
การแสดง	งานแสดง	โชว์
การแสดงคาบาเร่ต์	คาบาเร่ต์	ฟลอร์โชว์
เพลงคั่น	เพลงสลับฉาก
กลายเป็นสีเขียว	เปลี่ยนเป็นสีเขียว
กลายเป็นสีฟ้า	เปลี่ยนเป็นสีฟ้า
ทำให้เก่า	ทำให้โบราณ
การกีฬา	กีฬา
ใส่สารอะซิติล	ใส่สารอะิซิติล
การร่ายรำบนเวที	การเต้นรำบนเวที	นาฏศิลป์
การแสดงบัลเลต์	บัลเลต์	ระบำปลายเท้า
แผ่คลื่น	แผ่รังสี
ระบำสเปน	โบเลโร
เปลี่ยนระบบทศนิยม	เปลี่ยนเป็นทศนิยม
ระบำเปลือยกาย	ระบำโป๊
ใส่ยาพิษ	ใส่ยาเบื่อ
ทำให้เห็นอย่างรูปธรรม	ทำให้เห็นเป็นรูปธรรม
ระบำสเปนแบบสามจังหวะ	แฟนแด็งโก้
การเต้นบอลรูม	การเต้นลีลาศ
เว้า	โค้งเว้า
ตื้น	ตื้นเขิน
คองกา	ระบำคองกา
ปลดระวาง	ปลดเกษียณ
การเต้นเป็นวง	ราวด์แดนซ์
การเต้นรำพื้นเมือง	ระบำพื้นบ้าน
การรำประกอบพิธี	การร่ายรำประกอบพิธี	การเต้นรำประกอบพิธี
ระบำชาวเกาะ	ระบำฮาวาย
การบรรเลงดนตรี	การเล่นดนตรี	การแสดงดนตรี	ดนตรี
การไล่เสียง	การไล่เสียงสูงต่ำ	การไล่โน้ต
การตีเพอร์คัสชั่น	การเล่นเครื่องเคาะจังหวะ
การขับร้อง	การร้องเพลง
การสี	การสีเครื่องดนตรี
การเล่นละคร	การแสดง	การแสดงละคร
การแสดง	การแสดงลักษณะ
ประหยัด	เซฟ
ยก	ยกให้สูง
โปรแกรม	โปรแกรมการแสดง
การหยุด	การเสีย
การก่อกวน	การเอะอะโวยวาย	ความสับสนอลหม่าน
ความชุลมุน	ความวุ่นวาย
ความพลุกพล่าน	ความวุ่นวาย
ปัดด้วยแปรง	แปรง
การเผ่นหนี	การโผ
ซึ่งถูกกัก	ซึ่งถูกจำกัดขอบเขต
การยืนขวางผู้เล่นฝ่ายรับ	พิก
ยับ	ยับยู่ยี่
การตี	ช็อต	สโตรก
การตีลูกหลังมือ	ลูกหลังมือ
ตี	ลูกตัด
ต่อ	เชื่อม
สร้างพันธะ	สร้างพันธะเคมี
ซึ่งมีสติ	ซึ่งรู้ตัว
ท่าผีเสื้อ	ท่าว่ายผีเสื้อ
การว่ายกบ	ท่ากบ
ชำระ	ทำให้หมดไป
การตีกอล์ฟ	การไดรฟ์กอล์ฟ
การชิพลูก	การเล่นลูกชิพ
การพิตช์ลูก	การเล่นลูกพิตช์ชอต
การแชงค์	ลูกแชงค์
ซึ่งอนุรักษ์นิยมตกขอบ	ซึ่งอนุรักษ์นิยมสุดโต่ง
ของกล้วยๆ	งานง่ายๆ	งานเบา	เรื่องกล้วยๆ
ของกล้วยๆ	ของหมูๆ
การงาน	งาน	งานการ
งานบริการ	บริการ	เซอร์วิส
การขัดให้ขึ้นเงา	การลงแว็กซ์
การดูแลบ้านเรือน	งานบ้าน	งานปัดกวาดเช็ดถู
ไม่สะดุดตา	ไม่โดดเด่น
การงาน	งาน	สายงาน	หน้าที่การงาน	อาชีพ
เกรียม	ไหม้	ไหม้เกรียม
งาน	งานที่ได้รับค่าจ้าง
สิ่งอำนวยความสะดวก	เครื่องอำนวยความสะดวก
เปลี่ยนเป็นสินแร่	เปลี่ยนเป็นแร่
ตำแหน่ง	ตำแหน่งหน้าที่	หน้าที่
พอร์ต	เปลี่ยนพอร์ต
รู้	เข้าใจ	เข้าใจความหมาย
ตำแหน่งนักบัญชี	ตำแหน่งบัญชี
กบดาน	ซ่อนตัว
ตำแหน่งท่านฑูต	ตำแหน่งเอกอัครราชฑูต
รู้	เข้าใจ
ทราบ	เข้าใจ
มีลางสังหรณ์	มีเซนส์	สังหรณ์ใจ	ได้กลิ่น
จับ	จับประเด็น	เก็ต
จับได้	ถึงบางอ้อ	พอเข้าใจ	เก็ต	เริ่มเข้าใจ
ซาบซึ้ง	ดื่มด่ำ	สัมผัสถึง	เข้าถึง
หยั่งรู้	ใช้สัญชาตญาณ
ความเป็นผู้นำทางจิตวิญญาณ	ความเป็นผู้นำศาสนา
ตำแหน่งครูใหญ่	ตำแหน่งอาจารย์ใหญ่
ตำแหน่งครูใหญ่ผู้หญิง	ตำแหน่งอาจารย์ใหญ่ผู้หญิง
รู้	เข้าใจ
ตำแหน่งตุลาการ	ตำแหน่งผู้พิพากษา	ตำแหน่งศาล
ตาม	ติดตาม	เฝ้าตาม
รับรู้เอง	รู้ถึง
ศึกษา	สิกขา	เรียนรู้
ครอบงำ	ทำให้จดจ่อ	หมกหมุ่น
คร่ำเคร่ง	หมกหมุ่น	ห่อหุ้ม
ซึมซับ	ย่อย
ฝึก	เทรน
ฝึกทหาร	ฝึีกอาวุธ
ตำแหน่งวุฒิ	ตำแหน่งวุฒิสมาชิก
จดจำ	จดจำใส่ใจ	จำ	จำใส่ใจ
ตำแหน่งครู	ตำแหน่งอาจารย์
ติวเข้ม	อ่านหนังสือสอบ	อ่านหนังสือหามรุ่งหามค่ำ	อ่านหนังสือเตรียมสอบ	เรียนหนัก
ฝึกซ้ำแล้วซ้ำอีก	ฝึกปฏิบัติ
อ่านหนังสือ	เรียนหนังสือ
งานช่างยนต์	งานซ่อมรถ	งานซ่อมรถยนต์
การทำตะกร้า	การสานตะกร้า
จำ	นึกออก
งานซ่อมท่อประปา	งานประปา
วิชาชีพ	อาชีพที่ต้องการความรู้
การประพันธ์	การเขียนหนังสือ	การแต่งหนังสือ
งานการเมือง	งานทางการเมือง
ทิ้ง	ลืมทิ้งไว้
ล้มเลิก	เลิก
ทอดทิ้ง	ละเลย
การเขียนรหัส	การเขียนรหัสลับ	การเขียนโค้ด
ตัดออก	ไม่เอา
การลงนาม	การเซ็นชื่อ
ละทิ้ง	ไม่ใส่ใจ
จำผิด	จำไม่ได้
ทำผิด	ทำพลาด
การซ่อมรองเท้า	การทำรองเท้า	การทำรองเ้ท้า
ทำผิด	ผิดพลาด
งานกรรมกร	งานหนัก	งานใช้แรง	งานใช้แรงกาย
ที่ซื้อได้	ที่ทุจริต	ที่ไม่สุจริต
ไขปริศนา	ไขปัญหา
ทำให้รู้สึกสับสน	ทำให้สับสน
การทำงานหนัก	การทำงานหามรุ่งหามค่ำ	งานหนัก
ความยากลำบาก	ความยุ่งยาก
การบริหารร่างกาย	การออกกำลังกาย
ตีความหมายผิด	ตีัความหมายผิด
อ่านซ้ำ	อ่านทวน	อ่านใหม่
ท่าคลีน	ท่าคลีนแอนด์เจิร์ก
ตรวจปรู๊ฟ	พิสูจน์อักษร
คิด	ใช้ความคิด	ใช้สมอง	ใช้หัว
คิดด้วยเหตุผล	คิดอย่างมีเหตุผล	ใช้เหตุผล
คิดเชิงปรัชญา	ใช้เหตุผลทางปรัชญา
ขบคิด	ครุ่นคิด	คิดทบทวน	ตรึกตรอง	ใคร่ครวญ	ไตร่ตรอง
การปฏิบัติ	การฝึกปฏิบัติ
ถูก	ถูกต้อง
คาด	คิด
คิดหาเหตุผล	ใช้เหตุผล
คิดทฤษฎี	สร้างทฤษฎี
คา่ดคะเน	ตั้งสมมติฐาน
การนับ	การนับจำนวน
แก้ปัญหา	ไขปัญหา
การสอบสวน	การสืบสวน	การสืบสวนสอบสวน
ตอบปริศนา	ไขปริศนา
การตรวจ	การตรวจสอบ
ตอบ	เฉลย
การทดสอบ	การสอบ	เทสต์
การวิจัย	งานวาด	วิจัย
คำนวณ	คิดคำนวณ	คิดเลข
การชันสูตร	การชันสูตรพลิกศพ	การชันสูตรศพ
การวิจัยทางชีววิทยา	งานวิจัยทางชีววิทยา
การโคลนนิ่ง	โคลนนิ่ง
การวิจัยสเต็มเซลล์	งานวิจัยสเต็มเซลล์
คิดเฉลี่ย	หาค่าเฉลี่ย	เฉลี่ย
การวิจัยตลาด	งานวิจัยการตลาด
การวิจัยผลิตภัณฑ์	งานวิจัยผลิตภัณฑ์	งานวิจัยสินค้าและบริการ
การวิจัยพฤติกรรมผู้บริโภค	งานวิจัยพฤติกรรมผู้บริโภค
บวก	เพิ่ม
การศึกษาวิจัยด้วยกล้องจุลทรรศน์	จุลทรรศนศาสตร์
อิเล็กตรอนสปินเรโซแนนซ์	อีเอสอาร์
ลบ	หักออก
ซึ่งมีมารยาท	ซึ่งมีมารยาทดี
การวิจัยทางวิทยาศาสตร์	งานวิจัยทางวิทยาศาสตร์
หาร	เฉลี่ย
หารสอง	แบ่งครึ่ง
หารสี่	แบ่งออกเป็นสี่ส่วน
ดิฟ	หาอนุพันธ์
การทดสอบ	การเทสต์
เรียนพฤกษศาสตร์	เรียนพฤษศาสตร์
ตรวจโรค	วินิจฉัยโรค
การตรวจปัสสาวะ	การตรวจวิเคราะห์ปัสสาวะ
กรณีศึกษา	เคสสตัดดี้
การวิเคราะห์ทางเคมี	การวิเคราะห์เชิงคุณภาพ
วัดเส้นผ่าศูนย์กลางด้วยคาลลิเปอร์	วัดเส้นผ่าศูนย์กลางด้วยคาลิเปอร์
การวิเคราะห์หลักทรัพย์โดยใช้ปัจจัยพื้นฐาน	การวิเคราะห์โดยใช้ข้อมูลพื้นฐาน
ออกสำรวจ	เดินทางสำรวจ
การทำสำมะโนประชากร	การสำรวจสำมะโนครัว	การสำรวจสำมะโนประชากร
การนับถอยหลัง	การเคานต์ดาวน์	เคานต์ดาวน์
การนับผิด	การนับพลาด
การนับคะแนน	การนับคะแนนเสียง
การนับจำนวนตัวอสุจิ	การนับจำนวนสเปิร์ม
จัด	จำแนก
การช่วยเหลือ	การดูแล	การดูแลรักษา	การดูแลเอาใจใส่
การดูแลเด็ก	การเลี้ยงเด็ก
การดูแลฟัน	การดูแลรักษาฟัน
จัดประเภท	จำแนก
การสีฟัน	การแปรงฟัน
ที่มีสามมิติ	สามมิติ
การดูแลทางการแพทย์	ความช่วยเหลือทางการแพทย์
จัดอันดับ	ให้คะแนน	ให้เกรด
จัดอันดับ	จัดเร็ตติ้ง
การกก	การฟัก
การนวด	การบีบนวด
การจับเส้น	การนวดกดจุด	การนวดจับเส้น
3มิติ	สามมิติ
การดูแลรักษาเท้า	การดูแลเท้า
ตีราคา	ประเมินค่า
ตรวจสอบ	ตรวจเช็ค	เช็ค
ติ๊ก	ทำเครื่องหมาย	มาร์ค
ดู	ตรวจ	ตรวจดู	ตรวจเช็ก	เช็ก
ตรวจ	เช็ค
ตรวจซ้ำ	ตรวจทาน
ขอดูบัตร	ขอดูบัตรประชาชน	ตรวจบัตร	ตรวจบัตรประชาชน
พิสูจน์ตนเอง	พิสูจน์ตัวเอง
การดูแลผิว	การดูแลรักษาผิว
การดูแลผิวหน้า	การดูแลรักษาใบหน้า	การดูแลใบหน้า
ช่วยสนับสนุน	ยืนยัน	สนับสนุน
การส่องกล้องในข้อ	สันธิทรรศนา
การผ่าตัดสมอง	ศัลยกรรมสมอง
การตอน	การทำหมัน
ทน	ยอมทน	อดกลั้น	อดทน
การผ่ากะโหลก	การผ่ากะโหลกศีรษะ
กล้ำกลืน	กล้ำกลืนฝืนทน
ศัลยกรรมใช้ความเย็น	ศีตศัลยกรรม
ตกยุค	ล้าสมัย
ตัดสิน	ประเมิน
ตัดสินผิด	ตัดสินผิดพลาด
กระบวนการผ่าตัด	การผ่าตัด
ตีราคาสูง	ประเมินค่าสูง	ให้ราคาสูง
กะ	กะประมาณ	ประมาณ	ประเมิน
การผ่าตัดดวงตา	ศัลยกรรมดวงตา
การเจาะช่อง	การเจาะรู
คัด	คัดเลือก	เฟ้น
คัดด้วยตัวเอง	เลือกกับมือ
หัตถการสลายต้อกระจก	หัตถการสลายต้อแก้วตา
การผ่าม่านตา	การเจาะม่านตา
มีอคติ	เอนเอียง
การทำเลสิก	เลสิก
ตีราคา	ประเมินค่า
ศัลยกรรมตกแต่งกระจกตา	ศัลยกรรมตบแต่งกระจกตา
ประเมินตามมาตรฐาน	ประเมินมาตรฐาน
เชื่อ	เชื่อถือ
ไม่ยอมรับ	ไม่เชื่อ
การผ่าตัดใหญ่	ศัลยกรรมใหญ่
การผ่าตัดเล็ก	ศัลยกรรมเล็ก
รู้สึกสงสัย	สงสัย	ไม่แน่ใจ
ดิสเครดิต	ทำลายความน่าเชื่อถือ
รู้สึกไม่ไว้ใจ	ไม่วางใจ	ไม่ไว้วางใจ	ไม่ไว้ใจ
มั่นใจ	วางใจ	ไว้ใจ
คิดใหม่	เปลี่ยนความคิด
คิดว่า	เชื่อว่า	เห็นว่า
มองออก	เล็งเห็น	เห็น	แลเห็น
ตื้น	ตื้นเขิน
ตรวจตรา	ตรวจสอบ
การดูแลผู้ป่วยระยะสุดท้าย	การพยาบาลระยะสุดท้าย
กายภาพบำบัด	กายภาพบำบัำด
การปรับพฤติกรรม	พฤติกรรมบำบัด
ครุ่นคิด	คิดวิตก
ตั้งสมาธิ	ทำสมาธิ	ทำสมาธิเจริญภาวนา	ภาวนา
คิดวางแผน	วางแผน
วางแผน	วางแพลน	แพลน
ตั้งความหวัง	ตั้งเป้า	มีเป้าหมาย
การฉายรังสี	รังสีรักษา
ตั้งความหวังไว้สูง	ตั้งเป้าไว้สูง
การทำให้ช็อค	ช็อคบำบัด
สมคบคิด	สมรู้ร่วมคิด
สมคบคิด	สมรู้ร่วมคิด	ฮั้ว	เกี้ยเซี้ย
วางแผนลับๆ	ออกอุบาย
ตั้งความคิด	ตั้งใจ
กระดูกและกล้ามเนื้อบำบัด	การรักษาแบบออสทีโอพาธี	ออสทีโอพาธี
ต้องการ	อยาก
การรักษาโรคด้วยสารที่ออกฤทธิ์ตรงข้าม	อัลโลพาธี
การบำบัดร่างกายด้วยน้ำ	ไฮโดรพาธี
กะ	ประมาณ
การบรรจุ	การบรรทุก
ที่ไม่มีชนชั้น	ที่ไร้ชนชั้น
การระบาย	การระบายสี
การฉีดสเปรย์	การพ่นสเปรย์
การระบายสีด้วยนิ้ว	การใช้นิ้วระบายสี
ที่เป็นเผด็จการ	ที่เป็นเผด็จการเบ็ดเสร็จ
คาดการณ์	คาดหวัง
คอย	รอคอย
ตั้งตาคอย	ตั้งตารอ
บทบาท	หน้าที่
จดจ่อ	ตั้งสมาธิ	ตั้งใจ	มีสมาธิจดจ่อ	โฟกัส
บทบาทชายหญิง	บทบาทหญิงชาย	บทบาทเพศ
ตำแหน่ง	ตำแหน่งผู้เล่น
คนขว้างบอล	พิทเชอร์
ตำแหน่งแคทเชอร์	แคทเชอร์
ทำให้ประหลาดใจ	ทำให้พิศวง
ทำให้ประหลาดใจ	เซอร์ไพรส์
ตำแหน่งแท็กเกิ้ล	แท็กเกิ้ล
กองกลาง	เซ็นเตอร์
กระจ่าง	ตาสว่าง	มองทะลุ	เข้าใจทะลุปรุโปร่ง
คลาสเวิร์ก	งานในห้องเรียน
หน้าที่ยามรักษาการณ์	หน้าที่เฝ้ายาม
การเผยแผ่ศาสนา	งานเผยแผ่ศาสนา
การดะวะห์	ดะวะห์
คำสั่ง	งาน	ภารกิจ	มิสชั่น
ภารกิจที่เป็นไปไม่ได้	ภารกิจอันตราย
ภารกิจระเบิดฆ่าตัวตาย	ภารกิจระเบิดพลีชีพ
คง	รักษา
จัดอาร์เรย์	จัดเป็นกลุ่มความคิด
ระบุวันที่	ใส่วันที่
กำหนดวันส่งงาน	กำหนดเดดไลน์
ที่ถูกเพลิงไหม้	ที่วอดวาย
ประทับตราวันที่	ประทับวันที่	ปั๊มวันที่
ลำดับ	ลำดับความคิด	ลำดับเรื่อง	เรียงร้อย	เรียบเรียง
การทำตัวไม่เหมาะสม	การประพฤติตนไม่เหมาะสม	พฤติกรรมที่ไร้ศีลธรรม
การมวิตถาร	โรคกามวิปริต
การทำตัวเป็นเด็กทารก	สภาพคงคล้ายทารก
ติดต่อสื่อสาร	สื่อสาร
พูดจาเรื่อยเปื่อยและไร้สาระ	พูดเรื่องไร้สาระ
การกระทำที่ไม่ถูกต้อง	การกระทำที่ไม่สมควร	การกระทำผิด
ที่เวียนซ้าย	พันซ้าย	เวียนซ้าย
ติดต่อสือสาร	ติดต่อสื่อสาร
การก่อกรรมทำเข็ญ	การทำความชั่ว	การฝ่าฝืน	การฝ่าฝืนกฎหมายและศีลธรรม
ออกเสียง	เปล่งเสียง
สั่งของ	สั่งซื้อ	สั่งสินค้า	สั่งออร์เดอร์
การเล่นตุกติก	การเล่นฟาวล์
การทำผิดศีลธรรมทางเพศ	การประพฤติผิดในกาม
กำหนด	ถูกกำหนด	ลิขิต
การดูหมิ่นศาสนา	การลบหลู่
การเสื่อมเสีย	ความต่ำช้า
การดื่มเครื่องดื่มที่มีแอลกอฮอล์	การดื่มเครื่องดื่มแอลกอฮอล์
การขายตัว	การขายบริการทางเพศ
การดื่มเกินขนาด	การดื่มแอลกอฮอล์เกินขนาด
การดื่มเป็นเวลานาน	การดื่มแอลกอฮอล์เป็นเวลานาน
อนุญาตให้	ให้
ง่าย	ง่ายดาย	ง่ายๆ
การรณรงค์หาเสียงเลือกตั้ง	การออกหาเสียง	การเดินสายหาเสียง
การทุจริต	การไม่ซื่อสัตย์
การคิดคดทรยศ	การคิดไม่ซื่อ	การทรยศ
สั่ง	สั่งการ
การทำของปลอม	การทำปลอม
ขอร้อง	ร้องขอ	เรียกร้อง
การทำให้หลงกล	การทำให้เสียรู้	การใช้กลลวง	เล่ห์เหลี่ยม
สิ่งหลอกลวง	เรื่องหลอกลวง
การแสร้งทำ	ท่าทางเสแสร้ง
ต้องการ	เรียกร้อง
การทำบาป	บาป	บาปกรรม
ตัดขาด	ตัดหางปล่อยวัด
ความละโมบ	ความโลภ
ขอร้อง	วิงวอน	สั่ง	เรียกร้อง
ประสาน	ไกล่เกลี่ย
การก่อการร้ายด้วยอาวุธชีวภาพ	การก่อการร้ายโดยใช้อาวุธชีวภาพ
การก่อการร้ายด้วยอาวุธเคมี	การก่อการร้ายโดยใช้อาวุธเคมี
ยอมรับ	เห็นด้วย
การก่อการร้าย	การก่อวินาศกรรม
การก่ออาชญากรรม	อาชญากรรม
ชวน	ชักชวน
อ้อม	โดยอ้อม
นำ	พา
จูงจมูก	ล่อใจ	สนตะพาย
คะยั้นคะยอ	ออดอ้อน	อ้อนวอน
การฝ่าฝืน	การละเมิดกฎ
การฝ่าฝืน	การละเมิดสัญญา
การทำฟาวล์	ฟาวล์
การข่มขืน	การข่มขืนกระทำชำเรา
การก่ออาชญากรรมทางเพศ	การล่วงละเมิดทางเพศ	การใช้ความรุนแรงทางเพศ
คัดค้าน	ต่อต้าน
การกรรโชก	การกรรโชกทรัพย์
การยักยอก	การยักยอกทรัพย์	การยักยอกเงิน
เสกของเข้าตัว	เสกของเข้าท้อง
ดึงดูด	ตรึง	ทำให้หลงใหล	สอยหลวม	สะกด
การฉ้อโกง	การโกง
การทุจริต	การโกง
ขัดจังหวะ	ขัดจังหวะการสนทนา
การขโมย	การลักขโมย
ดำเนินการจนสำเร็จ	ดำเนินการตามแผน
การจี้	การจี้ปล้น
ยั่วยุ	ล่อ
การหลีกเลี่ยงการจ่ายภาษี	การเลี่ยงภาษี
ซักถาม	ถาม
สืบ	แส่
เสริมแรง	ให้รางวัล
ซักไซ้	สอบถาม
การทำประตู	การยิงประตู
โทร	โทรศัพท์	โทรศัพท์หา	โทรหา
ใช้มือถือ	ใช้มือถือโทร	ใช้มือถือโทรหา	ใช้โทรศัพท์มือถือ	ใช้โทรศัพท์มือถือโทรหา
โทรศัพท์เข้ืา	โทรเข้า
ถือสาย	ถือสายรอ
เชิญ	เชิญชวน
ยั่วยวน	ยั่วยุ
สงวนไว้	สำรอง,จอง
งาน	โครงการ	โครงงาน	โปรเจ็ก
ตอบรับ	รับ
เมาปลิ้น	เมาหนัก	เมาหัวราน้ำ
บอกปัด	ปฏิเสธ	ปฏิเสธอย่างเด็ดขาด
การรณรงค์ของผู้สมัคร	การรณรงค์หาเสียง	การสมัครรับเลือก
การผลักดันสิทธิสตรี	ขบวนการเรียกร้องสิทธิสตรี
ยกเลิก	แคนเซิล
ทำเป็นไม่รู้ไม่เห็น	หลับหูหลับตา	เอาหูไปนาเอาตาไปไร่	ไม่รับรู้	ไม่รับรู้รับชี้
ยอม	ยินยอม	อนุญาต
การวางเดิมพันเพิ่ม	การเพิ่มเดิมพัน
อนุญาต	ให้อำนาจ
การควบคุม	การคอนโทรล
ให้ประกาศนียบัตร	ให้หนังสือรับรอง	ให้ใบประกาศ
จำยอม	จำใจ	ยอม
เห็นด้วย	เห็นพ้อง
ไม่ยอมรับ	ไม่เห็นชอบ
ตอกกลับ	สวน	สวนกลับ
ซักถาม	สัมภาษณ์
การจ้าง	การว่าจ้าง
บ่ายเบี่ยง	ปฏิเสธ	หลีกเลี่ยง	เลี่ยง
พลาด	ไม่เจอ
หลบ	ออกห่าง
ธุรกิจคลังสินค้า	ธุรกิจจัดเก็บสินค้า
การจัดเก็บในบรรจุภัณฑ์	การบรรจุสินค้า
ละเว้น	หลีกเลี่ยง
การปราบจราจล	การปราบปรามจราจล
โต้เถียง	โต้แย้ง
ท่าจับล็อก	ท่าล็อก
พูดอภิปราย	อภิปราย
หักล้าง	แย้ง	โต้แย้ง
ตอบคำถาม	แก้ข้อกล่าวหา
การควบคุมทิศทางเรือ	การคัดท้ายเรือ	การถือหางเสือ
การนำทางไป	การแนะแนว
โต้ตอบ	โต้แย้ง
การคุ้มกัน	การปกป้อง
ยอมรับ	สารภาพผิด
การสงวนรักษา	การอนุรักษ์
การอนุรักษ์สภาพแวดล้อม	การอนุรักษ์สิ่งแวดล้อม
การทำเป็นมัมมี่	การทำให้เป็นมัมมี่
พิสูจน์ให้เห็น	เป็นพยานหลักฐาน
วิจารณ์อย่างสาดเสียเทเสีย	วิจารณ์อย่างหยาบคาย
ดุ	ดุด่า	ด่า	ด่าว่า	ด่่า
การป้องกันตัว	ศิลปะการป้องกันตัว	ศิลปะป้องกันตัว
กีฬายูโด	ยูโด
นินจุตสึ	นินจุตสุ
วิจารณ์	วิพากษ์	วิพากษ์วิจารณ์	อัด
มวยไทเก็ก	ไทเก็ก
การติดฉนวน	การติดตั้งฉนวน
เทศนา	แสดงธรรม
การคลุม	การห่อหุ้ม
เทศนา	เทศน์
ชี้แนะ	ถ่ายทอดความรู้	สอน
การดูแล	ความดูแล
กวดวิชา	ติว
การสวม	การสวมใส่
ปูพื้น	ปูพื้นฐาน	สอนพื้นฐาน	สอนวิชาพื้นฐาน	สอนเบสิค
บรรยาย	เล็คเชอร์
การช่วยหายใจ	การผายปอด
การหายใจปรกติ	การหายใจอย่างสบาย
ฝึกซ้อม	เทรน
กล่าวเท็จ	ปั้นน้ำเป็นตัว	พูดปด	พูดเท็จ	พูดโกหก	โกหก
ทำให้คลุมเครือ	พูดอำพราง
ที่ยากลำบาก	ที่หนัก	ที่ใช้แรงงานมาก
แกล้ง	แสร้ง
การกิน	การบริโภค
การป้อน	การป้อนทีละน้อย
การตด	การผายลม
การกลืน	การกิน	การดื่ม
กล่าวเกินจริง	คุยโม้โอ้อวด	พูดเกินความจริง
กล่าวประณาม	ประณาม
จับผิด	ตำหนิ
กล่าวหา	หาว่า
การเปิดซิง	การเปิดบริสุทธิ์
ทวงหนี้	ทวงเงิน
กามกิจ	การมีเพศสัมพันธ์	การร่วมประเวณี	การร่วมเพศ	การเสพสังวาส	การเสพเมถุน
แสดงความไม่เห็นด้วย	ไม่เห็นด้วย
การเอา	การเอากัน	แอส
กล่าวร้าย	ป้ายสี	พูดให้ร้าย	ใส่ความ	ใส่ร้าย	ใส่ร้ายป้ายสี
การข่มขืนกระทำชำเราเด็ก	การข่มขืนเด็ก
การจับคู่ผสมพันธุ์	การจับคู่ผสมพันธ์	การมีเพศสัมพันธ์
ดิสเครดิต	ทำลายชื่อเสียง	ทำให้ชื่อเสียงป่นปี้	ทำให้เสียชื่อเสียง
กล่าวร้าย	สาดโคลน	ใส่ร้าย	ให้ร้าย
ปากปลาร้า	ปากพล่อย	ปากเสีย	ปากไม่ดี
การคบชู้	การมีชู้
การลักลอบได้เสีย	การล่วงประเวณี
การร่วมเพศทางทวารหนัก	การสมสู่วัจมรรค	การเอาประตูหลัง
ยั่วล้อ	ล้อเลียน
ยั่ว	ยั่วเย้า	ล้อ	ล้อเลียน	เยาะเย้อ	เย้าหยอก	แหย่
แหย่	แหย่เล่น
การคุมกำเนิด	การชะลอการเกิด	การวางแผนครอบครัว
การคุมกำเนิด	การป้องกันการตั้งครรภ์
การกินยาคุม	การกินยาคุมกำเนิด
เสียดสี	เสียดเย้ย
เล่าเรื่องตลก	เล่าเรื่องโจ๊ก
การเล้ัาโลม	การเล้าโลม
พูดตลก	พูดติดตลก
การทำรักด้วยปาก	การมีเพศสัมพันธ์ทางปาก	ออรัลเซ็กส์	โอษฐกาม
ต้มตุ๋น	หลอกลวง
การดูดอวัยวะเพศ	การอมอวัยวะเพศ
การช่วยตัวเอง	การสำเร็จความใคร่ด้วยตนเอง
ชมเชย	สรรเสริญ
การชอบไม้ป่าเดียวกัน	ความต้องการมีเพศสัมพันธ์กับเพศเดียวกัน
การรักสองเพศ	ไบเซ็กชวลลิตี้
กล่าวยกย่อง	ยกย่อง	สดุดี
การเล่นเพื่อน	เลสเปียน
การตุ๋ยเด็ก	การมีเพศสัมพันธ์กับเด็กผู้ชาย
การร่วมเพศกับสัตว์	กา่รร่วมเพศกับสัตว์
การงีบหลับ	การสัปหงก
ส่งเสียงเชียร์	ส่งเสียงให้กำลังใจ	เชียร์
ยกย่อง	สรรเสริญ
ตบมือ	ปรบมือ
กล่าวโจมตี	ขว้าง
ซึ่งถูกจ้าง	ซึ่งมีงานทำ
ตำหนิอย่างรุนแรง	วิจารณ์
ซึ่งมีงานทำ	ซึ่งได้งาน
ทำให้ลดความสำคัญ	ลดความสำคัญ
ตกงาน	วิจัยฝุ่น	ว่าง	ว่างงาน	เตะฝุ่น
รีเฟล็กซ์เข่า	อาการเข่ากระตุก
ประณาม	สาปแช่ง
รีเฟล็กซ์แสง	รูม่านตาหด
สาป	สาปส่ง	สาปแช่ง	แช่ง	แช่งชักหักกระดูก
รับผิดชอบ	หาคำอธิบาย
ท้า	ท้าทาย
การคำนวณ	การคิดคำนวณ
การหาค่าสูงสุด	การหาค่าแม็กซ์
เป็นลาง	เป็นลางบอกเหตุ
การคำนวณทางคณิตศาสตร์	การบวกลบคูณหาร
การคำนวณค่าเมตริกซ์	การหาค่าเมตริกซ์
การประเมิน	การประเมินค่า
การดู	การมอง	การมองดู
ทำวิจัย	วิจัย
การชำเลือง	การชำเลืองมอง
การเหลือบมองด้านข้าง	การเหล่ตา	การเหล่ตามอง
การจ้อง	การจ้องดู	การจ้องมอง
ซึ่งมากขึ้น	ซึ่งเพิ่มขึ้น
ป้อยอ	ยกยอ	เชลียร์	เลีย
การเห็นฝั่ง	การเห็นแผ่นดิน
ซึ่งพอกพูน	ซึ่งเพิ่มพูน
สดุดี	สรรเสริญ
ประจบ	ประจบสอพลอ
ซึ่งเพิ่มขึ้นเป็นทวีคูณ	ซึ่งเพิ่มทวีคูณ
ซึ่งน้อยลง	ซึ่งลดลง
แสดงความชมเชย	แสดงความชื่นชม
การฟัง	การรับฟัง
อ่อน	เบา	แผ่ว
ยกยก	ยกยอ
เขียนเร็กคอมเมนด์	เร็กคอมเมนด์
การดม	การดมกลิ่น
การสูดกลิ่น	การสูดดม
คุยโว	โอ้อวด	โ้อ้อวด
การศึกษา	การสอน	การเรียน	การเรียนการสอน
คอร์ส	ชั้น	หลักสูตร	หลักสูตรการศึกษา	หลักสูตรการเรียน
การศึกษาระดับประถมศึกษา	การศึกษาระดับพื้นฐาน	การศึกษาเบื้องต้น	การเรียนระดับประถมศึกษา	การเรียนระดับพื้นฐาน
การศึกษาระดับอุดมศึกษา	การเรียนระดับอุดมศึกษา
ปฏิญาณตน	สัญญา
การศึกษาระดับมัธยมศึกษา	การเรียนระดับมัธยมศึกษา
ปฏิญาณตน	สาบานตน
การสอน	การสอนหนังสือ
กีฬาที่เล่นเป็นทีม	กีฬาที่แข่งขันเป็นทีม	กีฬาประเภททีม
การเทศนาสอน	การเทศน์สอน
การตั้งปุจฉาวิสัชนา	การถามตอบ
การติวหนังสือ	การสอนกวดวิชา	การสอนพิเศษ
การศึกษาที่บ้าน	การเรียนที่บ้าน
กราบขอบพระคุณ	ขอบคุณ	ขอบพระคุณ	ขอบใจ
หลักสูตรระยะสั้น	หลักสูตรเร่งรัด	เวิร์กช็อป
ประกาศขอบคุณ	แสดงความขอบคุณ
การบรรยาย	เลกเชอร์
อภัยโทษ	เพิกเฉย
ยกเว้น	เว้น
อ้างสิทธิ์	แสดงสิทธิ
จับมือ	เช็คแฮนด์
ผงกศีรษะ	ผงกหัว	พยักหน้า
พยักพเยิด	พยักหน้า
การอุปมาอุปไมย	การใช้ความเปรียบ	การใช้ภาพพจน์
กล่าวสดุดี	สดุดี
การวาดภาพคน	การวาดภาพบุคคล	การวาดภาพเหมือน
กล่าวอำลา	บ๊ายบาย	อำลา
ทำความเข้าใจ	แนะนำ
การทำอัลตราซาวด์	การบันทึกด้วยคลื่นเสียงความถี่สูง	อัลตราซาวด์
นิรโทษกรรม	ปล่อยตัว	ยกฟ้อง
การสร้างภาพด้วยเรโซแนนซ์แม่เหล็ก	เอ็มอาร์ไอ
ฟอกตัว	ล้างมือ
การสร้างภาพด้วยฟังก์ชันนัลเอ็มอาร์ไอ	เอฟเอ็มอาร์ไอ
ประสาทพร	อวยพร	ให้พร
การสร้างภาพด้วยโบลด์เอฟเอ็มอาร์ไอ	โบลด์เอฟเอ็มอาร์ไอ
ปรานี	ยกโทษ	ละเว้นโทษ	อภัย	เว้นโทษ	ให้อภัย
อโหสิ	อโหสิกรรม
ตัดสิน	พิพากษา
บ่น	พร่ำบ่น
การถ่ายทำภาพยนตร์	การถ่ายทำหนัง	การทำภาพยนตร์	การสร้างภาพยนตร์
งอแง	บ่น	บ่นพึมพำ
การสร้างการ์ตูนเอนิเมชั่น	การสร้างภาพยนตร์เอนิเมชั่น
การกรอด้าย	การปั่นด้าย
ทำปากกระหมุบกระหมิบ	บ่นพึมพำ	พึมพำ
การหล่อ	การหล่อโลหะ
การก่อสร้าง	การสร้าง
คร่ำครวญ	เสียใจ	โอดครวญ
ร้องตะโกน	ร้องอุทาน	อุทาน
ตะโกน	พูดเสียงดัง
การผลิต	โปรดักชั่น
ตะโกน	ร้องตะโกน	ร้องลั่น
อุตสาหกรรมขนาดเล็ก	อุตสาหกรรมในครัวเรือน
กระซิบ	กระซิบกระซาบ	พูดกระซิบ	พูดค่อยๆ	พูดเบาๆ	พูดเสียงค่อย	พูดเสียงเบา
ตะคอก	พูดอย่างโกรธเคือง
คาด	คาดเดา	เดา
คาดการณ์	ทาย	ทำนาย	พยากรณ์	สังหรณ์ใจ
ท้าพนัน	พนัน
บ่งชี้	บ่งบอก	แสดง
จำเจ	จืดชืด	น่าเบื่อ
ธุรกิจอุตสาหกรรม	อุตสาหกรรม
การขยายตัวทางอุตสาหกรรม	การทำให้เป็นอุตสาหกรรม
ทึ่ง	ประหลาดใจ
คาดคะเน	คำนวณ
การดีไซน์	การออกแบบ
การเขียนโปรแกรม	การเขียนโปรแกรมคอมพิวเตอร์	การโปรแกรมมิ่ง
ส่งซิก	ส่งภาษามือ
การประดิษฐ์ถ้อยคำ	การสร้างสรรคถ้อยคำ	การสร้างสรรค์ด้วยภาษา
การประพันธ์	การเขียนหนังสือ	การแต่งหนังสือ
การประพันธ์นวนิยาย	การเขียนนวนิยาย	การแต่งนวนิยาย	การแต่งเรื่อง
การสร้างงานศิลปะ	ศิลปะ
ทำให้จืดชืด	ทำให้บรรเทา	ลดความรุนแรง
ถูก	ที่มีราคาถูก	ที่ราคาถูก	ประหยัด	ย่อมเยา	ไม่แพง
เปิดโปง	แฉ
ที่มีราคาต่ำ	ที่ราคาต่ำ
เครื่องปั้นดินเผา	เซรามิกส์
การวาดเส้น	งานวาด
การพับกระดาษ	โอริกามิ
การระบาย	การระบายสี
เปิดเผย	เผยเคล็ดลับ	เผยไต๋
สะกด	สะกดคำ
การทำแบบจำลอง	การทำโมเดล
การตัดแต่งพุ่มไม้	การตัดแต่งไม้พุ่ม
การพิมพ์โลหะ	การสลักลวดลาย
ทำให้กระจ่าง	อธิบาย
การประพันธ์เพลง	การแต่งเพลง
กล่าว	คุย	พูด	พูดคุย	พูดจา
การตัด	การแกะสลัก
พล่าม	พูดพล่าม
พูดคุยเกี่ยวกับ	เอ่ยถึง
แสดง	แสดงความรู้สึก
ระบาย	ระบายอารมณ์
การตัดต่อ	การตัดต่อภาพยนตร์	การตัดต่อหนัง
นับ	นับจำนวน
สำรวจจำนวนประชากร	สำรวจสำมะโนประชากร
การนำกลับมาใช้	การรีไซเคิล
รวม	รวมยอด
งานทางวิศวกรรม	งานทางเทคโนโลยี	งานวิศวกรรม	งานเทคโนโลยี
งานทางวิศวกรรมอากาศยาน	งานวิศวกรรมอากาศยาน
งานทางวิศวกรรมยานยนต์	งานวิศวกรรมยานยนต์
ออกเสียงอโฆษะ	ออกเสียงไม่ก้อง
งานเทคโนโลยีชั้นสูง	งานเทคโนโลยีไฮเทค
ออกเสียงขึ้นจมูก	ออกเสียงนาสิก
ออกเสียงกลุ่มลม	ออกเสียงธนิต
ออกเสียงก้อง	ออกเสียงโฆษะ
การรบ	การใช้กำลังทหาร	การใช้กำลังรบ
สงครามจิตวิทยา	สงครามประสาท
การต่อสู้	การรบ	การสู้รบ
การป้องกัน	มาตรการป้องกัน
เผยแพร่	โฆษณา
ขยายความ	อธิบายเพิ่มเติม
ยุติธรรม	แฟร์
ลงรายละเอียด	ให้รายละเอียด
ที่ขาวสะอาด	ที่มีน้ำใจนักกีฬา
ซึ่งไม่ยุติธรรม	ซึ่งไม่แฟร์
ซึ่งชกกล่องดวงใจ	ซึ่งชกใต้เข็มขัด
ซึ่งผิดกติกา	ซึ่งเล่นขี้โกง	ซึ่งเล่นสกปรก	ซึ่งเล่นโกง
กล่าวย้ำ	กำชับ	กำชับกำชา	พูดซ้ำ	ย้ำ
ยุทธนาวี	สงครามกลางทะเล
การต่อสู้ทางชนชั้น	สงครามชนชั้น	สงครามระหว่างชนชั้น
ถอดความ	แปล
การซ้อมรบ	การฝึกซ้อมทางทหาร
การป้องกันการโจมตีทางอากาศ	การป้องกันทางอากาศ
ถอดความ	เปลี่ยนสำนวนใหม่
การกบฏ	การก่อกบฏ
คุย	พูดคุย	สนทนา	แลกเปลี่ยนความคิดเห็น
พูดกับตัวเอง	พูดคนเดียว
ลงทะเบียนเข้าพัก	เช็คอิน
การขโมยวัว	การขโมยวัวปศุสัตว์
spoi	การปล้น	การปล้นสะดม	การแย่ง
การใช้อาวุธเคมี	สงครามอาวุธเคมี	สงครามเคมี
ตีพิมพ์	พิมพ์
การโจมตีด้วยอาวุธชีวภาพ	การใช้อาวุธชีวภาพ	สงครามชีวภาพ
การป้องกันการทำสงครามชีวภาพ	การป้องกันสงครามชีวภาพ
ถ่ายทอดทางโทรทัศน์	ออกอากาศ
ภารกิจ	ภารกิจทางทหาร
การบุกโจมตี	การโจมตี
กระจายเสียง	ถ่ายทอด	ออกอากาศ
การทำศึก	การทำสงคราม	การศึก	การสงคราม	ศึก	ศึกสงคราม	สงคราม
ยุติการออกอากาศ	หยุดกระจายเสียง
การทำสงครามแบบสายฟ้าแลบ	ยุทธการสายฟ้าแลบ
ประชาสัมพันธ์	โฆษณา	โฆษณาประชาสัมพันธ์	โปรโมท
การตีโต้	การโต้กลับ
การทิ้งบอมบ์	การทิ้งระเบิด
การระเบิดฆ่าตัวตาย	การระเบิดพลีชีพ	การใช้ระเบิดฆ่าตัวตาย	การใช้ระเบิดพลีชีพ
การรักษาสันติภาพ	ปฏิบัติการรักษาสันติภาพ	ภารกิจรักษาสันติภาพ
ติดอ่าง	พูดติดอ่าง
ที่วิ่งช้า	ที่แล่นช้า
ฟาสต์	เร็ว
อัลเลโกร	เร็ว
ค่อนข้างเร็ว	อัลเลเกร็ตโต
เปรสโต	เร็วมาก
เปรสติสซิโม	เร็วที่สุด
ผันคำ	ผันรูป
วิวาเช	เร็วมีชีวิตชีวา
ช้า	สโลว์
ลงเสียงหนัก	เน้นเสียง
ส่งเสียง	เปล่งเสียง
พุงพลุ้ย	พุงยื่น	พุงหลาม	พุงอ้วน
การระดมยิง	การใช้ปืนใหญ่ระดมยิง
การยิงจากด้านข้างเรือรบ	การยิงจากเรือ
การระดมยิง	การรัวกระสุน
ผอมเหลือแต่ซี่โครง	ผอมเห็นซี่โครง	เหลือแต่กระดูก
ผอมสูง	สูงชะลูด
คุยกับ	พูดกับ	พูดคุยกับ
จ่าหน้าซอง	เขียนชื่อที่อยู่
ผอมบาง	สเลนเดอร์
การยิงกันเอง	การยิงพวกเดียวกันเอง
สอน	อบรม
ทำท่าทาง	แสดงท่าทาง
ส่งโทรจิต	โทรจิต
ที่ปราศจากไขมัน	ที่ไม่มีไขมัน
ขีดเขียน	เขียน
ที่มีแคลอรี่ต่ำ	ที่แคลอรี่ต่ำ
เข้ารหัส	เปลี่ยนเป็นรหัส	เปลี่ยนเป็นโค้ด
เขียนรหัส	เขียนเป็นรหัส	เขียนเป็นโค้ด
การยิงปืนมุมสูง	การยิงมุมสูง
สงครามข่าวสาร	สงครามสื่อ
ลงนาม	เซ็น	เซ็นชื่อ
สงครามจิฮัด	สงครามศักดิ์สิทธิ์	สงครามศาสนาอิสลาม
ประทับตรา	ประทับเครื่องหมาย
บันทึกเทป	เร็กคอร์ด
บันทึกข้อมูล	บันทึกข้อมูลลงคอมพิวเตอร์	เซฟ	เซฟงาน	เซฟไฟล์
บันทึกเทป	บันทึกเสียง	อัดเทป	อัดเสียง
บันทึกเทปก่อนออกรายการ	บันทึกเทปก่อนออกอากาศ
บันทึก	บันทึกลง	เขียนลง
บันทึกพงศาวดาร	บันทึกเหตุการณ์ประวัติศาตร์
จดรายละเอียด	บันทึกรายละเอียด
ถ่าย	ถ่ายทำภาพยนตร์	ถ่ายภาพยนตร์	ถ่ายหนัง
ถ่ายวิดีโอ	บันทึกเทป	อัดเทป
จับภาพ	ถ่ายภาพ	ถ่ายรูป	บันทึกภาพ
การกลมกลืน	การแรเงา
การถ่ายภาพความร้อน	อุณหลิขิต	เทอร์โมกราฟี
การทดสอบระดับสติปัญญา	การทดสอบสติปัญญา	การสอบ	เทสต์
การทดสอบเชาวน์ปัญญา	การทดสอบไอคิว	การวัดเชาวน์ปัญญา	การวัดไอคิว
ส่งโทรเลข	โทรเลข
วิทยุ	วิทยุติดต่อ
ส่งแฟกซ์	ส่งโทรพิมพ์	แฟกซ์
กล่าวสรุป	พูดสรุป	สรุป
เขียนบทคัดย่อ	ใส่บทคัดย่อ
บอก	พูด
การเช็คชื่อ	การเช็คชื่อนักเรียน
การจัดกลุ่ม	การจำแนกประเภท
คัดค้าน	ประท้วง
การจัดจำพวก	การจำแนกแบบอนุกรมวิธาน
การรวบรวม	การรวมกลุ่ม
เป็นพยาน	ให้การ
การรวบรวม	การรวม
ยืนยัน	แสดงหลักฐาน
อ้างถึง	อ้างเป็นหลักฐาน
กล่าว	ยืนยัน	แจ้ง
ค่อม	หลังโก่ง
การก็อปปี้	การทำสำเนา
ออกความเห็น	แสดงความคิดเห็น	แสดงทัศนะ
เขียนหวัด	เขียนหวัดๆ
จด	โน้ต
ยกตัวอย่าง	ยกตัวอย่างประกอบ
จัด	จัดเตรียม
กล่าวอ้าง	อ้าง
กล่างถึง	อ้างถึง
กรรมวิธี	กระบวนการ	โพรเซส
การบูชา	การสักการะ	การสักการะบูชา	การไหว้
ตั้งชื่อใหม่	เปลี่ยนชื่อ	เปลี่ยนชื่อใหม่
การบูชาบรรพบุรุษ	การไหว้บรรพชน	การไหว้บรรพบุรุษ
ตั้งชื่อหัวข้อ	ตั้งชื่อเรื่อง
พิธีเบริต	พิธีเบริตไมลาห์
เขียนจดหมาย	เขียนจม.
ส่งอีเมล์	ส่งเมล์	อีเมล์	เมล์
พิธีสวด	พิธีสักการะบูชา
คอมเมนต์	แสดงความคิดเห็น
จากต่างประเทศ	จากต่างแดน	ต่างประเทศ	ต่างแดน	แปลก
พระกระยาหารค่ำมื้อสุดท้าย	อาหารมื้อสุดท้าย
การสบฟันผิดปรกติ	การหมั้น
คุยจ้อ	พูดเพ้อเจ้อ	พูดเรื่อยเปื่อย	พูดเืพ้อเจ้อ	พูดไร้สาระ
การแต่งงาน	พิธีมงคลสมรส
การสมรส	งานวิวาห์
ต่างชาติ	ต่างประเทศ
พูดเรื่อยเปื่อย	พูดเรื่้อยเปื่อย	พูดไร้สาระ
บัพติศมา	ศีลจุ่ม	ศีลล้างบาป
ขายขนมจีบ	จีบ	หม้อ	เกี้ยว	เกี้ยวพาราสี
ภายใน	ภายในประเทศ
ภายในชาติ	ภายในประเทศ	ในบ้าน	ในบ้านเมือง
จ้อ	ซุบซิบ	พูดคุย	พูดคุยสนุกๆ	พูดคุยไร้สาระ	พูดเรื่อยเปื่อย	เมาท์
ติดต่อด้วยสัญญาณ	ส่งสัญญาณ	ให้สัญญาณ
ใช้ธงสัญญาณ	ใช้สัญญาณซีมาฟอร์
โบกมือ	โบกไม้โบกมือ
ซุบซิบ	นินทา	พูดลับหลัง
กุข่าว	ประโคมข่าว	ปล่อยข่าว	ปล่อยข่าวลือ
พึมพำ	พูดพึมพำ
พึมพำ	พูดพึมพำ
ร้องเสียงดัง	ร้องเสียงโหยหวน	ร้องโหยหวน
ร้องโหยหวน	หอน
พูดเสียงกร้าว	พูดเสียงแข็ง
เห่าบ๊อก	เห่าบ๊อกๆ
การปกปิด	การปิดบัง
กรีดร้อง	แผดเสียง
การพรางตัว	การอำพราง
การฝัง	การฝังดิน
สั่น	สั่นเสียง
ส่งเสียงเอะอะ	โวยวาย
ที่ส่งกลิ่นหอม	หอมหวาน
ที่มีกลิ่นน้ำหอม	หอมฟุ้ง
บีบแตร	ปี๊น
ตัด	รบกวน
ที่ไม่มีกลิ่น	ไร้กลิ่น
คอมเม็นต์	ตั้งข้อสังเกต	ติชม	มีข้อติชม
การดูแลสุขภาพ	การรักษาสุขภาพ
แฝง	แสดงถึง
แชร์	แบ่งปัน
ต่อสายคุย	ต่อสายถึง
เรียกราคา	เรียกเงิน
คอนเน็กต์	ต่อสาย
การควบคุมการจราจร	การควบคุมจราจร
แข่ง	แข่งขัน
เล่นตำแหน่งควอร์เตอร์แบ็ก	เล่นเป็นควอร์เตอร์แบ็ก
บลัฟ	เกทับ
เสิร์ฟ	เสิร์ฟลูก
เสิร์ฟด้วยลูกเอซ	เสิร์ฟเอซ
ประจันหน้า	เจอ
ที่กลายเป็นของเหลว	ที่กำลังละลาย
สกัด	เกี่ยว
ชกด้วยหมัดลุ่นๆ	สู้ด้วยกำปั้น
ถล่ม	บดขยี้
ทำพาร์	เซฟพาร์
ชู้ต	ซัลโว	ยิง
เต็มไปด้วยตัวอสุจิ	เต็มไปด้วยสเปิร์ม
สวัสดิการ	สวัสดิการสังคม
ว่าง	เปล่า
ประกันสังคมแห่งชาติ	ระบบประกันสังคม
สุมหัว	เข้าแก๊งค์
ต่อสู้	ประลอง	สู้
การค้า	การพาณิชย์	พาณิชยกรรม
ตอบโต้	โต้กลับ
ชำระแค้น	ทวงแค้น	ล้างตา	ล้างแค้น	แก้แค้น
ปิดป้อง	ป้องกันตัว
รบ	สู้รบ
ข้อตกลงเขตการค้าเสรีอเมริกาเหนือ	นาฟตา
ทำศึก	ทำศึกสงคราม	ทำสงคราม
ยุติสงคราม	สร้างสันติภาพ
การให้กู้	การให้กู้ยืม	การให้ยืม
กิจการ	ธุรกิจ
แสดงการกระโดดร่มผาดโผน	แสดงการกระโดดร่มแบบผาดโผน
การดำเนินการ	การดำเนินธุรกิจ	การประกอบการ
กิจการ	ธุรกิจ
ขึ้นทะเบียนทหาร	สมัครเป็นทหาร
ตลาด	ตลาดการค้า	มาร์เก็ต
ลงทะเบียนสมัครสมาชิก	ลงทะเบียนเป็นสมาชิก
ปราชัย	พ่าย	พ่ายแพ้	แพ้
ตีโฮมรัน	ทำโฮมรัน	โฮมรัน
การโฆษณา	ธุรกิจโฆษณา
พิชิต	เอาชนะ
การสร้าง	ธุรกิจรับเหมาก่อสร้าง
เติบโตเร็วกว่า	โตเร็วกว่า
การดำเนินการ	การดำเนินธุรกิจ	ธุรกรรม
เรื่องระดับนานาชาติ	เรื่องระดับโลก
การโอน	การโอนกรรมสิทธิ์
ที่มีชื่อสินค้า	ที่มีตรา	ที่มียี่ห้อ	ที่มีแบรนด์
ถล่ม	บดขยี้
ขึ้นนำ	ขึ้นแท่น	ได้เปรียบ
ทำคะแนน	ทำแต้ม	ได้คะแนน	ได้แต้ม
การตลาด	มาเก็ตติ้ง
การตลาดทางตรง	การตลาดโดยตรง
การขาย	การจำหน่าย	การทำตลาด
ทำอีเกิ้ล	ยิงอีเกิ้ล
ตีโฮลอินวัน	ทำโฮลอินวัน
เสิร์ฟลูกเอซ	เสิร์ฟเอซ	ได้คะแนนจากลูกเสิร์ฟเอซ
เจ๊า	เสมอ
ตีเสมอ	ยิงตีเสมอ	ยิงเจ๊า
ขอยอมแพ้	ยกธงขาว	ยอมแพ้
จริง	แท้
การขายทางโทรศัพท์	การขายสินค้าทางโทรศัพท์
สละตำแหน่ง	สละอำนาจ
ปลอม	ปลอมแปลง
ยอม	ยุติการต่อสู้
การขายลดราคา	การลดราคา
เข้าโจมตี	โจมตี
จู่โจม	จู่โจมทันที
ทำร้ายร่างกาย	เข้าทำร้าย
การจ่ายเงิน	การชำระเงิน
การเลี่ยงการชำระเงิน	การไม่ชำระหนี้
การจ่ายเกิน	การจ่ายเงินเกิน
ชาร์จ	เข้าชาร์จ
ดวล	สู้กันตัวต่อตัว
การจ่าย	การจ่ายเงิน
การจ่ายขาด	การจ่ายเงินขาด
เล่นขี่คอ	เล่นขี่ม้าชน
กิจกรรมทางการเมือง	เรื่องทางการเมือง
เคาน์เตอร์แอตแทค	โต้กลับ
รุกล้ำอาณาเขต	เข้าบุกยึด
กีดขวาง	ตั้งด่านตรวจ
ดีเฟนด์	ป้องกัน
คุ้มกัน	ป้องกันอันตราย
การผูกขาด	เอกสิทธิ์
เฝ้า	เฝ้าระวัง
การทำหน้าที่	ภาระ
กำบัง	ซ่อนเร้น
ล้อมกำแพง	สร้างกำแพงป้องกัน
ทิ้งระเบิดนิวเคลียร์	โจมตีด้วยระเบิดนิวเคลียร์
การจัดการ	การดำเนินการ
ปล่อยกระสุน	ลั่นกระสุน
ยิงเหนือเป้า	ยิงเหนือเป้าหมาย
ลั่นไก	เหนี่ยวไก
ขี้โมโห	ซึ่งโมโหง่าย
กราดยิง	ยิงกราด
ยิง	ยิงกระสุน	ยิงปืน
ยิงลูกสะบ้า	ยิงหัวเข่า
กระหน่ำยิง	ยิงรัว	ระดมยิง	รัวกระสุน
ปล่อยตอร์ปิโด	ยิงตอร์ปิโด
ทำให้ปลอดภัย	ปกป้อง
ซุ่ม	ซุ่มโจมตี
แลกกำปั้น	แลกหมัด
พนัน	วางเดิมพัน
จับปลาด้วยอวน	ลงอวน
จับปลา	ตกปลา	หาปลา
การมอบอำนาจ	การเป็นตัวแทน
ตกปลาด้วยเบ็ด	ลงเบ็ด	วางเบ็ด
ล่าปลาวาฬ	ล่าวาฬ
การตระเตรียม	การเตรียมพร้อม
ล่า	ล่าสัตว์
ล่าสัตว์	ล่าเหยื่อ
การกบฏ	รัฐประหาร
ตามหลักไวยกรณ์	ตามไวยากรณ์
โยนโบลลิ่ง	โยนโบล์
การกักขัง	การขังคุก	การจองจำ
ตีกอล์ฟ	ร่วมสวิง	เล่นกอล์ฟ
ดวลดาบ	ประดาบ	ประลองดาบ	ฟันดาบ
การจับกุมคุมขัง	การจับขัง
อกตัญญู	ไม่ซาบซึ้งใจ
การคุมขัง	การคุ้มกัน
ที่มีโครโมโซมหนึ่งชุด	แฮพลอยด์
ทำผิดกติกา	ทำฟาวล์	ผิดกติกา	ฟาวล์	เล่นผิดกติกา	เล่นฟาวล์
ตีลูกฟาวล์	ทำฟาวล์	ฟาวล์
ปลอบใจ	อยู่เคียงข้าง
การตัดสิทธิ์	การริดรอน
ยกน้ำหนัก	ยกเวท
ตั้งเป้า	มุ่ง
การปลอบ	การยอมตาม
การปลอบโยน	การสร้างความสงบ
ตั้งชัน	ที่เป้าตุง	แข็ง	แข็งโด่	โด่
การแปรรูปรัฐวิสาหกิจ	การโอนเป็นของเอกชน
ซึ่งจับตัวแข็ง	แข็งตัว
ที่กลายเป็นหิน	ที่แข็งเหมือนหิน
ที่ค่อนข้างแข็ง	แข็งๆ
นุ่ม	อ่อน	อ่อนนุ่ม
การทำให้เป็นของชุมชน	การทำให้เป็นสมบัติสาธารณะ	การเปลี่ยนให้เป็นของชุมชน
ที่นุ่มเหมือนชีส	ที่เหมือนชีส
คิดบัญชี	ทวงแค้น	ล้างแค้น	แก้แค้น
การเลือกปฎิบัติ	การเลือกปฏิบัติ
ที่ค่อนข้างนุ่ม	นุ่มๆ
ลัทธิเชื้อชาติ	ลัทธิเหยียดผิว
ตามทัน	ไล่ทัน
ประหยัด	ใช้อย่างประหยัด
ที่ขายสุรา	ที่มีสุราขาย
ใช้ผิด	ใช้ในทางที่ผิด
กินคน	กินเนื้อมนุษย์
รียูส	รีไซเคิล	ใช้ซ้ำ
ใช้	ใช้งาน
ใช้ประโยชน์	ใช้ให้เกิดประโยชน์
นำมาใช้ประโยชน์มากเกิน	นำมาใช้มากเกิน
ติดยา	ทำให้ติด
กิน	ทาน	รับประทาน
กินข้าวที่บ้าน	กินข้าวบ้าน
รับประทานอาหารเย็น	เลี้ยงอาหารเย็น
กินข้าวเย็น	รับประทานอาหารเย็น
กิน	ฉัน	ซัด	ทาน	รับประทาน	เสวย	แดก
กินแหลก	ยัด
กิน	ดื่ม
การก่อจราจล	การจราจล	การใช้ความรุนแรงโดยผู้ชุมนุม	การใช้ความรุนแรงในที่สาธารณะ	จราจล
การต่อสู้	การสู้รบตบมือ
กิน	กินเหล้า	ดื่ม	ดื่มเหล้า
กินเหล้ามากเกิน	ดื่มหนัก
การดวลดาบ	การฟันดาบ
กินแต่เหล้า	ดื่มหนัก
กินของว่าง	ทานของว่าง
สวาปาม	เขมือบ
การจ้วงแทง	การแทง	การแทงด้วยมีด
การชกอัปเปอร์คัต	การชกเสย	การอัปเปอร์คัต
ชน	ชนแก้ว
ดื่มจนหยดสุดท้าย	แปลจนหยดสุดท้าย
การทะเลาะวิวาท	การวิวาท
กินอยู่	กินอยู่กับ
นอนข้างนอก	อาศัยอยู่ห่างจาก
การแสดงความรู้สึก	การแสดงออกของสังคม
เลี้ยงหมู	ให้อาหารหมู
กระบวนการตามกฎหมาย	วิถีทางที่ถูกต้องแห่งกฎหมาย
การดำเนินคดี	คดีความ
จัดเตรียม	จัดให้
ที่มีศีรษะ	ที่มีหัว
ตอบสนอง	ตอบโจทย์	สนอง	สนองความต้องการ
ที่ถูกตัดศีรษะ	ที่ถูกตัดหัว
สนับสนุน	ส่งเสริม	ให้การสนับสนุน
อุปถัมภ์	อุปถัมภ์ค้ำชู
กินข้าวเที่ยง	รับประทานอาหารเที่ยง
กินข้าวเช้า	กินมื้อเช้า	รับประทานอาหารเช้า
ท้องร้อง	หิว	หิวโหย
กระหาย	หิว	อยากกิน
ควบคุมอาหาร	อดอาหาร	ไดเอ็ท
การพิพากษา	การพิพากษาลงโทษ
ทำให้เมา	เมา
น้อย	เล็ก
คับคั่ง	หนัก
กินไวน์	ดื่มไวน์
กินตามใจปาก	ปล่อยให้กินตามใจชอบ
ยัด	สวาปาม
ขุน	ทำให้อ้วน
ซึ่งช่วยเหลือ	ซึ่งให้ความช่วยเหลือ
งด	ละเว้น	เว้น
งด	ละเว้น	เลิก
กินมูมมาม	มูมมาม
กินเกลี้ยง	กินไม่เหลือ
สวาปาม	เขมือบ
ดูดดังจ๊วบ	ดูดเสียงดัง
เล่นยา	เสพยา	ใช้ยา
โด๊ป	โด๊ปยา	ใช้สารกระตุ้น
การหย่า	การหย่าขาด	การหย่าร้าง
ที่ชอบเพศเดียวกัน	เลสเบียน	เลสเปี้ยน
ดับกระหาย	บรรเทา	ระงับความอยาก
ชิด	ติด
จับ	สัมผัส	แตะ
สัมผัสด้วยนิ้วเท้า	ใช้นิ้วเท้าสัมผัส
การช่วยเหลือ	ความช่วยเหลือ
ปกคลุม	แผ่คลุม
ที่มีเทคโนโลยีสูง	ไฮเทค
คอต่ำ	ที่มีคอต่ำ
คอสูง	ที่มีคอสูง
สัมผัสด้วยนิ้ว	สัมผัสด้วยนิ้วมือ	ใช้นิ้วมือสัมผัส	ใช้นิ้วสัมผัส
ลูบ	ลูบคลำ
จับ	ใช้มือจับ
คลำ	คลำเปะปะ	ควาน
การปลอบใจ	ความรู้สึกสบายๆ
ขยับเม้าส์	เลื่อนเม้าส์	ใช้เม้าส์
ต่ำ	ต่ำกว่าปรกติ
กุม	จับไว้แน่น
ต่ำสุด	ที่ระดับต่ำสุด
การสนับสนุน	การอุปถัมภ์	ความช่วยเหลือ	สนับสนุน
ดึงออกมา	เอาออกมา
จับกุม	รวบตัว
การอนุมัติ	การเห็นด้วย
ต่ำ	ทุ้ม
จับตัว	ได้ตัว
สวมปลอกคอ	ใส่ปลอกคอ
ทุ้มต่ำ	เบส
จับ	จับแน่น	ยึด	ยึดแน่น
กอดแน่น	ยึดแน่น
ค้ำ	รอง	รองรับ	รับน้ำหนัก	หนุน
การจ้างงาน	การว่าจ้าง	การให้งานทำ
รับภาระ	แบกรับ
ผูก	มัด	ยึด
ยกด้วยแม่แรง	ใช้แม่แรงยก
การเสริมแรง	การให้รางวัล
ที่ต่ำ	ที่ลุ่ม
การดูถูก	การดูหมิ่น
การป้ายสี	การใส่ร้าย	การใส่ร้ายป้ายสี
ติด	แนบ
ซื่อตรง	ซื่อสัตย์	ซื่อสัตย์สุจริต	ตงฉิน	มือสะอาด	สุจริต
คำสบประมาท	คำเยาะเย้ย
ซึ่งไม่ซื่อสัตย์	ทุจริต
ถัก	บิด
การดูถูก	การลบหลู่	การลบหลู่ดูหมิ่น	การสบประมาท	การหมิ่นประมาท	การหมิ่นเกียรติ
การบอกปัด	การปฏิเสธ
การแสดงความสุภาพ	ความสุภาพ
ทางท่า	ท่าที
ซึ่งมีหวัง	มีหวัง
กระจาย	ซึม	อบอวล	แพร่
การชุมนุม	การรวมกลุ่ม	การรวมตัว
กระทุ้ง	ทิ่ม
ซึ่งหมดอนาคต	หมดอนาคต
กระซวก	จ้วงแทง	แทง
ขย้ำ	ตะปบ
ชโลม	ทา
ทำหลังคา	มุงหลังคา
ซึ่งเอียงทำมุม	เอียง
การล้างแค้น	การแก้แค้น
ซึ่งตั้งตรง	ตรง
ความบาดหมาง	ความอาฆาต
การทำสงคราม	การศึกสงคราม	สงคราม
การกวาดล้างยาเสพติด	สงครามยาเสพติด
พลาด	ยิงไม่โดน	ไม่โดน
ขึ้นบ่า	เอาขึ้นบ่า	แบก
ชน	ปะทะ
การกวาดล้าง	การทำลายล้าง
ขัดด้วยแว็กซ์	ลงแว็กซ์
ขัดมัน	ขัดเงา
การทอดลูกเต๋า	การทอยลูกเต๋า
ขัดสี	ขัดเงา
การกราดยิงจากเครื่องบิน	การยิงกราดจากเครื่องบิน
การโจมตีแบบไม่ให้ตั้งตัว	การโจมตีแบบไม่ให้รู้ตัว
ทำให้คม	ลับ
ขึ้นนก	ขึ้นไก
ขลิบ	เล็ม
ตัดด้วยกรรไกร	ใช้กรรไกรตัด
ขัด	ขัดถู
การฆาตกรรมทารก	การฆ่าทารก
การดักยิง	การลอบยิง
การฆ่าจอมเผด็จการ	การสังหารเผด็จการ
การฆ่าชิงทรัพย์	การปล้นฆ่า
หนาว	เย็น
ขัด	ถู
การทำให้เปลืองเสียเปล่า	การสูญเปล่า
กัดกร่อน	ขัด	ขัดให้เรียบ
สไลซ์	หั่นสไลซ์
สลัก	สลักเสลา	แกะ	แกะสลัก
ตอก	ตอกโลหะ
สลัก	แกะสลัก
ผ่า	ฟัน
การฉายเดี่ยว	การบินเดี่ยว	การแสดงเดี่ยว
ทำให้ล้ม	ทำให้หล่น
โค่นต้นไม้	โค่นไม้
การตัดไม้	การตัดไม้ทำลายป่า	การทำลายป่า
การทำสมูท	การทำให้เรียบ
ขบขัน	ตลก
ทำถนน	เตรียมทาง
ลาดยางมะตอย	ลาดยางแอสฟัลต์
ลงน้ำมัน	เคลือบน้ำมัน
ลงแว็กซ์	เคลือบแว็กซ์
กระหาย	หิวน้ำ
ประทับ	ประทับตรา	ปั๊ม	ปั๊มตรา	สแต็มป์
ประทับตรายาง	ปั๊มตรายาง
ขลิบหนังหุ้มปลายอวัยวะเพศ	เข้าสุหนัด
เจาะ	เจาะรู
ทำให้ร่วน	ทำให้ร่วนซุย	พรวน
สลักสำคัญ	สำคัญ
ขีดเส้น	ตีเส้น
หลัก	ใหญ่
ชนบุบ	ทำให้บุบ
งอ	ทำให้งอ	บิด	หัก
ทำให้งอไม่ได้	ทำให้โค้งงอไม่ได้	ทำให้โค้งไม่ได้
ทิ่มด้วยนิ้วหัวแม่มือ	ทิ่มด้วยนิ้วโป้ง
ผูก	มัด
ลงกลอน	ลั่นกลอน	ใส่กลอน
มัด	มัีด
มัดขามัดปีก	มัดปีกมัดขา
ล่ามโซ่	ใช้โซ่ล่าม
ผูกเชือก	มัดเชือก
ผูกสายหนัง	มัดสายหนัง
ล่าม	ล่ามเชือก
การรบที่ปีเตอร์เบิร์ก	ปฏิบัติการปีเตอร์เบิร์ก
ต่อ	เชื่อม
ต่อสายกราวด์	ต่อสายดิน
ทำให้เชื่อมกัน	เชื่อม	เชื่อมต่อ
ทอดสะพาน	ทำสะพานข้าม
ผูกกระดิ่ง	ผูกระฆัง
สมาส	สมาสสนธิ
ห่อด้วยผ้าอ้อม	ห่อผ้าอ้อม
การรบครั้งแรกที่อีพร์	การรบที่อีพร์
การรบครั้งที่สองที่อีพร์	การรบที่อีพร์
การรบครั้งที่สามที่อีพร์	การรบที่อีพร์
สงครามหกวัน	สงครามอาหรับ-อิสราเอล
สงครามยมคิปปูร์	สงครามอาหรับอิสราเอล
การปฏิวัติอังกฤษ	การปฏิวัติอันเรืองโรจน์
ทอดสมอ	ทอดสมอเรือ
สงครามฝรั่งเศส-อเมริกันอินเดียน	สงครามฝรั่งเศสและอินเดียน
จอดเรือ	มัดให้แน่น
ตกแต่งด้วยไม้ดาม	ใช้ไม้ดาม
สงครามอ่าว	สงครามอ่าวเปอร์เซีย
สงครามสเปน	สงครามสเปน-อเมริกา
วางหู	วางหูโทรศัพท์
ขุด	ขุดเจาะ
มีเลศนัย	ไม่จริงใจ
ขุดขึ้นมา	ขุดหัวมัน
ฉีด	ฉีดพ่น	พ่น
เซลล์ผสม	เซลล์เชื่อมต่อ
พาหะ	พาหะนำโรค
สัตว์เลี้ยงตามทุ่งหญ้า	สัตว์เลี้ยงในทุ่งหญ้า
นักล่า	สัตว์นักล่า
ตามล่า	ล่าตัว
สัตว์กินซาก	สัตว์กินซากสัตว์
สัตว์ใช้งาน	สัตว์ใช้แรงงาน
ต่าง	สัตว์บรรทุก
สัตว์ชักลาก	สัตว์ลากของ
สัตว์ที่เป็นอาหาร	สัตว์ที่เลี้ยงไว้เป็นอาหาร
ตัว	หัว
สัตว์ทะเล	สัตว์น้ำ
ดิพลอยด์	เซลล์ดิพลอยด์	เซลล์ที่มีโครโมโซมสองชุด
เซลล์ที่มีโครมาโซมหนึ่งชุด	เซลล์แฮพลอยด์
พอลิพลอยด์	เซลล์โพลีพลอยด์	โพลีพลอยด์
ตัวเมีย	สัตว์ตัวเมีย	สัตว์เพศเมีย	เพศเมีย
ขลิบ	เล็ม
ตัวผู้	สัตว์ตัวผู้	สัตว์เพศผู้
ตัดผ่าน	ตัดยอด
ลูกสัตว์	ลูกอ่อน
ลูกสัตว์กำพร้า	สัตว์กำพร้า
ลูก	ลูกอ่อน
ลูกสุนัขป่า	ลูกหมาป่า
ลูกสุนัข	ลูกหมา
ตัวผู้หนุ่ม	ลูกสัตว์กินเนื้อ
ฆ่าสัตว์	เชือด
ทารก	ลูกสัตว์ที่ยังไม่หย่านม	สัตว์ที่ยังไม่อดนม
วางยา	วางยาพิษ	วางยาเบื่อ
ขว้างหินใส่	ปาหินใส่
วางยา	วางยาพิษ	วางยาเบื่อ	ใส่ยาพิษ
ฆ่า	ทำให้ตาย
ด้านการศึกษา	ทางการศึกษา	ที่ให้ความรู้
เขา	เขาสัตว์
ฮอร์น	เขา
จุลชีพ	จุลชีวัน	จุลชีวิน	จุลินทรีย์
กำจัด	ทำลาย
สิ่งมีชีวิตที่ต้องอาศัยออกซิเจนในการดำรงชีพ	แบคทีเรีย
กระแทกศีรษะ	จับหัวกระแทก
ฉีดยา	ทำให้หลับ
ทำให้หายไปจากโลก	เก็บ
พันธุ์ผสม	ลูกผสม
ฆ่าล้างเผ่าพันธุ์	สังหารหมู่
ประทับ	พ่วง
เชื้อไวรัส	ไวรัส
เย็บซ้ำ	เย็บอีกครั้ง
ทิ่มด้วยเข็ม	ใช้เข็มทิ่ม
ติดเทป	ติดเทปกาว
ไวรัสเวสต์ไนล์	ไวรัสเวสต์ไนล์เอนเซปฟาไลทิส
ที่มีปัญญา	ที่มีสติปัญญา
ห่อกระดาษฟอยล์	ห่อฟอยล์
ตั้งแต่เกิด	ตามธรรมชาติ	โดยกำเนิด
ที่มีเชาว์ปัญญา	ที่มีไหวพริบ	ที่มีไหวพริบปฏิภาณ	หัวไว
ปิดด้วยแผ่นไม้	ปิดด้วยไม้กระดาน
คม	แหลมคม
ที่ไม่มีปัญญา	ที่ไม่มีสติปัญญา	ที่ไร้สติปัญญา	โง่
เอชไอวี	ไวรัสเอชไอวี
คลุมหมวกฮู้ด	สวมหมวกฮู้ด
โปลิโอไวรัส	ไวรัสโปลิโอ
ห่อ	ห่อด้วยสิ่งที่เป็นแผ่น
ปักหมุด	ปักเข็มหมุด
ทำให้ติดแน่น	ฟิกซ์	ยึด	ยึดให้แน่น
ลิสซาไวรัส	ไวรัสลิสซา
ไวรัสโรตา	ไวรัสโรทา
อาณาจักรโมเนรา	อาณาจักรโมเนอรัน
ปิด	หมุนขึ้น
เปิด	เปิดอยู่
กัก	ขัง
ปิดประตู	ล็อก
บัคเตรี	แบคทีเรีย
ลงกลอน	ใส่กลอน
บาซิลลัส	บี	แบคทีเรียบาซิลลัส
บาซิลลัสแอนทราซิส	เชื้อบาซิลลัสแอนทราซิส
ทำแรง	ทำแรงๆ	ออกแรง	ใช้แรง
เก็บความรู้สึก	เก็บงำความคิด	เก็บตัว
ค็อกคัส	แบคทีเรียทรงกลม
ฮีลิโอแบกเตอร์	ฮีลิโอแบกเตอร์ไพโลริ
ขัน	ขันสกรู
ชนิดแบคทีเรีย	สปีชีส์แบคทีเรีย
ซีล	ปิดผนึก	ผนึก
ผูก	เชื่อมโยง
ซีล	ผนึก
สวมหน้ากาก	ใส่หน้ากาก
สาหร่ายสีเขียวแกมน้ำเงิน	ไซยาโนแบคทีเรีย
แบคทีเรียสังเคราะห์แสง	โฟโตโทรฟิกแบคทีเรีย
ทาสี	ลงสี
ทำแอร์บรัช	ระบายด้วยแอร์บรัช
ยาปูน	ยาแนว
ถูกับฟองน้ำ	ถูด้วยฟองน้ำ
เกี่ยว	เกี่ยวตะขอ
เกี่ยว	ใช้ตะขอเกี่ยว
ปลดตะขอ	เอาออกจากตะขอ
ฉาบ	ฉาบปูน
หนีบคลิป	หนีบด้วยคลิป	ใช้คลิปหนีบ
กลัดกระดุม	ติดกระดุม
ฉีดพ่น	พ่น	สเปรย์
เชื้อคลาไมเดียซิตตาไซ	แบคทีเรียคลาไมเดียซิตตาไซ
ฉีด	พ่น	สเปรย์
ลีจิโอเนลลา	เชื้อลีจิโอเนลลา
สาด	หว่าน
ซึ่งไม่ถูกค้นพบ	ซึ่งไม่ถูกสำรวจ
กระจาย	แพร่
รวบรวม	สะสม
จุลินทรีย์	เชื้อจุลินทรีย์
ตัวเบียนใน	ปรสิตใน
ตัวเบียนนอก	ปรสิตนอก
ตัวถูกเบียน	ตัวให้อาศัย
จัมโบ้	มหึมา	ยักษ์
ตัวถูกเบียนหลัก	ตัวถูกเบียนแท้
จุลชีพก่อโรค	เชื้อโรค
อาณาจักรโพรโตคติสตา	โพรโตคติสตา
ขัดด้วยตะไบ	ถูด้วยตะไบ
ดิวิชั่นโพรติสตา	โพรติสตา
ทำให้กระเพื่อม	ทำให้ไม่ราบเรียบ
คั้น	บีบ	เม้ม
พับทบ	พับหลายครั้ง	พับหลายทบ
ควีนไซส์	ที่มีขนาดควีนไซส์
กดทับ	ทับ	ใช้น้ำหนักกดทับ
รีด	รีดผ้า
อันดับอะโมบิดา	อันดับอะโมบินา
เล็กขนาดอะตอม	เล็กเท่าอะตอม
ขบ	ขบกราม
ชั้นซิลิโอโฟรา	ชั้นซิเลียตา
เล็กกว่าขนาดปรกติ	เล็กกว่าไซส์ปรกติ
ซิลิเอต	ซิลิเอตโปรโตซัว
ชุบโลหะด้วยไฟฟ้า	เคลือบโลหะด้วยกระบวนการอิเล็กทรอโลซิส
ชุบโครเมียม	ชุมโครเมียม
ชุบเงิน	เคลือบ
ตีอย่างแรง	ฟาด
สาหร่าย	สาหร่ายทะเล
ตี	เคาะ
ตีหัว	ฟาดศีรษะ	ฟาดหัว
ตีศีรษะ	ตีหัว
ตีสุดแรงเกิด	ตีเต็มแรง
ดิวิชันฟีโอไฟตา	ฟิโอไฟตา
พัต	พัตลูก
ตีลูกแบ็กแฮนด์	ตีแบ็กแฮนด์
ซึ่งไม่มีรอยแก้	สะอาด
ซึ่งมีรอยแก้	สกปรก
ดิวิชันยูกลีโนไฟตา	ยูกลีโนไฟตา
ตีสุดแรงเกิด	หวดเต็มแรง
เกี่ยวกับลิงคาตาร์ริเนียน	เกี่ยวกับลิงคาตาร์ไรน์
ตีลูกโค้ง	ปั่น
เปรียบเสมือน	เปรียบเหมือน	เสมือน	เหมือน
ซึ่งดูเหมือนกัน	ละม้าย
คล้ายกัน	คล้ายคลึงกัน	เหมือนกัน
ซึ่งเท่ากัน	เท่ากัน
ลงแส้	หวด	เฆี่ยน
หวด	เฆี่ยน
เอาชนะ	เอาชนะไปอย่างขาดลอย
ดิวิชันโรโดไฟตา	โรโดไฟตา
ตีลูกตัด	ตีให้หมุน
ทุบ	เคาะ
ที่มีขนาดเล็ก	เล็กๆ
ชก	ตุ๊ย	ต่อย	อัด
ต่อยอย่างแรง	ฟาด	เฆี่ยน
โพรคาริโอต	โพรคาริโอต์
ทุบ	ฟาด
อันดับซิลิโอฟลาเจลลาตา	อันดับไดโนฟลาเจลลาตา
กระหน่ำตี	ทุบตีติดต่อกัน	ทุบตีอย่างรุนแรง
ตี	ตีด้วยเครื่องตีไข่
ที่มีอยู่ในบัญชี	ที่มีอยู่ในรายการ
ที่ไม่มีอยู่ในบัญชี	ที่ไม่มีอยู่ในรายการ
ขึ้นชก	ขึ้นสังเวียน	ชก	ชกมวย	ดวลกำปั้น	ต่อย	ต่อยมวย
ตี	บิน	แทง	ใช้เดือยแทง
ชกมวยหน้ากระจก	ชาโดว์บ็อกซ์
ชั้นสปอโรซัว	สปอโรซัว
ที่รู้หนังสือ	ที่อ่านออกเขียนได้
สอด	ใส่
ซึ่งถ่ายทำเป็นภาพยนตร์	ซึ่งบันทึกเป็นภาพยนตร์
ซึ่งอาศัยอยู่ได้	ซึ่งเหมาะที่จะอาศัย
เชื้อมาลาเรีย	เชื้อไข้มาลาเรีย
กอด	กอดรัด	สวมกอด
ตีหม้อ	นอน	ปี้	มีเซ็กส์	มีเพศสัมพันธ์	ร่วมประเวณี	ร่วมรัก	ร่วมสุข	ร่วมเพศ	ล่อ	หลับนอน	เย็ด	เสพกาม	เสพเมถุน	เอา
มีอะไร	มีเพศสัมพันธ์
เที่ยวซ่อง	เที่ยวผู้หญิง	เที่ยวหญิง	เที่ยวโสเภณี
เปิดซิง	เปิดบริสุทธิ์
ล่อลวง	หลอก
ปลาครีบอ่อน	ปลาซอฟต์-ฟินนิดฟิช
ขึ้นขี่	ขึ้นคร่อม	สมพาส
เพาะพันธุ์	เพาะเลี้ยง
ชักว่าว	ช่วยตัวเอง	ตกเบ็ด	สำเร็จความใคร่	สำเร็จความใคร่ด้วยตัวเอง
จุมพิต	จูบ	หอม
นำเอามา	ไปเอามา
กอง	กองสุม	วางสุม	สุม
ตลอดทั้งวัึน	ทั้งวัน
ชั่วชีวิต	ตลอดชีวิต
ตลอดคืน	ทั้งคืน
ในหนึ่งสัปดาห์	ในหนึ่งอาทิตย์
สั้น	สั้นๆ
เทผ่านกรวย	เทใส่กรวย
เสียบ	เสียบไม้
ตอด	แทะ
กด	ดัน
บีบ	บีบแน่น
ดึง	ลาก
ถือ	บรรทุก
เอาขึ้นหลัง	แบก
ดีด	ตี
ลาก	เข็น
ต่ำ	เสียงต่ำ
ดังกังวาน	ดังก้อง
ร่องปาก	ไซโตสโตม
เบา	เบาๆ
บลาสโทเมียร์	เซลล์บลาสโทเมียร์
ผสม	รวมตัว
พัน	พันกันยุ่ง
จัด	จัดเป็นระบบ	จัดให้เป็นระบบ	จัดให้เป็นระเบียบ	เซ็ตอัป
เขี้ยว	เขี้ยวงู
สัตว์มีแกนสันหลัง	ไฟลัมคอร์ดาตา	ไฟลัมสัตว์มีแกนสันหลัง
ที่เหมือนคนรัก	ที่เหมือนเป็นคนรัก
ติด	ประชิด
ล้อม	ล้อมรอบ
คาดผ้า	ใช้ผ้าคาด
อันดับอสตราโคเดอร์มิ	อันดับออสตราโคเดอร์มิ
กล้าหาญ	เป็นลูกผู้ชาย
ที่เป็นเพศชาย	ที่เป็นเพศผู้
ที่เป็นเพศหญิง	ที่เป็นเพศเมีย
ปิด	ปิดถนน
ซึ่งมีดอกจัน	ซึ่งมีเครื่องหมายดอกจัน
ดัก	วางกับดัก
ที่มีเหย้ามีเรือน	ที่แต่งงานแล้ว
ห้อย	แขวน
ที่ไม่มีพันธะ	ที่ไม่แต่งงาน	โสด
ห้อย	ห้อยคอ	แขวน
ฉลาม	ปลาฉลาม
ฉลามมาโก	ปลาฉลามมาโก
ฉลามมาโกครีบสั้น	ปลาฉลามมาโกครีบสั้น
ฉลามโบนิโต	ปลาฉลามโบนิโต
ฉลามขาว	ปลาฉลามขาว
ฉลามคาร์เพ็ท	ปลาฉลามคาร์เพ็ท
ฉลามแคท	ปลาฉลามแคท
ขนถ่าย	ส่ง
บรรจุ	ประจุ	ใส่
ฉลามดัสกี้	ปลาฉลามดัสกี้
ฉลามเสือ	ปลาฉลามเสือ
ฉลามซุปฟิน	ปลาฉลามซุปฟิน
สวมบังเหียน	ใส่บังเหียน
ฉลามด็อกฟิช	ปลาฉลามด็อกฟิช
ฉลามสมูทฮาวด์	ปลาฉลามสมูทฮาวด์
ฉลามไวท์ทิป	ปลาฉลามไวท์ทิป
ฉลามสไปนีด็อกฟิช	ปลาฉลามสไปนีด็อกฟิช
ตั้ง	วาง
ตลอดปี	ทั้งปี
มากที่สุด	สูงสุด
ต่ำที่สุด	น้อยที่สุด
อันดับบาตอยเด	อันดับราจิฟอร์เมส
วางบนชั้น	วางบนชั้นหนังสือ
ขึ้นป้าย	ติดตั้งป้าย
ตั้งขนาน	ตั้งให้ขนาน	วางขนาน	วางให้ขนาน
วางบนที	วางบนทีตั้งลูก
ที่มีทำนอง	ที่มีท่วงทำนอง
เพราะ	ไพเราะ
เพราะ	ไพเราะ
ตั้งพื้น	วางพื้น
นก	ปักษา	วิหค	สกุณา
วางผิดตำแหน่ง	วางผิดที่
ลูกนกที่เพิ่งหัดบิน	ลูกนกเพิ่งหัดบิน
ทำให้ถอยหลัง	ผลักดัน
ซึ่งหลอมละลาย	ซึ่งหลอมละลายด้วยความร้อน
ถล่ม	ยิงถล่ม
ขว้างบอลหิมะ	ขว้างสโนว์บอล
ขว้าง	ขว้างปา	ปา	เขวี้ยง
ขว้างอย่างเร็ว	โยน
เปิด	เปิดสวิตช์
ปิด	ปิดสวิตช์
ทอย	โยน
กำจัด	โยนทิ้ง
พ่อไก่	ไก่ตัวผู้	ไก่เพศผู้
กระทุ้ง	กระแทก
ตั้งพวงหรีด	ประดับพวงหรีด	วางพวงมาลา
ตกแต่งด้วยน้ำตาลไอซิ่ง	ตกแต่งด้วยฟรอสติ้ง
ฝั้น	ฟั่น	ฟั่นเกลียว
ถักทอ	ทอ
ถักผมเปีย	ถักเปีย
ติดริบบิ้น	ประดับริบบิ้น
คลาย	แยก	แยกเส้นใย
คลีคลาย	คลี่คลาย
ร้อย	ร้อยห่วง	ร้อยเชือก
ร้อยเชือกใหม่	ร้อยใหม่
วง	วงกลม
นกจับกิ่งไม้	อันดับอินเซสซอร์เรส
ซึ่งขนส่งทางน้ำ	ทางน้ำ
ที่เป็นโลหะ	โลหะ
ปัดรังควาน	ไล่ผี
ที่เป็นทองสัมฤทธิ์	บรอนซ์
ทอง	ที่ทำด้วยทอง	ที่เป็นทอง
ที่คล้ายโลหะ	ที่เหมือนโลหะ
ที่ทำด้วยเงิน	เงิน
ที่เป็นอโลหะ	ที่ไม่เป็นโลหะ
นกจาบปีกอ่อนหัวเทาอกชมพู	นกแชฟฟินช์
ทางกิ่ง	ทาบกิ่ง
จุด	แต้ม
ทำให้สกปรก	ทำให้เปื้อน	ทำให้เป็นสีคล้ำ
ดูด	ดูดซับ	ดูดซึม
นกกระจอกบ้าน	นกกระจอกใหญ่
ดูด	ดูดออก
จัดให้นั่ง	ให้นั่ง
จัดที่นั่งใหม่	จัดให้นั่งใหม่
นั่งยอง	นั่งยองๆ
ที่รู้ภาษาเดียว	ที่รู้หนึ่งภาษา
วางแนวตั้ง	วางให้ตั้งขึ้น	วางให้ตั้งทรง
นอนพิง	เอนกาย
นอนทับ	วางทับ
นอนตาแข็ง	นอนไม่หลับ
ดีลีต	ลบ
ขีดฆ่า	ขีดออก
ชำแหละเพื่อศึกษา	ผ่าวิเคราะห์
ตัดแบ่งครึ่ง	ผ่าครี่ง
ทำให้เกิดเเผลเป็น	ทิ้งรอยแผลเป็น	เกิดรอยแผลเป็น
น้อย	เล็กน้อย
ตัดด้วยขวานโทมาฮอว์ก	ผ่าด้วยขวานโทมาฮอว์ก
มากกว่า	มากขึ้น
ส่วนมาก	ส่วนใหญ่
อมตะ	เป็นอมตะ
นกเดินดงสีดำ	นกแบล็คเบิร์ด
ซาบซึ้ง	ซาบซึ้งใจ
ตัดต่อพันธุกรรม	ตัดต่อยีนส์
นกไนติงเกล	ไนติงเกล
วงศ์ซีลวีแด	วงศ์นกกระจ้อยและนกกระจิ๊ด
นกไวต์โทรต	นกไวต์โทรตใหญ่
ซึ่งอยู่กับที่	ที่อยู่นิ่ง
กระทำย่ำยี	ย่ำยี
ถอนราก	ถอนโคน
ปลูกทดแทน	ปลูกป่าทดแทน
นานาชาติ	นานาประเทศ	ระดับอินเตอร์	สากล
ทำให้หายใจไม่ออก	อุดหลอดลม
ตั้ง	แต่งตั้ง
บีบคอ	รัดคอ
ตัดคอ	ตัดศีรษะ	ตัดหัว	บั่นศีรษะ	บั่นหัว
ตัดศีรษะด้วยกิโยตีน	ตัดหัวด้วยกิโยตีน
ที่ถูกย้อม	ที่ย้อมขึ้น
ฉีก	ฉีกเนื้อ
ฉีก	ระเบิด	แตก
นกกาเหว่า	นกแบล็กเบิร์ด
กา	นกกา	อีกา
จำเป็น	ที่จำเป็นอย่างมาก
ที่สำรองไว้อย่างฉุกเฉิน	สำรอง
ขีด	ลาก
ทั้งหมด	โดยรวม
ขีดวงกลมรอบ	ขีดเส้นรอบวง
ติดฉลาก	ติดแท็ก	แปะฉลาก
ประทับตรา	ประทับเครื่องหมายการค้า
ติดรหัส	ติดโค้ด
ติดเข็ม	ติดเข็มสัญลักษณ์	ติดเข็มเครื่องหมาย
ติดบนกระดาน	ติดบอร์ด
นกกระจิบ	นกทิต
ดึงขึ้น	ถลก
คั้น	บีบ
สาง	สางด้วยหวี
กดทับ	ทับ	ทิ้งน้ำหนักตัว
ตีลูกวอลเลย์	วอลเลย์
ตีเบอร์ดี้	ทำเบอร์ดี้	ยิงเบอร์ดี้
ตีอีเกิล	ทำอีเกิล	ยิงดับเบิ้ลเบอร์ดี้	ยิงอีเกิล
ตีโบกี้	ทำโบกี้	ยิงโบกี้
มัดกับลวด	มัดด้วยลวด	มัดลวด
ร้อยกับลวด	ร้อยด้วยลวด
ฉาบซีเมนต์	ฉาบด้วยซีเมนต์	ฉาบปูน
ที่อยู่ทางภาคกลางตอนบน	ที่อยู่ทางภาคกลางตอนเหนือ
ยก	ยืด	เชิด
นกดิปเปอร์	นกวอเตอร์อูเซิล
ตั้งให้บาลานซ์	ตั้งให้สมดุล
ที่ไปทางทิศใต้	ที่ไปทางใต้
ที่อยู่ทางภาคกลางตอนล่าง	ที่อยู่ทางภาคกลางตอนใต้
คล้องบ่วงบาศ	ใช้บ่วงบาศคล้อง
ยึดด้วยข้อต่อ	ใส่ข้อต่อ
พลีชีพ	สังเวยชีวิต
ครูด	ถาก
สกุลเซอร์คัส	เหยี่ยวเซอร์คัส
ฟอลคอน	เหยี่ยวฟอลคอน
หยด	เหยาะ
เหยี่ยวฮอบบี้	เหยี่ยวฮอบบี้ยุโรป
ติดกาว	ติดด้วยกาว
ไล่ออก	ไล่ออกจากสนาม
ฉาบผิวด้วยโลหะ	เคลือบโลหะ
ฆ่าฟัน	เข่นฆ่า
นกแร้ง	อีแร้ง	แร้ง
คลุม	ห่มคลุม
ทำ	สร้าง
นกแร้งดำ	อีแร้งดำหิมาลัย
ทำราง	สร้างราง
นกฮูก	นกเค้าแมว
ทำ	ผลิต
ทำเป็นต้นแบบ	ทำเป็นแบบ
ทำด้วยเครื่องจักร	ใช้เครื่องจักร
ขัด	ฝน
ค้าของเถื่อน	ผลิตของเถื่อน	ผลิตสินค้าละเมิดลิขสิทธิ์
จัดรวบรวม	รวบรวม
จัดแคตาล็อก	รวบรวมเป็นแคตาล็อก
คอมไพล์	แปลโปรแกรม
ก่อ	ก่อเรื่อง
ผลิต	ผลิตกระแสไฟฟ้า
อันดับคอดาตา	อันดับยูโรเดลลา
ทำให้	ส่งผลให้
กุ	ประดิษฐ์
นึกภาพ	เห็นภาพ
คิดฝัน	ฝันกลางวัน	วาดฝัน	วาดวิมานในอากาศ
วางพล็อต	วางพล็อตเรื่อง	วางโครงเรื่อง
ปั๊ม	พิมพ์
อันดับบาตราเคีย	อันดับอะนูรา
ดีไซน์	ออกแบบ
กบ	คางคก	สัตว์จำพวกกบ
ครีเอท	สรรค์สร้าง	สร้างสรรค์
ที่ใช้แล้ว	มือสอง
ดีไซน์	ออกแบบ
ดำเนินการ	ทำให้ลุล่วง	ทำให้สำเร็จ
บุกเบิก	ริเริ่ม
วาด	วาดเส้น
กระตุ้น	กระตุ้่น	กระุตุ้น	เดินเครื่อง
ทำให้เป็นจริง	ทำให้เป็นรูปธรรม
ก่อให้เกิด	ทำ
ที่มีผมสีขาว	ที่มีผมสีเทา
ที่อายุเข้าวัยกลางคน	วัยกลางคน
ก่อเรื่อง	ก่อให้เกิดมลพิษ
ที่หนุ่มยังแน่น	ที่เป็นสาวเป็นแส้	ที่เป็นหนุ่มเป็นสาว	สาว	หนุ่ม	หนุ่มสาว	อ่อนวัย
ที่อายุหนึ่งขวบ	ที่อายุหนึ่งปี
ที่อายุสองขวบ	ที่อายุสองปี
ที่อายุสามขวบ	ที่อายุสามปี
ที่อายุสี่ขวบ	ที่อายุสี่ปี
ที่อายุห้าขวบ	ที่อายุห้าปี
ที่เป็นวัยรุ่น	วัยรุ่น
ตัวน้อย	ตัวเล็ก
เหมือนลูกสุนัข	เหมือนลูกหมา
เล่นท่อนริฟฟ์	เล่นริฟฟ์
เริ่มบรรเลง	เริ่มเล่น
ออกผล	ให้ผล
มีเมล็ด	มีเม็ด
ออกผล	ออกลูก
ทำให้ออกผล	ทำให้ออกลูก
ทำจากวัสดุ	ผลิตจากวัสดุ	สร้างจากวัสดุ	สร้างสรรค์จากวัสดุ
ทำปลอม	ปลอม	ปลอมแปลง
ก่อสร้าง	สร้าง
ทำลายล้าง	ทุบทำลาย
ชำแหละชิ้นส่วน	ถอดชิ้นส่วน	แยกชิ้นส่วน
ขึ้นรูป	ทำให้เป็นรูป	เชฟ
ก่อเนิน	ก่อให้เป็นเนิน
ปลูก	ปลูกสร้าง
ถอนรื้อ	รื้อ	รื้อถอน
อันดับคีโลเนีย	อันดับทีสตูดิเนส
เทพิมพ์หล่อ	เทลงแม่พิมพ์
บ่ม	หมัก	หมักบ่ม
ทำกับข้าว	ทำอาหาร	ประกอบอาหาร	เตรียมอาหาร
ทำรสจัด	ทำรสเผ็ด	ทำเผ็ด
ทำกับข้าว	ทำอาหาร	ประกอบอาหาร
คลุกเคล้า	คลุกให้เข้ากัน
ตัด	ตัดเย็บ
ตัดชุด	ตัดเสื้อ
ออกแบบตามสไตล์	ออกแบบตามแฟชั่น
ปัก	ปักไหม
ประดับขนนก	ประดับด้วยขนนก
ติดธง	ประดับธง
ทอใยแมงมุม	สร้างใยแมงมุม
ถักลูกไม้	ถักโครเชต์
ขมวด	ขมวดปม	ผูกปม
กะปอม	กิ้งก่า	ปอมข่าง
ตอก	ตี
จัด	จัดแต่ง	ตกแต่ง	ตบแต่ง	ประดับ	แต่ง
จัดแต่งจานอาหาร	ตกแต่งจานอาหาร	ตกแต่งอาหาร
ถม	ฝัง
ทาแล็คเกอร์	เคลือบแล็คเกอร์
ติดตราอาร์ม	ติดอาร์ม
แกะ	แกะสลัก
วาดรูป	เพนต์
รังสรรค์	สร้างสรรค์
เขียน	เขียนหนังสือ
เขียนอักษรวิจิตร	เขียนอักษรศิลป์
เขียนตัวหนังสือ	เขียนตัวอักษร	เขียนอักษร
จุด	แต้มจุด
ระบายสีน้ำ	วาดรูปสีน้ำ
ประดับ	ประดับด้วยสี
ทำโมเดล	หล่อ
จระเข้	ไอ้เข้
จระเข้จากอัฟริกา	จระเข้แม่น้ำไนล์
จระเข้น้ำเค็ม	จระเข้เอเชีย
จระเข้ปากกระทุงเหว	ตะโขง
ประพันธ์	รจนา	เขียน	แต่ง
เปลือย	เปล่า
ที่ไม่มีผ้าม่าน	ที่ไม่มีม่าน
เขียนกลอน	แต่งกลอน	แต่งบทกวี
เขียนโคลงซอนเนต	แต่งโคลงซอนเนต
เขียนโคลงสดุดี	แต่งโคลงสดุดี
คล้ายปาก	รูปปาก
เป็นผู้ประพันธ์	เป็นผู้แต่ง
ทำคำอธิบายเพิ่มเติม	เพิ่มคำอธิบายประกอบ
ประพันธ์	ประพันธ์เพลง	เขียนเพลง	แต่ง	แต่งเพลง
เรียบเรียง	เรียบเรียงดนตรี
แต่งทำนอง	แต่งท่วงทำนอง	ใส่ทำนอง
ประสานเสียง	ร้องประสาน	ร้องประสานเสียง
จับระบำรำฟ้อน	ดิ้น	รำ	ร่ายรำ	เต้น	เต้นระบำ	เต้นรำ	แดนซ์
สกุลบรอนโตซอรัส	สกุลอะปาโตซอรัส
ถ่ายวีดีโอ	บันทึกวีดีโอ
สร้างภาพยนตร์	สร้างหนัง
ถ่ายทำภาพยนตร์	ถ่ายภาพยนตร์	ถ่ายหนัง
บรรเลงเดี่ยว	เดี่ยว	แสดงเดี่ยว	โซโล่
แสดงนานๆครั้ง	แสดงไม่บ่อย
ทดสอบการแสดง	ทดสอบบท
สวมบทบาท	เล่นบท
รับบท	แสดงเป็น
ดิวิชันไซโนดอนเทีย	ไซโนดอนเทีย
ดิวิชันดิไซโนดอนเทีย	ดิไซโนดอนเทีย
บรรเลง	เล่น
เล่น	เล่นดนตรี
อันดับย่อยเซอร์เพนเตส	อันดับย่อยโอฟิเดีย
งู	อสรพิษ
ตีคอร์ด	เล่นคอร์ด
เก่าแก่	โบราณ
ขับขาน	ขับร้อง	ร้อง	ร้องเพลง
ขับร้องประสานเสียง	ร้องคอรัส
ที่กำลังจะถึง	ที่ใกล้มาถึง
กำเนิด	จุติ	ลืมตาดูโลก	เกิด
จำลอง	เลียนแบบ
ทำสามสำเนา	ทำสำเนาสามฉบับ
ทำสำเนาสี่ฉบับ	ทำสีสำเนา	ทำสี่สำเนา
ซี	ซีร็อกซ์	ถ่ายเอกสาร
ถ่ายย่อ	ย่อขนาดภาพ
สร้างขึ้นใหม่	สร้างใหม่
รีเพลย์	เล่นซ้ำ
ทำไร่ทำนา	ปลูก
เตรียมดิน	ไถ
ทำสวน	ทำไร่
เตรียมดิน	เตรียมเพาะปลูก	ไถ
คราด	ไถคราด
ก๊อป	ก๊อปปี้	เลียนแบบ
ทำตามแบบ	ทำตามโมเดล	ลอกแบบ
ทำตามมาตราส่วน	สร้างตามมาตราส่วน
จัดฟอร์แมต	จัดรูปแบบ	ฟอร์แมต
จัดตาราง	จัดเป็นตาราง
ตีพิมพ์	ลง
ตีพิมพ์ซ้ำ	พิมพ์ซ้ำ
จัดพิมพ์	พิมพ์
งูจงอาง	งูจงอางอินเดีย
แกะลวดลาย	แกะลาย
งูพิษ	งูแอสป์
ทำหนังสือ	เขียน
ตัด	ตัดเป็นรูป
ชั่วคราว	ไม่ถาวร
คัดลอกข้อมูล	เบิร์น
ชั่วคราว	ซึ่งคั่นเวลา
จงอยปากของนก	จะงอย	จะงอยปาก
เนื้อ	เนื้อชำแหละ
ซากขึ้นอืด	เนื้อเน่าเปื่อย	เนื้อเหม็นเน่า
ซากสัตว์ข้างถนน	ซากสัตว์ริมถนน
เปิดหมวก	เล่นดนตรีเปิดหมวก
ก่อให้เกิดความรู้สึก	ปลุก	ปลุกเร้า	เร้า
กระตุ้น	ปลุกเร้า
กระตุ้นอารมณ์	กระตุ้นอารมณ์ทางเพศ	ปลุกอารมณ์	เล้าโลม
ทำให้ไม่สบายใจ	สับสน
กล่อม	ทำให้สงบ
ปลอบประโลม	ปลอบโยน	ผ่อนผัน	เกลี้ยกล่อม	ไกล่เกลี่ย
ทาน	ทำให้กังวล
กังวล	วิตกกังวล
เดือด	เดือดปุดๆ
มีความรู้สึก	รู้สึก
ภาคภูมิใจ	ภูมิใจ	รู้สึกภาคภูมิใจ	รู้สึกภูมิใจ
ขยะแขยง	ชิงชัง	เกลียด
ดูถูก	ดูหมิ่น	เหยียดหยาม
ซึ่งไม่มีกลีบ	ไร้กลีบดอก
ชอบ	โปรด	โปรดปราน
ชอบ	โปรด	โปรดปราน
ทำให้กลัว	ทำให้ตระหนก
ตัวเห็บ	เห็บ
สกุลซาร์คอปติส	สัตว์จำพวกหมัด
ข่มขู่	บงการ	บังคับ
เคร่ง	เคร่งศาสนา
สติแตก	หมดความอดทน
เขี้ยว	เขี้ยวแมลง
ทนทุกข์จากการไร้ความรู้สึก	หมดสภาพ
ทำให้กลัว	ทำให้ขลาดกลัว
ซึ่งไม่มีลวดลาย	ที่ไม่มีลาย	เรียบๆ
ทำให้โกรธ	สร้างความขุ่นเคือง
ซึ่งมีลวดลาย	ที่มีลาย
ทำให้รำคาญ	สร้างความรำคาญ
ทำให้เดือดดาล	ทำให้โกรธจัด
ทำให้คลั่ง	ทำให้บ้า
กวนประสาท	กวนใจ	ยั่ว	รบกวน
อันดับกัลลิฟอร์เมส	อันดับไก่
กวน	ก่อกวน	ตามตื๊อ	ทำให้รำคาญ	รบกวน
กุ๊กไก่	ไก่	ไก่เลี้ยง
ลูกเจี๊ยบ	ลูกไก่
พ่อไก่	ไก่โต้ง
แม่ไก่ที่พร้อมกกไข่	แม่ไก่พร้อมกกไข่
ทำร้ายความรู้สึก	ทำให้ปวดใจ	ทำให้เจ็บใจ	ทำให้เสียความรู้สึก
ทนทุกข์	ทุกข์ใจ
หัวเสีย	อารมณ์เสีย	โกรธเป็นฟืนเป็นไฟ	โมโหอย่างมาก
สำนึก	สำนึกผิด	เสียใจ
เศร้าโศก	เศร้าโศกเสียใจ	โศกเศร้า
ทำให้ผิดหวัง	ปล่อยให้รอเก้อ
ฉีกหน้า	ทำขายหน้า	ทำให้หน้าแตก	ทำให้อาย
ทำให้ใจสลาย	ทำให้ใจแตกสลาย
ทำลายศักดิ์ศรี	ทำให้ต่ำต้อย	ลดคุณค่า
คร่ำครวญ	รำพันพิลาป
แสดงความรู้สึก	แสดงอารมณ์
ล้อเลียน	หยอกล้อ	แหย่
กวนใจ	รบกวน
คิดถึง	ระลึกถึง	รำลึกถึง
ดึงดูดใจ	มีเสน่ห์
กระทำเป็นปฏิปักษ์	ทำให้เป็นศัตรู
ดึงดูด	ดึงดูดใจ
ตกตะลึง	ทำให้ตกใจ	ประหลาดใจอย่างมาก
ที่มีปลายแหลม	ที่มียอดแหลม
ที่มีปลายเหมือนเข็ม	ที่มีปลายแหลม
ทำให้ขยะแขยง	ทำให้ตกใจ
ที่มีปลายแหลม	แหลม
ที่คล้ายหนาม	ที่เหมือนหนาม
มีความหวัง	หวัง
ที่ไม่มีปลายแหลม	ที่ไม่มียอดแหลม
ทื่อ	ทู่
ปีติยินดี	ยกระดับจิตใจ
ทำให้ดีใจ	ทำให้ยินดี
รู้สึกเศร้า	รู้สึกเสียใจ	เสียใจ
ทำให้ดีใจ	ทำให้มีความสุข
ทำให้มีกำลังใจ	ทำให้เกิดกำลังใจ
ข่มขวัญ	ทำให้เสียขวัญ
ปลอบ	ปลอบขวัญ	ปลอบใจ
สร้างความพอใจ	ให้ความพึงพอใจ
ทำให้ปลาบปลื้ม	ทำให้ปลื้มปิติ	ทำให้หลงใหล
ทำให้ใจกล้า	เชียร์	ให้กำลังใจ
ทำให้ท้อแท้	ทำให้หมดกำลังใจ
ปลาบปลื้ม	เป็นสุข
กวนโทโส	กวนโมโห
มีความสนใจ	รู้สึกสนใจ	สนใจ
เห็นอกเห็นใจ	เห็นใจ
ต้องการ	ประสงค์	ปรารถนา	อยาก
ทะเยอทะยาน	ปรารถนา	มีความทะเยอทะยาน
ชอบ	รู้สึกชอบ
ประสงค์	ปรารถนา
ตาร้อน	อิจฉา	อิจฉาตาร้อน
กลืนน้ำลาย	น้ำลายไหล	มองตาเป็นมัน
ที่ใช้อำนาจ	ที่ใช้อิทธิพล
ที่ไม่มีอำนาจ	ที่ไร้อำนาจ
มีความต้องการ	อยากมีเพศสัมพันธ์	อยากเอา
ชอบ	รัก	สนุก	เพลิดเพลิน
ภาคภูมิใจ	ภูมิใจ	รู้สึกภาคภูมิใจ	รู้สึกภูมิใจ
ผุดผ่อง	ผ่องแผ้ว	ผ่องใส	อิ่มเอิบ	เปล่งปลั่ง
รู้สึกผ่องแผ้ว	รู้สึกอิ่มเอิบ
ขยับ	เคลื่อนไหว	ไหว
นกสวิฟต์	นกแอ่น
ซึ่งหว่านเมล็ด	ซึ่งหว่านเมล็ดพืช
มุดหลบ	หมอบลง	หมอบหลบ
อยู่กับที่	อยู่นิ่ง
เดินทาง	ไป
พลิ้ว	พลิ้วไหว
บินข้าม	บินเหนือ
ขึ้นเครื่อง	นั่งเครื่องบิน	บิน	โดยสารเครื่องบิน
เดินทาง	โดยสาร
ขับเข้าข้างทาง	เข้าข้างทาง
นกตีทอง	นกบาร์เบต
ถ่อแพ	นั่งแพ	ล่องแพ
แล่นไปเรื่อยๆ	ไปเรื่อยๆ
ท่อง	เดินทาง
นั่งเรือ	นั่งเรือโดยสาร
ชักว่าว	เล่นว่าว
นกกรีนวิง	เป็ดปีกเขียว
หลีกทาง	เปิดทาง	ให้ทาง
เป็ดปากสั้น	เป็ดป่า
ทำให้เคลื่อนที่	เคลื่อน	เคลื่อนย้าย
ดูดขึ้น	ปั้มน้ำมัน	ปั๊มขึ้น
ถ่าย	ถ่ายเท	ถ่ายเทใส่ภาชนะ
เป็ดสกู๊ตเตอร์	เป็ดสโกเตอร์	เป็ดสโคเตอร์
เป็ดสโกเตอร์ธรรมดา	เป็ดสโคเตอร์ธรรมดา
ตัก	เท
เป็ดเมอร์แกนเซอร์อกแดง	เมอร์แกนเซอร์อกแดง
ย้าย	ย้ายออก
ห่านจีน	ห่านเทาปากดำ
ย้ายถิ่น	อพยพ
อพยพ	อพยพตามฤดูกาล
ห่าน	ห่านเบรนท์
ห่านป่า	ห่านแคนาดา
ห่านบาร์นาเคิล	ห่านเพรียง
ชัก	ชักสายบังเหียน
หงส์ตัวเมีย	หงส์เพศเมีย
จัมพ์	จัมพ์แบตเตอรี่	จั๊มแบตเตอรี่
หงส์ขาว	หงส์ใบ้
ยับยั้ง	หยุด
ตัด	ตัดฉาก	ตัดภาพ
กลิ้ง	เดินวน
ซึ่งไร้ประโยชน์	ที่ไม่ประสบผล
เดินย่ำ	เดินเหยียบย่ำ
ซัมเมอร์เซาต์	ตีลังกา
ลื่น	ไถล
สัตว์เลี้ยงลูกด้วยน้ำนมที่ออกลูกเป็นไข่	โมโนทรีม
ดัน	ผลัก
ที่ไม่ลึกซึ้ง	ผิวเผิน
มาร์ซูเปียล	สัตว์ที่มีกระเป๋าหน้าท้อง
โคลง	โคลงเคลง	โยก	โยกเยก
แกว่ง	แกว่งไกว	แกว่งไปแกว่งมา	ไกว
ซึ่งมองกาลไกล	ซึ่งล้ำยุค	ซึ่งล้ำสมัย	ที่ก้าวหน้า	ที่รุดหน้า
ซึ่งทันสมัย	ทันยุคทันสมัย	ทันสมัย	ทันเหตุการณ์	ทันโลก	ร่วมสมัย
สวิง	แกว่ง
ผงก	พยักหน้า
จิงโจ้เล็ก	วอลลาบี
สั่นระรัว	สั่นรัว	เต้นรัว	เต้นเร็ว
สั่น	เต้น
ตีเป็นจังหวะ	เคาะเป็นจังหวะ
เร่ร่อน	เร่่ร่อน
เที่ยว	โต๋เต๋
เอียง	เอียงกะเท่เร่
พัด	พัดวี	พัดโบก
ลื่นไถล	สไลด์	ไถล
ยูเทเรียน	สัตว์เลี้ยงลูกด้วยนมที่มีรก
ปศุสัตว์	สัตว์ในฟาร์ม
ลื่นไถล	ไถลลื่น
วัวตัวผู้	วัวเพศผู้
วัวตัวเมีย	วัวเพศเมีย
สัตว์เลี้ยงลูกด้วยนมตัวผู้	สัตว์เลี้ยงลูกด้วยนมเพศผู้
สัตว์เลี้ยงลูกด้วยนมตัวเมีย	สัตว์เลี้ยงลูกด้วยนมเพศเมีย
สะเทือน	สั่น	แผ่นดินไหว
ทำให้สั่นระรัว	ทำให้เต้นระริก
สั่น	เขย่า	เชค
สะเทือน	สั่นสะเทือน	ไหวสะเทือน
ชัก	ชักกระตุก	สั่นกระตุก
สั่นสะเทือน	เขย่า
กระเด้ง	เด้ง
กระเด้ง	เด้ง
กระเถิบ	เขยิบ
เทนเดร็ค	เทนเร็ค
กวน	คน
บั๊มพ์	เต้นบั๊มพ์
เต้นคอนทร้าแดนซ์	เต้นระบำพื้นเมือง
เต้นจังหวะชะชะช่า	เต้นชะชะช่า
เต้นจังหวะรุมบ้า	เต้นรุมบ้า
กิ่งขน	กิ่งขนนก
สะบัด	เขย่า
แผ่น	แผ่นขวาง
ขน	ระบบผมและขน
รำพื้นบ้าน	รำพื้นเมือง	เต้นรำพื้นเมือง
ขนเฟอร์	เฟอร์
เคลือนไหวอย่างรวดเร็ว	เคลื่อนไหวอย่างรวดเร็ว	โผ
จ็อกกิ้ง	วิ่งจ็อกกิ้ง	วิ่งเหยาะๆ
ปลิว	ลอยไปตามกระแส	ล่องลอย
ลอย	ล่องลอย
ไปทางกราบซ้าย	ไปทางซ้าย
คว่ำ	ทำให้ล้ม
สะดุ้ง	สะดุ้งโหยง
ข้าม	เดินทางข้าม
ชั้นแอนโทซัว	แอนโทซัว
ตัดข้าม	เดินตัดข้าม	เดินลัด
เดินวางมาด	เดินเชิด
กะโผลกกะเผลก	เดินกะโผลกกะเผลก	เดินงุ่มง่าม	โขยกเขยก
เดินลากขา	เดินลากเท้า
เดินลากเท้า	เดินไม่ยกเท้า
เดินช้าๆ	เดินเล่น
เดินงอกแง่ก	เดินเตาะแตะ	เตาะแตะ
สวนสนาม	เดินสวนสนาม
เดินก้าวยาว	เดินก้าวยาวๆ
เดินเป็นแถว	เดินเรียงแถว
ปีน	ปีนขึ้นอย่างทุลักทุเล
ขึ้น	ไต่ขึ้น
พยาธิในลำไส้	หนอนพยาธิ
ปีนเขา	ไต่เขา
เดินเขย่ง	เดินเขย่งเท้า
พาอวด	พาไปอวด
เดินกระแทกเท้า	เดินก้าวเท้าหนัก
สกุลสกิสโตโซมา	สัตว์จำพวกปรสิต
ลากเลื้อย	เลี้ยงลูก
หนอนริบบิ้น	ไฟลัมนีเมอเทีย
ก้าว	ย่าง	สเต็ป
พยาธิหนอนกลม	พยาธิไส้เดือนกลม
ขับทดสอบ	ทดสอบสมรรถนะ
ขับรถกินลม	ขับรถชมวิว
กำหนดทิศทาง	นำทาง	มุ่งหน้า
จริง	ที่เป็นจริง
นำทาง	บอกทาง
ต้อนเข้ามุม	ต้อนให้จนมุม
จอด	เข้าจอด
จอดซ้อนคัน	จอดหลังรถ
จอดข้าง	จอดเทียบ
ขี่จักรยาน	ถีบ	ถีบจักรยาน	ปั่น	ปั่นจักรยาน
ขับมอเตอร์ไซค์	ขับรถเครื่อง	ขึ้นมอเตอร์ไซค์	นั่งมอเตอร์ไซค์	นั่งรถเครื่อง
ขึ้นรถไฟ	นั่งรถไฟ	โดยสารรถไฟ
ทาก	ปลิง
ที่ไม่จริง	ที่ไม่ใช่ความจริง
ขี่เลื่อน	นั่งเลื่อน
ที่เหมือนความฝัน	ที่เหมือนฝัน
ขี่เลื่อนสุนัข	นั่งเลื่อนสุนัข
บิน	โบยบิน
ขับเครื่องบิน	บิน
ติดจรวด	พุ่งสูงขึ้นอย่างรวดเร็ว
ขี่เรือ	ขึ้นเรือ	นั่งเรือ	โดยสารเรือ
ขึ้นเรือยอชต์	นั่งเรือยอชต์	โดยสารเรือยอชต์
นั่งเรือใบ	แล่นเรือใบ
กรรเชียง	กรรเชียงเรือ	ตีกรรเชียง	พายเรือ
นั่งเรือแคนู	พายเรือแคนู
นั่งเรือคยัก	พายเรือคยัก
พายเรือ	แจว	แจวเรือ
หอยตะกาย	หอยวงพระจันทร์
ขี่คลื่น	เล่นกระดานโต้คลื่น	เล่นเซิร์ฟบอร์ด	โต้คลื่น
ขึ้นแท็กซี่	นั่งแท็กซี่
ขึ้นรถบัส	ขึ้นรถประจำทาง	ขึ้นรถเมล์	ขึ้นรถโดยสารประจำทาง	นั่งรถบัส	นั่งรถประจำทาง	นั่งรถเมล์	นั่งรถโดยสารประจำทาง
ขนส่ง	ขนส่งสินค้า	ส่งสินค้า
ขนส่งทางอากาศ	ส่ิงทางเครื่องบิน
อันดับอะพลาโคโฟรา	อันดับโซลีโนกาสตรีส
ส่งถีงผู้รับ	ส่งถึงผู้รับปลายทาง
หอยกาบคู่	หอยสองฝา
ขึ้นรถ	นั่ง	นั่งรถ	โดยสารรถ
นั่งรถกินลม	นั่งรถชมวิว	นั่งรถเล่น
นั่งรถโบก	โบกรถ
จอดรับ	รับ
ขี่คอ	ขึ้นบ่า	ขึ้นหลัง
ขี่	นั่ง
ขี่ม้า	ขึ้นหลังม้า
ตีกรรเชียง	ว่ายน้ำท่ากรรเชียง
กระโจน	กระโดด
ทำให้กระโดด	บังคับให้กระโดด
กระโดดข้าม	โดดข้าม
ชั้นเซฟาโลโปดา	เซฟาโลโปดา
กระโดดร่ม	ดิ่งพสุธา	เหินเวหา	โดดร่ม
ตอนกลางคืน	ที่เกิดขึ้นทุกคืน	ในตอนกลางคืน
ในทุกสองสัปดาห์	ในทุกสองอาทิตย์
ในทุกสองสัปดาห์	ในทุกสองอาทิตย์
รายปี	เป็นรายปี
ตก	ไม่ปรากฎเหนือเส้นขอบฟ้า	ไม่ปรากฏเหนือเส้นขอบฟ้า
คุกเข่า	ยอบตัว
ชู	ยก	ยกขึ้น
ดำน้ำ	มุดลงน้ำ
หล่นป๋อม	หล่อจ๋อม
แวะจอด	แวะพัก
นำลงสู่พื้น	ลงจอด	แลนดิ้ง
ตรง	ยืนตรง
ทำให้ตัวตรง	ยืนตัวตรง
ตั้งขึ้น	ทำให้ตั้งขึ้น	ยกให้ตั้งขึ้น
ชูขึ้น	ยกขึ้น
เปลี่ยนท่วงท่า	เปลี่ยนท่า	เปลี่ยนท่าทาง	เปลี่ยนอิริยาบถ
นั่ง	นั่งเก้าอี้
นอน	นอนลง	เอนตัว	เอนหลัง
นอนเหยียดกาย	นอนเหยียดยาว
ตกตะกอน	นอนก้น
ตกตะกอน	ตกตะกอนนอนก้น
จัดตามตำแหน่ง	จัดวาง	จัดโพสิชัน	ทำให้อยู่ในตำแหน่ง
จัดเป็นสี่เหลี่ยม	จัดให้เป็นสี่เหลี่ยม
ถล่ม	ทรุด	ทลาย	พังทลาย	ยุบตัว
ทำให้ระเบิด	ทำให้แตก
มั่นคง	แน่วแน่
ดึงกลับ	ล่าถอย
เคลื่อนขบวน	เดินขบวน	เดินแถว
เคลื่อนขบวนกลับ	เดินขบวนกลับ
ถอย	ถอยหลัง
ขับรถจี้ตูด	ขับรถจี้ท้าย	ขับรถจ่อท้าย
ตาม	ติดตาม
ขับ	ขับไล่
ตามรอย	ตามล่า	ติดตาม
กลับ	เดินทางกลับ
ถึงจุดยอด	ถึงจุดสูงสุด
นกยางกลางคืนหัวดำ	นกแขวก
ชักช้า	ชักช้าร่ำไร	เถลไถล	โอ้เ้อ้
นกบิตเทิร์นยุโรป	นกยูโรเปียนบิตเทิร์น
กระสา	นกกระสา
ทยาน	พุ่งทะยาน
รวดเร็วเหมือนไฟลุก	เร็วเหมือนไฟลุก
มาถึงชานชลา	เข้าเทียบชานชลา
นกกัลลินูล	นกวอเตอร์เฮน
เข้ามา	เข้าไปใน
บุกรุก	เข้ามาโดยไม่ได้รับเชิญ
เข้ามาโดยไม่ได้รับเชิญ	เข้าแบบไม่ได้่รับเชิญ
ที่มีจังหวะ	ที่มีริทึ่ม
ชน	พุ่งชน
ถึง	มาถึง	ไปถึง
ที่ไม่มีจังหวะ	ที่ไม่มีริทึ่ม
ขี้นถึงยอด	ถึงยอดสุด
มาถึงทันเวลา	มาทันเวลา	ไปถึงทันเวลา
มั่งคั่ง	มั่งมี	รวย	ร่ำรวย
ตกรถ	พลาดรถ	ไม่ทันรถ
จน	ยากจน	ยากไร้
เป็นบอดี้การ์ด	เป็นผู้คุ้มกัน	เป็นองครักษ์
ปีกขวา	ฝ่ายขวา
ทำให้แยกออกมา	แยก
ปีกซ้าย	ฝ่ายซ้าย
นกหลังเทา	นกเกรย์แบ็ค
ที่คล้ายเขากวาง	ที่เหมือนเขากวาง
ดัดให้โค้ง	ทำให้โค้ง
ครอบ	เป็นรูปโค้งเหนือ
ทำหลังโก่ง	โค้งตัว
งอ	ทำให้โค้ง	โค้ง
จัดแถว	จัดให้เป็นแถว
ทำให้เอน	พิง	เอน
คำนับ	ถวายคำนับ	โค้ง	โค้งคำนับ
ก้มกราบ	คุกเข่าสักการะ
ซึ่งเป็นทรงกลม	ทรงกลม
ซึ่งเป็นรูปหยดน้ำ	ซึ่งเป็นรูปหลอดไฟ
ถล่ม	ทลาย	พังทลาย
ถ่ายเทอากาศ	ระบายลม	ระบายอากาศ
ซึ่งเป็นรูปใบหู	ที่เหมือนใบหู
บังคับทิศทาง	เปลี่ยนทิศทาง
รูปวงรี	รูปไข่
ควง	หมุน
ส่ายสะโพก	ส่ายเอว
บิด	หมุน
ที่มีสามมุม	สามเหลี่ยม
ที่มีรูปทรงฟักทอง	รูปฟักทอง
ชนบท	บ้านนอก
เกษตร	เกษตรกรรม
กลับมาจุดเริ่มต้น	วนมาที่เดิม
กาง	ยืด	ยืดออก
ว่องไว	เคลื่อนไหวอย่างรวดเร็ว
นกเพนกวิน	เพนกวิน
ทางจิตวิญญาณ	ทางศาสนา
นกเพนกวินจักรพรรดิ	เพนกวินจักรพรรดิ
กินเลน	ขับกินเลน
ขับรถให้	ขับไปส่ง
ตามไปช้า	ตามไปช้าๆ
ผงะ	สะดุ้ง	เลี่ยง
อันดับซีตาซี	อันดับวาฬและโลมา
ก้ม	ก้มตัว	ค้อมตัว
ปลาวาฬ	วาฬ
งอตัว	ทำตัวงอ
นอนหมอบ	หมอบ
ปลาวาฬไรท์	วาฬไรท์
ปลาวาฬหัวบาตร	วาฬหัวบาตร
วงศ์ปลาวาฬแกลบ	วงศ์วาฬแกลบ
ต่าง	แตกต่าง
ปลาวาฬสีน้ำเงิน	วาฬสีน้ำเงิน
ปลาวาฬหลังค่อม	วาฬหลังค่อม
ปลาวาฬสีเทา	วาฬสีเทา
ออกนอกเส้นทาง	ไปตามเส้นทาง
ปลาวาฬที่มีฟัน	วาฬที่มีฟัน
ทะลัก	พุ่ง
สกุลเดลฟินัส	สกุลโลมาทะเล
หลั่งไหล	ไหล
หยด	ไหลเป็นหยด
ปลาวาฬเพชฌฆาต	หมาป่าแห่งท้องทะเล	ออร์กา
สกุลโกลบิเซอฟาลา	สกุลโลมาหัวกลม
ซึม	ไหลซึม
ล้น	ไหลล้น
ผ่านไป	ล่วงเลย
อันดับซิรีเนีย	อันดับพะยูน
แหกกรงขัง	แหกคุก	แหกตาราง
ปลาพะยูน	พะยูน	หมูน้ำ
ซึ่งมีจิตปกติ	ปกติ
ซึ่งวิกลจริต	ที่มีจิตฟั่นเฟือน	สติฟั่นเฟือน
หลบหนี	หลีกเลี่ยง
หลบหนี	หลบหนีจากที่คุมขัง
วิ่งหนี	เผ่นหนี
วิ่งโกยอ้าว	วิ่งไม่คิดชีวิต	โกย	ใส่ตีนหมา	ใส่เกียร์หมา
ยื่น	ส่ง
นำ	เป็นตัวนำ
ที่ให้ความพอใจ	น่าพอใจ
โอ	โอเค
วอลรัส	สิงโตทะเล
ถลึง	นูน
สุนัขตัวเมีย	สุนัขเพศเมีย
สุนัขแม่พันธุ์	แม่พันธุ์สุนัข
สุนัข	หมา	หมาบ้าน
น้องหมา	เจ้าตูบ	เจ้าโฮ่ง	ไอ้โฮ่ง
สุนัขกลายพันธุ์	หมาวัด
ทอย	สุนัขทอย	สุนัขพันธุ์เล็ก
ชิวาวา	สุนัขพันธุ์ชิวาวา
สุนัขพันธุ์เจแปนิสสเปเนียล	เจแปนิสสเปเนียล
มอลทีส	มอลทีสเทอร์เรียร์	สุนัขพันธุ์มอลทีส
ปักกิ่ง	สุนัขพันธุ์ปักกิ่ง
ชิสุ	สุนัขพันธุ์ชิสุ
ทอยสเปเนียล	สุนัขพันธุ์ทอยสเปเนียล
พา	ยก
สุนัขพันธุ์อิงลิชทอยสเปเนียล	อิงลิชทอยสเปเนียล
สุนัขพันธุ์เบลนเฮมสเปเนียล	เบลนเฮมสเปเนียล
คิงชาร์ลส์สเปเนียล	สุนัขพันธุ์คิงชาร์ลส์สเปเนียล
ปาปิลลอน	สุนัขพันธุ์ปาปิลลอน
ทอยเทอร์เรีย	สุนัขพันธุ์ทอยเทอร์เรีย
สุนัขล่าเนื้อ	หมาล่าเนื้อ
สุนัขที่ถูกฝึก	สุนัขที่ผ่านการฝึก	สุนัขที่ได้รับการฝึก
สุนัขพันธุ์โรเดเซียนริดจ์แบ็ก	โรเดเซียนริดจ์แบ็ก
สุนัขพันธุ์ฮาวด์	ฮาวด์
สุนัขพันธุ์อัฟกัน	สุนัขพันธุ์อัฟกันเฮานด์	อัฟกันเฮานด์
บาสเซตเฮานด์	สุนัขพันธุ์บาสเซตเฮานด์
บีเกิล	สุนัขพันธุ์บีเกิล
บลัดเฮานด์	สุนัขพันธุ์บลัดเฮานด์
ชนโครม	พุ่งชน
บลูติก	สุนัขพันธุ์บลูติก
สุนัขพันธุ์โบร์เฮานด์	โบร์เฮานด์
คูนเฮานด์	สุนัขพันธุ์คูนเฮานด์
สุนัขล่าแร็กคูน	หมาล่าแร็กคูน
ฟอกซ์เฮานด์	สุนัขพันธุ์ฟอกซ์เฮานด์
วอล์เกอร์เฮานด์	สุนัขพันธุ์วอล์เกอร์เฮานด์
สุนัขพันธุ์อิงลิชฟอกซ์เฮานด์	อิงลิชฟอกซ์เฮานด์
สุนัขพันธุ์แฮร์ริเออร์	แฮร์ริเออร์
พลอตเฮานด์	สุนัขพันธุ์พลอตเฮานด์
สุนัขพันธุ์เรดโบน	เรดโบน
สุนัขพันธุ์เกรย์ฮาวด์	เกรย์ฮาวด์
ก้าวย่าง	ก้าวเดิน
สุนัขพันธุ์นอร์เวเจียนเอลก์ฮาวด์	เอลก์ฮาวด์
ก้าว	ก้าวเท้า	ย่างเท้า
ซาลูกิ	สุนัขพันธุ์ซาลูกิ
สุนัขพันธุ์สเตกเฮานด์	สเตกเฮานด์
สุนัขพันธุ์ไวย์มาราเนอร์	ไวย์มาราเนอร์
กระพือปีก	ขยับ	ตีปีก
กระพือปีก	ขยับปีก	ตีปีก
ดัน	ยัด
กระโดดข้าม	โดดข้าม
ดัดเป็นลอน	ทำเป็นลอน
กระโดดโลดเต้น	เต้น
คว้า	ฉวย
สุนัขพันธุ์เรดเซตเตอร์	สุนัขพันธุ์ไอริชเซตเตอร์
ชก	ต่อย	เหวี่ยงกำปั้น	เหวี่ยงหมัด
ขี่	นั่ง
สุนัขพันธุ์กริฟฟอนขนหยาบ	สุนัขพันธ์กริฟฟอน
เดินด้วยรองเท้าลุยหิมะ	เดินลุยหิมะ
สุนัขเฝ้ายาม	หมาเฝ้ายาม
คูเวซ	สุนัขพันธุ์คูเวซ
ทุบ	โขก
สุนัขเฝ้าบ้าน	หมาเฝ้าบ้าน
กระโดด	กระโดดลง	ทิ้งตัว	โดด	โดดลง
ยกด้วยสลิง	ใช้สลิงยก
ห้อย	แขวนเชือก
เลื้อยขึ้น	ไต่ขึ้น
รับรู้	รู้
ขี้โมโห	ที่โกรธง่าย
พินเชอร์	สุนัขพันธุ์พินเชอร์
ได้ข่าว	ได้ข่าวคราว
รู้สึก	เกิด
สุนัขจูงคนตาบอด	สุนัขนำทาง
สุนัขพันธุ์ฮัสกี้	สุนัขลากเลื่อน	สุนัขเอสกิโม
ผ่าน	ผ่านประสบการณ์
ดัลเมเชียน	สุนัขพันธุ์ดัลเมเชียน
บาเซนจิ	สุนัขพันธุ์บาเซนจิ
ปั๊ก	สุนัขพันธุ์ปั๊ก	หมาพันธุ์ปั๊ก
ลีออนเบิร์ก	สุนัขพันธุ์ลีออนเิบิร์ก
นิวฟันด์แลนด์	สุนัขพันธุ์นิวฟันด์แลนด์
สุนัขพันธุ์เกรตไพรีนีส	เกรตไพรีนีส
สปิตส์	สุนัขพันธุ์สปิตส์
ซาโมเยด	สุนัขพันธุ์ซาโมเยด
ปอมเมอเรเนียน	สุนัขพันธุ์ปอมเมอเรเนียน
สุนัขพันธุ์เชาเชา	เชาเชา
สุนัขพันธุ์เบลเยียมกริฟฟอน	สุนัขพันธ์กริฟฟอน
ตาก	ตากแดด
คอร์กี้	สุนัขพันธุ์คอร์กี้	สุนัขพันธุ์เวลช์คอร์กี้
ผึ่ง	ผึ่งลม
สุนัขพันธุ์เพมโบรก	สุนัขพันธุ์เพมโบรกเวลช์คอร์กี้	เพมโบรก
คาร์ดิกัน	สุนัขพันธุ์คาร์ดิกัน	สุนัขพันธุ์คาร์ดิกันเวลช์คอร์กิ
พุดเดิ้ล	สุนัขพันธุ์พุดเดิ้ล	หมาพันธุ์พุดเดิ้ล
โดนแสง	ได้รับแสง
โดนแสงมาก	ได้รับแสงมาก
ทำให้โดนแสง	ทำให้ได้รับแสง
สุนัขพันธุ์เม็กซิกันแฮร์เลส	เม็กซิกันแฮร์เลส
วูลฟ์	สุนัขป่า	หมาป่า
โดนแสงน้อย	ได้รับแสงน้อย
สุนัขป่าเทา	หมาป่าเทา
สุนัขป่าขาว	สุนัขป่าอาร์กติก	หมาป่าขาว	หมาป่าอาร์กติก
สุนัขป่าแดง	หมาป่าแดง
หมาจิ้งจอก	หมาไน
ดิงโก	หมาดิงโก
กระตุ้นความรู้สึก	ปลุกเร้า	เร้า	เร้าความรู้สึก
หมาป่าไฮยีนา	ไฮยีนา
ขนลุก	ขนหัวลุก
หมาป่าไฮยีน่า	ไฮยีน่า
ดูด	อม	เลีย	โม้ก
ทรงพระสุบิน	ทรงสุบิน	ฝัน
จิ้งจอก	สุนัขจิ้งจอก	หมาจิ้งจอก
จริงจัง	ซีเรียส
จิ้งจอกตัวเมีย	จิ้งจอกเพศเมีย	สุนัขจิ้งจอกตัวเมีย	สุนัขจิ้งจอกเพศเมีย	หมาจิ้งจอกตัวเมีย	หมาจิ้งจอกเพศเมีย
จิ้งจอกขาว	สุนัขจิ้งจอกขั้วโลกเหนือ	สุนัขจิ้งจอกขาว	สุนัขจิ้งจอกอาร์กติก
ปวดแสบปวดร้อน	แสบร้อน
คัน	มีอาการคัน	ระคายเคือง
สกุลฟีลิส	สกุลแมว
ปวด	รู้สึกปวด	รู้สึกเจ็บ	เจ็บ
แมว	แมวบ้าน
หิว	หิวโหย	อยากกิน
กระหาย	คอแห้ง
เจ้าเหมียว	แมวเหมียว
เเมวสีสวาท	แมวไทย
มีกลิ่น	ส่งกลิ่น	โชยกลิ่น
มีกลิ่นเหม็น	เหม็น
ดม	ดมกลิ่น
สูด	สูดดม
สิงโตภูเขา	เสือพูม่า	เสือภูเขา
ทำให้มีกลิ่น	ส่งกลิ่น
ทำให้มีกลิ่นเหม็น	ส่งกลิ่นเหม็น
ทำให้มีกลิ่นหอม	ทำให้หอม	ส่งกลิ่นหอม	เติมกลิ่นหอม
จุดธูปเทียน	เผากำยาน
ลีนซ์ทะเลทราย	ลีนซ์แคราเคิล	แมวแคราเคิล
ซึ่งไม่มีสัญชาติ	ซึ่งไร้สัญชาติ
ที่ย้ายถิ่นฐาน	ที่อพยพ
สกุลเสือโคร่ง	สกุลแพนเทอรา
สิงโต	เจ้าป่า
เสือ	เสือโคร่ง
ชีต้า	เสือชีตาฮ์	เสือชีต้า
ซึ่งเร้าความรู้สึกทางเพศ	ซึ่งเร้าอารมณ์ทางเพศ	เซ็กซี่	เอ็กซ์
สกุลหมี	สกุลเออร์ซัส
ทะลึ่ง	สองแง่สามง่าม
มองดูรอบๆ	มองดูให้ทั่ว
หมีขั้วโลก	หมีขาว
ผู้ใหญ่	ลามก	ลามกอนาจาร	โป๊
ดูเหมือน	ดูเหมือนว่า
ซึ่งไม่มีความต้องการทางเพศ	ซึ่งไม่มีอารมณ์ทางเพศ
แสดงให้เห็น	โชว์
อันดับคีรอปทีรา	อันดับค้างคาว
เป็นแบบ	โพสท่า
เผย	เผยให้เห็น
ซ่อนเร้น	เก็บซ่อน
กั้น	บัง
ซึ่งเป็นรูปบูท	ซึ่งเป็นรูปรองเท้าบูท
ซ่อน	ซ่อนตัว	หลบซ่อน	เร้นกาย
ลักลอบโดยสาร	แอบขึ้น
ซ่อน	ปิดบัง	ใส่หน้ากาก
ซึ่งเป็นรูปปาก	ซึ่งเป็นรูปริมฝีปาก
ปกปิด	ปิดบัง
ค้างคาวลายจุด	ค้างคาวแจ็คแอส
ซ่อนความรู้สึก	เก็บความรู้สึก
ชันสูตรพลิกศพ	ชันสูตรศพ
ชม	ดู
ตรวจอย่างละเอียด	สแกน
ผู้ล่า	สัตว์นักล่า
สัตว์ที่ถูกล่า	สัตว์ที่ล่าได้
พินิจพิเคราะห์	ศึกษาอย่างใกล้ชิด
ตีน	เท้าสัตว์
ค้นหา	มองหา	หา	เสาะหา
หาคู่นอน	หาผู้หญิง
สังเกตเห็น	เหลือบเห็น
ซึ่งไว้หนวด	ที่มีหนวด
ค้นพบ	พบ
ตีนพังผืด	เท้าพังผืด
หาย	อันตธาน
หายวับ	หายวับไปกับตา
หาง	หางสั้น
บด	บดบัง
จำแลง	ปลอมตัว
พรางตัว	พรางตา
ตาบอด	ตาบอดตาใส
เปล่งประกาย	เป็นประกาย
แมง	แมลง
ทอแสง	สาดแสง	เปล่งรัศมี	เปล่งแสง	แผ่รังสี
กระพริบแสง	เปล่งแสงระยิบระยับ
ด้วง	แมลงปีกแข็ง
จ้องตาถลน	ตาค้าง	ตาเบิกโพลง
ค้นหา	ลาดตระเวน
ทำให้ตาบอด	ทำให้บอด
ทำให้มองไม่เห็น	ทำให้ไม่เห็น
ปาน	มน
ฟัง	สดับ	สดับตรับฟัง	ได้ยิน	ได้ยินได้ฟัง
ตั้งใจฟัง	ฟัง	ฟังอย่างตั้งใจ
หูผึ่ง	เงี่ยหู	เงี่ยหูฟัง
มีสองพู	มีสองหยัก
ที่แบ่งเป็นสองส่วน	หยักลึกเป็นสองแฉก
ทำเสียงอึกทึก	ทำให้เกิดเสียงอึกทึก
เป็นพู	เป็นแฉก
รูปฝ่ามือ	แบบนิ้วมือ
ก้อง	สะท้อนเสียง
ทำให้เกิดเสียง	ส่งเสียง
ทั้งหัวใจ	เต็มใจ
ส่งเสียงดัง	ส่งเสียงหวูด	แผดเสียง	แผดเสียงก้อง
อันดับเอมไบออปทีรา	อันดับเอมไบโอดี
หมัด	เห็บ
สกุลพีดิคูลัส	เหา
ส่งเสียงดังสะท้อน	ส่งเสียงสะท้อน	ส่งเสียงสะท้อนกลับ
เหา	เหาคน
ศูนย์	๐
1	หนึ่ง	๑
2	สอง	๒
3	สาม	๓
4	สี่	๔
5	ห้า	๕
6	หก	๖
7	เจ็ด	๗
ทำเสียงฮัม	ฮัม
8	แปด	๘
9	เก้า	๙
10	สิบ	๑๐
11	สิบเอ็ด	๑๑
12	สิบสอง	หนึ่งโหล	๑๒
13	สิบสาม	๑๓
14	สิบสี่	๑๔
15	สิบห้า	๑๕
16	สิบหก	๑๖
17	สิบเจ็ด	๑๗
18	สิบแปด	๑๘
19	สิบเก้า	๑๙
20	ยี่สิบ	๒๐
21	ยี่สิบเอ็ด	๒๑
22	ยี่สิบสอง	๒๒
คราง	ทำเสียงหวือ
23	ยี่สิบสาม	๒๓
24	ยี่สิบสี่	๒๔
25	ยี่สิบห้า	๒๕
26	ยี่สิบหก	๒๖
27	ยี่สิบเจ็ด	๒๗
28	ยี่สิบแปด	๒๘
แอบได้ยิน	ได้ยินโดยบังเอิญ
29	ยี่สิบเก้า	๒๙
30	สามสิบ	๓๐
31	สามสิบเอ็ด	๓๑
32	สามสิบสอง	๓๒
33	สามสิบสาม	๓๓
34	สามสิบสี่	๓๔
35	สามสิบห้า	๓๕
36	สามสิบหก	๓๖
37	สามสิบเจ็ด	๓๗
38	สามสิบแปด	๓๘
แมงวัน	แมลงวัน
39	สามสิบเก้า	๓๙
40	สี่สิบ	๔๐
41	สี่สิบเอ็ด	๔๑
42	สี่สิบสอง	๔๒
43	สี่สิบสาม	๔๓
ทำให้นุ่ม	นุ่มลง
44	สี่สิบสี่	๔๔
45	สี่สิบห้า	๔๕
46	สี่สิบหก	๔๖
47	สี่สิบเจ็ด	๔๗
ปิดปาก	อุดปาก
48	สี่สิบแปด	๔๘
49	สี่สิบเก้า	๔๙
50	ห้าสิบ	๕๐
51	ห้าสิบเอ็ด	๕๑
52	ห้าสิบสอง	๕๑
53	ห้าสิบสาม	๕๓
ชิม	ลิ้มรส
54	ห้าสิบสี่	๕๔
55	ห้าสิบห้า	๕๕
ชูรส	ปรุงรส	เพิ่มรส	เพิ่มรสชาติ
56	ห้าสิบหก
57	ห้าสิบเจ็ด	๕๗
58	ห้าสิบแปด	๕๘
59	ห้าสิบเก้า	๕๙
60	หกสิบ	๖๐
61	หกสิบเอ็ด	๖๑
62	หกสิบสอง	๖๒
63	หกสิบสาม	๖๓
64	หกสิบสี่	๖๔
65	หกสิบห้า	๖๕
66	หกสิบหก	๖๖
67	หกสิบเจ็ด	๖๗
68	หกสิบแปด	๖๘
69	หกสิบเก้า	๖๙
70	เจ็ดสิบ	๗๐
71	เจ็ดสิบเอ็ด	๗๑
72	เจ็ดสิบสอง	๗๒
73	เจ็ดสิบสาม	๗๓
74	เจ็ดสิบสี่	๗๔
75	เจ็ดสิบห้า	๗๕
76	เจ็ดสิบหก	๗๖
77	เจ็ดสิบเจ็ด	๗๗
78	เจ็ดสิบแปด	๗๘
79	เจ็ดสิบเก้า	๗๙
80	แปดสิบ	๘๐
81	แปดสิบเอ็ด	๘๑
82	แปดสิบสอง	๘๒
83	แปดสิบสาม	๘๓
84	แปดสิบสี่	๘๔
85	แปดสิบห้า	๘๕
86	แปดสิบหก	๘๖
87	แปดสิบเจ็ด	๘๗
88	แปดสิบแปด	๘๘
89	แปดสิบเก้า	๘๙
90	เก้าสิบ	๙๐
91	เก้าสิบเอ็ด	๙๑
92	เก้าสิบสอง	๙๒
93	เก้าสิบสาม	๙๓
94	เก้าสิบสี่	๙๔
95	เก้าสิบห้า	๙๕
96	เก้าสิบหก	๙๖
97	เก้าสิบเจ็ด	๙๗
98	เก้าสิบแปด	๙๘
99	เก้าสิบเก้า	๙๙
100	ร้อย	หนึ่งร้อย	๑๐๐
101	ร้อยเอ็ด	หนึ่งร้อยหนึ่ง	หนึ่งร้อยเอ็ด	๑๐๑
105	หนึ่งร้อยห้า	๑๐๕
110	หนึ่งร้อยสิบ	๑๑๐
115	หนึ่งร้อยสิบห้า	๑๑๕
120	หนึ่งร้อยยี่สิบ	๑๒๐
ทำให้มีรสเปรี้ยว	ทำให้เปรี้ยว
125	หนึ่งร้อยยี่สิบห้า	๑๒๕
130	หนึ่งร้อยสามสิบ	๑๓๐
เปลี่ยนรสชาติ	เปลี่ยนรสนิยม
135	หนึ่งร้อยสามสิบห้า	๑๓๕
140	หนึ่งร้อยสี่สิบ	๑๔๐
145	หนึ่งร้อยสี่สิบห้า	๑๔๕
ถึงจุดสุดยอด	เสร็จ
150	หนึ่งร้อยห้าสิบ	๑๕๐
155	หนึ่งร้อยห้าสิบห้า	๑๕๕
160	หนึ่งร้อยหกสิบ	๑๖๐
แมลงวี่	แมลงหวี่
165	๑๖๕
170	หนึ่งร้อยเจ็ดสิบ	๑๗๐
175	หนึ่งร้อยเจ็ดสิบห้า	๑๗๕
180	หนึ่งร้อยแปดสิบ	๑๘๐
190	หนึ่งร้อยเก้าสิบ	๑๙๐
200	สองร้อย	๒๐๐
300	สามร้อย	๓๐๐
400	สี่ร้อย	๔๐๐
500	ห้าร้อย	๕๐๐
1000	พัน	หนึ่งพัน	๑๐๐๐
หนึ่งหมื่น	หมื่น
มองทะลุ	เข้าใจทะลุปรุโปร่ง
หนึ่งแสน	แสน
เล็ง	เล็งเป้า
มอบ	มอบให้	ให้
ซึ่งมีจำนวนนับไม่ถ้วน	นับไม่ถ้วน
ทิ้ง	ฝาก
มอบของขวัญ	ให้ของขวัญ
แจก	แจกจ่าย
ที่หนึ่ง	แรก
ติป	ทิป	ให้ทิป
คงไว้	รักษาไว้	เก็บไว้
ดูแล	เฝ้า
ซื้อทิ้งไว้	ซื้อเก็บไว้
ตุน	เก็บอาหาร
มี	เป็นเจ้าของ
มีเหลือ	เหลือ
รับ	เอา
คุ่น	ริ้นดำ
ได้คืน	ได้รับคืน
ได้มาโดยบังเอิญ	ได้รับโดยบังเอิญ
ขาย	ขายโละ
ผึ้งดำ	ผึ้งเยอรมัน
ผึ้งพันธุ์อิตาเลียน	ผึ้งอิตาเลียน
ที่หนึ่งร้อยหนึ่ง	ที่หนึ่งร้อยเอ็ด
รับ	ได้	ได้รับ
ได้	ได้รับ
ได้	ได้รับ
ตัวต่อ	ต่อ
ที่เขียนเป็นบทละคร	ที่เขียนเป็นสคริปต์
ตัวต่อ	ต่อ
ลงทุนในหลักทรัพย์ของรัฐบาล	ลงทุนในหลักประกันของรัฐบาล
มอบทุน	ให้ทุน
รวบรวมผลกำไร	เก็บรวบรวมกำไร
รวบรวมทุน	สะสมทุน
เปลี่ยนมือ	เปลี่ยนเจ้าของ
ขว้าง	เขวี้ยง	โยน
ที่ขนาดเท่าแอปเปิ้ล	ที่มีขนาดเท่าผลแอปเปิ้ล	ที่มีขนาดเท่าลูกแอปเปิ้ล	ที่มีขนาดเท่าแอปเปิ้ล
ที่ขนาดเท่าเชอร์รี่	ที่มีขนาดเท่าผลเชอร์รี่	ที่มีขนาดเท่าลูกเชอร์รี่	ที่มีขนาดเท่าเชอร์รี่
ที่ขนาดเท่าคุกกี้	ที่มีขนาดเท่าคุกกี้
ที่ขนาดเท่าอีกา	ที่ตัวเท่าอีกา	ที่มีขนาดเท่าอีกา
ที่ขนาดเท่าสุนัข	ที่ตัวเท่าสุนัข	ที่มีขนาดเท่าสุนัข
ที่ขนาดเท่าองุ่น	ที่มีขนาดเท่าผลองุ่น	ที่มีขนาดเท่าลูกองุ่น	ที่มีขนาดเท่าองุ่น
ที่ขนาดเท่ามนุษย์	ที่ตัวเท่ามนุษย์	ที่มีขนาดเท่ามนุษย์
ที่ขนาดเท่าลูกกีวี	ที่มีขนาดเท่าผลกีวี	ที่มีขนาดเท่าลูกกีวี
ที่ขนาดปานกลาง	ที่มีขนาดกลาง	ที่มีขนาดปานกลาง
ที่ขนาดเท่าหนู	ที่ตัวเท่าหนู	ที่มีขนาดเท่าหนู
ที่ขนาดเท่าผลส้ม	ที่มีขนาดเท่าผลส้ม	ที่มีขนาดเท่าส้ม
ที่ขนาดเท่าสุกร	ที่ตัวเท่าสุกร	ที่ตัวเท่าหมู	ที่มีขนาดเท่าสุกร	ที่มีขนาดเท่าหมู
ที่ขนาดเท่ากระต่าย	ที่ตัวเท่ากระต่าย	ที่มีขนาดเท่ากระต่าย
ที่ขนาดเท่านกกระจอก	ที่ตัวเท่านกกระจอก	ที่มีขนาดเท่านกกระจอก
ที่ขนาดเท่ากระรอก	ที่ตัวเท่ากระรอก	ที่มีขนาดกระรอก
ที่ขนาดเท่าไก่งวง	ที่ตัวเท่าไก่งวง	ที่มีขนาดเท่าไก่งวง
ที่ขนาดเท่าหมาป่า	ที่ตัวเท่าหมาป่า	ที่มีขนาดเท่าหมาป่า
ติดตั้งเครื่องยนต์	ใส่เครื่องยนต์
ช่ำชอง	เชี่ยวชาญ
ทำระเบียง	ทำเฉลียง
ตัดความสัมพันธ์	เลิกคบหา
ซึ่งขาดทักษะ	ซึ่งไม่มีทักษะ
ตกตะลึง	ตกเป็นมรดก	เป็นมรดกถึง
ตกเป็นภาระ	ตกเป็นหน้าที่
ผ่านบอล	ส่ง	ส่งบอล
เหมือนกำมะหยี่	เหมือนผ้ากำมะหยี่
นำเข้า	รับ
ซึ่งไม่ปล่อยควัน	ที่ไม่มีควัน
ซึ่งปลอดควัน	ซึ่งไม่มีควัน
ปันส่วน	แจกจ่ายตามสัดส่วน
ได้	ได้มา	ได้รับ
ขรุขระ	ซึ่งไม่เรียบ
รับ	รับสินค้า
ขายของผิดกฎหมาย	ขายเกินราคา
ขาย	จำหน่าย
ขาย	ค้าขาย	ทำธุรกิจ
ลำดับย่อยโฮมอปทีรา	อันดับย่อยโฮมอปทีรา
ติดต่อธุรกิจ	ทำธุรกรรม
ปิดเครื่องคอมพิวเตอร์	ลงบันทึกปิด	ลงบันทึกออก
ชดเชย	ตอบแทน
จ่ายก่อน	จ่ายล่วงหน้า
จ่ายเงินชดเชย	ให้เงินชดเชย
ทำประกัน	ทำประกันภัย	ประกันภัย
จ่าย	ชำระ	ออกเงิน	เสีย
เพลี้ย	เพลี้ยอ่อน
ติดค้าง	ติดหนี้	เป็นหนี้
ค้างชำระ	เป็นหนี้
ซึ่งไร้เมล็ด	ที่ไม่มีเมล็ด	ไร้เมล็ด
หวงแหน	ให้คุณค่า
จ่ายเงินค่าไถ่	ไถ่ตัว
ที่ไม่มีแขน	ที่ไร้แขน
ที่เป็นของแข็ง	แข็ง
แมงเม่า	แมลงเม่า
จ่ายบำนาญ	จ่ายเบี้ยบำนาญ	ให้เงินบำนาญ
จ่าย	ใช้
ใช้จ่ายเงิน	ใช้เงิน	ใช้เงินเกลี้ยง
ใช้จ่ายเกินรายได้	ใช้เงินเกินรายได้
ถลุงเงิน	ผลาญเงิน
มัธยัสถ์	สงวน
ขอ	เกาะ
ทุ่ม	ลงทุน
ที่ผ่านโลกมามาก	ที่อาบน้ำร้อนมาก่อน	ที่เข้าใจโลก
บริสุทธิ์	อินโนเซนต์	อ่อนต่อโลก	ใสซื่อ	ไร้เดียงสา
ยึด	อายัด
กวาดทรัพย์สิน	ขโมย	ลัก	เชิด
ขโมยของในร้าน	จิ๊กของในร้าน
จี้	จี้ชิงทรัพย์	จี้ปล้น
ไม่อ้างอิง	ไม่อ้างอิงแหล่งที่มา
อนุรักษ์	เก็บรักษา
ตุน	เก็บ	เก็บเอาไว้ใช้
ร้านในคลังสินค้า	เก็บในโกดัง
จ่ายใต้โต๊ะ	ซื้อ	ติดสินบน
ซึ่งเป็นมุขปาฐะ	ที่บอกเล่าสืบต่อกันมา
คืน	จ่ายคืน
เสียงก้อง	โฆษะ
อโฆษะ	ไม่ก้อง
ที่มีพยางค์	ที่เป็นพยางค์
ที่มีพยางค์เดียว	ที่มีหนึ่งพยางค์
กรีดกระเป๋า	ล้วงกระเป๋า
แบ่ง	แบ่งปัน	แบ่งสรรปันส่วน	แบ่งเค้ก	แบ่งให้
จ่าย	แจก	แจกจ่าย
มีส่วนแบ่ง	แบ่ง	แบ่งกัน
ร่วม	แชร์
ให้สัญญาณจราจร	ให้สัญญาณไฟ	ให้สัญญาณไฟจราจร
ประกวดราคา	ประมูลราคา
มีหนี้สิน	รับ	รับภาระหนี้สิน	แบกรับหนี้สิน
ตกอยู่ภายใต้การครอบครอง	ตกอยู่เป็นเมืองขึ้น	ตกอยู่ในมือ
ฉวย	หยิบฉวย
กักตุน	กักเก็บ	ซ่อน	ตุน
คืน	ให้คืน
ส่งกลับ	ส่งคืน
ส่งคืน	ให้คืน
ฝาก	ฝากธนาคาร	ฝากเงิน	ฝากแบงค์
ถอน	เบิก
เบิกเกิน	เบิกเกินบัญชี
กำพร้า	ไม่มีพ่อมีแม่	ไม่มีพ่อแม่
สัตว์พวกผิวหนาม	เอคไคโนเดิร์ม
ใช้บัตรสินเชื่อ	ใช้บัตรเครดิต
ดาวทะเล	ปลาดาว
จ่ายสด	จ่ายเงินสด
ซื่อตรง	ซื่อสัตย์	อย่างซื่อตรง
ทำให้มั่งคั่ง	ทำให้ร่ำรวย
ฉวยโอกาสขึ้นราคา	โก่งราคา
หอยเม่น	เม่นทะเล
ชาร์จ	เก็บค่าชาร์จ
ชิงทรัพย์	ปล้น	ปล้นทรัพย์
ฉก	หยิบ
ขโมย	ลัก	ลักขโมย
ตีน	เท้า
ขโมย	จิ๊ก	ฉก	ลักเล็กขโมยน้อย
กักตุน	กักตุนสินค้า	สต็อก	สต็อกสินค้า
ขอยืม	ยืม
กระต่าย	เจ้าหูยาว
ให้กู้	ให้ยืม
เพิ่มคุณภาพ	เพิ่มระดับ
กระต่ายตัวผู้ที่ถูกตอน	กระต่ายตัวผู้ที่ทำหมัน
กระต่ายน้อย	บันนี่
กระต่ายยุโรป	กระต่ายโลกเก่า
ดื้อ	ดื้อดึง	รั้น
จัดให้	ให้สิ่งจำเป็น
อันดับสัตว์แทะ	อันดับโรดอนเทีย
ติดแฟร็ต	ใส่แฟร็ต
ฟีลด์เมาส์	หนูทุ่ง
หาภรรยาให้	หาเมียให้
จัดเสบียง	จัดเสบียงอาหาร
หนูจิงโจ้	แคงการูเมาส์
จัดส่งกำลังทหาร	จัดส่งกำลังพล
หนูพืชไร่	หนูพืชไร่อเมริกัน
สกุลออนดาตรา	สกุลโอดาตรา
สวมครอบปาก	สวมตะกร้อครอบปาก
ที่มีคุณภาพ	เหนือกว่า
สวมชุดเกราะ	สวมเกราะ	สวมเสื้อเกราะ	ใส่เกราะ
สกุลอาร์วิโคดา	สกุลอาร์วิโคลา
เจริญก้าวหน้า	เจริญรุ่งเรือง
หนูแฮมสเตอร์	แฮมสเตอร์
ที่คัดสรร	ที่เลือกเฟ้น
ทำงานธนาคาร	ทำงานแบงค์
ชั้นเฟิร์ตคลาส	เป็นเลิศ
แฮมเตอร์ซีเรีย	แฮมเตอร์ทอง
ที่ยอดเยี่ยม	ที่สุดยอด
จ่ายคืน	ตอบแทน
ตกรางวัล	ตบรางวัล	ให้รางวัล
ขโมย	ลัก	ลักขโมย	ลักเล็กขโมยน้อย
ที่ประณีต	ที่พิถีพิถัน
ด้อยคุณภาพ	ต่ำ
ขโมยความคิด	ลอกความคิด
ยอดแย่	แย่
ซังกะบ๊วย	ห่วย	ห่วยแตก
ชั้นสอง	ปานกลางถึงแย่
ชดใช้	แบกรับค่าใช้จ่าย
ผ่อนคลาย	ผ่อนชำระ
ติดผ้าม่าน	ติดม่าน
ทำให้ล้น	โอเวอร์ซัปพลาย
สามารถเข้าไปยัง	เข้าไปยัง
นำไปแลก	ส่งไปแลก
รับผิดชอบด้วยการลาออก	สมัครใจลาออก	แสดงความรับผิดชอบด้วยการลาออก
กระทำ	ทำ	เคลื่อนไหว	แสดงออก
ที่มีรสเหมือนกรด	ที่เปรี้ยวเหมือนกรด
วางแผนการ	ใช้แผนการ
ทำงานแข่ง	แข่ง
ต่อมน้ำนม	ต่อมน้ำนมของสัตว์
สัตว์ประเภทมีเ้ท้าเป็นกีบ	สัตว์ประเภทมีเ้ท้าเป็นกีับ
เก็บตัว	ไม่สุงสิง
เป็นพาร์ตเนอร์	เป็นหุ้นส่วน
ซึ่งสมมาตรกัน	ที่เป็นรูปสมมาตร	สมมาตร
ทุ่มเท	ทุ่มเทความสามารถ	ใช้ความพยายามอย่างมาก
ทุ่ม	ทุ่มเท
พาชี	ม้า	อัศว	อาชา	แสะ
ร่วมกิจกรรม	เข้าร่วม
ร่วมกิจกรรมทางการเมือง	เข้าร่วมกิจกรรมทางการเมือง
ลูกม้าตัวผู้	ลูกม้าเพศผู้
ม้าตัวผู้	ม้าเพศผู้
ปฏิสัมพันธ์	มีปฏิสัมพันธ์
ม้าตัวผู้เก็บไว้ทำพันธุ์	ม้าพ่อพันธุ์
ม้าตัวเมีย	ม้าเพศเมีย
ม้าตัวเมีย	แม่พันธุ์ม้า
สละราชบัลลังก์	สละราชสมบัติ
ปลดเกษียณ	รีไทร์	เกษียณ	เกษียณอายุ	เออร์ลี่	เออร์ลี่รีไทร์
ปลด	รีไทร์	ไล่ออก
ให้บำนาญ	ให้เงินบำนาญ
ม้าบรองโก	ม้าป่า
ขอลาออก	ยื่นจดหมายลาออก	ยื่นหนังสือลาออก	ยื่นใบลาออก
พอ	วางมือ	ออก	ออกจากงาน	ออกจากตำแหน่ง
ม้าแคระ	ม้าโพนี
ดร็อป	หยุดเรียน	ออกโรงเรียน
สัตว์ที่ใช้แข่ง	สัตว์ที่ใช้แข่งขัน
ชวน	เชิญ
สูญเสียอำนาจ	หมดวาระ	หมดอำนาจ
ม้าอายุสามปี	ม้าแข่งอายุสามปี
เตี้ย	แคระ
ม้าต่าง	ม้าบรรทุก
ม้าลากเกวียน	ม้าเทียมเกวียน
ม้าส่งไปรษณีย์	ม้าเร็ว
ที่ต้นเตี้ย	ที่ลำต้นเตี้ย
ศึกษาที่บ้าน	เรียนที่บ้าน
ฝึก	ฝึกฝน
พบปะ	พบปะสังสรรค์	เข้าสังคม
ติดต่อ	สัมผัส
ขึ้นครองราชย์	ครองราชสมบัติ
สูญเสียที่นั่งในสภา	สูญเสียเก้าอี้ในสภา
สุกร	หมู
ที่มีรส	ที่มีรสชาติ
สุกร	หมู	หมูขุน	หมูตอน	หมูเลี้ยง
หมูตัวผู้	หมูเพศผู้
สุกรเพศเมีย	หมูตัวเมีย
หมูป่า	หมูเถื่อน
เลื่อนขั้น	เลื่อนชั้น	เลื่อนตำแหน่ง
ช้างน้ำ	ฮิปโป	ฮิปโปโปเตมัส
จืด	ซึ่งไม่มีรสชาติ
เด้ง	เตะโด่ง
วัว	โค
พ่อวัว	วัวตัวผู้	วัวเพศผู้
ตัวเมีย	แม่วัว	แม่โค
วัวเนื้อ	โคเนื้อ
พ้นจากตำแหน่ง	ออกจากตำแหน่ง
วัวพันธุ์ลองฮอร์น	วัวพันธุ์เท็กซัสลองฮอร์น	โคเนื้อพันธุ์ลองฮอร์น
โคพันธุ์ซานตาเกอร์ทรูดิส	โคเนื้อพันธุ์ซานตาเกอร์ทรูดิส
โคพันธุ์อเบอร์ดีน	โคเนื้อพันธุ์อเบอร์ดีน
วัวนม	แม่วัวนม	โคนม
โคพันธุ์ชาโรเลส	โคเนื้อพันธุ์ชาโรเลส
โคนมพันธุ์เจอร์ซี่	โคพันธุ์เจอร์ซี่
โคพันธุ์ชอร์ตฮอร์น	โคเนื้อพันธุ์ชอร์ตฮอร์น
โคนมพันธุ์มิลกิ้งชอร์ตฮอร์น	โคพันธุ์มิลกิ้งชอร์ตฮอร์น
โคพันธุ์กัลโลเวย์	โคเนื้อพันธุ์กัลโลเวย์
ดิ้นรน	สู้
โคนมพันธุ์ฟรีเชียน	โคนมพันธุ์โฮลสไตน์ฟรีเชียน
โคพันธุ์เฮอร์ฟอร์ด	โคเนื้อพันธุ์เฮอร์ฟอร์ด
โคพันธุ์บีฟาโล	โคเนื้อพันธุ์บีฟาโล
ใช้งาน	ให้ทำงาน
ทำงานขับรถ	เป็นคนขับรถ	เป็นพนักงานขับรถ
กระบือ	ควาย	ควา่ย
จ้าง	จ้างวาน	ว่าจ้าง
ทำสัญญา	ทำสัญญาว่าจ้าง	เซ็นสัญญา
จ้าง	ให้ทำงาน
ทำงาน	ทำมาหากิน
รับใช้กองทัพ	รับใช้ชาติ	เข้าประจำการ
ประท้วงหยุดงาน	สไตรก์	หยุดงานประท้วง
แกะอายุหนึ่งขวบ	แกะอายุหนึ่งปี
ทำงานเป็นบริกร	เป็นพนักงานเสิร์ฟ	เป็นเด็กเสิร์ฟ
หาเสียง	หาเสียงให้ผู้สมัคร	เป็นหัวคะแนน
ง่วน	มีงานเยอะ	ยุ่ง
ขนเครา	เครา
เกียจคร้าน	เ้กียจคร้าน
ตรากตรำ	ตรากตรำทำงาน	ทำงานหนัก
ทำงานพิเศษ	ทำอาชีพเสริม
ทำงานเป็นจ็อบ	รับงานเป็นจ็อบ	รับจ็อบ
ปลดปล่อย	ได้รับอิสรภาพ
อดออม	ออม
อดกลั้น	เก็บกด
กำราบ	ปราบปราม
ขันอาสา	อาสา	อาสาสมัคร	เป็นอาสาสมัคร
อาสา	เสนอตัว
ปิด	ปิดกิจการ
กวางลีชเว	กวางเลชเว
กวางวอเตอร์บัค	วอเตอร์บัค
กวางตัวผู้	กวางเพศผู้
กวางคาริบู	กวางเรนเดียร์	กวางแคริบู
รักษาตำแหน่ง	เกาะเก้าอี้
ก่อตั้งสหภาพ	จัดตั้งสหภาพ
ซึ่งรู้สึกสดชื่น	สดชื่น
ร่วม	เข้าร่วม
จัดการ	บริหารจัดการ	แมนเนจ
กระจงหนู	กระจงเล็ก
ทำเล่นๆ	สนุกๆ	ไม่จริงจัง
แบบเรียงเสียง	ไดอาโทนิก
อุ้งตีน	อุ้งเท้า
ควบคุม	คอนโทรล
กุมบังเหียน	กุมสายบังเหียน
ก่อตั้งบริษัท	ตั้งบริษัท
ก่อตั้ง	จัดตั้ง	ฟอร์ม
ก่อตั้งสมาคม	จัดตั้งสมาคม
ที่มีพิษ	ที่เป็นพิษ
อนุญาตให้ร่วม	ให้เข้าร่วม
มีส่วน	มีส่วนร่วม	ร่วม
กรี	จงอย
งวง	งวงช้าง
ป้องกัน	หยุดยั้ง
หนุนหลัง	ให้การสนับสนุน
ทำโพล	สำรวจความคิดเห็น
ตัวอาร์มาดิลโล	อาร์มาดิลโล
ได้คะแนนเสียง	ได้คะแนนโหวต	ได้รับคะแนนเสียง	ได้รับคะแนนโหวต	ได้รับเสียงโหวต
ดูแลความปลอดภัย	ดูแลรักษาความปลอดภัย	รักษาความปลอดภัย	เฝ้ายาม	เฝ้าระวัง
คอยดูแล	ดูแลเด็ก	เลี้ยงน้อง	เลี้ยงเด็ก
ฝัง	ฝังศพ
เคารพ	ให้เกียรติ
หาอาหาร	หาเสียง
จัดที่พักให้	จัดที่อยู่ให้
จัดที่พักให้ใหม่	จัดที่อยู่ให้ใหม่
ให้เช่า	ใ้ห้เช่า
สกุลไซคลอปส์	ไซคลอปส์
ตัวนิ่ม	พาโกลิน
ข้อขาหลัง	ข้อน่องแหลม
ซึ่งพึ่งพาได้	ซึ่งวางใจได้	ซึ่งไว้ใจได้
ให้พักงาน	ให้หยุดงาน
กระดูกปลา	ก้าง	ก้างปลา
หั่น	แบ่ง
แบ่งเป็นรูปสามเหลี่ยม	แบ่งเป็นสามเหลี่ยม
เฉือน	เฉือนบางๆ
รวมตัวกัน	รวมเป็นหน่วยเดียวกัน
อันดับลิง	ไพรเมต
เดินร่วมทาง	เดินไปด้วยกัน
รวมกลุ่ม	รวมกลุ่มกัน
ลงทะเบียนเป็นนักศึกษา	สมัครเข้าเป็นนักศึกษา
จดบันทึก	ลงบันทึก	เขียนบันทึก
ลงบัญชี	ลงบันทึกรายการ	ลงรายการ	ลิสต์
คน	มนุษย์
ออกเสียงคัดค้าน	โหวตค้าน	โหวตล้ม
ประสาท	ให้
คืนอิสรภาพ	ให้เสรีภาพ
งด	ยกเลิก
ทำให้มีผลทางกฎหมาย	บังคับใช้ได้ตามกฎหมาย
ทำให้ถูกกฎหมาย	ทำให้ถูกต้องตามกฎหมาย
ชิมแปนซี	ลิงชิมแปนซี
ฆาตกรรม	ฆ่า	ยิงทิ้ง	เก็บ
นั่งม้ายาว	นั่งเป็นตัวสำรอง
ลอบฆ่า	ลอบสังหาร
ประหาร	ประหารชีวิต
ตรึงกางเขน	ตรึงไม้กางเขน
กระบี่	กระบี่วานร	ลิง	วานร	เจ้าจ๋อ
รุมประชาทัณฑ์	ลงประชาทัณฑ์
ยิง	ยิงสังหาร
นั่งเก้าอี้ไฟฟ้า	ใช้ไฟช็อต	ใช้ไฟฟ้าช็อต
เผา	เผาทั้งเป็น
มีนัด	ออกเดท
ขอเดท	นัดออกเดท
ดาวน์	ตก
วิวาห์	สมรส	อภิเษกสมรส	แต่ง	แต่งงาน
ลิงจมูกงวง	ลิงจมูกยาว	ลิงโพรบอสซิส
จัดงานแต่งงาน	ทำพิธีสมรส	ทำพิธีแต่งงาน
ที่มีกีบ	ที่มีกีบเท้า
หย่า	หย่าขาด	หย่าร้าง	เลิก
สร้างความสนุกสนาน	เอนเตอร์เทน	ให้ความบันเทิง
ขังคุก	คุมขัง	จองจำ	จำคุก	ติดคุก	ติดตะราง
อันดับกระแต	อันดับสแกนเดนเทีย
กักขัง	ขัง
ซึ่งนำกลับมาใช้ใหม่ได้	ซึ่งนำรีไซเคิลได้
ขออุทธรณ์	ยื่นอุทธรณ์	อุทธรณ์
นางอาย	ลิงลม
อัปเปหิ	เนรเทศ
ทำโทษ	ลงทัณฑ์	ลงโทษ
ขับ	ขับไล่	ขับไล่ไสส่ง	ผลักไส
ทาร์เซียร์ฟิลิปปินส์	ทาร์เซียสไซริชตา
พักงาน	พักงานชั่วคราว	พักราชการ
อันดับบ่าง	อันดับเเดอร์มอปทีรา
ซึ่งไม่มีมูลค่า	ไร้ค่า
พักการศึกษา	พักการเรียน
ยอมให้กลับประเทศ	ให้กลับประเทศ
ปล่อยให้เข้า	ยอมให้เข้า	อนุญาตให้เข้า
สัตว์งวง	โปรบอสซิเดียน
ผลักดัน	ผลักดันกลับ	ผลักดันกลับประเทศ
ช้าง	ช้างสาร	หัตถี
ส่งกลับประเทศ	ส่งตัวกลับประเทศ
ขับออกจากกลุ่ม	ขับออกจากชุมชน
ห้ามเข้า	ห้ามเข้าประเทศ	แบน
กดดัน	บีบ	บีบคั้น	บีบบังคับ	เค้น
ช้างแมมมอธ	แมมมอธ
รีด	รีดไถ	เค้น	ไถ
คิงคาจู	คินคาจู
นกที่ร้องเสียงแหลม	นกเสียงแหลม
ปลา	มัจฉา	มัสยา
จัดระเบียบพื้นที่	จัดโซน
กีดกัน	แบ่งแยก
ปลาเล็ก	ลูกปลา
ที่ไม่มีกิเลส	บริสุทธิ์	ปราศจากมลทิน	สะอาด
ที่ไม่มีศีลธรรม	ที่ไร้ศีลธรรม
ทำความผิด	ทำผิด
ทรีต	ปฏิบัติต่อ
ที่รับบทตัวร้าย	ที่เล่นบทตัวร้าย
ชั้นออสเตชไทเอส	ปลากระดูกแข็ง
ก่อคดี	ก่ออาชญากรรม
กระทำทารุณ	กระทำโหดร้าย
ทำงานชุ่ย	ทำงานลวก
ทำตัวแย่	นิสัยไม่ดี
ประพฤติตน	ประพฤติตัว
ปลาฮอร์นพอต	ปลาฮอร์เนดพอต
ทำตัวดี	ประพฤติตัวดี
ปลามัดแคช	ปลาแคชฟิชหัวแบน	ปลาแคตฟิชจมูกพลั่ว	ปลาแคตฟิชปากช้อน	ปลาแคตฟิชหัวแบน
ซึ่งรับอาสา	ซึ่งสมัครใจ
เดินขบวน	เดินขบวนคัดค้าน	เดินขบวนประท้วง	เดินขบวนเรียกร้อง
ถือป้ายประท้วง	เดินขบวนถือป้ายประท้วง
ปลาคอดลิง	ลูกปลาคอดฟิช
ดำเนินการจนสำเร็จ	ทำสำเร็จ
ซ้ำชั้น	สอบตก
ประสบความสำเร็จ	ประสบผลสำเร็จ
ซึ่งไม่มีทางตีได้แตก	ซึ่งไม่สามารถทำอันตรายได้
ทำงานชุ่ย	ทำงานมักง่าย	ทำงานลวกๆ	ทำงานสะเพร่า	ทำมักง่าย	ทำลวกๆ	ทำให้เสียหาย	เงอะงะ
พยายาม	เพียรพยายาม
ปลากะตัก	ปลาแองโชวี่
ปลาแซลมอน	แซลมอน
ตามจีบ	ตามตื้อ	ตื้อ
ถอนตัว	แยกตัว
ทำให้เป็นกลางทางการเมือง	วางตัวเป็นกลาง
มีอิทธิพล	ส่งอิทธิพล
ปลาเทราต์สีน้ำตาล	ปลาเทราท์สีน้ำตาล
ขาย	ทรยศ	หักหลัง
ยุ่งเกี่ยว	เข้าแทรกแซง	แทรกแซง
เลี้ยง	เลี้ยงดู
ประชวร	ป่วย	อาพาท	เจ็บป่วย	เจ็บไข้ได้ป่วย
เป็นกระบอกเสียง	เป็นปากเป็นเสียง
ทำตาม	ปฏิบัติตาม
ซึ่งนอนป่วย	ซึ่งล้มป่วย	ซึ่งล้มหมอนนอนเสื่อ
ถ่วงดุล	ลดผลกระทบ
ปลาวูลฟ์ฟิช	ปลาแลนเซตฟิช
เสี่ยงดวง	เสี่ยงโชค
ตระหนักถึงความสำคัญ	เห็นคุณค่า
ที่ปล่อยไว้	ที่ไม่ได้รักษา	ที่ไม่ได้รับการรักษา
ทำให้อับอาย	ทำให้เสียชื่อ
ช่วย	ช่วยเหลือ
ช่วยดูแล	ให้การดูแล
ช่วยชีวิต	บรรเทา
ฝึก	อบรม
ขายตัว	ขายน้ำ	ขายบริการ	ขายบริการทางเพศ	ขายหอย
ซึ่งมีน้ำนม	ซึ่งให้นม
ช่วย	ช่วยเหลือ
ทำให้บังเกิด	มีส่วนทำให้
ปลาวอลอาย	ปลาแจ็คแซลมอน
ขัดขวาง	ยับยั้ง
ขัดขวาง	ยุติ
รับงาน	รับงานมาทำ
ยกเว้น	ให้การยกเว้น
ยกหนี้ให้	ยกให้
ดักหน้า	ตัดหน้า
ก่อกรรมทำเข็ญ	ทำบาป	ทำบาปทำกรรม
ฝ่าฝืน	ละเมิด
ฝ่าฝืน	แหกกฎ
ขืนใจ	ข่มขืน	ข่มขืนกระทำชำเรา	ฉุด	ย่ำยี
รุมโทรม	ลงแขก	เรียงคิวขืนใจ	เรียงคิวข่มขืน	โทรมหญิง
ตุ๋ย	ร่วมเพศทางทวารหนัก	ร่วมเพศทางเว็จมรรค	อัดตูด	อัดถั่วดำ
หาประโยชน์	แสงหาประโยชน์
ตามใจ	พะเน้าพะนอ	โอ๋
โง่	โง่ๆ
ขึ้นบ้าน	งัด	งัดแงะ	ยกเค้า	โจรกรรม
ทอนขาด	แกล้งทอนผิด	ไม่ทอนเงิน
ซึ่งมีต้นไม้ปกคลุม	เป็นป่า
ลอก	ลอกข้อสอบ
คิดไม่ซื่อ	หลอกลวง	ไม่ซื่อสัตย์
หลอก	เล่นตลก
ทำงานฟรีแลนซ์	ทำงานอิสระ	ทำฟรีแลนซ์	รับงานอิสระ
คบชู้	คบชู้สู่ชาย	นอกใจ	มีชู้	สวมเขา
ขุดบ่อล่อปลา	ขุดหลุมพราง	วางกับดัก	หลอกให้ติดกับ
ซึ่งไม่หวั่นไหวกับเรื่องทางโลก	ซึ่งไม่ใช่เรื่องทางโลก
ทอ	ที่ถูกถักทอ
ที่ใช้จนเก่า	ที่ใช้แล้ว
ขายตัว	เป็นหญิงบริการ	เป็นโสเภณี
ข่มขู่	แบล็กเมล์
ดำเนินคดี	ฟ้องคดี	ฟ้องร้อง
ที่เก่าผุ	โกโรโกโส
ก่อกบฏ	ก่อการกบฏ
ที่ดูซอมซ่อ	หลุดลุ่ย
ละทิ้ง	หนี
ปลาปิรันย่า	ปิรันย่า
ทำสำเร็จ	มาถึงความสำเร็จ
ทำเสน่ห์	ทำเสน่ห์ยาแฝด
ที่แบ่งเป็นโซน	ที่แบ่งโซน
แบบสมมาตร	แบบโฮโมเซอคัล
ทีไม่เจียรนัย	ที่ไม่เจียระไน
คอยดูแล	เทกแคร์
ต้อนรับแขก	รับแขก
อาร์เอชลบ	อาร์เอชเนกาทีฟ
ที่ไม่ได้ทำพิธีล้างบาป	ที่ไม่ได้รับศีล
มาอย่างไม่คาดหมาย	มาโดยไม่บอกกล่าว
ที่มีผิวเหมือนกำมะหยี่	เหมือนกำมะหยี่
ที่ไม่มีดอก	ไร้ดอก
คบผู้ชายมากหน้าหลายตา	คบผู้หญิงมากหน้าหลายตา
บุค	ลงบันทึกจองห้องพัก
ใช้	ใช้เป็นเครื่องมือ
เริ่ม	เริ่มต้น	เริ่มที่
ผ่อนคลาย	รีแลกซ์
คลายความเข้มงวด	ลดความเข้มงวด
ทำครึ่งๆกลางๆ	ทำไม่ถึงที่สุด
ดูแล	ดูแลเอาใจใส่
รวม	รวมกลุ่ม	รวมตัว
ก่อให้เกิดปัญหาทางการเงิน	ทำให้มีปัญหาทางการเงิน
ดำรงอยู่	มีอยู่	สถิตอยู่
ดำรงอยู่ก่อน	มีอยู่ก่อน
คือ	เป็น
ติดกัน	ติดกับ
อยู่ติดกัน	อาศัยอยู่ติดกัน
จบ	ยุติ	สิ้นสุด	หยุด	อวสาน
มีอยู่	เกิดขึ้น
ซิตอิน	เข้าฟังบรรยาย
มีชีวิต	ใช้ชีวิต
ทำตามกิเลสตัณหา	ทำตามอำเภอใจ	ปล่อยตัว	ปล่อยเนื้อปล่อยตัว
อาศัยตามพุ่มไม้	อาศัยในพุ่มไม้
อยู่เป็นโสด	เป็นโสด
ปลาวูลฟ์ฟิช	ปลาแคตฟิช
มีชีวิตรอด	รอดชีวิต	รอดตาย
ทูน่า	ปลาทูน่า
ขจัด	ลบล้าง
ครอบคลุม	รวม
คล้ายเพลงแอนติโฟน	คล้ายเพลงแอนตี้โฟน
มีดารานำ	มีดารายอดนิยม
มีค่าเท่ากับ	เท่ากับ
กุม	เก็บไว้ในใจ
พัก	พำนัก
ยึดมั่น	ศรัทธา
ซุ่ม	ดักซุ่ม	แอบซุ่ม
ชะงัก	ลังเล	หยุดชะงัก
ถ่วงเวลา	เตะถ่วง
ชะลอเวลา	เลื่อน
คิดเป็น	มีผลรวม	รวม
พัก	พำนัก
ทำให้เปียกทั่วตัว	ทำให้เปียกโชก
พัก	พักอยู่ชั่วคราว
ครอบครองอย่างผิดกฎหมาย	เข้าถือครอง
อยู่	อาศัย
มีผู้คน	มีผู้คนอาศัยอยู่
อยู่กิน	อยู่ด้วยกัน
ต้อน	ไล่ต้อน
ชัด	ชัดเจน
ให้ที่กบดาน	ให้ที่ซ่อนตัว
จัดที่พักพิงให้	ให้ที่พักพิง
กลมกลืน	ตรงกัน	เหมือนกัน	เห็นด้วย
ปลาซีกเดียว	ปลาลิ้นหมา
ตรวจความถูกต้อง	เช็ค
ตรงกับ	สอดคล้องกับ
ตรงกัน	สอดคล้องกัน
ขนาน	คู่ขนานกัน
ปลาตาเดียว	ปลาโซล
เท่า	เท่ากับ
คล้าย	คล้ายคลึง	ละม้าย
ส่วนอก	ส่วนอกแมลง
ดูคล้าย	หน้าตาเหมือน
ชุดชาวอาหรับ	ชุดอาบา
เรือทิ้งร้าง	เรือร้าง
โรงฆ่าสัตว์	โรงชำแหละ
ชุดอาบาย่า	อาบาย่า
ตกกระแส	ตกยุค	ล้าสมัย	เชย
ยาขับทารก	ยาทำแท้ง	ยาแท้งบุตร
ผิดกฎ	ฝ่าฝืน
จิตรกรรมนามธรรม	ภาพจิตรกรรมนามธรรม	ภาพนามธรรม	ภาพศิลปะนามธรรม	ภาพเชิงนามธรรม	ภาพแอบสแตรค
ศิลปะนามธรรม	ศิลปะแอ็บสแตร็กต์
ดีกว่า	เหนือกว่า
ดีกว่า	เหนือกว่า
ชุดนักศึกษา	ชุดนิสิต	ชุดนิสิตนักศึกษา
ครุย	ชุดครุย	เสื้อครุย
สำนัก	อคาเดมี
ตัวเร่ง	อุปกรณ์เร่งอนู	เครื่องเร่งอนุภาค
คันเร่ง	แป้นเหยียบคันเร่ง
มาตรความเร่ง	มาตรวัดความเร่ง	มิเตอร์วัดความเร่ง
ทางเข้าออก	วิธีการเข้า-ออก
ถนนขึ้นทางด่วน	ถนนขึ้นลงทางด่วน
พอๆกับ	เทียบเทียม	เทียบเท่า
หีบเพลง	เเอคคอร์เีดียน	แอคคอร์เดียน
ยาไทลีนอล	ไทลีนอล
ยาอะซิตานิไลด์	อะซิตานิไลด์
ยาอะซิโตฟีนีติดิน	อะซิโตฟีนีติดิน
สีอะครีลิค	สีอาครีลิค
ยาแอคติเฟด	แอคติเฟด
เครื่องมือวัดความเข้มการแผ่รังสี	แอกติโนมิเตอร์
ดึงเข้าไปเกี่ยว	พาเข้าไปยุ่งเกี่ยว
ยาอะไซโคลเวียร์	ยาโซไวแร็ก	อะไซโคลเวียร์
เครื่องบวก	เครื่องบวกเลข
คงไว้	จรรโลง
พลาสเตอร์ยา	พลาสเตอร์ยาปิดแผล
เลิก	เลิกนิสัย
บันไดกู้ภัย	บันไดดับเพลิง
สนับสนุนทางการเงิน	ให้เงิน	ให้เงินสนับสนุน
อาฟเตอร์เชฟ	โลชั่นหลังโกนหนวด
อะเกตแวร์	อเกตแวร์
เครื่องย่อยวัสดุให้เป็นเม็ด	แอ็กโกลมีราเตอร์
จัตุรัสสาธารณะ	แอโกรา
สวรรค์	แห่งสวรรค์
ถุงลมนิรภัย	แอร์แบ็ก
เครื่องบินแอร์บัส	แอร์บัส
เครื่องปรับอากาศ	แอร์
ยานอากาศ	อากาศยาน
เรือบรรทุกเครื่องบิน	เรือบรรทุกเครื่องบินรบ
อยู่อันดับท็อป	เป็นผู้นำ
หม้อกรองอากาศ	เครื่องกรองอากาศ
เเพนอากาศ	แอร์ฟอยล์	แอโรฟอยล์
แอร์เฟรม	โครงสร้างอากาศยาน	โครงสร้างเครื่องบิน
ปืนลม	ปืนอัดลม
เครื่องสกัดคอนกรีตลม	เครื่องสกัดคอนกรีตแบบใช้ลม
ธุรกิจสายการบิน	สายการบิน	แอร์เวย์	แอร์ไลน์
เครื่อง	เครื่องบิน
ใบพัด	ใบพัดเครื่องบิน
คีเลต	คึเลต
ท่าอากาศยาน	สนามบิน
เครื่องสูบลม	เครื่องไล่อากาศ
ทางเคมี	เคมี
มาก่อน	อยู่ข้างหน้า
ตะเกียงวิเศษ	ตะเกียงอะลาดิน
ติ่งห้อง	มุข
ยาฟอซาแมกซ์	ยาอะเลนโดรเนต	อะเลนโดรเนต
วางเด่น	สูงตระหง่าน
คุกคาม	ทำอันตราย
สกรูฝังหัว	สกรูแบบอัลเลน
ประแจหัวฝัง	ประแจแอล
ยาอัลโลพูรินอล	ยาไซโลพริม
กลับชาติมาเกิด	อวตาร	เกิดใหม่
ยากั้นแอลฟา	ยาปิดกั้นแอลฟา	ยาแอลฟาบล็อกเกอร์
แผ่นอะลูมิเนียม	แผ่นอะลูมิเนียมฟอยล์
บรรจุ	มี
รถพยาบาล	รถพยาบาลฉุกเฉิน
กัก	กักเก็บ
ยาอะมิโนไพรีน	อะมิโนไพรีน
ยาอะมีโอดาโรน	อะมีโอดาโรน
มีความสูง	สูง
ยาอะมิทริบไทลีน	อะมิทริบไทลีน
คอสมิก	ที่เกี่ยวกับคอสมิก	ที่เกี่ยวกับอนุภาคพลังงานสูงจากอวกาศนอกโลก
ยาแอมโมบาร์บิทอล	แอมโมบาร์บิทอล
ยาแอมมีทอล	ยาแอมโมบาร์บิทอลโซเดียม	แอมมีทอล	แอมโมบาร์บิทอลโซเดียม
ยากระตุ้นประสาท	แอมเฟตามีน
เครื่องบินสะเทินน้ำสะเทินบก	เครื่องบินสะเทิ้นน้ำสะเทิ้นบก
มีน้ำหนัก	หนัก
มีความทนทาน	มีอายุการใช้งาน
อัฒจันทร์แบบกรีกและโรมัน	โคลีเซียม
แอมโฟร่า	ไหแอมโฟร่า
อุปกรณ์ขยายสัญญาณ	เครื่องขยายสัญญาณ	แอมปลิไฟเออร์
เกี่ยวกับภาวะเย็นจัด	เย็นยิ่งยวด
ของปลุกเสก	พระเครื่อง	วัตถุมงคล	เครื่องราง
ใช้เวลาวัีนสุดสัปดาห์	ใช้เวลาวัีนหยุดสุดสัปดาห์
หยุดพักผ่อน	ใช้เวลาพักผ่อน
ดื่มน้ำผึ้งพระจันทร์	ฮันนีมูน
อยู่ในคุก	ใช้เวลาในคุก
สมอ	สมอเรือ
มนุษย์ยนต์	หุ่นแอนดรอยด์
มาตรความเร็วลม	เครื่องวัดลม
ปิดล้อม	โอบล้อม
มีรั้วรอบขอบชิด	ล้อมรั้ว
ที่รัดข้อเท้า	แองเกิ้ล
กำไลข้อเท้า	สร้อยข้อเท้า	สายข้อเท้า
ยื่น	ยื่่น
แอโนด	ไฟฟ้าขั้วบวก
ล็อบบี้	ห้องรับรอง	ห้องโถงใหญ่
ลู่	ห้อย
เกี่ยวกับอิเล็คโทรโฟริซิส	เกี่ยวกับอิเล็คโทรโฟรีซิส
ยาแอนติไดยูเรติก	แอนติไดยูเรติก
ยาแก้คลื่นไส้	ยาแก้อาเจียน
ยากำจัดเชื้อรา	ยาฆ่าเชื้อรา	ยาฆ่้าเชื้อรา
ยาต้านฮิสตามีน	ยาแอนติฮิสตามีน
มีความเป็นไปได้	มีโอกาส
ยาต้านการอักเสบ	ยาต้านอักเสบ
ของเก่า	โบราณวัตถุ
ของโบราณ	วัตถุโบราณ
อพาร์ทเมนท์	แฟลต
อพาร์ตเมนต์	อาคารห้องชุด
ซึ่งจับไข้	ซึ่งมีพระปรอท	ซึ่งมีไข้	ซึ่งเป็นไข้
นำความซวยมาให้	นำโชคร้ายมาให้
ยาปลุกเซ็กส์	ยาเร้ากำหนัด
อานม้าเอพิชามอร์	อานเอพิชามอร์
อุปกรณ์	เครื่อง	เครื่องมือ
ขาย	จำหน่าย
ชุด	ผ้านุ่ง	ผ้าผ่อน	อาภรณ์	เสื้อผ้า
ค้า	เทรด
รถเข็นผลไม้	รถเข็นแอปเปิ้ล
เทียบ	เปรียบ
อุปกรณ์	อุปกรณ์ทุ่นแรง	เครื่องจักรกล	เครื่องมือ	เครื่องมือเครื่องไม้
ที่เป็นฟอสซิล	ฟอสซิล
ตกอยู่กับ	ตกอยู่ใน
สคูบ้า	อุปกรณ์ช่วยหายใจ
ตู้ปลา	พิพิธภัณฑ์สัตว์น้ำ
จุ	รองรับ
ซุ้ม	ซุ้มไม้
สวนพฤกษชาติ	สวนพฤกษศาสตร์
อาร์ช	โค้ง
ที่เก็บเอกสารสำคัญ	หอจดหมายเหตุ
พื้นที่	แอเรีย
ถุงเท้าถักลายข้าวหลามตัด	ถุงเ้ท้าถักลายข้าวหลามตัด
อาร์มแชร์	เก้าอี้เท้าแขน
สร้อยอาร์มิลลา	อาร์มิลลา
รถขนเงิน	รถบรรทุกเงิน
พาหนะหุ้มเกราะ	ยานหุ้มเกราะ	ยานเกราะ
กรมช่างแสง	คลังแสง	โรงงานผลิตอาวุธ
ที่เท้าแขน	เท้าแขน
ทำให้ติด	ออกแบบให้รับได้
เครื่องนุ่งห่ม	เครื่องแต่งกาย
พระแสงศร	ลูกธนู	ลูกศร	ลูกเกาทัณฑ์	ศร
คลังแสง	คลังแสงสรรพาวุธ
คลังแสง	อาวุธยุทโธปกรณ์
งานศิลปะ	งานศิลป์	ผลงานศิลปะ	ไฟน์อาร์ท
คุกคาม	เข้ามาคุกคาม
ดอกไม้ประดิษฐ์	ดอกไม้ปลอม
ยอมรับ	สามารถมีได้
ปืนใหญ่	อาวุธหนัก
ยาแอสไพริน	อะซีทิลซาลิไซลิกแอซิด	แอสไพริน
ห่อคลุม	ห่อศพ
ยาสมานแผล	ยาห้ามเลือด
สถานที่แข่งกีฬา	สถานที่แข่งขันกีฬา	สนามแข่ง	สนามแข่งขันกีฬา
สรุป	สรุปรวบยอด
ระเบิดปรมาณู	ระเบิดพลูโตเนียม	ระเบิดอะตอม
ระเบิดนิวเคลียร์	หัวรบนิวเคลียร์
ขวดฉีดพ่น	ขวดสเปรย์
ตื่นตัวทางเพศ	เกิดความรู้สึกทางเพศ	เกิดอารมณ์	เกิดอารมณ์ทางเพศ
ร้อนตับแตก	ร้อนตับแลบ	ร้อนอย่างกับเตาอบ
สังกัด	อยู่ในสังกัด	เป็นสมาชิก
ฝนตก	ฝนลง	ฝนลงเม็ด
ตก	ตกลงมา
ออดิโอแอมพลิไฟเออร์	เครื่องขยายเสียง
ตลับเทป	ม้วนเทป	เทปเสียง
ระบบเสียง	เครื่องเสียง
ฝนตกไม่ขาดสาย	ฝนตกไม่ขาดเม็ด
เทปบันทึกเสียง	แถบบันทึกเสียง
ฝนซา	ฝนตกปรอยๆ	โปรยปราย
ตกหนัก	ฝนตกกระหน่ำ	ฝนตกหนัก	ฝนลงหนัก	ฝนเทลงมา
ตกกระหน่ำ	ไหลทะลัก
สว่าน	สว่านมือ
ปกคลุมด้วยน้ำแข็ง	มีน้ำแข็งปกคลุม
อุปกรณ์ประดับยนต์	อุปกรณ์แต่งรถ
จุด	จุดไฟ
ก่อกองไฟ	ก่อไฟ
ดับเทียน	เป่าเทียน
ลุกไหม้	ไหม้
ปืนพก	ปืนพกออโตเมติก
ปืนกล	ปืนไรเฟิลออโตเมติก
ระบบเกียร์ออโตเมติก	ระบบเกียร์อัตโนมัติ
ติด	ติดไฟ
จุด	ทำให้ลุกเป็นไฟ
โรงงานผลิตรถยนต์	โรงงานอุตสาหกรรมยานยนต์
ดับ	ดับเพลิง	ดับไฟ
เผา	เผาไหม้
จรัสแสง	ลุกวูบวาบ
ปั๊มช่วย	ปั๊มเสริม
กรงนกขนาดใหญ่	กรงสัตว์ปีก	บริเวณสงวนพันธุ์นก
ลุกพรึบ	ลุกวาบ
ส่องแสง	ส่องแสงระยิบระยับ
เพลา	แกน
ยาซิโทรแม็กซ์	ยาอะซีโทรมัยซิน
ผ้าคลุมศีรษะบาบุชก้า	ผ้าโพกศีรษะ
เตียงนอนทารก	เตียงนอนเด็กทารก
รถเข็นทารก	รถเข็นเด็ก
ปล่อยประกายไฟ	สปาร์ก
เบบี้แกรนด์เปียโน	แกรนด์เปียโนขนาดเล็ก
แผ่คลื่น	แผ่รังสี
รองเท้าทารก	รองเท้าเด็กอ่อน
ที่พิง	พนักพิง	พนักพิงหลัง
พ่น	พ่นควัน
แป้นบาส	แป้นบาสเกตบอล
คายน้ำ	ปล่อยไอน้ำ
ภาพพื้นหลัง	เดสก์ทอป
ที่เกาหลัง	ไม้เกาหลัง
มีเมฆปกคลุม	มืดครึ้ม
แบ็กสต็อป	แผงกั้นด้านหลัง
เหือดแห้ง	แห้งเหือด
เต็มไปด้วยหมอก	เป็นฝ้า
สนามหญ้าหลังบ้าน	สวนหลังบ้าน
คอร์ตแบด	คอร์ตแบดมินตัน	สนามแบด	สนามแบดมินตัน
แร็กเก็ตแบดมินตัน	ไม้แบด	ไม้แบดมินตัน
กะบัง	แผงกั้นหน้าลำโพง
กระเป๋า	กระเป๋าถือ	กระเป๋าถือสตรี
ของประดับไร้ค่า	สิ่งไร้สาระ
ปี่	ปี่สก็อต
เหยื่อ	เหยื่อล่อ
ร้านขนมปัง	ร้านขนมเค้ก	ร้านขายขนมปัง	ร้านขายขนมอบ	ร้านเบเกอรี่
หมวกไอ้โม่ง	ไอ้โม่ง
บอล	ลูก	ลูกบอล
บอล	ลูกบอล
บอลลูน	บัลลูน
ลูกโป่ง	ลูกโป่งสวรรค์
ปากกาลูกลื่น	ลูกลื่น
บานานาโบต	เรือกล้วย
ตึกธนาคาร	ธนาคาร	แบงค์
ราวบันได	ราวระเบียง
บาร์	แท่ง
คานทรงตัว	บาร์
ตะแกรงย่างบาร์บีคิว	บาร์บีคิว
เก้าอี้ตัดผม	เก้าอี้ร้านตัดผม
ร้านตัดผม	ร้านตัดผมชาย
กรดไดเอทีลบาร์บิทูริก	บาร์บิทอล	บาร์บิโทน	ยาบาร์บิทอล	ยาบาร์บิโทน	ไดเอทีลบาร์บิทูริกแอซิด
บาร์บิทูเรต	ยาบาร์บิทูเรต
เรือกัญญา	เรือลำเลียงสินค้า
บาริโทน	บาริโทนฮอร์น
ทางวิทยาศาสตร์	วิทยาศาสตร์
บารอกราฟ	เครื่องวัดความกดอากาศแบบกราฟ
บารอมิเตอร์	เครื่องวัดความกดอากาศ
ร้านเหล้า	ห้องโถง
รถเข็น	รถเข็นล้อเดียว
ฐาน	แท่น
ฐานทัพ	ฐานที่มั่น	ฐานปฏิบัติการ
หมวกกอล์ฟ	หมวกจ็อกกี้	หมวกเบสบอล
สนามด้านใน	สนามเบสบอล
อุปกรณ์เบสบอล	เครื่องกีฬาเบสบอล
ชั้นใต้ดิน	ห้องใต้ดิน
ของใช้จำเป็น	ของใช้ที่จำเป็น	ของใช้ในชีวิตประจำวัน
บาซิลิกา	บาซิลิกาของโรมัน
ห่วง	ห่วงบาส	ห่วงบาสเกตบอล
ลูกบาส	ลูกบาสเก็ตบอล
สนามบาส	สนามบาสเกตบอล
เกี่ยวข้องกับดวงดาว	แห่งดวงดาว
กลองเบส	กลองใหญ่
ชานเมือง	แถบชานเมือง
บาสซูน	ปี่ใหญ่
ตื้น	ที่ระดับพื้นผิว
สถานที่อาบน้ำ	โรงอาบน้ำ
ผ้าเช็ดตีน	พรมเช็ดเท้า
ห้องน้ำ	ห้องสรง	ห้องอาบน้ำ
ซับพระองค์	ผ้าเช็ดตัว
ไม้บาตอง	ไม้สำหรับวาทยากร
คฑาดรัมเมเยอร์	ไม้ดรัมเมเยอร์
แบต	แบตเตอรี่
หมวกป้องกันศีรษะผู้ตี	หมวกแบตเตอร์
ธงรบ	ธงสงคราม
ดาบปลายปืน	มีดปลายปืน
มุขหน้าต่างเหลี่ยม	หน้าต่างยื่นเป็นมุข
บอลชายหาด	ลูกบอลชายหาด
รถตู้ห้าประตู	รถยนต์ส่วนตัวท้ายยาว	รถแวน
ชุดชายหาด	เครื่องนุ่งห่มชายหาด
กระโจมไฟ	ประภาคาร	หอคอยที่มีไฟเตือนภัย
ที่ตี	ที่ใช้ตี	อุปกรณ์สำหรับตี
ที่นอน	พระแท่นบรรทม	เตียง	เตียงนอน
แปลง	แปลงปลูก	แปลงปลูกพืช
ที่นอนหมอนมุ้ง	เครื่องนอน
หลังคาแดง	โรงขังคนบ้า	โรงพยาบาลบ้า	โรงพยาบาลประสาท	โรงพยาบาลโรคจิต
ผ้าที่ใช้กับที่นอน	ผ้าที่ใช้กับเตียง	ผ้าที่ใช้กับเตียงนอน
พระเขนย	หมอนหนุน	หมอนหนุนนอน
ขาเตียง	เสาเตียง
ที่หลับที่นอน	ห้องนอน	ห้องพระบรรทม
เครื่องเรือนห้องนอน	เฟอร์นิเจอร์ห้องนอน
ผ้าคลุมที่นอน	ผ้าคลุมเตียง
โครงเตียง	โครงเตียงนอน
กระเสาะกระแสะ	ออดแอด
วิทยุติดตามตัว	เพจ	เพจเจอร์
ลานเบียร์	เบียร์การ์เดน
พิษเบลลาดอนนา	เบลลาดอนนา
กางเกงขากระดิ่ง	กางเกงขาบาน	ขากระดิ่ง	ขาบาน
รัดพระองค์	เข็มขัด
ปั้นเหน่ง	พระปั้นเหน่ง	หัวเข็มขัด
ถนนวงแหวน	ถนนเลี่ยงเมือง
ม้านั่งยาว	เก้าอี้ยาว
ทางโค้ง	โค้ง
ที่ดัด	เครื่องมือดัด
ยาเบนซีดริน	เบนซีดริน
หมวกทรงกลม	หมวกเบเรต์
เตียง	เตียงเรือ
จักรยาน	รถจักรยาน	รถถีบ
ตกค้าง	เหลือ
ที่สูบลมจักรยาน	สูบลมจักรยาน
ล้อจักรยาน	ล้อรถจักรยาน
ผง	ผงขาว
ชุดบิกินี	ทูพีซ
ง้าว	พร้าขอ
แผ่นป้ายโฆษณา	แผ่นไม้
เหมือนหมาป่า	เหมือนหมาป่้า
การเข้าปกหนังสือ	ปก
กล้องสองตา	กล้องส่องดูอุปรากร	กล้องส่องทางไกล
โรงภาพยนตร์ไบโอสโคป	ไบโอสโคป
ที่ให้อาหารนก	อุปกรณ์ให้อาหารนก
หมวกบาทหลวง	หมวกเบอร์เร็ตต้า
ดอกสว่าน	เข็มเจาะ
ชุดดำ	ชุดสีดำ
หมากดำ	หมากตัวสีดำ	หมากสีดำ
ภาพขาวดำ	ภาพถ่ายขาวดำ
ธงสีดำ	ธงโจรสลัด
กระบองเหล็ก	ตะบองเหล็ก
เสื้อกีฬา	เสื้อแจ็กเก็ต
เครื่องปั่น	เบลนเดอร์
ฉาก	ฉากกั้น	ที่ซ่อน	บังตา
ซอยตัน	ทางตัน
ผ้าปิดตา	ผ้าผูกตา
ก้อนสี่เหลี่ยม	ของที่เป็นก้อนสี่เหลี่ยม	บล็อก	แท่งสี่เหลี่ยม
การหยุด	สิ่งกีดขวาง
รถรับบริจาคเลือด	รถรับบริจาคโลหิต
กางเกงชั้นในสตรี	กางเกงใน
ตะเกียงเตาฟู่	เครื่องพ่นไฟ
ชุดสีกรมท่า	เสื้อผ้าสีฟ้า
กระดาน	บอร์ด	แผ่นกระดาน
กระดาน	กระดานเล่นเกม
นาวา	เภตรา	เรือ
หมวกปานามา	หมวกฟางยอดแบน
ทุ่น	ทุ่นตกปลา
กิ๊บ	กิ๊บติดผม
บ็อบสเลด	เลื่อนหิมะ
ที่มีภาพ	ที่มีภาพประกอบ
บอดี้	โครงสร้างของรถ
ปืนใหญ่โบฟอร์ส	โบฟอร์ส
บอยเลอร์	ภาชนะหุงต้ม	หม้อต้มน้ำ
เชือกโบลา	เชือกโบล่า	โบลา
โบโลกราฟ	โบโลแกรม
มาตรรังสีความร้อน	เครื่องวัดรังสีความร้อน	โบโลมิเตอร์
พระเขนยข้าง	พระเขนยเคียง	หมอนข้าง
ระเบิด	ลูกระเบิด
บอมบี	ระเบิดลูกเล็กๆ
เกี่ยวกับการได้ยิน	เกี่ยวกับการได้ยินเสียง
กรับ	กรับมือ
กลองบองโก	กลองเล็ก
สมุด	หนังสือ	เล่ม
ชั้นวางหนังสือ	ตู้หนังสือ
ที่คั่นหนังสือ	บุ๊คมาร์ค
รถห้องสมุดเคลื่อนที่	ห้องสมุดเคลื่อนที่
ร้านขายหนังสือ	ร้านหนังสือ	แผงขายหนังสือ	แผงหนังสือ
จรวดช่วยส่ง	เครื่องส่งจรวดขึ้นท้องฟ้า
บูสเตอร์	เครื่องเพิ่มกำลัง
บูท	รองเท้าบูท	เกือกบูท
รองเท้าถักไหมพรม	รองเท้าไหมพรม
บูท	พื้นที่เล็กที่จัดไว้
ซุ้ม	ซุ้มขายสินค้า	ซุ้มสำหรับออกร้าน	บูธ
บูธ	บูธในร้านอาหาร
รอยเจาะ	รู	รูเจาะ
ดอกสว่าน	สว่านเจาะหิน
จุกขวด	ฝาขวด
โรงงานผลิตเครื่องดื่ม	โรงงานเครื่องดื่ม
ห้องนอนผู้หญิง	ห้องนอนสตรี
ร้านขายเสื้อผ้า	ร้านบูติก	ร้านเสื้อผ้า
คันชัก	คันสี
คันธนู	คันศร	ธนู	เกาทัณฑ์
คันธนูและลูกศร	คันศรและลูกธนู
มีดเดินป่า	มีดโบวี่
หมวกทรงกลมปีกแข็ง	หมวกทรงแตงโม	หมวกสักหลาด
พิน	พินโบว์ลิ่ง
รองเท้าโบว์ลิ่ง	รองเท้าโยนโบว์ลิ่ง
สายธนู	สายเกาทัณฑ์
คอก	บ็อกซ์
ที่นั่งของคนขับ	ที่นั่งคนขับ	เก้าอี้คนขับ
สนามมวย	สังเวียนมวย	เวทีผ้าใบ	เวทีมวย
ที่จำหน่ายบัตร	บ็อกซ์ออฟฟิส	ห้องขายตั๋ว
ลวดดัดฟัน	เหล็กยึดฟัน
สายรั้งถุงน่อง	สายแขวน
กำไล	สร้อย
ยาบำรุงกำลัง	โทนิค
ห้ามล้อ	เบรก
เครื่องลมทองเหลือง	เครื่องเป่าทองเหลือง
บรา	บราเซียร์	ยกทรง	เสื้อใน
กล่องขนม	กล่องขนมปัง
พนัง	เขื่อนกันคลื่น	เขื่อนกั้นทะเล
เกราะป้องกันหน้าอก	เกราะเเผ่นอก
เครื่องตรวจวัดปริมาณแอลกอฮอล์	เครื่องวัดปริมาณแอลกอฮอล์จากลมหายใจ	เครื่องวัดปริมาณแอลกอฮอล์แบบเป่า
เหล็กโบกบูน	เหล็กโบกปูน
ชุดเจ้าสาว	ชุดแต่งงาน
กระเป๋าระเบิด	กระเป๋าระเบิดเวลา
ปาก	ปากขวด
ไม้เสียบลูกชิ้น	ไม้เสียบหมูปิ้ง
สถานีกระจายเสียง	สถานีออกอากาศ
ห้องส่ง	ห้องออกอากาศ
เข็มกลัด	เข็มกลัดผู้หญิง
ตู้เก็บของทำความสะอาด	ตู้เก็บอุปกรณ์ทำความสะอาด
ปืน	ไรเฟิลบราวนิง
ที่รัดสาย	ที่รัดเข็มขัด
กันชน	เครื่องกันกระแทก
ที่พักข้อมูล	บัฟเฟอร์	หน่วยเก็บที่พัก
เคาน์เตอร์	โต๊ะวางอาหาร
เครื่องดักฟัง	ไมโครโฟนดักฟัง
ตึก	สิ่งปลูกสร้าง	อาคาร
ร้านขายวัสดุก่อสร้าง	ร้านวัสดุก่อสร้าง
รถปราบหน้าดิน	รถไถ
กระสุน	ลูกกระสุน	ลูกตะกั่ว	ลูกปืน
เสื้อกันกระสุน	เสื้อเกราะกันกระสุน
รถไฟความเร็วสูง	รถไฟฟ้าความเร็วสูง
สปีกเกอร์	เครื่องกระจายเสียง	โทรโข่ง
เรือบัมโบท	เรือบั๊มโบ๊ท
กันชน	กันชนรถ
กระท่อม	บังกะโล
บังเกอร์	หลุมทราย	อุปสรรคทราย
ที่กำบัง	มูนดิน
บิวเรต	บิวเรตต์
หลุมฝังศพ	เนินหลุมฝังศพ
มุสลิม	อิสลาม
การตะไบ	เครื่องตะไบ
รถบัส	รถประจำทาง	รถเมล์	รถโดยสารประจำทาง	รถโดยสารสาธารณะ
ซากรถ	รถเก่า
สะพานไฟฟ้า	สายไฟฟ้าใหญ่
ช่องทางเดินรถประจำทาง	ช่องทางเดินรถโดยสาร	บัสเลน
อิเล็กโตรแมกเนติก	แม่เหล็กไฟฟ้า
ก้น	ก้นกรอง
รังกระดุม	รังดุม
ครีบยัน	ส่วนที่ค้ำ
ผลพลอยได้	ผลิตภัณฑ์พลอยได้
ถนนบายพาท	ถนนเลี่ยงเมือง	ทางบายพาท
รถแท็กซี่	แท็กซี่
ห้องคนขับ	ห้องโดยสาร
เรือท่องเที่ยว	เรือสำราญ
มดลูก	ในมดลูก
ตู้เก็บของ	ตู้เสื้อผ้า
ตู้	ตู้ไม้
ระบบส่งสัญญาณ	เคเบิลทีวี
สายส่ง	สายเคเบิล
ตราประทับจดหมาย	ตราประทับไปรษณีย์	ที่ปั๊มตราไปรษณีย์
คอฟฟี่ชอป	คาเฟ	ร้านกาแฟ
ก้อน	แท่ง
เครื่องคำนวณ	เครื่องคิดเลข
คอลเซ็นเตอร์	ศูนย์คอลเซ็นเตอร์
คอลเลอร์ไอดี	เครื่องแสดงเบอร์
มหาวิทยาลัยเคมบริดจ์	มหาวิทยาลัยแคมบริดจ์
กล้องบันทึกภาพ	แคมคอร์เดอร์
กล้อง	กล้องถ่ายรูป
เลนส์กล้อง	เลนส์กล้องถ่ายรูป
ชุดชั้นใน	เสื้อชั้นใน	เสื้อชั้นในผู้หญิง	เสื้อใน
ผ้าพราง	ผ้าลายทหาร	ผ้าลายพราง
ค่าย	ค่ายพัก
ค่าย	แคมป์
ค่ายกักกัน	แคมป์
ค่าย	ค่ายฤดูร้อน	แคมป์
ค่ายผู้ลี้ภัย	ค่ายพักแรม
ด้านการศึกษา	ทางการศึกษา
กระป๋อง	ป๋อง
คลอง	ลำคลอง
ธารพระกร	ไม้เท้า
กัญชา	มาลีฮวนน่า
โรงงานผลิตอาหารกระป๋อง	โรงงานอาหารกระป๋อง
ปืนบนรถถัง	ปืนรถถัง
คาโนปี	พิดาน
ภาพบนผ้าใบ	ภาพสีน้ำมันบนผ้าใบ
กระโจมผ้าใบ	เต็นท์	เต้นท์ผ้าแคนวาส	เต้นท์แคนวาส
หมวกแก็ป	แก็ป
จุก	ฝา	ฝาจุก
คอนเด็นเซอร์	คาปาซิเตอร์	ตัวเก็บไฟ
เกลิค	เคลติค
รถ	รถยนต์
ขวดแก้วไวน์	เหยือกแก้ว
เเบตเตอร์รี่รถยนต์	แบตเตอร์รี่รถยนต์
คาร์บอมบ์	รถระเบิด
คาร์บอนอาร์ก	คาร์บอนอาร์กแลมป์
การ์ด	แผ่นการ์ด
สินค้าขนส่ง	สินค้าบรรทุก
เรือบรรทุกสินค้า	เรือสินค้า
คาร์โกชิป	เรือบรรทุกสินค้า	เรือสินค้า
กระจกรถ	กระจกรถยนต์
ค้อนช่างไม้	ค้อนหงอน
ชุดอุปกรณ์ช่างไม้	ชุดเครื่องมือช่างไม้
กัมพูชา	เขมร
กระเป๋าหูรูด	กระเป๋าหูหิ้ว
คาร์ซีท	ที่นั่ง
งานแกะสลัก	รูปแกะสลัก
ล้อรถ	ล้อรถยนต์
ตู้โชว์	ภาชนะแก้วใส
ตู้กดเงิน	ตู้กดเงินอัตโนมัติ	ตู้ถอนเงินอัตโนมัติ	ตู้เอทีเอ็ม	ที่กดเงิน
กรอบ	กรอบหน้าต่าง
คาสิโน	บ่อนคาสิโน
กล่องเครื่องเพชร	กล่องใส่เครื่องเพชร
เครื่องเล่นเทป	เครื่องเล่นเทปคาสเซ็ท
ลูกล้อ	ล้อหมุน
ตัวปล่อยจรวด	เครื่องส่งอากาศยาน
มหาวิหาร	โบสถ์สำคัญ
ขั้วลบ	แคโทด
ขวดซอส	ขวดซอสมะเขือเทศ
เรือบรรทุกปศุสัตว์	เรือปศุสัตว์
หมวกคาวาเลียร์	หมวกปีกคาวาเลียร์
ผนังกลวง	ผนังเบา
ซีดีเพลเยอร์	เครื่องเล่นซีดี
เซลล์	เซลล์ไฟฟ้า
คุก	ซังเต	มุ้งสายบัว	ห้องขัง	ห้องคุมขัง
มือถือ	โทรศัพท์ติดตามตัว	โทรศัพท์มือถือ	โทรศัพท์เคลื่อนที่	โมบายโฟน
สก็อตเทป	เทปใส
ศูนย์	เซ็นเตอร์
ชุมสาย	ชุมสายโทรศัพท์
ซีพียู	หน่วยประมวลผลกลาง
บาคอล	ยาบาคอล
ถังปุ๋ยหมัก	ถังส้วมซึม
ครบร้อยปี	ครบหนึ่งร้อยปี	ที่หนึ่งร้อย
สายโซ่	โซ่
พวง	สร้อย	สายสร้อย
ชุดเกราะห่วงโซ่	เกราะโซ่ถัก
เลื่อยโซ่	เลื่อยโซ่ยนต์
ม้านั่ง	เก้าอี้
เก้าอี้นวมยาว	เก้าอี้นอน
การเปลี่ยนเสื้อ	ชุดที่ใช้เปลี่ยน	ชุดเปลี่ยน
ช่อง	ช่องทีวี	ช่องโทรทัศน์
ชาร์โคล	ดินสอถ่านชาร์โคล	ถ่านชาร์โคล
ที่ชาร์จแบต	ที่ชาร์จแบตเตอร์รี่	เครื่องชาร์จแบต	เครื่องชาร์จแบตเตอร์รี่	เครื่องประจุเเบตเตอร์รี่	เครื่องประจุไฟ
รถม้าศึก	รถศึก
ของขลัง	ของดี	เครื่องรางของขลัง
เบี้ย	เบี้ยหมากฮอส
เคาน์เตอร์	เคาน์เตอร์ชำระเงิน
โรงงานอุตสาหกรรมเคมี	โรงงานเคมีภัณฑ์
ตู้มีลิ้นชัก	ตู้ลิ้นชักใส่เสื้อผ้า	ลิ้นชักใส่เสื้อผ้า
ฟาร์มเลี้ยงไก่	ฟาร์มไก่
คอกสัตว์ปีก	คอกไก่	เล้าไก่
ฆ้อง	ระฆัง	เสียงระฆัง
ปล่อง	ปล่องไฟ
เครื่องถ้วยชามจากจีน	เครื่องลายครามจีน
ศิลปะจีน	ศิลปะแบบจีน
ชิป	ไมโครชิป
เบี้ย	เบี้ยพนัน
เกียวกับภูมิศาสตร์	เกี่ยวกับภูมิศาสตร์
ลิ่ม	ลิ่มรองล้อ
เขียง	เขียงหมู
ฉลองพระหัตถ์ตะเกียบ	ตะเกียบ
ที่ตัดซิการ์	มีดตัดซิการ์
ซิกาแรต	บุหรี่	ยาซิกาแรต	ยาสูบ
กล่องบุหรี่	ซองบุหรี่
ไฟ	ไฟแช็ค
สายรัด	สายรัดอานม้า
โรงภาพยนตร์	โรงหนัง
วงจร	วงจรไฟฟ้า
แผงวงจร	แผ่นวงจร
เครื่องตัดวงจร	เบรกเกอร์
เลื่อยวง	เลื่อยวงเดือน
เต็นท์คณะละครสัตว์	เต็นท์ละครสัตว์
ถังน้ำใต้ดิน	ถังใต้ดิน
ชุดซิวีส	ซิวีส
งานคลาสสิค	ผลงานคลาสสิค	ผลงานระดับคลาสสิค
คลาสรูม	ชั้นเรียน	ห้องเรียน
รองเท้าฟุตบอล	รองเท้าสตั๊ด	สตั๊ด
ปังตอ	มีดชำแหละเนื้อ	มีดสับเนื้อ	มีดอีโต้
ที่อยู่บนหน้าผา	ที่อยู่อาศัยบนหน้าผา
คลินิก	ร้านหมอ
คลิป	คลิปหนีบ	ที่หนีบ
กรรไกรตัดเล็บ	ที่ตัดเล็บ
หน้าปัด	หน้าปัดนาฬิกา
ระบบโทรทัศน์วงจรปิด	โทรทัศน์วงจรปิด
ภาพถ่ายระยะใกล้	ภาพระยะใกล้	ภาพโคลสอัพ
เลนส์ถ่ายภาพระยะใกล้	เลนส์ถ่ายระยะใกล้	เลนส์ถ่ายใกล้	เลนส์โคลสอัพ
ที่หนีบผ้า	ไม้หนีบผ้า
เครื่องนุ่งห่ม	เครื่องแต่งกาย	เสื้อผ้าเครื่องประดับ
ร้านขายเสื้อผ้า	ร้านขายเสื้อผ้าผู้ชาย	ร้านขายเสื้อผ้าสำหรับผู้ชาย	ร้า่นขายเสื้อผ้าสำหรับผู้ชาย
กระบอง	ไม้กระบอง
ซึ่งทำให้เชื่ออย่างผิด	ซึ่งทำให้เชื่ออย่างผิดๆ
ดอกจิก	ไพ่ดอกจิก
คลับดรักซ์	สารเสพติดที่ใช้เพื่อความบันเทิง
คลับ	คลับเฮาส์	สโมสร
ระเบิดดาวกระจาย	ระเบิดลูกปราย
เสื้อโค้ต	โค้ต
อาร์ม	อาร์มแขน
โคเคน	โคเคอีน
หมวกอุศเรน	หมวกแพรขน
ที่นั่งนักบิน	ห้องขับเครื่องบิน	ห้องนักบิน
ยาโคดีอีน	โคดีอีน
พระโกศ	หีบพระศพ	หีบศพ	โกศ	โลง	โลงผี	โลงศพ
สโนว์	โค้ก
คอลชิซีน	ยาคอลชิซีน
ยาแก้หวัด	ยาแก้ไข้
ภาพปะติดปะต่อ	รูปภาพปะซ้อน
คอปก	ปก	ปกเสื้อ
น้ำหอมโอดิโคโลญ	โคโลญ	โคโลญ์น
ทีวีสี	โทรทัศน์สี
หลอดภาพทีวีสี	หลอดภาพสี
เสา	เสาค้ำ
อารยัน	อินโดยูโรเปียน	อินโดอารยัน
พระสาง	หวี
อิหร่าน	เปอร์เซีย
ตัวเอน	ตัวเอียง
ร้านค้าสวัสดิการทหาร	ร้านสวัสดิการทหาร
ของซื้อของขาย	ของซื้อขาย	ข้าวของ	สินค้า
คอมมอนรูม	ห้องคอมมอน
ระบบการติดต่อสื่อสาร	ระบบการสื่อสาร	ระบบสื่อสาร
คอมแพ็คคาร์	รถเล็ก
คอมแพ็กดิสก์	ซีดี	แผ่นซีดี
บันไดขึ้นดาดฟ้าเรือ	บันไดดาดฟ้าเรือ
ห้องที่กั้นขึ้น	ห้องย่อย
ส่วนประกอบ	องค์ประกอบ
คอม	คอมพิวเตอร์	เครื่องคอมพิวเตอร์
คีย์บอร์ดคอมพิวเตอร์	แป้นพิมพ์	แป้นพิมพ์คอมพิวเตอร์
จอคอมพิวเตอร์	จอภาพคอมพิวเตอร์
ร้านขายอุปกรณ์คอมพิวเตอร์	ร้านคอมพิวเตอร์
คอนเสิร์ตเปียโน	เปียโน
เครื่องผสมปูน	เครื่องผสมปูนซิเมนต์
ไมโครโฟนคอนเดนเซอร์	ไมโครโฟนชนิดคอนเดนเซอร์
ครีมนวด	ครีมนวดผม
ถุง	ถุงมีชัย	ถุงยาง	ถุงยางอนามัย
คอนโด	คอนโดมิเนียม
คอนโด	คอนโดมิเนียม
คอนดักเตอร์	ตัวนำ
กรวย	วัตถุรูปทรงกรวย
ร้านขายขนมหวาน	ร้านขายลูกกวาด
ห้องประชุม	ห้องสัมมนา
คอนเน็กเตอร์	ตัวเชื่อม
โต๊ะคอนโซล	โต๊ะติดผนัง
ของบริโภค	เครื่องบริโภค
ที่บรรจุของ	ที่ใส่ของ
เรือคอนเทนเนอร์	เรือบรรทุกคอนเทนเนอร์
คอนตราฟากอตโต	ึคอนทราบาสซูน
กลไกการคุมกำเนิด	อุปกรณ์คุมกำเนิด
คอนโทรลเลอร์	ตัวควบคุม	ตัวคอนโทรล
ยาเสพติด	ยาเสพย์ติด	สารควบคุม	สารเสพติด	สิ่งเสพติด
คอนโทรลพาเนล	แผงควบคุม	แผงสวิตช์
ฟอสฟอริก	ฟอสฟอเรียส
คอนเวอร์เตอร์	ตัวเปลี่ยน
พาหนะ	ยานพาหนะ
สายพานลำเลียง	สายพานลำเ่ลียง
เตาทำอาหาร	เตาหุงต้ม	เตาไฟทำอาหาร
โหลคุกกี้	โหลใส่คุกกี้
ปริซึม	พริสมาติก
คูลเลอร์	คูลเลอร์น้ำเย็น	เครื่องทำน้ำเย็น
คุก	ห้องขัง
ก็อปปี้	ของก็อป	ของก็อปปี้	สำเนา
จุกคอร์ก	ฝาจุกคอร์ก
มุม	มุมตึก
ชุด	ชุดแต่งกาย
ซาอุ	ซาอุดิอาระเบีย
ผ้าคอตตอน	ผ้าฝ้าย
เส้นใยคอตตอน	เส้นใยฝ้าย
เซมิติก	เซไมต์
สยาม	ไท	ไทย
สยาม	ไท	ไทย
สยาม	ไท	ไทย
ความสมดุล	ความเท่าเทียมกัน	ตัวถ่วงน้ำหนัก	น้ำหนักถ่วงดุล
รถสองประตู	รถเก๋งสองประตู
รถม้ามีประทุน	รถม้ามีหลังคา
สิ่งที่ใช้คลุม	สิ่งปกคลุม	สิ่งห่อหุ้ม
บูทคาวบอย	รองเท้าบูทคาวบอย
หมวกคาวบอย	หมวกโคบาล
คอกปศุสัตว์	คอกวัว
ปั้นจั่น	เครน
สีเทียน	เครยอง
ครีม	ครีมบำรุงผิว
งาน	ผลงาน
เตาเผาศพ	เมรุ
ฌาปนสถาน	สถานที่ฌาปนกิจ	สถานที่เผาศพ	เชิงตะกอน	เมรุ
เตียงเด็ก	เปล
ด้ามแส้	แส้
ครอสสติทช์	งานปักครอสสติทช์
มงกุฎ	มงกุฎเพชร
ที่รวบอำนาจ	เกี่ยวกับระบบเผด็จการ
รถตำรวจ	รถสายตรวจ
ที่คั้น	เครื่องคั้น
อุปกรณ์ถอดรหัส	เครื่องมือถอดรหัส
กระจกหน้าปัดนาฬิกา	หน้าปัดนาฬิกา
ก้อนสี่เหลี่ยม	รูปสี่เหลี่ยมลูกเต๋า	ลูกบาศก์	สี่เหลี่ยมลูกเต๋า
ไม้คิว	ไม้แทงพูล
กระดุมกลัดแขนเสื้อสูท	กระดุมติดสูท	คัฟลิงค์
คันไถ	เครื่องไถดิน
ถูกตี	ถูกตีให้แบน
แบ่งค่า	แบ่งระดับ
ตู้	ห้องเก็บของ
ที่ผ่านไป	ที่ล่วงเลย
ขอบถนน	ขอบทางเดิน
สายบังเหียนม้า	เหล็กปากแข็ง
ผ้าม่าน	พระวิสูตร	พระสูตร	ม่าน
ห่วงผ้าม่าน	ห่วงม่าน
ที่สร้างขึ้นใหม่	ที่เกิดขึ้นใหม่
ที่มีสัน	เป็นสัน
คัตเอาท์	ตัวตัดไฟ
ที่ตัด	มีด	เครื่องมือตัด
อุปกรณ์สำหรับตัด	เครื่องมือตัด
ร้านอินเตอร์เน็ต	ร้านอินเตอร์เน็ตคาเฟ่	ร้านเน็ต	ไซเบอร์คาเฟ่
ที่กลายเป็นสบู่	ที่เปลี่ยนเป็นสบู่
แท่นปาฐก	แท่นปาฐกถา	โพเดียม
สันเขื่อน	เขื่อน
ตัวหน่วงสั่นสะเทือน	แดมเปอร์
ยาแดปโซน	แดปโซน
ห้องมืด	ห้องอัดรูป
อุปกรณ์นำเข้าข้อมูล	อุปกรณ์อินพุต
ดาต้าซิสเต็ม	ระบบข้อมูล	ระบบสารสนเทศ
ชั้น	ดาดฟ้า
เก้าอี้ชายหาด	เก้าอี้ผ้าใบ
ดีคอนเจสแตนท์	ยาดีคอนเจสแตนท์
เครื่องกระเบื้องเคลือบ	เครื่องถ้วยเดลฟต์
ร้านขายอาหาร	ร้านขายอาหารสำเร็จรูป	ร้านอาหาร
ดีโคลไมซิน	ยาดีโคลไมซิน
ผ้าฝ้ายเนื้อหนา	ผ้ายีน
อุปกรณ์ทันตกรรม	อุปกรณ์ทำฟัน
ยาดับกลิ่น	ยาระงับกลิ่น
ศูนย์การค้า	ห้าง	ห้างสรรพสินค้า
ประตูทางออก	ประตูผู้โดยสารขาออก
คลังเก็บของ	โรงเก็บของ
เครื่องมือวัดความลึก	เครื่องมือวัดความลึกของน้ำ
มาตรวัดความลึก	เกจวัดความลึก
โทรศัพท์ตั้งโต๊ะ	โทรศัพท์แบบตั้งโต๊ะ
คอมพิวเตอร์ตั้งโต๊ะ	คอมพิวเตอร์แบบตั้งโต๊ะ
ช้อนขนมหวาน	ช้อนของหวาน
ดีเท็กเตอร์	ตัวตรวจจับสัญญาณ	เครื่องตรวจจับ	เครื่องตรวจจับสัญญาณ
ดีเทกเตอร์	เครื่องจับสัญญาณ
ตัวถอดการกล้ำ	ตัวแยกสัญญาณ
ศูนย์กักกัน	สถานกักกัน	สถานพินิจ
ชนวนระเบิด	เชื้อระเบิด
อุปกรณ์	เครื่องมือ
หน้าปัดแบบหมุน	หน้าปัดโทรศัพท์แบบหมุน
โทรศัพท์หมุน	โทรศัพท์แบบหมุน	โทรศัพท์แบบหมุนตัวเลข
ข้าวหลามตัด	หลามตัด	ไพ่ข้าวหลามตัด
ผ้าอ้อม	ผ้าอ้อมทารก	ผ้าอ้อมเด็ก	แพมเพอร์
สมุดบันทึก	ไดอารี่
ยาไดคลอกซาซิลลิน	ยาไดนาเพน	ไดคลอกซาซิลลิน
หลุมขุด	หลุมโบราณคดี
กล้องดิจิตอล	กล้องถ่ายรูปดิจิตอล
ดิจิตอลคอมพิวเตอร์	ดิจิทัลคอมพิวเตอร์
จอดิจิตอล	จอภาพดิจิตอล
ขอ	ถนนไดม์
ห้องรับประทานอาหาร	ห้องอาหาร
โต๊ะกินข้าว	โต๊ะรับประทานอาหาร	โต๊ะอาหาร
ชุดราตรี	ชุดราตรียาว
ชุดทักซิโด	ทักซิโด	สูททักซิโด
ดิสโก้	ดิสโก้เทก
จักร	จักรขว้าง
ยาฆ่าเชื้อ	ยาฆ่าเชื้อโรค
แผ่นกลมแบน	แผ่นดิสก์
ดิสก์เบรก	เบรกจาน
ดิสก์ไดรฟ์	หน่วยขับแผ่นบันทึก	หน่วยขับแผ่่นบันทึก
พรีเซนเทชั่น	ภาพนำเสนอ
กระดาน	บอร์ด
ดิกซี	หม้อใหญ่
ท่าเรือ	อู่เรือ
กาก	ขยะ
ตุ๊กตา	ตุ๊กตุ่น	ตุ๊กตุ่นตุ๊กตา
หลังคารูปโดม	หลังคาโดม	โดม
สนามกีฬามีหลังคา	โดมสเตเดียม
แท่งโดมิโน	โดมิโน
บานประตู	ประตู	พระทวาร
กรอบประตู	วงกบประตู
ช่องประตู	ประตู	ประตูทางเข้า	ประตูเข้าออก
หอพัก	หอพักนักศึกษา
ห้องนอนรวม	ห้องนอนใหญ่
ปริมาณยา	โดส
ปริ้นเตอร์ดอทเมตริกซ์	เครื่องพิมพ์ดอทเมตริกซ์
หมุด	หมุดไม้
การร่างภาพ	ภาพร่าง
กระดานรองวาด	กระดานรองวาดภาพ	กระดานรองวาดรูป	กระดานรองเขียน
ดรากูนอฟ	ปืนดรากูนอฟ
คูน้ำ	คูระบายน้ำ	ร่องระบายน้ำ
สะพานชนิดเปิดปิดได้	สะพานหก
ภาพดรออิ้ง	ภาพวาดเส้น
สายรูด	เชือกรูด
ชุดกระโปรง	ชุดเสื้อกระโปรงติดกัน
ตู้ที่มีชั้น	ตู้เก็บของ
หมวกทรงกระบอก	หมวกทรงสูง	หมวกที่มีขนยาว
ผ้าก็อต	ผ้าปิดแผล
สว่าน	เครื่องเจาะ
สว่านแท่นเจาะ	สว่านแท่นไฟฟ้า
สถานที่ขุดเจาะ	แท่นขุดเจาะ
หน่วยขับ	ไดรฟ์
สนามกอล์ฟ	หัวไม้หนึ่ง
ดริกโซรอล	ยาดริกโซรอล
ผ้าคลุมเครื่องเรือน	ผ้าคลุมเฟอร์นิเจอร์
ที่หยอดยา	อุปกรณ์หยอดยา
พระโอสถ	ยา	โอสถ
ยาค็อกเทล	ยารักษาโรคเอดส์
ยา	ยาเสพติด
ร้านขายยา	ร้านยา	ร้านเภสัช
ดรัมเบรก	เบรกกง
หนังกลอง	หน้ากลอง
ไม้กลอง	ไม้ตีกลอง
เครื่องทำแห้ง	เครื่องเป่าแห้ง
ขิม	ดัลซิเมอร์
ขิม	ดัลซิเมอร์
รถดัมพ์	รถบรรทุก	รถบรรทุกเทท้าย
ที่กันฝุ่น	ที่ป้องกันฝุ่น
เสื้อคลุม	เสื้อคลุมกันเปื้อน
นิวาสถาน	บ้าน	บ้านช่อง	เรือน
ดินระเบิด	ไดนาไมต์
เครื่องปั่นไฟ	ไดนาโม
ช่องหู	รูหู
หูฟัง	เฮดโฟน
ตุ้มหู	ต่างหู	พระกุณฑล
ของมีคม	เครื่องมีคม	เครื่องมือที่มีคม
อพาร์ทเมนท์ตกแต่งพร้อมอยู่	อพาร์ทเมนท์พร้อมอยู่
หุ่น	หุ่นจำลอง
ผ้านวม	ผ้าห่ม
ที่นั่งดีดตัว	ที่นั่งนักบิน
อุปกรณ์ไฟฟ้า	เครื่องใช้ไฟฟ้า
พัดลม	พัดลมไฟฟ้า
เตาแก๊สไฟฟ้า	เตาไฟฟ้า
พิมพ์ดีดไฟฟ้า	เครื่องพิมพ์ดีดไฟฟ้า
ขั้วไฟฟ้า	อิเล็กโทรด
เครื่องบันทึกด้วยไฟฟ้า	เครื่องอิเล็คโตรกราฟ
อุปกรณ์อิเล็กทรอนิกส์	เครื่องอิเล็กทรอนิกส์
ตรา	ตราสัญลักษณ์	สัญลักษณ์
งานปักลวดลาย	ลวดลายปัก
ห้องเครื่อง	ห้องเครื่องยนต์
ภาพอัดขยาย	รูปถ่ายที่ถูกขยาย
เครื่องขยาย	เครื่องขยายภาพ
ธงประจำเรือ	ธงเรือ
ทางอ้อม	ทางเข้า	สิ่งที่เข้าถึง
ถุงบรรจุก๊าซ	ถุงแก๊ส
หน่วยความจำอ่านอย่างเดียวชนิดโปรแกรมและลบได้	เอ็ปรอม
ร้านกาแฟเอสเพรสโซ	ร้านเอสเพรสโซ
ยาเอทคอลวินอล	เอทคอลวินอล
พัดลมดูดอากาศ	พัดลมระบายอากาศ
ระบบตรวจจับวัตถุระเบิด	เครื่องตรวจจับวัตถุระเบิด
ของส่งออก	ของเอ็กซ์พอร์ต	สินค้าส่งออก	สินค้าเอ็กซ์พอร์ต
ซุปเปอร์ไฮเวย์	ทางด่วน	ทางหลวงพิเศษ
ผ้า	สิ่งทอ
ด้านหน้า	ด้านหน้าอาคาร
ด้านหน้า	หน้า
แป้งทาหน้า	แป้งผัดหน้า
ร.ง.	รง.	โรงงาน
ชุดสำหรับงานเลี้ยงสวมหน้ากาก	ชุดแฟนซี
สินค้าตามกระแสนิยม	สินค้าแฟชั่น
สิ่งที่ติดแน่น	สิ่งยึด	เครื่องจับ	เครื่องยึด
ช่องทางขวา	เลนขวา
ศูนย์ลดน้ำหนัก	สถานลดน้ำหนัก
ก๊อก	ก๊อกน้ำ	หัวก๊อก
ผ้าพันคอขนนก	หนังงู
หมวกปีกกว้าง	หมวกสักหลาดปีกแคบ
ปากกาเมจิก	เมจิก
ยาเฟนตานีล	เฟนตานีล
ยาเฟอร์กอน	เฟอร์กอน
มาลัยดอกไม้	ระย้าดอกไม้
เส้นใย	ไฟเบอร์
คันชักไวโอลิน	คันสีไวโอลิน
ยางสแปร์	ยางอะไหล่
เก้าอี้ตกปลา	เก้าอี้สู้ปลา
หุ่น	หุ่นจำลอง
หลอดกรอด้าย	หลอดปั่นด้าย
ฟิล์ม	แผ่นฟิล์ม
ฟิลม์	แผ่นฟิล์ม	แผ่นเซลลูลอยด์
ฟิล์ม	แผ่นฟิล์ม
ฟิลเตอร์	เครื่องกรอง
ฟิงเกอร์บอร์ด	แผงกดนิ้ว
ปลอกนิ้ว	ผ้าพันนิ้วมือ
บันไดหนีไฟ	ประตูหนีไฟ
ถังดับเพลิง	อุปกรณ์ดับเพลิง	เครื่องดับเพลิง
เตาผิง	เตาผิงไฟ
ส.ดพ.	สถานีดับเพลิง
อาคารที่ไม่มีทางหนีไฟ	อาคารที่ไม่มีบันไดหนีไฟ
ดอกไม้เพลิง	ดอกไม้ไฟ	พลุ
สนามซ้อมยิง	สนามซ้อมยิงเป้า
ชุดปฐมพยาบาล	อุปกรณ์ปฐมพยาบาล
เกียร์ต่ำ	เกียร์หนึ่ง
บ่อเลี้ยงปลา	ฟาร์มเลี้ยงปลา
เบ็ด	เบ็ดตกปลา
เรือจับปลา	เรือประมง	เรือหาปลา
สายเบ็ด	สายเบ็ดตกปลา
ห้า	ห้าแต้ม
แฟลช	แฟลชกล้อง	แฟลชถ่ายภาพ	แฟลชถ่ายรูป	ไฟแฟลช	ไฟแฟลชถ่ายภาพ
แผ่นครอบ	แผ่นปิดครอบ	แฟลชชิ่ง
เตารีดโบราณ	เตารีดใช้ถ่าน
โรงแรมคาสิโน	โรงแรมจิ้งหรีด
ตีนกบ	รองเท้าดำน้ำ
พื้น	ฟลอร์
ร้านขายดอกไม้	ร้านดอกไม้
พวงดอกไม้	พวงมาลัย	มาลัย
สวนดอกไม้	สวนไม้ดอกไม้ประดับ
ฟลูนิแทรสแพน	ยาฟลูนิแทรสแพน	ยาโรฮิพนอล	โรฮิพนอล
หลอดนีออน	หลอดฟลูออเรสเซนต์
ยาบรรเทาอาการหดหู่	ยาโพรแซค	ยาโพแซค
ชักโครก	โถชักโครก
กำแพงค้ำยันแบบปีกนก	ไม้ค้ำ
บานเฟี้ยม	ประตูบานพับ	ประตูบานเฟี้ยม	ประตูเฟี้ยม
เลื่อยพับ	เลื่อยมือพับ
ท่อนฟิล์ม	ฟุตเตจ
สนามบอล	สนามฟุตบอล
สนามฟุตบอล	สนามแข่งขันฟุตบอล
แท่นวางเท้า	แผ่นที่รองรับเท้า
สะพานลอย	สะพานลอยคนข้าม
ฟุตล็อคเกอร์	ล็อคเกอร์
คีม	ปากคีบ
ส้อมพรวน	ส้อมพรวนดิน
ฐาน	ฐานราก	รากฐาน
โรงหลอมโลหะ	โรงหล่อ
ปากกาหมึกซึม	หมึกซึม
สี่	สี่แต้ม
รถขับเคลื่อนสี่ล้อ	รถโฟร์วิล	โฟร์วิล
ปืนลูกซองยิงนก	ปืนสำหรับยิงสัตว์เล็ก
เฟรม	เฟรมเวิร์ก
รถไฟขนส่งสินค้า	รถไฟบรรทุกสินค้า
กระทะ	กระทะทอด	กระทะผัด
มาตรวัดน้ำมัน	เกจวัดน้ำมัน
ท่อน้ำมัน	ท่อเชื้อเพลิง
ชุดพิธีการ	ชุดเต็มยศ
เสื้อขนสัตว์	เสื้อเฟอร์
เตา	เตาหลอม
เครื่องตกแต่ง	เครื่องเรือน
เครื่องเรือน	เฟอร์	เฟอร์นิเจอร์
ดินประสิว	ดินปืน
จั่ว	หน้าจั่ว	หน้าบัน
เดือย	เดือยไก่
ผ้าอุดปาก	เครื่องถ่างปาก
หอศิลป์	ห้องแสดงภาพ	แกลเลอรี่
ตะแลงแกง	ตะแลงแกรง
บ่อน	บ่อนการพนัน
อุปกรณ์เล่นเกม	เกม
โต๊ะการพนัน	โต๊ะเล่นการพนัน
จีเอชบี	ยาจีเอชบี
ศูนย์ซ่อมรถ	อู่ซ่อมรถ
ปืนกาแรนด์	ปืนไรเฟิลกาแรนด์
การ์เดน	สวน	ไร่
การ์กอยล์	ปนาลี
ชุด	เสื้อผ้า
ที่ตั้งกองทหาร	ที่มั่น
หัวเตา	หัวเตาแก๊ส
ปะเก็น	วงแหวนอัดลูกสูบ
หน้ากากป้องกันการหายใจ	หน้ากากป้องกันแก๊ส
เครื่องวัดความจุแก๊ส	เครื่องวัีดความจุแก๊ส	แก๊สมิเตอร์
มาตรวัดน้ำมัน	เกจวัดน้ำมัน	เกวัดน้ำมัน
ปั้มน้ำมัน	ปั๊ม	ปั๊มแก๊ส	สถานีบริการน้ำมัน
เตาแก๊ส	เตาแก๊สหุงต้ม
บ่อก๊าซ	บ่อก๊าซธรรมชาติ
โรงงานผลิตแก๊ส	โรงงานแก๊ส
ประตู	ประตูรั้ว
ลอจิกเกต	วงจรตรรกะ
ประตู	เกต
ทางเข้าออก	เกตเวย์
เก	เกจ	เครื่องวัดระดับ
ผ้าก๊อส	ผ้าพันแผล
เครื่องกำเนิดกระแสไฟฟ้า	เครื่องกำเนิดไฟฟ้า
ผลิตภัณฑ์ทั่วไปที่ไม่มีตรา	สินค้าไม่มียี่ห้อ
ขั้นบันไดริมน้ำ	ท่าบันไดริมน้ำ
ร้านกิฟต์ชอป	ร้านของชำร่วย
แก้ว	แก้วดื่มน้ำ	แก้วน้ำ
ที่ตัดกระจก	มีดตัดกระจก
กล่องแว่น	กล่องแว่นตา
ตาเทียม	ตาแก้ว	ลูกตาเทียม
ชุดเครื่องแก้ว	เครื่องแก้ว
โรงงานผลิตแก้ว	โรงงานแก้ว
ยาไกลพิไซด์	ไกลพิไซด์
จีพีเอส	ระบบนำทางจีพีเอส
ถุงพระหัตถ์	ถุงมือ
ประตู	โกล
เสาประตู	เสาโกล์
แว่นดำน้ำ	แว่นตาดำน้ำ	แว่นประดาน้ำ
รถโกคาร์ท	โกคาร์ท
ชุดภาชนะทอง	ภาชนะทอง
ถุงกอล์ฟ	ถุงไม้กอล์ฟ
รถกอล์ฟ	รถสนามกอล์ฟ
ชุดผ่าตัด	เสื้อกาวน์
ถนนต่างระดับ	ทางต่างระดับ
กราฟฟิก	ภาพกราฟฟิก	ภาพกราฟฟิกคอมพิวเตอร์
ที่ฝังศพ	หลุมฝังศพ	หลุมศพ
เครื่องมือวัดความถ่วงจำเพาะ	แกรวิมิเตอร์
ภาพพิมพ์กราวัวร์	โฟโตกราวัวร์
ชาม	เหยือกน้ำเกรวี่
กระบอกฉีดจาระบี	กระบอกอัดจาระบี
เรือนกระจก	เรือนเพาะชำ
ระเบิดเกรเนด	เกรเนด
ตลาด	ตลาดสด
สายกราวด์	สายดิน
ป่าละเมาะ	สวนผลไม้
กิโยตีน	เครื่องกิโยตีน
ปิ๊ก	ปิ๊กกีตาร์
ปืน	พระแสงปืน	อาวุธปืน
ชุดปืน	เครื่องยิงกระสุน
กระสอบ	ถุงกระสอบ
ศูนย์เล็ง	ศูนย์เล็งปืน
เชือก	เชือกโยงเต็นท์
ยิม	ยิมเนเซียม	อาคารยิมเนเซียม	โรงยิม
รองเท้าผ้าใบ	รองเท้าเทนนิส
ไจโร	ไจโรสโคป
รถม้ารับจ้าง	รถรับจ้าง
กิ๊บ	กิ๊บติดผม
ห้องประชุม	ฮอล
หอเกียรติยศ	ฮอลออฟเฟม
ค้อน	ไม้ค้อน
นก	นกปืน
เข็ม	เข็มนาฬิกา
ที่เป่าผม	เครื่องเป่าผม	ไดร์เป่าผม
ระเบิดมือ	ลูกน้อยหน่า	ลูกระเบิดมือ
งานประดิษฐ์	งานฝีมือ	งานหัตถกรรม	งานแฮนด์เมด
คัน	ด้าม	ด้ามจับ	ที่จับ	มือจับ	หูหิ้ว
แฮนด์	แฮนด์จักรยาน	แฮนด์รถจักรยาน
กี่ทอผ้า	เครื่องทอผ้าด้วยมือ
เสื้อผ้ามือสอง	เสื้อผ้าใช้แล้ว
เลื่อยมือ	เลื่อยลันดา
ตรายาง	ตรายางประทับ	ที่ปั๊มตรายาง	ปั๊มตรายาง
ซับพระพักตร์	ผ้าเช็ดมือ	ผ้าเช็ดหน้า
บ่วงเชือกประหาร	เชือกแขวนคอ
ปกแข็ง	สมุดปกแข็ง	หนังสือปกแข็ง
ยานรก	ยาเสพติดให้โทษที่รุนแรงมาก
หมวกก่อสร้าง	หมวกวิศวกร
ไหล่ถนน	ไหล่ทาง
หีบปาก	ฮาโมนิกา
ออร์แกน	ออร์แกนเหยียบ
พิณ	ฮาร์ป
สายยู	สายยูสามพับ
เบาะรองหัวเข่า	เบาะรองเข่า
ผ้าคลุมศีรษะ	ผ้าคลุมหน้า
ประตูกั้นน้ำ	ประตูน้ำ
สถานประกอบการสปา	สปา
โพแดง	ไพ่โพแดง
ฮีตเตอร์	ฮีเตอร์	เครื่องทำความร้อน
ส้น	ส้นรองเท้า
ฮ.	เฮลิคอปเตอร์
เครื่องส่งสัญญาณด้วยกระจกสะท้อนแสงจากดวงอาทิตย์	เฮลิโอกราฟ
พวงมาลัยเรือ	หางเสือ
ฮีมาโตคริต	เครื่องปั่นแยกเม็ดเลือดออกจากพลาสม่า
ยาสมุนไพร	สมุนไพร
เฮโรอีน	ไดอะซีทีลมอร์ฟีน
ถนนสายหลัก	ถนนไฮเวย์	ทางไฮเวย์	ไฮเวย์
ผ้าคลุมศีรษะ	ผ้าฮิญาบ
ยาต้านตัวรับฮิสตามีน	ยาปิดกั้นตัวรับฮิสตามีน
หลุม	หลุมกอล์ฟ
ภาพสามมิติ	ภาพโฮโลแกรม
บ้านพักคนชรา	บ้านพักฟื้นคนชรา	สถานพักฟื้นคนชรา	สถานพักฟื้นผู้สูงอายุ
เครื่องใช้ในครัวเรือน	เครื่องใช้ในบ้าน
ห้องโฮมรูม	โฮมรูม
หมวกฮู้ด	ฮู้ด
ขอ	ขอเกี่ยว	ตะขอ	ตะขอเกี่ยว	ตาขอ	ที่เกี่ยว
ขอ	ตะขอ
ขอสับ	ขอสับประตู	ขอสับหน้าต่าง	ตะขอประตู	ตะขอสับ	ตะขอเกี่ยวหน้าต่าง
บ้องยาสูบ	มะระกู่
ร.พ.	รพ.	โรงบาล	โรงพยาบาล	โรงหมอ
หอ	หอพักนักศึกษา	หอพักนักเรียน	หอพักนิสิตนักศึกษา
ที่พัก	ที่พักราคาถูก	โรงเตี๊ยม	โรงแรม
ร.ร.	รร.	โรงแรม	โฮเต็ล
เข็มชั่วโมง	เข็มสั้น
บ้าน	เรือน
โรง	โรงเรือน
ที่พักอาศัย	ที่อยู่	ที่อยู่อาศัย	ที่อาศัย	อาคารที่พัก	อาคารที่พักอาศัย
กระต๊อบ	กระท่อม
ห่วงฮูล่าฮูป	ฮูมุส
มีดนายพราน	มีดล่าสัตว์
ห้ามล้อน้ำมัน	ไฮดรอลิกเบรก
ระบบไฮดรอลิก	ระบบไฮโดรลิก
ระบบเกียร์ไฮดรอลิก	ระบบเกียร์ไฮโดรลิก
ฟอยล์	ไฮโดรฟอยล์
ยาไฮโดรมอร์โฟน	ไฮโดรมอร์โฟน	ไฮโดรมอร์โฟนไฮโดรคลอไรด์
ซูเปอร์มาร์เก็ตขนาดใหญ่	ไฮเปอร์มาเก็ต
น้ำแข็ง	น้ำแข็งก้อน
ถุงน้ำแข็ง	ถุงประคบ
ลานสเกตน้ำแข็ง	ลานสเก็ตน้ำแข็ง
มู่เล่	รอก
รูปปั้นบูชา	รูปปั้นสักการะ
กระท่อมน้ำแข็งรูปโดม	อิกลู
ของปลอม	ของปลอมแปลง	ของเก๊	ของเทียม
ของนำเข้า	ของอิมพอร์ต	สินค้านำเข้า	สินค้าอิมพอร์ต
ลัทธิประทับใจ	ลัทธิอิมเพรสชันนิสม์	อิมเพรสชันนิสม์
ระบบนำร่องเฉื่อย	ระบบนำอากาศด้วยแรงเฉื่อย	ระบบนำเฉื่อย
สาธารณูปโภคพื้นฐาน	โครงสร้างพื้นฐาน
ยาดม	ยาสูดดม	ยาสูดพ่น
ถาดขวดหมึก	ถาดวางขวดหมึก
ขวดน้ำหมึก	ขวดหมึก
เครื่องทรมาน	เครื่องมือทรมาน
ระบบการติดต่อสื่อสารภายใน	อินเตอร์คอม	เครื่องอินเตอร์คอม
จุดเชื่อมต่อ	พอร์ต	อินเตอร์เฟซ
อินเตอร์เน็ต	อินเทอร์เน็ต	เน็ต	ไซเบอร์สเปซ
อินเตอร์โฟน	เครื่องอินเตอร์โฟน
ไอริส	ไอริสไดอะแฟรม
หัวเหล็ก	เหล็ก
กระดานรองรีด	ที่รองรีด
งานเหล็กดัด	งานโลหะ	เหล็กดัด
คลองชลประทาน	ร่องน้ำชลประทาน
หัวเสียบ	แจ็ค
เสื้อแจ็คเก็ต	แจ็คเก็ต
ตะเกียงของแจ็ค	ตะเกียงฟักทอง	แจ๊ค-โอ'-แลนเทิร์น
สกรูแจ็ค	แจ็คสกรู
คุก	เรือนจำ
กางเกงยีน	กางเกงยีนส์	ยีนส์
จี๊ป	รถจี๊ป	รถแลนด์โรเวอร์	แลนด์โรเวอร์
สิ่งที่ระบุไม่ได้	อะไรบางอย่าง
ที-เชิ้ต	ทีเชิ้ต	เสื้อทีเชิ้ต	เสื้อยืด
เครื่องบินเจ็ต	ไอพ่น
กล้องส่องอัญมณี	กล้องส่องเพชร
จิ๊กซอว์	ภาพจิ๊กซอว์
บุหรี่ยัดไส้กัญชา	มวนกัญชา
ตง	รอด
โจ๊ก	โจ๊กเกอร์
ศาลเจ้า	ศาลเทพเจ้า
จอย	จอยสติก	จอยสติ๊ก
จังเกิ้ลยิม	เครื่องเล่นจังเกิ้ลยิม
สายจั๊มไฟ	สายไฟพ่วง
ยาเค	เคตามีน	เจ็ต
ยาเคาเพกเทต	เคาเพกเทต
ของชำร่วย	ของที่ระลึก
บ้านสุนัข	บ้านหมา
คีตามีน	คีตามีนไฮโดรคลอไรด์	ยาคีตามีน	ยาคีตามีนไฮโดรคลอไรด์
กาต้มน้ำ	หม้อตุ๋น
กลองชุด	กลองทิมปานี
กุญแจ	คีย์	ลูกกุญแจ
คิมาร์	ผ้าคลุมศีรษะคิมาร์
กิโมโน	ชุดกิโมโน
เครื่องหลัง	เป้
ครัว	สถานที่ประกอบอาหาร	ห้องครัว	ห้องประกอบอาหาร	ห้องเครื่อง
สวนครัว	สวนผัก
เครื่องครัว	เครื่องใช้ในครัว
ที่รองหัวเข่า	แท่นรองหัวเข่า
สนับเข่า	เกราะป้องกันหัวเข่า
ศาสตราวุธ	อาวุธมีคม
ม้า	อัศวิน
งานถักนิตติ้ง	งานถักไหมพรม
ผ้าถัก	ผ้าถักนิตติ้ง	ผ้านิตติ้ง
เข็มนิต	ไม้นิต
ไม้ตะพด	ไม้เท้าหัวกลม
กริช	พระแสงกริช
ถ้วยกาแฟเอสเพรสโซ	ถ้วยไซลิกซ์
ห้องทดลอง	ห้องปฏิบัติการ	ห้องปฏิบัติการทางวิทยาศาสตร์	ห้องแล็บ	แล็บ
ผ้าลูกไม้	ลูกไม้
งานลูกไม้	ลูกไม้
กระได	บันได
ที่อยู่ริมทะเลสาบ	บ้านริมทะเลสาบ
โคมไฟ	โป๊ะไฟ
ตะเกียงน้ำมัน	แก้วครอบตะเกียง
ยานแลนเดอร์	แลนเดอร์
ขาสกี	ขาสกีสำหรับเฮลิคอปเตอร์
ภาพทิวทัศน์	ภาพวิว	ภาพแลนด์สเคป
สวน	สวนสวยงาม
ซ.	ซอย	ถนนซอย
สายคล้องคอ	สายนกหวีด
แล็ปท็อป	แล็ปท็อปคอมพิวเตอร์
กราบซ้ายของเรือ	กราบเรือทางซ้าย
เครื่องยิงเลเซอร์	เครื่องยิงแสงเลเซอร์	เลเซอร์	แสงเลเซอร์
บ่วง	บ่วงคล้องสัตว์	บ่วงจับปศุสัตว์	บ่วงบาศ
ลาสเท็กซ์	เส้นใยลาสเท็กซ์
กลอน	กลอนประตู	กลอนหน้าต่าง
จุดบริการเครื่องซักผ้าหยอดเหรียญ	สถานที่บริการซักรีดด้วยตนเอง
ร้านซักอบรีด	สถานที่ซักรีด
ผงซักฟอก	แฟ้บ
เก้าอี้นั่งเล่น	เก้าอี้สนาม	เก้าอี้สวน
หอเอน	หอเอนเมืองปิซา
สายจูง	เชือกจูงสุนัข
งานหนัง	เครื่องหนัง
ห้องบรรยาย	ห้องเลคเชอร์
ขา	ขากางเกง
ตัวต่อเลโก้	เลโก้
ชุดอยู่บ้าน	ชุดใส่เล่น
พัสดุระเบิด	ไปรษณีย์ระเบิด
คานงัด	คานดีด
กางเกงยีนส์ลีวาย	ลีวาย
หอสมุด	ห้องสมุด
หอสมุด	ห้องสมุด
ป้ายทะเบียน	ป้ายทะเบียนรถ
ห่วงชูชีพ	ห่วงยาง
อุปกรณ์ช่วยลอยตัว	อุปกรณ์ช่วยในการลอยตัว
แพฉุกเฉิน	แพชูชีพ
อุปกรณ์ยกของหนัก	เครื่องยกของหนัก
แหล่งกำเนิดแสง	ไฟ
หลอดไฟ	หลอดไฟฟ้า
เรือทุ่นไฟ	เรือประภาคาร
รถลิโม่	รถลีมูซีน	ลีมูซีน
สาย	สิ่งที่เป็นเส้น	เส้น
บริษัทเส้นทางขนส่ง	บริษัทเส้นทางคมนาคม
เรือสมุทร	เรือเดินทะเล	เรือเดินสมุทร
น้ำมันทาแก้ปวด	ยานวดแก้ปวด
ดาต้าลิงค์	ลิงค์	ลิงค์ข้อมูล
ภาพพิมพ์กระเบื้องยาง	ภาพพิมพ์ยาง	ภาพพิมพ์แกะยาง	ภาพพิมพ์แม่พิมพ์กระเบื้องยาง
มีดตัดลิโนเลียม	มีดลิโนเลียม
ยาสแตทิน	สแตทิน
ลิป	ลิปสติก
แก้วดื่มเหล้า	แก้วเหล้า
จอภาพแอลซีดี	จอแอลซีดี
วอ	เกี้ยว
น้ำหนักบรรทุก	ระวาง
จี้	ล็อกเก็ต
ที่อยู่ของอินเดียแดง	บ้านของอินเดียแดง
บ้านนกพิราบ	รังนกพิราบ
ยาโลโมติล	โลโมติล
กางเกงขายาว	ขายาว
กระจก	กระจกส่องหน้า	กระจกแต่งตัว
เครื่องทอ	เครื่องทอผ้า
เก้าอี้เลิฟซีต	เลิฟซีท	โซฟาสองที่นั่ง
กระโปรงท้ายรถ	กระโปรงหลัง	กระโปรงหลังรถ
ยานลูนาร์โมดูล	ลูนาร์โมดูล
จักรกล	เครื่อง	เครื่องกล	เครื่องจักร	แมชชีน
งานชิ้นเอก	งานศิลปะชิ้นเอก	ผลงานชิ้นเอก
ท่อหลัก	ท่อเมน
ทางหลวง	เส้นทางหลัก
เมนโรเตอร์	โรเตอร์หลัก
เครื่องแต่งหน้า	เมกอัพ
ค้อนไม้	ตะลุมพุก
มาตรความดันของไหล	แมนอมิเตอร์
คฤหาสน์	แมนชั่น
ผท.	แผนที่
มาริมบา	ระนาดฝรั่ง	ระนาดฝรั่้ง	ไซโลโฟน
ปากกามาร์กเกอร์	ปากกามาร์คเกอร์	ปากกาเมจิก	มาร์คเกอร์
ตลาด	ลานตลาดนัด
หน้ากาก	แมสก์
สถาบันเทคโนโลยีแมสซาชูเซตส์	เอ็มไอที
นวดแผนโบราณ	สถานอาบอบนวด	อาบอบนวด
สเปกโทรมิเตอร์	สเปกโทรมิเตอร์มวล
งานต้นฉบับ	ต้นฉบับ	ผลงานต้นฉบับ
งานชิ้นเอก	งานชิ้นโบแดง	งานมาสเตอร์พีซ	ผลงานชิ้นเอก	ผลงานชิ้นโบแดง	ผลงานมาสเตอร์พีซ	มาสเตอร์พีซ
ไม้ขีด	ไม้ขีดไฟ
กลักไม้ขีด	กล่องไม้ขีดไฟ
ก้านไม้ขีด	ก้านไม้ขีดไฟ
ที่นอน	เบาะที่นอน
หลุมฝังศพขนาดใหญ่	อนุสาวรีย์บรรจุศพ
อุปกรณ์วัด	เครื่องมือวัด	เครื่องวัด
อุปกรณ์เครื่องกล	เครื่องกล	เครื่องกลไก
เปียโนที่เล่นได้เอง	เปียโนอัตโนมัติ
กลไก	เครื่อง	เครื่องยนต์กลไก
ตึกผู้ป่วย	ตึกแพทย์	อาคารการแพทย์
เครื่องมือทางการแพทย์	เครื่องมือแพทย์
ยา	ยารักษา	ยารักษาโรค	หยูกยา
เมกะโฟน	โทรโข่ง
หน่วยความจำคอมพิวเตอร์	เมม	เมมโมรี่
มีเปอริดีน	ยามีเปอริดีน
ยาเมโฟบาร์บิทอล	เมโฟบาร์บิทอล
ร้านขายปลีก	ร้านค้าขายปลีก	ร้านค้าปลีก	สถานที่ขายสินค้าปลีก	สถานที่จำหน่ายสินค้าปลีก
ผลิตภัณฑ์	สินค้า	โปรดักต์
บัลลังก์พระคุณ	เก้าอี้กรุณา
เครื่องตรวจจับโลหะ	เครื่องมือตรวจหาโลหะ
ด้ายโลหะ	เส้นด้ายโลหะ
ของที่ทำด้วยโลหะ	เครื่องโลหะ	เครื่องใช้ประเภทโลหะ
มาตรวัด	มิเตอร์
ยาเมตฟอร์มิน	เมตฟอร์มิน
ยาเมทาโดน	เมทาโดน
ยาเมทาควาโลน	เมทาควาโลน
เมตทาบิทัล	เมทาร์บิทัล
ยายูเร็ก	ยาเมเทนามีน	ยาแมนดีลาไมน์	เมเทนามีน
ทางรถไฟใต้ดิน	รางรถไฟใต้ดิน
เครื่องให้จังหวะ	เมโทรนอม
ไมค์	ไมโครโฟน
เตาอบไมโครเวฟ	เตาไมโครเวฟ	ไมโครเวฟ
หมวกผู้หญิง	หมวกสตรี
ร้านขายหมวก	ร้านขายหมวกผู้หญิง	ร้านหมวก
อุปกรณ์ตรวจค้นกับระเบิด	เครื่องตรวจค้นทุ่นระเบิด	เครื่องตรวจหาทุ่นระเบิด
โมเดล	โมเดลย่อส่วน
มินิไบค์	รถมินิไบค์
มินิบัส	รถมินิบัส	รถเมล์เล็ก	เมล์เล็ก
มินิคาร์	รถมินิ	รถมินิคาร์
ตึกกระทรวง	อาคารสำนักงานกระทรวง
กระโปรง	มินิสเกิร์ต
มินิแวน	รถมินิแวน
เสื้อขนมิงค์	เสื้อคลุมขนมิงค์
เข็มนาที	เข็มยาว
ยาไมโอติก	ไมโอติก
กระจก	กระจกเงา	คันฉ่อง	พระฉาย
จรวดมิสไซล์	มิสไซล์
มิกเซอร์	เครื่องผสมอาหาร
มิกเซอร์	เครื่องผสมสัญญาณเสียง
คู	คูน้ำ
บ้านเคลื่อนที่	รถบ้าน	รถบ้านเคลื่อนที่
มอคคาซิน	รองเท้าหนังเย็บ
แบบจำลอง	โมเดล
ศิลปะสมัยใหม่	ศิลปะโมเดิร์นนิสม์
พิมพ์	แม่พิมพ์
บัว	ลวดบัว
มอนิเตอร์	เครื่องมอนิเตอร์
แว่นตา	แว่นตาข้างเดียว
อาร์ชมูริช	อาร์ชเกือกม้า
รถโมเพ็ด	โมเพ็ด
ที่เก็บศพ	ที่ไว้ศพ	ห้องดับจิต	ห้องเก็บศพ
หมวกรับปริญญา	หมวกรับปริญญาบัตร
งานโมเสก	ผลงานโมเสก
กล้องถ่ายภาพยนตร์	กล้องถ่ายหนัง
มอเตอร์	เครื่องมอเตอร์
จยย.	จักรยานยนต์	มอเตอร์ไซค์	รถจักรยานยนต์	รถมอเตอร์ไซค์	รถเครื่อง	แมงกาไซค์
มอเตอร์ลอดจ์	มอเตอร์อินน์	โรงแรม
รถสกูตเตอร์	สกูตเตอร์
ยานยนต์	รถ
จักรยานภูเขา	จักรยานเสือภูเขา	เมาน์เทนไบค์	เสือภูเขา
เมาส์	เมาส์คอมพิวเตอร์
ปุ่มกดเมาส์	ปุ่มคลิกเมาส์
มูส	มูสใส่ผม	เจลตกแต่งทรงผม	เจลใส่ผม
ปาก	ปากขวด
ที่เป่า	ที่่เป่า
เครื่องฉายภาพยนตร์	เครื่องฉายหนัง
ชุดมัฟติ	มัฟติ
โรงภาพยนตร์มัลติเพล็กซ์	โรงหนังมัลติเพล็กซ์
วงจรมัลติเพล็กซ์	วงจรมัลติเพล็กซ์เซอร์	อุปกรณ์สหสัญญาณ
จิตรกรรมฝาผนัง	ภาพฝาผนัง
พิพิธภัณฑ์	มิวเซียม
ที่วางโน้ตดนตรี	ที่วางโน้ตเพลง
ผ้ามัสลิน	มัสลิน
แก้วบังหนวด	แก้วป้องกันหนวด
ที่ลดเสียง	ที่อุดเสียง	อุปกรณ์ลดเสียง
ครอบปากสุนัข	ตะกร้อครอบปาก
ยาไมดริเอติก	ไมดริเอติก
ตะไบเล็บ	ตะไบแต่งเล็บ
น้ำยาทาเล็บ	ยาทาเล็บ
ห่วงผ้าเช็ดปาก	ห่วงรัดผ้าเช็ดปาก
คอ	คอเสื้อ
คอ	ส่วนคอ
เฝือกคอ	เฝือกดามคอ
เนคไท	ไท้
เครื่องสวมคอ	เครื่องแต่งกายที่สวมคอ
เครื่องตรวจเมฆ	เนโฟสโคป
ตาข่าย	เน็ต
ตาข่าย	ประตูตาข่าย
เครือข่ายไฟฟ้า	เน็ตเวิร์ค
เครือข่าย	เน็ตเวิร์ค
กระดาษหนังสือพิมพ์	หนังสือพิมพ์
ชุดนอน	ชุดใส่นอน
ก๊าซหัวเราะ	แก๊สหัวเราะ
หน่วยความจำประเภทหน่วยเก็บลบเลือนไม่ได้	หน่วยความจำไม่ลบเลือน
ล้อรับหัว	ล้อเครื่องบิน	โนสวิล
คอมพิวเตอร์โน้ตบุ๊ค	โน้ตบุ๊ค
นวนิยาย	นิยาย	หนังสือนวนิยาย	หนังสือนิยาย
หัวฉีด	หัวน้ำ
เครื่องปฏิกรณ์นิวเคลียร์	เตาปฏิกรณ์ปรมาณู
นิวเคลียร์	อาวุธนิวเคลียร์
ภาพนู้ด	ภาพวาดเปลือย	ภาพเปลือย
รูปปั้นนู้ด	รูปปั้นเปลือย
ห้องทารกแรกเกิด	ห้องเนสเซอรี่
ผ้าไนลอน	ไนลอน
พาย	ไม้พาย
เลนส์กล้อง	เลนส์ใกล้วัตถุ
ปี่ลิ้นคู่	ปี่โอโบ
สิ่งกีดขวาง	อุปสรรค	เครื่องกีดขวาง
ฟลุตแบบกลม	โอคารีนา
เครื่องวัดดาว	เครื่องวัดองศาดาว
เครื่องวัดระยะทาง	โอโดมิเตอร์
สนง.	สำนักงาน	ออฟฟิส
ตึกสำนักงาน	ตึกออฟฟิศ	อาคารสำนักงาน
ภาพจิตรกรรมสีน้ำมัน	ภาพวาดสีน้ำมัน	ภาพสีน้ำมัน	ภาพเขียนสีน้ำมัน
เสื้อกันฝน	เสื้อคลุมกันฝน
เรือน้ำมัน	เรือบรรทุกน้ำมัน
ขี้ผึ้งทารักษาแผล	บาล์ม	ยาขี้ผึ้ง	ยาหม่อง
ศิลปะลวงตา	ศิลปะออปอาร์ต	ออปอาร์ต
โรงละครโอเปร่า	โรงอุปรากร	โรงโอเปร่า	โอเปร่าเฮาส์
ใยแก้ว	ใยแก้วนำแสง
หลุมวงดุริยางค์	หลุมสำหรับวงออร์เคสตร้า
ฟิล์มออร์โธ	ฟิล์มออโธโครเมติก	ฟิล์มแดง
ยานกระพือปีก	ออร์นิทอปเตอร์
เบาะรอง	เบาะรองนั่ง
อุปกรณ์ส่งออกข้อมูล	อุปกรณ์เอาต์พุต
ศิลปะแบบดั้งเดิม	ศิลปะไร้มายา
เตา	เตาอบ
ชุดสวมทับ	เสื้อสวมทับ
แอก	แอกวัว
ยาออกซิโทซิก	ยาเร่งคลอด
ฟาร์มหอยนางรม	สถานที่เพาะเลี้ยงหอยนางรม
บรรจุภัณฑ์	วัสดุบรรจุภัณฑ์
ตลับชาด	แผงหมึก
สถูป	สถูปเจดีย์	เจดีย์
จิตรกรรม	ภาพจิตรกรรม	ภาพวาด	ภาพเขียน	รูปภาพ	รูปวาด
ผ้าตราสัง	ผ้ามัดตราสัง	ผ้าห่อศพ
ภาพพาโนรามา	ภาพมุมกว้าง
ขลุ่ยแถว	ขลุ่ยแพนไพป์	แพนไพป์
ปกอ่อน	สมุดปกอ่อน	หนังสือปกอ่อน
คลิปหนีบกระดาษ	ลวดหนีบกระดาษ
ที่ตัดกระดาษ	อุปกรณ์ตัดกระดาษ	เครื่องตัดกระดาษ
โรงงานกระดาษ	โรงงานผลิตกระดาษ
เสื้อกันหนาวมีหมวก	เสื้อคลุมมีหมวก	เสื้อแจ็กเก็ตมีหมวก
ม้านั่งสาธารณะ	เก้าอี้สาธารณะ
ส่วน	ส่วนประกอบ
เรือบรรทุกผู้โดยสาร	เรือโดยสาร
กุญแจหลัก	มาสเตอร์คีย์
สายแพตช์คอร์ด	แพตช์คอร์ด
ทางเท้า	บาทวิถี	ฟุตบาท
ชาน	ระเบียง
ไม้กางเขนพระราชาคณะระดับแพตริอาร์ค	ไม้กางเขนแห่งพระสังฆบิดร
เบี้ย	เบี้ยหมากรุก
สถานธนานุบาล	สถานธนานุเคราะห์	โรงจำนำ	โรงตึ๊ง	โรงรับจำนำ
ตู้โทรศัพท์	โทรศัพท์ตู้	โทรศัพท์หยอดเหรียญ
พระที่นั่งนกยูง	ราชบัลลังก์นกยูง
ฐาน	เชิง
หน้าจั่ว	หน้าจั่วนาฬิกา
ช่องแอบดู	ตาแมว	รูถ้ำมอง
หมุด	เป็ก
คอก	คอกสัตว์	เล้า
ภาพวาดปากกา	ภาพวาดปากกาหมึกซึม
กล่องดินสอ	กล่องใส่ดินสอ
กบเหลาดินสอ	ที่เหลาดินสอ
ลูกตุ้มเพนดูลัม	เพนดูลัม
นาฬิกาลูกตุ้ม	นาฬิกาเพนดูลัม
ยาเพนิซิลิน	เพนิซิลิน
ทอลวิน	ยาทอลวิน	ยาเพนตาโซซีน	เพนตาโซซีน
ยาเพนท็อกซิฟิลลีน	เพนท็อกซิฟิลลีน
กระปุกบดพริกไทย	เครื่องบดพริกไทย
เครื่องต้มและกรองกาแฟ	เพอร์โคเลเตอร์
เครื่องตี	เครื่องเคาะจังหวะ
ของหอม	น้ำหอม	เครื่องหอม
คอมพิวเตอร์ส่วนบุคคล	พีซี	ไมโครคอมพิวเตอร์
สาก	ไม้ตีพริก
คอบัว	ปกคอบัว	ปกบัว
ยาไพริเดียม	ไพริเดียม
บูตาโซลิดิน	ยาบูตาโซลิดิน	ยาเฟนนีลบูตาโซน	เฟนนีลบูตาโซน
ขวดยา	หลอดยาสำเ็ร็จรูป
โฟโตอิเล็กทริกเซลล์	โฟโตเซลล์
ภาพ	ภาพถ่าย	รูป	รูปถ่าย
อุปกรณ์กล้องถ่ายรูป	อุปกรณ์ถ่ายภาพ	อุปกรณ์สำหรับถ่ายภาพ
กระดาษอัดภาพ	กระดาษอัดรูป
มาตรแสง	เครื่องวัดความเข้มของแสง
เปียนโน	เปียโน
คีย์บอร์ด	คีย์บอร์ดเปียโน
ที่ดีด	ที่ดีดสาย
กระบะ	ปิกอัพ	รถกระบะ	รถปิกอัพ
สมุดภาพ	หนังสือภาพ
ชิ้น	ชิ้นส่วน
ท่าเทียบเรือ	ท่าเรือ
ปีเอตา	ภาพปีเอตา
ฟาร์มหมู	ฟาร์มเลี้ยงหมู
กระปุกออมสิน	หมูออมสิน
ยาคุม	ยาคุมกำเนิด
ขื่อคา	ขื่อสวมนักโทษ
ธง	ธงกอล์ฟ	เสาธงกอล์ฟ
คีม	คีมปากนกแก้ว	แหนบ
หัวเข็ม	หัวเข็มหมุด
กังหัน	กังหันลม
ท่อ	ท่อส่ง
กล้องยาสูบ	ไปป์
เรือสลัด	เรือโจรสลัด
สามง่าม	ส้อม
หน้าต่างชนิดบานพลิก	หน้าต่างบานพลิก
จุดสี	พิคเซล
ร้านขายพิซซ่า	ร้านพิซซ่า
สถานที่ประกอบธุรกิจ	สถานประกอบการ	สถานประกอบการธุรกิจ	สถานประกอบธุรกิจ
วิหารศักดิ์สิทธิ์	สถานที่ศักดิ์สิทธิ์	สถานที่สักการะ
เหรียญตัวเปล่า	เหรียญโลหะตัวเปล่า
กระดานแพลนแช็ต	แพลนแช็ต
กบ	กบไสไม้
กบไฟฟ้า	กบไสไม้ไฟฟ้า
โรงงาน	โรงงานอุตสาหกรรม
พลาสเตอร์	พลาสเตอร์ปิดแผล	พลาสเตอร์ปิืดแผล
ของเด็กเล่น	ของเล่น	ของเล่นเด็ก	เครื่องเล่นเด็ก
ศูนย์การค้า	ห้างสรรพสินค้า	แหล่งช็อปปิ้ง
กล่องลม	กล่องอากาศ
ปลั๊ก	ปลั๊กตัวผู้
ขน	ขนนกประดับ
ยางรถสูบลม	ยางสูบลม
หนังสือปกอ่อน	หนังสือพ็อกเก็ตบุ๊ค
มีดพก	มีดพับ
ปลาย	ปลายแหลม
เครื่องโพลาริมิเตอร์	โพลาริมิเตอร์
ฟิล์มโพลารอยด์	โพลารอยด์
สถานีตำรวจ	สน.	สภ.อ.	โรงพัก
รถบรรทุกนักโทษ	รถบรรทุกนักโ่ทษ	รถเรือนจำ
คูหา	คูหาลงคะแนนเสียง
ผ้าโพลีเอสเตอร์	เส้นใยสังเคราะห์
ม้าหมุน	ม้าหู
สระ	สระน้ำ
โต๊ะบิลเลียด	โต๊ะพูล	โต๊ะสนุกเกอร์
กล่องบริจาค	กล่องรับบริจาค
คอมพิวเตอร์กระเป๋าหิ้ว	คอมพิวเตอร์พกพา
ตู้จดหมาย	ตู้ไปรษณีย์
กระโถนหัดฉี่	กระโถนเด็ก
พลาสเตอร์ยา	ยาพอก
กรงสุนัข	กรงหมา	คอกสุนัข	คอกหมา
สายไฟฟ้าแรงสูง	สายไฟแรงสูง
เลื่อยยนต์	เลื่อยไฟฟ้า
เครื่องขุด	เครื่องขุดเจาะ
โรงผลิตกระแสไฟฟ้า	โรงไฟฟ้า
พวงมาลัยเพาเวอร์	ระบบพวงมาลัยเสริมกำลัง
พรมปูละหมาด	อาสนะ
เกจวัดความดัน	เครื่องวัดความดัน
ปรินเตอร์	เครื่องพิมพ์
ปริ้นเตอร์	เครื่องปริ้นต์	เครื่องพิมพ์คอมพิวเตอร์
สายต่อปริ้นเตอร์	สายปริ้นเตอร์	สายเครื่องพิมพ์
ทัณฑสถาน	รจ.	สถานที่คุมขังนักโทษ	เรือนจำ
ผลผลิต	ผลิตภัณฑ์	โปรดักต์
การบวนการผลิตผ่านสายพาน	สายการผลิต
เครื่องโปรเจคเตอร์	โปรเจคเตอร์
ยาโพรพ็อกซีฟีน	ยาโพรพ็อกซีฟีนไฮโดรคลอไรด์	โพรพ็อกซีฟีน	โพรพ็อกซีฟีนไฮโดรคลอไรด์
ที่ป้องกัน	สิ่งป้องกัน
ไม้โปร	ไม้โปรแทรคเตอร์
เลื่อยตัดกิ่ง	เลื่อยตัดกิ่งไม้
ผับ	ร้านเหล้า
ส้วม	ส้วมสาธารณะ	ห้องน้ำสาธารณะ
พาหนะขนส่งสาธารณะ	ยานพาหนะขนส่งสาธารณะ	รถโดยสารสาธารณะ
มู่เล่	รอก	รอกขนาดใหญ่
ปั๊ม	เครื่องปั๊ม
กระสอบทราย	กระสอบทรายซ้อมมวย	พันชิ่งบอล
ยาถ่าย	ยาระบาย
สายรูดกระเป๋า	หูรูด
ปุ่ม	ปุ่มกด	ปุ่มเปิด-ปิด
พัตเตอร์	ไม้พัตต์
มีดโป๊วสี	เกรียงโป๊วสี
เกมปริศนา	เกมส์ปริศนา
ปิระมิด	พีระมิด	พีระมิดแห่งอียิปต์
ช่องว่าง	เว้นวรรค
ปากกาขนนก	ปากไก่
อาร์-2	เม็กซิกันแวเลี่ยม	โรช
สนามความเร็ว	สนามแข่งรถ	เรซซิ่งเซอร์กิต
แร็กเก็ต	ไม้แร็กเก็ต
ฝาหม้อน้ำ	ฝาหม้อน้ำรถยนต์
ระบบไวร์เลส	ไวร์เลส
ภาพรังสี	เรดิโอกราฟ
วิทยุ	วิทยุสื่อสาร	เครื่องรับวิทยุ	เครื่องวิทยุ
สถานีวิทยุ	สถานีวิทยุกระจายเสียง
วิทยุโทรเลข	เครื่องวิทยุโทรเลข
โทรศัพท์วิทยุ	โทรศัพท์่ไร้สาย
กล้องส่องทางไกลวิทยุ	กล้องโทรทรรศน์วิทยุ
คาน	คานค้ำหลังคา
ผ้าขี้ริ้ว	เศษผ้า
ราว	ไม้แนวขวาง
ทางรถไฟ	ระบบทางรถไฟ	รางรถไฟ
ชุดกันฝน	เสื้อฝน
มาตรวัดน้ำฝน	เครื่องวัดปริมาณน้ำฝน
กำแพง	ป้อมปราการ
หน่วยความจำชั่วคราว	หน่วยความจำเข้าถึงโดยสุ่ม	แรม
หลักขาวแดง	หลักธง
ผ้าเรยอง	ไหมสังเคราะห์
พระกรรบิด	มีดโกน
รอม	หน่วยความจำอ่านอย่างเดียว
หัวบันทึก	หัวอ่าน
ระบบรับสัญญาณ	รีซีฟเวอร์	เครื่องรับ	เครื่องรับสัญญาณ
อุปกรณ์บันทึก	เครื่องบันทึก
ห้องบันทึกเสียง	ห้องอัด
ห้องนั่งเล่น	ห้องสันทนาการ
ลิ้น	ลิ้นเครื่องลม
ผลิตภัณฑ์ชนิดรีฟิล	ผลิตภัณฑ์ชนิดเต็ม
กล้องโทรทรรศน์ชนิดสะท้อน	กล้องโทรทรรศน์สะท้อนแสง
มาตรดรรชนีหักเห	มาตรดัชนีหักเห
บังเหียน	สายบังเหียน
รีโมท	รีโมทคอนโทรล
ระเบิดรีโมต	ระเบิดรีโมตคอนโทล
ภาพแทน	รูปแทน
อุปกรณ์กู้ภัย	อุปกรณ์ช่วยชีวิต
ศูนย์วิจัย	หน่วยงานวิจัย
อ่างกักเก็บน้ำ	อ่างเก็บน้ำ
รีสอร์ต	สปารีสอร์ต
ร้านอาหาร	สถานที่ขายอาหาร
รีแทรกเตอร์	เครื่องมือรีแทรกเตอร์
ปืนรีวอลเวอร์	ปืนลูกโม่
อุปกรณ์ควบคุมกระแสไฟฟ้า	เครื่องลดกระแสไฟฟ้า
ปืนไรเฟิล	ไรเฟิล
กระสุนปืนไรเฟิล	กระสุนไรเฟิล
ห่วง	ห่วงบาสเกตบอล
ธำมรงค์	พระธำมรงค์	แหวน
ลานสเกต	ลานสเก็ต
เรือล่องแม่น้ำ	เรือแม่น้ำ
ถ.	ถนน	ถนนรนแคม	ถนนหนทาง	เส้นทาง
กระเดื่องขั้วเชื่อม	แขนโยก
จรวด	ร็อกเก็ต
ม้าโยก	เก้าอี้โยก
แท่งไม้	ไม้ยาว
ภาพเรินต์เกน	ภาพเอกซ์เรย์
รถไฟเหาะ	รถไฟเหาะตีลังกา	โรเลอร์โคสเตอร์
ลูกกลิ้ง	โรลออน
รูม	ห้อง	ห้องหับ
สายเชือก	เชือก	เส้นเชือก
สวนกุหลาบ	สวนดอกกุหลาบ
ตัวหมุน	โรเตอร์
ตลัีบแป้ง	แป้งตลับ
อู่ซ่อมรถไฟ	อู่รถไฟ
โต๊ะกลม	โต๊ะกลมของพระเจ้าอาร์เธอร์
ทาวน์เฮาส์	ห้องแถว
กระสุนปลอม	กระสุนยาง
ยางลบ	ยางลบดินสอ
พรม	ลาดพระบาท
ลูกรักบี้	ลูกหนำเลี้ยบ
ซากปรักหักพัง	ซากอาคาร
ห้องสันทนาการ	ห้องเล่นเกม
ชุดจ๊อกกิ้ง	ชุดวิ่ง
อาน	อานม้า
อานผ้าห่ม	อานม้าแบบผ้าห่ม
ตู้นิรภัย	ตู้เซฟ	เซฟ
เข็มขัดนิรภัย	เซฟตี้เบลต์
ลิ้นนิรภัย	วาล์วระบายฉุกเฉิน
ผ้าใบเรือ	ใบเรือ
ร้านทำผม	ร้านเสริมสวย	ร้านแต่งผม
โรงทำเกลือ	โรงเกลือ
พิณชามิเซน	พิณซามิเซน
สถานบำรุงสุขภาพ	สถานีอนามัย
ผ้าอนามัย	โกเต๊ก
ผ้าซาติน	แพรต่วน
จานรอง	จานรองแก้ว
ห้องซาวน่า	ห้องอบไอร้อน
แซก	แซกโซโฟน
ตะแลงแกง	แท่นประหาร
เครื่องชั่ง	เครื่องชั่งน้ำหนัก
สแกนเนอร์	เครื่องสแกน	เครื่องสแกนภาพ
ร.ร.	รร.	อาคารเรียน	โรงเรียน
อุปกรณ์ทางวิทยาศาสตร์	อุปกรณ์วิทยาศาสตร์
สก็อตไบรต์	แผ่นใยขัด	แผ่นใยขัดทำความสะอาด
ที่เกา	ไม้เกา
การปกปิด	สิ่งปกคลุม
จอซีอาร์ที	จอภาพซีอาร์ที	จอภาพแบบซีอาร์ที
เหล็กขีด	เหล็กขีึด
ตราประทับ	ที่ปั๊ม
เครื่องบินทะเล	เครื่องบินน้ำ
ซีตเบลต์	เข็มขัดนิรภัย
หมอนรองนั่ง	เบาะรองนั่ง
เส้นทางทะเล	เส้นทางเดินเรือ
ยาเซโกบาร์บิทอล	ยาเซโกบาร์บิทอลโซเดียม	เซโกบาร์บิทอล	เซโกบาร์บิทอลโซเดียม
ระบบรักษาความปลอดภัย	อุปกรณ์เตือนภัย
รถซีดาน	รถเก๋ง
ภาพกึ่งนามธรรม	ภาพศิลปะกึ่งนามธรรม
มาตรความไวแสง	เครื่องเซนซิโตมิเตอร์	เซนซิโตมิเตอร์
เซิร์ฟเวอร์	แม่ข่าย
ปั๊มน้ำมัน	สถานีบริการน้ำมัน
จานเสิร์ฟอาหาร	จานใส่อาหาร
จักรเย็บผ้า	เครื่องเย็บผ้า
กล้องเซ็กซ์แทนต์	เครื่องวัดมุมแนวนอน	เซ็กซ์แทนต์
ก้าน	ลำ	แท่ง
ครีมโกนหนวด	สบู่โกนหนวด
ชั้น	ชั้นวางของ
กรอบ	ปลอก	เปลือก
ที่พักชั่วคราว	ที่พักพิงชั่วคราว
โล่	โล่กลม
ทางเรือ	เส้นทางเรือ
เรือพาณิชย์	เรือสินค้า
อู่ต่อเรือ	อู่เรือ
ฉลองพระบาท	รองบาท	รองพระบาท	รองเท้า	เกือก
กล่องรองเท้า	กล่องใส่รองเท้า
ร้านขายรองเท้า	ร้านรองเท้า
แตรโชฟาร์	โชฟาร์
ร้าน	ร้านค้า
ถนนทางลัด	ทางลัด	เส้นทางลัด
กางเกงขาสั้น	ขาสั้น
จอก	จอกจิ๊กเกอร์
ฝักบัว	ฝักบัวอาบน้ำ
ฝักบัว	ฝักบัวอาบน้ำ
เรือจับกุ้ง	เรือหากุ้ง
ศาล	ศาลเจ้า
ลูกขนไก่	ลูกแบด	ลูกแบดมินตัน
กระโจม	กระโจมอินเดียแดง
ถุงอาเจียน	ถุงอ้วก
เตียงคนไข้	เตียงผู้ป่วย
ห้องคนไข้	ห้องผู้ป่วย
รถพ่วงข้าง	ไซด์คาร์
ประตูด้านข้าง	ประูตูด้านข้าง
ผนังยาง	ผนังยางรถ
ที่เล็ง	ศูนย์เล็ง
ป้าย	แผ่นป้ายโฆษณา
ตราประทับลายเซ็น	ที่ปั๊มลายเซ็น
แหวนตรา	แหวนประทับตรา
กระบอกเก็บเสียง	ไซเรนเซอร์
เครื่องเป่าลิ้นเดี่ยว	เครื่องเป่าไม้ลิ้นเดี่ยว
ซิงค์	อ่างล้างมือ
หก	หกแต้ม
ภาพร่าง	ภาพสเก็ตช์
ดินสอสเก็ตภาพ	อุปกรณ์สเก็ตภาพ
เหล็กเสียบ	ไม้เสียบ
รองเท้าบูทสกี	รองเท้าสกี
หมวกสกี	หมวกไหมพรม
สกายไลท์	หลังคากระจก
บล็อกแผ่น	แผ่น
ตลาดค้าทาส	ตลาดทาส
มีดสไลซ์	สไลเซอร์
ภาพสไลด์	สไลด์
กระดานลื่น	สไลเดอร์
สไลด์โปรเจคเตอร์	เครื่องฉายสไลด์
ประตูบานสไลด์	ประตูบานเลื่อน	ประตูสไลด์	ประตูเลื่อน
หน้าต่างบานเลื่อน	หน้าต่างสไลด์
สล็อตแมชชีน	เครื่องสล็อต	เสือหิว	โจรแขนเดียว
ตู้หยอดเหรียญ	สล็อตแมชชีน	เครื่องสล็อตแมชชีน	เครื่องหยอดเหรียญ
ช่องทางซ้าย	เลนซ้าย
ระเบิดนำวิถี	ระเบิดอัจฉริยะ	สมาร์ทบอมบ์
ร้านของกินเล่น	ร้านขายอาหารว่าง
บังเหียน	เหล็กปากอ่อน
กลองสแนร์	สแนร์
บอลหิมะ	ลูกบอลหิมะ	สโนว์บอล
กระดานเล่นหิมะ	สโนว์บอร์ด
ขวดกดสบู่เหลว	ขวดสบู่เหลว
ผงซักฟอก	แฟ้บ
ลูกฟุตบอล	ลูกหนัง
ถุงพระบาท	ถุงเท้า
ยาโซเดียมซาลิไซเลท	โซเดียมซาลิไซเลท
ฟีโนบาร์บิทอล	ฟีโนบาร์บิโทน	ยาฟีโนบาร์บิทอล	ยาฟีโนบาร์บิโทน	ยาโซเดียมไทโอเพนทอล	โซเดียมไทโอเพนทอล
เก้าอี้นวมยาว	เก้าอี้โซฟา	โซฟา
แบตเตอร์รี่พลังงานแสงอาทิตย์	แผ่นโซล่า
ระบบอุณหภาพรังสีอาทิตย์	ระบบเครื่องทำความร้อนพลังงานแสงอาทิตย์
เครื่องหยั่งความลึกน้ำ	เครื่องหยั่งน้ำแบบสัญญาณสะท้อนกลับ	เครื่องหยั่งน้ำแบบเสียงสะท้อน
กล่องเสียง	ตัว	ลำตัว
ซูร์ดีน	ที่ซับเสียง
คานเว้นวรรค	สเปซบาร์
ยานแคปซูล	แคปซูล
ยานอวกาศ	สเปซคราฟต์	เครื่องบินอวกาศ
โพดำ	ไพ่โพดำ
ผ้าสแปนแด็กซ์	สแปนแด็กซ์
ชิ้นส่วนอะไหล่	อะไหล่
ทวน	หอก
ฉลองพระเนตร	แว่น	แว่นตา
สเปกโทรกราฟ	สเปกโทรแกรม
สเปกโตรสโคป	เครื่องวิเคราะห์แสง
สเป็กคูลั่ม	เครื่องถ่างตรวจ
มาตรวัดความเร็ว	มาตรอัตราความเร็ว
ถนนความเร็วสูง	สปีดเวย์
ธนาคารสเปิร์ม	ธนาคารอสุจิ
มาตรความดันเลือด	เครื่องบันทึกความดันโลหิต
หยากไย่	ใยแมงมุม
ส้นเข็ม	ส้นแหลม
ทางน้ำล้น	ทางระบายน้ำล้น
เครื่องปั่นครีม	เครื่องปั่นผ้าแห้ง
สปริงก้นหอย	สปริงลาน
มาตรอากาศหายใจ	สไปโรมิเตอร์	เครื่องสไปโรมิเตอร์
เหล็กเสียบเนื้อย่าง	ไม้เสียบเนื้อย่าง
ฉลองพระหัตถ์ช้อน	ช้อน	ช้อนตัก
รถสปอร์ต	สปอร์ตคาร์
อุปกรณ์กีฬา	เครื่องกีฬา
อุปกรณ์กีฬา	เครื่องกีฬา
ชุดกีฬา	เสื้อผ้ากีฬา
กระดานกระโดด	กระดานสปริง	สปริงบอร์ด
สปริงเกลอร์	สปริงเกอร์	เครื่องพ่นน้ำ
ระบบสปริงเกลอร์	ระบบสปริงเกอร์
ล้อฟันเฟือง	เฟือง
ดาวเทียมสปุตนิก	สปุตนิก
ดาวเทียมจารกรรม	ดาวเทียมสายลับ	ดาวเทียมสืบราชการลับ
คอก	คอกม้า
สนามกีฬา	สเตเดียม
ทางขึ้นบันได	ทางบันได	บันได
บููทขายสินค้า	แผงขายสินค้า	แผงลอย
ที่เย็บกระดาษ	แม็ก	แม็กเย็บกระดาษ
ที่ยิงแม็กซ์	แม็กซ์ยิง
ยานท่องอวกาศ	ยานสตาร์ชิป	ยานสเปซชิป
แท่นสตาร์ท	แท่นออกตัว
รัฐสภา	สภานิติบัญญัติ	อาคารรัฐสภา
สถานี	สเตชั่น
ปฏิมากรรม	รูปปั้น
อนุสาวรีย์เทพีเสรีภาพ	เทพีเสรีภาพ
มีดสเต็ก	มีดหั่นสเต็ก
เรือกลไฟ	เรือเครื่องจักรไอน้ำ
ท่อส่งไอน้ำ	ท่อไอน้ำ
โรงงานอุตสาหกรรมเหล็ก	โรงงานเหล็ก
ศิลาจารึก	แผ่นศิลา	แผ่นหิน	แผ่นหินจารึก
แท่งไม้	ไม้
เข็มกลัดติดเน็คไท	เข็มกลัดเน็คไท
ที่คน	ที่ใช้คน
สินค้าคงคลัง	สินค้าในสต็อก
ตลาดซื้อขายหุ้น	ตลาดหุ้น
ภาชนะที่ทำจากหิน	ภาชนะหิน
พลังงานสำรอง	แบตเตอรี่สำรอง
คลังพัสดุ	คลังเก็บสินค้า
เตา	เตาประกอบอาหาร	เตาหุงต้ม
หลอด	หลอดดูด
รถจักรไอน้ำ	รถไฟไอน้ำ
รถราง	รถรางไฟฟ้า
สายขึง	เชือกขึง
เครื่องดนตรีประเภทเครื่องสาย	เครื่องสาย
สิ่งที่เป็นแถบ	แถบ
ส่วนของโครงสร้าง	องค์ประกอบของโครงสร้าง
สิ่งก่อสร้าง	โครงสร้าง
เครื่องประดับกลม	เครื่องประดับทรงกลม
ตึกกิจกรรม	ตึกกิจกรรมนักศึกษา
คอกหมู	เล้าหมู
เรือดำน้ำ	เรือดำน้ำตอร์ปิโด
สถานีย่อย	สถานีไฟฟ้าย่อย
รถไฟฟ้ามหานคร	รถไฟฟ้าใต้ดิน	รถไฟใต้ดิน
ชุดสูท	สูท	เสื้อนอก
ห้องชุด	ห้องสูท
ซัลฟา	ยาซัลฟา	ยาซัลโฟนาไมด์
สังเวียนซูโม่	เวทีซูโม่
ชุดวันอาทิตย์	ชุดไปโบสถ์
แว่นรวมแสง	แว่นรวมแสงแดด
ซันกลาส	แว่นกันแดด	แว่นดำ	แว่นตากันแดด	แว่นตาดำ
สวนชุ่มน้ำ	สวนไม้ชุ่มน้ำ
ที่บังแดดหน้ารถ	บังแดดหน้ารถ
ที่รองรับน้ำหนัก	ที่รับน้ำหนัก	อุปกรณ์รองรับน้ำหนัก	อุปกรณ์รับน้ำหนัก
ตัวค้ำจุน	สิ่งค้ำจุน
กระดานโต้คลื่น	เสิร์ฟบอร์ด
เครื่องมือผ่าตัด	เครื่องมือศัลยกรรม
ตะเข็บ	รอยต่อ	แนวต่อ
ไม้ถูพื้น	ไม้ม็อบ
ผ้าห่อตัวทารก	ผ้าห่อตัวเด็ก
ที่ตีแมลงวัน	ไม้ตีแมลงวัน
สเวตเตอร์	เสื้อสเวตเตอร์
สระ	สระว่ายน้ำ	สระแข่งขันว่ายน้ำ
สวิตช์	สวิตช์ไฟฟ้า
กระบี่	ดาบ	พระขรรค์
เครื่องซินธีไซเซอร์	เครื่องสังเคราะห์เสียง
เข็มฉีดยา	ไซริง
ซิสเต็ม	ระบบ
โต๊ะปิงปอง	โต๊ะเทเบิลเทนนิส
ไม้ตีปิงปอง	ไม้ปิงปอง	ไม้เทเบิลเทนนิส
ชุดภาชนะรับประทานอาหาร	เครื่องรับประทานอาหาร
แทงก์	แทงค์
รถถัง	แทงก์
เทป	เทปบันทึก
ตลับเมตร	สายวัด	เทปวัด
เครื่องบันทึกเทป	เครื่องเล่นเทป
ผืนพรมทอประดับผนัง	พรมแขวนผนัง
ไม้กางเขนนักบุญแอนโทนี	ไม้กางเขนแบบเทา
ร้านขายเครื่องดื่มแอลกอฮอล์	ร้านเหล้า
มิเตอร์	มิเตอร์แท็กซี่
ถุงชา	ถุงใส่ใบชา
สวนชา	ไร่ชา
กา	กาน้ำ	กาน้ำชา
ที	ทีตั้งลูก	ที่วางลูกกอล์ฟ	หมุดวางลูกกอล์ฟ
ที	ทีวางลูก	ที่วางลูก
เครื่องรับส่งโทรเลข	เครื่องโทรเลข
เครื่องโทรศัพท์	โทรศัพท์
เสาโทรศัพท์	เสาโทรเลข
ภาพถ่ายระยะไกล	ภาพระยะไกล	โทรภาพ
เลนส์ขยาย	เลนส์ขยายภาพ	เลนส์ซูม	เลนส์ซูมภาพ	เลนส์ถ่ายภาพระยะไกล	เลนส์ถ่ายระยะไกล
กล้องทีวี	กล้องโทรทัศน์
มอนิเตอร์ทีวี	มอนิเตอร์โทรทัศน์	มอนิเตอร์ในห้องส่ง
ทีวี	เครื่องโทรทัศน์	โทรทัศน์
ห้องดูทีวี	ห้องดูโทรทัศน์
วัด	วัดวา	วัดวาอาราม	อาราม
เรือข้ามฟาก	เรือเล็ก
ลูกสักหลาด	ลูกเทนนิส
คอร์ตเทนนิส	สนามเทนนิส
แร็กเก็ตเทนนิส	ไม้เทนนิส
กระโจม	เต็นท์
ไม้แขวน	ไม้แขวนเสื้อ
ผ้าคลุมเต็นท์	ผ้าปิดหน้าเต็นท์
ชานชาลา	ท่ารถ	สถานีรถประจำทาง
ยาอะโครไมซิน	ยาเตตราคาไซลีน	เตตราคาไซคลีน
เครื่องจักรทอผ้า	เครื่องจักรสิ่งทอ	เครื่องจักรอุตสาหกรรมสิ่งทอ
โรงงานสิ่งทอ	โรงงานอุตสาหกรรมสิ่งทอ
หลังคามุงจาก	หลังคามุงฟาง
สถานที่แสดงละคร	เธียเตอร์	โรงมหรสพ	โรงละคร
ม่านเวที	ม่านโรงละคร
ของ	สิ่ง
ยาเพนโททอล	ยาไทโอเพนทอล	ยาไทโอเพนทอลโซเดียม	เพนโททอล	ไทโอเพนทอล	ไทโอเพนทอลโซเดียม
ถนนสาธารณะ	ทางสาธารณะ
ด้าย	เส้นด้าย
ยาละลายลิ่มเลือด	ยาสลายลิ่มเลือด
นิ้วหัวแม่มือ	นิ้วโป้ง
รูค้ำ	รูนิ้วค้ำ
เชือกผูก	เชือกมัดของ
ไม้หมอน	ไม้หมอนรถไฟ
ที่หนีบเน็คไท	ไทคลิป
คัตเตอร์ตัดกระเบื้อง	ที่ตัดกระเบื้อง
ระเบิดตั้งเวลา	ระเบิดเวลา
เครื่องข้ามกาลเวลา	ไทม์แมชชีน
ทิงเจอร์	ยาทิงเจอร์
ง่าม	ซี่
ยาง	ยางรถ
ทางสามแยก	สามแยก
ยาสูบ	ใบยาสูบ
ร้านขายบุหรี่และยาเส้น	ร้านบุหรี่
ทอกเกิลสวิตซ์	สวิตช์เปิด-ปิด
สุขา	ส้วม	ห้องน้ำ	ห้องพระบังคน	ห้องสุขา	ห้องส้วม
แป้ง	แป้งทาตัว
ที่นั่งชักโครก	ที่นั่งโถส้วม	ฝารองนั่ง
สบู่	สบู่อาบน้ำ
เครื่องโทคาแมค	โทคาแมค
ด่านเก็บเงินทางด่วน	ตู้เก็บค่าผ่านทาง
ไม้กระดกกั้นทาง	ไม้กั้นทาง	ไม้แขนกั้นทาง
ที่กดลิ้น	เหล็กกดลิ้น
ทูล	เครื่องมือ
ฟัน	เขี้ยว
ที่ปิด	ฝาปิด
หมวกพ่อครัว	หมวกเชฟ
คบเพลิง	คบไฟ
รูปสลักบนเสา	โทเทม
ราวตากผ้าเช็ดตัว	ราวแขวนผ้าเช็ดตัว
ทาวเวอร์	หอคอย
บาเบล	หอคอยบาเบล
รถยก	รถลาก
ของเล่น	ทอย
ร้านของเล่น	ร้านขายของเล่น
รถแทรกเตอร์	แทรกเตอร์
ถนนรอบเกาะ	วงเวียน
ช่องทางจราจร	ช่องทางเดินรถ
รถพ่วง	รถเทรเลอร์	เทรเลอร์
รถเทรเลอร์	เทรเลอร์
ม้าเหล็ก	รถไฟ
ตะขอเตาผิง	ตะขอเตาผิงไฟ
กระเช้า	กระเช้าไฟฟ้า
ยากล่อมประสาท	ยาระงับประสาท
ระบบส่งกำลัง	ระบบเกียร์
ทรานสมิตเตอร์	เครื่องส่ง	เครื่องส่งสัญญาณ
ระบบขนส่ง	ระบบคมนาคม
รถบรรทุกรถเก๋ง	รถเทรเลอร์บรรทุกรถเก๋ง
ชิงช้า	ชิงช้ากายกรรม	ชิงช้าสูง
ถาด	ถาดรอง
คลังสมบัติ	คลังเก็บสมบัติ
ระแนงไม้	ไม้ระแนง
เครื่องเจาะกะโหลกศีรษะ	เ้ครื่องเจาะกะโหลกศีรษะ
ไม้ฉากสามเหลี่ยม	ไม้สามเหลี่ยม
จักรยานสามล้อ	สามล้อ
ตรีศูลย์	สามง่าม
ขาตั้ง	สามขา
รถม้าทรอยก้า	รถม้าลากเลื่อน
ทรูปชิป	เรือกำลังพล	เรือขนส่งกำลังพล	เรือบรรทุกกำลังพล
กางเกง	พระสนับเพลา
ปั๊มรถบรรทุก	สถานีบริการน้ำมันรถบรรทุก
กระบองตำรวจ	ตะบองของตำรวจ	ไม้กระบองตำรวจ	ไม้ตะบองของตำรวจ
โครงทรัส	โครงเสาค้ำ
หลอดสุญญากาศ	หลอดสูญญากาศ
ผ้าโพกศีรษะ	ผ้าโพกหัว
เสื้อคอเต่า	เสื้อยืดคอเต่า
.22	ปืน.22
ชนิด	ประเภท
พิมพ์ดีด	เครื่องพิมพ์ดีด
กกน.	กางเกงชั้นใน	กางเกงใน
ชุดชั้นใน	อันเดอร์แวร์
ยูนิฟอร์ม	เครื่องแบบ
ธงยูเนียนแจ็ก	ธงสหภาพ
ม.	มหาวิทยาลัย	มอ	ยู	ยูนิเวอร์ซิตี้
มหาวิทยาลัยเพนซิลวาเนีย	มหาวิทยาลัยเพนซิลเวเนีย
มหาวิทยาลัยวิสคอนซิน	วิสคอนซิน
ที่นอนชั้นบน	ที่นอนชั้นบนของรถไฟ
ข้างบน	ชั้นบน
โถฉี่	โถปัสสาวะ
รถมือสอง	รถเซ็คกันแฮนด์	รถใช้แล้ว
อุปกรณ์ที่ให้อรรถประโยชน์	เครื่องอุปโภค
ลิ้น	วาล์ว
ลิ้น	วาล์ว
ยาขยายหลอดเลือด	สารขยายหลอดเลือด
วาติกัน	สำนักวาติกัน
หลังคาโค้ง	เพดานโค้ง
ม้ากระโดด	ม้ายาว
เครื่องจำหน่ายสินค้าอัตโนมัติ	เครื่องจำหน่ายสินค้าแบบหยอดเหรียญ
เวอร์เนีย	เวอร์เนียร์สเกล
พาหนะทางน้ำ	ยานพาหนะทางน้ำ
กั๊ก	เสื้อกั๊ก
ไวบราฮาร์ป	ไวบราโฟน	ไวเบส
ตลับวีดิทัศน์	ม้วนวิดีโอ
ดีวีดี	แผ่นดีวีดี
วิดีโอ	เครื่องบันทึกวิดีโอ
วิดีโอเทป	เทปบันทึกภาพ	เทปวิดีโอ
วิโอล่า	ไวโอลา
วิโอล่าดาแกมบ้า	เบสวิโอล
ซอ	ไวโอลิน
ลูกวอลเลย์	ลูกวอลเลย์บอล
สนามวอลเลย์	สนามวอลเลย์บอล
เครื่องวัดกระแสไฟฟ้า	โวลต์มิเตอร์
สระตื้น	สระน้ำสำหรับเด็ก
ล้อรถม้า	ล้อเกวียน
รองเท้าจ็อกกิ้ง	รองเท้าสำหรับเดินออกกำลังกาย
ผนัง	ฝา	ฝาผนัง
กระเป๋าสตางค์	กระเป๋าเงิน	กระเป๋าใส่ธนบัตร
คฑาวิเศษ	ไม้วิเศษ
คลังสินค้า	โกดัง	โกดังสินค้า
วอร์ชิป	เรือรบ
อ่าง	อ่างล้างหน้า
นาฬิกาพก	นาฬิกาพกพา
สายนาฬิกา	สายนาฬิกาข้อมือ	สายนาฬิืกา
สุขา	ห้องน้ำ
ภาพวาดสีน้ำ	ภาพสีน้ำ	รูปสีน้ำ
คูลเลอร์น้ำเย็น	ตู้น้ำเย็น
ทางน้ำ	เส้นทางน้ำ
ปั๊มน้ำ	เครื่องปั๊มน้ำ	เครื่องสูบน้ำ
ถุงหนังใส่น้ำ	ถุงหนังใ่ส่น้ำ
การประปา	สถานีประปา	สถานีสูบจ่ายน้ำ
มาตรกำลังไฟฟ้า	วัตต์มิเตอร์
ทาง	ทางคมนาคม	ทางสัญจร
อาวุธทำลายล้าง	อาวุธอานุภาพทำลายล้างสูง
สรรพาวุธ	อาวุธ	อาวุธยุทโธปกรณ์
แผนที่ลมฟ้าอากาศ	แผนภูมิลมฟ้าอากาศ
ดาวเทียมตรวจสภาพอากาศ	ดาวเทียมพยากรณ์อากาศ	ดาวเทียมอุตุนิยมวิทยา
ลูกศรชี้ทางลม	ลูกศรลม	ศรลม	เครื่องวัดทิศทางลม
ลายถักทอ	ลายทอผ้า
กล้องเว็บแคม	เว็บแคม
ภาพถ่ายงานแต่ง	ภาพถ่ายงานแต่งงาน	รูปถ่ายงานแต่ง	รูปถ่ายงานแต่งงาน
ชุดงานศพ	ชุดดำ	ชุดไปงานศพ	ชุดไว้ทุกข์
ชุดดำน้ำ	ชุดประดาน้ำ	ชุดมนุษย์กบ
รถเข็นผู้ป่วย	วีลแชร์	เก้าอี้รถเข็น
หมากขาว	หมากสีขาว
ทำเนียบขาว	ไวท์เฮาส์
ซ่อง	ซ่องโสเภณี	หอนางโลม	โคมเขียว
เครื่องจักสาน	เครื่องสาน
ระบบเครือข่ายระยะไกล	แวน
ผมปลอม	วิก	วิกผม
ที่ม้วนเก็บ	อุปกรณ์ม้วนเก็บ
ปุ่มไขลาน	ลานไข
เครื่องดนตรีประเภทเป่า	เครื่องเป่า
เครื่องกำเนิดไฟฟ้าพลังงานลม	เึครื่องกำเนิดไฟฟ้าพลังลม
พระบัญชร	หน้าต่าง
วินโดว์	หน้าต่าง
กรอบหน้าต่าง	วงกบหน้าต่าง
ขวดเหล้าองุ่น	ขวดไวน์
หมวกสมประสงค์	หมวกเวทมนต์
กระทะเหล็ก	กระทะเหล็กก้นโค้ง
เครื่องแต่งกายสตรี	เสื้อผ้าผู้หญิง	เสื้อผ้าสตรี
สิ่วแกะสลักไม้	สิ่วแกะไม้	สิ่วไม้
ของที่ทำด้วยไม้	เครื่องใช้ประเภทไม้
เครื่องลมไม้	เครื่องเป่าลมไม้
งานไม้	เครื่องไม้
งาน	ชิ้นงาน	ผลงาน
ของทางโลก	สินค้าทางโลก
โต๊ะช่าง	โต๊ะทำงานของช่าง
บอร์ดแสดงผลงาน	เวิร์กบอร์ด
ชุดทำงาน	ชุดใส่ทำงาน
ชิ้นงานที่อยู่ระหว่างการผลิต	ชิ้นงานที่อยู่ในกระบวนการ
ที่ทำงาน	สถานที่ทำงาน
สถานีงาน	เครื่องเวิร์กสเตชัน	เวิร์กสเตชัน
ตึกเวิล์ดเทรด	ตึกเวิล์ดเทรดเซ็นเตอร์
เวิล์ดไวด์เว็บ	เว็บ
วอร์มเกียร์	เกียร์ทด
พวงมาลา	พวงหรีด	หรีด
ริสต์แบนด์	สายรัดข้อมือ
อุปกรณ์การเขียน	อุปกรณ์ที่ใช้เขียน	เครื่องเขียน
เครื่องซีร็อกซ์	เครื่องถ่ายเอกสาร
ซีร็อกซ์	เอกสารซีร็อกซ์	เอกสารถ่ายสำเนา
มหาวิทยาลัยเยล	เยล
สนาม	สนามหญ้า
หมวกยามัลกา	หมวกยาร์มัลกา
ลูกดิ่ง	ลูกดิ่งโยโย่	โยโย่
กระโจมมองโกล	กระโจมมองโกเลีย	กระโจมเยิร์ต	เยิร์ต
จักรราศี	แผนภาพจักราศี
บันไดขึ้นลงเครื่องบิน	แรมป์
บุคลิกลักษณะ	ลักษณะ	ลักษณะของบุคลิก
บุคลิก	บุคลิกภาพ
บุคลิกลักษณะเฉพาะ	บุคลิกส่วนตัว
คาแร็กเตอร์	ลักษณะสำคัญ
จิตวิญญาณ	สปิริต
ความสันโดษ	ความโดดเดี่ยว
การไม่มีเพื่อน	ความไร้ญาติขาดมิตร
นิสัย	เลือด
การไม่แสดงความรู้สึก	การไม่แสดงอารมณ์	การไม่แสดงอารมณ์ความรู้สึก
ความเศร้า	ความโศกเศร้า
ทรงพลัง	พลัง
ความเฉื่อย	ความเฉื่อยเนือย
ความขี้เกียจ	ความเกียจคร้าน
ความอดกลั้น	ความอดทน
ความบึ้งตึง	ความหงุดหงิด
ความสนุก	ความสนุกสนาน
การเป็นคนตรงไปตรงมา	การเป็นคนพูดขวานผ่าซาก	การเป็นคนพูดตรง
การเป็นคนช่างพูด	ความช่างพูด
การใช้ภาษาได้คล่อง	การใช้ภาษาได้คล่องแคล่ว
การไม่พูด	ความเงียบ
การกุมความลับ	การเก็บความลับ	การเก็บงำความลับ
การเป็นคนไม่ค่อยพูด	ความเงียบขรึม
ความเป็นมิตร	ความเป็นเพื่อน
ความคุ้นเคย	ความสนิทสนม
ความเป็นปรปักษ์	ความเป็นศัตรู
ความละเลย	ความละเ้ลย
ความเป็นเด็กชาย	ความเป็นเด็กผู้ชาย
ความเป็นชายชาตรี	ความเป็นชายอกสามศอก	ความเป็นลูกผู้ชาย
ความเป็นผู้หญิง	ความเป็นหญิง
ความเป็นสาว	ความเป็นหญิงสาว
ความเป็นเด็กผู้หญิง	ความเป็นเด็กหญิง
ความกระตุ้งกระติ้ง	ความเป็นกระเทย
การตอบคำถาม	ความรับผิดชอบ
การกระทำตามอำเภอใจ	การเปลี่ยนใจกะทันหัน
รูปลักษณ์	รูปลักษณ์ภายนอก	ลักษณะ
สี	สีสัน
รูปทรง	รูปร่าง
การอำพราง	ภาพลวงตา
การแสดงสีหน้า	สีหน้า
ลายทาง	แถบ	แนว
การมีขนดก	การมีผมดก
ความงดงาม	ความงาม	ความสวย	ความสวยงาม
ความน่ารัก	ความสวยงาม	ความสะสวย
ความน่ารัก	ความน่ารักน่าชัง
ความสมาร์ท	ความหล่อ	ความหล่อเหลา	ความเท่
เสน่ห์ทางเพศ	แรงดึงดูดทางเพศ
ความน่าสนใจ	เสน่ห์
ความดึงดูด	ความมีเสน่ห์
ความมีเสน่ห์ทางเพศ	ความมีแรงดึงดูดทางเพศ
ความขี้เหร่	ความน่าเกลียด	ความอัปลักษณ์
การเสียรูปทรง	การเสียโฉม
ตำหนิ	รอย	รอยตำหนิ
รอย	รอยสลัก
รอยร้าว	รอยแตก
พระปิลกะ	ไฝ
รอยบาก	รอยแผล	รอยแผลเป็น	แผลเป็น
ที่โดนไฟไหม้	รอยแผลไฟไหม้	รอยแผลไหม้
ศิลปะบาโรก	ศิลปะแบบบาร็อก
ศิลปะคลาสสิค	สไตล์คลาสสิค
แบบดอริค	แบบดอเรียน
แบบไอโอนิค	แบบไอโอเนียน
การตกแต่ง	พรมประดับ
ความโปร่งแสง	ความโปร่งใส
ความง่าย	ความเรียบง่าย
ความราบรื่น	ความสมูท
การมีอยู่	ความสะดวก	หาได้ใช้ได้
ความรู้สึกเจ็บปวด	ความเจ็บ
ความเป็นคน	ความเป็นมนุษย์
บรรยากาศ	รังสี
ความด้อยคุณภาพ	คุณภาพต่ำ
ความไม่คงที่	ความไม่มั่นคง
ความเหมือน	ความเหมือนกัน
ความคล้าย	ความคล้ายกัน	ความคล้ายคลึง	ความคล้ายคลึงกัน
ความละม้าย	ความละม้ายคล้ายคลึง
การเปรียบเทียบ	การเปรียบเทียบได้
ภาพกระจกเงา	ภาพสะท้อน	เงาสะท้อน
ความแตกต่าง	ความไม่เห็นด้วย
ความแตกต่าง	ช่องว่าง
การจับต้องได้	การสัมผัสได้
ความเคร่งขรึม	ความเลวร้าย
ความน่าเชื่อถือ	สามารถเชื่อถือได้
ความทันสมัย	ความเท่
ความงดงาม	ความเจิดจรัส	ความโอ่อ่า
การไม่ปฏิบัติตามหลักศีลธรรม	การไม่ประพฤติตามหลักศีลธรรม
ความมีเมตตา	ความเมตตา	ความเมตตากรุณา
การขาดมนุษยธรรม	ความขาดมนุษยธรรม
ความเลวร้าย	ความโหดเหี้ยมทารุณ
การหลงตัวเอง	ความรักตนเอง
ความกระปรี้กระเปร่า	ความมีชีวิตชีวา
ความบังอาจ	ความยโสโอหัง
ความสุขุม	วิจารณญาณ
ปฏิภาณ	มารยาททางสังคม
ความประสงค์ร้าย	ความอกุศล
การมุ่งร้าย	ความชั่วร้าย
คุณธรรมพื้นฐาน	คุณธรรมหลัก
ความชั่ว	ความชั่วร้าย
ความบกพร่อง	ความผิดพลาด
ความอยุติธรรม	ความไม่ยุติธรรม
ความกล้า	ความกล้าหาญ	ความอาจหาญ
ความกล้าหาญชาญชัย	ความเป็นวีรบุรุษ	ความเป็นวีรสตรี	วีรกรรม
ความมีจิตใจกล้าหาญ	ความมีใจกล้าหาญ
ความไม่กลัว	ความไม่กลัวเกรง
ความทรหด	ความอาจหาญ
ความกล้า	ความกล้าบ้าบิ่น	ความอาจหาญ
ความขลาด	ความขี้ขลาด
การข่มใจตนเอง	การควบคุมตนเอง	การคุมสติ	การระงับใจ	กำลังใจ
ความรั้น	ความเอาแต่ใจ
ความดื้อรั้น	ความใจแข็ง
ความดื้อ	ความดื้อรั้น	ความหัวแข็ง
การนอกใจ	ความไม่ซื่อสัตย์
ความใสซื่อ	ความใสซื่อบริสุทธิ์	ความไร้เดียงสา
การบำเพ็ญตบะ	การมีวินัยในตนเอง
ความตะกละ	ความโลภโมโทสัน
ความภาคภูมิใจ	ความภูมิใจ
ความภูมิใจในตนเอง	ศักดิ์ศรี
ความประพฤติถูกต้องเหมาะสม	มารยาท
ความสุขุม	ความใจเย็น
ความสงบ	ความสงบเงียบ
ท่าทางน่าเกรงขาม	เต็มยศ
ความหยาบคาย	ความไม่มีมารยาท
ความทะลึ่ง	ความหยิ่ง	พฤติกรรมหยาบคาย
คุณสมบัติ	สมบัติ
ความแข็งแกร่ง	ความแข็งแรง
การศึกษา	การอบรม
ความชรา	ความชราภาพ	ความแก่	ความแก่ชรา
ความมีอายุยืนยาว	วัยวุฒิ
ความสาว	ความหนุ่ม	ความอ่อนวัย
ความเป็นเด็ก	ความเยาว์วัย
รูปแบบชีวิต	แนวทางดำเนินชีวิต
การประกอบขึ้น	ส่วนประกอบ
ความเหนียวข้น	องค์รวม
ความหนืด	ระดับความเหนียว
การผูกมัด	การยึดติด
ความเหนียว	ความเหนียวเหนอะหนะ
ความกรอบ	ความเปราะ
ความรู้สึก	ความรู้สึกจากการสัมผัส
การมองด้วยตา	การมองด้วยสายตา
คุณสมบัติที่มองเห็นได้	สมบัติที่มองเห็นได้
ลายเนื้อไม้	ลายไม้
ฉัพพรรณรังสี	รัศมี
ความสว่างจากแสงดวงอาทิตย์	ความสว่างจากแสงแดด
ความสว่าง	ความสว่างสุกใส
การขัดเงา	ลักษณะมันเงา
ความทึบ	ความหมอง
สีปฐมภูมิ	แม่สี
สีปฐมภูมิของแสง	แม่สีของแสง
เฉด	เฉดสี	โทนสี
สีงาช้าง	สีนวล
สีชาด	สีแดง	แดง
สีแดง	สีแดงเชอร์รี่
สีมารูน	สีเลือดหมู
สีส้ม	สีแสด	ส้ม
สีเหลือง	เหลือง
บลอนด์	สีน้ำเงินเข้ม	สีบลอนด์
สีเหลืองคานารี	สีเหลืองสดใส
ทอง	สีทอง	สีเหลืองทอง
สีเหลืองอมน้ำตาล	เหลืองอมน้ำตาล
สีเหลืองอ่อน	เหลืองอ่อน
สีเหลืองอมส้ม	เหลืองอมส้ม
สีเหลืองอมเขียว	เหลืองอมเขียว
สีเขียว	เขียว
สีเขียวน้ำทะเล	เขียวน้ำทะเล
สีมรกต	สีเขียวมรกต	เขียวมรกต
สีเขียวโอลีฟ	เขียวโอลีฟ
สีเขียวอมเหลือง	เขียวอมเหลือง
สีเขียวอมน้ำเงิน	สีเขียวแกมน้ำเงิน	เขียวอมน้ำเงิน
สีคราม	สีฟ้าอมเขียว
สีหยก	สีเขียวหยก	เขียวหยก
น้ำเงิน	สีน้ำเงิน
สีฟ้า	สีฟ้าคราม
น้ำเงินแก่	สีกรม	สีกรมท่า	สีน้ำเงินแก่
น้ำเงินอมเขียว	สีน้ำทะเล	สีน้ำเงินอมเขียว	สีเทอร์คอยซ์
น้ำเงินอมม่วง	สีน้ำเงินอมม่วง
ม่วง	สีม่วง
ม่วงอมแดง	สีม่วงอมแดง
น้ำเงินอมแดง	สีน้ำเงินอมแดง	สีม่วงไวโอเลต	สีไวโอเลต
ชมพู	สีชมพู
สีกุหลาบ	สีดอกกุหลาบ
สีส้มอ่อนอมชมพู	สีเหลืองอมส้ม
น้ำตาล	สีน้ำตาล
สีกาแฟ	สีน้ำตาลเข้ม
สีน้ำตาลอมเหลือง	สีน้ำตาลเทา
สีน้ำตาลคาราเมล	สีน้ำตาลอมเหลือง	สีน้ำตาลอ่อน
คุณสมบัติของสี	สมบัติของสี
ความอิ่มตัว	ความอิ่มตัวของสี
สีตรงข้าม	สีเติมเต็ม
สีผิว	สีเนื้อ
กลิ่น	สมบัติของกลิ่น
ความสงัด	ความเงียบ
คุณสมบัติของเสียง	สมบัติของเสียง
ความเป็นทำนอง	ความเป็นท่วงทำนอง
เบส	เสียงเบส
เสียงขึ้นจมูก	เสียงนาสิก
ความดัง	เสียงดัง	เสียงร้อง
ความเปรี้ยว	ความเป็นกรด
ความขม	ความขื่น
ความมีรสชาติ	ความอร่อย
ลักษณะที่รัีบประทานไม่ได้	ลักษณะที่ไม่น่ารับประทาน
คุณสมบัติของร่างกาย	สมบัติของร่างกาย
รูปร่าง	โครงสร้างร่างกาย
ความอ้วน	ความอ้ัวน
ความสูง	ส่วนสูง
คุณสมบัติทางกายภาพ	สมบัติทางกายภาพ
เพศ	เพศสภาพ
การสะท้อน	การสะท้อนแสง
ความร้อนรวม	เอช	เอนทัลปี
จุดหลอมเหลว	จุดเยือกแข็ง
อุณหภูมิร่างกาย	อุณหภูมิร่างกายปกติ
ความเย็น	อุณหภูมิต่ำ
ความร้อน	อุณหภูมิสูง
ความยืดหยุ่น	สภาพยืดหยุ่น
การขาดความยืดหยุ่น	ความไม่ยืดหยุ่น
ตัว	บอดี้
น้ำหนักอะตอม	มวลอะตอม	มวลอะตอมสัมพัทธ์	มวลเชิงอะตอม
น้ำหนักโมเลกุล	มวลโมเลกุลสัมพัทธ์
น.น.	น้ำหนัก
น้ำหนักของยานพาหนะ	น้ำหนักพาหนะ
การลอย	การลอยตัว
ความเข้มแข็ง	ความแข็งแรง
ความมีกล้ามเนื้อ	ความล่ำบึก
ความเเข็งแรง	ความแข็งแรง
ความทรหด	ความอึด	น้ำอดน้ำทน
จำนวนอะตอมของธาตุ	วาเลนซ์
โควาเลนซ์	โคเวเลนซ์
ความบอบบาง	ความไม่แข็งแรง
กาล	กาลเวลา	เวลา
การเกิดขึ้นพร้อมกัน	การเกิดพร้อมกัน	เหตุการณ์ประจวบกัน
อดีต	อดีตกาล
กาลภายหน้า	ภายภาคหน้า	อนาคต	อนาคตกาล
ปัจจุบัน	ปัจจุบันกาล
ความเป็นสมัยใหม่	สภาวะสมัยใหม่
ความไม่สิ้นสุด	อสงไขย
ความถาวร	สภาพถาวร
คลื่นความถี่กระจายเสียง	ความถี่กระจายเสียง
คลื่นความถี่ต่ำยิ่งยวด	คลื่นความถี่ต่ำสุด	ความถี่ต่ำยิ่งยวด	ความถี่ต่ำสุด
คลื่นความถี่ต่ำมาก	ความถี่ต่ำมาก
คลื่นความถี่ต่ำ	ความถี่ต่ำ
คลื่นความถี่ปานกลาง	ความถี่ปานกลาง
คลื่นความถี่สูง	ความถี่สูง
คลื่นความถี่สูงมาก	ความถี่สูงมาก
คลื่นความถี่สูงยิ่ง	ความถี่สูงยิ่ง
คลื่นความถี่สูงพิเศษ	ความถี่สูงพิเศษ
คลื่นความถี่สูงสุด	ความถี่สูงสุด
ความรวดเร็ว	ความว่องไว	ความเร็ว	ความไว
จังหวะ	จังหวะการทำซ้ำๆ
ความรวดเร็ว	ความเร็ว
ความกระทันหัน	ความฉับพลัน
ความช้า	ความเชื่องช้า
ความอืดอาด	ความเฉื่อยชา
ความชัน	ความลาด	สโลป
ความลาดชัน	ความสูงชัน
ท่วงท่า	ท่า	ท่าทาง
ท่าขัดสมาธิ	ท่าดอกบัว	ท่านั่งขัดสมาธิ
ท่าร่วมรัก	ท่าร่วมเพศ	ท่าสังวาส	ท่าเพศสัมพันธ์
ท่า	มาด
การ์ด	ท่าตั้งการ์ด	ท่าป้องกัน
ความไกล	ระยะไกล
ระยะเสียงร้องไห้	ระยะได้ยินเสียงร้องไห้
ความใกล้	ความใกล้ชิด
ความยาวโฟกัส	ระยะโฟกัส
ช่องห่าง	ระยะห่าง
ความสว่างสัมบูรณ์	แมกนิจูดสัมบูรณ์	โชติมาตรสัมบูรณ์
ความน่าจะเป็น	ความเป็นไปได้
ความเสี่ยง	ความเสี่ยงในการสัมผัสโรค
ความเสี่ยง	ความเสี่ยงในการติดเชื้อ
มิติ	ไดเมนชั่น
ดีกรี	ระดับ	เกรด	เลเวล
ระดับ	ระดับความรุนแรง
ความลึก	ระดับความลึก
ขนาด	ไซส์
จุดสูงสุด	ระดับสูงสุด
ขนาด	ไซส์
ความจุ	ความใหญ่
ความเข้ม	ระดับความเข้ม
ความเข้มของสนามแม่เหล็ก	ความเข้มสนามแม่เหล็ก
ความเข้มของแสง	ระดับความเข้มของแสง	แรงเทียน
ความเข้มของเสียง	ระดับความเข้มของเสียง
ความยาวเส้นรัศมี	อาร์
ความกว้างของลำกล้องปืน	เส้นผ่าศูนย์กลางของปากลำกล้อง	เส้นผ่าศูนย์กลางลำกล้อง
ขนาดใหญ่	ตัวใหญ่
ความอุ้ยอ้าย	ความเทอะทะ
ขนาดเล็ก	ความเล็ก	ตัวเล็ก
ความขาดแคลน	ความไม่เพียงพอ
ขนาดใหญ่	ส่วนใหญ่
พื้นที่	พื้นผิว
ความยาว	ระยะทาง	ระยะห่าง
ความกว้างของราง	ความกว้างของรางรถไฟ
ระยะกระโดด	ระยะสกิป
ค่า	มูลค่า
ค่า	ราคา
คุณประโยชน์	สิ่งดี
ค่า	มูลค่า	ราคา
ราคาถูก	ราคาเซล
ความมีประโยชน์	ประโยชน์
ค่า	ประโยชน์
ความช่วยเหลือ	ผู้ช่วย
ข้อได้เปรียบ	ความได้เปรียบ
ความเป็นเจ้าบ้าน	ความได้เปรียบจากเสียงเชียร์	ความได้เปรียบในฐานะเจ้าบ้าน
จุดเด่น	จุดแข็ง
การด้อยโอกาส	ความด้อยโอกาส
ยาพิษ	ยาเบื่อ
ความจริงจัง	ความจริืงจัง
ความเย่อหยิ่งถือดี	ความโอหัง
หน้า	หน้าตา
กาโบตาจ	สิทธิการบิน
การเปิดรับ	สิทธิในการเข้าถึง	สิทธิ์
การอนุญาต	การอนุมัติ
สิทธิออกเสียงเลือกตั้ง	สิทธิเลือกตั้ง
สิทธิค้นเรือ	สิทธิตรวจค้นเรือ
สิทธิในการลงคะแนนเสียง	สิทธิในการออกเสียง	สิทธิในการโหวต
สิทธิผ่านที่	สิทธิใช้ทาง	สิทธิในทางผ่าน
การตกเป็นข่าว	การเป็นข่าว
การอนุญาต	อำนาจ
การกำหนดด้วยตนเอง	การลิขิตชะตาชีวิตของตัวเอง
ความสามารถในการละลาย	สภาพละลายได้
ความตะกละ	ความตะกละตะกลาม
ความมีหลอดน้ำเหลืองมาก	ความมีหลอดเลือดมาก
ความจำ	ความจำได้หมายรู้
กาย	ตัว	ร่าง	ร่างกาย	เรือนกาย	เรือนร่าง
กาย	พระวรกาย	ร่างกาย	ร่างกายของมนุษย์	ร่างกายมนุษย์	สังขาร
ตัว	ร่างกาย
ซาก	ร่างที่ปราศจากลมหายใจ	ร่างไร้วิญญาณ	ศพ
ซากผี	ซากศพ	พระบรมศพ	พระศพ	ศพ	ศพคนตาย	ศพผู้เสียชีวิต
พระอังคาร	อัฐิ	เถ้ากระดูก
ซากมัมมี่	มัมมี่	ศพมัมมี่
ร่างกายของเด็ก	ร่างกายเด็ก
ร่างกายของผู้ใหญ่	ร่างกายผู้ใหญ่
ร่างกายบุรุษ	ร่างกายผู้ชาย	ร่างกายเพศชาย
ร่างกายผู้หญิง	ร่างกายสตรี	ร่างกายเพศหญิง
ส่วนประกอบของร่างกาย	อวัยวะของร่างกาย
บริเวณ	ส่วน
ส่วนทบโค้ง	ส่วนโค้ง
ส่วนทบโค้ง	ส่วนโค้ง
จุดกำหนด	จุดหลัก
ทัดดอกไม้	บริเวณทัดดอกไม้
หนังกำพร้า	เนื้อเยื่อชั้นนอก
จุดแบน	ดวง	แผ่น
จุดด่างดำ	รอยด่างบนผิวหนัง
ช่องเปิด	ปาก	รูเปิด
ปากช่อง	รู
ช่อง	รู
ช่องหายใจ	สไปราเคิล
ช่อง	หลอด
โพรง	ไซนัส
กระเปาะ	แอมพูลลา
ขน	พระโลมา
ขน	ขนตามร่างกาย
ผม	ผมเผ้า	พระศก	พระเกศ	พระเกศา
การจัดแต่งทรงผม	ทรงผม	แฮร์สไตล์
ทรงผม	ทรงผมที่ตัด
ปอยผม	ลอน
ทรงผมแอฟโฟร	ทรงแอฟโฟร
ทรงผมหน้าม้า	ผมหน้าม้า
ทรงบ๊อบ	ทรงผมบ็อบ	ผมบ็อบ
ผมเปีย	เปีย
ทรงผมปอมปาดัวร์	ทรงผมเอลวิส
ผมหางม้า	หางม้า
ผมตั้ง	ผมลานบิน
ผมทรงทหารเกณฑ์	ผมเกรียน
ทรงผมโมฮ็อก	ทรงโมฮ็อก
ขนตามใบหน้า	ขนใบหน้า
พระทาฐิกะ	พระทาฒิกะ	เครา
พระมัสสุ	หนวด
จอน	จอนหู
ขนตรงหัวเหน่า	พระโลมะชาติ
ขนลับ	ขนเพชร	ผมล่าง	หมอย
กระพุ้ง	ส่วนก้น	ส่วนฐาน
พระมังสา	เนื้อ	เนื้อหนัง	เนื้อหนังมังสา
เนื้อเยื่อระหว่างเซลล์	เนื้อเยื่ออินเตอร์สติเชียล
เนื้อเยื่อไขมัน	ไขมัน
ความอ้วนในเด็ก	ไขมันในร่างกายเด็ก
กระดูก	กระดูกกระเดี้ยว	พระอัฐิ
กระดูกโหนกแก้ม	โหนกแก้ม
กระดูกไหปลาร้า	พระรากขวัญ	ไหปลาร้า
กระดูกก้นกบ	ก้นกบ
กระดูกขากรรไกรล่าง	กรามล่าง
กระดูกสะบ้า	ลูกสะบ้า	ลูกสะบ้าหัวเข่า
กระดูกสะบัก	กระดูกหัวไหล่
กระดูกสันหน้าอก	กระดูกอก
คอร์ปัสสเตอร์นัม	แกลดิโอลัส
กระดูกสันอกส่วนบน	กระดูกแมนูเบรียม	แมนูเบรียม
พระทนต์	ฟัน	ฟันฟาง
อวัยวะภายใน	เครื่องใน
ชิวหา	พระชิวหา	ลิ้น
ปาก	พระโอษฐ์	โอษฐ์
ปาก	รูเปิด
ช่อง	โพรง
พระทาฒะ	ฟันเขี้ยว	เขี้ยว
สารเครือบฟัน	สารเคลือบฟัน
เยื่อหุ้มตัวอ่อน	เยื่อหุ้มฟีตัส
จักษุ	ดวงตา	ดวงเนตร	ตา	พระเนตร	เนตร
ลูกกะตา	ลูกตา
ดวงตาขวา	ตาขวา	ตาข้างขวา
ดวงตาซ้าย	ตาข้างซ้าย	ตาซ้าย
ขนคิ้ว	คิ้ว	พระขนง
ขนตา	ขนพระเนตร	พระโลมจักษุ	พระโลมะจักษุ
เยื่อบุกะโหลก	เยื่อบุกะโหลกศีรษะ
พระกรรณ	หู
ช่องในหู	หูชั้นใน	ห้องหูชั้นใน
หูชั้นกลาง	โพรงถัดจากเยื่อแก้วหู
ช่อง	รู	หน้าต่าง
กระดูกค้อน	ค้อน
ลาเมลลา	เยื่อลาเมลลา
กระดูกทั่ง	ทั่ง
กระดูกโกลน	โกลน
ชั้นเยื่อเมือก	เยื่อบุเมือก
กระดูกถุงน้ำตา	กระดูกแอ่งถุงน้ำตา
พระวักกะ	ไต
หลอดเลือดแดง	เส้นเลือดแดง
หลอดเลือดแดงพัลโมนารี	หลอดเลืิอดแดงปอด	เส้นเลือดแดงที่ปอด
หลอดเลือดดำที่คอ	หลอดเลือดดำเซฟาลิค
หลอดเลือดดำปอด	เส้นเลือดดำที่ปอด
ดี	ถุงน้ำดี	พระปิตตะ
ปอด	พระปัปผาสะ
พระกมล	พระหทัย	พระหฤทัย	หัวใจ
กระเพาะ	กระเพาะอาหาร
สารน้ำ	สารเหลวในร่างกาย
น้ำหลั่ง	สารน้ำคัดหลั่ง
นม	น้ำนม
นมมารดา	นมแม่	น้ำนมมารดา	น้ำนมแม่
นมยกแรก	น้ำนมน้ำเหลือง	โคลอสตรัม
พระโลหิต	เลือด	โลหิต
กรุ๊ปเลือด	หมู่เลือด
น้ำเลือด	พลาสมา
น้ำ	น้ำกาม	น้ำรัก	น้ำอสุจิ	น้ำเชื้อ
น้ำตา	น้ำพระเนตร	พระอัสสุ	หยดน้ำตา	หยาดน้ำตา
พระเสโท	หยาดเหงื่อ	เหงื่อ	เหงื่อไคล
น้ำหลั่งระบบการย่อยอาหาร	สารน้ำคัดหลั่งระบบการย่อยอาหาร
น้ำหลั่งกระเพาะ	สารน้ำคัดหลั่งกระเพาะ
น้ำหลั่งตับอ่อน	สารน้ำคัดหลั่งตับอ่อน
น้ำดีสีดำ	น้ำย่อยสีดำ
ฮอร์โมนอะดรีโนคอร์ติโคโทรฟิน	เอซีทีเอช
อะดรีนาลิน	ฮอร์โมนจากต่อมหมวกไต
เอดีเอช	แอนติไดยูเรติกฮอร์โมน
มูก	เมือก
เสมหะ	เสลด
ขี้มูก	น้ำมูก	มูลพระนาสิก
น้ำบ่อน้อย	น้ำลาย	พระเขฬะ
น้ำลายกระเซ็น	น้ำลายหก
ตกขาว	มุตกิต	โรคระดูขาว
หลอดเลือด	เส้นเลือด
หลอดเลือดดำ	เส้นเลือดดำ
หลอดเลือดฝอย	เส้นเลือดฝอย
เนื้อเยื่อ	เมมเบรน
ซาร์โคเลมมา	เยื่อซาร์โคเลมมา	เยื่อหุ้มเซลล์กล้ามเนื้อ
ตุ่มน้ำเหลือง	ต่อมน้ำเหลือง	ปุ่มน้ำเหลือง
นิวคลีโอพลาซึม	แครีโอพลาซึม
ออร์แกเนลล์	เซลล์ออร์แกเนลล์
เซลล์ทำลายกระดูก	เซลล์ออสติโอบลาสต์
เม็ดเลือด	เ้ม็ดเลือด
อะคาริโอต	เซลล์อะคาริโอต
เซลล์กลืนกิน	เซลล์ฟาโกไซต์
เม็ดเลือดขาวลิมโฟไซต์	เม็ดโลหิตขาวในเลือด
อาร์บีซี	เซลล์เม็ดเลือดแดง	เม็ดเลือดแดง
จุดเหลือง	จุดเหลืองจอตา
ตัวอสุจิ	สเปิร์ม
เซลล์ขั้ว	โพลาร์บอดี้
เส้นใยกล้ามเนื้อ	ใยกล้ามเนื้อ
ใยประสาทที่มีปลอกหุ้ม	ใยประสาทที่มีเยื่อหุ้ม
นิวรอน	เซลล์ประสาท
เซลล์แอสโตรไซต์	แอสโตรไซต์
เซลล์ลูกผสม	เซลล์ไฮบริโดมา
คอนไดลาร์โพรเซส	แมนดิบูลาร์คอนไดล์
ปุ่มลิ้น	พาพิลลา
ประสาท	เส้นประสาท
ประสาทรับความรู้สึก	ประสาทรับรู้
เยื่อดูรา	เยื่อหุ้มสมองชั้นนอก
ต่อมพิทูอิตารี	ต่อมใต้สมอง
รอยพับ	ส่วนจีบ	ส่วนพับ
สมองส่วนต้น	สมองส่วนเมดูลลา
น้ำหล่อสมองไขสันหลัง	น้ำไขสันหลัง
ระบบประสาทอัตโนมัติ	เอเอ็นเอส
ระบบทางเดินหายใจ	ระบบหายใจ
ทางเดินหายใจ	ทางเดินอากาศหายใจ
อวัยวะสืบพันธุ์	อวัยวะเพศ
ของลับ	ของสงวน	อวัยวะสืบพันธุ์ภายนอก	อวัยวะเพศภายนอก
พระโยนี	อวัยวะสืบพันธุ์หญิง	อวัยวะเพศหญิง	โยนี
อวัยวะสืบพันธุ์ภายในของสตรี	อวัยวะสืบพันธุ์ภายในของเพศหญิง
กล่องดวงใจ	อวัยวะสืบพันธุ์ชาย	อวัยวะเพศชาย
กระเป๋าหน้าท้อง	ถุงหน้าท้อง
ถุง	ถุงน้ำ	ถุงมีน้ำ	ถุงหุ้ม
ต่อมรากผม	ปุ่มรากผม
ท่อนำไข่	ท่อรังไข่
จิ๋ม	ปิ๊	หม้อ	หี
หัวเหน่า	เนินหัวเหน่า
ลาเบียม	แคม
แคมนอก	แคมใหญ่
แคมเล็ก	แคมใน
คลิตอริส	ปุ่มกระสัน	ปุ่มคลิตอริส
ท่อเคาเปอร์	ท่อเคาเปอร์ในท่อปัสสาวะ
พระอัณฑะ	ลูกกระแป๋ง	ลูกอัณฑะ	อัณฑะ	เล็ดไข่
พระคุยหฐาน	พระคุยหประเทศ	ลึงค์	องคชาต
กระเจี๊ยว	ควย	จู๋	จ้าวโลก	ดอ	ดอกจำปี	นกเขา	น้องชาย	เจี๊ยว	ไข่
ช่องทางเดินอาหาร	ทางเดินอาหาร
กระเพาะส่วนปลาย	ไพลอรัส
ไส้ตะเกียง	ไส้ติ่ง
ทวารหนัก	เวจมรรค
ตูด	ประตูหลัง	รูตูด
พระเศียร	ศีรษะ	หัว	เศียร
ศีรษะ	หัว
กบาล	กระโหลก
กระดูกหัวกะโหลก	กะโหลก	กะโหลกศีรษะ	หัวกะโหลก
กระโหลก	กะโหลกศีรษะ
ซูเจอร์	รอยประสาน
ข้อต่อที่เคลื่อนไหวได้มาก	ข้อต่อแบบซินโนเวียล
รอยประสานออกซิปิโตมาสตอยด์	ออกซิปิโตมาสตอยด์ซูเจอร์
พาไรโทมาสตอยด์ซูเจอร์	รอยประสานพาไรโทมาสตอยด์
คอ	พระศอ	ศอ
บ่า	พระอังสา	หัวไหล่	ไหล่
จั๊กแร้	พระกัจฉะ	รักแร้
ตัว	ลำตัว
นม	หน้าอก
ทรวงอก	หน้าอก
ทรวงอก	พระทรวง	พระอุระ	หน้าอก	อก
ถัน	นม	พระถัน	พระเต้า	หน้าอก	หน้าอกของผู้หญิง	หน้าอกหน้าใจ	เต้า	เต้านม
จุก	ยอดพระถัน	หัวนม
รอบเอว	สะเอว	เอว
เอวคอด	เอวบาง
ตะโพก	พระโสณี	สะโพก
พระนาภี	สะดือ
ท้อง	พระอุทร	พุง	พุงกะทิ
ช่องท้อง	โพรงท้อง
ก้น	ตูด	บั้นท้าย
ตอ	โคนตัด
ขา	พระเพลา	แข้งขา
ตีน	บาท	บาทา	พระบาท	เท้า
พระพาหา	พระพาหุ	แขน
กร	พระหัตถ์	มือ	หัตถา	หัตถ์
กำปั้น	กำพระหัตถ์	กำมือ	มะเหงก	หมัด
มือขวา	มือข้างขวา
มือข้างซ้าย	มือซ้าย
นิ้ว	นิ้วมือ
นิ้วหัวแม่มือ	นิ้วโป้ง	พระอังคุฐ	หัวแม่มือ	โป้ง
ชี้	ดรรชนี	ดัชนี	นิ้วชี้	พระดัชนี
นาง	นิ้วนาง	พระอานามิกา
กลาง	นิ้วกลาง	พระมัชฌิมา
ก้อย	นิ้วก้อย	พระกนิษฐา
เส้นเอ็นหลังหัวเข่า	เอ็นร้อยหวาย
พระชานุ	หัวเข่า	เข่า
กระดูกต้นขา	พระอูรุ
กล้ามเนื้อสปลีเนียสคอ	กล้ามเนื้อสปีเนียสคอ
นิ้วตีน	นิ้วเท้า
นิ้วหัวแม่เท้า	หัวแม่ตีน	หัวแม่เท้า
ข้อตีน	ข้อเท้า
ข้อศอก	ศอก
ข้อต่อแบบบานพับ	ข้อบานพับ
พระนขา	เล็บ
สโตรมา	ส่วนพยุง	โครง
เล็บนิ้วโป้ง	เล็บหัวแม่มือ
เล็บขบ	เล็บคุด
กระดูกข้อมือ	ข้อมือ
ข้อนิ้ว	ข้อนิ้วมือ
ระบบโครงกระดูก	โครงกระดูก
กล้ามเนื้อระหว่างกระดูกสันคอและกระดูกกกหู	กล้ามเนื้อสเตอร์โนมัสตอยด์
ลำ	แท่ง
กระดูกบริเวณเชิงกราน	กระดูกโอบเชิงกราน
ขาหนีบ	เป้า
จมูก	นาสา	นาสิก	พระนาสา	พระนาสิก
จมูกงองุ้ม	จมูกโด่ง
คาง	พระหนุ
ดวงหน้า	พระพักต์	หน้า	ใบหน้า
พระนลาฏ	หน้าผาก
พระปราง	แก้ม
ศูนย์การหายใจ	ศูนย์ควบคุมการหายใจ
เยื่อซินโนเวียล	เยื่อบุข้อต่อ
สเต็มเซลล์	เซลล์ต้นกำเนิด
เซลล์ต้นกำเนิดเม็ดเลือด	เซลล์ต้นกำเนิดเม็ดโลหิต
เปลือกโซนาเพลลูซิด้า	โซนาเพลลูซิด้า
ทีโลเมียร์	ส่วนปลายของโครโมโซม
เขต	เขตวงรอบ	แดน
เขตเล็ก	แดนเล็ก
ความคิด	สมอง	หัว	หัวคิด
อัตตา	อีโก้
ซูเปอร์อีโก้	อภิอัตตา
วิสัยทัศน์	สายตา
คอมมอนเซนส์	สามัญสำนึก	เซนส์
ตรรกะ	ลอจิก
ความมีวิจารณญาณ	ความสุขุม
การระมัดระวัง	ความระวัง
ความสามารถ	สมรรถภาพ
ความเป็นผู้นำ	ภาวะผู้นำ
ความเป็นผู้นำกองทัพ	ภาวะผู้นำกองทัพ
ความฉลาด	สติปัญญา
ความสามารถในการเรียนรู้	สมอง
ความคิด	ปัญญา	สมอง
ความฉลาดปราดเปรื่อง	ความฉลาดหลักแหลม	จีเนียส
ปฏิภาณ	เชาว์ปัญญา	ไหวพริบ	ไหวพริบปฏิภาณ
ความเฉียบแหลม	ไหวพริบ
ความสามารถทางสติปัญญา	สติปัญญา
ความสามารถ	พรสวรรค์
ความคิดสร้างสรรค์	ความสามารถในการสร้างสรรค์
เกาะแอตแลนติซ	เกาะแอตแลนติส
ดินแดนแห่งเทพนิยาย	เมืองกายสิทธิ์
สรวงสวรรค์	สวรรค์	เมืองฟ้า	เมืองสวรรค์	เมืองแมน	แดนสวรรค์
ทุ่งเอลีเซียน	สรวงสวรรค์
สวนอีเดน	สวนอีเด็น
สรวงสวรรค์	สวรรค์
วัลฮัลลา	วิมานวัลฮัลลา
นรก	นรกอเวจี	นรกานต์	ยมโลก	อเวจี	เมืองนรก	เมืองผี	แดนนรก
ขุมนรก	นรก
ยูโทเปีย	สังคมยูโทเปีย
ความเพ้อฝัน	แฟนซี
ความเพ้อฝัน	แฟนตาซี
ศาตร์การบิน	ศาสตร์การบิน
ความสามารถที่ติดตัวมา	ทักษะตามธรรมชาติ
ทักษะ	สกิล
ทักษะการช่าง	ทักษะการทำงาน	หัตถ์ศิลป์
ทักษะการขี่ม้า	ศิลปะการขี่ม้า
การรู้หนังสือ	การอ่านออกเขียนได้
ทักษะการผสมเครื่องดื่ม	ศิลปะการผสมเครื่องดื่ม
ความสามารถทางคณิตศาสตร์	ทักษะการคำนวณ	ทักษะการคิดคำนวณ	ทักษะทางคณิตศาสตร์
ทักษะการขาย	ศิลปะการขาย
ทักษะการแสดง	ศิลปะการแสดง
ทักษะการฟันดาบ	ศิลปะการฟันดาบ
ความชำนาญ	ความรู้
ความง่าย	ความถนัด	ความเชี่ยวชาญ
ทักษะการดูแลบ้านเรือน	ศิลปะการดูแลบ้านเรือน
ทักษะการค้าขาย	ศิลปะการค้าขาย
ทักษะการควบคุมเรือ	ศิลปะการควบคุมเรือ
ทักษะงานแกะสลักไม้	ศิลปะงานแกะสลักไม้
การสื่อสารด้วยภาษา	ภาษา
ความเข้าใจ	ปัญญา	เหตุผล
การมองเห็น	การเห็น
การบอดทุกสี	การเห็นไร้สี
การมองเห็นสี	การเห็นสี
การมองเห็นในระยะไกล	การเห็นระยะไกล
การมองเห็นในระยะใกล้	การเห็นระยะใกล้
การมองเห็นในที่มืด	การเห็นในเวลากลางคืน
การมองเห็นในที่สว่าง	การมองเห็นในที่แจ้ง	การเห็นในเวลากลางวัน
การรับรส	การรู้รส
การรับกลิ่น	การรู้กลิ่น
จมูก	ประสาทรับกลิ่น
วิธี	วิธีการ
วิธีแก้ปัญหา	โซลูชั่น
ความกระตือรือร้น	ความสนใจเป็นพิเศษ
ความตระหนัก	ความตระหนักรู้	ความมีสติ
ความสับสนวุ่นวายใจ	จิตใจสับสน
ความงง	ความงุนงง
ปริศนา	สิ่งที่เป็นปริศนา	สิ่งลึกลับ
ความยากลำบาก	ความยุ่งยาก	อุปสรรค
กับดัก	หลุมพราง
ปัจจัยชี้ขาด	ปัจจัยตัดสินหลัก
กระดูกสันหลัง	ปัจจัยหลัก	เสาหลัก	แกนสนับสนุนหลัก
คู่ที่เข้ากัน	คู่ที่เหมาะสม
ความเชื่อมั่นในตนเอง	ความเชื่อมั่นในตัวเอง	เชื่อมั่นในตัวเอง
ความเชื่อมั่น	ความแน่นอน
ความคลางแคลงใจ	ความสงสัย
ความเหลือเชื่อ	ความไม่เชื่อ
การลังเล	ความโลเล
ช่วงเวลาจดจ่อ	สมาธิ
การตั้งสมาธิ	การมีสมาธิจดจ่อ	การรวบรวมสมาธิ
การจดจ่อ	การเพ่งความสนใจ	การเพ่งสมาธิ	การโฟกัส
การระวังระไว	การเฝ้าระวัง
ความรู้สึก	ฟิลลิ่ง
ซิกท์เซนส์	สัมผัสที่หก
การรับความรู้สึก	การรับรู้ทางอายตนะ
รส	รสชาติ
รส	รสเครื่องปรุง
รสมะนาว	รสเลมอน
ความหวาน	รสหวาน
ความเปรี้ยว	รสเปรี้ยว
ความขม	รสขม
กลิ่นฉุน	กลิ่นฉุนแสบจมูก
ดนตรี	มิวสิค	เพลง	เสียงดนตรี	เสียงเพลง
เพลงเปียโน	เสียงเปียโน
ฮาร์โมนิก	เสียงฮาร์มอนิก	เสียงฮาร์โมนิก
เสียงโอเวอร์โทน	โอเวอร์โทน
การวิจารณ์	การวิพากษ์วิจารณ์
การประเมิน	การประเมินค่า
เกรด	แต้ม
การตัดเนื้อออกตรวจ	การตัดเนื้อเยื่อไปตรวจ
การนับถืออย่างแรงกล้า	ความคลั่งไคล้
ความจำ	ความทรงจำ
ความฝัน	ฝัน	พระสุบิน	สุบิน
การวาดฝัน	ความคิดฝัน	ความฝัน
การฝันกลางวัน	การฝันหวาน
กระบวนการคิดขั้นสูง	กระบวนการคิดระดับสูง
การคิด	ความคิด
การคิดสังเคราะห์	การคิดเชิงสังเคราะห์
การคิดเชิงนามธรรม	การคิดเชิงเหตุผล
แนวความคิด	แนวคิด
การทำนายโชคชะตา	ทักษาพยากรณ์
การดูลายมือ	พยากรณ์ศาสตร์ด้านลายมือ
การคิดพิจารณา	การพิจารณา
การครุ่นคิด	การไตร่ตรอง
การทำสมาธิ	การเข้าฌาน
การค้นหาตนเอง	การวิเคราะห์ตนเอง
การเปลี่ยนความคิด	การเปลี่ยนใจ
ชอยซ์	ตัวเลือก
ของที่ชอบ	สิ่งที่ชอบ
ชอยซ์	ตัวเลือก	ทางเลือก	ออปชั่น
ทาง	ทางออก	ลู่ทาง
สิ่งที่ทำได้	สิ่งที่เป็นไปได้
ฐาน	รากฐาน
การคิดพิจารณา	ความรอบคอบ
มาตรฐานเปรียบเทียบ	เงื่อนไขควบคุม
การสำรวจความเห็น	การสำรวจประชามติ
การรู้จักตนเอง	การเข้าใจตนเอง
ประกาย	แสงวาบ
สาระ	สารัตถะ	เนื้อหา
ชีวิตจริง	โลกความเป็นจริง
เอกภพ	เอกภพของสรรพสาระ
ข้อมูล	ดาต้า
ค่ามาตรวัด	ค่ามิเตอร์
ข้อเท็จจริง	ความจริง
ตัวอย่างที่แย่	ตัวอย่างที่ไม่ดี
ข้อมูลแวดล้อม	ปัจจัย	เงื่อนไข
ข้อมูลพื้นฐาน	พื้นความรู้
สิ่งกระตุ้น	สิ่งเร้า	แรงกระตุ้น
ภาระ	หน้าที่
ความเศร้า	ความเศร้าโศก	ความโศกเศร้า
ความคิด	ไอเดีย
เชื้อ	เมล็ดพันธุ์
คอนเซปต์	มโนทัศน์	มโนภาพ	แนวคิด
ความเห็นต่อท้าย	คำตัดสิน
ชนิด	ประเภท	ฟอร์ม	รูปแบบ	แบบ
รูปแบบทางศิลปะ	รูปแบบศิลปะ
รูปแบบทางสถาปัตยกรรม	รูปแบบสถาปัตยกรรม
ตรา	ยี่ห้อ	แบรนด์
แนว	แบบ
จำพวกเดียวกัน	ประเภทเดียวกัน
กฎ	กฎระเบียบ	ระเบียบ	ระเบียบข้อบังคับ
กฎ	สูตร
กฎการทำงาน	กฎระเบียบการทำงาน
จุดศูนย์	ซีโร่	ศูนย์
ค่าลักษณะเฉพาะ	ค่าเฉพาะ
จำนวนอาร์กิวเมนต์	จำนวนอาร์กิวเมนต์ของการดำเนินการ	อาริตี้
ความสัมพันธ์	สหสัมพัทธ์
ตัวแปรทางสถิติ	พารามิเตอร์
ผล	ผลคูณ	ผลลัพธ์
จำนวนสองเท่า	ทวีคูณ
ค.ร.น.	คูณร่วมน้อย
ผลคูณจุด	ผลคูณภายใน	ผลคูณเชิงสเกลาร์
พาร์ต	ส่วน
ยูนิต	หน่วย
กฎ	กฎธรรมชาติ
กฎ	หลัก
กฎของอาร์คิมีดีส	หลักของอาร์คิมีดีส
กฎของอโวกาโดร	สมมติฐานของอโวกาโดร
กฎของดาลตัน	กฎความดันย่อยของดาลตัน
กฎของชาร์ลส์	กฎของปริมาตร	กฎของเกย์ลูสแซก
กฎแรงโน้มถ่วง	กฎแรงโน้มถ่วงของนิวตัน
กฎการเคลื่อนที่ของนิวตัน	กฎของนิวตัน
กฎการเคลื่อนที่ข้อหนึ่ง	กฎการเคลื่อนที่ข้อหนึ่งของนิวตัน	กฎข้อหนึ่งของนิวตัน
กฎของปาสคาล	กฎความดันของเหลวของปาสคาล
ทฤษฎีสถานะคงตัว	ทฤษฎีแห่งการดำรงอยู่	ทฤษฎีแห่งการสร้างสรรค์ต่อเนื่อง
แบบจำลอง	โมเดล
ภูตผี	ภูตผีปีศาจ
จานบิน	จานผี	ยูเอฟโอ
เรือปีศาจ	เรือผีสิง	เรือฟลายอิงดัตช์แมน
ผี	ผีสาง	วิญญาณ
แผน	แผนการ
โครงการ	โปรแกรม
แผนหลัก	แผนแม่บท
พิมพ์เขียว	แม่แบบ
กลยุทธ์	แทกติกส์
แผนก่อการร้าย	แผนชั่วร้าย
บัญชีเงินบำนาญรายบุคคล	ไออาร์เอ
แบบแผนต้นแบบ	โรดแมพ	ไกด์ไลน์
ความเฉลียวใจ	ความเฉลีึ่ยวใจ
จิต	จิตใจ	ใจ
การมองการณ์ไกล	การมีวิสัยทัศน์
ตีม	แก่นเรื่อง
สาระ	เนื้อหา	เนื้อๆ	แก่น	แก่นความคิด	ใจกลาง
บท	บทบาท	บทบาทการแสดง
ตัวพระ	พระเอก
ทิวทัศน์	มุมมอง
ต้นแบบ	แบบอย่าง
ภาพสามมิติ	สามมิติ
ความมั่นใจ	ความศรัทธา	ศรัทธา
ปรัชญา	ระบบความคิด	ลัทธิ	สำนักความคิด	สำนักคิด
ปรัชญา	แนวคิด
ความคิดเห็น	ความเห็น
ลัทธิสุปรีมาติสม์	อนุตรนิยม
ลัทธิชนเผ่า	เผ่าพันธุ์นิยม
คุณค่า	ค่านิยม
หลักจริยธรรม	หลักศีลธรรม
ปรัชญา	ลัทธิ
รูปแบบนิยม	ลัทธิพิธีรีตอง
ชาตินิยม	ลัทธิคลั่งชาติ	ลัทธิชาตินิยม
ชาตินิยม	ลัทธิชาตินิยม
มนุษยนิยม	ลัทธิมนุษยนิยม
มนุษยธรรมนิยม	มนุษยนิยม
ลัทธิสตรีนิยม	สตรีนิยม	เฟมินิสม์
ทฤษฎีความงาม	หลักแห่งความงาม
ปรัชญาขงจื๊อ	ลัทธิขงจื๊อ
ดิคอนสตรักชันนิสม์	ทฤษฎีรื้อสร้าง	ทฤษฎีรื้อโครงสร้าง
ปรัชญาอัตถิภาวนิยม	ปรัชญาเอ็กซิสเตนเชียลิสม์	อัตถิภาวนิยม	เอ็กซิสเตนเชียลิสม์
ธรรมชาตินิยม	ลัทธิธรรมชาตินิยม
สัจนิยม	เรียลิสม์
สัญวิทยา	สัญศาสตร์
ลัทธิอัตนัยนิยม	อัตนัยนิยม
ปรัชญาเต๋า	ลัทธิเต๋า
การปฏิเสธความเชื่อ	การไม่เชื่อ
จุดหมาย	จุดหมายปลายทาง	ปลายทาง
เจตจำนง	เจตนารมณ์
ความรู้	ความรู้จากการศึกษา
ภูมิปัญญาชาวบ้าน	ภูมิปัญญาท้องถิ่น	ภูมิปัญญาพื้นบ้าน
คติชน	คติชาวบ้าน
การผิดหวัง	การมีตาสว่าง
ความไม่รู้	อวิชชา
ทฤษฎีแรงโน้มถ่วง	ทฤษฎีแรงโน้มถ่วงของนิวตัน
ทฤษฎีทางเศรษฐศาสตร์	ทฤษฎีเศรษฐศาสตร์
ทฤษฎีบริโภคนิยม	แนวคิดบริโภคนิยม
วิชา	ศาสตร์	สาขา
ทฤษฎีการสื่อสาร	นิเทศศาสตร์
วิชาเอก	เมเจอร์
ฐานความรู้	แวดวง
คณิต	คณิตศาสตร์	เลข	แม็ท
เรขาคณิตเชิงพาลาโบลา	เรขาคณิตแบบยุคลิด
เรขาคณิตรีมันน์	เรขาคณิตอิลลิปติก
เรขาคณิตพรรณนา	เรขาคณิตเชิงภาพฉาย
ตรีโกณ	ตรีโกณมิติ
ช่วงปิด	ช่วงปิืด
ทอพอโลยี	โทโพโลยี
ค่าเบี่ยงเบนเฉลี่ย	ส่วนเบี่ยงเบนเฉลี่ย
ค่ามัธยฐาน	มัธยฐาน
ค่าเฉลี่ย	มัชฌิม
ค่าสัมประสิทธิ์	สัมประสิทธิ์สหสัมพันธ์
สถิตินอนพาราเมตริก	สถิติแบบไม่มีพารามิเตอร์	สถิติไร้พารามิเตอร์
ชีววิทยา	ชีวะ	วิชาชีวะ	วิทยาศาสตร์ชีวภาพ
ชีวมิติ	ชีวสถิติศาสตร์
นาฬิวิทยา	วิทยาหลอดเลือดและหลอดน้ำเหลือง
ทันตกรรม	ทันตแพทยศาสตร์
ทันตกรรมตกแต่ง	ทันตกรรมเสริมสวย
ทันตกรรมประดิษฐ์	วิชาทันตกรรมประดิษฐ์
วิทยาการจำแนกโรค	ศาสตร์การวินิจฉัยโรค
กายวิภาค	กายวิิภาคศาสตร์
กายวิภาคศาสตร์เฉพาะส่วน	โทโปโลยี
วิทยาไส้ตรงและทวารหนัก	ศัลยศาตร์ลำไส้ใหญ่และทวารหนัก
การแพทย์อวกาศ	เวชศาสตร์อวกาศ
อุรเวชกรรม	อุรเวชศาสตร์
วิชาเคมี	วิทยาศาสตร์เคมี	เคมี
ฟิสิกส์	วิชาฟิสิกส์	วิทยาศาสตร์กายภาพ
ฟิสิกส์อะตอม	วิชาฟิสิกส์นิวเคลียร์
ฟิสิกส์ควอนตัม	วิชาฟิสิกส์ควอนตัม
ทฤษฎีสัมพฤตินิยม	สัมพฤตินิยม
กฎการอนุรักษ์พลังงาน	กฎทรงพลังงาน
ทฤษฎีคลื่น	ทฤษฏีคลื่น
ทฤษฎีจลน์	ทฤษฎีจลน์ของก๊าซ
ทฤษฎีสัมพันธภาพทั่วไป	ทฤษฎีสัมพันธภาพทั่วไปของไอสไตน์
ทฤษฎีสัมพันธภาพเฉพาะ	ทฤษฎีสัมพันธภาพเฉพาะของไอสไตน์
กลศาสตร์แบบฉบับ	กลศาสตร์แบบนิวตัน
ทอพอโลยี	โทโพโลยี
วิทยาศาสตร์ประยุกต์	วิศวกรรมศาสตร์	วิศวกรรมศาสตร์ประยุกต์
การยศาสตร์	เทคโนโลยีชีวภาพศาสตร์
เทคโนโลยีชีวภาพ	ไบโอเทค
การตัดต่อดีเอ็นเอ	การตัดต่อพันธุกรรม	การตัดต่อยีนส์	พันธุวิศวกรรม
ปัญญาประดิษฐ์	เอไอ
การแปลภาษาด้วยคอมพิวเตอร์	การแปลภาษาด้วยเครื่อง	การแปลภาษาด้วยเครื่องคอมพิวเตอร์	แมชชีนทรานสเลชั่น
วิทยาการหุ่นยนต์	โรโบติกส์
การใช้หุ่นยนต์ระยะไกล	เทเลโรโบติกส์
เทคโนโลยีสารสนเทศ	ไอที
วิทยาการสารสนเทศ	สนเทศศาสตร์
นิยันตศาสตร์	ไซเบอร์เนติกส์
วิชาโบราณคดี	โบราณคดี
โบราณคดีใต้ทะเล	โบราณคดีใ้ต้ทะเล
มานุษยวิทยาวัฒนธรรม	มานุษยวิทยาสังคม
เศรษฐศาสตร์	เศรษฐศาสตร์การเมือง
การเงิน	สาขาการเงิน
มนุษยศาสตร์	ศิลปศาสตร์	อักษรศาสตร์
ภาษาอังกฤษ	วิชาภาษาอังกฤษ	วิชาอังกฤษ	อังกฤษ	อิ๊ง
ประวัติศาสตร์ศิลปะ	ประวัติศาสตร์ศิลป์
จิตรกรรม	วิจิตรศิลป์
ปรัชญา	วิชาปรัชญา
กฎหมาย	ปรัชญากฎหมาย
ตรรกวิทยา	ตรรกศาสตร์	วิชาลอจิก
ตรรกศาสตร์เชิงประพจน์	แคลคูลัสเชิงประพจน์
ตรรกวิทยาอัญรูป	ตรรกศาสตร์อัญรูป
ทฤษฎีทางปรัชญา	ทฤษฎีปรัชญา	ลัทธิทางปรัชญา	แนวคิดทางปรัชญา
ทฤษฎีมานุษยวิทยาโครงสร้าง	โครงสร้างนิยม
การศึกษาวรรณกรรม	วรรณคดีศึกษา
การศึกษาเกี่ยวกับรหัสสัญญาณ	วิทยาการรหัสลับ
สัทวิทยา	สัทศาสตร์
วิทยาหน่วยคำอนุพันธ์	วิทยาหน่วยคำแปลง
อรรถศาสตร์ปริชาน	อรรถศาสตร์พุทธิปัญญา
คริสตศาสนาวิทยา	พระคริสต์วิทยา
ลัทธิยานเซน	ลัทธิแจนเซอนิสม์
นิกายเควเกอร์	ลัทธิเควเกอริสม์
วิชาว่าด้วยความรอด	โมกขวิทยา
ทรรศนะ	ทัศนคติ
วัฒนธรรมในโลกออนไลน์	วัฒนธรรมไซเบอร์	ไซเบอร์คัลเจอร์
คติบิดาเป็นใหญ่	ปิตาธิปไตย
อิสลาโมโฟเบีย	โรคเกลียดกลัวอิสลาม
ลัทธิความเป็นอคติต่อชาวเซมิติค	แอนตี้เซมิติสม์
ทรรศนะ	มุมมอง	แง่มุม
กฎนิยม	ลัทธิถือกฎหมาย
ทฤษฎีการเมือง	ทฤษฎีทางการเมือง
ลัทธิเบ็ดเสร็จนิยม	เผด็จการ
มาเคียเวลลิสม์	ลัทธิมาเคียเวลลี
คอมมิวนิสม์	ลัทธิคอมมิวนิสม์	สังคมนิยม
ลัทธิแบ่งแยก	ลัทธิแบ่งแยกสีผิว
ลัทธินอสติซิสม์	ลัทธิไญยนิยม
คาลวินิสม์	นิกายคาลวิน
ศาสนาจูดาย	ศาสนายูดาย
ลัทธิฮินดู	ศาสนาฮินดู
ลัทธิพราหมณ์	ศาสนาพราหมณ์
ลัทธิโยคะ	โยคะ
ศาสนาเชน	ศาสนาไชนะ
พุทธศาสนา	ศาสนาพุทธ
พุทธศาสนานิกายมหายาน	มหายาน
พุทธศาสนานิกายเถรวาท	เถรวาท
นิกายหีนยาน	หีนยาน
นิกายลามะ	พุทธศาสนานิกายธิเบต
พุทธศาสนานิกายเซน	ลัทธิเซน	เซน
ลัทธิวูดู	วูดู
กฎแห่งความสมบูรณ์	กฎแห่งความสิ้นสุด
ภาษาศาสตร์วรรณนา	ภาษาศาสตร์แบบบรรยาย
การติดต่อ	การติดต่อสื่อสาร	การสื่อสาร
ข้อความ	แมสเซจ
ข้อความรหัสลับ	รหัสลับ
กระดาษสำหรับเขียนและพิมพ์	ชีต
หน้า	หน้าหนังสือ
หมายเลขหน้า	เลขหน้า
ช่อง	ช่องสัญญาณ	แชนเนล
การสื่อสารมวลชน	สื่อสารมวลชน
ฟิลม์	เซลลูลอยด์	แผ่นฟิลม์
จอฉายภาพยนตร์	จอฉายหนัง	จอเงิน
สิ่งพิมพ์	สื่อสิ่งพิมพ์
การกระจายเสียง	การออกอากาศ
น.ส.พ.	นสพ.	หนังสือพิมพ์
หนังสือพิมพ์แท็บลอยด์	แท็บลอยด์
คอลัมน์	คอลัมน์หนังสือพิมพ์
บทความทางวิชาการ	บทความวิชาการ	เปเปอร์
ฉบับปรับปรุงใหม่	หนังสือฉบับปรับปรุงใหม่
ประโยคเปิด	วรรคนำ
ระบบเสียงตอบรับโทรศัพท์	ระบบเสียงตอบรับโทรศัพท์อัตโนมัติ	วอยซ์เมล์
การโทร	การโทรศัพท์
สายเข้า	สายโทรเข้า
การโทรทางไกล	การโทรศัพท์ทางไกล	โทรศัพท์ทางไกล
การโทรปลุก	การโทรศัพท์ปลุก
การส่งโทรเลข	เทคนิคการส่งโทรเลข
ข้อความทางโทรศัพท์	เทโลโฟนแมสเซจ	โฟนแมสเซจ
มักซ์	มัลติเพล็กซ์	สหสัญญาณ
การถ่ายทอดโทรทัศน์	การแพร่ภาพ
การสื่อสารทางอิเล็กทรอนิกส์	การสื่อสารอิเล็กทรอนิกส์
อีเมล์	เมล์	ไปรษณีย์อิเล็กทรอนิกส์
จดหมายขยะ	สแปม
การส่งข้อความ	การส่งข้อความอิเล็กทรอนิกส์	การส่งแมสเซจ
ทัศนศาสตร์เส้นใย	วิทยาการเส้นใยนำแสง	ไฟเบอร์ออฟติก
ระบบเอเอ็ม	เอเอ็ม
การกล้ำความถี่	เอฟเอ็ม
ภาษาปลายทาง	ภาษาเป้าหมาย
หน่วยทางภาษา	หน่วยภาษา
คำอนุพันธ์	คำแปลง
พหูพจน์	รูปพหูพจน์
รูปเอกพจน์	เอกพจน์
ธาตุ	ราก	รากคำ	รากศัพท์
คำแม่	ศัพท์หลัก
คำพ้องความ	คำพ้องความหมาย	ไวพจน์
รูปย่อยหน่วยคำ	หน่วยคำย่อย	อัญรูปหน่วยคำ
คำลักษณนาม	ลักษณะนาม
กรรตุการก	การกประธาน
กรรมรอง	การกกรรมรอง
โครงสร้างทางไวยากรณ์	โครงสร้างประโยค
คำนาม	น.	นาม
ก.	กริยา	คำกริยา
ค.	คำคุณศัพท์	คุณศัพท์
คำวิเศษณ์	ว.	วิเศษณ์
น.	นาม
คำคุณศัพท์	คุณศัพท์
คำวิเศษณ์	วิเศษณ์
กาล	เทนส์
ปัจจุบันกาล	เพรสเซนต์เทนส์
พาสเทนส์	อดีตกาล
กริยาวลี	กว.
ผู้รับประโยชน์	หน้าที่ผู้รับประโยชน์
ชื่อ	ชื่อเสียงเรียงนาม	นาม
ชื่อไฟล์	ไฟล์เนม
ชื่อสกุล	นามสกุล
ชื่อสกุลก่อนแต่งงาน	นามสกุลก่อนแต่งงาน
ชื่อจริง	ชื่อแรก
นามปากกา	นามปากา
ชื่อผู้แต่ง	นามปากกา	นามแฝง
ชื่อ	ชื่อที่อยู่
น.ส.	นางสาว	มิส
นาย	มร.	มิสเตอร์
นาง	มิสซิส
ข้อความคั่น	หัวคั่น
ข่าวพาดหัว	พาดหัว	พาดหัวข่าว
พาดหัวข่าวหวือหวา	พาดหัวข่าวเร้าอารมณ์
พาดหัวข่าว	พาดหัวยักษ์เต็มหน้า
การสื่อสารด้วยการเขียน	ภาษาเขียน
ระบบการเขียน	อักขรวิธี
ภาษาเขียนอาร์เมเนียน	อักษรอาร์มีเนียน
การสะกด	การสะกดคำ
รหัส	โค้ด
ข้อความปริศนา	ข้อความรหัส
รหัสมอร์ส	รหัสมอส
พารามิเตอร์	อาร์กิวเมนต์
รหัสจุดหมาย	ออบเจ็กต์โค้ด
อินเตอร์เน็ตไซต์	เว็บ	เว็บไซต์	ไซต์
ห้องสนทนา	ห้องแชท	แชทรูม
พอร์ตทัลไซต์	เว็บพอร์ตทัล
ระบบอักษรภาพ	อักษรภาพ
อักษรแทนหน่วยเสียง	อักษรแทนเสียง
ระบบอักษรแทนความคิด	อักษรแทนความคิด
อักษรภาพเฮียโรกลิฟ	อักษรเฮียโรกลิฟฟิก
อักษรสำหรับคนตาบอด	อักษรเบรลล์
งานประพันธ์	วรรณกรรม
บันเทิงคดี	เรื่องแต่ง
นวนิยาย	นิยาย
นวนิยายนักสืบ	นวนิยายสืบสวนสอบสวน	นิยายนักสืบ
นวนิยายแห่งจินตนาการ	นิยายพาฝัน	นิยายรักโรแมนติค
สตอรี่	เรื่อง	เรื่องราว
นวนิยายลึกลับ	เรื่องลึกลับ
นิทานคำสอน	นิทานสอนศีลธรรม
ตำนานท้องถิ่น	นิทานปรัมปรา
จุดขมวดปมปัญหา	จุดไคลแม็กซ์
การวิจารณ์วรรณกรรม	งานวิจารณ์วรรณกรรม
งานเขียนร้อยแก้ว	ร้อยแก้ว	วรรณกรรมร้อยแก้ว
บทกวี	โคลงกลอน
นิทานขับลำ	นิทานพื้นบ้านคำกลอน	ลำนำนิทาน
ชนบทพรรณนา	เพลงชนบท
เพลงกำสรด	โศลก
กลอนเปล่า	ร้อยกรองไร้สัมผัส
บทสามบาทสัมผัส	เทอร์ซารีมา
บทกวี	โคลงกลอน
บทกระทบอารมณ์	บทแรปโซดี
คำประพันธ์สดุดีวีรกรรม	ึคำประพันธ์สดุดีวีรกรรม
งานเขียนด้อยคุณภาพ	งานเขียนไร้คุณภาพ
ตัวบท	เนื้อหา
ก็อปปี้	ฉบับก็อปปี้	ฉบับสำเนา
อิเล็กทรอนิกเท็กซ์	เอกสารอิเล็กทรอนิกส์
ฉบับไม่พิมพ์	สำเนาชั่วคราว	สำเนาอิเล็กทรอนิกส์
มาตรา	หัวข้อ
ช่วงปิดการสนทนา	ตอนจบ	ตอนสุดท้าย
บทคัดย่อ	ส่วนที่ตัดมา
บันทึกประจำวัน	ไดอะรี่
บล็อก	เว็บบล็อก
การเขียนตัวพิมพ์ใหญ่	การเขียนพิมพ์ใหญ่	การเขียนอักษรตัวใหญ่	การเขียนอักษรพิมพ์ใหญ่
การพิมพ์ระบบสัมผัส	การพิมพ์สัมผัส	การพิมพ์แบบสัมผัส
ลายมือ	ลายมือเขียน	ลายมือเขียนหนังสือ
การเขียนบนท้องฟ้า	การเขียนอักษรบนท้องฟ้า
ศิลปะการเขียนตัวอักษร	อักษรวิจิตร	อักษรศิลป์
ลายมืออ่านยาก	ลายมือไก่เขี่ย
คำจารึกบนหลุมฝังศพ	คำจารึกเหนือหลุมฝังศพ
ธีซิส	วิทยานิพนธ์	สารนิพนธ์
บทความ	รายงาน	เปเปอร์
บทความวิจารณ์	บทวิจารณ์
หนังสือ	หนังสือหนังหา
ตำราทำอาหาร	ตำราอาหาร	หนังสือทำอาหาร
คู่มือ	คู่มือการใช้งาน	คู่มือใช้งาน	หนังสือคู่มือ
หนังสือนิทาน	หนังสืออ่านสำหรับเด็ก
หนังสือเล่มเล็กๆ	แผ่นพับ	โบรชัวร์
ตำรับตำรา	ตำรา	ตำราเรียน	หนังสือเรียน	เท็กต์
หนังสือกวดวิชา	หนังสือเตรียมสอบ	เฉลยข้อสอบ
ตำราพื้นฐาน	ตำราเรียนพื้นฐาน	ตำราเรียนเบื้องต้น	หนังสือเรียนพื้นฐาน	หนังสือเรียนเบื้องต้น
ตำราฝึกอ่าน	หนังสือฝึกอ่าน
หนังสือสอนการสะกดคำ	หนังสือสะกดคำ
ตำราอ้างอิง	หนังสืออ้างอิง
ดิก	ดิกชันนารี	ปทานุกรม	พจนานุกรม
พจนานุกรมภูมิศาสตร์	อักขรานุกรมภูมิศาสตร์
บัญชีคำศัพท์	รายการคำศัพท์
ศัพทานุกรม	อภิธานศัพท์
คลังคำ	อรรถาภิธาน
คัมภีร์	ไบเบิล
คู่มือนำเที่ยว	หนังสือนำเที่ยว	ไกด์บุ๊ค
หมายเลขประจำตัว	เลขประจำตัว
เลขที่บัญชี	เลขบัญชีธนาคาร
หมายเลขโทรศัพท์	เบอร์โทร	เบอร์โทรศัพท์
สมุดแผนที่	หนังสือแผนที่
สารานุกรม	เอนไซโคลปีเดีย
การตรวจแก้	การอีดิต
การตัด	ส่วนตัดออก
การปรับปรุงใหม่	การเขียนปรับปรุง
การเปลี่ยนคำ	การเปลี่ยนวลี
งานเขียนทางด้านศาสนา	วรรณกรรมศาสนา
คัมภีร์ไบเบิล	พระคัมภีร์	ไบเบิล
หนังสือเพลงซาโลมอน	หนังสือเพลงโซโลมอน
พระวรสารนักบุญมัทธิว	พระวรสารนักบุญแมทธิว
หมวดปัญจบรรพ	โตราห์
พระกิตติคุณ	พระวรสาร
คัมภีร์อะพอครีฟา	อะพอครีฟา
คัมภีร์กุรอ่าน	คัมภีร์อัลกุรอ่าน
คัมภีร์ทัลมุด	พระคัมภีร์ทัลมุด
มนตรา	มนต์
สรุป	สรุปผล	ใจความสรุป
ฉบับย่อ	บทย่อ
ซีวี	ประวัติการทำงาน	ประวัติการศึกษา
ตารางสรุปผลคะแนน	สรุปผลคะแนน
ประกาศนียบัตร	หนังสือรับรอง	ใบรับรอง
เควสชันแนร์	แบบสอบถาม
บัตรสมาชิก	เมมเบอร์การ์ด
บัตรสมาชิกสหภาพแรงงาน	บัตรสหภาพแรงงาน
บัตรสมาชิกห้องสมุด	บัตรห้องสมุด
ประกาศนียบัตร	วุฒิบัตร
เอกสารทางกฎหมาย	เอกสารราชการ
ตราสารอนุพันธุ์	ตราสารอนุพันธ์
สัญญาซื้อขายล่วงหน้า	สัญญาฟิวเจอร์ส
บัญชี	บัญชีรายการ	บัญชีรายชื่อ	รายการ	รายชื่อ	รายนาม	ลิสต์
ปาปีรัส	สมุดปาปีรัส
กำหนดการ	ระเบียบวาระการประชุม
บรรณานุกรม	รายชื่อหนังสืออ้างอิง
บิล	ใบเก็บเงิน
บัญชีสินค้า	รายการสินค้า
บัญชีดำ	แบล็กลิสต์
กุญแจ	คีย์
คำกุญแจ	คำไขรหัส	คีย์เวิร์ด
รายการอาหาร	เมนู	เมนูอาหาร
บัญชีราคา	บัญชีราคาสินค้า
ตัวอักษร	อักษร
อักษรลาติน	อักษรโรมัน
อักษรแทนหน่วยเสียง	อักษรแทนเสียง
กระดาษซับหมึก	สมุดบันทึก
บันทึกย่อ	โน้ต	โน้ตย่อ
เส้นเวลา	ไทม์ไลน์
สโคเลีย	สโคเลียม
บัตรจดคะแนน	บัตรบันทึกคะแนน
จดหมายลาออก	ใบลาออก
ประวัติคนไข้	เวชระเบียน
ชีวประวัติ	ประวัติ	ประวัติชีวิต
ประวัติย่อ	โปรไฟล์
บิล	ใบเสร็จ	ใบเสร็จรับเงิน	ใบแจ้งราคาสินค้าที่ขายให้	ใบแจ้งหนี้
คูปอง	บัตรกำนัล
ตั๋ว	บัตร
ตั๋วรถเมล์	ตั๋วรถโดยสาร	ตั๋วรถโดยสารประจำทาง
ตั๋วไป-กลับ	ตั๋วไปกลับ
สัญญา	หนังสือสัญญา
กฎ	กฎหมาย	กม.
ร่างกฎหมาย	ร่างพระราชบัญญัติ
การพิพากษา	คำพิพากษา	คำสั่งอย่างเป็นทางการ	พระราชกฤษฎีกา
ข้อห้าม	คำสั่งห้าม
คำสั่ง	เอกสารอนุญาต
คอมพิวเตอร์ซอฟต์แวร์	ซอฟต์แวร์	โปรแกรมสำเร็จ
การออกแบบใช้คอมพิวเตอร์ช่วย	แคด
ระบบการทำงาน	ระบบปฏิบัติการณ์
โปรแกรม	โปรแกรมคอมพิวเตอร์
แอพพลิเคชั่น	โปรแกรมคอมพิวเตอร์	โปรแกรมประยุกต์	โปรแกรมใช้งาน
เบราว์เซอร์	เว็บเบราว์เซอร์	โปรแกรมค้นดู	โปรแกรมเบราเซอร์
อินเทอร์เน็ตเอกซ์พลอเรอร์	เอกซ์พลอเรอร์	ไออี
เวิร์ดโปรเซสเซอร์	โปรแกรมประมวลคำ
แอสเซมเบลอร์	โปรแกรมภาษาแอสแซมบลี	โปรแกรมแอสแซมบลี
คอมไพเลอร์	ตัวแปลโปรแกรม
ดีบักเกอร์	โปรแกรมตรวจแก้จุดบกพร่อง
โปรแกรมบรรณาธิกร	โปรแกรมอิดิเตอร์
ส่วนต่อประสานกับผู้ใช้	อินเตอร์เฟซ	โปรแกรมต่อประสาน
โปรแกรมแปล	โปรแกรมแปลคำสั่ง
บรรณาธิกรณ์ข้อความ	เท็กซ์อิดิเตอร์	โปรแกรมเท็กซ์อิดิเตอร์
ตัวแจง	ตัวแจงส่วน	พาร์เซอร์
เสิร์ชเอนจิน	โปรแกรมค้นหา
ซอฟต์แวร์ระบบ	ส่วนชุดคำสั่งระบบ
ทรานสเลเตอร์	โปรแกรมแปล
ยูทิลิตี้	โปรแกรมอรรถประโยชน์
ฐานข้อมูลคอมพิวเตอร์	ฐานข้อมูลระบบออนไลน์	ฐานข้อมูลอิเล็กทรอนิก
สิ่งตีพิมพ์	สิ่งพิมพ์	สื่อสิ่งพิมพ์
หนังสือที่ตีพิมพ์ทั้งหมด	หนังสือที่พิมพ์ทั้งหมด
ฉบับที่ตีพิมพ์	หนังสือที่ตีพิมพ์	เล่มที่ตีพิมพ์
วารสารที่ออกตามเวลา	หนังสือที่ออกตามเวลา
วารสารรายสัปดาห์	หนังสือรายสัปดาห์
วารสารรายเดือน	หนังสือรายเดือน
วารสารรายสี่เดือน	หนังสือรายสี่เดือน
วาสารรายสองเดือน	หนังสือรายสองเดือน
วารสารรายปักษ์	หนังสือรายปักษ์
นิตยสาร	แมกกาซีน
นิตยสารราคาถูก	แมกกาซีนราคาถูก
การอ่าน	การอ่านคร่าวๆ
คอนเท็นต์	เนื้อหา	เนื้อเรื่อง
ข้อความในวงเล็บ	เรื่องนอกประเด็น
แก่นเรื่อง	ใจความสำคัญ
ความแตกต่างทางความหมาย	ความแตกต่างเพียงเล็กน้อย
คำพูดติดปาก	คำพูดหรูหรา
เรื่องเหลวไหล	เรื่องไร้สาระ
เรื่องเหลวไหล	เรื่องไร้สาระ
คำด่า	คำหยาบ
วรรณกรรมไร้คุณค่า	เรื่องไร้สาระ
ข่าวตัด	ข่าวตัดจากหนังสือ
ท่อน	แทร็ก
ภาพยนตร์	หนัง
ฉาก	ซีน
โฮมมูวี่	โฮมวิดีโอ
ภาพยนตร์ตัวอย่าง	หนังตัวอย่าง
ภาพยนตร์สั้น	หนังสั้น
การ์ตูน	ภาพยนตร์การ์ตูน	หนังการ์ตูน
ภาพยนตร์สารคดี	หนังสารคดี
หนังผู้ใหญ่	หนังลามก	หนังวาบหวิว	หนังสยิว	หนังอาร์	หนังเอวี	หนังเอ็กซ์	หนังโป๊
ภาพยนตร์เงียบ	ภาพยนตร์ใบ้	หนังเงียบ	หนังใบ้
ภาพยนตร์สามมิติ	หนังสามมิติ
การแสดง	การแสดงโชว์	โชว์
รายการ	รายการออกอากาศ
ข่าว	รายการข่าว
รายการที่ออกอากาศซ้ำ	เทปออกอากาศซ้ำ	เทปเก่า
ทอล์กโชว์	รายการทอล์กโชว์
รายการทีวี	รายการโทรทัศน์
รายการเกมโชว์	เกมโชว์
รายการตอบคำถาม	เกมโชว์ตอบคำถาม
ชุด	ซีรีย์
จ.ม.	จดหมาย	จม.
จดหมายอากาศ	แอร์เมล์
จดหมายสั้นๆ	โน้ตย่อ
หนังสือแสดงความตั้งใจ	หนังสือแสดงเจตนา
การ์ดวันเกิด	การ์ดอวยพรวันเกิด
การ์ดอวยพร	บัตรอวยพร	ส.ค.ส.
การ์ดอวยพร	บัตรอวยพร
การ์ดคริสต์มาส	การ์ดวันคริสต์มาส
โปสการ์ด	ไปรษณียบัตร
การตอนรับอย่างอบอุ่น	การต้อนรับอย่างอบอุ่น
ชาว	อะโลฮา
การทำวันทยหัตถ์	การทำวันทยาวุธ	วันทยหัตถ์	วันทยาวุธ
บัตรเชิญ	เทียบเชิญ
ข้อมูล	อินฟอร์เมชั่น
ข่าววงใน	ข่าวสาร
ข้อเท็จจริง	แฟ็กต์
การบันทึก	บันทึก
ฐานข้อมูล	ดาต้าเบส
พรินซ์ตันเวิร์ดเน็ต	เวิร์ดเน็ต
เครือข่ายคำ	เวิร์ดเน็ต
ค่าดัชนี	ดัชนี	ดัชนีชี้วัด	เลขดัชนี
ค่าดัชนีมวลกาย	ค่าดัชนีมวลร่างกาย	ดัชนีมวลกาย	ดัชนีมวลร่างกาย
ดัชนีค่าครองชีพ	ดัชนีราคาสินค้า
ดัชนีตลาดหุ้น	ดัชนีหุ้น
ข่าว	ข่าวสาร	ข้อมูลข่าวสาร
ร่องรอย	หลักฐาน
สัญลักษณ์	เครื่องหมาย
หลักฐานมัดตัว	หลักฐานในการจับกุม
การให้คำปรึกษา	ข้อชี้แนะ	คำปรึกษา	คำแนะนำ
ขีดสูงสุด	เพดานสูงสุด
ขั้น	ฐาน
การห้ามค้าขายระหว่างประเทศ	การห้ามนำเข้า
กฎระเบียบ	กฏระเบียบ
พาสเวิร์ด	รหัสผ่าน
กระบวนการพิมพ์	การพิมพ์
การพิมพ์ระบบโฟโตออฟเซท	การพิมพ์โฟโตออฟเซท
การพิมพ์ระบบออปเซท	การพิมพ์ออปเซท
ข่าวธุรกิจ	ข่าวเศรษฐกิจ
ข่างสั้น	ข่าวสั้น
รายงานด่วน	รายงานทางราชการ	แถลงการณ์ทางราชการ
สกู๊ป	สกู๊ปข่าว
ข่าวโทรทัศน์	รายการข่าวโทรทัศน์
คำอุทิศ	พันธะสัญญา
ความเห็นชอบ	ความเห็นพ้อง	ฉันทามติ
พาสปอร์ต	หนังสือเดินทาง
การสรรเสริญ	การแซ่ซ้อง
การตบมือ	การปรบมือ
เสียงเชียร์	เสียงโห่ร้อง
การร้องฮาเลลูยา	การร้องเพลงฮาเลลูยา
การชื่นชม	การแสดงความชื่นชม
การประจบ	การประจบประแจง	การประจบสอพลอ
การพูดจาหลอกล่อ	การเจรจา
ป.	ปริญญา
ป.ตรี	ปริญญาตรี
ปริญญาตรี	ศิลปศาสตร์บัณฑิต	อักษรศาสตร์บัณฑิต
ปริญญาตรีทางพยาบาลศาสตร์	พยาบาลศาสตร์บัณฑิต
ปริญญาตรีสาขาวิทยาศาสตร์	วิทยาศาสตร์บัณฑิต
ป.โท	ปริญญาโท
จิตรกรรมมหาบัณฑิต	ศิลปมหาบัณฑิต
ป.เอก	ปริญญาเอก
ปริญญาแพทยศาสตร์	แพทย์ศาสตร์ดุษฎีบัณฑิต
ศิลปศาสตร์ดุษฎีบัณฑิต	อักษรศาสตร์ดุษฎีบัณฑิต
น.บ.	นิติศาสตร์บัณฑิต
น.ม.	นิติศาสตร์มหาบัณฑิต
มงกุฎ	รางวัลสำหรับผู้ชนะ
เหรียญ	เหรียญตราเกียรติยศ	เหรียญรางวัล
การวิจารณ์ข้อผิดพลาด	การวิพากษ์วิจารณ์
การตำหนิ	การติเตียน
การขาดความเคารพ	การไม่เคารพ
การดูถูก	การเย้ยหยัน
การดูถูก	การพูดเย้ยหยัน
การป้ายสี	การพูดให้ร้าย	การใส่ร้ายป้ายสี
ปฏิทรรศน์	พาราด็อกซ์
ประกาศ	แถลงการณ์
การประกาศ	การประกาศอย่างหนักแน่น	การยืนยัน
ของกลาง	หลักฐาน
การหาข้อแก้ตัว	ข้อแก้ตัว
คำตอบ	วิธีแก้ปัญหา	เฉลย
คำอธิบายศัพท์	คำแปลศัพท์
ความหมายเดิมของคำ	ความหมายเดิมของศัพท์
คำนิยาม	นิยาม
การตอบรับ	การตอบสนอง	ผลตอบรับ
ประกาศ	แถลงการณ์
ข่าวมรณกรรม	ข่้าวมรณกรรม
การดูดวง	การดูดวงชะตา	การดูหมอ	การทำนายดวง	การทำนายดวงชะตา	การทำนายโชคชะตา
การคาดการณ์	การคาดคะเน	การคาดหมาย	การพยากรณ์
การพยากรณ์อากาศ	พยากรณ์อากาศ
ญัตติเฉพาะ	ประพจน์เฉพาะ
ประพจน์ญัตติสากล	ประพจน์สากล
ความเท็จ	เรื่องไม่จริง
คำโกหก	คำโป้ปด	เรื่องเท็จ	เรื่องโกหก	เรื่องโกหกมดเท็จ	เรื่องไม่จริง
เรื่องขี้โม้	เรื่องโม้
นิยายหลอกเด็ก	เรื่องน่าอัศจรรย์	เรื่องมหัศจรรย์	เรื่องเหลือเชื่อ
การอวดอ้าง	การอ้าง	การแอบอ้าง
คำบรรยาย	คำอธิบาย
การอ้างอิง	เชิงอรรถ
คำคม	คำพูดตลกๆ
การขุดคุ้ย	การเยาะเย้ย	คำพูดทิ่มแทง	คำพูดทิ่มแทงใจ	คำพูดเย้ยหยัน
การตกลง	การเจรจา
การทำสัญญา	สัญญา
สัญญาด้วยวา่จา	สัญญาปากเปล่า
เรื่องขำขัน	เรื่องขำๆ	เรื่องตลก	เรื่องตลกขบขัน	เรื่องฮา
ถ้อยคำเย้ยหยัน	ถ้อยคำเสียดสี
การล้อเล่น	การหยอกล้อ
มุก	มุกตลก	มุข	มุขตลก	เรื่องโจ๊ก	แก๊ก
ตลกลามก	ตลกหยาบโลน	เดอร์ตี้โจ๊ก	เรื่องสัปดน
ตลก	เรื่องตลก
ตลกฝืด	ตลกแห้ง
ภาพขำขัน	ภาพตลก
ภาพการ์ตูนล้อเลียน	ภาพล้อ	ภาพล้อเลียน	ภาพล้อเลียนบุคคล
การยั่วล้อ	การล้อ	การล้อเลียน	ภาพตลกล้อเลียน
ความคิดเห็น	ความเห็น	ทัศนะ
ข้อซักถาม	คำถาม
ปัญหา	โจทย์
การบ้าน	โจทย์	โจทย์ปัญหา
ปมปริศนา	ปมปัญหา	เงื่อนงำ
ปริศนาอักษรไขว้	เกมอักษรไขว้
ปริศนาธรรม	โกอาน
การจ่าหน้าซอง	ชื่อที่อยู่
หลักสันติอหิงสา	หลักอหิงสา	อหิงสา
ลัทธิ	หลักศาสนา
ซิก	สัญญาณ
ประกาศ	ป้ายโฆษณา	โปสเตอร์	ใบประกาศ
ป้ายริมถนน	ป้ายริมทาง
ป้ายชื่อบ้าน	ป้ายบริษัท	ป้ายร้านค้า
รอยเปื้อน	สัญลักษณ์
ตำหนิบนหู	รอยตำหนิที่หู
ดวงตราไปรษณียากร	ตราไปรษณียากร	แสตมป์
แสตป์สินค้า	แสตมป์แลกของ	แสตมป์แลกซื้อสินค้า
การสื่อสารของสัตว์	ภาษาสัตว์
สิ่งชี้บอก	สิ่งบ่งชี้	สิ่งบ่งบอก
เส้นกั้นห้องเพลง	เส้นแบ่งทำนองเพลง
สัญญาณขอความช่วยเหลือ	สัญญาณเตือนภัย
การตีกลอง	สัญญาณกลอง
ตัวเลขอารบิก	เลขอารบิก	เลขฮินดูอารบิก
สัญลักษณ์ทางคณิตศาสตร์	เครื่องหมายทางคณิตศาสตร์
ปอนด์	สัญลักษณ์เงินปอนด์
สัญกรณ์ฐานสอง	เลขฐานสอง
สัญกรณ์ฐานสิบ	เลขฐานสิบ
สัญกรณ์ฐานแปด	เลขฐานแปด
สัญกรณ์ฐานสิบสอง	เลขฐานสิบสอง
สัญกรณ์ฐานสิบหก	เลขฐานสิบหก
เครื่องหมายเท่ากับ	เท่ากับ
รูท	เครื่องหมายรูท
จุด	จุดทศนิยม
กำลัง	ตัวยกกำลัง	เลขชี้กำลัง
ลอการริทึมแบบเนเปียร์	ลอการิทึมธรรมชาติ
สัญลักษณ์ในการพิมพ์	สัญลักษณ์ในการเขียน
ลูกศร	ลูกศรชี้	ศรชี้
อักขระ	อักษร
ตัวอักษรยก	อักษรยก
ตัวอักษรห้อย	อักษรห้อย
ดอลลาร์	สัญลักษณ์ดอลลาร์	สัญลักษณ์เงินดอล
ปลาย	หัว
ตัวพิมพ์ใหญ่	อักษรตัวใหญ่	อักษรพิมพ์ใหญ่
ตัวพิมพ์เล็ก	อักษรพิมพ์เล็ก
ตัวพิมพ์	อักษรที่ใช้พิมพ์
ตระกูลของตัวพิมพ์	สกุลของตัวพิมพ์
ตัวอักษร	ฟอนต์	อักขระ	อักษร	แบบอักขระ	แบบอักษร
ตัวหนา	อักษรหนา
ตัวเอน	ตัวเอียง	อักษรเอียง
เครื่องหมายเปอร์เซนต์	เปอร์เซนต์
ตัวหนังสือ	ตัวอักษร	อักษร	อักษรแทนหน่วยเสียง	อักษรแทนเสียง
a	อักษรเอ	เอ
ตัวบี	บี
ซี	ตัวซี
ดี	ตัวดี
อักษรอี	อี
ตัวเอฟ	เอฟ
ตัวเอช	เอช
ตัวไอ	ไอ
ตัวเจ	เจ
ตัวเค	เค
ตัวเอล	แอล
m	ตัวเอ็ม	เอ็ม
n	ตัวเอ็น	เอ็น
o	ตัวโอ	โอ
p	ตัวพี	พี
q	คิว	อักษรคิว
r	ตัวอาร์	อาร์
s	ตัวเอส	เอส
t	ตัวที	ที
u	ตัวยู	ยู
v	ตัววี	วี
ดับเบิลยู	ตัวดับเบิลยู
ตัวเอ็กซ์	เอ็กซ์
y	ตัววาย	วาย
ตัวแซด	แซด
อักษรไพ	ไพ
อักษรฮี	ฮี
พอว์	อักษรพอว์
ช่องว่าง	ช่องไฟ	เว้นวรรค
ตัวโฟเนติก	สัทอักษร
สัญลักษณ์ทางคณิตศาสตร์	เครื่องหมายทางคณิตศาสตร์
อะโพสโทรฟี	เครื่องหมายอะโพสโทรฟี
ปีกกา	วงเล็บปีกกา	เครื่องหมายปีกกา	เครื่องหมายวงเล็บปีกกา
วงเล็บเหลี่ยม	เครื่องหมายวงเล็บเหลี่ยม
วงเล็บสามเหลี่ยม	เครื่องหมายวงเล็บสามเหลี่ยม
คอมม่า	เครื่องหมายคอมม่า	เครื่องหมายจุลภาค
อัศเจรีย์	เครื่องหมายตกใจ	เครื่องหมายอัศเจรีย์
ยัติภังค์	เครื่องหมายขีดคั่น	เครื่องหมายยัติภังค์
นขลิขิต	วงเล็บ	เครื่องหมายนขลิขิต	เครื่องหมายวงเล็บ
จุด	จุดฟุลสต็อป	ฟุลสต็อป	เครื่องหมายมหัพภาค
เครื่องหมายคำถาม	เครื่องหมายปรัศนีย์
อัญประกาศ	เครื่องหมายคำพูด	เครื่องหมายอัญประกาศ
เครื่องหมายอัฒภาค	เครื่องหมายเซมิโคลอน	เซมิโคลอน
ทับ	เครื่องหมายสแลช
ชื่อโดเมน	โดเมน	โดเมนเนม
ชื่อทางการค้า	ชื่อสัญลักษณ์	ตรา	ยี่ห้อ	เครื่องหมายการค้า	แบรนด์
ตราสัญลักษณ์	เครื่องหมายการค้า
สเกล	สเกลดนตรี
เสียงแตร	เสียงแตรในพิธี
โทนิก	โน้ตตัวที่หนึ่ง
ซุเปอร์โทนิก	โน้ตตัวที่สอง
มีเดียน	โน้ตตัวที่สาม
ซับมีเดียน	โน้ตตัวที่หก
โดมิแนนท์	โน้ตตัวที่ห้า
ลีดดิ้งโทน	ลีดดิ้งโน้ต	โน้ตตัวที่เจ็ด
ขั้นคู่	ขั้นคู่เสียง
ระยะครึ่งเสียง	เซมิโทน
โมดเพลงโบสถ์	โหมดจากเพลงโบสถ์
สเกลเมเจอร์	เมเจอร์สเกล
บันไดเสียงไมเนอร์	สเกลไมเนอร์	ไมเนอร์สเกล
บันไดเสียงเพนทาทอนิก	บันไดเสี่ยงเพนทาทอนิก	เพนทาโทนิคสเกล
กุญแจฟา	กุญแจเบส
เครื่องหมายกุญแจเสียง	เครื่องหมายกุญแจเสีัยง
กุญแจเสียงเมเจอร์	คีย์เมเจอร์
กุญแจเสียงไมเนอร์	คีย์ไมเนอร์	โมดไมเนอร์
เส้นกั้นห้องคู่	เส้นแบ่งห้องคู่
โน้ต	โน้ตดนตรี
บันไดเสียงเมเจอร์	สเกลซีเมเจอร์
เครื่องหมายดับเบิ้ลชาร์ป	เครื่องหมายยกเสียงเต็ม
เครื่องหมายแปลงเสียงต่ำ	เครื่องหมายแฟลต	เครื่องหมายแฟล็ต
เครื่องหมายดับเบิ้ลแฟลต	เครื่องหมายดับเบิ้ลแฟล็ต	เครื่องหมายลดเสียงเต็ม
เครื่องหมายสู่เสียงปรกติ	เครื่องหมายแนเชอรัล
น้ำเสียง	เสียงร้อง
เสียงบาสโซ	เสียงเบส
สัญญาณไฟจราจร	ไฟจราจร	ไฟเขียวไฟแดง
สัญญาณไฟเขียว	ไฟเขียว
ไฟจราจรสีเหลือง	ไฟเหลือง
การระเบิดของไฟ	การลุกวาบ
ธง	ธงสัญญาณ
ท่วงท่า	ท่าทาง
ยิ้ม	รอยยิ้ม
การสาธิต	ตัวอย่างผลงาน
ตรา	ตราสัญลักษณ์	สัญลักษณ์	เครื่องหมาย	เครื่องหมายสัญลักษณ์
กามเทพ	คิวปิด
นกพิราบ	พิราบ	พิราบขาว	สัญลักษณ์แห่งสันติภาพ
นกอินทรี	อินทรี
ธงชาติ	ธงประจำชาติ
เข็มสัญลักษณ์	เข็มเครื่องหมาย	แถบเครื่องหมาย
ลูกแกะของพระเจ้า	ลูกแกะพระเจ้า
นกอินทรีกางปีก	อินทรีกางปีก
สวัสดิกะ	เครื่องหมายนาซี	เครื่องหมายสวัสดิกะ
หมายเลขไอดี	ไอดี
ภาษามานาริโอ	ภาษาโมนาริโอ
ภาษา	ภาษาธรรมชาติ
ภาษาที่มีวรรณยุกต์	ภาษาวรรณยุกต์
ภาษาคริโอล	ภาษาครีโอ	ภาษาลูกผสม
ภาษาอัลกองกิน	ภาษาอัลกองเกียน
ภาษาแคนซัส	ภาษาแคนซา
ภาษาโอกลาลา	ภาษาโอกาลาลา
ภาษาควอราทีน	ภาษาโควราทีน
ภาษาฌาฆาไตย	ภาษาเตอร์กตะวันออก
ภาษาจีนกลาง	ภาษาจีนแมนดาริน
ภาษาจีนฮกเกี้ยน	ภาษาจีนไต้หวัน	ภาษาฟูเกี้ยน	ภาษาหมิ่นหนาน	ภาษาฮกเกี้ยน
ภาษาซิโน-ทิเบตัน	ภาษาตระกูลจีนทิเบต
ภาษากลุ่มทิเบต-พม่า	ภาษาทิเบโต-เบอร์มัน
ภาษาเกวียง	ภาษาเกวียงอิก
ภาษาคุคิ	ภาษาคุคิ-ชิน	ภาษาชิน
ภาษาไทเหนือ	ภาษาไทใต้คง
ภาษาคำเมือง	ภาษาไทยวน
ภาษาไทย	ภาษาไทยกลาง
ภาษาม้ง	ภาษาแม้ว
ภาษาอาร์มีเนียน	ภาษาอาร์เมเนียน
ภาษาสลาฟ	ภาษาสลาวิก
ภาษาเยอรมันนิกตะวันตก	ภาษาเวสต์เยอรมันนิก
ภาษาอังกฤษสําเนียงอเมริกัน	ภาษาอังกฤษอเมริกัน
ภาษาค็อกนีย์	ภาษาอังกฤษสำเนียงค็อกนีย์
ภาษาจอร์ดี้	ภาษาอังกฤษสำเนียงจอร์ดี้
ภาษาอังกฤษสำเนียงพระราชา	ภาษาอังกฤษสำเนียงพระราชินี
ภาษาเคนติช	ภาษาเค้นท์
ภาษาเซาท์เวสเทิร์น	ภาษาแซกซอนตะวันตก
ภาษาเยอรมัน	ภาษาเยอรมันสูง
ภาษาสแกนดิเนเวีย	ภาษาสแกนดิเนเวียน
ภาษาเดนมาร์ก	ภาษาเดนิช
ภาษาไอซ์แลนดิก	ภาษาไอซ์แลนด์
ภาษานอร์วีเจียน	ภาษานอร์เวย์
ภาษานอร์เวย์ใหม่	ภาษานีนอสก์
ภาษาสวีดิช	ภาษาสวีเดน
ภาษาเยนิไซ	ภาษาเอนต์ซี	ภาษาเอนต์ไซ	ภาษาเอเนตส์
ภาษาโรมาเนีย	ภาษาโรมาเีนีย
ภาษาอิราเนียน	ภาษาอิหร่าน
ภาษากรีก	ภาษาเฮลเลนิค
ภาษากรีกยุคคลาสสิค	ภาษาแอททิก	ภาษาไอโอนิก
ภาษาโบล	ภาษาโบลันจิ
ภาษาบอกกอส	ภาษารอน	ภาษาเดฟโฟ
ภาษาซายันกิ	ภาษาซาร์
ภาษาฮิจิ	ภาษาแคปซิกิ
ภาษามันดารา	ภาษาวันดารา
ภาษาดาบา	ภาษามัสกอย	ภาษาโคลา
ภาษาเชด	ภาษาเชดิก
ภาษาแอสซีเรียน	ภาษาแอสซีเรียนแอคคาเดียน
ภาษาเอธิโอเปีย	ภาษาแอมฟาริก
ภาษากิคากา	ภาษาคากา
ภาษามาตาเบเล	ภาษาเดเบเล
งานศิลปะ	ภาพประกอบ
กราฟฟิกดีไซน์	เรขศิลป์
ชาร์ต	แผนภูมิ
เคิร์ฟ	เส้นโค้ง
กราฟแท่ง	แผนภูมิแท่ง
ภาพการ์ตูน	ภาพวาดการ์ตูน
การวัดคลื่นไฟฟ้าหัวใจ	ภาพคลื่นไฟฟ้าของหัวใจ
ละคร	ละคอน
งานประพันธ์ประเภทบทละคร	บทละคร
บท	บทพูด
การแสดงละคร	ละคร	ละคอน
ภาพยนตร์เพลง	ละครเพลง	หนังเพลง
การเล่นโหมโรง	การแสดงโหมโรง	โหมโรง
หนังตะลุง	หนังใหญ่
รายการวาไรตี้	รายการวาไรตี้โชว์	วาไรตี้โชว์
ท่าเต้น	ศิลปะการเต้น
ดนตรี	มิวสิค	เพลง
ดนตรีแนวเดียว	เพลงร้องเดี่ยว	โมโนโฟนี
การประสานทำนองเพลง	เคาน์เตอร์พอยท์
ดนตรีคนผิวดำ	ดนตรีคนผิวสี
ดนตรีคลาสสิก	ดนตรีคลาสสิค	เพลงคลาสสิค
ดนตรีแชมเบอร์	แชมเบอร์มิวสิค
อุปรากร	โอเปร่า
อุปรากรชวนหัว	อุปรากรชวนหัวกึ่งเจรจา	อุปรากรบุฟฟา
เบสเลขกำกับ	แนวเบสต่อเนื่อง
ดนตรีโบสถ์	เพลงโบสถ์
เพลงสวดแอนติฟอน	แอนติฟอน
บทสวดเชมา	เชมา
เพลงธรรมะ	เพลงศาสนา
เพลงคริสต์มาสคาโรล	เพลงเทศกาล
เพลงสดุดี	เพลงสวดสรรเสริญ
ดูเอ็ต	บทเพลงบรรเลงคู่
ทรีโอ	บทเพลงกลุ่มสาม
เมสสิยาห์	เมสไซยาห์
ดนตรีไล่เลียน	แคนอน
บทเพลงสอดแนว	ฟิวก์
ซิมโฟนี	ดนตรีซิมโฟนี
ท่อนริฟ	ริฟ
ลาร์โก	อัตราช้ามาก
บทเพลง	เพลง
เพลงกะลาสี	เพลงสาระพาเฮโล
คอรัส	เนื้อเพลงท่อนที่ร้องซ้ำ
ดนตรีลูกทุ่ง	ดนตรีโฟลก์ซอง	เพลงลูกทุ่ง	เพลงโฟลก์ซอง
ดนตรีบลูส์	บลูส์	เพลงบลูส์
เพลงกล่อมลูก	เพลงกล่อมเด็ก
เนื้อร้อง	เนื้อเพลง
ดนตรีสำหรับบัลเลต์	เพลงบัลเลต์
ดนตรีเต้นรำ	เพลงแดนซ์	แดนซ์มิวสิค
ดนตรีแทงโก้	เพลงแทงโก้	แทงโก้
ดนตรีเดินแถว	เพลงมาร์ช	เพลงเดินแถว
ดนตรีโยธวาทิต	เพลงโยธวาทิต
ดนตรีสมัยนิยม	ดนตรีสากล
ดนตรีดิสโก้	ดิสโก้	เพลงดิสโก้
ดนตรีป๊อป	เพลงป๊อป
ดนตรีท้องถิ่น	ดนตรีประจำถิ่น	ดนตรีพื้นบ้าน	ดนตรีพื้นเมือง	เพลงพื้นบ้าน	เพลงพื้นเมือง
ดนตรีคันทรี	เพลงคันทรี
ดนตรีลีลาศ	ดนตรีเต้นรำ	แด๊นซ์มิวสิค
ดนตรีแจ๊ส	แจ๊ส
ดนตรีดู-วอป	ดู-วอป
ดนตรีโซล	เพลงโซล
ดนตรีแจ๊ส	เพลงแจ๊ส	แจ๊ส
บีบ็อป	บ๊อป
บูกี	บูกี-วูกี
ดนตรีฟังก์	ฟังก์
นิวแจ๊ส	นีโอแจ๊ส	โมเดิร์นแจ๊ส
ดนตรีฮิปฮอป	ดนตรีแร็พ	ฮิปฮอป	แร็พ
ดนตรีริทึมแอนด์บลูส์	ริทึมแอนด์บลูส์	อาร์แอนด์บี
ดนตรีร็อก	ดนตรีร็อกแอนด์โรล	เพลงร็อก	เพลงร็อกแอนด์โรล
ดนตรีเฮฟวีเมทัล	เพลงเฮฟวีเมทัล	เฮฟวีเมทัล
โพรเกรสซีฟ	โพรเกรสซีฟร็อก
ดนตรีไซคีเดลิกร็อก	เพลงไซคีเดลิก	ไซคีเดลิก	ไซคีเดลิกร็อก
ดนตรีพังก์	ดนตรีพังก์ร็อก	พังก์
ดนตรีสวิง	สวิง	สวิงแจ๊ส
ดนตรีเร็กเก้	เพลงเร็กเก้	เร็กเก้
กระบวนแบบ	ลีลา	สไตล์
จาร์กอน	ภาษาเฉพาะวงการ
แนวดนตรี	แนวเพลง
โทน	โทนเสียง
จังหวะ	จังหวะดนตรี	จังหวะเพลง	บีต	ริทึม
การกล่าวเยินยอ	คำพูดสวยหรู	คำพูดไร้สาระ
การกล่าวอย่างกระชับ	ความกระชับ
คำย่อ	อักษรย่อ
ประเภท	รูปแบบของวรรณกรรม	แนวเขียน
กวีนิพนธ์	กาพย์กลอน	บทกลอน	บทกวี	บทร้อยกรอง
การแต่งกลอน	การแต่งร้อยกรอง
จุดไคลแม็กซ์	ไคลแม็กซ์
การเปรียบเทียบอย่างพิศดาร	ความนึกเปรียบเทียบ
อุปมา	อุปมาอุปไมย
เสียง	เสียงพูด
รูปย่อยหน่วยเสียง	หน่วยเสียงย่อย	อัญรูปหน่วยเสียง
สระประสม	สระประสมสองเสียง	หน่วยเสียงสระประสม
สระ	หน่วยเสียงสระ	เสียงสระ
ระบบวรรณยุกต์	ระบบเสียงวรรณยุกต์
ชวา	หน่วยเสียงชวา	เสียงชวา
พยัญชนะกึ่งสระ	หน่วยเสียงพยัญชนะกึ่งสระ	เสียงพยัญชนะกึ่งสระ
พยัญชนะ	หน่วยเสียงพยัญชนะ	เสียงพยัญชนะ
พยัญชนะกัก	พยัญชนะระเบิด	พยัญชนะหยุด	พยัญชนะเสียงกัก	พยัญชนะเสียงระเบิด	พยัญชนะเสียงหยุด
พยัญชนะธนิต	พยัญชนะพ่นลม
พยัญชนะริมฝีปาก	เสียงพยัญชนะ
พยัญชนะกักริมฝีปาก	พยัญชนะหยุดริมฝีปาก
พยัญชนะกักเส้นเสียง	พยัญชนะหยุดเส้นเสี่ยง
พยัญชนะเสียงดูดลมเข้า	เสียงดูดลมเข้า
พยัญชนะอโฆษะ	พยัญชนะเสียงไม่ก้อง
เสียงก้อง	เสียงโฆษะ
เสียงร้อง	เสียงร้องตะโกน
เสียงร้องแสดงความโกรธ	เสียงโห่ร้อง
คำหยาบ	คำหยาบคาย	ถ้อยคำหยาบคาย
เสียงต่ำลึก	เสียงโอ๊บๆ
ตายห่า!	โอ้ย!ตายห่า
การอุทาน	คำอุทาน
การคร่ำครวญ	เสียงครวญคราง
เสียงกระแอม	เสียงกระแอมกระไอ
การพึมพำ	การพูดพึมพำ
การหัวเราะเบาๆ	เสียงกลั้นหัวเราะ
เสียงหัวเราะฮิฮิ	เสียงฮา
การกระซิบ	การกระซิบกระซาบ	การพูดเบาๆ
การคุย	การพูดคุย	การอภิปราย
การพูดซุบซิบ	การพูดพร่ำ
การคุยกัน	การพูดคุย
การสนทนา	การสนทนาระหว่างบุคคล
การพูดคุยอย่างอบอุ่น	การสนทนาอย่างอบอุ่น
การพูดไร้สาระ	ลมปาก
การอภิปราย	การโต้แย้ง
การปรึกษาหารือ	การอภิปรายกลุ่มย่อย
คติบท	หลักการที่เป็นที่ยอมรับ
คำพูดซ้ำซาก	สำนวนประดาษ
ภาษาเฉพาะกลุ่ม	ภาษาเฉพาะวงการ	ภาษาแสลง	ศัพท์เฉพาะกลุ่ม
คาถา	มนตร์	เวทมนตร์	เวทมนตร์คาถา
การใช้ภาษา	วัจนกรรม
กระทู้ถาม	คำถาม
การชี้แนะ	การบอกใบ้	คำแนะนำ
การประกวดราคา	การประมูล
รางวัล	เงินรางวัล
รางวัลนำจับ	เงินนำจับ
การนำเสนอ	การนำเสนอความคิดเห็น
การสั่ง	คำสั่ง	คำสั่งการ
การตีความตามตัวอักษร	การแปลความหมายตามตัวอักษร
การยืนยัน	การให้สัตยาบัน
ความปรองดอง	ความเห็นสอดคล้อง
การประจันหน้า	การเผชิญหน้า
ความขัดแย้ง	ความไม่ลงรอย
การขอ	การร้องขอ
การแจ้งชำระหนี้	การแจ้งหนี้
การเชิญชวน	การเชื้อเชิญ
การเรียกตัว	หมายเรียก
การขอความรัก	การเกี้ยวพาราสี
การขอบคุณพระเจ้า	การสวดขอบคุณ
การสวดบำเพ็ญกุศล	การสวดศพ	การสวดอภิธรรมศพ
การคิดเงิน	การเรียกเก็บเงิน
การตั้งคำถาม	การถาม
การซักถาม	การสอบถาม	การไต่ถาม
การสอบสวน	การไต่สวน
คำถาม	ประโยคคำถาม
การสอบปลายภาค	การสอบไฟนอล
การตอบกลับ	การตอบโต้	คำโต้ตอบ	คำโต้แย้ง
การพูดซ้ำ	การพูดย้ำ
การพูดตาม	การพูดเลียนเสียง
การตอบ	การตอบคำถาม
การพรรณนา	รูปภาพ
การคัดค้าน	การคัดค้านของจำเลยในคดีแพ่ง
การบ่น	การบ่นไม่หยุด
รายงาน	รีพอร์ต
รายงานการแพทย์	รายงานทางการแพทย์
นิทาน	เรื่องราว	เรื่องเล่า
บทนำ	อารัมภบท
นิทานคติชน	นิทานชาวบ้าน	นิทานพื้นบ้าน	นิทานมุขปาฐะ	วรรณกรรมมุขปาฐะ
เรื่องซุบซิบ	เรื่องนินทา
ข่าวลือ	ข่าวโคมลอย
ข่าวคาว	เรื่องอื้อฉาว
การเตือน	คำเตือน
การสัญญา	การให้คำมั่นสัญญา	การให้สัญญา
การตั้งสัตย์ปฏิญาณ	การสาบาน
การตกปากรับคำ	การรับปาก
การขอบคุณ	การขอบพระคุณ	การขอบใจ
การคุยโม้	การโอ้อวด	ยกย่อง	ยกย่องตนเอง
การคุยโม้	การพูดโอ้อวด
การท้ามฤตยู	การเสี่ยงตาย	การเสี่ยงอันตราย
การกล้าท้าทาย	การเผชิญหน้า
การท้าดวล	การท้าประลอง	การท้าสู้
การท้าทาย	การท้าทายศัตรู
การขอให้ตอบคำถาม	การเรียกร้องให้ตอบคำถาม
การขยายความ	การอธิบายอย่างละเอียด
การกล่าวประณาม	การประณาม
การประณาม	คำพูดโจมตี
การสาปแช่ง	คำสาบแช่ง
ข้อหา	มลทิน
การกล่าวโทษ	การตำหนิติเตียน
การกล่าวปราศัย	ปาฐกถา
การดีเบต	การอภิปราย
คำปราศรัย	คำปราศัย
การประชาสัมพันธ์	พีอาร์
การป่าวประกาศ	การโฆษณา
การโฆษณา	โฆษณา
การโฆษณาจำเพาะ	โฆษณา
การโฆษณา	แฮนด์บิล	ใบปลิว
การขู่ขวัญ	การสกัดกั้น
การลงจากอำนาจ	การสละราชสมบัติ	การสละอำนาจ
การขอยอมแพ้	การประกาศยอมแพ้	การยกธงขาว
การห้าม	ห้าม
การติดต่อสื่อสารทางจิต	โทรจิต
ประสาทที่หก	อีเอสพี
ความรู้ล่วงหน้า	ความสามารถรู้เหตุการณ์ล่วงหน้า
หลัก	เสา
หลักชัย	เสาที่เส้นชัย
จุดอ้างอิง	ตำแหน่งอ้างอิง
งานเขียนที่ตีพิมพ์ซ้ำ	ผลงานที่ตีพิมพ์ซ้ำ
จุดสังเกต	แลนด์มาร์ค
เกณฑ์มาตรฐาน	เบ็นช์มาร์ก
เป้า	เป้าหมาย
ต้วบอก	อินดิเคเตอร์
ไฟสัญญาณ	ไฟเตือนภัย
ทุ่น	ทุ่นลอย
บาร์เบอร์โพล	ไฟหมุนหน้าร้านตัดผม
รางวัลโนเบล	โนเบล	โนเบลไพรซ์
รางวัลออสการ์	ออสการ์
บั้ง	บั้งตำรวจ	บั้งทหาร
ตรา	ตราสัญลักษณ์	สัญลักษณ์
ตราประทับไปรษณีย์	ตราไปรษณีย์
หลักกิโล	หลักกิโลเมตร	หลักไมล์
จุด	แต้ม
การคารวะ	การค้อมตัวลง
การเรียกคืน	การเรียกคืนสินค้า
ดนตรีบรรยาย	ดนตรีพรรณนา
ดนตรีขับร้อง	ดนตรีร้อง	เพลงร้อง
หนังสือว่าด้วยทุน	หนังสือแคปิทอล
ยูโทเปีย	หนังสือเรื่องยูโทเปีย
เหตุการณ์กลับกลาย	เหตุการณ์กลับตาลปัตร	เหตุการณ์พลิกผัน	เหตุการณ์ไม่คาดฝัน
เหตุการณ์	เหตุการณ์ที่เกิดขึ้น	เหตุเกิด
ฉากหลัง	แบ็คกราวด์
ประสบการณ์	ประสบการณ์ชีวิต	ประสบประการณ์
ลางร้าย	เมฆหมอกแห่งสงคราม
นิมิต	ลางบอกเหตุ	ลางร้าย
ช่วงเวลาดีๆ	ช่วงเวลาที่ดี	ประสบการณ์ที่ดี
งาน	งานสังคม	งานอีเวนต์
ความมหัศจรรย์	เหตุอัศจรรย์
ตอน	เอพิโซด
เหตุการณ์ที่อาจเกิดขึ่น	เหตุบังเอิญ
การเปิดฉาก	การเริ่มต้น
ช่วงปิดท้าย	ตอนจบ	บทสรุป	เหตุการณ์ตอนจบ
ช่วงปิดท้าย	ตอนสุดท้าย
การแข่งขันตอนท้าย	ท้ายเกม
การผ่านพ้น	การผ่านพ้นไปอย่างรวดเร็ว
ผลที่ตามมา	ผลปรากฏ
ความผิดพลาด	คอมพิวเตอร์เออเรอร์	เออเรอร์
รถชน	อุบัติเหตุรถชน
อัคคีภัย	เพลิงไหม้	เหตุอัคคีภัย	เหตุเพลิงไหม้	ไฟไหม้
มหาอัคคีภัย	อัคคีภัยมหาวินาศ
การสุมไฟไล่แมลง	การเผาไฟไล่แมลง
เรื่องอัปยศ	เรื่องอื้อฉาว
การระเบิด	การระเบิดรุนแรง
กรณี	ตัวอย่าง	เคส
การทะเลาะเบาะแว้ง	การแตกแยก	ความแตกแยก	ความแปลกแยก
กลียุค	ความหายนะ	เหตุการณ์เลวร้าย
ความสำเร็จ	ซัคเซส
การออกตัว	การออกสตาร์ท
ชะตากรรม	โชคชะตา
การกำจัดให้สิ้นซาก	การดับสิ้น	การสูญพันธุ์
การจากไป	การถึงแก่กรรม	การเสียชีวิต	สิ้นใจ
ความเคราะห์ร้าย	ความโชคร้าย	เคราะห์ร้าย
การทำลาย	การรื้อถอน
การกระทบ	การกระแทก
การแข่งขันใหม่	รีแมตช์
ขึ้นจากขอบฟ้า	พระอาทิตย์ขึ้น
ตะวันตกดิน	พระอาทิตย์ตก	พระอาทิตย์ตกดิน	ลับขอบฟ้า	อาทิตย์ตกดิน
คลื่น	คลื่นกระทบฝั่ง
คลื่นลูกเล็ก	ลูกคลื่น
คลื่นแรงโน้มถ่วง	คลื่นโน้มถ่วง
การเกิดคลื่น	คลื่น
คลื่นยักษ์	คลื่นสึนามิ	สึนามิ
การสะท้อนกลับ	สะท้อนกลับ
การหัน	การเปลี่ยนทิศทาง
คลื่น	ระลอกคลื่น
การแข่งขันสิ้นสุด	การแข่งขันเสร็จสิ้น
การหยุด	การหยุดชะงัก
การพังทลาย	ความล้มเหลว
การแปร	ความเบี่ยงเบนมาตรฐาน	ตัวแปร
การแผดเสียง	เสียงดังมาก	เสียงดังระเบิด	เสียงโครม
เสียงตี๊ดๆ	เสียงบี๊บ	เสียงบี๊ปๆ
การแผดเสียง	เสียงร้องดังๆ	เสียงแตรในพิธี
เสียงแกะ	เสียงแพะ
เสียงจ๊อกแจ๊ก	เสียงร้องจ๊อกแจ๊ก
คอรัส	เพลงประสานเสียง	เสียงคอรัส	เสียงประสาน
เสียงก้องกังวาน	เสียงก้องสะท้อน
เสียงกับๆ	เสียงกุบกับ
การขัน	เสียงไก่ขัน
เสียงกระดิ่ง	เสียงกริ๊งๆ
เสียงงึมงำ	เสียงพึมพำ
เสียงดังโครม	เสียงโครม
เสียงก๊าบๆ	เสียงเป็ด
ฟ้าร้อง	เสียงฟ้าร้อง
วิบราโต้	ไวบราโต้
ทรีโมโล่	ทิมโมโล	เทรโมโล่
การเต้นของชีพจร	การเต้นของหัวใจ	การเต้นเป็นจังหวะ
น้ำขึ้นน้ำลง	ปรากฏการณ์น้ำขึ้นน้ำลง
กระแส	สาย
การหลั่งไหล	การไหลล้น
การชนอย่างแรง	การทุบ	การทุบตี	การฟาด
การเปลี่ยนสภาวะ	การเปลี่ยนแปลง
ความเสียหาย	ความเสื่อม
การผ่าเหล่า	การเปลี่ยนแปลงทางพันธุกรรม
ธรณีพิโรธ	แผ่นดินพิโรธ	แผ่นดินไหว
อาฟเตอร์ช็อก	แผ่นดินไหวตาม
แผ่นดินไหวใต้ทะเล	แผ่นดินไหวในมหาสมุทร
การระบาด	การลุกลาม
การรั่ว	การรั่วไหล
การตีลูกปั่นไซด์	การตีให้ลูกหมุน
งานกินเลี้ยง	งานปาร์ตี้	งานเลี้ยง	ปาร์ตี้
การทะเลาะวิวาท	ความอึกทึก	งานเลี้ยงเสียงดัง
งานวันเกิด	งานเลี้ยงวันเกิด	ปาร์ตี้วันเกิด
งานเลี้ยงค็อกเทล	ปาร์ตี้ค็อกเทล
งานเต้นรำแฟนซี	งานเต้นรำใส่หน้ากาก
งานฉลอง	งานเลี้ยง
งานเลี้ยงน้ำชา	ปาร์ตี้น้ำชา
การเฉลิมฉลอง	งานเฉลิมฉลอง
งาน	งานพิธี	พิธี	พิธีการ
งานบำเพ็ญกุศล	งานพระราชทานเพลิงศพ	งานศพ	งานสวดอภิธรรมศพ	พิธีศพ
งานมงคลสมรส	งานวิวาห์	งานสมรส	งานแต่ง	งานแต่งงาน
พิธีประสาทปริญญาบัตร	พิธีพระราชทานปริญญาบัตร	พิธีมอบปริญญาบัตร	พิธีรับปริญญา
การระดมทุน	งานระดมทุน
การประกวด	การประลอง	การแข่ง	การแข่งขัน	คอนเทสต์
การแข่งกีฬา	การแข่งขันกีฬา
การแข่งขันทศกรีฑา	ทศกรีฑา
การแข่งขันกีฬาโอลิมปิก	การแข่งขันโอลิมปิก	กีฬาโอลิมปิก	โอลิมปิก	โอลิมปิกเกมส์
การแข่งขันพาราลิมปิก	กีฬาพาราลิมปิก	กีฬาโอลิมปิกคนพิการ	พาราลิมปิก	พาราลิมปิกเกมส์
การแข่งขันโอลิมปิกฤดูหนาว	โอลิมปิกฤดูหนาว
การแข่งขันปัญจกรีฑา	ปัญจกรีฑา
การแข่งขัน	แชมเปี้ยนชิป
การแข่งขันท้าความตาย	การแข่งขันเสี่ยงตาย
การแข่งขันรถแรลลี่	การแข่งแรลลี่	แรลลี่
การแข่งขันจักรยาน	การแข่งจักรยาน
การแข่งขันเรือยอร์ช	การแข่งเรือยอร์ช
การวิ่งแข่ง	การแข่งขันวิ่ง	การแข่งวิ่ง
การแข่งขันวิ่งมาราธอน	การแข่งวิ่งมาราธอน
การแข่งขันสกี	การแข่งสกี
การแข่งขันฟุตบอลโลก	ฟุตบอลโลก	เวิลด์คัพ
ทัวร์นาเมนต์	รายการแข่งขัน
การแข่งขันแบบแพ้คัดออก	การแข่งแบบแพ้คัดออก
การแข่งขันรอบเพลย์ออฟ	เพลย์ออฟ
การแข่งขันชกมวย	การแข่งขันมวย	ศึกดวลกำปั้น	ไฟต์
การแข่งขันหมากรุก	ศึกหมากรุก
การชนไก่	การตีไก่
กรีฑาประเภทลาน	การแข่งกรีฑาประเภทลาน
การแข่งขันนัดชิงชนะเลิศ	การแข่งขันนัดสุดท้าย	การแข่งขันรอบชิงชนะเลิศ	การแข่งขันรอบไฟนอล
การแข่งขันชิงถ้วยพระราชทาน	การแข่งขันชิงถ้วยรางวัล
การแข่งขันรอบก่อนรองชนะเลิศ	การแข่งขันรอบควอร์เตอร์ไฟนอล	การแข่งขันรอบตัดเชือก
การแข่งขันรอบรองชนะเลิศ	การแข่งขันรอบเซมิไฟนอล
การแข่งขันแบบพบกันหมด	การแข่งแบบพบกันหมด
การแข่งขันว่ายน้ำ	ศึกชิงเจ้าสระ
คู่	นัด	รอบ	แมตช์
การแข่งขันเทนนิส	ศึกลูกสักหลาด	ศึกหวดลูกสักหลาด
การแข่งขันชิงแชมป์	นัดชิงแชมป์
การแข่งขันมวยปล้ำ	ศึกมวยปล้ำ
การแข่งขันชักเย่อ	การแข่งชักเย่อ
การแข่ง	การแข่งขัน
การแข่งทางการทหาร	การแข่งสะสมอาวุธ
การรณรงค์หาเสียง	การสู้ศึกเลือกตั้ง	การแข่งขันหาเสียง	การแข่งขันหาเสียงเลือกตั้ง
การประสบชัยชนะ	การได้รับชัยชนะ	ชัยชนะ
ชัยชนะที่ขาวสะอาด	ชัยชนะที่สวยสดงดงาม
การประสบความพ่ายแพ้	ความพ่ายแพ้
การติดเหยื่อ	ปลาติดเบ็ด	ปลาฮุบเหยื่อ
นาทีทอง	ปาฏิหาริย์	ลูกฟลุ้ก	ลูกส้มหล่น	โอกาสทอง
การยุบ	การล้มละลาย
เรือล่ม	เรืออับปาง
คอมพิวเตอร์เสีย	คอมเจ๊ง	เครื่องคอมพิวเตอร์ชำรุด	เครื่องคอมพิวเตอร์เสีย	เครื่องคอมเจ๊ง
หัวอ่านชำรุด	หัวอ่านพัง	หัวอ่านเสีย
ความรู้สึกสะเทือนใจ	ความสะเทือนใจ
จิตวิญญาณ	วิญญาณ
ความลุ่มหลง	ความหลงใหล
ความกระตือรือร้น	ความร้อนรุ่ม	ความเร่าร้อน
ความฝันถึงชีวิตที่ดึกว่าคนรุ่นก่อน	ความฝันแบบอเมริกัน
ความต้องการ	ความประสงค์	ความปราถนา
ความรู้สึกคิดถึงบ้าน	โรคคิดถึงบ้าน	โรคโฮมซิก
ความรู้สึกทางเพศ	อารมณ์ทางเพศ
กามารมณ์	ความต้องการทางเพศ	ความปรารถนาทางเพศ	ความใคร่
ราคะ	โลกีย์
ตัณหาราคะ	พลังลิบิโด
กำหนัด	ความกำหนัด	แรงปรารถนา	ไฟกำหนัด	ไฟปรารถนา	ไฟพิศวาส	ไฟสวาท	ไฟโลกีย์
ความปิติยินดี	ความเพลิดเพลิน
ควาพึงพอใจทางเพศ	ความยินดีในกาม	ความสุขทางเพศ
ความอึดอัด	ความไม่สบายใจ
ความเกลียดชัง	ความไม่ชอบ
การดูถูกเหยียดหยาม	การดูหมิ่น	ความรังเกียจ
ความชิงชัง	ความรังเกียจ	ความเกลียดชัง
การรู้คุณคน	ความกตัญญู	ความกตัญญูกตเวที
ความรู้สึกขอบคุณ	ความสำนึกบุญคุณ
ความละอาย	ความละอายใจ	ความสำนึก
ความรู้สึกชิงชังตนเอง	ความรู้สึกเกลียดตนเอง
การอับอาย	ความอับอาย
ความยุ่งวุ่นวาย	ความว้าวุ่น
ความภาคภูมิใจ	ความภูมิใจ
ความต่ำต้อย	ความนอบน้อม
ความสงบ	ใจสงบ
ความรู้สึกโกรธ	ความโกรธ	อารมณ์โกรธ
ความแค้น	ความโกรธแค้น
รมณ์เสีย	หัวเสีย	อารมณ์บ่จอย	อารมณ์เสีย
ความรำคาญ	ความรู้สึกรำคาญ
ความกลัว	ความหวาดกลัว
ความตระหนกตกใจ	ความตื่นตระหนก
ความหนาวสั่น	อาการสั่นสะท้าน
ความกลัวเกรง	ความยำเกรง	ความเกรงกลัว
ความกลัว	ความกลัวสุดขีด
ความสังหรณ์	ลางสังหรณ์
ความตื่นเต้น	ความรู้สึกระทึกใจ
การจู่โจม	การเตะ
ความปลื้มปิติ	ความปลื้มปีติ
ความรื่นเริง	หรรษา
ความพึงพอใจ	ความอิ่มใจ
การมีจิตสำนึก	ความสำนึกผิด
ความท้อแท้	ความสิ้นหวัง
ความรู้สึกไม่พอใจ	ความไม่พอใจ
การมีกำลังใจ	การได้รับกำลังใจ
ความรู้สึกสิ้นหวัง	ความสิ้นหวัง
ความท้อแท้	ความท้อใจ	ความหมดกำลังใจ
การมองโลกในแง่ร้าย	การมองโลกในแง่ลบ
ความรักต่อเพื่อนมนุษย์	ความรักเพื่อนมนุษย์	ความรักเพื่อนร่วมชะตากรรม	ความรักเพื่อนร่วมโลก
ความรักที่มีต่อลูก	ความรักบุตรธิดา	ความรักลูก
ความพิศวาส	พิศวาส
ความรักแบบวัยรุ่น	ความหลงรัก	ป็อปปี้เลิฟ
ความรัก	ความรักใคร่
ความจงรักภักดี	ความซื่อสัตย์	ความภักดี
ความชิงชัง	ความรังเกียจ	ความเกลียด	ความไม่ชอบ
ความเกลียดเด็ก	ความไม่ชอบเด็ก
ความรู้สึกเป็นปรปักษ์	ความรู้สึกเป็นศัตรู
ความรู้สึกทางชนชั้น	ความรู้สึกแบ่งชนชั้น
ความขมขื่น	ความเจ็บใจ
ความคิดร้าย	ความคิดอกุศล	ความประสงค์ร้าย
ความพยาบาท	ความอาฆาต	ความอาฆาตพยาบาท
อารมณ์บึ้งตึง	อารมณ์บูด
อารมณ์ร้าย	อารมณ์เสีย	อารมณ์ไม่ดี
ความกรุณา	ความปรานี
ความสงสาร	ความเห็นอกเห็นใจ	ความเห็นใจ
ความชอบเทคโนโลยี	ความหลงใหลเทคโนโลยี
กระยาหาร	ของกิน	ภักษาหาร	ภัตตาหาร	อาหาร	เครื่องเสวย
ของกินได้	สิ่งหล่อเลี้ยง
ของกิน	ของบริโภค
กับ	กับข้าว	จาน	เมนู
ฟาสต์ฟู้ด	อาหารจานด่วน	อาหารฟาสต์ฟู้ด	อาหารแดกด่วน
อาหารโคเชอร์	โคเชอร์
ของเหลือ	อาหารเหลือ
ชีวจิต	อาหารชีวจิต
อาหารอ่อน	อาหารเหลว
มังสวิรัติ	อาหารมังสวิรัติ	อาหารเจ
ของกิน	อาหาร
แป้งสาลีธรรมดา	แป้งสาลีอเนกประสงค์
เซโมลิน่า	แป้งเซโมลิน่า
การครัว	ศิลปะการปรุงอาหาร
ของสด	อาหารสด
อาหารกระป๋อง	เครื่องกระป๋อง
พระกระยาหาร	มื้อ	อาหารหนึ่งมื้อ
ข้าวเช้า	มื้อเช้า	อาหารมื้อเช้า	อาหารเช้า	อาหารเบรกฟาสต์	เบรกฟาสต์
ข้าวเที่ยง	มื้อกลางวัน	มื้อเที่ยง	อาหารกลางวัน	อาหารมื้อกลางวัน
ชา	น้ำชา	น้ำชายามบ่าย
ข้าวเย็น	มื้อเย็น	อาหารมื้อเย็น	อาหารเย็น
บุฟเฟต์	อาหารบุฟเฟต์
ของกินเล่น	ของขบเคี้ยว	ของว่าง	อาหารว่าง
ของว่างช่วงพักเบรก	คอฟฟี่เบรก	ทีเบรก
อาหารงานเลี้ยง	อาหารโต๊ะจีน	โต๊ะจีน
อาหารคำหนึ่ง	อาหารหนึ่งคำ
ก้อน	ก้อนยาฉุน
อาหารจานสำคัญ	อาหารจานหลัก
จานพิเศษ	จานอร่อย	จานเด็ด
เนื้อย่าง	เนื้ออบ
อันตีปัสโต	แอนติพาสโต
ค็อกเทลผลไม้	ฟรุ้ตค็อกเทล
ซุป	น้ำซุป	น้ำแกง
คอนซอมเม่	ซุปคอนซอมเม่
ซุปบิสค์	บิสค์
ซุปหัวบีตแดงเนื้อ	ซุปเนื้อ
ซุปบูวียอง	บูวียอง
คนอร์	ซุปก้อน	ซุปคนอร์
ซุปไก่	น้ำซุปไก่ต้ม
กัซปาโช	ซุปกัซปาโช	ซุปผักเย็นแบบสเปน
กัมโบ	กัมโบซุป	ซุปกัมโบ
ซุปมัลลิกาตาวนี	ซุปเผ็ดร้อนของอินเดีย
ซุปน้ำข้น	พ็อตทิจ
สตูเบอร์กู	เบอร์กู
สตูเบอร์กู	เบอร์กู
สตูเพอร์ลู	เพอร์ลู
กูลาชเนื้อ	กูลาชเนื้อวัว
ซุปบุยยาเบส	บุยยาเบส
ฟริคัสซี	สตูฟริคัสซี
เนื้อทำสตู	เนื้อสตู
ของกินสำเร็จรูป	อาหารสำเร็จรูป
บราวนี่มิกซ์	แป้งบราวนี่สำเร็จรูป
อาหารจืด	อาหารรสจืด
ขนมหวาน	ของหวาน
ลูกกวาด	แคนดี้
ลูกอมจี๊ดจ๊าด	ลูกอมเปรี้ยวจี๊ด
ทอฟฟี่	ลูกอม
ไส้	ไส้ขนม
เนยโกโก้	โกโก้บัตเตอร์
ช็อคโกแลตนม	มิลค์ช็อกโกแลต
ขนมคาราเมล	ฟัดจ์
ช็อกโกแล็ตทรัฟเฟิล	ทรัฟเฟิล
ขนมหวาน	ของหวาน
ขนมพุดดิ้ง	พุดดิ้ง
ไอติม	ไอศกรีม	ไอศครีม
ไอศครีมรสสตอเบอร์รี่	ไอศครีมสตอเบอร์รี่
ไอศครีมรสวานิลา	ไอศครีมวานิลา
ไอติมแท่ง	ไอศกรีมแท่ง
สโนว์บอล	ไอศครีมสโนว์บอล
ขนมประเภทอบ	ขนมอบ
แครกเกอร์บด	แครกเกอร์ป่น
ขนมพาสตรี	ขนมอบ	พาสตรี	เพสตรี
เพสตรี	แป้งอบ
ขนมทาร์ต	ทาร์ต
ขนมพายไส้ผลไม้	ทาร์ต
ทาร์ตแอปเปิ้ล	พายแอปเปิ้ล
ทาร์ตกุ้งล็อบสเตอร์	พายกุ้งมังกร
กะหรี่พั๊ฟอินเดีย	ซาโมซ่า
ขนมพาย	พาย
ขนมพัฟ	พัฟ
ครีมพัฟ	ชูครีม
ขนมเอแคลร์	เอแคลร์
ขนมเค้ก	เค้ก
ขนมเค้กวันเกิด	เค้กวันเกิด
เค้กนางฟ้า	แองเจิ้ลเค้ก
ขนมเค้กแต่งงาน	เค้กงานแต่งงาน	เค้กแต่งงาน
จัมเบิ้ล	เค้กจัมเบิ้ล
ซาวาริน	เค้กซาวาริน
มาร์เบิลเค้ก	เค้กลายหินอ่อน
ขนมแซลลี่	แซลลี่ลัน
ขนมคุกกี้	คุกกี้
คุกกี้บัตเตอร์	คุกกี้เนย
บราวนี	เค้กบราวนี
คุกกี้เลดี้ฟิงเกอร์	เลดี้ฟิงเกอร์
คุกกี้หั่น	คุกกี้แช่เย็น	คุกกี้แช่แข็ง
ขนมครูลเลอร์	ครูลเลอร์
ฟริตเตอร์ฝรั่งเศส	เฟรนช์ฟริตเตอร์
ขนมแพนเค้ก	แพนเค้ก
แพนเค้กมันฝรั่ง	แพนเค้กโปเตโต้
ขนมวัฟเฟิล	วัฟเฟิล
ปลาบดทอด	ฟิชบอล	ฟิชเค้ก
วิกตอเรียแซนด์วิช	วิคตอเรียสปอนจ์เค้ก
ปลาทอดเป็นแท่ง	ปลาแท่ง	ฟิชสติ๊ก
นก	เนื้อนก
สัตว์ปีก	เนื้อสัตว์ปีก
เนื้อไก่	ไก่
เนื้อไก่สำหรับต้ม	ไก่อ่อน
เนื้อไก่สำหรับทอด	เนื้อไก่อ่อนขนาดกลางเหมาะสำหรับทอด
เนื้อไก่กินี	ไก่กินี
นกพิราบ	เนื้อนกพิราบ	เนื้อพิราบ
เนื้อเป็ด	เป็ด
ห่าน	เนื้อห่าน
นกป่า	เนื้อนกป่า
เนื้อไก่ป่า	ไก่ป่า
นกกระทา	เนื้อนกกระทา
เนื้อไก่งวง	ไก่งวง
หน้าอก	เนื้อหน้าอก
บัฟฟาโลวิง	ปีกไก่ทอด
เนื้อ	เนื้อสัตว์
เครื่องใน	เครื่องในสัตว์
เนื้ออบเย็น	เนื้อเย็น
ขา	เนื้อส่วนขา
ขาหน้า	เนื้อขาหน้า
ขาหลัง	เนื้อขาหลัง
สเต็ก	เนื้อสเต็ก
สเต็กเนื้อ	สเต็กเนื้อวัว
คอ	เนื้อส่วนคอ
เนื้อ	เนื้อวัว	เนื้อโค
อาหารฮาลาล	เนื้อฮาลาล
เนื้อตากแห้ง	เนื้อแห้ง
เนื้อตากแห้ง	เนื้อแผ่น
เนื้อตากแห้ง	เนื้อแห้งเพ็มมิกัน
ซี่โครงลูกแกะ	ซี่โครงลูกแกะย่าง
ขาลูกแกะ	ขาแกะ
หมู	เนื้อหมู
สันนอกหมู	เนื้อหมูสันนอก
หมูแฮมรมควัน	แฮม
คากิ	อุ้งตีน	เนื้อคากิ
มาการีน	เนยเทียม
ไส้กรอกเลือด	ไส้กรอกเลือดหมู
ไส้กรอก	ไส้กรอกโบโลนญา
เคอรีโซ	ไส้กรอกเคอรีโซ
ฮอตดอก	ไส้กรอก	ไส้กรอกรมควัน	ไส้กรอกเยอรมัน
ขนมปัง	หนมปัง
ขนมปังกรอบ	เคร็กเกอร์
ขนมปังฮอทด็อก	ฮอทด็อกบัน
ขนมแบร์คลอว์	ขนมแบร์พอว์
ขนมปังเดนิช	ขนมหวามอบไส้ผลไม้โรยถั่ว
ขนมปังกรอบ	บิสกิต
บัตเตอร์มิลก์บิสกิต	บิสกิตบัตเตอร์มิลก์
เบอร์เกอร์	แฮมเบอร์เกอร์
ฮอตดอก	ฮอทด็อก
แซนด์วิชยักษ์	แซนด์วิชอิตาลี
รูเบน	แซนด์วิชรูเบน
พาสต้า	เส้นพาสต้า
ก๋วยเตี๋ยว	เส้นก๋วยเตี๋ยว
สปาเก็ตตี้	เส้นสปาเก็ตตี้
มะกะโรนี	มักกะโรนี	เส้นมักกะโรนี
ลาซานญ่า	เส้นลาซานญ่า
ตักเลียตะเล่	เส้นตักเลียตะเล่
อาหารสุขภาพ	อาหารเพื่อสุขภาพ
จังค์ฟู้ด	อาหารขยะ
ข้าวเช้า	อาหารเช้า	เบรกฟาสต์
ซีเรียล	ธัญญาหาร	อาหารเช้าธัญพืช
ข้าวต้มโจ๊ก	โจ๊ก
กราโนล่าบาร์	กราโนล่าแบบแท่ง
ผักผลไม้	ผักและผลไม้
ผลาผล	ผลาหาร	ผลไม้ที่กินได้	ส้มสูกลูกไม้
ผัก	พืชผัก
ผักสด	ผักสลัด
ครูดิเตส์	ผักสดหั่น
ขึ้นฉ่ายหั่นท่อนยาว	เซเลอรีสติก
ผัก	ผักใบเขียว
มันฝรั่งทอด	เฟรนช์ฟราย
ของกินเล่น	ของว่าง	อาหารว่าง	อาหารเบาๆ
มันฝรั่งกรอบ	มันฝรั่งทอดกรอบ	มันฝรั่งแผ่น	มันฝรั่งแผ่นทอดกรอบ
มะเขือ	มะเขือม่วง	ลูกมะเขือ
กะหล่ำดาว	บรัสเซลสเปราท์
ทานตะวันหัว	แก่นตะวัน
หัวบีท	หัวผักกาดหวาน
พริก	พริกเผ็ด
ความเผ็ด	ความเผ็ดร้อน	พริก
ชิโปตเล	ชิโปทเล
ทาบาสโก้	พริกแดง
หอม	หัวหอม
ผักลีก	ลีค
ถั่ว	ถั่วที่กินได้
ถั่วชิคพี	ถั่วลูกไก่
ชิกคอรี่	รากชิกคอรี่
ข้าวโพดคั่ว	ป๊อปคอร์น
ผลไม้ที่หล่นจากต้น	ผลไม้หล่น
ผลแอปเปิ้ล	ลูกแอปเปิ้ล	แอปเปิ้ล
แอปเปิ้ลทองหวาน	แอปเปิ้ลเหลืองหวาน
แอปเปิ้ลที่ใช้ปรุงอาหาร	แอปเปิ้ลสำหรับปรุงอาหาร
ผลเบอร์รี่	ลูกเบอร์รี่	เบอร์รี	เบอร์รี่
บิลเบอร์รี่	ยูโรเปียนบลูเบอร์รี่
ลูกฮัคเคิลเบอร์รี่	ฮัคเคิลเบอร์รี่
ทีเบอร์รี่	บอกซ์เบอร์รี่
ลูกแครนเบอร์รี่	แครนเบอร์รี่
ผลลางสาด	ลางสาด	ลูกลางสาด
ผลมะเฟือง	มะเฟือง	ลูกมะเฟือง
ผลส้ม	ส้ม
ลูกแทนเจโล	ส้มอักลี่
ส้มไม่มีเมล็ด	ส้มไม่มีเม็ด
ลูกเลมอน	เลมอน
คีย์ไลม์	ลูกคีย์ไลม์
ซิตรอน	ส้มซิตรอน
อัลมอนด์	เมล็ดอัลมอนด์
ผลแอพริคอต	ลูกแอพริคอต	แอพริคอต
พีช	ลูกพีช
ผลเนคทารีน	ลูกเนคทารีน	เนคทารีน
ผลแก้วมังกร	พิทายา	ลูกแก้วมังกร	แก้วมังกร
พลัม	ลูกพลัม
ลูกพลัมแดมซัน	แดมซัน
กรีนเกจ	ลูกพลัมกรีนเกจ
ผลมะเดื่อ	มะเดื่อ	ลูกมะเดื่อ
ผลสับปะรด	ลูกสับปะรด	สับปะรด
กล้วย	ผลกล้วย
ลูกเสาวรส	เสาวรส
ผลสาเก	ลูกสาเก	สาเก
ขนุน	ลูกขนุน
ผลท้อ	ลูกท้อ
ผลเมลอน	ลูกเมลอน	เมลอน
ลูกเมลอนบอล	เมลอนบอล
ผลแคนตาลูป	ลูกแคนตาลูป	แคนตาลูป
ผลแตงโม	ลูกแตงโม	แตงโม
ผลเชอร์รี่	ลูกเชอร์รี่	เชอรี่
เชอร์รี่หวาน	แบล็กเชอร์รี่
อ็อกซ์ฮาร์ต	อ็อกซ์ฮาร์ตเชอร์รี่	ฮาร์ตเชอร์รี่
แบล็กฮาร์ต	แบล็กฮาร์ตเชอร์รี่
ผลองุ่น	ลูกองุ่น	องุ่น
องุ่นมัสคัท	องุ่นมัสแคต
น้อยหน่า	ผลน้อยหน่า	ลูกน้อยหน่า
ลูกเชอริโมยา	เชอริโมยา
ทุเรียนเทศ	ผลทุเรียนเทศ	ลูกทุเรียนเทศ
ลูกอิลาม่า	อิลาม่า
บักหุ่ง	ผลมะละกอ	มะละกอ	ลูกมะละกอ
กิเตมบิลลา	ลูกกิเตมบิลลา
ลูกแอคกี	แอคกี
ทุเรียน	ผลทุเรียน	ลูกทุเรียน
ลูกเฟโจ	เฟโจ
กีวี	ผลกีวี	ลูกกีวี
พลัมญี่ปุ่น	ลูกพลัมญี่ปุ่น
ผลมังคุด	มังคุด	ลูกมังคุด
ผลมะม่วง	มะม่วง	ลูกมะม่วง
ผลละมุด	ละมุด	ลูกละมุด
พลัมป่า	ลูกพลัมป่า
องุ่นต้น	องุ่นต้นบราซิล
พุทรา	พุทราจีน	ลูกพุทรา
ลิ้นจี่	ลูกลิ้นจี่
พลัมคอต	ลูกพลัมคอต
ผลเงาะ	ลูกเงาะ	เงาะ
ชมพู่	ผลชมพู่	ลูกชมพู่
ลูกหมาก	หมาก
มะม่วมหิมพานต์	เม็ดมะม่วงหิมพานต์
ถั่วเฮเซล	พืชจำพวกถั่ว
มะพร้าว	เนื้อมะพร้าว
ขนมปังดิกา	ขนมปังดิก้า
ปลา	เนื้อปลา
ปลาทะเล	เนื้อปลาทะเล
ปลาน้ำจืด	เนื้อปลาน้ำจืด
ซีฟู้ด	อาหารทะเล
ปลาซีบรีม	ปลาบรีม	เนื้อปลาซีบรีม	เนื้อปลาบรีม
ปลาบรีม	ปลาบรีมน้ำจืด	เนื้อปลาบรีม	เนื้อปลาบรีมน้ำจืด
ปลาเบส	ปลาเบสน้ำจืด	เนื้อปลาเบส	เนื้อปลาเบสน้ำจืด
ปลาเบสปากกว้าง	เนื้อปลาเบสปากกว้าง
ปลาเบสปากแคบ	เนื้อปลาเบสปากแคบ
ปลากระพงขาว	ปลาซีเบส	ปลาเบส	เนื้อปลาซีเบส	เนื้อปลาเบส
ปลาสตริปิดเบส	ปลาสตริเปอร์	เนื้อปลาสตริปิดเบส	เนื้อปลาสตริเปอร์
ปลากรูเปอร์	เนื้อปลากรูเปอร์
ปลาโครเกอร์	เนื้อปลาโครเกอร์
ปลาไวติง	เนื้อปลาไวติง
ปลาไวติง	เนื้อปลาไวติง
ปลาคัสค์	เนื้อปลาคัสต์
ปลาดอลฟินฟิช	ปลามาฮิมาฮิ	เนื้อปลาดอลฟินฟิช	เนื้อปลามาฮิมาฮิ
ปลาคาร์พ	เนื้อปลาคาร์พ
ปลาบัฟฟาโลฟิช	เนื้อปลาบัฟฟาโลฟิช
ปลาไพค์	เนื้อปลาไพค์
ปลามัสเกลลันจ์	เนื้อปลามัสเกลลันจ์
ปลาพิคคาเรล	เนื้อปลาพิคคาเรล
ปลามองค์ฟิช	เนื้อปลามองค์ฟิช
ปลาซัคเกอร์	เนื้อปลาซัคเกอร์
ปลามัดแคช	ปลาแคตฟิช	เนื้อปลามัดแคช	เนื้อปลาแคตฟิช
ปลาเพิร์ช	เนื้อปลาเพิร์ช
ปลาซันฟิช	เนื้อปลาซันฟิช
ปลาเครปปี	เนื้อปลาเครปปี
ทูน่า	ปลาทู	ปลาทูน่า	เนื้อปลาทู	เนื้อปลาทูน่า
ปลาอัลบาคอร์	เนื้อปลาอัลบาคอร์
ปลาโบนิโต	เนื้อปลาโบนิโต
ปลาบลูฟิน	ปลาบลูฟินทูน่า	เนื้อปลาบลูฟิน	เนื้อปลาบลูฟินทูน่า
ปลาแมคเคอเรล	เนื้อปลาแมคเคอเรล
ปลาสเปนิชแมคเคอเรล	เนื้อปลาสเปนิชแมคเคอเรล
ปลาปอมปาโน	เนื้อปลาปอมปาโน
ปลาหมึก	หมึก	เนื้อปลาหมึก
ปลาปักเป้า	เนื้อปลาปักเป้า
ปลาฟุกุ	เนื้อปลาฟุกุ
ปลาหมึกยักษ์	หมึกยักษ์	เนื้อปลาหมึกยักษ์
หอยทาก	เนื้อหอยทาก
หอยทากวิงเคิล	หอยทากเปอริวิงเคิล
ปลาแพนฟิช	เนื้อปลาแพนฟิช
ปลาสต็อค	ปลาแห้งไม่ใส่เกลือ	เนื้อปลาสต็อค
สัตว์น้ำจำพวกมีเปลือก	สัตว์น้ำที่มีเปลือก
ปลากะตัก	ปลาแองโชวี่	แองโชวี่
ปลาไหล	เนื้อปลาไหล
ปลากระบอก	ปลากระบอกเทา	เนื้อปลากระบอก	เนื้อปลากระบอกเทา
ปลาเฮอร์ริ่ง	เนื้อปลาเฮอร์ริ่ง
ปลาคิงฟิช	เนื้อปลาคิงฟิช
ปลาลิงคอด	เนื้อปลาลิงคอด
ปลาเฮอร์ริ่งเค็มรมควัน	เนื้อปลาเฮอร์ริ่งเค็มรมควัน
ปลาเอลไวฟ์	เนื้อปลาเอลไวฟ์
ปลาบลูฟิช	เนื้อปลาบลูฟิช
ปลาสเวิร์ดฟิช	เนื้อปลาสเวิร์ดฟิช
ปลาบัตเตอร์ฟิช	เนื้อปลาบัตเตอร์ฟิช
บลูพอยต์	หอยนางรมบลูพอยต์
ปู	เนื้อปู
ปูยักษ์อลาสก้า	ปูอลาสก้า
ปลาคอด	เนื้อปลาคอด
ปลาโพลล็อค	ปลาโพลเล็ค	เนื้อปลาโพลล็อค	เนื้อปลาโพลเล็ค
ปลาสคร็อด	เนื้อปลาสคร็อด
ปลาแฮดด็อค	เนื้อปลาแฮดด็อค
ปลาฟินแนน	ปลาฟินแนนแฮดด็อค	ปลาแฮดด็อครมควัน	เนื้อปลาฟินแนน	เนื้อปลาฟินแนนแฮดด็อค	เนื้อปลาแฮดด็อครมควัน
ปลาคอดเค็ม	เนื้อปลาคอดเค็ม
ปลาพอร์กี้	เนื้อปลาพอร์กี้
ปลาสคัป	เนื้อปลาสคัป
ปลาแฟลตฟิช	เนื้อปลาแฟลตฟิช
ปลาฟลาวเดอร์	เนื้อปลาฟลาวเดอร์
ปลาเยลโลว์ฟลาวเดอร์	เนื้อปลาเยลโลว์ฟลาวเดอร์
ปลาเพลซ	เนื้อปลาเพลซ
ปลาเทอร์บอต	เนื้อปลาเทอร์บอต
ปลาแซนด์แดบ	เนื้อปลาแซนด์แดบ
ปลาโซล	เนื้อปลาโซล
ปลาเกรย์โซล	เนื้อปลาเกรย์โซล
ปลาอิงลิชโซล	ปลาเลมอนโซล	เนื้อปลาอิงลิชโซล	เนื้อปลาเลมอนโซล
ปลาวินเตอร์ฟลาวเดอร์	ปลาเลมอนโซล	เนื้อปลาวินเตอร์ฟลาวเดอร์	เนื้อปลาเลมอนโซล
ปลาฮาลิบัต	เนื้อปลาฮาลิบัต
ปลาเฮค	เนื้อปลาเฮค
ปลาเซลฟิช	เนื้อปลาเซลฟิช
ปลาวีคฟิช	เนื้อปลาวีคฟิช
กุ้งล็อบสเตอร์	ล็อบสเตอร์
กุ้งร็อกล็อบสเตอร์	กุ้งสไปนีล็อบเตอร์
ปลาซาร์ดีน	ปลาพิลเชิร์ด	เนื้อปลาซาร์ดีน	เนื้อปลาพิลเชิร์ด
ปลาเทราต์	เนื้อปลาเทราต์
ปลาเรนโบว์เทราต์	เนื้อปลาเรนโบว์เทราต์
ปลาซีเทราต์	ปลาแซลมอนซีเทราต์	เนื้อปลาซีเทราต์	เนื้อปลาแซลมอนซีเทราต์
ปลาบรูคเทราต์	ปลาเทราต์ลำธาร	เนื้อปลาบรูคเทราต์	เนื้อปลาเทราต์ลำธาร
ปลาเทราต์ทะเลสาบ	ปลาเลคเทราต์	เนื้อปลาเทราต์ทะเลสาบ	เนื้อปลาเลคเทราต์
ปลาไวต์ฟิช	เนื้อปลาไวต์ฟิช
ปลาซิสโก้	ปลาเลคเฮอร์ริ่ง	ปลาเฮอร์ริ่งทะเลสาบ	เนื้อปลาซิสโก้	เนื้อปลาเลคเฮอร์ริ่ง	เนื้อปลาเฮอร์ริ่งทะเลสาบ
ปลาร็อกเซลมอน	เนื้อปลาร็อกเซลมอน
ปลาแซลมอน	เนื้อปลาแซลมอน	แซลมอน
ปลาแอตแลนติกแซลมอน	เนื้อปลาแอตแลนติกแซลมอน
ปลาซ็อกอาย	ปลาเรดแซลมอน	เนื้อปลาซ็อกอาย	เนื้อปลาเรดแซลมอน
ปลาคิงแซลมอน	ปลาชินุก	เนื้อปลาคิงแซลมอน	เนื้อปลาชินุก
ปลาซิลเวอร์แซลมอน	เนื้อปลาซิลเวอร์แซลมอน
ปลาแซลมอนรมควัน	เนื้อปลาแซลมอนรมควัน	แซลมอนรมควัน
โนวาล็อกซ์	โนวาสโกเทียล็อกซ์	โนวาสโกเทียแซลมอน	โนวาแซลมอน
ปลาสเน็ปเปอร์	เนื้อปลาสเน็ปเปอร์
ปลาเรดสเน็ปเปอร์	เนื้อปลาเรดสเน็ปเปอร์
ปลาเรดร็อกฟิช	เนื้อปลาเรดร็อกฟิช
หอยพัด	หอยสกัลลอป	หอยเชลล์
ปลาแซลมอนเค็มรมควัน	เนื้อปลาแซลมอนเค็มรมควัน	แซลมอนเค็มรมควัน
ปลาเชด	เนื้อปลาเชด
ปลาสเมลต์	เนื้อปลาสเมลต์
ปลายูโรเปียนสเมลต์	ปลาสปาร์ลิ่ง
ปลาไวต์เบต	เนื้อปลาไวต์เบต
ปลาแมคเคอเรลรมควัน	เนื้อปลาแมคเคอเรลรมควัน	เนื้อแมคเคอเรลรมควัน	แมคเคอเรลรมควัน
หญ้า	หญ้าเลี้ยงสัตว์
อาหารสุกร	อาหารหมู
อาหารสัตว์ฺ	อาหารสัตว์เลี้ยง
สลักกะหล่ำปลี	สลัดกะหล่ำปลี
ส่วนประกอบ	ส่วนประกอบอาหาร	ส่วนผสม	ส่วนผสมอาหาร
สารปรุงแต่ง	สารปรุงแต่งอาหาร	เครื่องปรุง	เครื่องปรุงรส
น้ำมันสาระแหน่	น้ำมันเปปเปอร์มินต์
เกลือ	เกลือแกง
ผงพะโล้	เครื่องพะโล้
คิวมิน	ยี่หร่า	เทียนขาว	เมล็ดคิวมิน
ผักเฟนเนล	เฟนเนล
มาร์โ่จแรม	ใบมาร์โ่จแรม
มินท์	ใบมินท์
เครื่องเทศอย่างหนึ่ง	เซก
กระวาน	ลูกกระวาน
ผงพริก	พริกป่น	พริกผง
ซอยฮอยซิน	ซอสฮอยซิน
ปาปริกา	พริกป่นแดง
ซอสถั่วเหลือง	ซีอิ้ว	ซีอิ้วขาว
งา	เมล็ดงา
ผงชูรส	โมโนโซเดียมกลูตาเมต
วานิลลา	วานิลลาสกัด
น้ำส้ม	น้ำส้มสายชู
ซอสทาร์ทาร์	ทาร์ทาร์ซอส
น้ำสลัด	เดรสซิ่ง
น้ำสลัดมายองเนสรัสเซีย	มายองเนสรัสเซีย
ซอสขาว	ไวท์ซอส
ครีมซอส	ซอสครีม
ซอสพาสต้า	ซอสสปาเกตตี้
ซอสพริกไทย	เปปเปอร์ซอส
ไข่ต้ม	ไข่ลวก
นม	น้ำนม
นมวัว	นมโค
นมอะซิโดฟิลัส	นมเปรี้ยวแอซิโดฟิลัส
นมดิบ	น้ำนมดิบ
นมข้น	นมข้นหวาน
ชีสสติลตัน	สติลตัน
ชีสรอคฟอร์ต	รอคฟอร์ต
อเมริกันชีส	เชดดาร์ชีส	เนยแข็ง	เนยแข็งอเมริกัน
มอซซาเรลลา	มอสซาเรลล่าชีส
สวิสชีส	เนยแข็งสวิส
พีนัทบัตเตอร์	เนยถั่ว
ครีมมาร์ชเมลโลว์	มาร์ชเมลโลว์
อาหารที่ใช้ทา	อาหารที่ใช้ทาขนมปัง
ฮัมมุส	ฮูมุส
ปาเต	ปาเต้
ตับห่าน	ฟัวกราส์
น้ำตาล	น้ำตาลทราย
น้ำเชื่อม	ไซรัป
จ็อบซุย	ผัดผักรวม
บะหมี่ผัด	ผัดหมี่
ฟริตตาต้า	ไข่เจียวอิตาเลียน
จัมบาลายา	จัมบาลาย่า
มะกะโรนีและชีส	มักกะโรนีชีส	มักกะโรนีและชีส
เนื้อเยื่อไขกระดูก	ไขกระดูก
ข้าวผัดทรงเครื่อง	พิลาฟ
ข้าวอิตาเลียน	ริซอตโต้
สเต็กพริกไทยดำ	เปปเปอร์สเต็ก
บีฟสโตรกานอฟ	สโตรกานอฟเนื้อ
มะเขือเทศยัดไส้	มะเขือเทศยัดไส้ร้อน
มะเขือเทศยัดไส้	มะเขือเทศยัดไส้เย็น
สุกียากี้	สุกี้
เบอร์ริโต	เบอร์ริโต้
ถั่วบด	รีฟรายด์บีน
เบียร์สด	เหล้า
น้ำเมา	เครื่องดองของเมา	เครื่องดื่มที่มีส่วนผสมของแอลกฮอล์ล	เครื่องดื่มที่มีแอลกอฮอล์	เครื่องดื่มแอลกอฮอล์	เหล้า	แอลกอฮอล์
คาวา	คาวาคาวา
ดราฟต์เบียร์	เบียร์สด
บ็อคเบียร์	เบียร์เข้มข้น
เบียร์ลาเกอร์	เบียร์อ่อน
เบียร์งานเทศกาล	เบียร์เทศกาล
พิลส์เนอร์	เบียร์พิลส์เนอร์
ร้านเหล้าที่ไม่มีใบอนุญาต	ร้านเหล้าผิดกฎหมาย
สเตาท์	สเตาท์เบียร์
สาเก	เหล้าสาเก
แชมเปญ	แชมเปน
ไวน์เบอกันดี	ไวน์เบอร์กันดี
ไวน์ขาวเบอร์กันดี	ไวน์ชาบลีส์
ไวน์ชาร์ดอเน	ไวน์ปีนอตชาร์ดอเน
ไวน์ชนิดคลาเร็ท	ไวน์แดงบอร์โดซ์
เหล้าองุ่นขาว	ไวน์โมเซล
เรซลิง	ไวน์เรซลิง
ลิบฟรอยมิลค์	ไวน์ลิบฟรอยมิลค์
แซงต์เอมิลิยง	ไวน์แซงต์เอมิลิยง
เหล้าองุ่นขาว	โซแตร์น
เวอร์มุท	ไวท์ขาว
ฟอร์ติไฟด์ไวน์	ไวน์ผสมบรั่นดี
มาเดรา	ไวน์มาเดรา
ไวนพอร์ต	ไวน์พอร์ต
เหล้าองุ่น	เหล้าเชอร์รี่
มันซานิลลา	เหล้ามันซานิลลา
น้ำจัณฑ์	สุรา	สุราเมรัย	เครื่องดื่มสีอัมพัน	เหล้า
อควาไวเต้	เหล้าอควาไวเต้
เหล้าเออเดอวี	เออเดอวี
อะควาวิต	เหล้าอะควาวิต
คาลวาโดส	บรั่นดีคาลวาโดส
อาร์มายัค	เหล้าอาร์มายัค
เกรปป้า	เหล้าเกรปป้า
ยิน	เหล้ายิน
กร็อก	เหล้ากร็อก
อูโซ่	เหล้าอูโซ่
รัม	เหล้ารัม
เดเมอรารา	เดเมอรารารัม
ชแนปส์	เหล้าชแนปส์
เมสคอล	เหล้าเมสคอล
เตกีลา	เหล้าเตกีลา
วอดก้า	เหล้าวอดก้า
วิสกี้	เหล้าวิสกี้
วิสกีข้าวโพด	วิสกี้ข้าวโพด
วิสกี	วิสกี้	สกอตช์วิสกี	สกอตต์วิสกี	สก็อตวิสกี้
เหล้าแอบซินท์	แอบซินท์
อะมาเร็ตโต้	เหล้าอะมาเร็ตโต้
เบเนดิคไทน์	เหล้าเบเนดิคไทน์
ชาร์สตรูเช่	เหล้าชาร์สตรูเช่
ดรัมบุย	เหล้าดรัมบุย
กัลเลียโน	เหล้ากัลเลียโน
คูราเซา	เหล้าคูราเซา
ทริเปิ้ลเซค	เหล้าทริเปิ้ลเซค
เหล้าแกรนด์มาเนีย	แกรนด์มาเนีย
คุมเมล	เหล้าคุมเมล
มาราสชิโน	เหล้ามาราสชิโน
พาสติส	เหล้าพาสติส
เพอร์นอด	เหล้าเพอร์นอด
คาลัวร์	เหล้ากาแฟ	เหล้าคาห์ลัว
ซัมบูก้า	เหล้าซัมบูก้า
บิชอพ	ไวน์ที่มีส่วนผสมของส้มและกานพลู
จูเลป	มิ้นจูเลป
ถ้วยกาแฟ	ถ้วยกาแฟเอสเพรสโซ
กาแฟเอสเปรสโซ	เอสเปรสโซ
กาแฟลาเต้	ลาเต้
กาแฟคาปูชิโน	คาปูชิโน
กาแฟมอคค่า	มอคค่า
นมช็อคโกแลต	นมรสช็อคโกแลต
เหล้าคุณภาพต่ำ	เหล้าราคาถูก
น้ำผลไม้	น้ำผลไม้คั้นสด
น้ำส้ม	น้ำส้มคั้น
เครื่องดื่มผสมน้ำผลไม้	เครื่องดื่มรสผลไม้
เครื่องดื่มผสมเลมอน	เครื่องดื่มรสเลมอน
ออเรนเจด	เครื่องดื่มผสมน้ำส้ม	เครื่องดื่มรสส้ม
น้ำขวด	น้ำอัดลม	โซดา
เครื่องดื่มโคลา	โคล่า	โดป
โคล่า	โค้ก
เป๊ปซี่	แป็ปซี่
กาแฟ	คอฟฟี่
ชา	ที	น้ำชา
ชาหนึ่งจอก	ชาหนึ่งถ้วย	น้ำชาหนึ่งจอก	น้ำชาหนึ่งถ้วย
ชาดำเย็น	ชาเย็น	ไอซ์ที
ชาออเรนจ์เปโก	ชาเปโก
น้ำ	น้ำดื่มบรรจุขวด	น้ำบรรจุขวด
น้ำก็อก	น้ำประปา
น้ำ	น้ำดื่ม	น้ำเปล่า
น้ำอัดลม	โซดา
น้ำแร่	น้ำแร่ธรรมชาติ
การแบ่งเป็นสองกลุ่ม	ทวิวิภาค
คิงดอม	อาณาจักร
คิงดอม	อาณาจักร
กลุ่มคน	ประชาชน	ปวงชน	ผู้คน	มวลชน	มหาชน
กลุ่มอายุ	คนร่วมกลุ่มอายุ
คนยุคโบราณ	คนสมัยโบราณ	คนโบราณ
กลุ่มผู้สูงวัย	กลุ่มผู้สูงอายุ	ผู้สูงอายุ
กลุ่มคนตาบอด	คนตาบอด	ผู้พิการทางสายตา	ผู้มีดวงตาพิการ
กลุ่มผู้กล้า	นักรบ	ผู้กล้า	ผู้กล้าหาญ	วีรชน
กลุ่มคนขลาด	คนขลาด	คนขี้กลัว
กลุ่มนักธุรกิจ	กลุ่มพ่อค้านักธุรกิจ	นักธุรกิจ
คนชนบท	คนต่างจังหวัด	คนบ้านนอก	ชาวบ้าน
คนในประเทศ	ประชาชนในประเทศ
กลุ่มผู้เสียชีวิต	ผู้เสียชีวิต
ผู้ที่มีชีวิต	ผู้ที่ยังอยู่
กลุ่มคนหูหนวก	คนหูหนวก	ผู้พิการทางหู
ผู้ปราชัย	ผู้แพ้
คนพิการ	ผู้ทุพพลภาพ	ผู้พิการ
คนขาพิการ	ผู้พิการทางขา	ผู้มีขาพิการ
ฝ่ายตรงข้าม	ศัตรู
ผู้ดี	ผู้ดีมีตระกูล
คนรากหญ้า	ชาวรากหญ้า	รากหญ้า
กลุ่มผู้ถูกกักบริเวณ	ผู้ถูกกักบริเวณ
กลุ่มคนไร้บ้าน	คนไม่มีบ้าน	คนไร้ที่พักพิง	คนไร้บ้าน
กลุ่มคนไข้	กลุ่มผู้ป่วย
กลุ่มผู้ถูกสังหาร	ผู้ถูกสังหาร
กลุ่มผู้บาดเจ็บ	กลุ่มผู้ได้รับบาดเจ็บ	คนเจ็บ	ผู้บาดเจ็บ	ผู้ได้รับบาดเจ็บ
กลุ่มทางสังคม	กลุ่มสังคม
การรวมกัน	ของที่สะสม	คอลเลคชั่น	ชุด	สิ่งที่รวมไว้
ประมวลกฏเกณฑ์	หนังสือกฏระเบียบ
คอลเลคชั่นขวดสะสม	ชุดขวดสะสม
คอลเลคชั่นเหรียญสะสม	ชุดเหรียญสะสม
คอร์ปัส	ชุดงานเขียน
ชุดจาน	ชุดจานบันทึก
สำรับไพ่	ไพ่หนึ่งสำรับ
คอลเลคชั่นแสตป์	ชุดแสตมป์
กลุ่มก้อน	ก้อน	ก้อนดิน
กองปุ๋ยคอก	กองมูลสัตว์
กองฟาง	กองหญ้าแห้ง
กองฟืน	กองไม้	กองไม้ฟืน
กลุ่ม	หมู่	เหล่า
กลุ่มผู้ลี้ภัย	กลุ่มผู้อพยพ
ภาคส่วน	เซ็กเตอร์
กลุ่มชาติพันธุ์	ชาติพันธุ์
กลุ่มเชื้อชาติ	เชื้อชาติ
ตระกูล	วงศ์ตระกูล	วงศ์วาน	วงศ์วานว่านเครือ
ญาติพี่น้อง	พี่น้อง
ราชตระกูล	ราชสกุล
นามสกุล	สกุล
กลุ่มผู้อยู่อาศัยในตึกที่พัก	กลุ่มผู้อยู่อาศัยในอาคาร
ครอบครัวบุญธรรม	ครอบครัวอุปถัมภ์
ชนชั้น	ชนชั้นทางสังคม	ชนชั้นทางเศรษฐกิจและสังคม
กลุ่มคน	การรวมตัว	ฝูงชน
ประมวลเรื่องปรัมปรา	รวมนิทานคติชน
เทพนิยายคลาสสิก	เทพปกรณัมคลาสสิก
เทพนิยายกรีก	เทพปกรณัมกรีก
เทพนิยายโรมัน	เทพปกรณัมโรมัน
เทพนิยายนอร์ส	เทพปกรณัมนอร์ส
เซตที่มีสมาชิกเดียว	เซตที่มีหนึ่งสมาชิก
กลุ่มสามคน	คณะสามคน	ทรีโอ
กลุ่มสี่คน	คณะสี่คน
กลุ่มห้าคน	คณะห้าคน
กลุ่มหกคน	คณะหกคน
กลุ่มเจ็ดคน	คณะเจ็ดคน
กลุ่มแปดคน	คณะแปดคน
คู่ชีวิต	คู่ผัวตัวเมีย	คู่สามีภรรยา	ผัวเมีย
คู่สามีภรรยาที่ไม่มีบุตร	สามีภรรยาที่ไม่มีบุตร
คู่สมรส	คู่แต่งงาน
คู่เกย์	คู่ไม้ป่าเดียวกัน
ฝูงนก	หมู่นก
คริสตบริษัท	ผู้เคร่งศาสนา
ชีวชาติ	ชีววิทยา
กลุ่มสัตว์	ฝูงสัตว์
ฝูงปลาวาฬ	ฝูงวาฬ
ฝูงสัตว์นักล่า	ฝูงสัตว์ล่าเหยื่อ
ฝูง	ฝูงห่าน
ชุด	เซต
คลาส	ประเภท
ประเภทไวโอลิน	เครื่องดนตรีประเภทไวโอลิน
กลุ่มย่อย	ซับกรุป
บริษัทยานยนต์	บริษัทรถ	บริษัทรถยนต์
บริษัทขายยา	บริษัทยา
บริษัทผลิตสินค้าอิเล็คทรอนิกส์	บริษัทอิเล็คทรอนิกส์	บริษัทอุปกรณ์อิเล็คทรอนิกส์
ค่ายภาพยนตร์	ค่ายหนัง	บริษัทผลิตภาพยนตร์	บริษัทภาพยนตร์	บริษัทหนัง
ค่ายหนังอินดี้	ค่ายหนังอิสระ	บริษัทภาพยนตร์อิสระ
บริษัทผลิตอาหาร	บริษัทอาหาร
บริษัทผลิตเฟอร์นิเจอร์	บริษัทเฟอร์นิเจอร์
ชุดเครื่องเรือน	ชุดเฟอร์นิเจอร์
กำ	กำมือ
องค์กร	องค์การ
กลุ่มเอ็นจีโอ	องค์กรพัฒนาเอกชน	เอ็นจีโอ
กลุ่มกบฏอาบูซายาฟ	กลุ่มก่อการร้ายอาบูซายาฟ
กลุ่มก่อการร้ายอัลกออิดะห์	กลุ่มอัลไคดา	ฐานเครือข่ายกลุ่มอัลเกดา	อัล-ไคดา
กลุ่มอิสลามติดอาวุธ	กองกำลังติดอาวุธอิสลาม	จีไอเอ
กองทัพปลดปล่อยตนเองแห่งระวันดา	องค์กรเอฟเออาร์	องค์กรเอเอลไออาร์
ลัทธิโอมชินริเคียว	โอมชินริเคียว
กลุ่มติดอาวุธฮามาส	กลุ่มหัวรุนแรงฮามาส	กลุ่มฮามาส
ขบวนการกองทัพกู้ชาติไอริช	ขบวนการไออาร์เอ	ไออาร์เอ
กองทัพแห่งโมฮัมเหม็ด	เจอีเอ็ม
กองทัพแดงญี่ปุ่น	เจอาร์เอ
กลุ่มกบฏคอนทรา	กลุ่มคอนทรา
กองกำลังปลดปล่อยแห่งชาติ	อีเอลเอ็น
กองทัพประชาชนใหม่	เอ็นพีเอ
กลุ่มปาเลสไตน์อิสลามิคจิฮัด	พีไอเจ
สภากาชาดสากล	องค์การกาชาดสากล
ควอนโก	องค์การอิสระกึ่งราชการ
รบ.	รัฐบาล
รัฐบาลสหภาพโซเวียต	รัฐบาลโซเวียต
สถาบันการเงิน	ไฟแนนซ์
บรรษัท	บริษัท
บริษัทยักษ์ใหญ่	ยักษ์ใหญ่
บรรษัท	บริษัท
บรรษัท	บริษัท
บริษัท	ห้างหุ้นส่วนจำกัด
ตัวแทนจำหน่าย	ธุรกิจแฟรนไชส์
กิจการ	ธุรกิจ	องค์กรธุรกิจ
บริษัทคอนเซาต์	บริษัทที่ปรึกษา
กระจอกข่าว	กลุ่มผู้สื่อข่าว
ตัวแทนจำหน่าย	บริษัท
อุตสาหกรรมเครื่องนุ่งห่ม	อุตสาหกรรมเสื้อผ้าและเครื่องนุ่งห่ม
ระบบธนาคาร	อุตสาหกรรมธนาคาร
บริษัทผลิตอาวุธสงคราม	บริษัทผลิตอาวุูธ
ธุรกิจน้ำมัน	อุตสาหกรรมการกลั่น	อุตสาหกรรมน้ำมัน
บริษัทประกันชีวิต	บริษัทประกันภัย
กองทุนรวมป้องกันความเสี่ยง	ทุนประกันความเสี่ยง	เฮดจ์ฟันด์
อุตสาหกรรมของเด็กเล่น	อุตสาหกรรมของเล่น
องค์กรขนาดใหญ่	องค์การ
แผนกซีซียู	แผนกโรคหัวใจ
ครอบครัว	ที่บ้าน	บ้าน
หน่วย	หน่วยตำรวจ
ทีมบุก	ฝ่ายบุก
ทีมป้องกัน	ฝ่ายรับ
ศาสนายิว	ศาสนายูดาย
กลุ่มยิวออร์โธดอกซ์	ยิวออร์โธดอกซ์
นิกายสุนหนี่	ศาสนาอิสลามนิกายสุนหนี่
นิกายไวษณพ	ไวษณพนิกาย
พระพุทธศาสนา	พุทธศาสนา	ศาสนาพุทธ
นิกายเซน	พุทธศาสนานิกายเซน	เซน
นิกายมหายาน	มหายาน
นิกายหีนยาน	นิกายเถรวาท
กำพืด	ผู้สืบสกุล	สายตระกูล	สายเลือด	เชื้อสาย	เทือกเถาเหล่ากอ
ส่วน	ไฟลัม
สังคมอารยะ	อารยะ
ฝ่าย	ภาค	แผนก
ฝ่ายอาคารสถานที่	แผนกอาคารสถานที่
กองดับเพลิง	หน่วยดับเพลิง	หน่วยผจญเพลิง
องค์การอาหารและยา	เอฟดีเอ
ซีไอเอ	สำนักข่าวกรองกลางของสหรัฐ
นาซา	องค์การนาซา	องค์การบริหารการบินและอวกาศแห่งชาติ
สำนักงานสอบสวนกลางแห่งสหรัฐอเมริกา	เอฟบีไอ
ที่ทำการไปรษณีย์	ที่ทำการไปรษณีย์ท้องถิ่น	ไปรษณีย์	ไปรษณีย์ท้องถิ่น
แผนกดูแลพิเศษทารกแรกเกิด	แผนกเอ็นไอซียู
แผนกฉุกเฉิน	แผนกไอซียู
นิกาย	ลัทธิ
คฤหัสถ์	ฆราวาส
พระบรมวงศานุวงศ์	ราชนิกุล
ราชวงศ์อองชู	ราชวงศ์แพลนทาเจเน็ท
ราชวงศ์จิ้น	ราชวงศ์ฉิน
ราชวงศ์ชิง	ราชวงศ์แมนจู
ราชวงศ์มองโกล	ราชวงศ์หยวน
กลุ่มพลเมือง	ปชช.	ประชาชน	พลเมือง
คณะตุลาการ	คณะผู้พิพากษา
คนในชาติ	คนในประเทศ	ประชาชนพลเมือง	ประชาชนในประเทศ	พลเมือง
ต่างประเทศ	ต่างแดน	เมืองนอก
ชาติ	ประเทศ	ประเทศชาติ	รัฐ	รัฐชาติ
กลุ่มประเทศ	สันนิบาต
กลุ่มสันนิบาตอาหรับ	สันนิบาตอาหรับ	องค์การสันนิบาตอาหรับ
ประชาคมเศรษฐกิจยุโรป	ยุโรป	สหภาพยุโรป	อียู
นาโต้	องค์การสนธิสัญญาป้องกันแอตแลนติกเหนือ
กลุ่มโอเปค	องค์การของกลุ่มประเทศผู้ส่งน้ำมันเป็นสินค้าออก	โอเปค
ชาติมหาอำนาจทางทะเล	ประเทศมหาอำนาจทางทะเล	มหาอำนาจทางทะเล
ชาติมหาอำนาจ	ประเทศมหาอำนาจ	มหาอำนาจ
คนจน	คนยากคนจน	คนยากจน	คนยากไร้
กลุ่มคนรวย	กลุ่มผู้มั่งคั่ง	คนมีเงิน	คนรวย	ผู้มั่งคั่ง	เศรษฐี
คนทั่วไป	คนธรรมดาทั่วไป	คนสามัญ	ประชาชน	ประชาชี	สามัญชน
กรรมาชีพ	ชนชั้นกรรมาชีพ
กระฎุมพี	ชนชั้นกระฎุมพี	ชนชั้นกลาง
กลุ่มคนสามัญ	คนทั่วไป	คนธรรมดาสามัญ	สามัญชน
กระกฎุมพีน้อย	ชนชั้นกระฎุมพีน้อย
ฝูงชน	ฝูงชนที่เนื่องแน่น
การจราจรคับคั่ง	การจราจรติดขัด
ฝูง	โขยง
ห.จ.ก.	หจก.	ห้างหุ้นส่วนจำกัด
คณะ	คณะนักแสดง	คณะละคร
คณะละคร	คณะละครเวที	คณะละคอน
คณะนักร้องประสานเสียง	คอรัส	วงขับร้องประสานเสียง
กลุ่มนักร้องประสานเสียง	นักร้องประสานเสียง
คณะนักร้อง	นักร้องประสานเสียง
กองกำลังข้าศึก	กองกำลังฝ่ายตรงข้าม	กองทัพ	กองทัพฝ่ายตรงข้าม	กองทัพศัตรู
กองทัพบก	ทัพบก
กองทัพเรือ	หน่วยกองทัพเรือ
กองทัพเรือ	ทัพเรือ
กองทัพเรือสหรัฐอเมริกา	กองทัพเื่รือสหรัฐอเมริกา
สันนิบาตชาติ	องค์การสันนิบาตชาติ
กองทัพอากาศ	ทัพอากาศ
กองทัพ	เหล่าทัพ
กองกำลัง	กองกำลังทหาร	กองทัพ
กลุ่มผู้ปฏิบัติงาน	กลุ่มผู้ปฏิบัติหน้าที่
ทีม	หน่วย
ตัวสำรอง	ผู้เล่นสำรอง
กองกำลังตำรวจ	กำลังตำรวจ
สห.	สารวัตรทหาร
กำลังคน	แรงงาน
กองทหาร	กองทัพ
หน่วยปฏิบัติการรบพิเศษ	หน่วยปฏิบัติการรบพิเศษของสหรัฐ
พลาทูน	หมวดทหาร
คณะผู้คุ้มกัน	องครักษ์
คนทำงานกะกลางวัน	คนทำงานกะเช้า
คนทำงานกะกลางคืน	คนทำงานกะดึก
ดิวิชัน	ส่วน
คนดู	ผู้ชม
ผู้ชมการแข่งขันกอล์ฟ	ผู้ชมการแข่งขันเทนนิส
คนดู	ผู้ชม
ทางบ้าน	ผู้ชมทางบ้าน	ผู้ชมโทรทัศน์	ผู้ติดตามรายการ
ผู้ติดตาม	ผู้ติดตามผลงาน	สาวก	เหล่าสาวก
กลุ่มแฟน	แฟนคลับ
กลุ่มสหกรณ์	ร้านสหกรณ์	สหกรณ์
กลุ่ม	คลับ	ชมรม	ชุมนุม	สโมสร
กลุ่มคนรักหนังสือ	ชมรมคนรักหนังสือ
กลุ่มนักศึกษาชาย	ชมรมนักศึกษาชาย
ชมรมคนพายเรือ	ชมรมฝีพาย	ชมรมเรือพาย
กลุ่มออมทรัพย์	ชมรมออมทรัพย์
กลุ่มนักศึกษาหญิง	ชมรมนักศึกษาหญิง
ชมรมเรือยอชต์	สโมสรนักเล่นเรือใบ
กลุ่มยากูซ่า	พวกยากูซ่า	ยากูซ่า
สหภาพ	สหภาพแรงงาน
บริษัทค้าร่วม	สหการ
กลุ่มบริษัท	การร่วมกลุ่มบริษัท
ผู้แสดง	รายชื่อตัวละคร
ชั้น	ปี
ชั้น	ดิวิชัน	ระดับชั้น
กลุ่มคน	วง
กลุ่ม	กลุ่มผลประโยชน์ร่วม	กลุ่มภายใน	หมู่
คณะผู้พิพากษา	คณะเผด็จการทหาร
กลุ่มคนงาน	ทีมงาน
ทีมพนักงานภาคพื้นดิน	ทีมลูกเรือภาคพื้นดิน
พวกอันธพาล	แก็งค์อาชญากร	แก็งค์อาชญากรรม	แก๊งค์	แก๊งค์อันธพาล
รังอาชญากร	รังโจร
กลุ่มวัยรุ่นอันธพาล	กลุ่มเด็กแว้น	แก็งค์กวนเมือง	แก็งค์วัยรุ่น	แก็งค์วัยรุ่นกวนเมือง
กลุ่มผู้มีอิทธิพล	กลุ่มอาชญากร	องค์กรอาชญากรรม
กลุ่มมาเฟีย	มาเฟีย
กลุ่มมาเฟีย	พวกมาเฟีย	มาเฟียซิซิลี	มาเฟียอิตาลี
กลุ่มมาเฟีย	พวกมาเฟีย	มาเฟีย	มาเฟียโคซานอสตรา
นักดนตรีคู่	นักร้องคู่
กลุ่มนักดนตรีสี่คน	กลุ่มนักร้องสี่คน
กลุ่มนักดนตรีหกคน	กลุ่มนักร้องหกคน
วง	แบนด์
วงเครื่องลมทองเหลือง	แตรวง
วงคอนเสิร์ตวาทิต	วงดุริยางค์ทหารบก
วงดนตรี	วงดนตรีสตริง	วงสตริง
บิ๊กแบนด์	วงบิ๊กแบนด์
วงดนตรีแจ๊ส	วงดนตรีแจ๊สเล็กๆ
วงดนตรีร็อก	วงร็อก
กองทัพโกลเด้นฮอร์ด	โกลเด้นฮอร์ด
งานกินเลี้ยง	งานปาร์ตี้	งานเลี้ยง	งานเลี้ยงฉลอง	ปาร์ตี้
งานเลี้ยง	งานเลี้ยงฉลอง
งานเลี้ยงอาหารค่ำ	ดินเนอร์
งานสโมสรสันนิบาต	งานเลี้ยงกลางแจ้ง
งานเลี้ยงสละโสด	งานเลี้ยงอำลาความโสด	ปาร์ตี้สละโสด
ปาร์ตี้ชายล้วน	ปาร์ตี้ผู้ชาย
ปาร์ตี้ผู้หญิง	ปาร์ตี้หญิงล้วน
งานปาร์ตี้ชุดนอน	ปาร์ตี้ชุดนอน
งานเลี้ยงฉลองมงคลสมรส	งานเลี้ยงฉลองสละโสด	งานเลี้ยงแต่งงาน
พรรค	พรรคการเมือง
พรรคกรรมกร	พรรคแรงงาน
พรรคแรงงาน	พรรคแรงงานสหราชอาณาจักร
เมตริกซ์	เมทริกซ์
เมตริกซ์จตุรัส	เมทริกซ์จตุรัส
กาแล็กซี	ดาราจักร
กาแล็กซีก้นหอย	กาแล็กซีรูปกังหัน
กลุ่มที่มียี่สิบสมาชิก	เซตที่มียี่สิบสมาชิก
กลุ่มคำพ้องความหมาย	กลุ่มคำไวพจน์	ซินเซต
พนักงานประจำเครื่องบิน	พนักงานเครื่องบิน	ลูกเรือเครื่องบิน
เพื่อนฝูง	แก๊ง
กลุ่มลูกเสือ	หมู่
สคูล	สำนัก
กลุ่มศิลปะแปด	สำนักแอชกัน
สถานศึกษา	สถาบันการศึกษา
มหาลัย	มหาวิทยาลัย
มหาลัย	มหาวิทยาลัย
มหาลัยเปิด	มหาวิทยาลัยเปิด
คณะครู	คณะครูอาจารย์	คณะผู้สอน	คณาจารย์
สังคม	อารยธรรม
บุปผาชน	ฮิปปี้
ผู้ไม่ฝักใฝ่ฝ่ายใด	ผู้ไม่ีฝักใฝ่ฝ่ายใด
องค์กรนานาชาติ	องค์กรระดับโลก	องค์กรสากล	องค์การสากล
ยูเอ็น	สหประชาชาติ	องค์การสหประชาชาติ
ตัวแทนยูเอ็น	ตัวแทนสหประชาชาติ	หน่วยงานสหประชาชาติ
กองทุนเพื่อเด็กแห่งสหประชาชาติ	ยูนิเซฟ	องค์การยูนิเซฟ
องค์การอาหารและการเกษตรแห่งสหประชาชาติ	เอฟเอโอ
ข้อตกลงทั่วไปว่าด้วยภาษีศุลกากรและการค้า	แกตต์
ทบวงการพลังงานปรมาณูระหว่างประเทศ	ไอเออีเอ
ธนาคารระหว่างประเทศเพื่อการบูรณะและพัฒนา	ธนาคารโลก	เวิลด์แบงค์	ไอบีอาร์ดี
องค์การการบินพลเรือนระหว่างประเทศ	ไอซีเอโอ
สมาคมพัฒนาระหว่างประเทศ	ไอดีเอ
บรรษัทการเงินระหว่างประเทศ	ไอเอฟซี
องค์การแรงงานระหว่างประเทศ	ไอแอลโอ
องค์การทางทะเลระหว่างประเทศ	ไอเอ็มโอ
กองทุนการเงินระหว่างประเทศ	ไอเอ็มเอฟ
ยูเนสโก	องค์การศึกษาวิทยาศาสตร์และวัฒนธรรมแห่งชาติ
ดับเบิลยูเอชโอ	องค์การอนามัยโลก	ฮู
ดับบลิวเอ็มโอ	องค์การอุตุนิยมวิทยาโลก
สมาพันธ์	สหพันธ์
ชาติพันธมิตร	ประเทศพันธมิตร
ชนชั้นวรรณะ	วรรณะ
พราหมณ์	วรรณะพราหมณ์
กษัตริย์	วรรณะกษัตริย์
วรรณะแพศย์	แพทศย์
วรรณะศูทร	ศูทร
การประชุม	การพบปะสังสรรค์	มิตติ้ง
กลุ่มพีแอลโอ	องค์การปลดปล่อยปาเลสไตน์
ศาล	ศาลตุลาการ
เขตอำนาจศาล	เขตอำนาจศาลในสหรัฐอเมริกา
ศาลฎีกา	ศาลตุลาการใหญ่
ศาลฎีกา	ศาลสูงสุด
กรม	ทบวง	หน่วยงาน	หน่วยงานราชการ
หน่วยรบพิเศษของกองทัพอากาศอังกฤษ	หน่วยเอสเอเอส
พนักงานประจำสำนักงาน	พนักงานออฟฟิส	เจ้าหน้าที่ประจำสำนักงาน
ทีมงานวิจัย	ทีมวิจัย
ทีมงานรักษาความปลอดภัย	ทีมรักษาความปลอดภัย	สต๊าฟรักษาความปลอดภัย
ช่างซ่อมบำรุง	ทีมงานซ่อมบำรุง	พนักงานซ่อมบำรุง
วอชิงตัน	เมืองหลวง
การประชุมกลุ่มใหญ่	การประชุมใหญ่
กลุ่มใต้ดิน	ขบวนการต่อต้าน
ประชาธิปไตย	ระบอบประชาธิปไตย
ทุนนิยม	ระบบทุนนิยม
ระบบเศรษฐกิจ	ศก.	เศรษฐกิจ
พหุสังคม	สังคมพหุนิยม
ระบบการเมือง	ระบอบการเมือง
ชนเผ่า	เผ่า
ลูกโซ่	สายโซ่
ระบบสังคม	องค์การทางสังคม	โครงสร้างสังคม
คณะรัฐมนตรี	ครม.
การนัดหมาย	การนัดหมายล่วงหน้า
กลุ่มหัวกะทิ	พวกหัวกะทิ
กองทหารม้า	ทหารม้า
กลุ่มก่อการร้าย	องค์การก่อการร้าย
กองกำลัง	กองทหาร	กองพล
กองกำลังฝ่ายตรงข้าม	กองกำลังศัตรู
กองทหารม้า	ทหารม้า
การรวบรวม	ของเบ็ดเตล็ด
ครอก	ลูกไก่ที่ฟักในคราวเดียวกัน
สาขา	หน่วยงานย่อย
กลุ่มลูกค้า	ลูกค้าทั้งหมด
กลุ่มผู้แทน	คณะผู้แทน
กลุ่มมิชชันนารี	กลุ่มหมอสอนศาสนา
กองกำลังคอมมานโด	คอมมานโด	หน่วยคอมมานโด
กองทหารชั่วคราว	หน่วยทหารเฉพาะกิจ
กองบัญชาการ	ศูนย์บัญชาการ	หน่วยบัญชาการ
กลุ่มผู้หญิง	กลุ่มสตรี	สมาคมสตรี
งานแสดง	นิทรรศการ
กลุ่มทำงาน	คณะทำงาน
โรงเรียนมัธยม	โรงเรียนเตรียมอุดมศึกษา
โรงเรียนราษฎร์	โรงเรียนเอกชน
โรงเรียนกินนอน	โรงเรียนประจำ
ธนาคารพาณิชย์	ธนาคารพาณิิชย์
ธ.	ธนาคาร	สถาบันการเงิน	แบงค์
คนเดินเท้า	คนเดินเ้่ท้า
กองคาราวาน	คาราวาน
ขบวนพาหนะยานยนต์	ขบวนรถยนต์
กลุ่มผู้ติดตาม	คณะผู้ติดตาม
เครือข่าย	เน็ตเวิร์ก
พรรณพืช	พฤกษชาติ	พืชพันธุ์
พุ่มไม้หนา	หมู่ไม้เตี้ยๆ
ป่าละเมาะ	สุมทุมพุ่มไม้
ป่า	ป่าไม้
ทีม	ทีมงาน	ทีมสต๊าฟ	สต๊าฟ
การปกครองแบบเผด็จการ	การปกครอบแบบเผด็จการ	ลัทธิสตาลิน
ระบบรัฐตำรวจ	รัฐตำรวจ
กฎหมายมุสลิม	กฎหมายอิสลาม
ชุด	ซีรีส์
การก้าวหน้าเรขาคณิต	อนุกรมเรขาคณิต
กลุ่มข้อมูล	ข้อมูล	ชุดข้อมูล
ข้อมูลทางการบัญชี	ข้อมูลทางบัญชี
ไปรษณียภัณฑ์	ไปรษณีย์
จดหมายจากแฟนๆ	ไปรษณีย์จากแฟนๆ
ขบวนการทางสังคม	ขบวนการเคลื่อนไหวทางสังคม
กลุ่มอนุตรนิยม	ซูพรีมาติสม์	อนุตรนิยม	อนุตรศิลป์
คติดาดา	ลัทธิดาดานิยม	ศิลปะลัทธิดาดา
สำนักแม่น้ำฮัดสัน	โรแมนติคเรียลิสม์
ลัทธิจุลนิยม	ลัทธิมินิมัลลิสม์
ลัทธิสัจนิยม	ลัทธิเรียลิสม์	สัจนิยม	เรียลิสม์
ผู้ขัดสน	ผู้ขาดแคลน
ลัทธิเหนือจริง	ศิลปะแนวเหนือจริง	เซอร์เรียลิสม์
ลัทธิสัญลักษณ์นิยม	สัญลักษณ์นิยม
ลูกเสือ	สมาคมลูกเสือแห่งอเมริกา
ผู้บำเพ็ญ	ผู้บำเพ็ญประโยชน์	ยุวกาชาด	เนตรนารี
กลุ่มการเมือง	กลุ่มเคลื่อนไหวทางการเมือง
กลุ่มคนว่างงาน	คนตกงาน	คนว่างงาน	คนไม่มีงาน	ผู้ว่างงาน	ผู้ไม่มีงาน
สตรีเพศ	เพศหญิง
ราชวงศ์โจว	โจว
กลุ่มแร็พ	วงแร็พ
ผู้ร่วมรับประทานอาหาร	ผู้ร่วมโต๊ะ
กองกลาง	หน่วยงานกลาง
กองหน้า	แนวหน้า
กองหลัง	แนวหลัง
กลุ่มผู้ถูกเลือก	ผู้ถูกเลือก	ผู้ได้รับเลือก
ชาวอิสราเอล	ชาวฮีบรู
ดับบลิวทีโอ	องค์การการค้าโลก
กลุ่มประเทศอาเซียน	กลุ่มประเทศเอเชียตะวันออกเฉียงใต้	สมาคมประชาชาติแห่งเอเชียตะวันออกเฉียงใต้	อาเซียน
บ้าน	บ้านเกิด
ตลาดกลางแจ้ง	แอโกรา
กระสวนการบิน	รูปแบบการบิน
ดินแดน	อาณาเขต
อันดาลูเซีย	แคว้นอันดาลูเซีย
ทิศทางการบิน	ทิศทางบิน	แนวบิน
ด้านปีก	ปีก
การบินเครื่องร่อน	ทาง	เส้นทางร่อนลง
ชายฝั่งอเดลี	ดินแดนอเดลี
จุดโคจรไกลสุดจากดาวเคราะห์	อะโพแอปซิส
จุดอะฟีเลียน	จุดไกลดวงอาทิตย์ที่สุด
จุดไกลดวงจันทร์	แอโพลูน
ถิ่น	ท้องที่	พท.	พื้นที่	เขต	เขตพื้นที่	เนื้อที่
จุดบัพ	บัพ
จุดปฏิบัพ	ปฏิพับ
สุริยมณฑล	ฮีลีโอสเฟียร์
น่านฟ้า	เขตน่านฟ้า
ที่ทุรกันดาร	ที่ห่างไกลความเจริญ
สนามรบ	สมรภูมิ	สมรภูมิรบ
ต้นกำเนิด	แหล่งกำเนิด
ต้นธาร	ต้นน้ำ	ต้นน้ำลำธาร
ต้นน้ำ	ต้นแม่น้ำ
ถิ่นกำเนิด	บ้านเกิดเมืองนอน	มาตุภูมิ
ถิ่นฐานบ้านเกิด	บ้านเกิด	สถานที่เกิด
สถานที่เกิด	แหล่งกำเนิด
ก้น	ด้านล่าง	ส่วนล่าง
ตีน	เชิง
ขอบ	ขอบเขต	เส้นบอกเขต	เส้นแบ่งเขต	แนวแบ่งเขต
พื้นที่ถูกทำลาย	พื้นที่ถูกระเบิด
เส้นทางเดินรถ	เส้นทางเดินรถโดยสารประจำทาง
ป้ายรถเมล์	ป้ายรถโดยสารประจำทาง
วิทยาเขต	แคมปัส
บริเวณลุ่มน้ำ	พื้นที่รับน้ำ	ลุ่มน้ำ	ลุ่มแม่น้ำ
รัฐคอเคซัส	รัฐคอเคเซีย
ขอบเขตท้องฟ้า	ท้องฟ้า	นภากาศ
ที่ฝังศพ	ป่าช้า	สถานที่ฝังศพ	สุสาน
จุดกึ่งกลาง	ตรงกลาง
จุดศูนย์ถ่วง	ศูนย์ถ่วง
ศูนย์กลาง	ใจกลาง
หน่วยลงคะแนนเสียงเลือกตั้ง	หน่วยเลือกตั้ง
ดาวน์ทาวน์	ย่านการค้า	ย่านดาวน์ทาวน์	ย่านธุรกิจ	เขตดาวน์ทาวน์
เครือจักรภพ	เครือรัฐ
ดาว์นทาวน์	ใจกลางเมือง
ทุ่งข้าวโพด	ไร่ข้าวโพด
ปท.	ประเทศ
บัพขาลง	โนดขาลง
พื้นที่ปฏิบัติการ	สนามรบ	สมรภูมิ
เขต	เขตปกครอง
ย่านอยู่อาศัย	เขตที่อยู่อาศัย
ชานเมือง	เขตชานเมือง	แถบชานเมือง
ตำบลฟอเบิร์ก	ฟอเบิร์ก
กองขยะ	ที่ทิ้งขยะ
โลก	โลกมนุษย์
ประเทศตะวันออก	โลกตะวันออก
สุริยวิถี	เส้นสุริยวิถี
สรวงสวรรค์	สวรรค์	เมืองฟ้า	เมืองสวรรค์	แดนสวรรค์	แดนสุขาวดี
จุดปลาย	ด้านปลาย
ที่หมาย	ปลายทาง	สถานที่ปลายทาง
จุดหมายปลายทาง	ที่หมาย	หลักชัย
พื้นที่ทำการเกษตร	พื้นที่เรือกสวนไร่นา
สนาม	สนามแข่ง	สนามแข่งขัน
เบสไลน์	เส้นหลัง
ที่ชุมนุม	ที่รวมตัว	สถานที่ชุมนุม	สถานที่รวมตัว	แหล่งชุมนุม	แหล่งรวมตัว
สถานที่ที่ไปบ่อย	สถานที่ที่ไปเป็นประจำ
ข้างเตาผิง	ข้างเตาผิงไฟ
แถบบริเวณแนวสะโพก	แนวสะโพก
ซ่องโจร	ที่กบดาน	ที่ซ่อนตัว
ที่ซ่อน	สถานที่ซ่อน
ที่ศักดิ์สิทธิ	สถานที่ศักดิ์สิทธิ
ต้นกำเนิด	ถิ่นกำเนิด	แหล่งกำเนิด
ถ้ำสัตว์	รัง
ที่ขนถ่ายสินค้า	สถานที่ขนถ่ายสินค้า
เส้นลองจิจูด	เส้นเมอริเดียน
เส้นเมอริเดียนหลัก	เส้นเมอริเดียนเริ่มแรก	เส้นไพรม์เมอริเดียน
เมอริเดียนแม่เหล็ก	เส้นเมอริเดียนแม่เหล็ก
ที่ทำการตรวจสอบทางอุตุนิยมวิทยา	สถานีลมฟ้าอากาศ
วนอุทยาน	วนอุทยานแห่งชาติ	อุทยาน	อุทยานแห่งชาติ
ด้านที่หันเข้าหาลม	ด้านรับลม
ที่ทำรัง	ที่สร้างรัง	สถานที่สร้างรัง
พื้นที่ห้ามจอด	พื้นที่ห้ามจอดรถ
ทางโคจร	วงโคจร	วิถีโคจร
วงโคจร	วงโคจรอิเล็กตรอน
วงโคจรค้างฟ้า	วงโคจรประจำที่
จุดชมทิวทัศน์	จุดชมวิว	สถานที่ชมวิว
ปาร์ก	สวนสาธารณะ
ทุ่ง	ทุ่งหญ้า
ที่จอดรถ	ลานจอดรถ
ทุ่งหญ้า	ทุ่งหญ้าเลี้ยงสัตว์
วิถีกระสุน	วิถีการยิง
จัตุรัส	จัตุรัสสาธารณะ
จุด	ตำแหน่ง
ขั้ว	ขั้วโลก
คูหาเลือกตั้ง	สถานที่ลงคะแนน	สถานที่เลือกตั้ง
มุมกวาด	อะนอมาลี
ที่หมายเด่น	เครื่องหมายเด่นในภูมิประเทศ	แลนด์มาร์ค
ด้านขวา	ทางขวา	ทางขวามือ
ทางขวาของเวที	เวทีด้านขวา
ด้านซ้าย	ทางซ้าย	ทางซ้ายมือ
ทางซ้ายของเวที	เวทีด้านซ้าย
ส่วนโค้งหนึ่งในสี่ของวงกลม	เส้นโค้งหนึ่งในสี่ของวงกลม
บริเวณ	ย่าน
ข้างหลัง	ด้านหลัง
บ้านพักตากอากาศ	รีสอร์ท	สถานที่พักตากอากาศ
เขตบ้านพักตากอากาศ	เขตรีสอร์ท
จุดนัดพบ	สถานที่นัดพบ	สถานที่พบปะ
ที่ปลอดภัย	สถานที่ปลอดภัย
ชนบท	ต่างจังหวัด	บ้านนอก
ซาฟารีเวิลด์	สวนสัตว์เปิด
ทุ่งหญ้าซาวันน่า	ทุ่งหญ้าซาว้นนาห์
จุดแวะพัก	พื้นที่บริการ
จุดเยี่ยมชม	จุดแวะชม	ที่แวะชม
ทำเล	ที่ตั้ง
ชุมชนแออัด	ย่านชุมชนแออัด	ย่านสลัม	สลัม	เขตสลัม
ที่ปลีกวิเวก	สถานที่ปลีกวิเวก	สถานที่วิเวก
ที่ว่าง	สเปซ
จุดที่ยืน	ตำแหน่งที่ยืน
เส้นสตาร์	เส้นสตาร์ต
ยาร์ดไลน์	เส้นบอกหลา
จังหวัด	มลรัฐ	รัฐ
มลรัฐ	รัฐ
ชั้นสตราตัม	สตราตัม
ด้านบน	ยอด
จุด	ที่	สถานที่
เมืองที่มั่งคั่ง	เมืองที่รุ่งเรือง
บ้านเกิด	บ้านเกิดเมืองนอน
แปลง	แปลงปลูกต้นไม้	แปลงปลูกพืช
พื้นที่ก่อสร้าง	เขตก่อสร้าง
สถานที่ชุมนุม	สถานที่เกิดเหตุ
จุดยอด	จุดสูงสุด
ซีกโลกตะวันตก	โลกใหม่
ประเทศตะวันตก	โลกตะวันตก
ภาคตะวันตก	ภาคตะวันตกของสหรัฐอเมริกา
ผืนป่า	พื้นที่ป่า
พื้นที่ทำงาน	เวิร์กสเปซ
ราศีคนคู่	ราศีเมถุน
กรกฎ	ราศีกรกฏ
ราศีพิจิก	ราศีแมงป่อง
บริเวณ	เขต	โซน
เขตอันตราย	โซนอันตราย
คิลลิ่งโซน	เขตสังหาร
คิลเลอร์ฟีลด์	ทุ่งสังหาร
ชานเมือง	เขตชานเมือง
เขตเวลา	ไทม์โซน
กรุง	เมืองหลวง
ชาติยุโรป	ประเทศยุโรป	ประเทศในทวีปยุโรป
ประเทศสแกนดิเนเวีย	ประเทศแถบสแกนดิเนเวีย
ประเทศแถบบอลข่าน	ประเทศในคาบสมุทรบอลข่าน
ประเทศแอฟริกา	ประเทศในทวีปแอฟริกา
นามิเบีย	ประเทศนามิเบีย	ประเทศแอฟริกาตะวันตกเฉียงใต้	สาธารณรัฐนามิเบีย
ประเทศเอเชีย	ประเทศในทวีปเอเชีย
ประเทศแคปปาโดเซีย	แคปปาโดเซีย
กาลาเทีย	ประเทศกาลาเทีย
ประเทศลาติน	ประเทศลาตินอเมริกา	ประเทศอเมริกาใต้	ประเทศในทวีปอเมริกาใต้
ประเทศอเมริกาเหนือ	ประเทศในทวีปอเมริกาเหนือ
ประเทศอัฟกานิสถาน	รัฐอิสลามอัฟกานิสถาน
กรุงคาบูล	เมืองหลวงประเทศอัฟกานิสถาน
ประเทศแองโกลา	สาธารณรัฐแองโกลา	แองโกลา
กรุงลูอันดา	เมืองหลวงประเทศแองโกลา
สาธารณรัฐอาร์เจนตินา	อาร์เจนตินา
กรุงบัวโนสไอเรส	เมืองหลวงประเทศอาร์เจนตินา
เมืองคอร์โดบา	เมืองคอร์โดวา
อุษาคเนย์	เอเชียตะวันออกเฉียงใต้
ประเทศพม่า	สหภาพพม่า
กรุงบูจุมบูรา	เมืองหลวงประเทศบูจุมบูรา
กัมพูชา	ประเทศกัมพูชา	ประเทศเขมร	ราชอาณาจักรกัมพูชา	เขมร
กรุงยาอุนเด	เมืองหลวงประเทศแคเมอรูน
กรุงไปรอา	เมืองหลวงประเทศเคปเวิร์ด
กรุงบังกี	เมืองหลวงประเทศแอฟริกากลาง
กรุงโคลัมโบ	เมืองหลวงประเทศศรีลังกา
กรุงเอ็นจาเมนา	เมืองหลวงประเทศชาด
จีนแดง	ดินแดนหลังม่านไม้ไผ่	ประเทศจีน	สาธารณรัฐประชาชนจีน	เมืองจีน	แผ่นดินใหญ่
กวางตุ้ง	เมืองกวางโจว	เ้มืองกวางโจว
มณฑลยูนนาน	มณฑลยูนาน
จีนไต้หวัน	ประเทศจีนไต้หวัน	ประเทศไต้หวัน	เกาะไต้หวัน	ไต้หวัน
กรุงไทเป	เมืองหลวงประเทศไตหวัน	เมืองหลวงประเทศไต้หวัน	ไทเป
กรุงโบโกทา	เมืองหลวงประเทศโคลอมเบีย
ประเทศคอโมโรส	สหพันธ์สาธารณรัฐอิสลามคอโมโรส
ประเทศคองโก	สาธารณรัฐคองโก
ประเทศคองโก	สาธารณรัฐประชาธิปไตยคองโก
กรุงซันโฮเซ	เมืองหลวงประเทศคอสตาริกา
ประเทศไอเวอรีโคสต์	สาธารณรัฐโกตดิวัวร์
กรุงกัวเตมาลาซิตี	เมืองหลวงประเทศกัวเตมาลา
ประเทศบริติชฮอนดูรัส	ประเทศเบลีซ
กรุงเตกูซิกัลปา	เมืองหลวงประเทศฮอนดูรัส
กรุงซันซัลวาดอร์	เมืองหลวงประเทศเอลซัลวาดอร์
กรุงมานากัว	เมืองหลวงประเทศนิการากัว
ประเทศเม็กซิโก	สหรัฐเม็กซิโก
กรุงเม็กซิโกซิตี	เมืองหลวงประเทศเม็กซิโก
กรุงฮาวานา	เมืองหลวงประเทศคิวบา
กรุงปอร์โตแปรงซ์	เมืองหลวงประเทศเฮติ
กรุงซันโตโดมิงโก	เมืองหลวงสาธารณรัฐโดมินิกา
เครือรัฐเปอร์โตริโก	เปอร์โตริโก
กรุงคิงส์ตัน	เมืองหลวงประเทศจาเมกา
หมู่เกาะอเมริกันเวอร์จิน	หมู่เกาะเวอร์จิน
พอร์ต-ออฟ-สเปน	พอร์ตออฟสเปน	เมืองหลวงประเทศตรินิแดดและโตเบโก
กรุงปราก	เมืองหลวงประเทศเช็ก
ประเทศสโลวะเกีย	สาธารณรัฐสโลวัก
กรุงบราติสลาวา	เมืองหลวงประเทศสโลวะเกีย
ประเทศโตโก	สาธารณรัฐโตโก
กรุงโลเม	เมืองหลวงประเทศโตโก
คาบสมุทรสแกนดิเนเวีย	คาบสมุทรสแกนดิเนเวียน
ประเทศเดนมาร์ก	ราชอาณาจักรเดนมาร์ก	เดนมาร์ก
กรุงโคเปนเฮเกน	เมืองหลวงประเทศเดนมาร์ก
กรุงจิบูตี	เมืองหลวงประเทศจิบูตี
ประเทศโดมินิกา	เครือรัฐโดมินิกา
ดินแดนพระอาทิตย์เที่ยงคืน	ประเทศนอร์เวย์	ราชอาณาจักรนอร์เวย์
กรุงออสโล	เมืองหลวงประเทศนอร์เวย์
ประเทศสวีัเดน	ราชอาณาจักรสวีเดน	แดนฟรีเซ็ก
กรุงสตอกโฮล์ม	เมืองหลวงประเทศสวีเดน
ประเทศเยอรมนี	ประเทศเยอรมัน	สหพันธ์สาธารณรัฐเยอรมนี
กรุงเบอร์ลิน	เมืองหลวงประเทศเยอรมัน
เมืองแฟรงก์เฟิร์ต	เมืองแฟรงค์เฟิร์ต
เมืองแฮนโนเวอร์	เมืองแฮโนเวอร์
รีเนอแลนด์	ไรน์แลนด์
กรุงกีโต	เมืองหลวงประเทศเอกวาดอร์
ประเทศเอริเทรีย	รัฐเอริเทรีย
ประเทศเอธิโอเปีย	สหพันธ์สาธารณรัฐประชาธิปไตยเอธิโอเปีย
เมืองหลวงประเทศเอธิโอเปีย	แอดดิสอาบาบา
กรุงเฮลซิงกิ	เมืองหลวงประเทศฟินแลนด์
หมู่เกาะอาแลนด์	หมู่เกาะอแลนด์
ประเทศกรีซ	สาธารณรัฐเฮลเลนิก
กรีซ	นครรัฐกรีซ
กรุงเอเธนส์	เมืองหลวงประเทศกรีซ	้เมืองหลวงประเทศกรีซ
ดินแดนแอตติกา	แอตติกา
ประเทศอิสราเอล	รัฐอิสราเอล
เขตเวสต์แบงก์	เขตเวสต์แบงค์
กรุงเยรูซาเลม	เมืองหลวงประเทศอิสราเอล
เนินเขากอลโกทา	เนินเขาคัลวารี
เมืองฮีฟา	เมืองไฮฟา
อาณาจักรไบเซนไทน์	อาณาจักรไบแซนเทียม
กรุงอะควิลา	กรุลอะควิลา
กรุงโรม	เมืองหลวงประเทศอิตาลี
เกาะซิซิลี	เกาะซิซิเลีย
แคว้นซิซิลี	แคว้นซิซิเลีย
เมืองพาดัว	เมืองพาโดวา
กรุงบูคาเรสต์	กรุงบูคาเรสต์๋	เมืองหลวงประเทศโรมาเนีัย
ประเทศรวันดา	สาธารณรัฐรวันดา
กรุงคิกาลี	เมืองหลวงประเทศรวันดา
ประเทศยูโกสลาเวีย	ประเทศเซอร์เบียและมอเตเนโกร	สหพันธ์สาธารณรัฐยูโกสลาเวีย	สหภาพเซอร์เบียและมอนเตเนโกร
กรุงเบลเกรด	เมืองหลวงประเทศเซอร์เบียและมอเตเนโกร
ประเทศบอสเนีย	ประเทศบอสเนียและเฮอร์เซโกวีนา	ประเทศบอสเ่นียและเฮอร์เซโกวีนา
กรุงออตตาวา	เมืองหลวงประเทศแคนาดา
ประเทศออสเตรเลีย	เครือรัฐออสเตรเลีย	แดนจิงโจ้
กรุงแคนเบอร์รา	เมืองหลวงประเทศออสเตรเลีย
กรุงพอร์ตมอร์สบี	เมืองหลวงประเทศปาปัวนิวกินี
ประเทศออสเตรีย	สาธารณรัฐออสเตรีย
จังหวัดไทโรล	เมืองทิโรล
กรุงเวียนนา	เมืองหลวงประเทศออสเตรีย
เมืองลินซ์	เมืองเลนเทีย
ประเทศบาฮามาส	หมู่เกาะบาฮามาส	เครือรัฐบาฮามาส
กรุงแนสซอ	เมืองหลวงประเทศบาฮามาส
คาบสมุทรอาระเบียน	อาระเบีย
ประเทศบาห์เรน	รัฐบาห์เรน
บังคลาเทศ	ประเทศบังกลาเทศ	สาธารณรัฐประชาชนบังกลาเทศ
กรุงธากา	เมืองหลวงของบังกลาเทศ
ราชวงศ์เบลจิค	ราชวงศ์เบลเยี่ยม	ราชอาณาจักรเบลเยียม
กรุงบรัสเซลส์	เมืองหลวงประเทศเบลเยียม
เมืองเกนด์	เมืองเกนต์
ประเทศภูฏาน	ภูฏาน	ราชอาณาจักรภูฏาน
กรุงกาโบโรเน	เมืองหลวงประเทศบอตสวานา
บราซิล	ประเทศบราซิล	เมืองกาแฟ	แดนแซมบ้า
เมืองพารา	เมืองเบเลม
กรุงบราซิเลีย	เมืองหลวงประเทศบราซิล
บริเทน	สหราชอาณาจักร
ประเทศอังกฤษ	อังกฤษ	เมืองผู้ดีอังกฤษ
กรุงลอนดอน	เมืองหลวงประเทศอังกฤษ
เมืองพอมปีย์	เมืองพอร์ตสมัท
กรุงเบลฟาสต์	เมืองหลวงประเทศไอร์แลนด์เหนือ
กรุงดับลิน	เมืองหลวงประเทศไอร์แลนด์	เมืองหลวงประเทศไอร์์แลนด์
ประเทศสกอตแลนด์	ประเทศสก็อตแลนด์	สกอตแลนด์	สก็อตแลนด์
เวลส์	แคว้นเวลส์
ประเทศบรูไน	เนการาบรูไนดารุสซาลาม
ประเทศอียิปต์	สหรัฐอาหรับอียิปต์	สาธารณรัฐอาหรับอียิปต์
กรุงไคโร	เมืองหลวงประเทศอียิปต์
เมืองลุกซอร์	เมืองเอลอักเซอร์
ประเทศอินเดีย	อินเดีย	แดนภารตะ
กรุงนิวเดลี	เมืองหลวงประเทศอินเดีย
เมืองเดลิ	เมืองเดลิเก่า
เมืองบอมเบย์	เมืองมุมไบ
กรุงกาฏมัณฑุ	กรุงกาฏมาณฑุ	เมืองกาฏมัณฑุ
ทิเบต	หลังคาโลก	แคว้นทิเบต
กรุงลาซา	เมืองหลวงทิเบต
ประเทศอินโดนีเซีย	อินโดนีเซีย	แดนอิเหนา
หมูเกาะเซเลเบส	หมู่เกาะสุลาเวสี
กรุงจาการ์ตา	เมืองหลวงประเทศอินโดนีเซีย
ประเทศอิหร่าน	สาธารณรัฐอิสลามอิหร่าน	เปอร์เซีย
กรุงเตหะราน	เมืองหลวงประเทศอิหร่าน
เมืองอิสฟาฮาน	เมืองเอสปาดานา	เมืองเอสฟาฮาน
อาณาจักรเปอร์เซีย	เปอร์เซีย
กรุงแบกแดด	เมืองหลวงประเทศอิรัก
เมืองอะเดรียโนเปิล	เมืองอะเดรียโนโปลิส	เมืองเอเดิร์น
ซูเมอร์	ดินแดนซูเมอร์
เมืองฮอนชู	เมืองฮอนโด
ดินแดนอาทิตย์อุทัย	ประเทศญี่ปุ่น	แดนอาทิตย์อุทัย
กรุงโตเกียว	เมืองหลวงประเทศญี่ปุ่น
ประเทศจอร์แดน	ราชอาณาจักรฮัชไมต์จอร์แดน
กรุงไนโรบี	เมืองหลวงประเทศเคนยา
ประเทศคูเวต	รัฐคูเวต
กรุงคูเวตซิตี้	เมืองหลวงประเทศคูเวต
ประเทศฝรั่งเศส	สาธารณรัฐฝรั่งเศส	แดนน้ำหอม
กรุงปารีส	เมืองหลวงของฝรั่งเศส	เมืองหลวงประเทศฝรั่งเศส
แคว้นเบอกันดี	แคว้นเบอร์กันดี
ประเทศกาบอง	สาธารณรัฐกาบอง
กรุงลีเบรอวิล	เมืองหลวงประเทศกาบอง
กรุงบันจูล	เมืองหลวงประเทศแกมเบีย
กรุงอักกรา	เมืองหลวงประเทศกานา
กรุงเซนต์จอร์เจส	เมืองหลวงประเทศเกรเนดา
กรุงโกนากรี	เมืองหลวงประเทศกินี
กรุงบิสเซา	เมืองหลวงประเทศกินี-บิสเซา
ประเทศกายอานา	สาธารณรัฐสหกรณ์กายอานา
ประเทศฮอลแลนด์	ประเทศเนเธอร์แลนด์	ราชอาณาจักร์เนเธอร์แลนด์
จังหวัดฟรีสแลนด์	ฟรีสแลนด์
กรุงบูดาเปสต์	เมืองหลวงประเทศฮังการี
หมู่เกาะฟาโร	หมู่เกาะฟาโรส์
หมู่เกาะฟาโร	หมู่เกาะฟาโรส์
กรุงเรคยาวิก	เมืองหลวงประเทศไอซ์แลนด์
ประเทศเกาหลีเหนือ	เกาหลีเหนือ	โสมแดง
กรุงเปียงยาง	เมืองหลวงประเทศเกาหลีเหนือ
ประเทศเกาหลีใต้	เกาหลีใต้	แดนโสม
กรุงโคโลเนีย	เมืองหลวงประเทศเกาหลีใต้
ประเทศลาว	สาธารณรัฐประชาธิปไตยประชาชนลาว
กรุงเวียงจันทน์	เมืองหลวงประเทศลาว
กรุงเบรุต	เมืองหลวงประเทศเลบานอน
ประเทศเลโซโท	ราชอาณาจักรเลโซโท
กรุงมาเซรู	เมืองหลวงประเทศเลโซโท
กรุงมันโรเวีย	เมืองหลวงประเทศไลบีเรีย
กรุงตริโปลี	เมืองหลวงประเทศลิเบีย
กรุงวาดุซ	เมืองหลวงประเทศลิกเตนสไตน์
ประเทศลักเซมเบิร์ก	ราชรัฐลักเซมเบิร์ก
กรุงลักเซมเบิร์ก	เมืองหลวงประเทศลักเซมเบิร์ก
ประเทศมาดากัสการ์	สาธารณรัฐมาดากัสการ์
กรุงอันตานานาริโอ	เมืองหลวงประเทศมาดากัสการ์
กรุงลิลองเว	เมืองหลวงประเทศมาลาวี
กรุงปุตราจายา	เมืองหลวงประเทศมาเลเซีย
กรุงวัลเลตตา	เมืองหลวงประเทศมอลตา
กรุงอูลานบาตอร์	เมืองหลวงประเทศมองโกเลีย
กรุงมอร็อกโก	ประเทศโมร็อกโก	ราชอาณาจักรโมร็อกโก
กรุงราบัต	เมืองหลวงประเทศโมร็อกโก
กรุงมาปูโต	เมืองหลวงประเทศโมซัมบิก
นิวซีแลนด์	ประเทศนิซีแลนด์	แดนกีวี
กรุงเวลลิงตัน	เมืองหลวงประเทศนิวซีแลนด์
กรุงนีอาเม	เมืองหลวงประเทศไนเจอร์
ประเทศไนจีเรีย	สหพันธ์สาธารณรัฐไนจีเรีย
กรุงอาบูจา	เมืองหลวงประเทศไนจีเรีย
ประเทศโอมาน	รัฐสุลต่านโอมาน
กรุงมัสกัต	เมืองหลวงประเทศโอมาน
กรุงอิสลามาบัด	เมืองหลวงประเทศปากีสถาน
กรุงอะซุนซิออง	เมืองหลวงประเทศปารากวัย
กรุงลิมา	เมืองหลวงประเทศเปรู
กรุงมะนิลา	เมืองหลวงประเทศฟิลิปปินส์
กรุงวอร์ซอ	เมืองหลวงประเทศโปแลนด์
ประเทศโปรตุเกส	สาธารณรัฐโปรตุเกส
หมู่เกาะอะคอเรส	หมู่เกาะอะซอเรส
กรุงลิสบอน	กรุงลิสบัว	เมืองหลวงประเทศโปรตุเกส
ประเทศกาตาร์	รัฐกาตาร์
กรุงโดฮา	เมืองหลวงประเทศกาตาร์
หมู่เกาะเซนต์คริสโตเฟอร์	หมู่เกาะเซนต์คิตส์
ประเทศเซนต์วินเซนต์และเกรนาดีนส์	ประเ่ทศเซนต์วินเซนต์และเกรนาดีนส์
เฟรนช์โปลินีเซีย	เฟรนช์โอเชียเนีย
ประเทศซามัว	รัฐเอกราชซามัว
กรุงอาปีอา	เมืองหลวงประเทศซามัว
กรุงซานมารีโน	เมืองหลวงประเทศซานมารีโน
ประเทศซาอุดีอาระเบีย	ราชอาณาจักรซาอุดีอาระเบีย
กรุงริยาด	เมืองหลวงประเทศซาอุดีอาระเบีย
กรุงดาการ์	เมืองหลวงประเทศเซเนกัล
กรุงวิกตอเรีย	เมืองหลวงประเทศเซเชลล์
กรุงฟรีทาวน์	เมืองหลวงประเทศเซียร์ราลีโอน
สิงคโปร์	เมืองหลวงประเทศสิงคโปร์
กรุงโมกาดิชู	เมืองหลวงประเทศโซมาเลีย
กรุงพริทอเรีย	เมืองหลวงประเทศแอฟริกาใต้
ดินแดนหลังม่านเหล็ก	ประเทศสหภาพโซเวียต	รัสเซีย	สหภาพโซเวียต	แดนหมีขาว
กรุงมอสโก	เมืองหลวงประเทศรัสเซีย
ประเทศรัสเซีย	สหพันธ์รัฐรัสเซีย
เมืองกอร์กี	เมืองกอร์กีย์
เมืองปีเตอร์เบิร์ก	เมืองเซนต์ปีเตอร์สเบิร์ก	เมืองเซนต์ปีเตอร์เบิร์ก	เมืองเลนินกราด
กรุงมินสก์	เมืองหลวงประเทศเบลารุส
กรุงทาลลินน์	เมืองหลวงประเทศเอสโตเนีย
กรุงริกา	เมืองหลวงประเทศลัตเวีย
กรุงวิลนีอุส	กรุงวิลโน	เมืองหลวงประเทศลิทัวเนีย
กรุงคีชีเนา	เมืองหลวงประเทศมอลโดวา
กรุงเคียฟ	เมืองหลวงประเทศยูเครน
สาธารณรัฐอาร์เมเนีย	อาร์มีเนีย
กรุงเยเรวาน	เมืองหลวงประเทศอาร์เมเนีย
กรุงทบิลิซิ	เมืองหลวงประเทศจอร์เจีย
คีร์กีซสถาน	สาธารณรัฐคีร์กีซสถาน
กรุงบิชเคก	เมืองหลวงคีร์กีซสถาน
กรุงดูชานเบ	เมืองหลวงประเทศทาจิกิสถาน
ประเทศเติรก์เมนิสถาน	ประเทศเติร์กเมนิสถาน
อาชกาบัต	เมืองหลวงเติร์กเมนิสถาน
กรุงทาชเคนต์	เมืองหลวงประเทศอุซเบกิสถาน
ภูมิภาคละตินอเมริกา	ละตินอเมริกา
ประเทศสเปน	ราชอาณาจักรสเปน	เอสปันญา
กรุงมาดริด	เมืองหลวงประุเทศสเปน	เมืองหลวงประเทศสเปน
เมืองคอร์โดบา	เมืองคอร์โดวา
ยิบรอลตา	ยิบรอลตาร์
กรุงคาร์ทูม	เมืองหลวงประเทศซูดาน
ประเทศซูรินัม	ประเทศซูรินาเม
กรุงปารามาริโบ	เมืองหลวงประเทศซูรินาเม
ประเทศสวาซิแลนด์	ราชอาณาจักรสวาซิแลนด์
กรุงอัมบาบาเน	เมืองหลวงประเทศสวาซิแลนด์
ประเทศสวิส	ประเทศสวิสเซอร์แลนด์	สมาพันธรัฐสวิส
กรุงเบิร์น	เมืองหลวงประเทศสวิสเซอร์แลนด์
เมืองบาเซิล	เมืองเบล
ประเทศซีเรีย	สาธารณรัฐอาหรับซีเรีย
เมืองดามัสกัส	เมืองหลวงประเทศซีเรีย
ประเทศแทนซาเนีย	สหสาธารณรัฐแทนซาเนีย
กรุงดาเอสซาลาม	เมืองหลวงประเทศแทนซาเนีย
ประเทศสยาม	ประเทศไทย	ราชอาณาจักรไทย	สยามประเทศ
กทม.	กรุงเทพมหานคร	กรุงเทพฯ	เมืองหลวงประเทศไทย
ประเทศตองกา	ราชอาณาจักรตองกา
กรุงตูนิส	เมืองหลวงประเทศตูนิเซีย
เมืองบรูซา	เืมืองเบอร์ซา
กรุงกัมปาลา	เมืองหลวงประเทศยูกันดา
กรุงอาบูดาบี	เมืองหลวงประเทศสหรัฐอาหรับเอมิเรตส์
ประเทศสหรัฐ	ประเทศสหรัฐอเมริกา	ยูเอส	ยูเอสเอ	เมืองลุงแซม
มลรัฐอิสระ	รัฐอิสระ
รัฐทางใต้	สมาพันธรัฐ
มลรัฐอลาบามา	มลรัฐแอละแบมา	รัฐอลาบามา	อลาบามา
เมืองมอนต์กอเมอรี	เมืองหลวงมลรัฐแอละแบมา
มลรัฐอลาสกา	มลรัฐอะแลสกา	รัฐอลาสกา	อลาสกา
เมืองจูโน	เมืองหลวงมลรัฐอะแลสกา
มลรัฐอริโซนา	มลรัฐแอริโซนา	รัฐอริโซนา	อริโซนา
เมืองฟีนิกซ์	เมืองหลวงมลรัฐแอริโซนา
มลรัฐอาร์คันซอ	รัฐอาร์คันซอ	อาร์คันซอ
เมืองลิตเทิลร็อก	เมืองหลวงมลรัฐอาร์คันซอ
มลรัฐแคลิฟอร์เนีย	รัฐแคลิฟอเนีย	แคลิฟอเนีย
ซานฟรานซิสโก	เมืองซานฟรานซิสโก
มลรัฐโคโลราโด	รัฐโคโลราโด	โคโลราโด
เมืองหลวงมลรัฐโคโลราโด	เมืองเดนเวอร์
คอนเน็กติกัต	มลรัฐคอนเน็กติกัต	รัฐคอนเน็กติกัต
เมืองหลวงมลรัฐคอนเนตทิคัต	เมืองฮาร์ตฟอร์ด
มลรัฐเดลาแวร์	รัฐเดลาแวร์	เดลาแวร์
เมืองหลวงมลรัฐเดลาแวร์	เมืองโดเวอร์
กรุงวอชิงตัน	เมืองหลวงประเทศสหรัฐอเมริกา
ฟลอริดา	มลรัฐฟลอริดา	รัฐฟลอริดา
เมืองหลวงมลรัฐฟลอริดา	เมืองแทลลาแฮสซี
จอร์เจีย	มลรัฐจอร์เจีย	รัฐจอร์เจีย
จอร์เจีย	อาณานิคมจอร์เจีย
เมืองหลวงมลรัฐจอร์เจีย	เมืองแอตแลนตา
มลรัฐฮาวาย	รัฐฮาวาย	ฮาวาย
เมืองหลวงมลรัฐฮาวาย	เมืองโฮโนลูลู
ฮาวาย	เกาะฮาวาย
มลรัฐไอดาโฮ	รัฐไอดาโฮ	ไอดาโฮ
กรุงบอยซิ	เมืองหลวงมลรัฐไอดาโฮ
มลรัฐอิลลินอยส์	รัฐอิลลินอยส์	อิลลินอยส์
เมืองสปริงฟีลด์	เมืองหลวงมลรัฐอิลลินอยส์
มลรัฐอินเดียน่า	รัฐอินเดียน่า	อินเดียน่า
เมืองหลวงมลรัฐอินดีแอนา	เมืองอินเีดียแนโพลิส
มลรัฐไอโอวา	รัฐไอโอวา	ไอโอวา
เมืองดิมอยส์	เมืองหลวงมลรัฐไอโอวา
มลรัฐแคนซัส	รัฐแคนซัส	แคนซัส
เมืองหลวงมลรัฐแคนซัส	เมืองโทพีกา
มลรัฐเคนตักกี้	มลรัฐเคนทักกี	รัฐเคนตักกี้	เคนตักกี้
เมืองมลรัฐเคนทักกี	เมืองแฟรงก์เฟิร์ต
มลรัฐลุยเซียนา	รัฐลุยเซียนา	รัฐหลุยเซียนา	หลุยเซียนา
เมืองหลวงมลรัฐลุยเซียนา	เมืองแบตันรูช
มลรัฐเมน	รัฐเมน
กรุงออกัสตา	เมืองหลวงมลรัฐเมน
มลรัฐแมริแลนด์	รัฐแมรีแลนด์	แมรีแลนด์
มลรัฐแมสซาชูเซตส์	รัฐแมสซาชูเซตส์	แมสซาชูเซตส์
กรุงบีนทาวน์	เมืองบอสตัน	เมืองบีนทาวน์	เมืองหลวงมลรัฐแมสซาชูเซตส์
มลรัฐมิชิแกน	มิชิแกน	รัฐมิชิแกน
ดีทรอยท์	เมืองมอเตอร์ซิตี้	เมืองโมทาวน์
เมืองหลวงมลรัฐมิชิแกน	เมืองแลนซิง
มลรัฐมินนิโซตา	มินนิโซต้า	รัฐมินนิโซต้า
เมืองเซนต์เคลาด์	เ้มืองเซนต์เคลาด์
เมืองหลวงมลรัฐมินนิโซตา	เมืองเซนต์ปอล	เมืองเซนต์พอล
มลรัฐมิสซิสซิปปี	มิสซิสซิปปี	รัฐมิสซิสซิปปี
เมืองหลวงมลรัฐมิสซิสซิปปี	เมืองแจ็กสัน
มลรัฐมิสซูรี	มิสซูรี	รัฐมิสซูรี
เจฟเฟอร์สันซิตี	เมืองหลวงมลรัฐมิสซูรี
ประตูสู่ตะวันตก	เมืองเซนต์หลุยส์
มลรัฐมอนทานา	มลรัฐมอนแทนา	มอนทานา	รัฐมอนทานา
เมืองหลวงมลรัฐมอนแทนา	เมืองเฮเลนา
มลรัฐเนแบรสกา	รัฐเนบราสก้า	เนบราสก้า
เมืองลิงคอล์น	เมืองหลวงมลรัฐเนแบรสกา
มลรัฐเนวาดา	รัฐเนวาดา	เนวาดา
เมืองคาร์สันซิตี	เมืองหลวงมลรัฐเนวาดา
นิวแฮมป์เชียร์	มลรัฐนิวแฮมป์เชียร์	รัฐนิวแฮมป์เชียร์
เมืองคองคอร์ด	เมืองหลวงมลรัฐนิวแฮมป์เชียร์
นิวเจอร์ซีย์	มลรัฐนิวเจอร์ซีย์	รัฐนิวเจอร์ซีย์
เมืองหลวงมลรัฐนิวเจอร์ซีย์	เมืองเทรนตัน
นิวเม็กซิโก	มลรัฐนิวเม็กซิโก	รัฐนิวเม็กซิโก
เมืองหลวงมลรัฐนิวเม็กซิโก	เมืองแซนตาเฟ
นิวยอร์ก	มลรัฐนิวยอร์ก	รัฐนิวยอร์ก
มหานครนิวยอร์ก	เมืองนิวยอร์ก
จตุรัสโซโห	โซโห
จัตุรัสไทมส์	ไทมส์สแควร์
นอร์ทแคโรไลนา	มลรัฐนอร์ทแคโรไลนา	รัฐนอร์ทแคโรไลนา
เมืองราลี	เมืองหลวงมลรัฐนอร์ทแคโรไลนา
เมืองบิสมาร์ก	เมืองหลวงมลรัฐนอร์ทดาโคตา
มลรัฐโอไฮโอ	รัฐโอไฮโอ	โอไฮโอ
เมืองหลวงมลรัฐโอไฮโอ	เมืองโคลัมบัส
มลรัฐโอคลาโฮมา	รัฐโอคลาโฮมา	โอคลาโฮมา
เมืองหลวงมลรัฐโอคลาโฮมา	เมืองโอคลาโฮมาซิตี
มลรัฐออริกอน	มลรัฐโอเรกอน	รัฐโอเรกอน	โอเรกอน
เมืองหลวงมลรัฐออริกอน	เมืองเซเลม
มลรัฐเพนซิลเวเนีย	รัฐเพนซิลวาเนีย	เพนซิลวาเนีย
อาณานิคมเพนซิลวาเนีย	เพนซิลวาเนีย
เมืองหลวงมลรัฐเพนซิลเวเนีย	เมืองแฮร์ริสเบิร์ก
มลรัฐโรดไอแลนด์	รัฐโรดไอแลนด์	โรดไอแลนด์
เมืองพรอวิเดนซ์	เมืองหลวงมลรัฐโรดไอแลนด์
มลรัฐเซาท์คาโรไลนา	รัฐเซาท์คาโรไลนา	เซาท์คาโรไลนา
เมืองหลวงมลรัฐเซาท์แคโรไลนา	เมืองโคลัมเบีย
มลรัฐเซาท์ดาโคตา	รัฐเซาท์ดาโคตา	เซาท์ดาโคตา
เมืองปิแอร์	เมืองหลวงมลรัฐเซาท์ดาโคตา
มลรัฐเทนเนสซี	รัฐเทนเนสซี	เทนเนสซี
เมืองหลวงมลรัฐเทนเนสซี	แนชวิลล์
มลรัฐเทกซัส	รัฐเท็กซัส	เท็กซัส
กรุงออสติน	เมืองหลวงมลรัฐเทกซัส
มลรัฐยูทาห์	ยูทาห์	รัฐยูทาห์
เมืองซอลต์เลกซิตี	เมืองหลวงมลรัฐยูทาห์
มลรัฐเวอร์มอนต์	รัฐเวอร์มอนต์	เวอร์มอนต์
เมืองมอนต์เพเลียร์	เมืองหลวงมลรัฐเวอร์มอนต์
มลรัฐเวอร์จิเนีย	รัฐเวอร์จิเนีย	เวอร์จิเนีย
อาณานิคมเวอร์จิเนีย	เวอร์จิเนีย
เมืองริชมอนด์	เมืองหลวงมลรัฐเวอร์จิเนีย
มลรัฐวอชิงตัน	รัฐวอชิงตัน	วอชิงตัน
เมืองหลวงมลรัฐวอชิงตัน	เมืองโอลิมเปีย
มลรัฐเวสต์เวอร์จิเนีย	รัฐเวสต์เวอร์จิเนีย	เวสต์เวอร์จิเนีย
เมืองชาร์ลสตัน	เมืองหลวงมลรัฐเวสต์เวอร์จิเนีย
มลรัฐวิสคอนซิน	รัฐวิสคอนซิน	วิสคอนซิน
เมืองหลวงมลรัฐวิสคอนซิน	เมืองแมดิสัน
มลรัฐไวโอมิง	รัฐไวโอมิง	ไวโอมิง
เมืองชีย์เอนเน	เมืองหลวงมลรัฐไวโอมิง
กรุงมอนเตวิเดโอ	เมืองหลวงประเทศอุรุกวัย
ประเทศวานูอาตู	สาธารณรัฐอานูวาตู
กรุงพอร์ตวิลลา	เมืองหลวงประเทศวานูอา่ตู
กรุงการากัส	เมืองหลวงประเทศเวเนซูเอลา
กรุงฮานอย	เมืองหลวงประเทศเวียดนาม
เมืองโฮจิมินห์ซิตี้	ไซง่อน
เมืองมูกัลลา	เมืองมูลกัลลา
ลูซากา	เมืองหลวงประเทศแซมเบีย
ประเทศซิมบับเว	สาธารณรัฐซิมบับเว
กรุงฮาราเร	เมืองหลวงประเทศซิมบับเว
ซับซาฮารันแอฟริกา	แอฟริกาซับซาฮารัน
ภูเขาเอตนา	ภูเขาไฟเอตนา
ภูเขาไฟฟูจิ	ภูเขาไฟฟูจิยามา
อัฟริกาเหนือ	แอฟริกาเหนือ
อัฟริกาตะวันตก	แอฟริกาตะวันตก
จริยธรรม	ศีลธรรม
ความระลึกในหน้าที่	ความรู้สึกละอายใจ
พลังงานทางจิต	พลังจิต
ยอดเขาของอดัม	ยอดเขาสามานาลา
เทือกเขาอาดิรอนเดก	เทือกเขาอาอิรอนเดกส์
ทะเลอีเจียน	ทะเลเอเจียน
รังนกอินทรี	รังนกเหยี่ยว
กาฬทวีป	ทวีปอัฟริกา	ทวีปแอฟริกา	อัฟริกา	แอฟริกา
ปฏิยานุภาค	อนุภาคตรงข้าม
แอนติควอร์ก	แอนติควาร์ก
กลุ่มดาวกุมภ์	กลุ่มดาวคนแบกหม้อน้ำ
ชั้นน้ำ	ชั้นหินอุ้มน้ำ
กลุ่มเกาะ	หมู่เกาะ
กลุ่มดาวเมษ	กลุ่มดาวแกะ
การค่อยๆเพิ่ม	ชันขึ้น
ทวีปเอเชีย	เอเชีย
มหาสมุทรแอตแลนติก	มหาสมุทรแอตแลนติค
ชายฝั่งมหาสมุทรแอตแลนติก	ชายฝั่งแอตแลนติก
อะทอลล์	เกาะที่เกิดจากหินปะการัง	เกาะปะการังวงแหวน
ทะเลสาบบาลาตัน	ทะเลสาบาลาตัน
การลาดเอียง	ความลาด
อนุภาคหนัก	อนุภาพแบริออน	แบริออน
ชายทะเล	ชายหาด	ริมทะเล	ริมหาด	หาด
ก้น	พื้นดินใต้ทะเลลึก
รวงผึ้ง	รวงรัง	รังผึ้ง
ดาวบีเทลจุส	ดาวบีเทิลจูส
กลุ่มดาวไถ	กลุ่มดาวไถใหญ่
ดาวคู่	ดาวแฝด
การแกะสลัก	ชิ้นส่วนเล็กๆ	เศษ
ท้องฟ้าสีคราม	ฟ้าสีคราม
บี-มีซอน	บี-เมซอน
พรุ	ห้วยหนอง
ฟองก๊าซ	ฟองสบู่
กลุ่มดาวกรกฎ	กลุ่มดาวปู
หุบผาชัน	หุบเขา	หุบเขาลึก	แคนยอน
กลุ่มดาวมกร	กลุ่มดาวแพะทะเล
น้ำตกเล็กๆ	หลั่นน้ำตก
น้ำตกแก่งใหญ่	แก่งน้ำตก
วัตถุท้องฟ้า	เทห์ฟ้า	เทห์วัตถุ
ขี้วัวแห้ง	เศษขี้วัว
กาก	คลิงเกอร์
ก้อนเมฆ	ขี้เมฆ	ปุยเมฆ	เมฆ
ยอดเขาคอมมูนิสม์	ยอดเขาสตาลิน
แม่น้ำคองโก	แม่น้ำซาอีร์
แม่น้ำคอนเนคติกัท	แม่น้ำคอนเนตทิคัต
การบุ	เปลือก
คริสตัล	ผลึก	ผลึกคริสตัล
ขี้รังแค	รังแค
หุบเขา	หุบเขาเล็กมีป่า
การตก	การตกลง
เนบิวลาสว่าง	เนบิวลาแบบแพร่กระจาย
กับระเบิด	ขี้หมา
ดาวบริวารยูโรปา	ดาวยูโรปา
ปากแม่น้ำ	เฟิร์ท
ดาวประจำที่	ดาวฤกษ์
ฟยอร์ด	ฟีออร์ด
ฟอง	โฟม
ป่า	ป่าดง	ป่าดงพงพี	พงไพร	พนาลัย	วนาลัย
ซากดึกดำบรรพ์	ซากฟอสซิล	ฟอสซิล
กลุ่มดาวคนคู่	กลุ่มดาวเมถุน
หินจาว	หินโพรง
กีย์เซอร์	น้ำพุร้อน
กลาเซียร์	ธารน้ำแข็ง
เกรตบาร์ริเออร์รีฟ	แนวปะการังใหญ่
ป่าดงดิบ	ป่าทึบ	ป่าเขียวชอุ่ม
ก้อนภูเขาน้ำแข็ง	ภูเขาน้ำแข็งขนาดเล็ก
สิ่งที่เจริญเติบโต	สิ่งที่เติบโต
ทะเลคอร์เทส	อ่าวแคลิฟอร์เนีย
อ่าวสยาม	อ่าวไทย
ทะเลหลวง	น่านน้ำสากล
แม่น้ำฮวงเหอ	แม่น้ำฮวงโห	แม่น้ำเหลือง
ก้อนน้ำแข็ง	ภูเขาน้ำแข็ง
ซากดึกดำบรรพ์ดัชนี	ฟอสซิลดัชนี
เกาะ	เกาะแก่ง
เเม่น้ำเจมส์	แม่น้ำเจมส์
อนุภาคเคออน	เคออน
ก้อนนิ่วในไต	นิ่วในไต
เนินเขา	โคก
ทะเลสาบน้ำเค็ม	ทะเลสาบน้ำเค็มชายฝั่ง	ลากูน
ทะเลสาบอารัล	ทะเลอารัล
ผืนดิน	พื้น	พื้นดิน	แผ่นดิน
ดิน	ที่
ฝั่ง	แผ่นดิน
กลุ่มดาวสิงห์	กลุ่มดาวสิงโต
แม่น้ำลีธี	แม่น้ำล้างความทรงจำ	แม่น้ำแห่งความลืม
กลุ่มดาวคันชั่ง	กลุ่มดาวตุลย์
ดาวนำทาง	ดาวเหนือ
ดาวพุธ	พุธ
เนินยอดราบ	เนินเมซา
ดาวตก	ผีพุ่งไต้	หินอุกาบาต	อุกาบาต
จันทรา	จันทร์	ดวงจันทร์	ดวงเดือน	พระจันทร์	เดือน
ทุ่งมัวร์	ทุ่งหญ้า
ดาวประกายพรึก	ดาวศุกร์
ขุนเขา	ภูเขา	เขา
มิวออน	อนุภาคมิวออน
แม่น้ำนิโอบรารา	แม่น้ำไนโอแบรรา
รอยเลื่อนแบบปกติ	รอยเลื่อนแบบปกติื
กลุ่มดาวกางเขนเหนือ	กางเขนเหนือ
นิวเคลียส	นิวเคลียสอะตอม
ก้นทะเล	ก้นมหาสมุทร
ทะเลสาบรูปแอก	ทะเลสาบรูปแอกวัว
ช่องโหว่โอโซน	ช่องโอโซน	รูโอโซน
มหาสมุทรแปซิฟิก	มหาสมุทรแปซิฟิค
ชายฝั่งมหาสมุทรแปซิฟิก	ชายฝั่งแปซิฟิก
แม่น้ำพาร์นาฮิบา	แม่น้ำพาร์ไนบา
พาร์นาสซัส	ภูเขาพาร์นาสซัส
กลุ่มดาวม้าบิน	กลุ่มดาวเปกาซัส
กลุ่มดาวปลา	กลุ่มดาวมีน
ดาวพระเคราะห์	ดาวเคราะห์	ดาวเคราะห์ใหญ่
แอ่ง	แอ่งน้ำ
อนุภาคต้านอิเล็กตรอน	โพซิตรอน
ควาร์ก	อนุภาคควาร์ก
รุ้ง	รุ้งกินน้ำ	สายรุ้ง
เทือก	เทือกเขา
ยอดเขาทาโคมา	ยอดเขาเรเนียร์
แม่น้ำรีเนอ	แม่น้ำไรน์
ก้อนหิน	ศิลา	หิน
กลุ่มดาวคนถือธนู	กลุ่มดาวคนยิงธนู	กลุ่มดาวธนู
เเม่น้ำเซนต์จอห์น	แม่น้ำเซนต์จอห์น
เเม่น้ำเซนต์จอห์นส์	เเม่น้ำเซนต์่จอห์นส์	แม่น้ำเซนต์จอห์นส์
แม่น้ำลอว์เรนซ์	แม่น้ำเซนต์ลอว์เรนซ์
ขี้รังแค	ขี้ไคล
กลุ่มดาวพิจิก	กลุ่มดาวแมงป่อง
ชายทะเล	ชายหาด	ริมทะเล
ซิลล์	พนังแทรกชั้น
ท้องฟ้า	นภา	ฟากฟ้า	ฟ้า
ฟอง	ฟองสบู่
ประกายไฟ	สะเก็ดไฟ
เศษ	เสี้ยน
ดวงดาว	ดาว
ดวงดาว	ดาว
เทือกเขาเซนต์เอเลียส	เืทือกเขาเซนต์เอเลียส
ชั้นสตราโทสเฟียร์	สตราโทสเฟียร์
ธารน้ำ	สายน้ำ
ดวงตะวัน	ดวงอาทิตย์	ตะวัน	พระอาทิตย์	สุริยัน	อาทิตย์
ดวงตะวัน	ดวงอาทิตย์	ตะวัน	พระอาทิตย์	อาทิตย์
ส่วนลอย	ส่วนเหนือตะกอน
แม่น้ำซูรินัม	แม่น้ำซูรินาเม
พรุ	หนองน้ำ
กลุ่มดาวพฤษภ	กลุ่มดาววัว
น่านน้ำอาณาเขต	เขตน่านน้ำ
ชั้นเทอร์โมสเฟียร์	บรรยากาศชั้นเทอร์โมสเฟียร์	เทอร์โมสเฟียร์
ความลึก	ร่องลึกในทะเล
ชั้นโทรโพสเฟียร์	บรรยากาศชั้นโทรโพสเฟียร์	โทรโพสเฟียร์
น้ำตกคู่แฝด	น้ำตกทวิน
จักรวาล	สรรพสิ่ง	สิ่งมีชีวิต
ทางแร่	สายแร่
กลุ่มดาวกันย์	กลุ่มดาวหญิงสาว
เกาะไอสล์ออฟไวท์	ไอสล์ออฟไวท์
แม่น้ำแยงซี	แม่น้ำแยงซีเกียง
ทะเลหวางไห่	ทะเลเหลือง
แม่น้ำเยนิเซ	แม่น้ำเยนิไซ
แม่น้ำเพิร์ล	แม่น้ำแคนตัน
สัตว์ในจินตนาการ	สิ่งมีชีวิตในจินตนาการ
มนุษย์ต่างดาว	สิ่งมีชีวิตต่างดาว	สิ่งมีชีวิตที่มาจากนอกโลก	สิ่งมีชีวิตนอกโลก	เอเลี่ยน
สัตว์ในตำนาน	สัตว์ในเทพนิยาย
แอลไซโอนี	แฮลเซียน
มนุษย์หิมะ	เยติ
บิ๊กฟุต	ไอ้ตีนโต
สัตว์ประหลาดแห่งทะเลสาบล็อคเนส	เนสซี
ยักษ์	ไจแอนท์
นางเงือก	เงือก	เงือกตัวเมีย
นายเงือก	เงือกตัวผู้
ยักษ์ร้อยตา	อาร์กัส
คาลิปโซ่	นางคาลิปโซ่
ยักษ์ตาเดียว	ไซคลอปส์
นางยักษ์	ยักขิณี
ยักษ์โอเกอร์	โอเกอร์
นางยักษ์โอเกรส	โอเกรส
มอนสเตอร์	สัตว์ประหลาด
งูบาซิลิสก์	บาซิลิสก์
ครอกกาไทรส์	มังกรไก่
ดรากอน	มังกร
กอร์กอน	นางกอร์กอน	นางพญากอร์กอน
กริฟฟิน	นกกริฟฟิน
นกฮาร์พี	ฮาร์พี
ลีไวอาซัน	ลีไวอาธัน
นางเมดูซ่า	เมดูซ่า
คนแคระนิเบลุง	นิเบลุง
ปารีส	เจ้าชายปารีส
ม้าบิน	ม้ามีปีก	ม้าเปกาซัส	เปกาซัส
นกฟีนิกซ์	นกไฟอมตะ	ฟีนิกซ์
มังกรไพธอน	ไพธอน
อสูรกายไทเฟียส	ไทเฟียส
อสูรกายไทฟอน	ไทฟอน
มังกรไวเวิร์น	ไวเวิร์น
พรหมลิขิต	เทพีแห่งโชคชะตา
ผู้นำทางจิตวิญญาณ	ผู้นำลัทธิ	ผู้นำศาสนา
เทพ	เทพเจ้า
ดักดา	เทพดักดา
ฟอมอร์	ฟอมอเรียน
กวีน	เทพกวีน
เทพีมอร์ริกิว	เทพีมอร์ริแกน
เทพรา	เทพอาเมน-รา
อานูบิส	เทพอานูบิส
เก็บ	เทพเก็บ
ฮอรัส	เทพฮอรัส
เคเปรา	เทพเจ้าเคเปรา
เทพโอซิริส	โอซิริส
เทพีแอสตาร์เต	แอสตาร์เต
อิชตาร์	เทพีอิชตาร์
นางลิลิธ	ลิลิธ
ธรรม	พระธรรม
พระแม่ทุรกา	เจ้าแม่ทุรกา
พระมารุต	มารุต
พระนารายณ์	พระวิษณุ
พระอวตาร	อวตาร	เทพอวตาร
กัลกยาวตาร	กัลกี
พระพุทธเจ้า	พระศากยมุนี	พระสมณะโคดม	สมเด็จพระสัมมาสัมพุทธเจ้า	เจ้าชายสิทธัตถะ
พระโพธิสัตว์	โพธิสัตว์
พระอวโลกิเตศวร	พระโพธิสัตว์อวโลกิเตศวร
ผู้ตรัสรู้	พุทธะ
เจียงกั๋วเล้า	เซียนเจียงกั๋วเล้า
พระแม่	เจ้าแม่	เทพี	เทวี
เทพธรณี	เทพเจ้าแห่งความอุดมสมบูรณ์
พระผู้เป็นเจ้า	พระเจ้า
พระผู้เป็นเจ้า	พระเจ้า	พระเจ้าผู้สร้างโลก
พลังเอออน	เอออน
เมสสิยาห์	เมสไซยาห์
คริสต์	เมสสิยาห์	เมสไซยาห์
พระยะโฮวาห์	ยาหเวห์
พระอัลเลาะห์	อัลเลาะห์
ดีิมิเิอิร์จ	เทพดีิมิเิอิร์จ
นางฟ้า	นางสวรรค์	เทพธิดา
นางฟ้า	นางฟ้านางสวรรค์	นางสวรรค์	เทพี
ตัวเอลฟ์	เกรมลิน	เอลฟ์
คนแขวน	มนุษย์จิ๋ว
อันดีน	เทพีอันดีน
วิญญาณชั่ว	วิญญาณชั่วร้าย	วิญญาณร้าย
ปีศาจ	วิญญาณร้าย
ซัคคิวบัส	ปิศาจแฝงฝัน
ซาตาน	ลูซิเฟอร์
ผีดิบ	แวมไพร์
ผีพราย	พราย	พรายน้ำ	ภูตน้ำ
ผี	ภูตผี
เทพแห่งป่า	แซทเทอร์
นางเอคโค	เอคโค
สเตโรพี	อัสเตโรพี
นางเนเรียด	เนเรียด
ซินเธีย	อาร์เตมิส
เทพีน็อกซ์	เทพีแห่งรัตติกาล
กามเทพ	คิวพิด
มิวส์	เทพีมิวส์
ยูเรนัส	เทพยูเรนัส
เทพเจ้าแพน	เทพเจ้าแห่งแพะ
พญามัจจุราช	พญายม	ยมราช	ฮาเดส
นางยักษ์นิโมซินี	นางยักษ์นีโมซินี
นางเลโต	เลโต
นจอร์ด	เทพนจอร์ด
เทพีเวอร์ดานดดี	เทพีเวอร์ดานดี
หมาป่าเฟนเรอ	เฟนเรอ
อีฟ	อีวา	เอวา
ตัวละคร	บท
บรุนฮิลด์	พระราชินีบรุนฮิลด์
กษัตริย์อาทรีอุส	อาทรีอุส
นางไคลเทมเนสตรา	ไคลเทมเนสตรา
ราชินีโจคัสต้า	โจคัสต้า
กษัตริย์ไลอัส	ไลอัส
เฮเลน	เฮเลนแห่งกรุงทรอย
ตนเอง	ตัวเอง
นัมเบอร์วัน	หมายเลขหนึ่ง	เบอร์หนึ่ง
นักผจญภัย	ผู้รักการผจญภัย
คนเกิดผิดยุค	ผู้เกิดก่อนกาล
คนสมัคร	ผู้สมัคร
ชาวยิวอัชเคนาซิ	ชาวยิวแห่งอัชเคนาซ
คนเข้าร่วม	ผู้เข้าประชุม	ผู้เข้าร่วมประชุม
คนให้ความช่วยเหลือ	ผู้ช่วยเหลือ	ผู้สนับสนุนทางการเงิน	ผู้อุปถัมภ์	ผู้ให้ความช่วยเหลือ
คนตาบอดสี	ผู้ตาบอดสี
ผู้ร่วมการแข่งขัน	ผู้ร่วมแข่งขัน	ผู้เข้าร่วมการแข่งขัน	ผู้เข้าร่วมแข่งขัน	ผู้เข้าแข่งขัน	ผู้แข่งขัน
คนขลาด	คนขี้ขลาด
นักสร้างสรรค์	ผู้สร้างสรรค์
ผู้ปกป้อง	ผู้ป้องกัน
ผู้ป้องกัน	ฝ่ายตั้งรับ
นักวิทยาศาสตร์ประยุกต์	วิศวกร
ร.ต.	เรือตรี
คนบันเทิง	คนวงการบันเทิง	ผู้สร้างความบันเทิง
คนเพศหญิง	สตรีเพศ	เพศหญิง
ปัจเจก	ปัจเจกบุคคล	ป้จเจกชน
ผู้อยู่อาศัย	ผู้อาศัย
คนพื้นเมือง	ชนพื้นเมือง	ชนพื้นเมืองดั้งเดิม
คนที่อ่อนต่อโลก	คนไร้เดียงสา
คนรุ่นใหม่	ยช.	ยุวชน	เด็กรุ่นใหม่	เยาวชน
คนมีความรัก	คนรัก	คู่รัก
คนรัก	คู่รัก	คู่เลิฟ
ผู้นำ	ลีดเดอร์	หัวหน้า
ชาย	บุรุษ	บุรุษเพศ	ผู้ชาย	เพศชาย
คนที่ไม่ทำงาน	คนไม่ทำงาน	คนไม่ทำงานทำการ
ผู้รับรู้	ผู้สังเกตการณ์
คนยุคดึกดำบรรพ์	มนุษย์ดึกดำบรรพ์
คนถูกรางวัล	คนถูกล็อตเตอรี่	คนถูกหวย	ผู้ถูกรางวัล	ผู้ถูกล็อตเตอรี่
ผู้นับถือศาสนา	ผู้เชื่อในศาสนา	ศาสนิกชน
คนขายตั๋ว	พนักงานขายตั๋ว
คนเดินทาง	นักเดินทาง	ผู้เดินทาง
คนดวงตก	คนตกอับ	คนมีกรรม	คนอับโชค	คนโชคร้าย	ผู้ประสบเคราะห์กรรม
คนที่ไม่มีใครต้องการ	ผู้ไม่เป็นที่ต้องการ
คนขาดการฝึกฝน	คนขาดทักษะ
คนงาน	คนทำงาน	พนักงาน	แรงงาน
คนทำความผิด	คนทำผิด	คนทำผิดกฎหมายและศีลธรรม	คนผิด	ผู้ทำความผิด
คนอัฟริกา	คนแอฟริกา	ชาวอัฟริกา	ชาวแอฟริกัน	ชาวแอฟริกา
คนผิวสี	ชาวผิวสี
คนนิโกร	คนผิวดำ	คนผิวหมึก	ชาวนิโกร	ชาวผิวดำ	นิโกร
คนอเมริกันเชื้อสายแอฟริกัน	ชาวอเมริกันเชื้อสายแอฟริกัน	อเมริกันผิวดำ
ผู้หญิงผิวดำ	สตรีผิวดำ	หญิงผิวดำ	หญิงผิวสี
คนผิวสี	พวกคนผิวดำ
ทอม	ลุงทอม
คนผิวขาว	ชาวผิวขาว
กลุ่มคนผิวขาว	คนผิวขาว	ชนเผ่าคอเคเซียน
สตรีผิวขาว	หญิงผิวขาว
คนขาว	ฝรั่งตาน้ำขาว
คนเอเชีย	ชาวเอเชีย
กุลี	ไอ้กุลีผิวเหลือง
คนตะวันออก	ชาวตะวันออก
ชาวตาตาร์	ชาวมองโกลตาตาร์
คนพื้นเมืองอเมริกัน	คนอเมริกันพื้นเมือง	ชนพื้นเมืองอเมริกัน	ชาวอเมริกันพื้นเมือง
คนพื้นเมืองอินเดียแดง	ชนพื้นเมืองอินเดียแดง	ชาวอินเดียแดง	อินเดียนแดง
ชาวอัลกองกิน	ชาวอัลกองเกียน
ชาวอะตาคาปา	ชาวแอตตาคาปัน
คนอินเดีย	ชาวอินเดีย
ชนพื้นเมืองออสเตรเลีย	ชาวออสเตรเลียพื้นเมือง	ชาวอะบอริจิน
คริสตศาสนิกชน	ชาวคริสต์
คริสเตียน	ชาวคริสเตียน	ชาวโปรเตสสแตนต์
คาทอลิก	ชาวคาทอลิก
คนยิว	ชาวยิว	ชาวอิสราเอล	ชาวฮีบรู
ชาวมุสลิม	ชาวอิสลาม	ผู้นับถือศาสนาอิสลาม	มุสลิม
จีฮัด	พวกจีฮัด
ชาวพุทธ	ญาติโยม	ผู้นับถือศาสนาพุทธ	พุทธบริษัท	พุทธศาสนิกชน
ผู้นับถือพุทธศาสนานิกายเซน	ผู้นับถือลัทธิเซน
ผู้นับถือพุทธศาสนานิกายมหายาน	พุทธศาสนิกชนนิกายมหายาน
ผู้นับถือนิกายเถรวาท	ผู้นับถือพุทธศาสนานิกายเถรวาท
ชาวฮินดู	ผู้นับถือศาสนาฮินดู
ลูกครึ่งยุโรปแอฟริกัน	ลูกครึ่งแอฟริกันยุโรป
ลูกครึ่งยุโรปเอเชีย	ลูกครึ่งเอเชียยุโรป
คนยุโรป	ชาวยุโรป
ชาวแฟรงก์	ชาวแฟรงค์
คนอัฟกานิสถาน	ชาวอัฟกานิสถาน
คนอาร์เจนตินา	ชาวอาร์เจนตินา
คนออสเตรเลีย	ชาวออสเตรเลีย
คนออสเตรีย	ชาวออสเตรีย
คนบังกลาเทศ	ชาวบังกลาเทศ
คนเบลเยี่ยม	ชาวเบลเยี่ยม
ชาวภูฏาน	ชาวภูฐาน
ชาวบราซิล	ชาวบราซิเลี่ยน	ชาวเมืองแซมบ้า
คนพม่า	ชาวพม่า
ชาวเบลารุส	ชาวเบลโลรัสเชียน
คนกัมพูชา	ชาวกัมพูชา
คนจีน	คนจีนแผ่นดินใหญ่	ชาวจีน	ชาวจีนแผ่นดินใหญ่
ชาวเชโกสโลวะเกีย	ชาวเช็กโกสโลวะเกีย
ชาวสโลวัก	ชาวสโลวาเกีย
คนเดนมาร์ก	ชาวเดนมาร์ก
คนดัทช์	ชาวดัตช์	ชาวเนเธอร์แลนด์	ประชาชนชาวดัตช์	ประชาชนชาวเนเธอร์แลนด์
คนอังกฤษ	ชาวอังกฤษ	ชาวเมืองผู้ดี
ชายชาวอังกฤษ	ผู้ชายอังกฤษ
ผู้หญิงอังกฤษ	หญิงชาวอังกฤษ
ชาวลอนดอน	ชาวเมืองลอนดอน
ชาวเมืองแมนเชสเตอร์	ชาวแมนเชสเตอร์
คนฝรั่งเศส	ชาวฝรั่งเศส	ชาวเมืองน้ำหอม
ชาวซาวอย	ชาวเซอวอย
คนคริโอล	ชาวครีโอ
ภาษาอาคีอัน	ภาษาอาเคียน
คนมาเลย์	ชาวมาเลย์
คนฮอลแลนด์	คนเนเธอร์แลนด์	ชาวดัช	ชาวฮอลแลนด์	ชาวเนเธอร์แลนด์
คนฮินดู	ชาวฮินดู
ชาวม้ง	ชาวแม้ว
คนอินโดนีเซีย	ชาวอินโดนีเซีย
ชาวอิหร่าน	ชาวเปอร์เซีย
คนอิตาลี	ชาวอิตาลี
คนญี่ปุ่น	ชาวญี่ปุ่น	ชาวอาทิตย์อุทัย
คนเกาหลี	ชาวเกาหลี
คนคูเวต	ชาวคูเวต
คนลาว	ชาวลาว
ชาวแลพพ์	ชาวแลพแลนด์
คนมาเลเซีย	ชาวมาเลเซีย
ชาวอเมริกันแม็กซิกัน	ชาวแม็กซิกาโน
คนเนปาล	ชาวเนปาล
ชาวกีวี	ชาวนิวซีแลนด์
คนนอร์เวย์	ชาวนอร์เวย์
คนปากีสถาน	ชาวปากีสถาน
ชาวคาริบ	ชาวคาริบอินเดียน
ผู้ปกครองชาวอินคา	อินคา
ชาวตากาล็อก	ชาวฟิลิปปินส์
ผู้มีเชื้อสายโปแลนด์	โพแล็ก
คนซาอุ	ชาวซาอุดิอาระเบีย
ชาวอาระเบีย	ชาวอาหรับ
คนสก็อตแลนด์	ชาวสกอต	ชาวสกอตแลนด์	ชาวสก็อต	ชาวสก็อตแลนด์
ผู้หญิงสกอต	ผู้หญิงสก็อต
คนอเมริกาใต้	ชาวอเมริกาใต้
คนสเปน	ชาวสเปน
ชาวสหราชอาณาจักร	บริทิช	ประชาชนแห่งสหราชอาณาจักร
คนอังกฤษ	ชาวอังกฤษ	ประชาชนชาวอังกฤษ
คนไอริช	ชาวไอริช	ประชาชนชาวไอริช
คนฝรั่งเศส	ชาวฝรั่งเศส	ประชาชนชาวฝรั่งเศส
คนสเปน	ชาวสเปน	ประชาชนชาวสเปน
คนสวิสเซอร์แลนด์	ชาวสวิส	ชาวสวิสเซอร์แลนด์	ประชาชนชาวสวิสเซอร์แลนด์
คนเขมร	ชาวเขมร
คนไต้หวัน	ชาวไต้หวัน
คนไทย	ชาวสยาม	ชาวไทย
คนทิเบต	ชาวทิเบต
ชาวตุรกี	ชาวเติร์ก
คนอเมริกัน	ชาวอเมริกัน
ชาวบีเวอร์	ชาวออริกอน
คนอเมริกัน	ชาวอเมริกัน
คนญวน	คนเวียดนาม	ชาวเวียดนาม
คนเยอรมัน	ชาวเยอรมัน
คนสิงคโปร์	ชาวสิงคโปร์
คนศรีลังกา	ชาวศรีลังกา
ชาวเซอร์เบีย	ชาวเซิร์บ
ชาวราศีเมษ	ชาวเมษ
ชาวพฤษภ	ชาวราศีพฤษภ	ผู้ที่เกิดราศีพฤษภ
ชาวราศีเมถุน	ชาวเมถุน
ชาวกรกฏ	ชาวราศีกรกฏ
ชาวราศีสิงห์	ชาวสิงห์
ชาวกันย์	ชาวราศีกันย์
ชาวตุล	ชาวราศีตุล
ชาวราศีพิจิก	ชาวราศีแมงป่อง
ชาวธนู	ชาวราศีธนู
ชาวมังกร	ชาวราศีมังกร
ชาวกุมภ์	ชาวราศีกุมภ์
ชาวมีน	ชาวราศีมีน
คนไม่กินเหล้า	ผู้ไม่ดื่มสุรา
ศิลปินแนวนามธรรม	ศิลปินแอ็บสแตรค
นักวิชาการ	อาจารย์มหาลัย	อาจารย์มหาวิทยาลัย	อาจารย์วิทยาลัย
ผู้ร่วมกระทำความผิด	ผู้ร่วมก่ออาชญากรรม	ผู้สมรู้ร่วมคิด
นักบัญชี	พนักงานบัญชี	สมุหบัญชี
จำเลยคดีอาญา	จำเลยในคดีอาญา	ผู้ต้องหา
ซุปเปอร์สตาร์	ดาวรุ่ง	ผู้เชี่ยวชาญ	ผู้เชี่ยวชาญเฉพาะด้าน	อัจฉริยบุคคล	อัจฉริยะ
ผู้ช่วยบาทหลวง	ผู้ช่วยพระ	แอ็กโคไลต์
นักกายกรรม	นักแสดงกายกรรม
ดารา	ดารานักแสดง	นักแสดง	ศิลปินนักแสดง
ดาราหญิง	นักแสดงหญิง
คนบวกเลข	ผู้บวกเลข
นายทหารฝ่ายธุรการ	นายทหารฝ่้ายธุรการ
ผู้บริหาร	ผู้มีอำนาจตัดสินใจ
พล.ร.อ.	พลเรือเอก
คนวัยมันส์	วัยมันส์	วัยรุ่น	วัยสะรุ่น	วัยเริ่มหนุ่มสาว	วัยใส	เด็กวัยทีน	เด็กวัยรุ่น
บุตรบุญธรรม	เด็กในอุปการะ
หญิงชู้	หญิงโสเภณี
ปรปักษ์	ฝ่ายตรงข้าม
นักโฆษณา	นักโฆษณาประชาสัมพันธ์
ที่ปรึกษา	ผู้ให้คำแนะนำ
ผู้มั่งคั่ง	ผู้มั่งมี
นายหน้า	เอเยนต์
แรงงานภาคเกษตร	แรงงานเกษตร	แรงงานเกษตรกรรม
กสิกร	เกษตรกร
ลูกเรือ	ลูกเรือบนเครื่องบิน
คนสมองกลวง	คนหัวขี้เลื่อย
ขี้เมา	ขี้เหล้า	คนขี้เมา	คนขี้เหล้า	ผู้ติดสุราเรื้อรัง	ผู้ป่วยสุราเรื้อรัง
ชาวอเล็กซานเดรีย	ชาวเมืองอเล็กซานเดรีย
คนไม่ชอบอ่าน	คนไม่ชอบอ่านหนังสือ	ผู้ไม่ชอบอ่าน	ผู้ไม่ชอบอ่านหนังสือ
คนจัดเรียงตามลำดับพยัญชนะ	ผู้จัดเรียงตามลำดับพยัญชนะ
คนให้ของบริจาค	ผู้ให้ของบริจาค
คนจบการศึกษา	คนเรียนจบ	ผู้จบการศึกษา	ผู้สำเร็จการศึกษา
นักกีฬาสมัครเล่น	มือสมัครเล่น
ผู้หญิงแข็งแรง	หญิงร่างกำยำ
คนไม่รู้พยัญชนะ	ผู้ไม่รู้พยัญชนะ
นักกายวิภาค	นักกายวิภาคศาสตร์
บรรพชน	ปู่ยาตายาย	เทือกเถาเหล่ากอ
บรรพชนหญิง	บรรพบุรุษหญิง
คนยุคบรรพกาล	คนยุคโบราณ
คนตกปลา	นักตกปลา	พรานเบ็ด
คนชอบเลี้ยงสัตว์	คนบ้าสัตว์เลี้ยง	คนรักสัตว์เลี้ยง
ผู้รับเงินประจำปี	ผู้รับเงินรายปี
คนต่อต้านยิว	คนแอนตี้ยิว
นักดำน้ำ	นักประดาน้ำ
นักยิงธนู	โรบินฮู้ด
นักออกแบบ	สถาปนิก
คนชั้นนำ	คนชั้นสูง	ชนชั้นสูง	ผู้ดี
คนลอบวางเพลิง	คนวางเพลิง	มือวางเพลิง	มือเพลิง	โจรลอบวางเพลิง
นักประวัติศาสตร์ศิลปะ	นักประวัติศาสตร์ศิลป์
คนเป็นโรคข้ออักเสบ	ผู้เป็นโรคข้ออักเสบ
ทหารปืนใหญ่	ทหารปืนใหญ่ชั้นประทวน
คนวาดภาพประกอบ	คนวาดรูปประกอบ	นักวาดภาพประกอบ	ผู้วาดภาพประกอบ
คนทำงานสร้างสรรค์	คนผลิตงานสร้างสรรค์	ศิลปิน	อาร์ติสต์
ครูศิลปะ	ครูสอนวาดรูป	ครูสอนศิลปะ
ฆาตกรลอบสังหาร	นักฆ่าลอบสังหาร	ผู้ลอบสังหาร
ผู้แทน	ผู้แทนราษฎร	ส.ส.	สมาชิกสภานิติบัญญัติ	สมาชิกสภาผู้แทนราษฎร
ส.ส.หญิง	สมาชิกสภาผู้แทนราษฎรหญิง
คนเลวทราม	คนโง่	ไอ้สารเลว
ผู้โอน	ผู้โอนสิทธิ์
ผช.	ผู้ช่วย	ผู้สนับสนุน
ผศ.	ผู้ช่วยศาสตราจารย์
รศ.	รองศาสตราจารย์
คนเป็นหอบหืด	คนเป็นโรคหอบหืด
โหร	โหราจารย์
คนคอยช่วยเหลือ	คนรับใช้	ผู้คอยช่วยเหลือ
นักประพันธ์หญิง	นักเขียนหญิง
ผู้ปกครองเผด็จการ	ผู้ใช้อำนาจเผด็จการ
จนท.	เจ้าหน้าที่
วิศวกรยานยนต์	วิศวกรรถยนต์
คนขับเครื่องบิน	นักบิน
นาย	บาบู
น้อง	น้องสาว
น้องเล็ก	เด็กน้อย
ทารก	ลูกอ่อน	ลูกเด็กเล็กแดง	เจ้าเนื้ออ่อน	เด็กทารก	เด็กอ่อน	เด็กแดงๆ	เด็กแบเบาะ
ทารกในครรภ์	เด็ก	เด็กในครรภ์	เด็กในท้อง
ผู้ที่เกิดหลังสงครามโลกครั้งที่สอง	เบบี้บูมเมอร์
ชายโสด	ผู้ชายโสด	หนุ่มโสด
ผู้หญิงโสด	สาวโสด	หญิงโสด
กองหลัง	ผู้เล่นกองหลัง	แบ็ก
นักว่ายท่ากรรเชียง	นักว่ายน้ำท่ากรรเชียง
คนชั่ว	คนเลว
ผู้หญิงไร้ค่า	หญิงไร้ค่า
คนดูแลกระเป๋าเดินทาง	ผู้ดูแลกระเป๋าเดินทาง
เจ้าพนักงานยึดทรัพย์สิน	เจ้าพนักงานศาล
คนทำขนม	คนอบขนม
คนหัวล้าน	คนหัวโล้น
นักกีฬาเบสบอล	นักเบสบอล	ผู้เล่นเบสบอล
นักสู้วัว	นักสู้วัวกระทิง
ผู้นำวง	วาทยากร
ผู้จัดการธนาคาร	ผู้จัดการแบงค์
โจรปล้นธนาคาร	โจรปล้นแบงค์
คนล้มละลาย	บุคคลล้มละลาย	ผู้ล้มละลาย
กัลบก	คนตัดผม	ช่างตัดผม	ช่างตัดผมชาย
คนเที่ยวบาร์	นักเที่ยวบาร์
คนเผายุ้งฉาง	โจรเผายุ้งฉาง
คณะนักแสดง	คณะผู้แสดง
นักธุรกิจชั้นนำ	บุคคลผู้มีอำนาจ	ผู้นำธุรกิจ
ท่านบารอน	บารอน
ท่านบารอน	บารอน
บารอเนต	บาร์ท
คนชงเหล้า	บาร์เทนเดอร์
ผู้จัดการทีมเบสบอล	โค้ชเบสบอล
นักกีฬาบาส	นักกีฬาบาสเกตบอล	นักบาส	นักบาสเกตบอล	นักยัดห่วง	ผู้เล่นบาสเกตบอล
คนสานตะกร้า	ช่างสานตะกร้า
คนอาบน้ำ	ผู้อาบน้ำ
ผู้ตีลูกเบสบอล	ผู้ตีเบสบอล	เบ็ตเตอร์
คนดุร้ายเหมือนสัตว์	คนโหดร้าย
คนเลี้ยงผึ้ง	เกษตรกรผู้เลี้ยงผึ้ง
คนกินเบียร์	คนชอบกินเบียร์	คนดื่มเบียร์	นักดื่มเบียร์
ขอทาน	คนขอทาน
คนที่นับถือ	ผู้บูชา	ผู้มีความเชื่อ	ผู้มีศรัทธา
ดาว	ดาวเด่น	สาวสวย
มือสั่นกระดิ่ง	มือเคาะกระดิ่ง
ผู้นำ	แกนนำ
ที่รัก	บุคคลอันเป็นที่รักยิ่ง
คนทำเข็มขัด	ช่างทำเข็มขัด	ช่างเข็มขัด
ผู้ชายที่เพิ่งสละโสด	ผู้ชายที่เพิ่งแต่งงาน
ผู้สูญเสีย	ผู้สูญเสียคนที่ตนรัก
เกลอ	เพื่อนซี้	เพื่อนตาย	เพื่อนยาก	เพื่อนสนิท	เพื่อนเกลอ
คนรักหนังสือ	คนสะสมหนังสือ
นักกีฬาบิลเลียด	นักบิลเลียด	นักสอยคิว	นักแม่นรู
คนติดโปสเตอร์	ผู้ปิดประกาศ
คนชอบเลี้ยงนก	คนรักนก
คนกัด	ผู้กัด
คนร้ายที่ขู่กรรโชกทรัพย์	โจรขู่กรรโชกทรัพย์	โจรแบล็กเมล์
ช่างตีเหล็ก	ช่างเหล็ก
คนตาบอด	ผู้พิการทางสายตา	ผู้มีดวงตาพิการ
บล็อกเกอร์	ผู้เล่นที่เป็นตัวกัน
คนบริจาคเลือด	คนบริจาคโลหิต	ผู้บริจาคเลือด	ผู้บริจาคโลหิต
คนขับเรือ	คนขับเรือจ้าง	เรือจ้าง
นักเพาะกล้าม	นักเพาะกาย
บอดี้การ์ด	ผู้คุ้มกัน	ผู้อารักขา	องครักษ์
คนรับใช้ส่วนตัว	คนใช้ส่วนตัว
ผู้ที่นิยมลัทธิมาร์กซ	หัวคอมมิวนิสต์
ชาวบอลเชอวิก	พวกบอลเชวิก
ทาสหญิง	นางทาส
หมอกระดูก	แพทย์กระดูก
คนเข้าเล่มหนังสือ	คนเย็บเล่มหนังสือ	ช่างทำหนังสือ
คนรับแทง	เจ้ามือ	เจ้ามือรับแทง	เจ้ามือรับแทงม้า
คนทำหนังสือ	ช่างทำหนังสือ	ช่างหนังสือ
คนชอบอ่านหนังสือ	คนรักการอ่าน	นักอ่าน	หนอนหนังสือ
คนขโมยของในร้าน	คนจิ๊กของ
ช่างทำรองเท้าบูท	ช่างรองเท้าบูท
นาย	นายจ้าง	บอส
ลูกกระจ็อก	ลูกน้องปลายแถว
นักกีฬาโบว์ลิ่ง	นักทอยแก่น	นักโบว์ลิ่ง
เด็กชาย	เด็กหนุ่ม
เพื่อนชาย	เพื่อนผู้ชาย	แฟนหนุ่ม
อดีตแฟนหนุ่ม	แฟนเก่า
ลส.	ลูกเสือ	ลูกเสือสามัญ
หนุ่มน้อยมหัศจรรย์	หนุ่มมหัศจรรย์
ผู้มีศีรษะสั้นกว้าง	ผู้มีศีรษะแบบบราคีเซอฟาลิก
คนวรรณะพราหมณ์	พราหมณ์
คนต้มเบียร์	คนต้มเหล้า
ผู้เล่นไพ่บริดจ์	มือ
พล.จ.	พลจัตวา
น้องเขย	พี่เขย
ชาวเบอร์มิงแฮม	ชาวเมืองเบอร์มิงแฮม
คู่หู	บั๊ดดี้	เพื่อนคู่หู
บริษัทก่อสร้าง	บริษัทรับเหมา	บริษัทรับเหมาก่อสร้าง	ผู้รับเหมา	ผู้รับเหมาก่อสร้าง	ผู้สร้าง
นักเลง	ยักษ์
ตำรวจ	ไอ้หัวปิงปอง
อันธพาล	ฮูลิแกน
คนงุ่มง่าม	คนซุ่มซ่าม	คนผิด	คนมักง่าย	คนระยำ	คนสะเพร่า	คนโง่เง่า
โจรงัดแงะ	โจรยกเค้า
เจ้าหน้าที่การเงินในมหาวิทยาลัย	เหรัญญิก
คนทำธุรกิจ	คนทำมาค้าขาย	คนทำมาหากิน	ผู้ทำธุรกิจ	ผู้ประกอบการ	ผู้ประกอบธุรกิจ
คนขับรถบัส	คนขับรถประจำทาง	คนขับรถโดยสาร	พนักงานขับรถบัส	พนักงานขับรถประจำทาง
เด็กจอมพลัง	เด็กแกร่ง	เด็กแข็งแรง
ทอม	อีทอม
คนขายเนื้อ	คนฆ่าสัตว์
คนขายเนื้อ	พ่อค้าเนื้อสัตว์
พ่อบ้าน	หัวหน้าคนใช้
คนซื้อ	ผู้ซื้อ	ผู้อุดหนุน
คนทำเฟอร์นิเจอร์	ช่างทำเฟอร์นิเจอร์	ช่างเฟอร์นิเจอร์
รมต.	รัฐมนตรี
คนถ่อย	คนเลว	คนไร้สกุลรุนชาติ	อันธพาล
คนติดกาแฟ	ผู้ติดกาแฟ	ผู้ติดคาเฟอีน
นักคำนวณ	นักคิดเลข
กาลิฟ	กาหลิบ
คนโทร	คนโทรศัพท์	ผู้โทร	ผู้โทรศัพท์
ช่างกล้องภาพยนตร์	ตากล้อง
นอมินี	ผู้ลงสมัครรับเลือกตั้ง	ผู้สมัคร	ผู้สมัครรับเลือกตั้ง
นายทุนหัวอนุรักษ์	พวกทุนนิยม
หัวหน้าบริกร	หัวหน้าพนักงานเสิร์ฟ
กัปตันเรือ	น.อ.	นาวาเอก
ร.อ.	ร้อยเอก
กัปตัน	หัวหน้ากลุ่ม
ทหารปืนคาร์บิน	พลปืนคาร์บิน
คนถือไพ่	ผู้ถือไพ่
ศัลยแพทย์โรคหัวใจ	แพทย์โรคหัวใจ
ขาไพ่	คนเล่นไพ่	ผู้เล่นไพ่
คนจัดไพ่	คนโกงไพ่	เซียนไพ่
คนรักษาการ	ผู้รักษาการ	รักษาการ	เจ้าหน้าที่รักษาการ
พาหะ	พาหะนำโรค
คนส่งหนังสือพิมพ์	เด็กส่งหนังสือพิมพ์
คนยกของ	คนแบกหาม	เด็กยกของ
คาร์ทีเซียน	ผู้นิยมแนวคิดคาร์ทีเซียน
คาสซาโนวา	หนุ่มเจ้าสำราญ	เสือผู้หญิง
กรณศึกษา	เคส
ผู้บาดเจ็บ	ผู้ประสบอุบัติเหตุ
คนชอบเลี้ยงแมว	คนบ้าแมว	คนรักแมว
คาวาเลียร์	ผู้สนับสนุนกษัตริย์	พวกรอยัลลิสต์	แคเวอเลียร์
สุภาพบุรุษ	แคเวอเลียร์
คนมีชื่อเสียง	ผู้มีชื่อเสียง
ผู้ถือพรหมจรรย์	ผู้ประพฤติพรหมจรรย์
คนเล่นเชลโล	นักเชลโล
กองเซ็นเซอร์	ฝ่ายตรวจสอบ	ฝ่ายเซ็นเซอร์
ผู้แจงนับ	เจ้าหน้าที่สำรวจสำมะโนครัว
ผู้เล่นตำแหน่งเซ็นเตอร์	เซ็นเตอร์
ผู้เป็นกลาง	ผู้ไม่ฝักใฝ่ฝ่ายใด	ผู้ไม่ฝักใฝ่ีฝ่ายใด
คนสูบบุหรี่มวนต่อมวน	คนสูบหรี่จัด	ผู้สูบบุหรี่จัด	ผู้สูบบุหรี่มวนต่อมวน
นักต่อสู้	นักสู้
ผู้ชนะ	แชมป์	แชมเปี้ยน
นายก	นายกรัฐมนตรี	หัวหน้ารัฐบาล
นายก	นายกรัฐมนตรี
พ่อ	พ่อหนุ่ม	หนุ่ม	เจ้าหนุ่ม
คนขับรถ	พ.ข.ร.	พขร.	พนักงานขับรถ	พลขับ	โชเฟอร์
พนักงานขับรถหญิง	โชเฟอร์หญิง
ตัวรอง	นักแสดงสนับสนุน
คนขับรถม้าศึก	คนขับรถศึก	สารถี
หญิงทำความสะอาด	เมต	แม่บ้าน
คนช่างพูด	คนพูดไม่ชัด
คนดูแลสัมภาระ	ผู้ดูแลสัมภาระ
กองเชียร์	คนเชียร์
ผู้นำเชียร์	เชียร์ลีดเดอร์
คนเล่นหมากรุก	นักกีฬาหมากรุก	นักหมากรุก	นักโขก	นักโขกหมากรุก	ผู้เล่นหมากรุก
คนเคี้ยว	ผู้เคี้ยว
ซีอีโอ	ผู้บริหาร
ผู้เยาว์	เด็ก
บุตร	บุตรธิดา	พยานรัก	ลูก	เด็ก	เลือดเนื้อเชื้อไข	เลือดในอก	โซ่ทองคล้องใจ
เด็กมหัศจรรย์	เด็กอัจฉริยะ
ผู้ชำนาญในทางรักษาโรคเท้า	ผู้ชำนาญในทางรักษาโรคเ้ท้า	หมอรักษาโรคเท้า
นักร้องนำ	ผู้นำกลุ่มนักร้องประสานเสียง
คนซื่อ	คนหลอกง่าย	คนเชื่อคนง่าย
ผู้เข้าโบสถ์	สมาชิกโบสถ์
เจ้าหน้าที่ประจำโบสถ์	เจ้าหน้าที่โบสถ์
คนสูบบุหรี่	ผู้สูบบุหรี่
คนสูบซิการ์	ผู้สูบซิการ์
คนไม่มีเสน่ห์	คนไม่สำคัญ	คนไม่สำคัุญ
ประชาชาติ	พลเมือง
คนทำความสะอาด	พนักงานทำความสะอาด
บาทหลวง	มัคทายก
นักกีฬาปีนเขา	นักปีน	นักปีนเขา	นักไต่เขา
ช่างตัดเสื้อขนสัตว์	ช่างเสื้อขนสัตว์
ช่างซ่อมนาฬิกา	ช่างทำนาฬิกา	ช่างนาฬิกา
ฟินิสเชอร์	โคลเซอร์
คนขายเสื้อผ้าบุรุษ	คนขายเสื้อผ้าผู้ชาย
จำอวด	ตัวตลก	ตัวตลกหยาบคาย
ครูพิเศษ	ติวเตอร์	ผู้ฝึกสอน
กุนซือ	ผู้จัดการทีม	โค้ช
คนต่อตัวถังรถยนต์	ช่างประกอบตัวถังรถ	ช่างประกอบตัวถังรถยนต์
กรรมกรขุดถ่านหิน	กรรมกรเหมืองถ่านหิน	คนงานเหมืองถ่านหิน
นักเขียนร่วม	ผู้ร่วมเขียน
คนซ่อมรองเท้า	ช่างซ่อมรองเท้า	ช่างรองเท้า
คนติดโคเคน	คนเสพโคเคน	ผู้ติดโคเคน	ผู้เสพโคเคน
นักศึกษาหญิง	นิสิตนักศึกษาหญิง	นิสิตหญิง
ผู้ประดิษฐ์คำ	ผู้สร้างคำใหม่
คนทรยศ	ไส้ศึก
คนระดับเดียวกัน	สมาชิก	เพื่อนร่วมงาน
ผู้เก็บเงิน	พนักงานจัดเก็บภาษี
คอลีน	ผู้หญิงไอริช
นักศึกษา	นิสิต	นิสิตนักศึกษา
นักศึกษาวิทยาลัย	นักเรียนวิทยาลัย
พ.อ.	พันเอก
ชาวอาณานิคม	ผู้อยู่อาศัยในอาณานิคม
บุคคลสำคัญ	ผู้ยิ่งใหญ่	รุ่นใหญ่
นักบินกองทัพอากาศ	นักบินเครื่องบินรบ
นักแสดงตลก	ศิลปินตลก
ดาราตลก	ดาวตลก	นักแสดงตลก
ตัวตลกหญิง	ศิลปินตลกหญิง
ดาราตลกหญิง	นักแสดงตลกหญิง
ผู้บังคับบัญชา	ผู้บัญชาการ
น.ท.	นาวาโท
ผู้บัญชาการ	เจ้าหน้าที่หน่วยทหาร
คอมมานโด	สมาชิกหน่วยคอมมานโด
นักเขียนวิเ่คราะห์เหตุการณ์	ผู้เขียนเหตุการณ์
สมาชิกของคณะกรรมการ	สมาชิกคณะกรรมการ
พล.ร.จ.	พลเรือจัตวา
คอมมิวนิสต์	พวกคอมมิวนิสต์
คนคุ้นเคย	เพื่อน
ผู้ร่วมทาง	ผู้ร่วมเดินทาง	เพื่อนร่วมทาง	เพื่อนเดินทาง
ผู้รวบรวม	ผู้แปล
ผู้ใช้คอมพิวเตอร์	ยูสเซอร์
คนดูคอนเสิร์ต	ผู้ชมคอนเสิร์ต	มิตรรักแฟนเพลง	แฟนเพลง
บ้านเล็ก	อนุภรรยา	อีหนู	เมียน้อย
คอนดักเตอร์	ผู้อำนวยการเพลง	ผู้อำนวยเพลง	วาทยากร
กระเป๋ารถเมล์	พนักงานเก็บค่าโดยสาร
กระเป๋ารถเมล์หญิง	พนักงานเก็บค่าโดยสารหญิง
คนทำขนม	คนทำขนมหวาน	คนทำลูกกวาด
ผู้ช่วย	ผู้ติดตาม
ผู้เข้าประชุม	ผู้เข้าร่วมประชุม
ผู้รับสารภาพ	ผู้สารภาพ
เพื่อนที่ไว้วางใจ	เพื่อนที่ไว้ใจได้	เพื่อนรัก
นักอนุรักษ์นิยม	พวกคอนเซอร์เวทีฟ	พวกหัวอนุรักษ์	พวกอนุรักษ์นิยม
สมาชิกของพรรคอนุรักษ์นิยม	สมาชิกพรรคอนุรักษ์นิยม
ตำรวจชั้นประทวน	พลตำรวจ
คนงานก่อสร้าง	คนทำงานก่อสร้าง	ช่างก่อสร้าง
คนเป็นวัณโรค	ผู้ป่วยวัณโรค
นักร้องเสียงคอนตราลโต	นักร้องเสียงคอนทรัลโต
ผู้ป่วยระยะพักฟื้น	ผู้พักฟื้น
นักสนทนา	นักเจรจา
ผู้ต้องขัง	ผู้ถูกตัดสินจำคุก
นักโทษ	ผู้ต้องโทษ
กุ๊ก	คนครัว	คนทำกับข้าว	คนทำครัว	คนทำอาหาร	คนประกอบอาหาร	คนปรุงอาหาร	พ่อครัว	แม่ครัว
หัวหน้าครัว	หัวหน้าพ่อครัว	เชฟ
คนชอบเลียนแบบ	นักเลียนแบบ
ผู้คัดลอกเอกสาร	ผู้ทำสำเนาเอกสาร
ดาวยั่ว	นางแมวยั่วสวาท
ส.อ.	สิบโท
คนเขียนจดหมาย	ผู้เขียนจดหมาย
คนขายเครื่องสำอาง	พนักงานขายเครื่องสำอาง
นักบัญชีต้นทุน	พนักงานบัญชีต้นทุน
ดาราแสดงนำคู่	นักแสดงนำคู่
ท่านเคานต์	เคานต์
การปฎิวัติซ้อน	นักปฏิวัติ
ท่านเคาน์เตส	เคาน์เตส
ช่างตัดเสื้อ	ช่างตัดเสื้อสตรี	ช่างออกแบบเสื้อผ้า	ดีไซเนอร์
นางแบบ	นางแบบปกนิตยาสาร
คาวบอย	โคบาล
ชุดปฏิบัติการพิเศษดับไฟป่า	หน่วยเสือไฟ
คนลักลอบเข้าเมือง	ไคโอตี
ผู้ติดแคร็ก	ผู้เสพแคร็ก
คนบ้าๆบอๆ	คนฝันเฟื่อง
ช่าง	ช่างฝีมือ	ช่างศิลป์	นายช่าง
คนเล่นเกมพนันแคร็ปส์	นักเล่นพนันแคร็ปส์
คนที่ถูกหลอกใช้	หุ่นเชิด	เครื่องมือ
คนประหลาด	คนแปลกพิกล
นักกีฬาคริกเก็ต	นักคริกเก็ต
คนทำผิดกฎหมาย	คนนอกกฎหมาย	คนร้าย	ผู้กระทำความผิด	ผู้ร้าย	อาชญากร
คนพิการ	ผู้พิการ
พนักงานเก็บจ่ายเงินพนัน	พนักงานเก็บจ่ายเงินในบ่อนคาสิโน
ชายา	พระชายา	พระมเหสี	มเหสี
นักรบศักดิ์สิทธิ์	นักรบเพื่อศาสนา
นักถอดรหัสปริศนา	นักถอดรหัสลับ	ผู้ถอดรหัส
ลูกเสือสามัญรุ่นเล็ก	ลูกเสือสำรอง
คนถูกสวมเขา	ผู้ชายที่ถูกสวมเขา
สาวก	สาวกลัทธิ
ช่างทำเครื่องหนัง	ช่างเครื่องหนัง
ผู้ดูแล	ผู้มีหน้าที่ดูแล
ผู้ซื้อสินค้าและบริการ	ลูกค้า
ฆาตกรฆ่าตัดคอ	ฆาตกรฆ่าตัดหัว
นักเขียนนวนิยายวิทยาศาสตร์	นักเขียนนิยายวิทยาศาสตร์
คนถีบจักรยาน	นักขี่จักรยาน	นักปั่น
คนตีฉาบ	มือตีฉาบ
พระเจ้าซาร์	เจ้าชายแห่งราชวงศ์ซาร์
คุณพ่อ	ป่ะป๊า	ป๊ะป๋า	ป๋า	พ่อ	เตี่ย
คนงานหญิงฟาร์มโคนม	หญิงรีดนมวัว
เกษตรกรฟาร์มโคนม	เจ้าของฟาร์มโคนม
คนปล่อยเวลาไปโดยเปล่าประโยชน์	คนผัดวันประกันพรุ่ง
น้องนาง	สาวน้อย
คุณผู้หญิง	สุภาพสตรี
นักเต้นรำ	นักเต้นอาชีพ
คู่เต้น	คู่เต้นรำ
คนขี้โอ่	หนุ่มสำรวย	หนุ่มสำอาง
ม้านอกสายตา	ม้ามืด
คนปะชุน	คนปะชุนเสื้อผ้า
คู่นัด	คู่นัดหมาย
กุลธิดา	ธิดา	บุตรสาว	บุตรหญิง	บุตรี	พระธิดา	ลูกสาว	ลูกหญิง
ลูกสะใภ้	สะใภ้
คนคิดฝัน	คนฝันกลางวัน	คนฝันเฟื่อง
คนตาย	ผู้เสียชีวิต
คนแจกไพ่	ผู้แจกไพ่
ผู้อาวุโส	สมาชิกอาวุโส
คนคดโกง	คนหลอกลวง	คนโกง	นักต้มตุ๋น
ผู้ค้างชำระหนี้	ผู้ไม่ชำระหนี้	ผู้ไม่ชำระเงิน
ทนายความจำเลย	ทนายจำเลย
ผู้เยาว์ผู้กระทำผิด	เยาวชนผู้กระทำผิด
คนส่งของ	เด็กส่งของ
ผู้ประท้วง	ผู้แสดง
ผู้สาธิตผลิตภัณฑ์	พนักงานสาธิตสินค้า
ครู	ผู้สาธิตวิธีการ
ทันตแพทย์	หมอฟัน
หัวหน้าฝ่าย	หัวหน้าแผนก
ผู้พึ่งพิงอาศัย	ผู้อาศัย
คนทำลาย	ผู้ทำลาย
ตำรวจสายสืบ	พนักงานสอบสวน	พนักงานสืบสวน
คนกินทุกอย่างที่ขวางหน้า	จอมเขมือบ
คนเป็นเบาหวาน	คนเป็นโรคเบาหวาน	ผู้ป่วยโรคเบาหวาน
จอมเผด็จการ	ผู้อยู่เหนือกฎหมาย	เผด็จการ
คนไม่เต็ม	คนไม่เต็มบาท
คนรับประทานอาหาร	ผู้รับประทานอาหาร
บริกร	ผู้ให้บริการในภัตตาคาร	ผู้ให้บริการในร้านอาหาร
ทูต	นักการทูต
กรรมการผู้จัดการ	ผจก.	ผู้จัดการ
ผู้กำกับ	ผู้กำกับการแสดง
ดีเจ	นักจัดรายการวิทยุ
ผู้จำหน่าย	ผู้แทนจำหน่าย
นักดำน้ำ	นักประดาน้ำ
นักประดาน้ำ	นัำกประดาน้ำ	มนุษย์กบ
แม่ม่าย	แม่หม้าย
อดีตภรรยา	เมียเก่า
ดร.	หมอ	หมอฝึกหัด	แพทย์	แพทย์ฝึกหัด
คนเรียนจบปริญญาเอก	ดร.	ด็อกเตอร์	ผู้จบการศึกษาระดับปริญญาเอก	ผู้เรียนจบปริญญาเอก
คนคร่ำครึ	ไดโนเสาร์
หมอ	ไอ้หมอนี่
นางแจ๋ว	แม่บ้าน
ดอน	ฟาเตอร์	หัวหน้ามาเฟีย
คนให้	ผู้ให้
คนบริจาค	ผู้บริจาค
พนักงานรักษาความปลอดภัย	ยาม	ยามเฝ้าประตู
คนกลับกลอก	คนตลบตะแลง	คนพูดกลับกลอก	คนพูดอย่างทำอย่าง	คนสับปลับ	คนไม่รักษาคำพูด
การถูกเกณฑ์ทหาร	ทหารเกณฑ์
คนเขียนรูป	ช่างวาดเขียน
คนเขียนแบบ	ช่างเขียนแบบ
คนเซ็นเช็ค	ผู้สั่งจ่าย	ผู้สั่งจ่ายเช็ค
คนที่กำลังฝัน	คนนอนฝัน
คนเย็บปะเสื้อ	ช่างเย็บปะเสื้อ
คนกินเหล้า	คนดื่มแอลกอฮอล์	นักดื่ม
คนดื่ม	ผู้ดื่ม
คนขับ	คนขับรถ
กุลี	จับกัง
คนติดยา	คนเสพยา	ผู้ติดยา	ผู้ติดยาเสพติด
คนเสพยา	ผู้เสพยา	ผู้ใช้ยา
คนตีกลอง	คนเล่นกลอง	มือกลอง
คนเมาหาเรื่อง	คนเมาอาละวาด
คนชอบกินเหล้า	คนติดสุรา	คนติดเหล้า	ผู้ติดสุรา	ผู้ติดเหล้า
ดยุค	ท่านดยุค
คนปล่อยไก่	คนเปิ่น
คนสมองทึบ	คนโง่	หัวขี้เลื่อย	ไอ้ควาย
คนภาคตะวันออก	ชาวภาคตะวันออก
คนกิน	คนกินอาหาร	ผู้กิน	ผู้กินอาหาร	ผู้รับประทาน
คนแอบฟัง	ผู้แอบฟัง
นักเศรษฐกิจ	นักเศรษฐศาสตร์	ผู้เชียวชาญเศรษฐศาสตร์
คนเย็บชายผ้า	ช่างเย็บชายผ้า
บ.ก.	บรรณาธิการ	สาราณียกร
นักการศึกษา	ผู้ประสาทวิชา	ผู้ประสิทธิ์ประสาทวิชา	ผู้ให้การศึกษา
คนหลั่งน้ำกาม	คนหลั่งน้ำอสุจิ	ผู้หลั่งน้ำอสุจิ
ซีเนียร์	พี่	รุ่นพี่
รัฐบุรุษ	รัฐบุรุษอาวุโส	ราษฎรอาวุโส	องคมนตรี
เจ้าหน้าที่ผู้ชนะการเลือกตั้ง	เจ้าหน้าที่ผู้ได้รับเลือก
ช่างไฟ	ช่างไฟฟ้า
คนยักยอกทรัพย์	คนยักยอกเงิน	ผู้ยักยอก	ผู้ยักยอกทรัพย์	ผู้ยักยอกเงิน
คนปักผ้า	คนปักลายผ้า	ช่างปักผ้า	ช่างปักลวดลาย	ช่างปักลายผ้า
หญิงปักผ้า	หญิงปักลายผ้า
นักคิดสายประจักษ์นิยม	นักปรัชญาลัทธิประจักษ์นิยม
พนง.	พนักงาน	ลูกจ้าง
ข้าศึก	ศัตรู
พนักงานขับรถไฟ	พนักงานเดินรถ
ชายที่ขึ้นทะเบียนทหาร	ชายที่ลงทะเบียนทหาร
หญิงที่ขึ้นทะเบียนทหาร	หญิงที่ลงทะเบียนทหาร
คนลงทะเบียนเรียน	ผู้ลงทะเบียนเรียน
คนเจ้าสำราญ	นักกิน	นักชิม	หนุ่มเจ้าสำราญ
คนเป็นลมบ้าหมู	คนเป็นโรคลมบ้าหมู	ผู้ป่วยโรคลมบ้าหมู
คนปีนบันได	คนไต่บันได
คนฝันหวาน	คนวาดวิมานในอากาศ	นักฝัน
นักปรัชญาสุนทรียศาสตร์	นักสุนทรียศาสตร์
ผู้สอนประวัติพระเยซู	ผู้เขียนประวัติพระเยซู
พณหัวเจ้าท่าน	ฯพณฯ
ผู้จัดนิทรรศการ	ผู้แสดงผลงาน
คนชอบอวดอวัยวะเพศ	คนชอบโชว์อวัยวะเพศ
การถูกเนรเทศ	ผู้ถูกเนรเทศ
คนต่างด้าว	คนพลัดถิ่น
นักปรัชญาอัตถภาวะนิยม	นักปรัชญาอัตถิภาวนิยม
หมอผี	หมอผีเอ็กโซซิสต์	เอ็กโซซิสต์
ผู้ส่งออก	ผู้ส่งออกสินค้า
พวกเอ็กซ์เพรสชันนิสม์	ศิลปินเอ็กซ์เพรสชันนิสม์	ศิลปินแนวเอ็กซ์เพรสชันนิสม์
พวกความคิดสุดโต่ง	พวกสุดโต่ง
คนสวมแว่น	คนสวมแว่นตา	คนสวมแว่นสายตา	ผู้สวมแว่นตา
ผู้อยู่ในเหตุการณ์	ผู้เ็ห็นเหตุการณ์	พยานผู้เห็นเหตุการณ์	พยานเ็ห็นเหตุการณ์
พวกเฟเบียน	สมาชิกของสมาคมเฟเบียน
คนรักครอบครัว	แฟมิลี่แมน
ผู้นับถือ	สาวก	แฟน
นักอนาคตศาสตร์	ผู้ทำนายอนาคต
ผู้จ่ายค่าโดยสาร	ผู้ชำระค่าโดยสาร
ชาวนา	เกษตรกร
เด็กหญิงชาวนา	เด็กหญิงชาวไร่
คนงานในฟาร์ม	คนงานในไร่	ชาวไร่
ช่างตีเกือกม้า	ช่างใส่เกือกม้า
ผู้นิยมลัทธิฟาสซิสต์	พวกฟาสซิสต์
บิดา	พ่อ
พ่อตา	พ่อผัว	พ่อสามี
ขวัญใจคนท้องถิ่น	ขวัญใจมหาชน
พ่อหนุ่ม	ไอ้หนุ่ม
สตรีชั้นสูง	สตรีสูงศักดิ์	หญิงสูงศักดิ์
ลูกผู้หญิง	ลูกเพศหญิง
หญิง	เด็กผู้หญิง	เด็กหญิง
นักสิทธิสตรี	ผู้สนับสนุนสิทธิสตรี
คนรับซื้อของโจร	พ่อค้ารับซื้อของโจร
คนขับเรือข้ามฝาก	คนขับเรือเฟอร์รี่
คู่หมั้น	คู่หมั้นหญิง
นายพัน	ผู้พัน	พัน
ผู้กำกับ	ผู้กำกับการแสดง	ผู้กำกับภาพยนตร์	ผู้กำกับหนัง
ดารานำจอเงิน	ดารานำภาพยนตร์	นักแสดงนำจอเงิน	นักแสดงนำภาพยนตร์
คนทำงานภาคสนาม	นักวิจัยภาคสนาม
นักดับเพลิง	นักผจญเพลิง	พนักงานดับเพลิง	เจ้าหน้าที่ดับเพลิง
นักดับไฟป่า	เจ้าหน้าที่ดับไฟป่า
คนโต	ลูกคนโต	ลูกหัวปี
ร.ต.	ร้อยตรี
ผู้กระทำความผิดครั้งแรก	ผู้ต้องโทษเป็นครั้งแรก
คนหาปลา	ชาวตังเก	ชาวประมง
แฟล็งเกอร์	แฟล็งเกอร์แบ็ก
เพื่อนร่วมอพาร์ตเมนท์	แฟลตเมต
ผู้หญิงโง่	หญิงโง่
คนชักดาบ	คนเบี้ยวหนี้	คนเบี้ยวเงิน
คู่ปรปักษ์	ปรปักษ์	ฝ่ายตรงข้าม	ศัตรู	อริ
นักร้องหญิง	นักร้องเพลงพื้นบ้าน
ผู้ติดตาม	ผู้ติดสอยห้อยตาม	ลูกสมุน	สมุน
ผู้ติดตาม	ผู้ติดสอยห้อยตาม
คนโง่	คนโง่เขลา
นักกีฬาอเมริกันฟุตบอล	นักอเมริกันฟุตบอล
ต้นตระกูล	ต้นสกุล	ผู้ก่อตั้งตระกูล
คนต่างชาติ	คนต่างประเทศ	คนต่างแดน	ชาวต่างชาติ	ชาวต่างประเทศ	ชาวต่างแดน
นาย	บอส
หัวหน้า	หัวหน้าคนงาน	เจ้านาย	โฟร์แมน
นักก็อปปี้	นักปลอมแปลง	ผู้ทำเลียนแบบ
บุตรบุญธรรม	ลูกบุญธรรม
ธิดาบุญธรรม	ลูกสาวบุญธรรม
พ่อแม่บุญธรรม	พ่อแม่อุปถัมภ์
บิดา	ผู้ก่อตั้ง
ทารกกำพร้า	ทารกถูกทิ้ง	เด็กทารกกำพร้า
ช่างกรอบรูป	ช่างทำกรอบรูป
คนทำงานอิสระ	ฟรีแลนซ์
อิสระชน	เสรีชน
นักศึกษาชั้นปีที่หนึ่ง	นักศึกษาปีหนึ่ง	น้องใหม่	เด็กปีหนึ่ง	เฟรชชี่
นักจิตวิเคราะห์	ผู้นิยมแนวคิดฟรอยเดียน
บรรพชิต	พระ	พระภิกษุ	พระภิกษุสงฆ์	พระสงฆ์	ภิกขุ	ภิกษุ	สงฆ์
พรรคพวก	พรรคพวกเพื่อนฝูง	พวก	พวกพ้อง	มิตร	มิตรสหาย	สหาย	เพื่อน
ตัวเก็ง	ตัวเต็ง
คนทอดอาหาร	พ่อครัวทำอาหารทอด
ผู้ลี้ภัย	ผู้อพยพลี้ภัย
คนที่สมควรตาย	คนที่สมควรถูกแขวนคอ	คนหนักแผ่นดิน
คนเล่นการพนัน	คนเล่นพนัน	นักการพนัน	นักพนัน	นักเล่นพนัน	ผีพนัน	เซียนพนัน
นักพนัน	นักเสี่ยงโชค
คนดูแลสัตว์	ผู้ดูแลสัตว์ป่า
พวกแก๊งอันธพาล	สมาชิกแก๊ง
คนดูแลสวน	คนสวน
คนตัดเย็บเสื้อผ้า	ช่างตัดเย็บเสื้อผ้า
ช่างอัญมณี	ช่างเจียรนัย
นักวงศาวิทยา	นักวงศ์ตระกูลวิทยา
พล.อ.	พลเอก
นายพล	พล
ผู้มีความคิดริเริ่ม	ผู้ริเริ่ม
จีเนียส	อัจฉริยบุคคล	อัจฉริยะ
ชายผู้ดี	สุภาพบุรุษ	เจนเทิลแมน
มนุษย์ยักษ์	ยักษ์	ยักษ์มหึมา
มนุษย์ยักษ์	ไจแอนต์
คนเกาะผู้หญิงกิน	คนให้ผู้หญิงเลี้ยง	แมงดา
ทรามวัย	สาว	หญิงสาว	เด็กสาว
หญิงคนรัก	เพื่อนหญิง	แฟนสาว
ผู้บำเพ็ญประโยชน์	ยุวกาชาด	เนตรนารี
สาวน้อยมหัศจรรย์	สาวมหัศจรรย์
คนเป่าแก้ว	ช่างเป่าแก้ว
คนตัดแก้ว	ช่างตัดแก้ว
คนทำเครื่องแก้ว	ช่างทำเครื่องแก้ว	ช่างเครื่องแก้ว	ช่างแก้ว
คนกินจุ	คนตะกละ	คนตายอดตายอยาก	นักกินแหลก
จีแมน	พนักงานสืบสวน	พนักงานสืบสวนอาชญากรรม
นายทวาร	นายประตู	ผู้รักษาประตู	โกล
ธิดาอุปถัมภ์	ลูกสาวทูนหัว
ช่างทอง	ช่างทำทอง
คนไม่เอาถ่าน	คนไม่เอาไหน
ช่างทอง	ช่างทำทอง	ช่างเครื่องทอง
นักกอล์ฟ	นักหวดวงสวิง	นักเล่นกอล์ฟ
นักกอล์ฟมืออาชีพ	นักกอล์ฟอาชีพ
คนพายเืรือกอนโดลา	คนแจวเรือกอนโดลา
คนดี	คนทำความดี
ขาเมาท์	คนชอบนินทา
นัดดา	พระนัดดา	พระราชนัดดา	หลาน
ตา	ปู่	พ่ออุ๊ย	พ่อเฒ่า
ยาย	ย่า	แม่อุ๊ย	แม่เฒ่า
ปู่ยาตายาย	พ่ออุ๊ยแม่อุ๊ย	พ่อเฒ่าแม่เฒ่า
คุณยาย	ยาย
กราฟิคดีไซเนอร์	เจ้าหน้าที่กราฟฟิคดีไซด์
ยายทวด	ย่าทวด
ตาทวด	ปู่ทวด
ชวด	ทวด
กรีนเบเร่ต์	ทหารกรีนเบเร่ต์
คนจับภาพ	ตากล้องจับภาพ
เด็กส่งของร้านขายของชำ	เด็กส่งของร้านชำ
คนขี้หงุดหงิด	คนอารมณ์ร้าย
ผู้ค้ำประกัน	ผู้รับรอง
ผู้ควบคุมนักโทษ	ผู้คุม	ผู้คุมนักโทษ
การ์ด	ยาม
กองหลัง	การ์ด
การ์ด	ทหารองครักษ์
สมาชิกกลุ่มกองโจร	สมาชิกกองโจร
แขก	แขกรับเชิญ	แขกเหรื่อ
ผู้เข้าพัก	แขก
แขกผู้ทรงเกียรติ	แขกผู้ใหญ่
คนนำเที่ยว	มัคคุเทศก์	ไกด์
นักกีตาร์	มือกีตาร์
มือปืน	มือปืนรับจ้าง
กูรู	คุรุ
ชายหนุ่ม	พ่อหนุ่ม	หนุ่ม
นักกีฬายิมนาสติก	นักยิมนาสติก
คนยิปซี	ชาวยิปซี
แฮกเกอร์	แฮคเกอร์
ยายเฒ่า	ยายแก่	ยายแม่มด	แม่มด
ช่างทำผม	ช่างเสริมสวย	ช่างแต่งผม	สไตลิสต์
หะยี	หัญจี
คนโง่	คนโง่เซ่อ	ตัวตลก
คนงานเก็บเกี่ยวผลผลิต	คนเก็บเกี่ยว	คนเก็บเกี่ยวผลผลิต
นักฆ่ามืออาชีพ	นักฆ่าอาชีพ
คนทำหมวก	ช่างทำหมวก
ลูกพี่	ห.น.	หน.	หัวหน้า	เฮด
ผู้นำครอบครัว	หัวหน้าครอบครัว
ผู้นำประเทศ	ผู้บริหารประเทศ
ผู้ฟัง	ผู้เข้าฟัง
คนนอกรีต	คนนอกศาสนา	คนไร้วัฒนธรรม
เด็กนรก	เด็กอันธพาล	เด็กเปรต
คนถือท้ายเรือ	นายท้าย
นักจุลกายวิภาค	นักจุลกายวิภาคศาสตร์	นักมิิิิิญชวิทยา
ผู้เชี่ยวชาญโลหิตวิทยา	แพทย์ทางโลหิตวิทยา
ผู้ป่วยโรคเลือดออกไม่หยุด	ผู้ป่วยโรคเลือดไหลออกไม่หยุด
คนต้อนสัตว์	คนเลี้ยงสัตว์
กระเทย	ตุ๊ด	แต๋ว
นักวิทยาสัตว์เลื้อยคลาน	นักวิทยาสัตว์เลื้อยคลานและนักสะเทินน้ำสะเทินบก
ตัวนาง	นางเอก
คนติดผง	คนติดผงขาว	คนติดเฮโรอีน	คนเสพเฮโรอีน	ผู้ติดเฮโรอีน	ผู้เสพเฮโรอีน
ผู้รักต่างเพศ	ผู้ใฝ่ต่างเพศ
นักการเมืองคอร์รัปชั่น	นักการเมืองฉ้อราษฎร์บังหลวง	นักการเมืองทุจริต
สลัดอากาศ	สลัดเวหา
บุปผาชน	ฮิปปี้
คนรับจ้าง	ลูกจ้าง
นักประวัติศาสตร์	นักวิชาการด้านประวัติศาสตร์	นักวิชาการประวัติศาสตร์
คนโบกรถ	นักเดินทางโดยการโบกรถ	นักโบกรถ
นักกีฬาฮอกกี้	นักกีฬาฮอกกี้น้ำแข็ง	นักฮอกกี้	นักฮอกกี้น้ำแข็ง
บริษัทรับเหมาสร้างบ้าน	ผู้รับเหมาสร้างบ้าน
คนซื้อบ้าน	ผู้ซื้อบ้าน
เจ้าของบ้าน	เจ้าบ้าน
คนรักร่วมเพศ	ชาวรักร่วมเพศ	เกย์
กุ๊ย	นักเลง	นักเลงหัวไม้	นักเลงโต	อันธพาล	โจ๋อันธพาล
คนชอบเลี้ยงม้า	คนเลี้ยงม้า
คนขี่ม้า	นักขี่ม้า
คนเลี้ยงม้า	เด็กเลี้ยงม้า
ชาวสวน	นักวิชาการพืชสวน
ผู้จัดการโรงแรม	เจ้าของโรงแรม
เจ้าบ้าน	เจ้าภาพ
เจ้าบ้านหญิง	เจ้าภาพหญิง
ตีนแมว	ย่องเบา	โจรงัดบ้าน
ช่างทาสี	ช่างทาสีบ้าน
แม่บ้าน	แม่ศรีเรือน
คนกอด	ผู้กอด
ตลก	นักแสดงตลก
คนหลังค่อม	คนหลังโกง	คนหลังโก่ง
ผู้ถูกตามล่า	ผู้ถูกล่า	ผู้ถูกล่าตัว
คนล่าสัตว์	นายพราน	พราน
นักกีฬาวิ่งกระโดดข้ามรั้ว	นักวิ่งกระโดดข้ามรั้ว
ผัว	ฝาละมี	พระภัสดา	พระสวามี	พระสามี	สวามี	สามี
ผัวเก่า	อดีตสามี
ผู้ป่วยความดันโลหิตสูง	ผู้ป่วยโรคความดันโลหิตสูง
คนเป็นความดันโลหิตสูง	ผู้ป่วยความดันโลหิตต่ำ	ผู้ป่วยโรคความดันโลหิตต่ำ
คนทำลายรูปสักการะ	คนทำลายรูปเคารพ	คนทำลายเทวรูป
คนมีอุดมการณ์	คนมีอุดมคติ	นักอุดมคติ
แฝดจากไข่ใบเดียว	แฝดแท้
นักทฤษฎี	ผู้มีอุดมคติ
คนปัญญาอ่อน	คนสติไม่สมประกอบ
คนขี้เกียจ	คนเกียจคร้าน	คนไม่ชอบทำงาน	คนไม่ทำงานทำการ
คนไม่มีการศึกษา	คนไร้การศึกษา
คนอ่านหนังสือไม่ออก	คนไม่รู้หนังสือ	ผู้อ่านหนังสือไม่ออก	ผู้ไม่รู้หนังสือ
คนพาล	ลูกลิง	เด็กซน
บุคคลสำคัญ	ผู้ทรงอิทธิพล	ผู้หลักผู้ใหญ่
ผู้นำเข้า	ผู้นำเข้าสินค้า
คนหลอกลวง	คนโกง
จิตรกรแนวอิมเพรสชั่นนิสต์	ศิลปินอิมเพรสชั่นนิสต์
ทหารราบ	ทหารเลว	พลทหารราบ
ทหารราบอเมริกัน	โดบอย
คนทรยศ	สาย
เด็กสาวบริสุทธิ์	เด็กสาวใสซื่อบริสุทธิ์
คนอกตัญญู	คนเนรคุณ	ผู้ไม่รู้คุณคน
คนไข้ใน	ผู้ป่วยใน
คนนอนไม่หลับ	คนเป็นโรคนอนไม่หลับ
ครูหญิง	อาจารย์หญิง	แม่พิมพ์
คนขายประกัน	ตัวแทนประกันชีวิต
กบฏ	ผู้ก่อกบฏ	ผู้ก่อการกบฏ
นักออกแบบตกแต่งภายใน	มัณฑนากร
ผู้บุกรุก	ผู้รุกราน
ช่างเครื่องเหล็ก	ช่างเหล็ก
อัญมณี	เพชร
คนขายเพชรพลอย	ผู้จำหน่ายอัญมณี
คนจ็อกกิ้ง	คนวิ่งจ็อกกิ้ง
ตุลาการ	ผู้พิพากษา	ศาล
จักเกลอร์	นักโยนรับสิ่งของ
นักกระโดด	นักกีฬากระโดด
นักศึกษาชั้นปีที่สาม	นักศึกษาปีสาม	เด็กปีสาม
จูเนียร์	เจอาร์
โจรลักพาตัว	โจรเรียกค่าไถ่
คนฆ่า	ผู้ฆ่า
กษัตริย์	พระมหากษัตริย์	พระราชา	พระเจ้าอยู่หัว	พระเจ้าแผ่นดิน	ราชา
ราชินี	เจ้า
ตัวพ่อ	ตัวแม่
ญาติ	ญาติพี่น้อง	ญาติโกโหติกา	พี่น้อง	วงศาคณาญาติ	เครือญาติ
คนจูบ	ผู้จุมพิต	ผู้จูบ
คนถักนิตติ้ง	คนถักไหมพรม	ช่างถักนิตติ้ง	ช่างถักไหมพรม
คนประหลาด	มนุษย์ประหลาด
กรรมกร	คนงาน	เลเบอร์	แรงงาน
ผู้นำกรรมกร	ผู้นำแรงงาน
สุภาพสตรี	เลดี้
แม่ยอดขมองอิ่ม	แม่ยอดยาหยี
หมู	แมงเม่า	แมลงเม่า
คนจุดตะเกียง	คนจุดไฟตะเกียง
ส.ต.	สิบตรี
เจ้าที่ดินหญิง	แลนด์เลดี้
เจ้าที่ดิน	แลนด์ลอร์ด
ผู้ถือครองที่ดิน	เจ้าของที่ดิน
นักจัดสวน	นักภูมิสถาปัตย์
สาวรุ่น	สาววัยรุ่น	สาวแรกรุ่น	สาวแรกแย้ม	หญิงสาววัยรุ่น
ผู้รักษากฎหมาย	เจ้าหน้าที่กฎหมาย
นักศึกษากฎหมาย	นักศึกษาวิชากฎหมาย
ทนาย	ทนายความ	นักกฎหมาย	นิติกร	หมอกฎหมาย	หมอความ
ดารานำหญิง	นักแสดงนำหญิง	นางเอก
ดารานำชาย	นักแสดงนำชาย
นักเรียน	ผู้ศึกษา	ผู้เรียน
กาฝาก	เพื่อนกิน
ทหารต่างด้าว	ทหารโรมัน
คนให้ยืมเงิน	ผู้ให้กู้	ผู้ให้ยืมเงิน	ผู้ให้สินเชื่อ
คนเป็นโรคเรื้อน	ผู้ป่วยโรคเรื้อน
คนพูดปด	คนโกหก
บณ.	บรรณารักษ์	เจ้าหน้าที่ห้องสมุด
นายร้อย	ร้อย
ร.อ.	เรือเอก
น.ต.	นาวาตรี
พล.ท.	พลโท
ร.ท.	เรือโท
นักชกรุ่นไลต์เวท	นักชกรุ่นไลต์เฮวี่เวท
กรรมการกำกับเส้น	ผู้กำกับเส้น
ผู้กำกับเส้น	ไลน์แมน
คนรู้หนังสือ	คนอ่านออกเขียนได้
คู่กรณี	คู่ความ	คู่พิพาท
นักล็อบบี้	ลอบบี้ยิสต์
นักตรรกวิทยา	นักตรรกศาสตร์
คนเฝ้ายาม	ทหารยาม
คนเสียเดิมพัน	คนแพ้พนัน	ผู้เสียพนัน	ผู้แพ้พนัน
ผู้ปราชัย	ผู้พ่ายแพ้	ผู้แพ้
คนพ่ายแพ้	คนล้มเหลว	ผู้พ่ายแพ้
คนเสียเปรียบ	ผู้เสียเปรียบ
ชายขายตัว	ผู้ชายขายตัว
คนเซ่อซ่า	คนโง่
นักจารีตนิยม	ผู้จงรักภักดี
ผู้เป็นกลาง	ผู้เป็นแสงสว่างทางปัญญา
คนบ้า	คนวิกลจริต	คนเสียจริต	ผู้วิกลจริต
คนกินข้าวเที่ยง	คนกินอาหารกลางวัน	ผู้รับประทานอาหารกลางวัน
คนเล่นลูท	นักเล่นลูท
มามี้	มาม้า	ม่าม้า	แม่
ผู้นิยมแนวคิดแมคคิเวลลิ	ผู้นิยมแนวคิดแมคคิเวลเลียน
นักเศรษฐศาสตร์มหภาค	ผู้เชียวชาญเศรษฐศาสตร์มหภาค	ผู้เชี่ยวชาญด้านเศรษฐกิจมหภาค
หญิงบ้า	หญิงวิกลจริต
พวกมาเฟีย	สมาชิกมาเฟีย
นักมายากล	นักเล่นกล
คนคุ้ยขยะ	คนเก็บขยะ
สาวใช้	หญิงรับใช้	เมด
คุณไปรษณีย์	บุรุษไปรษณีย์	พนักงานไปรษณีย์
พ.ต.	พันตรี
พล.ต.	พลตรี
คนทำงานฝีมือ	ช่าง	ช่างฝีมือ
ชายสูงศักดิ์	บุรุษชั้นสูง	บุรุษสูงศักดิ์
เด็กชาย	เด็กผู้ชาย
ลูกผู้ชาย	ลูกเพศชาย
ชาย	บุรุษ	ผู้ชาย
ชายชาตรี	ลูกผู้ชาย
นางแบบ	นางแบบแฟชั่น
คนมั่งมี	คนรวย
คนรับใช้ชาย	คนใช้ชาย
คนทำ	คนผลิต	ผู้ผลิต
ผู้นิยมลัทธิเหมา	ผู้นิยมลัทธิเหมาเจ๋อตุง
คนอ่านแผนที่	ผู้อ่านแผนที่
นักกีฬาวิ่งมาราธอน	นักวิ่งมาราธอน	นักวิ่งระยะไกล
กะลาสี	กะลาสีเรือ	ลูกเรือ
ผู้ยอมตายเพื่อความเชื่อ	ผู้ยอมสังเวยชีวิต
ผู้สนับสนุนลักธิมาร์กซ	พวกมาร์กซิส
ช่างปูน	ช่างอิฐ
ผู้เชี่ยวชาญ	มืออาชีพ
คนจบปริญญาโท	ผู้จบการศึกษาระดับปริญญาโท	ผู้จบปริญญาโท	ผู้เรียนจบปริญญาโท
กัปตัน	กัปตันเรือ	กัปตันเรือสินค้า
ผู้ดำเนินรายการ	พิธีกร	โฆษก
พ่อสื่อ	แม่สื่อ	แม่สื่อแม่ชัก
คนที่เหมาะสม	ผู้เหมาะสม
คนเห็นแก่วัตถุ	พวกวัตถุนิยม
ครูคณิตศาสตร์	ครูสอนเลข	อาจารย์คณิตศาสตร์	อาจารย์สอนเลข
พัศดีหญิง	พัศดีหญิงในเรือนจำ
ผู้ได้รับเหรียญรางวัล	ผู้ได้เหรียญรางวัล
หมอทหาร	แพทย์ทหาร
นักศึกษาแพทย์	นักเรียนแพทย์
คนทรง	ร่างทรง
สมาชิก	เมมเบอร์
สมาชิกคลับ	สมาชิกสโมสร
ช่างซ่อม	ช่างซ่อมแซม
พวกเมนเชวิก	เมนเชวิก
ผู้ค้าปลีก	ผู้ประกอบการค้าปลีก	พ่อค้า	พ่อค้าแม่ขาย	พ่อค้าแม่ค้า	แม่ค้า
คนนำสาร	คนส่งเอกสาร
ชายวัยกลางคน	ผู้ชายวัยกลางคน	หนุ่มใหญ่
ผู้นำกองทัพ	ผู้นำเหล่าทัพ	ผู้บัญชาการ	ผู้บัญชาการกองทัพ	แม่ทัพ
ฉันทนา	สาวโรงงาน
คนงาน	คนทำงานโรงงาน
กรรมกรเหมืองแร่	คนงานเหมือง	คนงานเหมืองแร่
ร.ม.ต.	รมต.	รัฐมนตรี
คนเกลียดการแต่งงาน	ผู้เกลียดการแต่งงาน
นักการศาสนา	ผู้เผยแพร่ศาสนา
ผู้เผยแพร่ศาสนา	มิสชันนารี	หมอสอนศาสนา
นายหญิง	หัวหน้าหญิง	เจ๊
กิ๊ก	ภรรยาลับ	เมียเก็บ
ลูกครึ่ง	เลือดผสม
แบบ	โมเดล
ตัวอย่าง	แบบอย่าง
วีรบุรุษ	ฮีโร่
ตัวอย่างที่ดี	แบบอย่างที่ดี
พวกโมเดิร์นนิสม์	ศิลปินแนวโมเดิร์น	ศิลปินโมเดิร์นนิสม์
ชาวมุสลิม	ผู้นับถือศาสนาอิสลาม
คนวิตถาร	คนโรคจิต	พวกโรคจิต
หญิงเสเพล	แฟนนักเลง
ผู้นิยมราชาธิปไตย	พวกนิยมเจ้า	พวกรอยัลลิสต์
คนเลวทราม	ผีสาง	มอนสเตอร์	อมนุษย์
ขอทาน	คนลักเล็กขโมยน้อย
คนงานถูพื้น	คนถูพื้น	พนักงานถูพื้น
ทารก	หนูน้อย
คู่อาฆาต	คู่แค้น	ศัตรูคู่อาฆาต
มารดา	เเม่
คุณแม่	มาเธอร์	แม่
แม่	แม่อุ๊ย	แม่เฒ่า
แม่ผัว	แม่ยาย
ลูกติดแม่	ลูกแหง่
คนขี่จักรยานยนต์	นักบิด	ผู้ขับขี่	ผู้ขับขี่ยวดยาน
นักขับ	ผู้ขับขี่ยานยนต์
นักปีนเขา	นักไต่เขา
ผู้ชี้ขาดทางศาสนาอิสลาม	มุฟตี
ครูสอนศาสนาอิสลาม	มุลลาห์
ผู้ถูกฆาตกรรม	ผู้ถูกฆ่า
ฆาตกร	นักฆ่า
คีตกวี	นักดนตรี
คนดนตรี	นักดนตรี
ครูดนตรี	ครูสอนดนตรี
คนหูหนวกเป็นใบ้	คนใบ้
คนกินเห็ด	ผู้กินเห็ด
ยาย	ย่า
คนดูแลเด็ก	คนเลี้ยงเด็ก	พี่เลี้ยง	พี่เลี้ยงเด็ก
ผู้บรรยาย	ผู้เล่า
นักชาตินิยม	พวกชาตินิยม
นักเดินทางสำรวจทะเล	นักเดินเรือ	นักเดินเรือโบราณ
นาซี	นาซีเยอรมัน
คนเย็บปักถักร้อย	ช่างเย็บปักถักร้อย
พวกนีโอคอน	พวกอนุรักษ์นิยมใหม่
ทารกแรกคลอด	ทารกแรกเกิด	เด็กแรกคลอด	เด็กแรกเกิด
นักประสาทวิทยา	ผู้เชี่ยวชาญด้านประสาทวิทยา
ศัลยแพทย์ประสาท	ศัลยแพทย์สมอง
คนเป็นโรคประสาท	ผู้ป่วยโรคประสาท
คนอ่อนประสบการณ์	คนอ่อนหัด	ผู้เข้าร่วมคนใหม่	ผู้เข้าใหม่
ชาวนิวอิงแลนด์	แยงกี้
คู่ข้าวใหม่ปลามัน	คู่ใหม่ปลามัน
ผู้ประกาศข่าว	ผู้รายงานข่าว	ผู้แถลงข่าว
คนอ่านข่าว	ผู้อ่านข่าว
คนเหนือ	ชาวภาคเหนือ	ชาวเหนือ
คนกินของว่าง	คนกินอาหารว่าง
คนอู้งาน	คนเลี่ยงงาน
นักประพันธ์นวนิยาย	นักเขียนนวนิยาย	นักเขียนนิยาย
คนเปลือย	คนเปลือยกาย
นักนิยมธรรมชาติ	ผู้เปลือยกายอาบแดด
นางพยาบาล	พยาบาล
ชี	นางชี	แม่ชี
คนพายเรือ	คนแจวเรือ	ฝีพาย
ผู้สังเกตการณ์	ผู้ให้ทัศนะ
เเพทย์ผดุงครรภ์	แพทย์ผดุงครรภ์
ชาวตะวันตก	ฝรั่ง
นางบำเรอ	สาวฮาเร็ม
กรรมการ	ผู้ชี้ขาด	ผู้ตัดสิน	ผู้ตัดสินชี้ขาด
พนักงาน	เจ้าหน้าที่
คนเติมน้ำมัน	พนักงานเติมน้ำมัน
พ่ออุ๊ย	พ่อเฒ่า
ชายชรา	พ่อเฒ่า
คนชรา	คนเฒ่าคนแก่	คนแก่	ผู้ชราภาพ	ผู้สูงวัย	ผู้สูงอายุ	ผู้อาวุโส	ผู้เฒ่า	ผู้เฒ่าผู้แก่	ไม้ใกล้ฝั่ง
คนแก่	ผู้เฒ่า
หญิงชรา	หญิงสูงวัย	หญิงสูงอายุ
นักกีฬาโอลิมปิก	ผู้แข่งขันกีฬาโอลิมปิก
คนเข้าชมโอเปร่า	ผู้เข้าชมโอเปร่า
นักร้องโอเปร่า	ผู้แสดงโอเปร่า
จักษุเเพทย์	จักษุแพทย์
คนติดฝิ่น	คนสูบฝิ่น	คนเสพฝิ่น	ผู้ติดฝิ่น	ผู้เสพฝิ่น
คู่ต่อสู้	คู่แข่ง
ช่างตัดแว่น	ช่างตัดแว่นตา	ช่างแว่นตา
ช่างประกอบแว่นตา	ผู้ชำนาญด้านสายตา
ผู้สั่งซื้อ	ผู้สั่งซื้อสินค้า	ผู้สั่งสินค้า
คนบริจาคอวัยวะ	ผู้บริจาคอวัยวะ
เด็กกำพร้า	เด็กไม่มีพ่อมีแม่	เด็กไม่มีพ่อแม่
ศัลยแพทย์กระดูก	หมอกระดูก
ม้านอกสายตา	ม้ามืด
ผู้พักค้างคืน	แขกพักค้างคืน
ผู้ครอบครอง	ผู้เป็นเจ้าของ	เจ้าของ
เจ้าของที่พักอาศัย	เจ้าของที่อยู่อาศัย	เจ้าของบ้าน
นักสันติวิธี	ผู้ยึดถือลัทธิสันติภาพ	ผู้เรียกร้องสันติภาพ
พนักงานบรรจุกล่อง	พนักงานบรรจุหีบห่อ
จิตรกร	นักวาดภาพ	นักวาดรูป
ช่างทาสี	ช่างสี
ช่างติดวอลล์เปเปอร์	ช่างวอลล์เปเปอร์
ทารกอินเดียแดง	ปาปูส
คนไข้โรคจิตพารานอยด์	ผู้ป่วยโรคพารานอยด์
ทหารพลร่ม	พลร่ม
บิดรมารดา	บิดามารดา	บุพการี	ผู้บังเกิดเกล้า	ผู้ปกครอง	พ่อแม่
ผู้เป็นหุ้นส่วน	พาร์ตเนอร์	หุ้นส่วน
คนทำงานพาร์ตไทม์	พนักงานพาร์ตไทม์	เจ้าหน้าที่พาร์ตไทม์
หัวหน้าพรรค	หัวหน้าพรรคการเมือง
ผู้ผ่านการสอบ	ผู้สอบผ่าน
คนทำขนมอบ	พ่อครัว
คนป่วย	ผู้ป่วย
นักชาตินิยม	ผู้รักชาติ
ผู้มีอุปการะคุณ	ผู้อุปการะคุณ
ช่างเขียนลาย	ช่างแกะลาย
กระยาจก	คนยากจนข้นแค้น	ยาจก
ผู้ประกอบธุรกิจรับจำนำ	เจ้าของโรงจำนำ	เจ้าของโรงรับจำนำ
ผู้จ่ายเงิน	ผู้ชำระเงิน
ตัวเล็ก	น้องเล็ก
คนงุ่มง่าม	คนชั้นต่ำ	คนเถื่อน	คนไร้การศึกษา
ผู้เร่ขาย	พ่อค้าเร่	หาบเร่	หาบเร่แผงลอย
คนข่มขืน	คนข่มขืนเด็ก
ผู้เชี่ยวชาญด้านทันตกรรมเด็ก	ผู้เชี่ยวชาญทันตกรรมสำหรับเด็ก
คนงานปอกเปลือกผักผลไม้	คนปอกเปลือก
นักทัณฑวิทยา	นักทัณฑศาสตร์
เพื่อนทางจดหมาย	เพ็นเฟรนด์
คนตีเพอร์คัสชั่น	มือเพอร์คัสชั่น
นักศิลปะการแสดง	ผู้แสดง
คนปรุงยา	ภก.	หมอยา	เภสัชกร
นักปรัชญา	นักปราชญ์	ปราชญ์
นักปรัชญา	ปราชญ์
ช่างถ่ายรูป	ช่างภาพ	ตากล้อง
คนทำเปียโน	ช่างทำเปียโน	ช่างเปียโน
ครูสอนเปียโน	ครูเปียโน
คนงานเก็บผลผลิต	คนเก็บผลผลิต
คนล้วงกระเป๋า	นักล้วงกระเป๋า	โจรล้วงกระเป๋า
นักธุดงค์	นักแสวงบุญ	ผู้จาริกแสวงบุญ	ผู้แสวงบุญ
พวกพิลกริม	พิลกริม
คนขับเครื่องบิน	น.บ.	นักบิน
คนคุมซ่อง	นักเลงคุมซ่อง	พ่อเล้า	แมงดา
นักคิดค้น	ผู้บุกเบิก	ผู้ริเริ่ม
คนสูบไปป์	ผู้สูบไปป์
ผู้ฟ้องคดี	ผู้ร้องทุกข์	โจทก์
คนวางแผน	นักวางแผน
คนปลูกต้นไม้	คนปลูกพืช
คนดูละคร	ผู้ชมละคร
ตัวทำเกม	ห้องเครื่อง	เพลย์เมกเกอร์
พ่อค่าเร่	พ่อค้าเร่
คนทำงานเฉื่อย	คนอู้งาน
คนงานไถดิน	คนงานไถพรวน	คนไถดิน
ช่างซ่อมท่อประปา	ช่างประปา
โจรปล้นสดมภ์	โจรห้าร้อย
กวี	นักกลอน	นักกวี
กวีประจำราชสำนัก	กวีราชสำนัก
คนวางยา	คนวางยาพิษ	ผู้วางยาพิษ
ตร.	ตำรวจ	นายตำรวจ	ผู้พิทักษ์สันติราษฎร์	เจ้าหน้าที่ตำรวจ
ตำรวจสาว	ตำรวจหญิง
ผู้กำหนดนโยบาย	ผู้วางนโยบาย
นักโทษการเมือง	นักโทษทางการเมือง
คนทำงานทางการเมือง	คนเล่นการเมือง	นักการเมือง	ผู้นำทางการเมือง
คนก่อปัญหาสิ่งแวดล้อม	คนก่อมลภาวะ
ขี้ขลาด	คนขี้ขลาดตาขาว
นักพูล	นักเล่นพูล	ผู้เล่นพูล
คนจน	คนยากคนจน	คนยากจน
พระสันตะปาปา	สันตะปาปา	โป๊ป
เด็กด้อยโอกาส	เด็กในภาพโปสเตอร์รับบริจาค
ศิลปินโพสต์อิมเพรสชันนิสม์	ศิลปินโพสท์อิมเพรสชันนิสม์
คนติดกัญชา	คนสูบกัญชา	ผู้สูบกัญชา
คนปั้นหม้อ	ช่างปั้นเครื่องดินเผา	ช่างปั้นเซรามิก	ช่างเครื่องปั้นดินเผา
พ่อค้าสัตว์ปีก	พ่่อค้าสัตว์ปีก
คนมีไฟ	คนไฟแรง
คนงานโรงไฟฟ้า	พนักงานการไฟฟ้า
คนชอบแกล้ง	คนที่ชอบเล่นตลก	คนหลอกลวง	ตัวตลก
นักเทศน์	ผู้เทศนา
ปธน.	ประธานาธิบดี
ประธานในที่ประชุม	ผู้นำการประชุม	หัวหน้าในที่ประชุม
ประชาสัมพันธ์	พีอาร์
เป้าหมาย	เหยื่อ
ดีลเลอร์	ผู้ซื้อขายในตลาดหุ้น
ครูใหญ่	ผู้อำนวยการโรงเรียน	อาจารย์ใหญ่
นักโทษ	ผู้ถูกคุมขัง
เชลย	เชลยศึก	เชลยสงคราม
ทหารเลว	พลทหาร
นักสืบ	นักสืบเอกชน
มาม่าซัง	แม่เล้า
คนฟุ่มเฟือย	คนสุรุ่ยสุร่าย
คนมีพรสวรรค์	ผู้มีพรสวรรค์
นักกีฬาอาชีพ	มือโปร
ศ.	ศาสตราจารย์	โปรเฟสเซอร์
นักเขียนโปรแกรม	นักเขียนโปรแกรมคอมพิวเตอร์	โปรแกรมเมอร์
ผู้ให้คำมั่นสัญญา	ผู้ให้สัญญา
คนตรวจปรู๊ฟ	นักพิสูจน์อักษร
พนักงานอัยการ	อัยการ
กะหรี่	นางกลางเมือง	นางคณิกา	นางโลม	ผู้หญิงขายตัว	ผู้หญิงหากิน	หญิงขายตัว	หญิงขายบริการ	หญิงขายบริการทางเพศ	หญิงงามเมือง	หญิงบริการ	อีตัว	โสเภณี	ไก่
กระเทยเทียม	กระเทยไม่แท้
คนเป็นโรคจิต	ผู้ป่วยโรคจิต
นักประชาสัมพันธ์	ประชาสัมพันธ์
ผู้จัดพิมพ์	ผู้พิมพ์โฆษณา
ชาวพังก์	นักดนตรีพังก์
คนเชิดหุ่น	นักเชิดหุ่น	นักเชิดหุ่นกระบอก
พวกเพียวริตัน	พิวริตัน
ผู้ค้ายาเสพติด	พ่อค้ายา	พ่อค้ายาเสพติด	เอเยนต์ค้ายาเสพติด
พระราชินี	ราชินี
ควีน	ราชินี
คนหัวดี	คนหัวไว
หนึ่งในแฝดห้า	แฝดห้า
นักบวชในศาสนายิว	แรบบาย
นักแข่ง	นักแข่งรถ
คนหัวรุนแรง	พวกหัวรุนแรง
นักรังสีวิทยา	แพทย์ผู้เชี่ยวชาญรังสีวิทยา
คนคุ้ยขยะ	คนเก็บขยะ
คนที่ใช้จ่ายสุรุ่ยสุร่าย	ผู้ชายเจ้าชู้
ราชินี	รานี
คนข่มขืน	นักข่มขืน	ผู้ข่มขืน
นักร้องเพลงแร็ป	แร็ปเปอร์
คนอ่าน	ผู้อ่าน
คนอ่าน	ผู้อ่าน
ตัวแทนขายบ้าน	นายหน้า	นายหน้าที่ดิน
พล.ร.ต.	พลเรือตรี
ผู้รับลูก	ผู้รับลูกเสิร์ฟ
พนักงานต้อนรับ	รีเซฟชั่น
นักต่อสู้เพื่อความดี	นักปฏิรูป	นักปฏิรูปสังคม
นายทะเบียน	พนักงานทะเบียน
ขาประจำ	แขกประจำ
นักบวช	สาวก
คนเก็บค่าเช่าบ้าน	ผู้เก็บค่าเช่าบ้าน
นักข่าว	ผู้สื่อข่าว	สื่อ	สื่อมวลชน
นักข่าวหญิง	ผู้สื่อข่าวหญิง
คนทำงานวิจัย	นักวิจัย
ผู้พักอาศัย	ผู้อยู่อาศัย	ผู้อาศัย
นักธุรกิจขายปลีก	พ่อค้าขายปลีก
คนเกษียณอายุ	ผู้เกษียณอายุ
นักปฏิวัติ	ผู้อภิวัฒน์
ผู้มั่งคั่ง	ผู้มีทรัพย์สิน
มหาเศรษฐี	อภิมหาเศรษฐี
คนขี่สัตว์	ผู้เดินทางด้วยสัตว์
ทหารปืนไรเฟิล	พลปืนไรเฟิล	มือไรเฟิล
พิธีกรคณะละครสัตว์	โฆษกคณะละครสัตว์
ผู้ก่อการจราจล	ผู้ก่อจราจล
คู่ต่อสู้	คู่แข่ง	ผู้ท้าชิง
คนอบย่างอาหาร	พ่อครัวทำอาหารปิ้งย่าง	พ่อครัวปิ้งย่าง
โจรจี้ชิงทรัพย์	โจรจี้ปล้น	โจรปล้นทรัพย์
นักปีนหน้าผา	นักไต่ผา
ชาวร็อค	ร็อคเกอร์
นักดนตรีร็อค	ร็อคเกอร์
คนพาล	คนสารเลว	คนโกง	คนไม่เอาถ่าน	นักเลงหัวไม้
จักรพรรดิแห่งโรมัน	จักรพรรดิโรมัน
นักจินตนิยม	ศิลปินโรแมนติก
ช่างซ่อมหลังคา	ช่างมุงหลังคา
รูมเมท	เพื่อนร่วมห้อง	เมท
คนน่ารังเกียจ	คนโง่	คนไม่เอาไหน	คนไร้ค่า
ลูกเสือชาวบ้าน	ลูกเสือสามัญรุ่นใหญ่	เสือป่า
คนวิ่ง	ผู้วิ่ง
นักกีฬาวิ่ง	นักวิ่ง	ลมกรด
โจรขโมยวัวควาย	โจรปล้นปศุสัตว์
ผู้ก่อวินาศกรรม	ผู้ก่อเหตุวินาศกรรม
ผู้บวงสรวง	ผู้เซ่นไหว้
คนทำอานม้า	ช่างทำอานม้า	ช่างอานม้า
โจรงัดตู้เซฟ	โจรเปิดตู้เซฟ
คนทำใบเรือ	ช่างทำใบเรือ	ช่างใบเรือ
นักบุญ	เซนต์
นักบุญ	เซนต์
พนักงานขายชาย	เซลส์เเมน
ตัวแทนจำหน่าย	พนักงานขาย	เซลส์
ซานตา	ซานตาคอส
คนตัณหาจัด	เพลย์บอย
คนป่าเถื่อน	คนเถื่อน	บาร์บาเรียน
คนออมเงิน	คนเก็บเงิน
คนช่วยชีวิต	ผู้ช่วยชีวิต	เจ้าหน้าที่กู้ภัย
แพะ	แพะรับบาป
คนปล่อยข่าว	คนยุแหย่
คนขี้ลืม	คนขี้หลงขี้ลืม
คนเป็นโรคจิตเภท	ผู้ป่วยโรคจิตเภท
นักวิชาการ	นักศึกษา	นักเรียน
ด.ช.	นักเรียนชาย	เด็กนักเรียนชาย
นร.	นักเรียน	เด็กนักเรียน
เพื่อนเก่า	เพื่อนโรงเรียนเก่า
ด.ญ.	นักเรียนหญิง	เด็กนักเรียนหญิง
ครูวิทยาศาสตร์	อาจารย์วิทยาศาสตร์
คนกินมูมมาม	คนตะกละตะกลาม
ผู้ทำประตู	ผู้ทำประตูชัย	ผู้ยิงประตู
คนลายมือหวัด	คนเขียนหวัด
ดาราจอเงิน	ดาราภาพยนตร์	ดาราหนัง	นักแสดงจอเงิน	นักแสดงภาพยนตร์
นักเขียนบทภาพยนตร์	ໍนักเขียนบทภาพยนตร์
ช่างแกะสลัก	ประติมากร
ราชาโจรสลัด	ราชาโจรสลัดไวกิ้ง
คนงานตามฤดูกาล	แรงงานตามฤดูกาล
ร.ท.	ร้อยโท
เจ้าหน้าที่เลขานุการ	เลขา	เลขานุการ
หัวหน้าฝ่ายรักษาความปลอดภัย	หัวหน้าแผนกรักษาความปลอดภัย
ดาวยูเรนัส	นักกีฬาดาวรุ่ง	นักกีฬาดีเด่น
นักเเสวงหา	ผู้ค้นหา
คนดู	ผู้ชม
คนขาย	คนขายของ	ผู้ขาย
ผู้เข้ารอบรองชนะเลิศ	ผู้เข้ารอบเซมิไฟนอล
ผู้รับข้อความ	ผู้รับแมสเซจ
ผู้ส่ง	ผู้ส่งข้อความ	ผู้ส่งแมสเซจ
นักศึกษาปีสุดท้าย	นิสิตปีสุดท้าย
รองประธานระดับอาวุโส	รองประธานอาวุโส
ส.อ.	สิบเอก
ฆาตกรต่อเนื่อง	ฆาตกรโรคจิต
คนรับใช้	คนใช้	เด็กรับใช้
คนรับใช้หญิง	คนใช้หญิง	หญิงรับใช้
ผู้เสิร์ฟ	ผู้เสิร์ฟลูก
ทหาร	ทหารกองประจำการ	ทหารชาย	ทหารประจำกองทัพ
ชาวอาณานิคม	ผู้ตั้งรกราก	ผู้อพยพ
คนเย็บผ้า	ช่างเย็บผ้า
คนเย็บจักร	ช่างเย็บจักร
ดาวยั่ว	นางแบบวาบหวิว	เซ็กซ์บอมบ์
ผู้กระทำความผิดทางเพศ	ผู้ต้องโทษคดีทางเพศ	อาชญากรทางเพศ
ดาวยั่ว	ดาวโป๊	เซ็กซิมโบล
พระเจ้าชาร์	พระเจ้าชาร์แห่งอิหร่าน
นอ.	นายอำเภอ
คนปูกระเบื้องหลังคา	คนมุงกระเบื้องหลังคา
บริษัทต่อเรือ	ผู้ผลิตเรือ
คนตัดเสื้อเชิ้ต	ช่างตัดเสื้อเชิ้ต
ผู้ทำประตู	ผู้ยิงประตู
คนทอดลูกเต๋า	คนทอยลูกเต๋า
ผู้จัดการร้าน	เจ้าของร้าน
คนซื้อของ	นักช็อป
คนยิงปืน	ผู้ยิงปืน
คนสับไพ่	ผู้สับไพ่
ฝาแฝดอินจัน	เเฝดสยาม
คนป่วย	คนเจ็บไข้ได้ป่วย	คนเป็นโรค	คนไข้	คนไม่สบาย	ผู้ป่วย	ผู้เป็นโรค
ผู้เที่ยวชม	ผู้เยี่ยมชม
คนให้สัญญาณ	ผู้ให้สัญญาณ
ชาวซิกข์	ผู้นับถือศาสนาซิกข์
ช่างเครื่องเงิน	ช่างเงิน
คนไม่มีสติปัญญา	คนไร้สติปัญญา
นักร้อง	ผู้ขับร้อง
นางไซเรน	ไซเรน
น้องสาว	พี่สาว
คนขี้ลังเล	คนลังเล
น้องสะใภ้	พี่สะใภ้
ผู้คิดสงสัย	ผู้สงสัย
แรงงานฝีมือ	แรงงานมีฝีมือ
นักดำน้ำ	นักประดาน้ำ
คนลอกหนังสัตว์	ช่างลอกหนังสัตว์
คนเรียนซ้ำชั้น	นักเรียนซ้ำชั้น	เด็กเรียนซ้ำชั้น
หญิงสกปรกเกียจคร้าน	หญิงสำส่อน
ขี้ข้า	ข้าทาส	ข้าเก่าเต่าเลี้ยง	ทาส
กรรมกร	ทาส
คนคุมทาส	คนบังคับทาส
นายทาส	เจ้าของทาส
คนนอนหลับ	คนหลับ
คนเดินละเมอ	ผู้เดินละเมอ
นักสืบ	นักสืบแกะรอย
คนขายเสื้อผ้า	คนขายเสื้อผ้าราคาถูก
คนสวย	ความมีเสน่ห์	สาวงาม
คนตีเหล็ก	ช่างโลหะ
คนสูบ	คนสูบยา	ผู้สูบ
คนขายของหนีภาษี	ผู้ค้าของหนีภาษี	ผู้ค้าของเถื่อน
พรานทำบ่วงแร้ว	พรานวางกับดัก
พวกฉกชิงวิ่งราว	โจรวิ่งราว	โจรวิ่งราวทรัพย์
ตีนแมว	โจรย่องเบา
พลซุ่มยิง	พลแม่นปืน	สไนเปอร์
คนสูด	ผู้สูด
ขุนพลนักเตะ	ขุนพลแข้ง	นักกีฬาฟุตบอล	นักฟุตบอล	นักเตะ
นักมานุษยวิทยาวัฒนธรรม	นักมานุษยวิทยาสังคม
ฝ่ายซ้าย	พวกปีกซ้าย
นักวิจัยทางสังคมศาสตร์	นักวิทยาศาสตร์สังคม	นักสังคมศาสตร์
คนพักแรม	ผู้อยู่อาศัยชั่วคราว
ทหาร	ทหารหาญ	พลทหาร	รั้วของชาติ
บริกรเสิร์ฟไวน์	พนักงานเสิร์ฟไวน์
คนที่ละเมอพูด	คนพูดละเมอ	ผู้พูดละเมอ
กุลบุตร	บุตรชาย	พระโอรส	ราชบุตร	ราชโอรส	ลูกชาย	โอรส
คนร้องเพลง	ผู้ร้องเพลง
ลูกเขย	เขย
นักศึกษาชั้นปีที่สอง	นักศึกษาปีสอง	เด็กปีสอง
จอมขมังเวทย์	ผู้วิเศษ	พ่อมด	หมอผี
จอห์นนี่	รีเบล
ประมุข	พระประมุข
ผู้ส่งจดหมายขยะ	ผู้ส่งสแปม
คนพูด	ผู้พูด
ผู้ชำนาญการพิเศษ	ผู้เชี่ยวชาญ
คนดู	ผู้ชม
คนขับรถเร็ว	ตีนผี
คนสะกดคำ	นักสะกดคำ	ผู้สะกดคำ
ผู้จับจ่าย	ผู้จับจ่ายใช้สอย	ผู้ใช้จ่าย
ผู้ใช้เงินมือเติบ	ผู้ใช้เงินสุรุ่ยสุร่าย
คนปั่นฝ้าย	ช่างปั่นด้าย	ช่างปั่นฝ้าย
สาวขึ้นคาน	สาวทึนทึก	สาวแก่
คนถุยน้ำลาย	คนถ่มน้ำลาย	คนบ้วนน้ำลาย	ผู้ถ่มน้ำลาย	ผู้บ้วนน้ำลาย
คนเล่นพนันกีฬา	นักพนันกีฬา
คู่	คู่ครอง	คู่ชีวิต	คู่ผัวตัวเมีย	คู่สามมีภรรยา
สปาย	สายลับ
นักสืบ	สปาย	สายสืบ
คนซื่อตรง	คนซื่อสัตย์
เด็กดูแลม้า	เด็กเลี้ยงม้า
คนติดอ่าง	คนพูดติดอ่าง
คนเดินกระแทกเท้า	คนเดินเท้าหนัก
ตัวสำรอง	ตัวแสดงแทน	สแตนด์อิน
ดารานำ	ตัวเอก	นักแสดงนำ
คนจ้องมอง	ผู้จ้องมอง
กรรมการให้สัญญาณ	ผู้ให้สัญญาณการแข่งขัน
คนอดอยาก	ผู้หิวโหย
อัยการของรัฐ	อัยการประจำรัฐ	อัยการมลรัฐ
คนขายเครื่องเขียน	คนขายเครื่องใช้สำนักงาน
นักคำนวนค่าสถิติ	นักสถิติ
นักคณิตศาสตร์สถิติ	นักสถิติ
ช่างทำเครื่องเหล็ก	ช่างเหล็ก
ลูกติด	ลูกเลี้ยง
กรรมกรท่าเรือ	คนงานท่าเรือ
พนักงานต้อนรับบนเครื่องบิน	สจ๊วต
พนักงานต้อนรับบนเครื่องบิน	แอร์โฮสเตส
นักซื้อขายหุ้น	นักลงทุน	เทรดเดอร์
พวกสโตอิก	สโตอิก
คนขี้จุ๊	คนพูดโกหก
ตัวรับมุข	ลูกคู่ตัวตลก
คนต่างถิ่น	คนต่างเมือง	คนแปลกหน้า
ผู้ช่วย	ผู้ช่วยหัวหน้า
คนวิ่งเปลือย	คนแก้ผ้าวิ่ง
คนกวาดถนน	พนักงานกวาดถนน
เด็กจรจัด	เด็กเร่ร่อน
ผู้นำการประท้วยหยุดงาน	แกนนำผู้ประท้วงหยุดงาน	แกนนำสไตรก์
คนที่หยุดงานประท้วง	คนหยุดงานประท้วง
นักเต้นระบำเปลื้องผ้า	นักเต้นระบำโป๊
นร.	นศ.	นักศึกษา	นักเรียน	นิสิต	นิสิตนักศึกษา
ตัวแสดงแทน	นักแสดงแทน	นักแสดงแทนหญิง	สตั๊นแมน
คนสมองทึบ	คนโง่
คนให้เงินสนับสนุน	ผู้ให้เงินสนับสนุน
ตัวสำรอง	นักกีฬาตัวสำรอง	ผู้เล่นสำรอง
คนลบเลข	ผู้ลบเลข
คนดูด	ผู้ดูด
สตรีที่เรียกร้องสิทธิเลือกตั้ง	สตรีผู้เรียกร้องสิทธิทางการเมือง
คนฆ่าตัวตาย	ผู้ฆ่าตัวตาย	ผู้ทำอัตวินิบาตกรรม
มือระเบิดฆ่าตัวตาย	มือระเบิดพลีชีพ
ซูเปอร์โมเดล	นางแบบชั้นนำ
ดาราประกอบฉาก	ตัวประกอบฉาก	ตัวแสดงประกอบฉาก
ซัปพลายเออร์	ผู้จัดหาสินค้า
ผู้สนับสนุน	ผู้หนุนหลัง	ผู้ให้การสนับสนุน
นักเล่นเซิร์ฟบอร์ด	นักโต้คลื่น
ศัลยแพทย์	หมอผ่าตัด
จิตรกรแนวเหนือจริง	พวกเซอร์เรียลิสม์	ศิลปินเซอร์เรียลลิสม์
คนแพ้	ผู้พ่ายแพ้	ผู้แพ้
คนจรจัด	คนพเนจร
คนพิเศษ	หวานใจ
ฉลาม	นักกีฬาว่ายน้ำ	นักว่ายน้ำ	เงือก
คนประจบสอพลอ	คนสอพลอ
นางไม้	รุกขเทวดา	เจ้าที่เจ้าทาง
พวกสัญลักษณ์นิยม	ศิลปินสัญลักษณ์นิยม
คนเป็นซิฟิลิส	คนเป็นหนองใน	คนเป็นโรคซิฟิลิส	ผู้ป่วยโรคซิฟิลิส
ผู้ดูแลระบบ	เจ้าหน้าที่ดูแลระบบคอมพิวเตอร์	เจ้าหน้าที่บริหารระบบ
ผู้ร่วมรับประทานอาหาร	ผู้ร่วมโต๊ะ
นักกลยุทธ์	นักวางกลยุทธ์	นักวางแผนกลยุทธ์
คนลอบติดตาม	ผู้ลอบติดตาม
คนชอบขับจ่อท้าย	คนชอบขับรถจ่อท้าย
คนตัดเสื้อ	ช่างตัดเสื้อ	ช่างเสื้อ
พลขับรถถัง	พลรถถัง
คนฟอกหนัง	ช่างฟอกหนัง
คนดักฟังโทรศัพท์	ผู้ดักฟังโทรศัพท์
ทาร์ซาน	เจ้าป่า
คนปากพล่อย	คนปากเปราะ	คนปากโป้ง
คนสตาฟสัตว์	ช่างสตาฟ
คนขับรถเท็กซี่	คนขับแท็กซี่
คนเสียภาษี	ผู้เสียภาษี
ครู	ครูบาอาจารย์	ผู้สอน	ผู้ให้ความรู้	อ.	อาจารย์
เพื่อนร่วมงาน	เพื่อนร่วมทีม
คนขับรถบรรทุก	คนขับรถสิบล้อ	สิงห์รถบรรทุก
ช่างเทคนิค	เทคนิเชียน
ช่าง	ช่างเทคนิก	เทคนิเชี่ยน
ขุนนางนักวิชาการ	เทคโนแครต
คนบ้าเทคโนโลยี	ผู้คลั่งไคล้เทคโนโลยี
ผู้รายงานข่าวสถานนีโทรทัศน์	ผู้สื่อข่าวสถานนีโทรทัศน์	ผู้สื่อข่าวโทรทัศน์
ดาราจอแก้ว	ดาราโทรทัศน์	นักแสดงจอแก้ว	นักแสดงละครโทรทัศน์	นักแสดงโทรทัศน์
ชาวโลก	ผู้อยู่บนโลก	มนุษย์โลก
คนเช่า	ผู้จ่ายค่าเช่า	ผู้เช่า
ลูกนา	เกษตรกรผู้เช่าไร่นา
นักกีฬาเทนนิส	นักหวดลูกสักหลาด	นักเทนนิส
คนทำเต็นท์	ช่างทำเต็นท์	ช่างเต็นท์
เด็กสารเลว	เด็กเลว
ผู้สอบ	ผู้เข้าสอบ
ทารกหลอดแก้ว	เด็กหลอดแก้ว
นักวิชาการเทววิทยา	นักเทววิทยา	ผู้ศึกษาเทววิทยา
นักบำบัด	อายุรแพทย์
ขี้ขโมย	ขโมย	ขโมยขโจร	คนขี้ขโมย	คนลักขโมย	หัวขโมย	โจรลักขโมย
คนเก็บตั๋ว	พนักงานเก็บตั๋ว
ผู้กำกับเวลา	ผู้จับเวลา
คนเก็บค่าทางด่วน	พนักงานเก็บค่าทางด่วน
คนตีระฆังโบสถ์	คนลั่นระฆังโบสถ์
ทอม	ทอมบอย
ช่างซ่อมเครื่องมือ	ช่างประดิษฐ์เครื่องมือ
ผู้นำการต่อสู้	ผู้นำการรณรงค์	ผู้นำการเคลื่อนไหว
คนพิมพ์ดีดสัมผัส	ผู้พิมพ์ดีดสัมผัส
ไกด์ทัวร์	ไกด์นำเที่ยว
คนมาเที่ยว	ทัวริสต์	นักท่องเที่ยว
นักแกะรอย	ผู้ตามรอย
นักวิ่งดาวรุ่ง	ลมกรดดาวรุ่ง
ตจร.	ตำรวจจราจร
ดีลเลอร์	เอเยนต์
ครูฝึก	ผู้ฝึกสอน	เทรนเนอร์	โค้ช
พนักงานรถไฟ	เจ้าหน้าที่การรถไฟ	เจ้าหน้าที่รถไฟ
คนขายชาติ	คนทรยศ	คนทรยศชาติ	ผู้ทรยศ
หญิงขายชาติ	หญิงทรยศ
คนถอดเทป	คนถอดเทปบันทึกเสียง	คนถอดเทปเสียง
ผู้ถ่ายถอดเสียง	ผู้เขียนสัทอักษร
ผู้ถ่ายถอดอักษร	ผู้ปริวรรตอักษร
คนดักสัตว์	คนวางกับดัก
ผู้จัดทัวร์	ผู้จัดทัวร์ท่องเที่ยว
เจ้าหน้าที่การเงิน	เหรัญญิก
นักพฤกษศาสตร์	นักศัลยกรรมต้นไม้
ผู้นำเทรนด์	ผู้นำเทรนด์แฟชั่น
คนหยิบโหย่ง	คนไม่ทำงานจริงจัง
คนเป่าทรอมโบน	นักเป่าทรอมโบน
คนก่อปัญหา	คนก่อเรื่อง	ตัวก่อกวน	ตัวปัญหา
ช่างจูนเปียโน	ช่างตั้งสายเปียโน
พรานล่าเต่า	พรานเต่า
นักเรียนกวดวิชา	นักเรียนติว
คู่แฝด	ฝาแฝด	แฝด
คนพิมพ์ดีด	พนักงานพิมพ์ดีด
ทรราช	ผู้มีอำนาจเด็ดขาด
กรรมการเบสบอล	ผู้ตัดสินเบสบอล
นักศึกษาปริญญาตรี	นักศึกษาระดับปริญญาตรี	นิสิตปริญญาตรี
คนขายของถูก	ผู้ขายสินค้าราคาถูก
ตัวแสดงแทน	นักแสดงแทน
คนตกงาน	คนว่างงาน
ม้ามีเขา	ม้ายูนิคอร์น	ยูนิคอร์น
ผู้หญิงโสด	สาวโสด	หญิงโสด
ช่างทำเบาะ	ช่างเบาะ
เจ้าหนี้	เจ้าหนี้หน้าเลือด
ภริยา	อ็อกซอร์
ผัวที่ฆ่าเมีย	สามีที่ฆาตกรรมภรรยา
ผู้ฉีดวัคซีน	ผู้รับวัคซีน
คนจรจัด	คนพเนจร	คนเร่รอน	คนเร่ร่อน
คนทำลายทรัพย์สินทางราชการ	ผู้ทำลายทรัพย์สินทางราชการ
ผู้สาบสูญ	ผู้สูญหาย
นักกระโดดค้ำถ่อ	นักกีฬากระโดดค้ำถ่อ
คนกินผัก	คนกินผักผลไม้	นักมังสวิรัติ
กาฝากสังคม	คนเหลวไหล
คนสำคัญ	คนใหญ่คนโต	บุคคลระดับวีไอพี	ผู้มียศถาบรรดาศักดิ์
สัตวแพทย์	หมอรักษาสัตว์	หมอสัตว์
พล.ร.ท.	พลเรือโท
ผู้ประสบภัย	เหยื่อ
ผู้รับเคราะห์	ผู้เคราะห์ร้าย	เหยื่อ
ผู้ทำให้คนอื่นตกเป็นเหยื่อ	ผู้ทำให้คนอื่นรับเคราะห์
นักสู้ผู้ชนะ	ผู้ชนะ
คนในหมู่บ้าน	ชาวบ้าน
ตัวร้าย	ตัวโกง	ผู้ร้าย
คนงานเก็บองุ่น	คนเก็บองุ่น
คนทำไวน์	ผู้ผลิตไวน์
ผู้ละเมิดกฎหมาย	ผู้ไม่เคารพกฎหมาย
นักไวโอลิน	มือสีไวโอลิน	มือไวโอลิน
คนทำไวโอลิน	ช่างทำไวโอลิน	ช่างไวโอลิน
หญิงสาวบริสุทธิ์	หญิงสาวพรหมจรรย์
นักดนตรีอัจฉริยะ	ยอดนักดนตรี
ผู้มองเห็น	ผู้มีวิสัยทัศน์
ผู้มาเยี่ยม	ผู้มาเยือน	อาคันตุกะ
วิเซียร์	เสนาบดี
นักกีฬาวอลเลย์	นักกีฬาวอลเลย์บอล	นักตบลูกยาง	นักวอลเลย์บอล
จิตอาสา	พนักงานอาสา	พนักงานอาสาสมัคร	อส.	อาสาสมัคร
ทหารอาสาสมัคร	พลทหารอาสาสมัคร
คนอาเจียน	คนอ้วก	ผู้อาเจียน
ผู้ออกเสียงเลือกตั้ง	ผู้เลือกตั้ง	ผู้ใช้สิทธิ
คนถ้ำมอง	ถ้ำมอง	พวกถ้ำมอง
เด็กขอทาน	เด็กข้างถนน	เด็กเร่ร่อน	เด็กไร้บ้าน
บ๋อย	พนักงานเสิร์ฟ	เด็กเสิร์ฟ
บริกรหญิง	พนักงานเสิร์ฟหญิง
คนทึ่ม	เจ้าทึ่ม
นักเต้นจังหวะวอลซ์	นักเต้นวอลซ์
ผู้ต้องการ	ผู้มีความประสงค์
ผู้คุม	ผู้คุมนักโทษ	พัศดี	พัศดีเรือนจำ
ผู้คุม	พัศดี
ผู้คุมหญิง	พัศดีหญิง
ผู้เตือนภัย	ผู้แจ้งเตือน
นักรบ	ผู้ทำสงคราม
คนเฝ้าไข้	ผู้เฝ้าไข้
คนซ่อมนาฬิกา	ช่างซ่อมนาฬิกา	ช่างนาฬิกา
พนักงานรักษาความปลอดภัย	ยาม	รปภ.
ศิลปินสีน้ำ	ศิลปินสีำน้ำ
คนงานรดน้ำ	คนรดน้ำ
คนทอผ้า	ช่างทอผ้า
คนทำเว็บ	คนทำเว็บไซต์	ผู้ดูแลเว็บไซต์	เว็บมาสเตอร์
ผู้ร่วมพิธี	แขกงานแต่งงาน	แขกในงานแต่งงาน
คนกำจัดวัชพืช	คนงานกำจัดวัชพืช	ผู้กำจัดวัชพืช
นักกีฬายกน้ำหนัก	นักยกน้ำหนัก	นักยกลูกเหล็ก
คนภาคตะวันตก	ชาวภาคตะวันออก
คนล่าปลาวาฬ	นักล่าปลาวาฬ	ผู้ล่าปลาวาฬ
คนขี้บ่น	คนขี้แย
บาทหลวงผู้ใส่ชุดสีดำ	พระนิกายโดมินิกัน
บาทหลวงนิกายฟรานซิสกัน	บาทหลวงนิืกายฟรานซิสกัน
พ่อเล้า	แมงดา	แม่เล้า
คนซื้อบริการทางเพศ	คนเที่ยว	คนเที่ยวผู้หญิง	คนเที่ยวหญิง	ผู้ซื้อบริการทางเพศ	แขก
ผู้เชื่อแม่มด	ผู้เชื่อแม่มดหมอผี
หญิงหม้าย	แม่ร้าง	แม่หม้าย
ภรรยา	ภริยา	เมีย	แม่บ้าน
คนทำวิกผม	ช่างทำวิก	ช่างทำวิกผม	ช่างวิกผม
คนดง	คนป่า
ปีก	ผู้เล่นตำแหน่งปีก
ปีก	ปีกหลัง	วิงแบ็ก
ปีก	ผู้เล่นตำแหน่งปีก
คนชนะพนัน	ผู้ชนะการพนัน	ผู้ชนะพนัน
ผู้ชนะ	ผู้ชนะการแข่งขัน	ผู้ได้รับชัยชนะ	เดอะวินเนอร์
คนทำความสะอาดหน้าต่าง	พนักงานทำความสะอาดหน้าต่าง
คนขยิบตา	ผู้ขยิบตา
คนถู	คนเช็ด	คนเช็ดถู
คนส่งโทรเลข	ผู้ส่งโทรเลข
คนรู้มาก	คนอวดรู้
ผู้อยู่ในเหตุการณ์	ผู้เห็นเหตุการณ์	พยาน
ลูกหมาป่า	เมาคลี
นารี	ผู้หญิง	สตรี	อิตถี	อิสตรี
คนเจ้าชู้	คนเจ้าชู้ประตูดิน	คนเจ้าชู้ไก่แจ้	ชายเจ้าชู้	พ่อปลาไหล
ผู้หญิงมหัศจรรย์	ผู้หญิงเหล็ก	ผู้หญิงแกร่ง	ผู้หญิงแถวหน้า	หญิงเหล็ก	หญิงแกร่ง
ช่างสลักไม้	ช่างแกะไม้
ลูกจ้างหญิง	สาวลูกจ้าง
คนงาน	คนทำงาน	ผู้ใช้แรงงาน
คนร่วมงาน	เพื่อนร่วมงาน
ปุถุชน	ปุถุชนคนธรรมดา	มนุษย์ปุถุชน
คนขี้กังวล	คนวิตกจริต
นักประพันธ์	นักเขียน	ผู้รจนา	ผู้แต่ง	ผู้แต่งหนังสือ
คนเขียน	ผู้เขียน
คนตีไซโลโฟน	มือไซโลโฟน
พวกยากูซ่า	ยากูซ่า	สมาชิกยากูซ่า
คนภาคเหนือ	แยงกี้
หญิงปากมาก	หญิงพูดมาก
ชายหนุ่ม	วัยโจ๋	หนุ่ม	หนุ่มวัยทีน	หนุ่มวัยรุ่น	หนุ่มวัยโจ๋	เด็กหนุ่ม	โจ๋
หนุ่ม	หนุ่มน้อย	เด็กหนุ่ม
เทพซอมบี้	เทพเจ้างู
นางอะกริปปินา	อะกริปปินา
พระเจ้าอัลเฟรด	พระเจ้าอัลเฟรดมหาราช
นักบุญเเอนดรูว์	เซนต์เเอนดรูว์
นักบุญแอนเซลม	นักบุญแอนแซลม
พระเจ้าแอนติโกนัส	พระเจ้าแอนติโกนัสมหาราช
อไควนัส	เซนต์โทมัส
กษัตริย์อาร์เธอร์	พระเจ้าอาร์เธอร์
นักบุญออกัสติน	ออกัสติน	เซนต์ออกัสติน
กัปตันบ๊อบ	บาร์ตเล็ต
นักบุญบีด	เซนต์บีด
เบลลาร์มิโน	เบลลาร์ไมน์
นักบุญเบเนดิกต์	เซนต์เบเนดิกต์	เบเนดิกต์
บอสเวลล์	เจมส์บอสเวลล์
เซนต์บริจิด	เซนต์บริด	เซนต์บริดเจต	เซนท์บริดเจท
บริตเตน	ลอร์ดบริตเตนแห่งอัลเดอเบิร์ก
บรูโน	บูรโน
นักบุญบรูโน	บรูโน	เซนต์บรูโน
บูชานัน	ประธานาธิบดีบูชานัน
บุช	ประธานาธิบดีบุช
กายุส	จักรพรรดิคาลิกูลา
คาราวัจโจ	มิเคลันเจโล
พระนางเจ้าแคเธอรีนมหาราช	พระราชินีแคทเธอรีน
พระนางเจ้าแคเธอรีนแห่งอารากอน	แคทเธอรีน
พระเจ้าชาร์ลส์	พระเจ้าชาร์ลส์มหาราช	พระเจ้าชาร์เลอมาญ
เจ้าชายชาร์ลส์	เจ้าฟ้าชายชาร์ลส์
คลีฟแลนด์	ประธานาธิบดีคลีฟแลนด์
จักรพรรดิคอนสแตนติน	พระเจ้าคอนสแตนตินมหาราช
คอร์โดบา	คอร์โดวา
กอร์เตส	คอร์เตส
นักบุญเดวิด	เซนต์เดวิด	เดวิด
ดาวิส	เดวี่ย์
ดีลิลา	ดีลิลาห์
ดิวอี้	พลเรือเอกดิวอี้
เจ้าหญิงแห่งเวลส์	ไดอานา
ดอมินิก	นักบุญดอมินิก	เซนต์ดอมินิก
ดยุคแห่งวินด์เซอร์	พระเจ้าเอ็ดเวิร์ด
ประธานาธิบดีไอเซนฮาวร์	ไอเซนฮาวร์
เอนดิคอตต์	เอนเดอคอตต์
ดอกเตอร์เจ	เออร์วิง
ยูจีน	เจ้าชายยูจีนแห่งซาวอย
ประธานาธิบดีฟิลมอร์	ฟิลล์มอร์
ประธานาธิบดีฟอร์ด	ฟอร์ด
นายพลฟรังโก	ฟรังโก
เซอร์กาลาฮัด	เซอร์กาลาฮาด	เซอร์กาลาแฮด
คานธี	มหาตมะคานธี
คานธี	นางคานธี
การ์ฟีลด์	ประธานาธิบดีการ์ฟิลด์
เจงกิสข่าน	เตมูจิน
จอร์จ	เซนต์จอร์จ
เลดี้โกไดวา	โกไดวา
ประธานาธิบดีแกรนต์	แกรนต์
พระสันตะปาปาเกรกอรี	เกรกอรี
พระสันตะปาปาเกรกอรี	เกรกอรี
พระสันตะปาปาเกรกอรี	เกรกอรี
พระสันตะปาปาเกรกอรี	เกรกอรี
พระสันตะปาปาเกรกอรี	เกรกอรี
นางกุยนิเวียร์	พระราชินีกุยนิเวียร์
จักรพรรดิเฮเดรียน	แอเดรียน
ประธานาธิบดีแฮร์ริสัน	แฮร์ริสัน
ประธานาธิบดีแฮร์ริสัน	แฮร์ริสัน
ประธานธิบดีเฮย์	เฮย์ส
เฮรอน	เฮรอนแห่งอเล็กซานเดรีย	เฮโร
พระเจ้าเฮรอด	พระเจ้าเฮรอดมหาราช
ประธานาธิบดีฮูเวอร์	ฮูเวอร์
ฮัส	ฮัสส์
เจมส์	เซนต์เจมส์
เซนต์โจน	โจนออฟอาร์ก
ประธานาธิบดีเจฟเฟอร์สัน	เจฟเฟอร์สัน
กษัตริย์เจโรโบแอม	เจโรโบแอม
นักบุญเจอโรม	เจอโรม	เซนต์เจอโรม
จีซัส	พระเยซูคริสต์
นักบุญจอห์น	เซนต์จอห์น
จอห์นสัน	ประธานาธิบดีจอห์นสัน
จอห์นสัน	ประธานาธิบดีจอนห์สัน
จูดัส	จูดาส
จักรพรรดิจัสติเนียน	มหาจักรพรรดิจัสติเนียน
กษัตริย์กาเมฮาเมฮา	กาเมฮาเมฮา	พระเจ้ากาเมฮาเมฮามหาราช
กัปตันคิดด์	คิดด์
ลานซล็อต	เซอร์ลานซล็อต
ลอว์เรนซ์	ลอว์เรนซ์แห่งอาระเบีย
ลอว์เรนซ์	เซนต์ลอว์เรนซ์
ประธานาธิบดีลิงคอล์น	ลิงคอล์น
บารอนลิสเตอร์	ลิสเตอร์
ลูคัลลัส	ลูซูลลัส
ลุค	เซนต์ลุค
มาเคาเลย์	ลอร์ดมาเคาเลย์
ประธานาธิบดีเมดิสัน	แมดิสัน
มาดามเดอเมนเทนอน	เมนเทนอน
แมนเดลชตัม	แมนเดลสตัม
มารินี	มาริโน
มาร์ค	เซนต์มาร์ค
มาร์เชียล	มาเชียล
นักบุญมาติน	มาร์ติน	เซนต์มาร์ติน
ชิโก	มาร์กซ์
พระแม่มาเรีย	มาดอนน่า	แมรี่
เซนต์เเมทธิว	เซนต์แมตทิว	เซนต์แมตธิว	เซนต์แมทธิว	เลวี
เฮอร์คูเลียส	แมกซิเมียน
ประธานนาธิบดีแม็กคินลีย์	แม็กคินลีย์
เมนเดลีฟ	เมนเดเลเยฟ
เมตช์นิคอฟ	เมตช์นิคอฟฟ์
มินุต	มินเนวิต
พระเจ้ามิทริเดเตส	พระเจ้ามิทริเดเตสมหาราช
มิตเตอร์รองด์	มิตเตอร์แรนด์
ประธานาธิบดีมอนโร	มอนโร
มองต์ฟอร์ต	เอิร์ลแห่งเลย์เซสเตอร์
มอสซอรก์สกี	มุสซอรก์สกี
คุรุนานัก	นานัก
นาเอมิ	นาโอมิ
พระเจ้านโปเลียน	โบนาปาร์ต
คาร์ลอส	ซานเชส	ซาลิม
ลอร์ดเนลสัน	เนลสัน
เนรูดา	เรเยส
สตรีผู้ถือตะเกียง	ไนติงเกล
นาวิกโยธินนิมิตซ์	นิมิตซ์
นิกสัน	ประธานาธิบดีนิกสัน
โอดอวาการ์	โอโดเซอร์
บารอนโอลิเวียร์แห่งเบิร์กตัน	โอลิเวียร์
ปาสเตอร์	พาสเตอร์
เซนต์แพทริก	แพทริค
เซนต์ปอล	เซนต์พอล
เปตราก	เปตรากา
ฟิเดียส	เฟเดียส
ดยุคแห่งเอดินเบิร์ก	เจ้าชายฟิลิป
ฟินเทียส	ฟีเทียส
ประธานาธิบดีเพียร์ซ	เพียร์ซ
ประธานาธิบดีโพก	โพก
เซนต์โพลีคาร์พ	โพลีคาร์พ
พระเจ้ารามเซสมหาราช	พระเจ้าราเมสเซส	พระเจ้าราเมสเซสมหาราช	พระเจ้าราเมเซสมหาราช
รอลฟ์	รอลโล
ประธานาธิบดีรูสเวลต์	รูสเวลต์
รอสซินี	โรสซินิ
รูเพิร์ต	เจ้าชายรูเพิร์ต
ซาโลมอน	โซโลมอน
เซลเครก	เซลเคิร์ก
เซอร์กิน	เซอร์คิน
เชอร์แมน	โรเจอร์เชอร์แมน
ซิมป์สัน	นางซิมป์สัน
มาดามเดอสเตล	สเตล
สตาร์	สตาร์คีย์
สไตน์เบิร์ก	สไตน์แบร์ก
สเวนสัน	สแวนสัน
สวีดเบิร์ก	สวีเดนเบิร์ก
ประธานาธิบดีแทฟต์	แทฟต์
ตามเบอร์เลน	ตาเมอร์เลน	ติเมอร์
ทาร์ควิน	ทาร์ควินเนียส
ประธานาธิบดีเทย์เลอร์	เทย์เลอร์
ทีช	ไอ้เคราดำ
เทคัมธา	เทคัมเซห์
เซนต์เทเรซ่าแห่งอะวิลา	เทเรซ่าแห่งอะวิลา
เทเลส	เทเลสแห่งมิเลตัส
พระเจ้าทิวดอเซียส	พระเจ้าทิวดอเซียสมหาราช
ทอดด์	ลอร์ดทอดด์
ซูเปอร์แมกซ์	เทรวิโน
ทรูแมน	ประธานาธิบดีทรูแมน
ทัสเซาด์	มาดามทัสเซาด์
ประธานาธิบดีไทเลอร์	ไทเลอร์
ทินดอล	ทินเดล	ไทน์เดล
บิชอปวัลฟิลา	บิชอปอัลฟิลัส	บิชอปอัลฟิลา	วัลฟิลา	อัลฟิลัส	อัลฟิลา
โอโด	โอโดแห่งลาเกรี่	โอโธ	โอโธแห่งลาเกรี่
เวอร์ราซซาโน	เวอร์ราซาโน
วิตุส	เซนต์วิตุส
บาร์บาร่าวาร์ด	บาโรเนสแจ็คสันแห่งลอดสเวิร์ธ	วาร์ด
ประธานาธิบดีวอชิงตัน	วอชิงตัน
ดยุกที่หนึ่งแห่งเวลลิงตัน	ดยุกแห่งเวลลิงตัน
เวอร์นิค	เวอร์นิคเก
ประธานาธิบดีวิลสัน	วิลสัน
ไวแอต	ไวแอตต์
วิลเลี่ยมแห่งไวก์แฮม	ไวก์แฮม
ซาฮาเรียส	ดิดริคสัน
ซีโน	ซีโนแห่งซีเธียม
ซีโน	ซีโนแห่งอีเลีย
เซฟาเนียฮ์	โซโฟเนียส
ปรากฏการณ์ทางธรรมชาติ	ปรากฏการณ์ธรรมชาติ
การกลับชาติมาเกิด	การกลับมาเกิดใหม่
ผลกระทบต่อเนื่อง	ผลกระทบแบบโดมิโน
ผล	ผลที่เกิด	ผลที่ได้
ปรากฏการณ์ทางธรณี	ปรากฏการณ์ทางธรณีวิทยา
วาสนา	โชค
ปรากฏการณ์ทางกายภาพ	ปรากฏการณ์ทางฟิสิกส์
การผิดสัดส่วน	ความคลาดเคลื่อน
เนินตะกอนน้ำพารูปกรวย	เนินตะกอนน้ำพารูปพัด
พลังงานนิวเคลียร์	พลังงานอะตอม
แสงรอบดวงอาทิตย์	โคโรนา
แสงออโรรา	แสงเหนือ-แสงใต้	แสงเหนือแสงใต้
แสงออโรราใต้	แสงใต้
แสงออโรราเหนือ	แสงเหนือ
เคราะห์ร้าย	โชคร้าย
รังสี	รัศมี	ลำแสง
ความกดอากาศ	ความดันบรรยากาศ
ลม	ลมโชย	สายลมอ่อนๆ
กำลังไฟ	ความจุำไฟฟ้า	ปริมาณความจุไฟฟ้า
นิวเคลียร์เหมันต์	ฤดูหนาวนิวเคลียร์
แรงสู่ศูนย์กลาง	แรงเข้าสู่ศูนย์กลาง
พันธะ	พันธะเคมี
พันธะอิออนิก	พันธะอิเล็กโทรเวเลนต์
รัศมี	โคโรน่า
กระแสไฟ	กระแสไฟฟ้า
พายุหมุนไซโคลน	พายุไซโคลน
การตกตะกอน	การตกตะกอนน้ำพา
การผลัดเซลล์ผิวเก่า	การหลุดลอกเป็นแผ่น
ดีซี	ไฟฟ้ากระแสตรง
พายุทราย	พายุฝุ่น
กระแสไฟฟ้า	ไฟฟ้า
กระแสไฟฟ้า	พลังงานไฟฟ้า	ไฟ
พลังงาน	พลังงานเสรี
กำลัง	พลัง
น้ำท่วม	ภัยน้ำท่วม	อุทกภัย
น้ำท่วมโลก	มหาอุทกภัย
จุดโฟกัส	โฟกัส
วงจรอาหาร	สายใยอาหาร
แสงจากเปลวไฟ	แสงไฟ
การสึกกร่อน	การเสียดสี
แรงดึงดูด	แรงโน้มถ่วง
ฟ้าหลัว	หมอกแดด
พายุเฮอร์ริเคน	เฮอร์ริเคน
การเหนี่ยวนำ	การเหนี่ยวนำไฟฟ้า
แรงของลอเรนส์	แรงลอเรนซ์
พลังงานการส่องสว่าง	พลังงานในการส่องสว่าง
การสั่นพ้อง	เรโซแนนซ์
การสั่นพ้อง	เรโซแนนซ์
คลื่นเสียงความถี่สูง	อัลตราซาวด์
คลื่นจุลภาค	คลื่นไมโครเวฟ	ไมโครเวฟ
แสงดาวตก	แสงอุกกาบาต
แสงจันทร์	แสงเดือน
แสงจันทร์	แสงเดือน
แดด	แสงตะวัน	แสงอาทิตย์	แสงแดด
ลำแสงอาทิตย์	แสงตะวัน	แสงอาทิตย์
ลำแสงเลเซอร์	แสงเลเซอร์
การตายของเซลล์แบบอะพอพโทซิส	อะพอพโทซิส
กระแสน้ำกัลฟ์สตรีม	กระแสน้ำอุ่นกัลฟ์สตรีม
กระแสน้ำคุโรชิโอ	กระแสน้ำคุโรชิโอะ	กระแสน้ำญี่ปุ่น
ภาวะพหุสัณฐาน	ภาวะหลากรูป
ความต่างศักย์	ศักย์ไฟฟ้า
น้ำฝน	ฝน	สายฝน
การหักเห	การหักเหของคลื่น
ความต้านทานไฟฟ้า	ความต้านทานไฟฟ้ากระแสสลับ
ความละเอียดของภาพ	รีโซลูชัน
ควัน	หมอกควัน
จุดดับบนดวงอาทิตย์	จุดมืดดวงอาทิตย์	จุดมืดบนดวงอาทิตย์	จุดสริยะ
การปล่อยประจุไฟฟ้า	ประกายไฟ	อาร์กไฟฟ้า
การบิดเบี้ยว	การเพี้ยน
ปรากฏการณ์ดอปเพลอร์	ปรากฏการณ์ดอฟเพลอร์
แสงคบเพลิง	แสงคบไฟ
สายฟ้า	สายฟ้าฟาด
ทวิสเตอร์	ทอร์นาโด
ทอร์ก	แรงบิด
พายุไต้ฝุ่น	ไต้ฝุ่น
รังสียูวี	รังสีอุลตร้าไวโอเลต	รังสีเหนือม่วง
กระแสลมลง	ลม
พวยน้ำ	พายุงวงช้าง	พายุนาคเล่นน้ำ
กระแสลม	พระพาย	ลม	สายลม
ความคลาดต่างมุมมอง	ความแตกต่างระหว่างมุมมอง	แพรัลแลกซ์
กระดุม	กระดุมเห็ด
ต้นลิเวอร์เวิร์ต	ลิเวอร์เวิร์ต
ดิวิชันสปอร์มาโตไฟตา	พืชมีเมล็ด
พืชมีดอก	พืชมีเมล็ด
พืชที่พบในอากาศชุ่มชื้น	พืชไวต่ออากาศแห้ง
พืชตระกูลใบเลี้ยงคู่	วงศ์ดิคอต
จิมโนสเปิร์ม	พืชเมล็ดเปลือย
มาฮวง	สมุนไพรจีนมาฮวง	สมุนไพรมาฮวง
ต้นปีศาจทะเลทราย	ปีศาจทะเลทราย
ปรง	มะพร้าวสีดา
ดิโอออน	ต้นดิโอออน
วงศ์สน	วงศ์สนเขา
ต้นสน	สน
ไม้สน	ไม้ไพน์
ไม้ต้นเฟอร์	ไม้เฟอร์
ต้นคริสต์มาส	ต้นยูโรเปียนซิลเวอร์เฟอร์
ต้นสน	สนไซเปรส
ต้นโกเวนไซเปรส	ต้นไซเปรสโกเวน
จูนิเปอร์เบอร์รี่	ผลจูนิเปอร์
ต้นมิโร	ต้นแบล็คไพน์
ชั้นแอนจิโอสเปอร์แม	ส่วนพืชดอก
พืชดอกใบเลี้ยงคู่	พืชใบเลี้ยงคู่
พืชดอกใบเลี้ยงเดี่ยว	พืชใบเลี้ยงเดี่ยว
ดอก	ดอกไม้	บุปผา	มาลี
ดอก	ไม้ดอก
ดอกไม้ที่ไม่มีกลีบดอก	ดอกไม้ที่ไร้กลีบดอก
ละอองเกสรเพศผู้	เรณู
ซีกผลแบบผักชี	เสี้ยวผล
การเกาะของรก	การเกิดของรก
ผนังผลชั้นใน	เม็ด
สปอร์เพศเมีย	แมโครสปอร์
กลีบ	กลีบดอกไม้
กะบังรอบ	มงกุฎ
ต้นบาร์เบอร์รี่ธรรมดา	ต้นยูโรเปียนบาร์เบอร์รี่
ต้นบาร์เบอร์รี่ญี่ปุ่น	ต้นเจแปนิสบาร์เบอร์รี่
ต้นอาโวกาโด	อาโวกาโด
ต้นเซาเทิร์นแมกโนเลีย	ต้นแมกโนเลียดอกใหญ่
ต้นทิวลิปทรี	ต้นทิวลิปป็อปลาร์
ดอกบัวขาว	บัวขาว
ดอกบัว	ต้นบัว	บัว
ดอกโบตั๋น	ต้นโบตั๋น	โบตั๋น
วงศ์พวงแก้วกุดั่น	วงศ์พวงแก้วมณี
ลูกเบนเบอรี่	เบนเบอรี่
จีนัสอะดอนิส	ต้นอะดอนิส
ดอกโคลัมไบน์	ต้นโคลัมไบน์
ดอกเดลฟีเนียม	ต้นเดลฟีเนียม
ดอกลาร์กสเปอร์	ต้นลาร์กสเปอร์
ต้นเบย์เบอร์รี่	ต้นเบเบอรี่
ต้นซีบราวู้ด	ต้นม้าลาย
ต้นลีกูม	พืชตระกูลถั่ว
ต้นคริมสันโคลเวอร์	ต้นอิตาเลียนโคลเวอร์
ต้นเพอร์เพิลโคลเวอร์	ต้นเรดโคลเวอร์	ต้นโคลเวอร์แดง
ต้นดัชโคลเวอร์	ต้นโคลเวอร์ขาว	ต้นไวต์โคลเวอร์
ก้ามปู	ต้นก้ามปู	ต้นจามจุรี
ชวนชม	ดอกชวนชม	ต้นชวนชม
พุด	พุดจีบ
น้ำมันคาลามัส	น้ำมันหวาย
ดอกบุก	ดอกบุกยักษ์
ต้นกรีนดราก้อน	ต้นมังกรเขียว
หัวเผือก	เผือก
ต้นพลูด่าง	พลูด่าง
ต้นเงินไหลมา	ต้นเนฟไทติส
ต้นฟิโลเดนดรอน	ต้นมรกตแดง
สกุลซินแดปซัส	สกุลโพทอส
ต้นไอวี่	ต้นไอวี่ธรรมดา
จินเซง	โสม
ต้นขิงป่า	ต้นไวลด์จินเจอร์
ต้นขิงแคนาดา	ต้นแคนาดาจินเจอร์
ต้นชิควีดหูหนู	ต้นหูหนู
ต้นเรนโบว์พิงค์	ต้นไชน่าพิงค์
ต้นแคมเปียน	ต้นไซลีน
ปวยเล้ง	ผักปวยเล้ง
ต้นเฟื่องฟ้า	เฟื่องฟ้า
กระบองเพชร	แค็กตัส
ต้นโกลเด้นบาร์เรลแค็กตัส	ถังทอง
ดอกเสี้ยนฝรั่ง	ต้นเสี้ยนฝรั่ง
รากฮอร์สราดิช	ฮอร์สราดิช
กะหล่ำปลีซาวอย	กะหล่ำปลีใบย่น
ผักกาดขาว	ผักกาดขาวปลี
น้ำมันเมล็ดเรพ	น้ำมันเรพซีด
ต้นหัวไชเท้า	หัวไชเท้า
ดอกป๊อปปี้	ต้นป๊อปปี้	ป๊อบปี้
ต้นฝิ่น	ฝิ่น
ยาอาร์นิกา	อาร์นิกา
ต้นซีแอสเตอร์	ต้นแอสเตอร์ทะเล
ดอกเดซีธรรมดา	ต้นอิงลิชเดซี่
ดอกดาวเรืองหม้อ	ต้นมาริโกลด์ธรรมดา
ดอกข้าวโพด	ดอกคอร์นฟลาวเวอร์
ต้นคาโมมายล์	ต้นคา์โมมายล์
ต้นติกวี้ด	ต้นโครีออปซิส
ดอกตาเสือ	ดอกไม้ไหว
ดอกพระจันทร์ทรงกลด	ต้นทรีเชอร์ฟลาเวอร์
ดอกกระดาด	ต้นสตรอว์ฟลาเวอร์
ดอกดาวเรือง	ดาวเรือง	ต้นดาวเรือง
ดาวเรืองฝรั่งเศส	ดาวเรืองเล็ก	ต้นดาวเรืองฝรั่งเศส
ซีแรนทีมัม	ซีแรนทีมุม
วงศ์โลซา	สกุลโลซา
ผลหนามรูปตะขอ	เมล็ดพืชมีหนาม
สกุลพาฟิโอพิดิลัม	สกุลพาฟิโอพีดิลัม	สกุลพาฤโอพีดิลัม
สกุลลิ่น	สกุลโฟลิโดตา
หญ้าบัฟฟาโล	หญ้าบัฟฟาโลแกรส
หญ้าคอมมิวนิสต์	หญ้าพุ่มพวง
หญ้าข้าวไร	หญ้าไรย์
หญ้าตีนกา	หญ้าปากควาย
ต้นไผ่	ไผ่
ต้นเมลอน	เมลอน
ต้นแตงโม	แตงโม
ต้นเมลอนหวาน	เมลอนหวาน
ต้นแคนตาลูป	แคนตาลูป
ต้นเมลอนเปอร์เซีย	เมลอนเปอร์เซีย
ต้นแตงกวา	แตงกวา
ต้นน้ำเต้า	น้ำเต้า
บวบหอม	บวบเหลี่ยม
วงศ์ฝ้าย	วงศ์มัลวาเซีย
ต้นชีส	ต้นแมลโลว์สูง
ต้นริบบิ้นทรี	ต้นริบบิ้นวู้ด
ต้นทุเรียน	ทุเรียน
ไม้บัลซา	ไม้บัลซาวู้ด
ต้นบราวน์โอ๊ก	ต้นเรดบีช
ไม้ลินเดน	ไม้เบสวู้ด
พืชล้มลุก	พืชสมุนไพร	ไม้ล้มลุก
ต้นบอกโรสมารี่	ต้นมัวร์วอร์ต
ต้นมาโดรนา	ต้นมาโดรโน	ต้นแมนซานิตา
ต้นบีช	ต้นไม้จำพวกมะเดื่อ
ไม้บีช	ไม้บีชวู้ด	ไม้มะเดื่อ
ผลต้นโอ๊ค	ลูกเอคอร์น
กาบรูปถ้วย	กาบหุ้มผล
ต้นโอ๊ก	ต้นโอ๊ค
ต้นเบิร์ชน้ำ	ต้นเบิร์ชหนองน้ำ
ต้นมะกอก	ต้นโอลีฟ	โอลีฟทรี
ต้นยูโรเปียนโอลีฟ	ต้นโอลีฟ	ต้นโอลีฟยุโรป	โอลีฟ
ผลโอลีฟ	มะกอก	ลูกโอลีฟ	โอลีฟ
ต้นแบล็กแมร์	แบล็กแมร์
ต้นไวต์แมร์	ไวต์แมร์
ต้นสวอมป์แอช	ต้นแอชหนองน้ำ
ต้นฟลาเวอริ่งแอช	ต้นแอชที่มีดอก
ต้นมะลิ	มะลิ
ต้นมะลิฤดูหนาว	มะลิฤดูหนาว
ต้นวอลนัต	วอลนัต
ต้นแคลิฟอร์เนียแบล็กวอลนัต	แคลิฟอร์เนียแบล็กวอลนัต
ต้นบัตเตอร์นัต	ต้นไวต์วอลนัต	บัตเตอร์นัต	ไวต์วอลนัต
ต้นแบล็กวอลนัต	แบล็กวอลนัต
ต้นอิงลิชวอลนัต	อิงลิชวอลนัต
อันดับมีร์ทาเลส	อันดับหว้า
ต้นแองโชวีแพร์	แองโชวีแพร์
ต้นบราซิลนัต	บราซิลนัต
ต้นแดงคลอง	สกุลยูจีเนีย
ต้นเชอร์รี่เปรี้ยว	เชอร์รี่เปรี้ยว
ต้นพิแทงกา	พิแทงกา
ชมพู่	ต้นชมพู่
องุ่นต้น	องุ่นต้นบราซิล
ต้นฝรั่ง	ฝรั่ง
ต้นฝรั่งเชอรี่	ฝรั่งเชอรี่
ต้นฝรั่งบราซิล	ฝรั่งบราซิล
ยูคาลิปตัส	ไม้ยูคาลิปตัส
ต้นกานพลู	ต้นกานพูล
กล้วย	ต้นกล้วย
ต้นบีโกเนีย	บีโกเนีย
ต้นมังคุด	มังคุด
ต้นกีวี	ต้นไชนีสกูสเบอร์รี่
ต้นมะละกอ	มะละกอ
กัญชา	ต้นกัญชา
ต้นบาววู้ด	ต้นส้มม็อค	ต้นส้มโอเสจ
ขนุน	ต้นขนุน
ต้นเอ็ลม์	ต้นเอ็ล์ม
ไม้เอล์ม	ไม้เอล์มวู้ด
ต้นลิลลี่	ลิลลี่
สกุลอฟีลแลนเทส	สกุลอะฟีลแลนเทส
ต้นคามัสมีพิษ	ต้นพอยซันคามัส
ต้นอะกาวี	ต้นอะกาเว
ต้นบราซิลวู้ด	ต้นพิชวู้ด	ต้นเปอร์แนมบูโกวู้ด
ชัยพฤกษ์	ชัียพฤกษ์
ต้นมะขาม	มะขาม
ต้นทองธรรมชาติ	ต้นทองพรหมชาติ
ต้นถั่วแระ	ถั่วแระ
ต้นเยลโลว์วู้ดเคนตักกี้	ต้นเยลโลว์เคนตักกี้	ต้นโกเฟอร์วู้ด
ต้นชมพูนุช	ต้นนีออนฟิลิปปินส์
ต้นถั่ว	พืชตระกูลถั่ว
ต้นถั่ว	ถั่ว
ต้นถั่วลันเตา	ถั่วลันเตา
ไม้ควิรา	ไม้ปานามาเรดวู้ด
ไม้รูบีวู้ด	ไม้เรดแซนดัลวู้ด
ต้นถั่วเขียว	ถั่วเขียว
ต้นตาลโตนด	ต้นตาลโ่ตนด
สกุลฟีนิโคโฟเรียม	สกุลโฟนิโคโฟเรียม
ต้นสับปะรด	สับปะรด
กุหลาบ	ดอกกุหลาบ	ต้นกุหลาบ
ต้นแอปเปิ้ล	แอปเปิ้ล
ต้นเชสต์นัต	ต้นเชอร์รี่
มาราสก้า	มาราสก้าเชอร์รี่
ต้นผลไม้	ผลไม้	ไม้ผล
ต้นราสเบอร์รี่แดง	ราสเบอร์รี่แดง
ต้นกาแฟพันธุ์โรบัสต้า	ต้นกาแฟโรบัสต้า
ต้นควินิน	ต้นซิงโคนา
ต้นมะฮอกกานี	มะฮอกกานี
ต้นมะเฟือง	มะเฟือง
ตะลิงปลิง	ต้นตะลิงปลิง
ต้นส้ม	ส้ม
ต้นส้มเปรี้ยว	ส้มเปรี้ยว
ต้นมะกรูด	มะกรูด
ต้นส้มจีน	ต้นส้มแมนดาริน
ต้นส้มเช้ง	ส้มเช้ง
ต้นส้มแก้ว	ส้มแก้ว
ต้นมะนาว	ต้นเลมอน
ต้นมะม่วงป่า	มะม่วงป่า
วงศ์แก้วเจ้าจอม	วงศ์โคกกระสุน
ต้นแอสเพน	ต้นไป่หยาง
ไม้จันทน์	ไม้แซนดัลวู้ด
อันดับซาปินดาเลส	อันดับเงาะ
ต้นลำไย	ลำไย
ต้นลิ้นจี่	ลิ้นจี่
ต้นเงาะ	เงาะ
ต้นบ็อกซ์	ต้นบ็อกซ์วู้ด
ต้นดวอร์ฟเมเปิล	ต้นเมเปิลแคระ
ต้นเจแปนิสเมเปิล	ต้นเมเปิลญี่ปุ่น
ต้นคริสต์มาสฮอลลี่	ต้นอเมริกันฮอลลี่
ต้นมะม่วงหิมพานต์	มะม่วงหิมพานต์
ต้นมะม่วง	มะม่วง
ต้นพิสตาชิโอ	พิสตาชิโอ
ต้นฮ็อกพลัม	ฮ็อกพลัม
ต้นสตาร์แอปเปิ้ล	ลูกน้ำนม	สตาร์แอปเปิ้ล
ต้นกรีกวาลีเรียน	ต้นจาค็อบแลดเดอร์
วงศ์โบราจ	วงศ์โบราจินาเซีย
ต้นมอร์นิ่งกลอรี่	ผักบุ้งฝรั่ง
กล็อกซิเนีย	ต้นกล๊อกซิเนีย
ซัลเวีย	พืชสกุลซัลเวีย
ต้นมะเขือ	มะเขือ
ต้นพริกหวาน	พริกหวาน
ดอกขี้ไก่	ต้นผกากรอง
ไม้ทีกวู้ด	ไม้สัก
ดอกโป๊ยเซียน	ต้นโป๊ยเซียน	โป๊ยเซียน
ต้นยาง	ต้นยางพารา	ยาง	ยางพารา
รากเทียม	ไรซอยด์
สกุลคลาโดเนีย	สกุลคลาโนเนีย
เชื้อรา	เห็ดรา
เห็ดทุ่ง	เห็ดท้องนา
เห็ดชันเตอเร็ล	เห็ดชัลเตอเร็ล
เห็ดวงแหวนเทวดา	เห็ดแฟรีริง
เชื้อราสีสนิม	เ้ชื้อราสีสนิม
เห็ดไฮโกรโฟรัสคอฟมานี	ไฮโกรโฟรัสคอฟมานี
ผลผลิตพืชในฤดู	ผลผลิตในฤดูเก็บเกี่ยว
ปุยหุ้มเมล็ด	เยื่อหุ้มเมล็ด
จินเนเซียม	ไกนีเซียม
เนื้อ	เนื้อผลไม้
แก่นไม้	แ่ก่นไม้
เส้นกลางใบ	เส้นแกนหลังใบไม้
ท่อลำเลียงน้ำ	ไซเลม
ต้นไม้ยืนต้น	พืชยืนต้น	ไม้ยืนต้น
ต้น	ต้นไม้	รุกขชาติ	ไม้
ต้นไม้แคระ	บอนไซ
พืชทนแล้ง	พืชทะเลทราย
พืชอากาศ	พืชอิงอาศัย
กิ่งชำ	กิ่งตอน
ลำต้นใต้ดิน	หัวราก
แผ่นใบ	ใบหญ้า
ฝัก	รวง
ผล	ผลไม้	ลูก	ลูกไม้
ผลเล็ก	ลูกเล็ก
เมล็ด	เม็ด
ถั่ว	เมล็ดถั่ว
ลูกเบอรี่	เบอรี่
ช่อ	พวง
ผลไม้จำพวกแอปเปิ้ล	ผลไม้ตระกูลแอปเปิ้ล
ไพซิส	ไพซิเดียม
ต้นพุทรา	พุทรา
พืชตระกูลพริกไทย	วงศ์พิพีราเซีย
ใบ	ใบไม้
พู	หยัก	แฉก
ต้น	ลำต้น
หญ้าหางม้า	ฮอร์สเทล
คลับมอส	ต้นคลับมอส
วงศ์คลับมอส	วงศ์ไลโคโพเดียเซีย
สกุลไอโซดีเตส	สกุลไอโซอีเตส
ดอกปลาดาว	ต้นสเตพีเลีย
ข้าวของ	ข้าวของเครื่องใช้
กองมรดกสุทธิ	ทรัพย์มรดกสุทธิ
ของที่ซื้อ	สิ่งที่ซื้อ
กำไร	ผลกำไร
รายได้	อินคัม
เงินกู้ถูก	เงินคล่อง
จีเอ็นพี	ผลิตภัณฑ์มวลรวมประชาชาติ
ผลิตภัณฑ์มวลรวมประชาชาติ	ผลิตภัณฑ์มวลรวมประชาชาติที่แท้จริง
จีดีพี	ผลิตภัณฑ์มวลรวมภายในประเทศ
กำไร	กำไรสุทธิ	ผลกำไร	รายได้สุทธิ	รายได้สุทธิื
ขาดทุนทางตัวเลข	ขาดทุนบัญชี
กำไรมหาศาล	กำไรเป็นกอบเป็นกำ
ผลกำไร	ผลตอบแทน	รายได้
ทรัพย์สินที่ถูกขโมย	ทรัพย์สินที่ถูกโจรกรรม
ของโจร	ทรัพย์สินที่ปล้นมา
ที่งอกชายฝั่ง	ที่งอกริมตลิ่ง
มรดกตกทอด	สมบัติเก่า	สมบัติเจ้าคุณปู่
สินเดิมของภรรยา	สินเดิมของภริยา
สินสอด	สินสอดทองหมั้น
ของบริจาค	ของแจก
เงินช่วยเหลือ	เงินช่วยเหลือทางเศรษฐกิจ
ค่าตอบแทน	เงินบำเหน็จ	เงินรางวัล
ของกำนัล	ของขวัญ
ของขวัญคริสต์มาส	ของขวัญวันคริสต์มาส
ของขวัญงานแต่ง	ของขวัญแต่งงาน
การได้ลาภงอกขึ้น	การได้ลาภงอกเงย	การได้เป็นลาภ
ค่าหัว	เงินค่าหัว
ของฟรี	ของแจกฟรี
เงินโบนัส	โบนัส
ค่าใช้จ่าย	รายจ่าย
คอสต์	ต้นทุน
ค่าย้ายบ้าน	ค่าใช้จ่ายในการย้ายบ้าน
ค่าใช้จ่ายส่วนตัว	ค่าใช้จ่ายส่วนบุคคล
ค่าประชาสัมพันธ์	ค่าพีอาร์	ค่าโฆษณา	ค่าโปรโมท
ค่าจ้าง	ค่าแรง
ค่าจ้างขั้นต่ำ	ค่าแรงขั้นต่ำ
ค่าจ้างในระหว่างลาป่วย	ค่าจ้างในวันที่ลาป่วย
รางวัล	สินน้ำใจ	เงินรางวัล
ค่าไถ่	ค่าไถ่ตัว	เงินเรียกค่าไถ่
รางวัลนำจับ	รางวัลแจ้งเบาะแส
ดอกเบี้ย	ผลประโยชน์	ส่วนได้เสีย
มูลประกันภัย	ส่วนได้เสียที่เอาประกันภัย
การช่วยเหลือ	การบรรเทาทุกข์
ค่าใช้จ่ายส่วนพระองค์	รายจ่ายส่วนพระองค์
ค่าเช่า	ค่าเช่าทางเศรษฐกิจ
ค่างวด	เงินค่างวด	เงินผ่อน	เงินผ่อนชำระ
ผลประโยชน์เมื่อตาย	ผลประโยชน์เมื่อถึงแก่กรรม
ค่าใช้จ่ายที่สูงกว่างบประมาณ	ต้นทุนเกินงบ	ต้นทุนเกินงบประมาณ
ค่าใช้จ่าย	ราคา
ราคาที่ผู้ซื้อเสนอ	ราคาประมูล
ค่าขนส่ง	ต้นทุนการขนส่ง
ค่าตั๋ว	ค่าตั๋วโดยสาร	ค่าพาหนะ	ค่ารถ	ค่าเดินทาง	ค่าโดยสาร
ค่าตั๋วเครื่องบิน	ค่าเครื่องบิน
ค่าตั๋วรถประจำทาง	ค่าตั๋วรถเมล์	ค่ารถเมล์
ค่ามิเตอร์	ค่าแท็กซี่
ค่าตั๋วรถไฟใต้ดิน	ค่ารถไฟใต้ดิน
ค่าตั๋วรถไฟ	ค่ารถไฟ	ค่าโดยสารรถไฟ
ภาษี	ภาษีอากร
ภาษีรายบุคคล	ภาษีรายหัว
พิกัดอัตรา	อากร
ภาษีมูลค่าเพิ่ม	แวต
พิกัดอัตราภาษีอากร	พิกัดอัตราภา่ษีอากร	ภาษีอากร
ดบ.	ดอก	ดอกเบี้ย
ค่าธรรมเนียมในการเข้า	ค่าผ่านประตู
ค่าคงที่บริการ	ค่าตอบแทน
ค่าทางด่วน	ค่าผ่านทาง
ค่าสอน	ค่าสอนพิเศษ
ค่าบริการไปรษณีย์	ค่าไปรษณียากร
ราคาต่อหน่วย	อัตรา	เรต
ค่าน้ำ	ค่าน้ำประปา	อัตราค่าน้ำประปา
ตัวแดง	เงินขาดทุน
การเสื่อมค่า	การเสื่อมราคา
ทรัพย์สิน	สินทรัพย์
ทรัพยากรที่รื้อฟื้นได้	ทรัพยากรที่สามารถทดแทนใหม่ได้	ทรัพยากรที่สามารถนำมาใช้ใหม่ได้	ทรัพยากรที่สามารถฟื้นฟูสภาพได้	ทรัพยากรที่สามารถสร้างทดแทนใหม่ได้	ทรัพยากรที่ใช้ไม่หมดสิ้น
สินทรัพย์ที่ไม่มีตัวตน	สินทรัพย์ไร้สภาพ
หุ้นชั้นดี	หุ้นบริษัทชั้นดี
หุ้นที่ไม่มีมูลค่าตราไว้	หุ้นที่ไม่มีมูลค่าตั้งไว้
หุ้นที่กำลังเติบโต	หุ้นในความนิยม
เงินพนัน	เงินเดิมพัน	เงินเล่นการพนัน
ทุนที่ใช้ในการดำเนินงาน	ทุนในการดำเนินงาน
เงินบ่อนการพนัน	เงินบ่อนคาสิโน
กองทุนสนับสนุน	เงินทุน
ทับทิม	รูบี้
มุก	ไข่มุก
ซัปไฟร์	ไพลิน
สื่อกลางแลกเปลี่ยน	สื่อกลางในการแลกเปลี่ยน
เงินกู้	เงินกู้ธนาคาร
บัตรสินเชื่อ	บัตรเครดิส	เครดิตการ์ด
ดราฟท์	ตั๋วแลกเงิน
สินเชื่อ	เงินสินเชื่อ
ตราสารเครดิต	หนังสือเครดิต	เลตเตอร์ออฟเครดิต
เคาน์เตอร์เช็ค	เช็คสำรอง
บำนาญ	เงินบำนาญ	เบี้ยบำนาญ
ตัวเงิน	เงิน
ตังค์	ปัจจัย	สตางค์	สะตุ้งสตางค์
ธนบัตร	เงินกระดาษ
เงินเหรียญ	เหรียญ
เซนต์	เหรียญเพนนี
เหรียญซิลเวอร์ดอลลาร์	เหรียญเงินดอลลาร์
เหรียญดับเบิ้ลอีเกิล	เหรียญยี่สิบดอลลาร์
เหรียญสิบดอลลาร์	เหรียญอีเกิล
เหรียญห้าดอลลาร์	เหรียญฮาล์ฟอีเกิล
ธนบัตร	เงินกระดาษ	แบงค์
ธนบัตรร้อยดอลลาร์	แบงค์ร้อยดอลลาร์
ธนบัตรห้าสิบดอลลาร์	แบงค์ห้าสิบดอลลาร์
ธนบัตรยี่สิบดอลลาร์	แบงค์ยี่สิบดอลลาร์
ธนบัตรสิบดอลลาร์	แบงค์สิบดอลลาร์
ธนบัตรห้าดอลลาร์	แบงค์ห้าดอลลาร์
ธนบัตรสองดอลลาร์	แบงค์สองดอลลาร์
ดอลลาร์	ธนบัตรหนึ่งดอลลาร์	หนึ่งดอลล่าร์	แบงค์หนึ่งดอลลาร์
หนี้	หนี้สิน
บัญชี	สมุดบัญชี	สมุดบันทึก
มูลค่า	มูลค่าทางเศรษฐกิจ
พันธบัตร	ใบแทนพันธบัตร
งบประมาณดำเนินการ	งบประมาณดำเนินงาน
การเสียดกร่อน	การเสียดละลาย
การครูดไถ	การสึกกร่อน
ภาวะไม่งอก	ภาวะไม่สร้าง	ภาวะไม่เจริญ
วิธีแบ่งเซลล์โดยตรง	อะไมโทซิส
การสร้างแอมโมเนีย	การใส่แอมโมเนีย
การยับยั้งการเจริญเติบโตของแบคทีเรีย	การยับยั้งแบคทีเรีย	การหยุดยั้งแบคทีเรีย
การดำเนินการฐานสอง	การดำเนินการทวิภาค
การกก	การกกไข่	การฟัก	การฟักไข่
การเกิดคาร์บอเนต	คาร์บอเนชัน
การแบ่งของเซลล์	การแบ่งเซลล์
กระบวนการทางเคมี	การเปลี่ยนแปลงทางเคมี
การดูดซับทางเคมี	การดูดแนบทางเคมี
การคลอดบุตร	การคลอดลูก
การแตก	การแยก
การเปลี่ยนแปลงสภาพภูมิอากาศ	การเปลี่ยนแปลงสภาพภูมิอากาศโลก	การเปลี่ยนแปลงสภาพอากาศโลก
ฟิวชั่นเย็น	ฟิวชั่นแบบเย็น
การบริโภค	กา่รบริโภคสินค้าและบริการ
การลดอุณหภูมิ	การเกิดความเย็น
ภาวะเงินเฟ้อที่เกิดจากต้นทุนสูงขึ้น	เงินเฟ้อที่เกิดจากต้นทุนสูงขึ้น
การเพาะปลูก	การเพาะเลี้ยง
การจับก้อน	การทำให้ข้นเป็นลิ่ม
การกำจัดหมู่คาร์บอกซิล	ดีคาร์บอกซีเลชัน
การลด	ความถดถอย
กลไกป้องกันตนเอง	กลไกในการป้องกันตนเอง
การขจัดน้ำ	การระเหย
ภาวะเงินเฟ้อที่เกิดจากอุปสงค์มวลรวมเพิ่มขึ้น	เงินเฟ้อที่เกิดจากอุปสงค์มวลรวมเพิ่มขึ้น
การทับถม	การทับถมตามธรรมชาติ
การเพิ่มเท่าตัว	การเิพิ่มขึ้นสองเท่า
การสลายด้วยไฟฟ้า	การแยกสลายด้วยไฟฟ้า
การประมวลผลด้วยเครื่องอิเล็กทรอนิกส์	ประมวลผลข้อมูลอิเล็กทรอนิกส์
การขับถ่าย	การขับออก
การกำจัดขน	การถอนขน
วิวัฒนาการ	ไฟโลเจนี
ผล	ผลลัพธ์
การกลัดหนอง	การเป็นหนอง
การลุกเป็นไฟ	การลุกไหม้
การกลายเป็นซากดึกดำบรรพ์	การกลายเป็นฟอสซิล
การกลายเป็นน้ำแข็ง	การทำให้เยือกแข็ง	การเปลี่ยนเป็นน้ำแข็ง
การกกไข่	การฟัก	การฟักไข่
การเกิดความร้อน	การเพิ่มความร้อน	การเพิ่มอุณหภูมิ
การสร้างเลือด	การสร้างโลหิต
ภาวะหลั่งเหงื่อมาก	ภาวะเหงื่อท่วม
กระบวนการทางอุตสาหกรรม	กระบวนการอุตสาหกรรม
ภาวะเงินเฟ้อ	เงินเฟ้อ
การบวม	การพองขึ้น
กระบวนการสร้างชั้นเคราติน	เคราติไนเซชั่น
การกลายเป็นของเหลว	การเปลี่ยนเป็นของเหลว
การแบ่งเซลล์สืบพันธุ์	การแบ่งเซลล์แบบไมโอซิส
ประจำเดือน	รอบเดือน	ระดู	เมนส์
การทำงานแบบหลายโปรแกรม	มัลติโปรแกรมมิง
การละ	การละเสียง
การออสโมซิส	ออสโมซิส
การกลายเป็นกระดูก	การสร้างกระดูก
การรวมกับก๊าซออกซิเจน	ออกซิเดชั่น
ปฏิกิริยารีด็อกซ์	ปฏิกิริยาออกซิเดชัน-รีดักชัน
เปปไตเซชัน	เปปไทเซชัน
การออกเหงื่อ	อาการเหงื่อออก
การสังเคราะห์ด้วยแสง	การสังเคราะห์แสง
การเกาะของรก	การเกิดของรก
การงอกขยาย	การเพิ่มจำนวน
การสลายโปรตีน	การแยกสลายโปรตีน
การปล่อยกัมมันตภาพรังสี	การแผ่รังสี
การหาข้ออ้าง	การหาเหตุผลเข้าข้างตัวเอง
การประมวลผลแบบทันที	การประมวลผลแบบเวลาจริง
การประมวลผลตามลำดับ	การประมวลผลแบบลำดับ
การขี้	การอึ
การลดราคา	การลดลง
การเกิดควัน	ควัน	ควันไฟ
ระยะเทโลเฟส	เทโลเฟส
ระยะเทโลเฟส	เทโลเฟส
การกลายเป็นไอ	การเปลี่ยนเป็นไอ
การขยายให้กว้าง	การทำให้กว้าง
ระบบการวัด	ระบบเมตริก
ซีจีเอส	ระบบซีจีเอส
ระบบหน่วยระหว่างประเทศ	ระบบเอสไอ	หน่วยเอสไอ
บอดเรท	หน่วยวัดอัตราการส่งข้อมูล
ค่าออกเทน	เลขออกเทน
มาตราวัด	หน่วย	หน่วยของการวัด	หน่วยวัด
ค่าสัมประสิทธิ์	สัมประสิทธิ์
ค่าความเหนี่ยวนำร่วม	สัมประสิทธิ์ความเหนี่ยวนำร่วม
สัมประสิทธิ์การขยายตัว	สัมประสิทธิ์แห่งความยืดตัว
ค่าคงที่ของจักรวาล	ค่าคงที่เอกภพ
ค่าคงที่การแตกตัว	ค่าคงที่การแยกสลาย
ค่าคงที่ของก๊าซ	อาร์
ค่าคงที่ของแรงโน้มถ่วง	จี
ค่าคงตัวของพลังค์	เอช
จำนวนทหารที่เสียชีวิต	จำนวนศพทหาร
ตัวประกอบ	แฟกเตอร์
ค่าคงที่ของสัดส่วน	ค่าคงที่ปฏิภาค	ค่าคงที่สัดส่วน
จำนวนจริง	จำนวนเฉพาะ
คะแนน	สกอร์	แต้ม
อีเกิล	อีเกิ้ล
คะแนนทิ้งห่าง	คะแนนนำ
จำนวนเชิงอันดับที่	เลขลำดับ
มาตราวัดพื้นที่	หน่วยพื้นที่
หน่วยความจุ	หน่วยลูกบาศก์
คิวบิกฟุต	คิวฟุต	ลูกบาศก์ฟุต
หน่วยความจำ	หน่วยความจำคอมพิวเตอร์
หน่วยแม่เหล็กไฟฟ้า	อีเอ็มยู
มาตราวัดความยาว	หน่วยวัดเชิงเส้น
สกุลเงิน	หน่วยสกุลเงิน	หน่วยเงิน	หน่วยเงินตรา
หน่วยชั่งน้ำหนัก	หน่วยวัดน้ำหนัก
คะแนน	พอยต์
รอด	เพิร์ช	โพล
คิวบิกหลา	หลา
ดรายพินต์	พินต์
ซีซี	มล.	มิลลิลิตร
ล.	ลิตร	แอล
เฮกโตลิตร	เฮคโตลิตร
ก.ล.	กล.	กิโลลิตร
บิตภาวะคู่หรือคี่	ภาวะคู่หรือคี่
กิกะไบต์	จี	จีบี
ฟาเรด	เอฟ
คูลอมบ์	ซี	แอมแปร์-เซคันด์
หน่วยความเข้มของการส่องสว่าง	หน่วยแรงเทียน
แลมเบิร์ต	แอล
กำลังแรงเทียน	แคนเดลา
กิลเบิร์ต	จีบี	จีไอ
อาร์	เรินต์เกน
จี	แรงจี
ฟ.	ฟุต
ฝ่ามือ	แฮนด์
ไมล์	ไมล์สวีเดน
ไมล์	ไมล์โรมัน
ก้าวโรมัน	ระยะก้าวโรมัน
ไมครอน	ไมโครเมตร
ม.ม.	มิลลิเมตร
ซม.	เซนติเมตร
ม.	เมตร
ก.ม.	กม.	กิโล	กิโลวัตต์ต่อชั่วโมง	กิโลเมตร	โล
ไมล์	ไมล์ทะเล
ไมล์	ไมล์ทะเล
ไมล์	ไมล์ทะเล
ดอล	ดอลลาร์	สกุลเงินดอลลาร์	เหรียญ
ยูโร	สกุลเงินยูโร
ฟรังก์	สกุลเงินฟรังก์
สกุลเงินบาท	หน่วยเงินตราไทย	หน่วยเงินบาท
บ.	บาท
ส.ต.	สตางค์
คอสตาริกันโคลอน	โคลอน
เอลซาวาดอรันโคลอน	โคลอน
บูทุต	บูแทต
ดินาร์	แอลจีเรียนดินาร์
ดินาร์	บาห์เรนดินาร์
กรีกดรัคมา	ดรัคมา
โครน่า	ไอซ์แลนดิคโครน่า
สวีดิชโครน่า	โครน่า
โครน	โครนเดนมาร์ก
โครนนอร์เวย์	โ่ครน
คินดาร์กา	คินทาร์
ลีรา	ลีราอิตาลี
ปอนด์	ปอนด์สเตอร์ลิง
ชิลลิง	บ็อบ
ลีรา	ลีราตุรกี
เปโซ	เปโซชิลี
เปโซ	เปโซโคลัมเบีย
เปโซ	เปโซคิวบา
เปโซ	เปโซโดมินิกัน
เปโซ	เปโซกินีบิสเซา
เปโซ	เปโซเม็กซิกัน
เปโซ	เปโซฟิลิปปินส์
เปโซ	เปโซอุรุกวัย
ลีรา	ลีรามอลต้า
ริยาล	ริยาลกาตาร์
ซาอุดิอาระเบียนริยาล	ริยาล
รูปี	รูปีอินเดีย
รูปี	รูปีปากีสถาน
รูปี	รูปีมอริเชียส
รูปี	รูปีเนปาล
รูปี	รูปีเซเชลส์
รูปี	ศรีลังการูปี
ชิลลิ่ง	ออสเตรียชิลลิ่ง
สกุลเงินเยน	หน่วยเงินตราญี่ปุ่น
สกุลเงินจีน	สกุลเงินหยวน	หน่วยเงินตราจีน
หน่วยวัดความดันบรรยากาศ	เอทีเอ็ม
บี	เบล
เดซิืเบล	เดซิเบล
ระดับ	องศา
องศาเซลเซียส	เซลเซียส
ฟาเรนไฮต์	องศาฟาเรนไฮต์	เอฟ
เคลวิน	เควิน
มาตรชั่งน้ำหนัก	มาตราชั่งน้ำหนัก
ม.ก.	มก.	มิลลิกรัม
ก.ก.	กก.	กิโล	กิโลกรัม	โล
ตัน	เมตริกตัน
กิโลแคลอรี	แคลอรี่
ตัวตั้ง	ตัวตั้งลบ
จำนวนจินตภาพ	จำนวนเชิงซ้อน
ตัวตั้ง	เลขที่ถูกคูณ
ตัวประกอบมาตราส่วน	สเกลแฟกเตอร์
ตัวประกอบร่วม	ตัวหารร่วม
ห.ร.ม.	หารร่วมมาก
เศษส่วนเชิงซ้อน	เศษส่วนเชิงประกอบ
เลขทศนิยม	เศษส่วนทศนิยม
ยี่สิบห้าเปอร์เซนต์	หนึ่งส่วนสี่
ยี่สิบเปอร์เซนต์	ร้อยละยี่สิบ	หนึ่งส่วนห้า
สิบเปอร์เซนต์	หนึ่งส่วนสิบ
หนึ่งส่วนหนึ่งร้อย	หนึ่งเปอร์เซนต์
ความว่างเปล่า	เล็กๆน้อยๆ
ตัวเลข	เลข
เลขฐานสอง	เลขโดดฐานสอง
ศูนย์	เลขศูนย์	ไข่เป็ด	๐
1	หนึ่ง	๑
2	สอง	๒
คู่	คู่เหมือนกัน
3	ตรี	สาม	ไตร	๓
4	สี่	๔
5	ห้า
6	ครึ่งโหล	หก	๖
7	เจ็ด
8	แปด	๘
9	เก้า	๙
10	สิบ	๑๐
11	สิบเอ็ด	๑๑
12	สิบสอง	หนึ่งโหล	๑๒
13	สิบสาม	๑๓
14	สิบสี่	๑๔
15	สิบห้า	๑๕
16	สิบหก	๑๖
17	สิบเจ็ด	๑๗
18	สิบแปด	๑๘
19	สิบเก้า	๑๙
20	ยี่สิบ	๒๐
21	ยี่สิบเอ็ด	๒๑
22	ยี่สิบสอง	๒๒
23	ยี่สิบสาม	๒๓
24	ยี่สิบสี่	๒๔
25	ยี่สิบห้า	๒๕
26	ยี่สิบหก	๒๖
27	ยี่สิบเจ็ด	๒๗
28	ยี่สิบแปด	๒๘
29	ยี่สิบเก้า	๒๙
30	สามสิบ	๓๐
40	สี่สิบ	๔๐
50	ห้าสิบ	๕๐
60	หกสิบ	๖๐
70	เจ็ดสิบ	๗๐
78	๗๘
80	แปดสิบ	๘๐
90	เก้าสิบ	๙๐
100	ร้อย	หนึ่งร้อย	๑๐๐
144	สิบสองโหล	๑๔๔
120	หนึ่งร้อยยี่สิบ	๑๒๐
500	ห้าร้อย	๕๐๐
1000	พัน	หนึ่งพัน	๑๐๐๐
1728	หนึ่งพันเจ็ดร้อยยี่สิบแปด	๑๗๒๘
10000	หนึ่งหมื่น	หมื่น	๑๐๐๐๐
100000	สิบหมื่น	หนึ่งแสน	๑๐๐๐๐๐
1000000	ล้าน	หนึ่งล้าน	๑๐๐๐๐๐๐
1000000000	พันล้าน	หนึ่งพันล้าน	๑๐๐๐๐๐๐๐๐๐
1000000000000	ล้านล้าน	หนึ่งล้านล้าน	๑๐๐๐๐๐๐๐๐๐๐๐๐
1000000000000	ล้านล้าน	หนึ่งล้านล้าน	๑๐๐๐๐๐๐๐๐๐๐๐๐
ความจุ	ปริมาณความจุ
ปริมาณการผลิต	ปริมาณผลผลิต	ผลผลิต
ถัง	เต็มถัง
ขวด	ปริมาณเต็มขวด
กล่อง	จำนวนเต็มกล่อง
คัน	คันรถ
กล่อง	จำนวนหนึ่งกล่อง
ปริมาณหนึ่งหีบ	หีบ
ถังไม้	ปริมาณหนึ่งถัง
ถ้วย	ปริมาณหนึ่งถ้วย
กำ	กำมือ
บ้าน	หลัง
ขวดโหล	เหยือก
ปริมาณหนึ่งเหยือก	เหยือก
ถัง	ถังเบียร์สด
แทงค์	แท็งค์
จอก	ถ้วยชา
กลุ่ม	จำนวนมาก	จำนวนมากมายก่ายกอง	มากมาย
กอง	จำนวนมากมาย
ที่จอดรถ	ลานจอดรถ
ความสัมพันธ์ระหว่างบุคคล	ความสัมพันธ์ส่วนบุคคล
ความผูกพัน	พันธะ
ฟังก์ชัน	ฟังก์ชันคณิตศาสตร์
ฟังก์ชันผกผัน	ฟังก์ชันอินเวิร์ส
ตรีโกณ	ตรีโกณมิติ	ฟังก์ชันตรีโกณมิติ	ฟังก์ชันเชิงวงกลม
คอส	โคไซน์
โคแทน	โคแทนเจนต์
โคเซค	โคเซแคนต์
การเชื่อมโยง	การเชื่อมโ่ยง
ปริกัลมาลา	สมมุติมาลา
การผันคำ	การลงวิภัตติปัจจัย
ส่วนประกอบ	องค์ประกอบ
รายละเอียด	ส่วนย่อย
ยูนิต	หน่วย
ความสัมพันธ์ระหว่างพ่อลูก	ความเป็นพ่อ
ความสัมพันธ์ระหว่างแม่ลูก	ความเป็นแม่
สัดส่วน	อัตราส่วน
มาตราส่วน	สเกล
สัดส่วนทอง	สัดส่วนทองคำ	อัตราส่วนทอง
ร้อยละ	เปอร์เซนต์
อัตราส่วนสะท้อน	อัตราส่วนสะ้ท้อน
ตำแหน่งบนเข็มทิศ	ทิศ
ทิศเหนือ	น.	เหนือ
ทิศเหนือ	ทิศเหนือเข็มทิศ
ต.อ.	ตะวันออก	ทิศตะวันออก
ตะวันออกเฉียงใต้	ทิศตะวันออกเฉียงใต้
ต.	ทิศใต้	ใต้
ตะวันตกเฉียงใต้	ทิศตะวันตกเฉียงใต้
ต.ต	ตะวันตก	ทิศตะวันตก
ตะวันตกเฉียงเหนือ	ทิศตะวันตกเฉียงเหนือ
ทิศเหนือ	เหนือ
ตะวันออกเฉียงเหนือ	ทิศตะวันออกเฉียงเหนือ
ตะวันออก	ทิศตะวันออก
ตะวันออกเฉียงใต้	ทิศตะวันออกเฉียงใต้
ทิศใต้	ใต้
ตะวันตกเฉียงใต้	ทิศตะวันตกเฉียงใต้
ตะวันตก	ทิศตะวันตก
ตะวันตกเฉียงเหนือ	ทิศตะวันตกเฉียงเหนือ
มุมตั้ง	มุมเงย	ระยะความสูงจากฟ้า
ความสัมพันธ์เชิงวิชาชีพ	สัมพันธภาพเชิงวิชาชีพ
ที่หนึ่ง	อันดับหนึ่ง
ที่หก	อันดับหก
ที่สิบ	อันดับสิบ
ที่สิบสี่	อันดัีบสิบสี่
ที่สิบเจ็ด	อันดับสิบเจ็ด
ที่ยี่สิบ	อัีนดับยี่สิบ
ที่สามสิบ	อันดับสามสิบ
ที่สี่สิบ	อันดับสี่สิบ
ที่ห้าสิบ	อันดับห้าสิบ
ที่แปดสิบ	อันดับแปดสิบ
ที่เก้าสิบ	อันดับเก้าสิบ
ที่หนึ่งพัน	อันดับหนึ่งพัน
ที่หนึ่งล้าน	อันดับหนึ่งล้าน
ที่หนึ่งพันล้าน	อันดับหนึ่งพันล้าน
ที่สุดท้าย	อันดับสุดท้าย
ระบบการวัด	สเกล
มาตรวัดอุณหภูมิ	หน่วยวัดอุณหภูมิ
องศาสัมบูรณ์	องศาเคลวิน
ความเป็นคู่ตรงกันข้าม	ความเป็นคู่ตรงข้าม	ความเป็นปฏิปักษ์
ด้านตรงข้าม	ทางตรงข้าม
สภาวะตรงกันข้าม	สภาวะปฏิปักษ์
ทรงตัน	รูปทรงตัน
ตาราง	ระนาบ
เส้นกลาง	แนวกลาง
รูป	รูปทรง
ทรงโค้งนูน	รูปทรงนูน	รูปโค้งนูน
ทรงโค้งเว้า	รูปทรงเว้า	รูปโค้งเว้า
ทรงกระบอก	รูปกระบอก	รูปทรงกระบอก
ทรงกลม	รูปทรงกลม
รูปโค้ง	เส้นโค้ง	โค้ง
เส้นโค้งจอร์แดน	เส้นโค้งปิดอย่างง่าย
รูปตัวเอส	โค้งตัวเอส	โค้งรูปตัวเอส
ความโค้ง	ส่วนโค้ง
เส้นรอบพื้นที่	เส้นรอบรูป
รัศมี	เส้นรัศมี
เส้นผ่านศูนย์กลาง	เส้นผ่าศูนย์กลาง
เซ็นเตอร์ไลน์	เส้นเซ็นเตอร์ไลน์
รูปทรงโดม	โดม
ร่อง	หลุม	แอ่ง
กรวย	โคน	โคนอยด์
รูปสี่เหลี่ยมผืนผ้า	สี่เหลี่ยมผืนผ้า
วง	วงกลม
ครึ่งวงกลม	รูปครึ่งวงกลม
คอร์ด	เส้นคอร์ด
ทรงหูสมอ	รูปโดนัท
รูปสี่เหลี่ยมจัตุรัส	รูปสี่เหลี่ยมด้านเท่า
จัตุรัส	รูปสี่เหลี่ยมจัตุรัส	สี่เหลี่ยมจัตุรัส
รูปสี่เหลี่ยม	สี่เหลี่ยม
รูปสามเหลี่ยม	สามเหลี่ยม
รูปสามเหลี่ยมมุมแหลม	สามเหลี่ยมมุมแหลม
รูปสามเหลี่ยมด้านเท่า	สามเหลี่ยมด้านเท่า
รูปสามเหลี่ยมหน้าจั่ว	สามเหลี่ยมหน้าจั่ว
รูปสามเหลี่ยมมุมเฉียง	สามเหลี่ยมมุมเฉียง
รูปสามเหลี่ยมมุมป้าน	สามเหลี่ยมมุมป้าน
รูปสามเหลี่ยมมุมฉาก	สามเหลี่ยมมุมฉาก
รูปสามเหลี่ยมด้านไม่เท่า	สามเหลี่ยมด้านไม่เท่า	สามเหลี่ยมใดใด
รูปสี่เหลี่ยมด้านไม่ขนาน	สี่เหลี่ยมใดใด
คางหมู	สี่เหลี่ยมคางหมู
ดาว	รูปดาว
ดอกจัน	รูปเครื่องหมายดอกจัน
รูปสี่เหลี่ยมขนมเปียกปูน	สี่เหลี่ยมขนมเปียกปูน
อาร์ช	โค้ง
รูปกรวย	รูปกระดิ่ง	รูประฆัง
พาราโบลา	พาลาโบลา	เส้นโค้งพาราโบลา	โค้งพาลาโบลา
เส้นโค้งไฮเปอร์โบลา	ไฮเปอร์โบลา
รูปซิกแซก	รูปฟันปลา	หยักฟันปลา
ร่อง	ร่องน้ำ
รอยนูน	ส่วนนูน
วัตถุรูปโค้ง	โค้ง
รูปวงรี	วงรี
ระดับความสูง	ระดับความสูงเชิงมุม	อัลติจูด
การรักษาสมดุล	ความสมดุล	ความเท่าเทียมกัน
ทรงคล้ายทรงกลม	สเฟียรอยด์
ก้อนกลม	ก้อนกลมๆ	บอล	ลูก
รูปทรงยาวบาง	รูปร่างเหมือนเสา
รูปหยดน้ำ	หยดน้ำ
รูปหยดน้ำตา	หยดน้ำตา
ขอทาน	เส้นแบ่งเขต
รอย	เส้น
ตีนกา	รอยตีนกา
ลายมือ	ลายเท้า	ลายเส้นบนฝ่ามือ	เส้นลายบนผิวหนัง	เส้นลายมือ
เส้นขมวดคิ้ว	เส้นระหว่างคิ้ว
เส้นความรัก	เส้นจิตใจ	เส้นหัวใจ	เส้นใจ
เส้นวาสนา	เส้นโชค
รอยยุบตัว	รอยแตก	รอยแตกบนพื้นผิว
รอยพับ	ลอน
ที่ว่าง	สเปซ
รูฝอย	รูเล็ก
ทรีไดอะแกรม	แผนภูมิต้นไม้
รูปทรงเฉพาะ	รูปแบบเฉพาะตัว
รูปทรงสี่เหลี่ยม	ลูกบาศก์
ปิระมิด	พีระมิด
ภาวะตรงกลาง	สายกลาง
ภาวะ	สภาพ	สภาวะ
สภาพ	สภาวะ
ความชื่นชม	ความเทิดทูน
ตำแหน่ง	สถานการณ์	สภาพ
สถานการณ์	สภาพการณ์
ความมั่นใจ	ความไว้ใจ
ความเป็นเพื่อน	มิตรภาพ
ความเป็นสมาชิก	สมาชิกภาพ
ความสัมพันธ์ฉันชู้สาว	ควาสัมพันธ์ทางเพศ
ยูโทเปีย	อุตมรัฐ
ภาวะวิกฤต	วิกฤต	วิกฤตการณ์
สภาพแวดล้อม	สภาวะแวดล้อม	สิ่งแวดล้อม
ขั้น	ระยะ	เลเวล
จุดสูงสุด	ระดับสูงสุด
จุดยุติ	จุดสิ้นสุด
ฐานะ	ตำแหน่ง	สถานภาพ	สถานะ
ความทัดเทียม	ความเท่าเทียมกัน	ความเท่่าเทียม	ความเสมอภาค
คะแนนเท่ากัน	คะแนนเสมอกัน
ฐานะทางสังคม	สถานภาพทางสังคม
ฐานะทางสังคม	สถานภาพทางสังคม
ความเป็นผู้ชนะ	ตำแหน่งชนะเลิศ
ความเป็นบุตรนอกกฎหมาย	ความเป็นลูกนอกสมรส
ชาติ	สัญชาติ
การเป็นอยู่	เป็น
สถานภาพ	สถานภาพการสมรส
การสมรส	การออกเรือน	ชีวิตคู่	ชีวิตสมรส
การมีคู่ครองคนเดียว	การมีคู่สมรสคนเดียว
การมีสามีหลายคน	พหุสามี
หลักนิติธรรม	หลักบังคับแห่งกฎหมาย
ความกลมกลืน	ความสอดคล้องกัน
การสงบศึกชั่วคราว	สัญญาสงบศึก
ภูมิคุ้มกันบกพร่อง	โรคขาดภูมิคุ้มกัน
ความวิกลจริต	ความสับสน	ความโกลาหล
ความชุลมุน	ความวุ่นวาย	ความสับสนวุ่นวาย	ความสับสนอลหม่าน
ภาวะสงคราม	สงคราม
ความขัดแย้ง	ความแตกต่าง
ความมืด	ความมืดดำ
การมืดลง	ความมืดมน
ร่ม	ร่มเงา
การปราศจากมลทิน	ความบริสุทธิ์
การพ้นข้อกล่าวหา	การพ้นมลทิน	การเป็นผู้บริสุทธิ์
การก่ออาชญากรรม	การผิดกฏหมาย
กรง	กรงขัง
การพึ่งพาอาศัย	การพึ่งพาอา่ศัย
กระฉับกระเฉง	กิจกรรม
กิริยา	พฤติกรรม
การหยุด	การหยุดชะงัก
ความหงอยเหงา	ความเงียบหงอย
ภาวะเศรษฐกิจถดถอย	เศรษฐกิจถดถอย
การหาทางออกไม่ได้	ทางตัน	สภาพจนตรอก	สภาพเข้าตาจน
กรณี	เคส
ความมึนเมา	ความเมา
ภาวะความเป็นกรดในเลือดสูง	ภาวะเลือดเป็นกรด
ภาวะเลือดเป็นด่าง	สภาวะความเป็นด่างในเลือดสูง
การนอนไม่หลับ	การอดนอน
การนอน	การนอนหลับ	การหลับ
ฝันร้าย	อาการหวาดผวา
การนอนฝัน	การหลับฝัน
อาการง่วงนอน	อาการง่วงเหงาหาวนอน
การพร้อมเพรียง	ความพร้อม	สภาพความพร้อม
สภาพพร้อมใช้	สภาพพร้อมใช้งาน
การพร้อมรับมือการโจมตี	เรดอเลิร์ต
ภาวะร่างกาย	สภาพร่างกาย	สภาวะร่างกาย
ท้องอืด	ท้องเฟ้อ
ความตื่นตัว	ความตื่นเต้น
ภาวะอุณหภูมิกายสูง	ไฮเปอร์เทอร์เมีย
การคลอดบุตร	ความเจ็บปวดในการคลอดบุตร
ความแข็งแรง	พละกำลัง
ชี่	พลังชีวิต	ลมปราณ
ความเปล่งปลั่ง	สีแดงระเรื่อ
ความเจ็บป่วย	โรคภัยไข้เจ็บ
ความเจ็บป่วย	ความเจ็บไข้
การติด	การเสพติด
การติดยา	การติดยาเสพติด
การติดสุรา	โรคพิษสุรา	โรคพิษสุราเรื้อรัง
การติดโคเคน	การเสพติดโคเคน
การติดเฮโรอีน	การเสพติดเฮโรอีน
การติดคาเฟอีน	การเสพติดคาเฟอีน	ภาวะเสพติดคาเฟอีน
การติดนิโคติน	การเสพติดนิโคติน
การหมดกำลังใจ	อาการสติฟั่นเฟือน
ช็อค	ภาวะช็อค
ช็อกเหตุอินซูลิน	ช็อคน้ำตาล
โรคเคซอง	โรคเคซองชนิดปวดแขนขาและท้อง
ภาวะอาหารเป็นพิษ	อาหารเป็นพิษ
อาการปัสสาวะเป็นสีดำ	ไข้น้ำดำ	ไข้ปัสสาวะดำ
กลุ่มอาการอีตัน-แลมเบิร์ต	กลุ่มอาการแลมเบิร์ต-อีตัน
โรคจากอุตสาหกรรม	โรคเหตุอาชีพ
รำมะนาด	เหงือกเป็นหนอง
โรคลมปัจจุบัน	โรคลมเหตุร้อน
อัมพาตชนิดสั่นรัว	โรคพาร์กินสัน
ความบกพร่องด้านการอ่าน	ความบกพร่องในการอ่าน	ภาวะเสียการอ่านรู้ความ
ภาวะลิ่มเลือดอุดตันในหลอดเลือดแดงปอด	หลอดเลือดแดงพัลโมนารีอุดตันจากลิ่มเลือด
โรคหลอดเลือดหัวใจตีบ	โรคเส้นเลือดหัวใจตีบ
ความดันโลหิตสูงปลอม	ภาวะความดันโลหิตสูงปลอม
การกระด้าง	การแข็ง
ลิ้นหัวใจไมทรัลหย่อน	ลิ้นไมทรัลปลิ้น
โรคต่อมหมวกไตพิการ	โรคแอดดิสัน
เบาหวาน	โรคเบาหวาน
คอตีบ	โรคคอตีบ
โรคฝีดาษ	ไข้ทรพิษ
เชื้อราที่ศีรษะ	โรคกลากที่ศีรษะ
เอดส์	โรคภูมิคุ้มกันบกพร่อง	โรคเอดส์
อหิวาตกโรค	อหิวา่ตกโรค
กามโรค	โรคผู้หญิง
ซิฟิลิส	โรคซิฟิลิส
คางทูม	โรคคางทูม
โปลิโอ	โรคโปลิโอ
วัณโรค	วัณโรคปอด
หวัด	ไข้หวัด
โรคหืด	โรคหืดหลอดลม
ความบกพร่องทางพันธุกรรม	โรคถ่ายทอดทางพันธุกรรม	โรคพันธุกรรม
การเห็นซ้อนสอง	การเห็นภาพซ้อน
โรคท้าวแสนปม	โรคเนื้องอกเส้นประสาททั่วกาย
กลุ่มอาการดาวน์	โรคเอ๋อ
โรคกล้ามเนื้อลีบ	โรคกล้ามเนื้ออ่อนแรง
โรคกล้ามเนื้อลีบดูเชน	โรคกล้ามเนื้อเสื่อมดูเชน
ภาวะไลซินีเมีย	ไลซินีเมีย
โรคไทโรซินิเมีย	ไทโรซินิเมีย
บิดมีตัว	บิดอะมีบา
โรคบิดมีตัว	โรคบิดอะมีบา
โรคริ้นฝอยทรายกัด	โรคลิชมาเนีย
ฝี	พระยอด
ความผิดปกติของเลือด	โรคเกี่ยวกับเลือด
กล่อนน้ำ	น้ำขังเฉพาะที่
เพอร์พิวรา	โรคกาฬม่วง
โรคคอพอก	โรคคอหอยพอก
เยื่อบุมดลูกต่างที่	เยื่อบุโพรงมดลูกเจริญผิดที่
คาร์ซินอยด์	มะเร็งชนิดคาร์ซินอยด์
เนื้อเยื่อผิวมะระ	เนื้อเยื่อแกรนูเลชัน
มะเร็ง	โรคมะเร็ง
มะเร็งเม็ดเลือดขาว	โรคมะเร็งในโลหิต
มะเร็งเม็ดเลือดขาวชนิดเฉียบพลัน	ลูคีเมียชนิดเฉียบพลัน
มะเร็งเม็ดเลือดขาวชนิดเรื้อรัง	ลิวคีเมียชนิดเรื้อรัง
ซาร์โคมา	มะเร็งเนื้อเยื่อเกี่ยวพัน
มิกโซมา	เนื้องอกมิกโซม่า
มะเร็งตับ	เนื้องอกที่ตับ
โรคบากัสโซสิส	โรคปอดชานอ้อย
ฝีดาษวัว	โรคฝีดาษวัว
ภาวะเลือดมีโพแทสเซียมมาก	ภาวะโพแทสเซียมในเลือดสูง
โรคกลัวน้ำ	โรคพิษสุนัขบ้า
โรคแก่นไม้ผุ	โรคไส้หัก	โรคไส้เน่า
การบาดเจ็บ	อาการบาดเจ็บ
แผล	แผลถูกฟัน	แผลมีดบาด
รอยกัด	รอยแผล
การตกเลือด	การมีเลือดออกมาก	อาการตกเลือด
โรคหลอดเลือดสมองแตก	โรคเส้นเลือดในสมองแตก
บาดแผลฟกช้ำ	รอยฟกช้ำ	รอยฟกช้ำดำเขียว	แผลฟกช้ำ
ตาบวมปูด	ตาฟกช้ำ	ตาเขียว
การอาบแดด	ผิวคล้ำแดด
กระดูกแตก	การหัก
กระดูกหักรอยเดียว	กระดูกหักแบบปิด
การเลื่อนผิดปรกติของอวัยวะ	ไส้เลื่อน
ลำไส้ส่วนปลายหย่อน	ไส้ตรงยื่นย้อย
ตุ่มนูน	รอยหวาย
อาการเคล็ด	เท้าแพลง
อิมเมอร์ชั่นฟุต	เท้าแช่เย็น
อาการ	อาการป่วย	อาการเจ็บป่วย
ชีวนิมิต	ชีวสัญญาณ	อาการแสดงชีพ
ภาวะประจำเดือนไม่เคยมา	อาการขาดประจำเดือนระดับปฐมภูมิ
อาการบอกล่วงหน้าโรค	อาการบอกเหตุ	อาการบอกเหตุโรค
กลุ่มอาการ	ซินโดรม
การบวมทั้งตัว	มานทะลุน
เลือดระดูขังในช่องคลอด	เลือดระดูขังในมดลูก
ผื่น	ผื่นสีชมพู
ความปวด	ความเจ็บปวด	อาการปวด
อาการปวดประจำเดือน	อาการปวดระดู
อาการปวดศีรษะ	อาการปวดหัว
ริดสีดวงทวาร	โรคริดสีดวงทวาร
โรคปวดหัวข้างเดียว	ไมเกรน
ความร้อน	ความร้อนจากการเสียดสี
อาการปวดเหงือก	อาการเจ็บเหงือก
ความรู้สึกหนาวสะท้าน	ความหนาวเย็น
สมองอักเสบ	โรคสมองอักเสบ	โรคเยื่อหุ้มสมองอักเสบ	ไข้สมองอักเสบ
ปากอักเสบ	ปากเปื่อย
การสะอึก	การสะือึก	อาการสะอึก
อาการคลื่นเหียน	อาการคลื่นไส้
รอยแผล	แผลเป็น
รอยกรีด	รอยคมดาบ	รอยแผลคมดาบ
ไข้ขึ้นสูง	ไข้สูงมาก	ไข้สูงเกิน
การฝ่อ	การลีบ
อาการท้องเสีย	โรคท้องร่วง
สภาพจิตใจ	สภาวะจิต
ความตื่นเต้นสุดขีด	ความประหม่าสุดขีด
อาการป่วยทางจิต	โรคทางจิต
ความกลัวฝูงชน	อาการกลัวที่โล่ง
ความรังเกียจชาวต่างชาติ	อาการกลัวคนต่างชาติ	อาการกลัวคนแปลกหน้า
โรคจิตประสาท	โรควิตกจริต
เสียงแหบ	เสียงแห้ง
กระเพาะปัสสาวะพิการจากระบบประสาท	ภาวะกระเพาะปัสสาวะพิการจากระบบประสาท
การขับไล่ออก	การแยกออก
การเกาะเกี่ยวกัน	การเชื่อมโยงกัน
ตำแหน่งพระมหากษัตริย์	ตำแหน่งพระราชา
จ้าว	ราชา
ศักดิ์ศรี	เกียรติ	เกียรติยศ
กิตติศัพท์	ความมีชื่อเสียง	ชื่อเสียง
ความน่านับถือ	ความน่าเคารพ
ความเสื่อมยศ	ความเสื่อมเกียรติ	ความเสื่อมเสีย
ความเสื่อม	ความเสื่อมโทรม
การมีอำนาจเหนือ	ความได้เปรียบ
สิ่งที่ทำให้ตาย	เหตุแห่งความหายนะ
ความต้องการ	ความปรารถนา
ความขาดแคลน	ความไม่เพียงพอ
โรคเหา	โรคแมลงปรสิต
สภาพล่อนจ้อน	สภาพเปลือยกาย
ความสมบูรณ์แบบ	ความเพอร์เฟ็ค
การพัฒนา	ความละเอียดปราณีต
ความสมบูรณ์	ทั้งหมด
การขาดคุณสมบัติ	ความไม่สามารถ
ข้อผิดพลาด	ความบกพร่อง
การรวน	ความติดขัด
กลุ่มอาการวิลเลี่ยม	วิลเลี่ยมส์ซินโดรม
กระดูกสันหลังแยกมาแต่กำเนิด	กระดูกสันหลังโหว่
คุณประโยชน์	บุญกุศล
การมีหนี้สินล้นพ้นตัว	ความไม่สามารถชำระหนี้
การล้มราชบัลลังก์	การล้มละลาย
ภาวะที่สิ้นหวัง	ภาวะสิ้นหวัง
ฐานะทางการเงิน	ภาวะทางการเงิน	สถานภาพทางการเงิน	สถานะทางการเงิน
ภาวะเศรษฐกิจ	สภาพเศรษฐกิจ	สภาวะเศรษฐกิจ
ความรุ่งโรจน์	ความเจริญรุ่งเรืองทางเศรษฐกิจ	เศรษฐกิจบูม
ภาวะเศรษฐกิจตกต่ำ	วิกฤตเศรษฐกิจ	เศรษฐกิจตกต่ำ
ภาวะเศรษฐกิจรุ่งเรือง	เศรษฐกิจรุ่งเรือง
ข้อผูกพัน	ข้อผูกมัด	พันธกรณี
การติดหนี้	การมีหนี้สิน	การเป็นหนี้
ความมั่งคั่ง	ความมั่งมี	ความมั่งมีศรีสุข	ความมีอันจะกิน
ความรวย	ความร่ำรวย	ความล่ำซำ
ความหรูหรา	ความโก้หรู
ความยากจน	ความยากจนข้นแค้น
ความขาดแคลน	ภาวะขาดแคลน
ความยากจน	ความสิ้นเนื้อประดาตัว	ความอดอยากยากจน
ความขัดสน	ความไม่มีเงิน
ความเพรียว	ึความเพรียว
สภาพปกติ	สภาพปรกติ
ความผิดปกติ	ความผิดปกติของร่างกาย
ภาวะหลังโก่ง	หลังค่อม	หลังโกง	หลังโก่ง	หลังโก่งผิดรูป
ฟีนิลคีโตนูเรีย	ภาวะฟีนิลคีโตนูเรีย
โรคผีดูดเลือด	โรคโพรพีเรีย
การอุดกั้นลำไส้	ลำไส้อืด
ภาวะถูกพิษ	ภาวะเป็นพิษ
ภาวะพิษจากอัลคาไล	ภาวะพิษอัลคาไล
สถานการณ์แวดล้อม	เหตุการณ์แวดล้อม
ภูมิสถาปัตย์	สภาพอากาศ
ความมืด	ความอึมครึม
ภูมิุคุ้มกัีน	ภูิมิต้านทาน
ภูมิคุ้มกันธรรมชาติ	ภูมิคุ้มกันสืบทอด
ความมีอิสระ	อิสระ
ฆาตรกร	สาเหตุการตาย
ความอ่อนเพลีย	ความอ่อนแอ
ความทุพพลภาพ	ความบกพร่อง	ความพิการ
การเดินกะโผลกกะเผลก	ความพิการขา
บอดกลางวัน	อาการบอดกลางวัน
ตาบอดแสง	ตาฟางกลางคืน
สายตาชรา	สายตาผู้สูงอายุ
อัมพาต	โรคอัมพาต
การพังทลาย	สภาพปรักหักพัง
สภาพการซื้อขาย	สภาพตลาด
โรคผิวหนังกระด้าง	โรคหนังแข็ง
กรวยไตอักเสบ	ไตและกรวยไตอักเสบ
การหยุดไหล	การไหลช้า
ท่อปัสสาวะหย่อน	ท่อปัสสาวะเลื่อนลอด
หลอดน้ำเหลืองขอด	หลอดเลือดขอด
การฉายรังสี	การอาบรังสี
การกลายเป็นมัมมี่	สภาพมัมมี่
ความเป็นบิดา	ความเป็นพ่อ
การเกิดสนิม	ความเป็นสนิม
การก่อเรื่องอื้อฉาว	การทำเรื่องอื้อฉาว
วัตถุ	วัสดุ
สารตั้งต้น	สารต้น
แอกตินอน	แอกตินอยด์	แอกติไนด์
สารก่อไข้	ไพโรเจน
อัลดีไฮด์	แอลดีไฮด์
กรดโฮโมเจนติซิก	อัลแคปตอน	โฮโมเจนติซิกแอซิด
อนุภาค	อะตอม	โมเลกุล
ฟล็อก	ฟล็อกกูล	ฟล็อค
อัลลอย	โลหะผสม
อะคริโลไนไตรล์-บิวทาไดอีน-สไตรีน	เอบีเอส
ตัวดูดกลืน	วัสดุดูดกลืน
กรดน้ำส้ม	กรดอะซีติก	กรดเอทาโนอิก	อะซีติกแอซิด	เอทาโนอิกแอซิด
กรดอะมิโน	กรดอะมิโนอัลคาโนอิก	อะมิโนอัลคาโนอิกแอซิด	อะมิโนแอซิด
กรดอะมิโนแอสพาราจีน	แอสพาราจีน
กรดแอสพาร์ติก	แอสพาร์ติกแอซิด
กรดอะมิโนคานาวานีน	คานาวานีน
คลอโรฟลูโรคาร์บอน	สารซีเอฟซี
ซิเตรต	เกลือซิเตรต
กรดอะมิโนซิตรูลลีน	ซิตรูลลีน
กรดอะมิโนไดไฮดรอกซีฟีนิลอะลานีน	ไดไฮดรอกซีฟีนิลอะลานีน
กรดแอมิโนจำเป็น	อะมิโนแอซิดจำเป็น
กรดแกมมาอะมิโนบิวทีริก	แกมมาอะมิโนบิวทีริกแอซิด
กรดกลูตามิก	กลูตามินิกแอซิด
กรดอะมิโนกลูตามีน	กลูตามีน
กรดไกลซีน	ไกลซีน
กรดอะมิโนไฮดรอกซิโพรลีน	ไฮดรอกซิโพรลีน
กรดไอโอโดอะมิโน	ไอโอโดอะมิโนแอซิด
กรดอะมิโนออร์นิทีน	ออร์นิทีน
กรด	แอซิด
กรดอาร์ซีนิก	อาร์ซีนิกแอซิด
กรดเฮกซาโคซาโนอิก	ซีโรติกแอซิด	เฮกซาโคซาโนอิกแอซิด
กรดคลอริก	คลอริกแอซิด
กรดคลอรัส	คลอรัสแอซิด
กรดโมโนเบสิก	โมโนเบสิกแอซิด
กรดไดเบสิก	กรดไดเบสิค	ไดเบสิกแอซิด
กรดไตรเบสิกแอซิด	กรดไตรเบสิค	ไตรเบสิกแอซิด
ธาตุไทรเทียม	ไทรเทียม
กรดเตตระเบสิก	กรดเตตระเบสิค	เตตระเบสิกแอซิด
กรดฟัลมินิก	กรดฟัลมินิค	ฟัลมินิกแอซิด
กรดแกมมา	แกมมาแอซิด
กรดอะดิพิก	กรดเฮกซานีดิโออิก	อะดิพิกแอซิด	เฮกซานีดิโออิกแอซิด
กรดไฮดริโอดิก	กรดไฮดริโอดิค	ไฮดริโอดิกแอซิด
สารเอชซีเอฟซี	ไฮโดรคลอโรฟลูออโรคาร์บอน
กรดพรัสซิก	กรดไฮโดรซีอะนิก	กรดไฮโดรซีอะนิค	พรัสซิกแอซิด	ไฮโดรซีอะนิกแอซิด
กรดไฮดรอกซี	ไฮดรอกซีแอซิด
กรดไฮดรอกซีเบนโซอิัค	กรดไฮดรอกซีแบนโซอิก	ไฮดรอกซีแบนโซอิกแอซิด
กรดไฮโปไนเตรียส	ไฮโปไนเตรียสแอซิด
กรดไฮโปฟอสฟอริก	กรดไฮโปฟอสฟอริค	ไฮโปฟอสฟอริกแอซิด
กรดฟอสฟอรัส	กรดออร์โทฟอสฟอรัส	กรดไฮโปฟอสฟอรัส	ฟอสฟอรัสแอซิด	ออร์โทฟอสฟอรัสแอซิด	ไฮโปฟอสฟอรัสแอซิด
กรดจูนิเปอริก	กรดจูนิเปอริค	จูนิเปอริกแอซิด
กรดไลเซอร์จิก	ไลเซอร์จิกแอซิด
กรดแมงกานิก	แมงกานิกแอซิด
กรดเมตาฟอสฟอริก	เมตาฟอสฟอริกแอซิด
กรดโพลีฟอสฟอริก	โพลีฟอสฟอริกแอซิด
กรดไพโรฟอสฟอริก	ไพโรฟอสฟอริกแอซิด
2-เมทีลโพรพีโนอิกแอซิด	กรดเมทาครีลิก	เมทาครีลิกแอซิด
กรดมิวซิก	มิวซิกแอซิด
กรดซีลีนิก	กรดซีลีนิค	ซีลีนิกแอซิด
กรดซูบีริก	กรดออกตานีดิโออิก	ซูบีริกแอซิด	ออกตานีดิโออิกแอซิด
กรดซักซินิก	กรดซัคซินิก	ซักซินิกแอซิด
กรดซัลโฟนิก	ซัลโฟนิกแอซิด
กรดไททานิก	ไททานิกแอซิด
ไททานิกออกไซด์	ไททาเนีย	ไททาเนียมออกไซด์	ไททาเนียมไดออกไซด์
คีเลต	สารประกอบคีเลต
บัคกี้บอล	บัคมินสเตอร์ฟูลเลอรีน
ธาตุ	ธาตุทางเคมี
ก๊าซมีตระกูล	ก๊าซหายาก	ก๊าซเฉื่อย	อาร์โกนอน	แก๊สมีตระกูล	แก๊สหายาก	แก๊สเฉื่อย
กลุ่มธาตุแลนทาไนด์	ธาตุแลนทานอน	ธาตุแลนทานอยด์	ธาตุแลนทาไนด์
กลุ่มธาตุแอกทิไนด์	คาบแอกทิไนด์	อนุกรมแอกทิไนด์
กลุ่มธาตุแลนทาไนด์	คาบแลนทาไนด์	อนุกรมแลนทาไนด์
ธาตุโลหะ	โลหะ
โลหะมีตระกูล	โลหะมีสกุล
ทรานแซกติไนด์	ธาตุทรานแซกติไนด์
ธาตุแอกทิเนียม	แอกทิเนียม
ธาตุอะลูมิเนียม	อะลูมิเนียม
แอลัม	โปรแตสเซียมแอลัม
ธาตุอะเมริเซียม	อะเมริเซียม
ธาตุพลวง	พลวง
ก๊าซอาร์กอน	อาร์กอน
ธาตุอาร์ซีนิก	สารหนู
ธาตุแอสทาทีน	แอสทาทีน
ธาตุแบเรียม	แบเรียม
ธาตุเบอร์คีเลียม	เ่บอร์คีเลียม
ธาตุเบริลิเลียม	เบริลเลียม
ธาตุบิสมัท	บิสมัท
ธาตุโบห์เรียม	โบห์เรียม
ธาตุโบรอน	โบรอน
ธาตุโบรมีน	โบรมีน
ธาตุแคดเมียม	แคดเมียม
ธาตุแคลเซียม	แคลเซียม
ธาตุแคลิฟอร์เนียม	แคลิฟอร์เนียม
คาร์บอน	ธาตุคาร์บอน
ซีเรียม	ธาตุซีเรียม
ซีเซียม	ธาตุซีเซียม
ก๊าซคลอรีน	คลอรีน
ธาตุโครเมียม	โครเมียม
ธาตุโคบอลต์	โคบอลต์
คอปเปอร์	ทองแดง	ธาตุทองแดง
คูเรียม	ธาตุคูเรียม
ดาร์มสตาดเทียม	ธาตุดาร์มสตาดเทียม
ดุบเนียม	ธาตุดุบเนียม
ดิสโพรเซียม	ธาตุดิสโพรเซียม
ธาตุไอน์สไตเนียม	ไอน์สไตเนียม
ธาตุเออร์เบียม	เออร์เบียม
ธาตุยูโรเพียม	ยูโรเพียม
ธาตุเฟอร์เมียม	เฟอร์เมียม
ธาตุฟลูโอรีน	ฟลูโอรีน
ธาตุแฟรนเซียม	แฟรนเซียม
ธาตุแกโดลิเนียม	แกโดลิเนียม
ธาตุแกลเลียม	แกลเลียม
ธาตุเจอร์เมเนียม	เจอร์เมเนียม
ทอง	ทองคำ	ธาตุทองคำ
ทองคำบริสุทธิ์	ทองบริสุทธิ์
ธาตุแฮฟเนียม	แฮฟเนียม
ธาตุฮาสเซียม	ฮาสเซียม
ก๊าซฮีเลียม	ฮีเลียม
ธาตุโฮลเมียม	โฮลเมียม
ก๊าซไฮโดรเจน	ไฮโดรเจน
ดูทีเรียม	ไฮโดรเจนหนัก
ธาตุอินเดียม	อินเดียม
ธาตุไอโอดีน	ไอโอดีน
ธาตุอิริเนียม	อิริเนียม
ธาตุเหล็ก	เหล็ก
ก๊าซคริปทอน	คริปทอน
ธาตุแลนทานัม	แลนทานัม
ธาตุลอว์เรนเซียม	ลอว์เรนเซียม
ตะกั่ว	ธาตุตะกั่ว
ธาตุลิเทียม	ลิืเทียม
ธาตุลูทีเชียม	ลูทีเชียม
ธาตุแมกนีเซียม	แมกนีเซียม
ธาตุแมงกานีส	แมงกานีส
ธาตุเมนเดลีเวียม	เมนเดลีเวียม
ธาตุปรอท	ปรอท
ธาตุโมลิบดินัม	โมลิบดินัม
ธาตุนีโอดิเมียม	นีโอดิเมียม
ก๊าซนีออน	นีออน
ธาตุเนปทูเนียม	เนปทูเนียม
ธาตุนิเกิล	นิกเกิล
ธาตุไนโอเบียม	ไนโอเบียม
ก๊าซไนโตรเจน	ไนโตรเจน
ธาตุโนเบเลียม	โนเบเลียม
ธาตุออสเมียม	ออสเมียม
ก๊าซออกซิเจน	ออกซิเจน
ธาตุแพลเลเดียม	แพลเลเดียม
ธาตุฟอสฟอรัส	ฟอสฟอรัส
ธาตุแพลตินัม	แพลตินัม
ธาตุพลูโตเนียม	พลูโตเนียม
ธาตุพอโลเนียม	พอโลเนียม
ธาตุโปแตสเซียม	โปแตสเซียม	โพแทสเซียม
ธาตุเพรซีโอดิเมียม	เพรซีโอดิเมียม
ธาตุโพรมีเทียม	โพรมีเทียม
ธาตุโพรแทกทิเนียม	โพรแทกทิเนียม
ธาตุเรเดียม	เรเดียม
ธาตุเรดอน	เรดอน
ธาตุรีเนียม	รีเนียม
ธาตุโรเดียม	โรเดียม
ธาตุเรินต์เกเนียม	เรินต์เกเนียม
ธาตุรูบิเดียม	รูบิเดียม
ธาตุรูทีเนียม	รูทีเนียม
ธาตุรัทเทอร์ฟอร์เดียม	รัทเทอร์ฟอร์เดียม
ซาแมเรียม	ธาตุซาแมเรียม
ธาตุสแกนเดียม	สแกนเดียม
ซีบอร์เกียม	ธาตุซีบอร์เกียม
ซีลีเนียม	ธาตุเซเลเนียม
ซิลิกอน	ธาตุซิลิกอน
ธาตุเงิน	เงิน
ธาตุโซเดียม	โซเดียม
ธาตุสตอรนเชียม	สตอรนเชียม
กำมะถัน	ซัลเฟอร์	ธาตุซัลเฟอร์
ธาตุแทนทาลัม	แทนทาลัม
ทอรีน	เทารีน
ธาตุเทกนีเทียม	เทกนีเทียม
ธาตุเทลลูเรียม	เทลลูเรียม
ธาตุเทอร์เบียม	เทอร์เบียม
ธาตุแทลเลียม	แทลเลียม
ทอเรียม	ธาตุทอเรียม
ทูเลียม	ธาตุทูเลียม
ดีบุก	ธาตุดีบุก
ธาตุไททาเนียม	ไททาเนียม
ทังสเตน	ธาตุทังสเตน	ธาตุวุลแฟรม	วุลแฟรม
ธาตุอูนอูนเบียม	อูนอูนเบียม
ธาตุอูนอูนเฮกเซียม	อูนอูนเฮกเซียม
ธาตุอูนอูนเพนเทียม	อูนอูนเพนเทียม
ธาตุอูนอูนควอเดียม	อูนอูนควอเดียม
ธาตุอูนอูนเทรียม	อูนอูนเทรียม
ธาตุยูเรเนียม	ยูเรเนียม
ธาตุวานาเดียม	วาเนเดียม
ก๊าซซีนอน	ซีนอน
ธาตุอิตเทอร์เบียม	อิตเทอร์เบียม
ธาตุอิตเทรียม	อิตเทรียม
ซิงก์	ธาตุสังกะสี	สังกะสี
ธาตุเซอร์โคเนียม	เซอร์โคเนียม
แร่	แร่ธาตุ
แร่โอโซซีไรต์	โอโซซีไรต์	โอโซเซอไรต์
อะลาบาสเทอร์	แร่อะลาบาสเทอร์
แร่แอมบลีโกไนต์	แอมบลีโกไนต์
แร่แอมฟิโบล	แอมฟิโบล
กลุ่มแร่แอมฟิโบล	กลุ่มแอมฟิโบล
อะพาไทต์	แร่อะพาไทต์
อะราโกไนต์	แร่อะราโกไนต์
อาร์เจนไทต์	แร่อาร์เจนไทต์
อาร์จีโรไดต์	แร่อาร์จีโรไดต์
อาร์ซิโนไพไรต์	แร่อาร์ซิโนไพไรต์
ยางมะตอย	แอสฟัลต์
ออไจต์	แร่ออไจต์
แบดเดเลย์ไอต์	แร่แบดเดเลย์ไอต์
แบสต์เนไซต์	แร่แบสต์เนไซต์
บอกไซต์	แร่บอกไซต์	แร่อะลูมิเนียม
เบอรีล	แร่เบอรีล
บอแรกซ์	แร่บอแรกซ์
บอร์ไนต์	สินแร่สีนกยูง	แร่บอร์ไนต์
คาร์นัลไลต์	แร่คาร์นัลไลต์
แคสซิเทอไรต์	แร่แคสซิเทอไรต์
เซลีสไทต์	แร่เซลีสไทต์
เซรัสไซต์	แร่ตะกั่วขาว	แร่เซรัสไซต์
ชาลโคไซต์	แร่ชาลโคไซต์
ชาลโคไพไรต์	แร่ชาลโคไพไรต์
คลอไรต์	แร่คลอไรต์
แร่โครไมต์	โครไมต์
ครีโซเบรีล	แร่ครีโซเบรีล
ซินนาบาร์	แร่ซินนาบาร์	โลหะปรอท
แร่โคบอลไทต์	โคบอลไทต์
เกลือสินเธาว์	เกลือหิน	แร่แฮไลต์	แฮไลต์
แร่โคลแทน	โคลัมไบต์-แทนทาไลต์	โคลแทน
คอร์เดียไรต์	แร่คอร์เดียไรต์
กากกะรุน	คอรันดัม	แร่คอรันดัม
คริสโตบาไลต์	แร่คริสโตบาไลต์
ครอโคไลต์	แร่ครอโคไลต์
แร่ไคลโอไลต์	ไคลโอไลต์
คูไพรต์	แร่คูไพรต์
แร่โดโลไมต์	โดโลไมต์
เอเมอรี่	แร่สำหรับขัด	แร่เอเมอรี่
เอรีไทรต์	แร่เอรีไทรต์
เฟอร์กูโซไนต์	แร่เฟอร์กูโซไนต์
ฟลูโอราพาไทต์	แร่ฟลูโอราพาไทต์
ฟลูออไรต์	ฟลูออไรท์	แร่ฟลูออไรต์
กาโดลิไนต์	แร่กาโดลิไนต์
กาเลนา	แร่กาเลนา
การ์เนียไรต์	แร่การ์เนียไรต์
แอลมันไดต์	แอลมันไดน์
เกอร์มาไนต์	แร่เกอร์มาไนต์
กิบบ์ไซต์	แร่กิบบ์ไซต์
กลอโคไนต์	ทรายเขียว	แร่กลอโคไนต์
แคดเมียมซัลไฟด์	แร่แคดเมียมซัลไฟด์
ยิปซัม	เกลือจืด	แร่ยิปซัม
ฮาวส์แมนไนต์	แร่ฮาวส์แมนไนต์
แบไรต์	แร่แบไรต์
คาลาไมน์	เฮมิมอร์ไฟต์	แร่คาลาไมน์	แร่เฮมิมอร์ไฟต์
อิลเมไนต์	แร่อิลเมไนต์
หยก	แร่เจไดต์
แร่ไคไนต์	ไคไนต์
คาโอลิไนต์	แร่คาโอลิไนต์
เคอร์ไนต์	แร่เคอร์ไนต์
คีเซไรต์	แร่คีเซไรต์
แร่ไคยาไนต์	ไคยาไนต์
เกลือของกรดน้ำนม	แลคแตต
แร่แลงเบไนต์	แลงเบไนต์
แมกนีไซต์	แร่แมกนีไซต์
มาลาไคต์	แร่มาลาไคต์
แมงกาไนต์	แร่แมงกาไนต์
เซพิโอไลท์	เมียร์สชอม	เมียส์ชอม
มัสโคไวต์	แร่กลีบหินขาว
เนฟิลีน	เนฟิไลต์
เนไฟรต์	แร่เนไฟรต์
กรดเปอร์คลอริก	เปอร์คลอริกแอซิด
กรดอะมิโนโพรลีน	โพรลีน
ก๊าซบิวเทน	บิวเทน
ถ่าน	ถ่านไม้
ดีเซล	น้ำมันดีเซล
พระเพลิง	อัคคี	เปลวเพลิง	เปลวไฟ	เพลิง	ไฟ
น้ำมัน	น้ำมันเบนซิน	เบนซิน
คีโรซีน	น้ำมันก๊าด	น้ำมันตะเกียง
เมทานอล	เมทิลแอลกอฮอล์
พลอยมุกดา	แร่โอปอล
น้ำตาลไตรโอส	ไตรโอส
น้ำตาลเทโตรส	เทโตรส
น้ำตาลเพนโตส	เพนโตส
น้ำตาลเฮกโซส	เฮกโซส
แร่ไพไนต์	ไพไนต์
ก๊าซโพรเพน	โพรเพน
เชื้อเพลิงจรวด	เ้ชื้อเพลิงขับเคลื่อนจรวด
พิโรไทน์	แร่พิโรไทต์
รีอัลการ์	แร่รีอัลการ์
ดินเหนียวแดง	ตมทะเลสีแดง
แร่โรโดโครไซท์	โรโดโครไซท์
แร่โรโดไนท์	โรโดไนท์
น้ำตาลไรโบส	ไรโบส
มาร์ลสโตน	หินมาร์ล
รัตนชาติ	หินมีค่า	อัญมณี
พัมมิซ	หินพัมมิซ
เชลแลค	เชลแล็ค
กาว	สารยึดติด
กาว	แป้งเปียก
ซีเมนต์	วัตถุประสาน
เอดีเอ	เอนไซม์อะดีโนซีนดีอะมิเนส
อะดีโนซีนไดฟอสเฟต	เอดีพี
อะดีโนซีนไทรฟอสเฟต	เอทีพี
เอทานอล	เอทิลแอลกอฮอล์
น้ำตาลอัลโดเฮกโซส	อัลโดเฮกโซส
น้ำตาลอัลโดส	อัลโดส
อะเซทัลดิไฮด์	เอทานอล
อัลคาไล	แอลคาไล
ยาสูบพันธุ์เตอร์กิช	ยาสูบเตอร์กิช	ใบยาเตอร์กิช
ใบยาลาตาเกีย	ใบยาสูบลาตาเกีย
อเล็กซานไดรต์	แร่อเล็กซานไดรต์
อะมัลกัม	โลหะเจือปรอท
สารแคโรทีน	แคโรทีน
รงควัตถุในพืชที่มีสีเหลือง	ลูทีน	แซนโธฟีล
อะเมทิสต์	แอเมทิสต์
ตัวปลุกฤทธิ์	สารปลุกฤทธิ์
ตัวเร่งปฎิกิริยา	ตัวเร่งปฏิกิริยา
แร่แอกติโนไลต์	แอกติโนไลต์
แร่แอนโทฟีลไลต์	แอนโทฟีลไลต์
ฮอร์นเบลนด์	แร่ฮอร์นเบลนด์
ตัวลดความแรง	มอเดอเรเตอร์
มูซิน	สารมูซิน
เคราติน	เคอราทิน
คะตะเลส	เอนไซต์คะตะเลส
กรดคาร์บอกซิลิก	คาร์บอกซิลิกแอซิด
กรดแซกคาริก	กรดแซคคาริก	แซกคาริกแอซิด
กรดเซบาซิก	กรดเดคานีไดโออิก	เซบาซิกแอซิก	เดคานีไดโออิกแอซิด
กรดซอร์บิก	ซอร์บิกแอซิด
กรดวาเลอริก	กรดเพนตาโนอิก	วาเลอริกแอซิด	เพนตาโนอิกแอซิด
กรดอะมิโนเบนโซอิก	อะมิโนเบนโซอิกแอซิด
แอมโมเนียม	แอมโมเนียมไอออน
ออกซิน	ฮอร์โมนออกซิน
เมเกสตรอล	เมเกสตรอลอาซิเตต
เมดร็อกซีโปรเจสเตอโรน	โปรวีร่า
ฮอร์โมนแอนโดรเจน	แอนโดรเจน
ฮอร์โมนฮิวแมนโคริโอนิคโกนาโดโทรพิน	ฮิวแมนโคริโอนิคโกนาโดโทรพิน
เอสโตรเจน	เอสโทรเจน
ฮอร์โมนเอสตริออล	เอสตริออล
กลูโคคอร์ติคอยด์	ฮอร์โมนกลูโคคอร์ติคอยด์
ฮอร์โมนไฮโดรคอร์ติโซน	ไฮโดรคอร์ติโซน
พรีโลน	ยาพรีโลน	ยาเพรดนิโซโลน	เพรดนิโซโลน
อะนิลีน	อะมิโนเบนซีน
งา	งาช้าง
คาเฟอีน	สารคาเฟอีน
ขนของตัวบีเวอร์	ขนบีเวอร์
กรดไนตริก	ไนตริกแอซิด
กรดไนตรัส	ไนตรัสแอซิด
ก๊าซไนโตรเจนไดออกไซด์	ไนโตรเจนไดออกไซด์
กรดไนโตรไฮโดรคลอลิก	ไนโตรไฮโดรคลอลิกแอซิด
ขี้เถ้า	เถ้า	เถ้าถ่าน
ขี้เถ้าลอย	เถ้าลอย
กรดบาร์บิทูริก	บาร์บิทูริกแอซิด
กรดอิเล็กโตรไลต์	กรดแบตเตอรี่	อิเล็กโตรไลต์แอซิด
นมผึ้ง	รอยัลเยลลี่
วงเบนซีน	วงแหวนเบนซีน
กรดเบนโซอิก	เบนโซอิกแอซิด
ดินฟอกสีน้ำมัน	แป้งฟอกสี
น้ำยาล้างแผล	ไฮโดรเจนเพอร์ออกไซด์
ดอกไม้ที่หันเข้าหาแสงอาทิตย์	หินบลัดสโตน	หินเลือดพระลักษณ์
กรมธรรม์	กระดาษคุณภาพดี
อัฐิ	เถ้ากระดูก
กรดบอริก	บอริกแอซิด
กรดบอริก	กรดออร์โทบอริก	บอริกแอซิด	ออร์โทบอริกแอซิด
กรดโบรมิก	โบรมิกแอซิด
บัฟเฟอร์	สารละลายบัฟเฟอร์
บิวทิลีน	บูทีลีน
แคลเซียม-ไซยานาไมด์	ไซยานาไมด์
ปูนขาว	แคลเซียมออกไซด์
กรดคาร์บามิก	คาร์บามิกแอซิด
คาร์โบไฮเดรต	เเป้งและน้ำตาล
คาร์บอนาโด	หินเพชรดำ
ขี้เขม่า	เขม่า
คาร์บอกซีเมทิลเซลลูโลส	คารบอกซีเมทิลเซลลูโลส
คอลโลเดียน	สารละลายคอลโลเดียน
ตะกั่วดำ	แกรไฟต์
ก๊าซคาร์บอนไดออกไซด์	คาร์บอนไดออกไซด์
กระดาษก๊อปปี้	กระดาษคาร์บอน
กรดคาร์บอนิก	คาร์บอนิกแอซิด
ของมีคม	สารขัดถู
กระดาษการ์ด	การ์ด
สตรอว์บอร์ด	ไม้อัดฟางข้าว
ปูน	ปูนซีเมนต์
ซิเมนต์	ปูน	ปูนซิเมนต์
สารเอ็นโดฟิน	เอ็นดอร์ฟิน
สารเบต้าเอ็นโดฟิน	เบต้าเอ็นโดฟิน
กรดโครมิก	โครมิกแอซิด
ตะกั่วโครเมต	เลดโครเมต
กรดซิตริก	กรดมะนาว	ซิตริกแอซิด
ดินเบนโทไนต์	เบนโทไนต์
หินดินเหนียว	หินเคลย์
ถ่านหิน	ถ่านหินบิทูมินัส
คอมพลีเมนทารีดีเอ็นเอ	ซีดีเอ็นเอ
สารประกอบ	สารประกอบเคมี
คอนดักเตอร์	ตัวนำ
สารกึ่งตัวนำ	เซมิคอนดักเตอร์
ฉนวน	วัสดุไม่นำไฟฟ้า
กรดอะมิโนครีเอทีน	ครีเอทีน
กรดไซยานิก	ไซยานิกแอซิด
กรดไซยานูริก	ไซยานูริกแอซิด
ซี	ไซโตซีน
ดีคาร์บอกซีเลส	เอนไซม์ดีคาร์บอกซีเลส
กรดดีออกซิไรโบนิวคลิอิก	กรดออกซิไรโบนิวคลิอิก	ดีเอ็นเอ
ยีนกระโดด	ยีนสัญจร
กรดไรโบนิวคลีอิก	อาร์เอ็นเอ
ทีอาร์เอ็นเอ	อาร์เอ็นเอถ่ายโอน
ตัวละลาย	ตัวเจือจาง
ไม้ที่ลอยตามน้ำ	ไม้ที่ลอยน้ำ
ขี้ฝุ่น	ฝุ่น
ธาตุ	องค์ประกอบ
ลมหายใจ	ลมหายใจเข้าออก
ธาตุลม	ลม
ธาตุไฟ	ไฟ
ดิน	ธาตุดิน
ธาตุน้ำ	น้ำ
อีลาสเทส	เอนไซม์อีลาสเทส
เอนเตอโรไคเนส	เอนไซม์เอนเตอโรไคเนส
ของที่ปล่อยออก	ของที่ปล่อยออกมา
ของเสีย	ของเสียในร่างกาย
พระบังคนหนัก	มูล	อาจม	อุจจาระ
กับระเบิด	ขี้	อึ
ขี้นก	มูลนก
ขี้	มูลสัตว์
ขี้วัว	มูลโค
ขี้ไส้เดือน	มูลไส้เดือน
ฉี่	น้ำปัสสาวะ	น้ำเยี่ยว	ปัสสาวะ	พระบังคนเบา	เยี่ยว
อาเจียน	อ้วก
ขยะ	ของเสีย	ปฏิกูล	เศษขยะ
ของเสีย	น้ำเสีย	สิ่งปฏิกูล
น้ำทิ้ง	น้ำเสีย
ซากปรักหักพัง	เศษซาก
กากสารพิษ	ขยะพิษ	ขยะสารพิษ
ฝุ่นกัมมันตรังสี	ละอองกัมมันตภาพรังสี
ปุ๋ยออร์แกนิค	ออร์แกนิค
โซดาไนเตอร์	โซเดียมไนเตรต
ดินประสิว	โปแตสเซียมไนเตรต	โปแตสเซียมไนเตรท
กรดโพรพาโนอิก	กรดโพรไพโอนิก	โพรพาโนอิกแอซิด	โพรไพโอนิกแอซิด
โกโก้บัตเตอร์	ไขมันโกโก้
อัลไบท์	แร่อัลไบท์
กรดเฟอร์ริไซยานิก	เฟอร์ริไซยานิกแอซิด
กรดเฟอร์โรไซยานิก	เฟอร์โรไซยานิกแอซิด
ใยแก้ว	ไฟเบอร์กลาส
น้ำมันตับปลา	น้ำมันปลา
แฟลกซ์	ใยแฟลกซ์
ฝ้าย	ใยฝ้าย
ขี้ผึ้งขัดพื้น	แว็กซ์ขัดพื้น
กรดฟลูโอโรโบริก	ฟลูโอโรโบริกแอซิด
กรดฟลูโอซิลิซิก	กรดไฮโดรฟลูซิลิซิก	ฟลูโอซิลิซิกแอซิด	ไฮโดรฟลูซิลิซิกแอซิด
ก๊าซฟอร์มัลดิไฮด์	ก๊าซเมทานอล	ฟอร์มัลดิไฮด์	เมทานอล
กรดฟอร์มิก	ฟอร์มิกแอซิด
เชื้อเพลิง	เชื้อไฟ
กรดฟูมาริก	ฟูมาริกแอซิด
กรดกอลลิก	กอลลิกแอซิด
สังกะสี	เหล็กเคลือบสังกะสี
ก๊าซ	แก๊ส
กระดาษคราฟท์	กระดาษเหนียว
ควอตซ์	ผลึกแก้ว	แร่เขี้ยวหนุมาน
อุลกมณี	เทกไทต์
ผลึกคู่	ผลึกแฝด
กรดกลีเซอริก	กลีเซอริกแอซิด
น้ำมันกลีเซอรีน	ไนโตรกลีเซอรีน
กรดกลีโคลลิก	กรดกลีโคลิก	กรดไฮดรอกไซยาซีติก	กลีโคลลิกแอซิด	กลีโคลิกแอซิด	ไฮดรอกไซยาซีติกแอซิด
ปืนไฟกรีก	ไฟกรีก
หินไกรเซน	ไกรเซน
กวานีน	จี
ยางไม้	เรซิน
ของเหลวขับจากพืช	เรซินธรรมชาติ
ตัวกลาง	สารตัวกลาง
สารตัวกลางทึบแสง	สารทึบรังสี
ยางไม้อะราบิก	ยางไม้อะเคเชีย
ยางคิโนเบงกอล	ยางทองกวาว
กาวอีพ็อกซี่	อีพ็อกซี	เรซินอิพอกซี
ธาตุฮาโลเจน	ฮาโลเจน
กรดอะมิโนฮิสทิดีน	ฮิสทิดีน
ไฮยาซินท์	ไฮยาซินธ์
กรดไฮโดรโบรมิก	ไฮโดรโบรมิกแอซิด
สารประกอบไฮโดรคาร์บอน	ไฮโดรคาร์บอน
ก๊าซบิวตะไดอีน	ก๊าซบูทาเดียน	ก๊าซบูทาไดอีน
กรดคลอโรไฮดริก	กรดเกลือ	กรดไฮโดรคลอริก	คลอโรไฮดริกแอซิด	ไฮโดรคลอริกแอซิด
กรดไฮโดรฟลูโอริก	ไฮโดรฟลูโอริกแอซิด
กรดไฮโดรไอโอดิก	ไฮโดรไอโอดิกแอซิด
กรดไฮโปคลอเรียส	ไฮโปคลอเรียสแอซิด
น้ำค้างแข็ง	เกล็ดน้ำค้าง
น้ำหมึก	หมึก
เชื้อปลูก	เชื้อใช้ปลูก
ยาฆ่าแมลง	อินเซกติไซด์
ฉนวน	ฉนวนกันความร้อน
สารตัวกลาง	สารมัธยันตร์
กรดไอโอดิก	ไอโอดิกแอซิด
กรดไอโซไซยานิก	ไอโซยานิกแอซิด
กรดอะมิโนไอโซลิวซีน	ไอโซลิวซีน
กรดไอตาโคนิก	ไอตาโคนิกแอซิด
ปอ	ปอกระเจา
คีโตส	น้ำตาลคีโตส
เอนไซม์แล็กเทส	แล็กเทส
กรดน้ำนม	กรดแล็กติก	แล็กติกแอซิด
หินหนืด	แมกมา
หินเพกมาไทต์	เพกมาไทต์
หินเพริโดไทต์	เพริโดไทต์
แมสซิคอต	แมสซิโคไทต์
แคลไซต์	แร่แคลไซต์
ปูนขาว	แคลเซียมไฮดรอกไซด์
น้ำผสมน้ำยาซักผ้า	น้ำผสมผงซักฟอก
ซุง	ท่อนซุง	ไม้ซุง
กรดมาเลออิก	มาเลอิกแอซิด
น้ำตาลมอลต์	มอลโทส
พาราฟฟิน	สารพาราฟฟิน
กรดอะมิโนเมไทโอนีน	เมไทโอนีน
กรดมูเรียติก	มูเรียติกแอซิด
กระดาษเขียนโน้ตดนตรี	กระดาษโน้ตดนตรี
ก๊าซมัสตาร์ด	แก๊สมัสตาร์ด	ไดคลอโรเอทิลซัลไฟด์
เส้นใยจากธรรมชาติ	เส้นใยธรรมชาติ
ก๊าซธรรมชาติ	แก๊สธรรมชาติ
ก๊าซทำลายประสาท	ก๊าซทำลายระบบประสาท	แก๊สทำลายประสาท	แก๊สทำลายระบบประสาท
เงินนิกเกล	เงินเยอรมัน
น้ำมัน	ออยล์
น้ำมันฟูเซล	ฟูเซลออยล์
กรดออกซาลาซีติก	กรดออกซาโลอะซีติก	ออกซาลาซีติกแอซิด	ออกซาโลอะซีติกแอซิด
กรดออกซาลิก	ออกซาลิกแอซิด	เอทานีดิโออิกแอซิด
ออกซีอะเซทิลีน	แก๊สออกซีอะเซทิลีน
กรดออกซิเจน	ออกซิเจนแอซิด	ออกไซยาซิด
กรดพีริออดิก	กรดพีริโอดิก	พีริโอดิกแอซิด
ก๊าซโอโซน	โอโซน
กรดแพนโตทีนิก	เพนโตทีนิกแอซิด	เพนโตเทน
กรดพาราอะมิโนเบนโซอิก	พาราอะมิโนเบนโซอิกแอซิด
มาคาแดม	มาแคดัม
กรดเพกติก	เพกติกแอซิด
กรดเปอร์บอริก	เปอร์บอริกแอซิด
เปอร์ฟลูออโรคาร์บอ	เปอร์ฟลูออโรคาร์บอน
กรดเพอร์แมงกานิก	เพอร์แมงกานิกแอซิด
ปิโตรลาตัม	วุ้นปิโตรเลียม
ก๊าซฟอสจีน	ฟอสจีน
กรดฟอสโฟริก	ฟอสโฟริกแอซิด	ออร์โทฟอสโฟริกแอซิด
กรดทาลิก	ทาลิกแอซิด
กรดพิกริก	พิกริกแอซิด
เหล็กดิบ	เหล็กหลอม
พลาสมิโนเจนแอคติเวเตอร์	สารกระตุ้นพลาสมิโนเจน
อาร์เอ็นเอโพลีเมอเรส	เอนไซม์อาร์เอ็นเอโพลีเมอเรส
สีโคชินิล	โคชินิล
สารย้อมสีวาวแสง	ไซยานีน
สีย้อมฝ้าย	สีไดเร็กท์
ฟลูออเรสซีน	สีฟลูออเรสซีน	สีย้อมเรืองแสง
ยาย้อมผม	สีย้อมผม
พิกเมนต์	รงควัตถุ	สารสี
ก๊าซพิษ	แก๊สพิษ
สารเกาะกลุ่ม	โพลิเมอร์
สารกันบูด	สารกันเสีย
กรดอะครีลิก	กรดโพรพีโนอิก	อะครีลิกแอซิด	โพรพีโนอิกแอซิด
ก๊าซโพรพีลีน	ก๊าซโพรเพน	โพรพีลีน	โพรเพน
กรดไพรูวิก	ไพรูวิกแอซิด
ควิโนน	เบนโซควิโนน
เอนไซม์เรนนิน	เอนไซม์ไคโมซิน
ยางสังเคราะห์	ยางเทียม
รูไทล์	แร่รูไทล์
2-ไฮดรอกไซเบนโซอิกแอซิด	กรดซาลิไซลิก	ซาลิไซลิกแอซิด
น้ำมันปลาแซลมอน	น้ำมันแซลมอน
ซามาร์สไกต์	แร่ซามาร์สไกต์
แซปไฟรีน	แร่แซฟไฟรีน
กรดไดโครมิก	ไดโครมิกแอซิด
ไดโครเมต	ไบโครเมต
คอสติก	สารละลาย
โซดาไฟ	โซเดียมไฮดรอกไซด์
ดินทราย	ทราย
วอเตอร์ซัปไฟร์	แร่วอเตอร์ซัปไฟร์
กรดอะมิโนซาร์โคซีน	ซาร์โคซีน
ขี้กบ	ขี้เลื้อย
ชีไรต์	แร่ชีไรต์
กระดาษทด	สมุดฉีก
กรดอะมิโนเซอรีน	เซอรีน
สีของฮีโมโกลบิน	สีของฮี่โมโกลบิน
ไซโตโครม	ไำซโทโครม
สารภูมิต้านทาน	แอนติบอดี
แอนติเจนไอโซแอกกลูติโนเจน	ไอโซแอกกลูติโนเจน
โมโนคลอนอล	โมโนคลอนอลแอนติบอดี้
สารพิษจากพืช	ไฟโตทอกซิน
น้ำมันฉลาม	น้ำมันตับปลาฉลาม
ครีมขัดรองเท้า	น้ำยาขัดรองเท้า
ซิเดอไรท์	แร่ซิเดอไรท์
กรดซิลิซิก	ซิลิซิกแอซิด
ซิลิกา	ซิลิคอนออกไซด์	ทรายซิลิกา
กากแร่	ขี้โลหะ	ฟองขี้แร่
สมอลไทต์	แร่สมอลไทต์
สตีไทต์	หินสบู่
แร่โซดาไลต์	โซดาไลต์
โซดาแอช	โซเดียมคาร์บอเนต
ของเหลวที่หก	น้ำที่หก
สารทำให้จาม	สิ่งทำให้จาม
ไขมันสัตว์	ไขสัตว์
กรดซัลฟานิลิก	ซัลฟานิลิกแอซิด
กรดแทนนิน	แทนนิน
กรดทาแทริก	ทาร์ทาริกแอซิด
กรดราซีมิก	ราซีมิกแอซิด
เตตระแซกคาไรด์	เททระแซ็กคาไรด์
เททรีล	ไนตรามีน
กรดทิโอไซยานิก	ไทโอไซยานิกแอซิด
ทอร์ตเวไตต์	แร่ทอร์ตเวไตต์
กรดอะมิโนทรีโอนีน	ทรีโอนีน
ดีออกซีไทมิดีน	ไทมิดีน
กรดอะมิโนไทโรนีน	ไทโรนีน
ดินหินคละธารน้ำแข็ง	ตะกอนธารน้ำแข็งปนก้อนหิน
กรดโตลูอิก	โตลูอิกแอซิด
แร่โทแพส	โทแพส
ทัวร์มาลีน	แร่ทัวร์มาลีน
กรดไตรคลอราซีิติก	กรดไตรคลอโรอะซีติก	ไตรคลอราซีิติกแอซิด	ไตรคลอโรอะซีิติกแอซิด
แร่ไทรดิไมต์	ไทรดิไมต์
กรดไตรฟอสโฟริก	ไตรฟอสโฟริกแอซิด
กรดอะมิโนทริปโตเฟน	ทริปโตเฟน
น้ำมันทูน่า	น้ำมันปลาทูน่า
กรดทังสติก	ทังสติกแอซิด
เทอร์ควอยส์	แร่เทอร์ควอยส์
กระดาษพิมพ์งาน	กระดาษพิมพ์ดีด
กรดอะมิโนไทรามีน	ไทรามีน
กรดอะมิโนไทโรซีน	ไทโรซีน
กรดอันดีไซลินิก	อันดีไซลินิกแอซิด
ยูเรนิล	หมู่ยูเรนิล
กรดยูริก	ยูริกแอซิด
ยูเรต	เกลือยูเรต
วานาดิไนต์	แร่วานาดิไนต์
กรดวานาดิก	วานาดิกแอซิด	วานาเดียมเพนทอกไซด์
กระดาษเวลลัม	เวลลัม
เวอร์มิคูไลต์	แร่เวอร์มิคูไลต์
วีเอลดีเอล	ไลโปโปรตีนที่มีความหนาแน่นต่ำมาก
วีซูเวียไนต์	แร่วีซูเวียไนต์
รงควัตถุในการสังเคราะห์แสง	โฟโตพิกเมนต์
วิตามิน	ไวตามิน
สารต้นของวิตามิน	โปรวิตามิน
กรดซัลฟิวริก	ซัลฟิวริกแอซิด
ขี้ผึ้ง	แว็กซ์
ตะกั่วขาว	ตะกั่วคาร์บอเนต
เนื้อไม้	ไม้
ไม้สน	ไม้เนื้ออ่อน
ฟืน	ไม้ฟืน
ตา	ตาไม้
วูลฟราไมต์	แร่วูลฟราไมต์
วอลลาสโตไนต์	แร่วอลลาสโตไนต์
กระดาษห่อ	กระดาษห่อของ
วุลฟีไนต์	แร่วุลฟีไนต์
เวิร์ต์ไซต์	แร่เวิร์ตไซต์
ซีโนไทม์	แร่ซีโนไทม์
ยีสต์	เชื้อหมัก
ซีโอไลต์	แร่ซีโอไลต์
ซิงค์เบลนด์	เบลนด์	แร่สฟาเลอไรต์
ซิงก์ไวต์	ไชนีสไวต์
ซิงเคไนต์	แร่ซิงเคไนต์
เซอร์คอน	เซอร์โคเนียมซิลิเกต	แร่เซอร์คอน	แร่เซอร์โคเนียมซิลิเกต
เซอร์โคเนีย	เซอร์โคเนียมออกไซด์	เซอร์โคเนียมไดออกไซด์
เอนไซม์ไซเมส	ไซเมส
สารในกระบวนการสร้างและสลาย	เมตาโบไลต์
สารเวอร์นิกซ์	เวอร์นิกซ์	ไขหุ้มทารก
กรดแซนทิก	แซนทิกแอซิด
ช่วงเวลา	ระยะเวลา
กรอบของเวลา	กรอบเวลา
ช่วงระยะเวลาทางธรณีวิทยา	ระยะเวลาทางธรณีวิทยา
เวลาท้องถิ่น	เวลามาตรฐาน
เวลาออมแสง	เวลาออมแสงแดด
เวลางาน	เวลาทำงาน
ช่วงเวลารักษาตัวในโรงพยาบาล	ระยะเวลารักษาตัวในโรงพยาบาล
ช่วงเวลาเดินทาง	ระยะเวลาเดินทาง
ปัจจุบัน	เวลาปัจจุบัน
ตอนนี้	เดี๋ยวนี้
ขณะนี้	ตอนนี้
ยุค	ยุคสมัย	สมัย
ยุคสมัยใหม่	ยุคโมเดิร์น	ยุคใหม่
ยุคโรมัน	สมัยโรมัน
วันวาน	อดีต
ยุคอลิซาเบธ	สมัยอลิซาเบธ
ยุคสัตว์เลี้ยงลูกด้วยนม	ยุคเซโนโซอิค
ยุคสัตว์เลื้อยคลาน	ยุคเมโสโซอิค
ยุคครีเตเซียส	ยุคพืชมีดอก
ยุคปลา	ยุคเดโวเนียน
ยุคอาร์ชีน	ยุคอาร์ชีโอโซอิค
ยุคเฮดีน	ยุคไพรสโคอัน
เวลา	เวลาบนหน้าปัด
เวลากรีนิช	เวลามัชณิมกรีนิช	เวลามาตรฐานกรีนิช	เวลามาตรฐานโลก
เวลามาตรฐานแอตแลนติก	เวลาแอตแลนติก
เวลาด้านภูเขา	เวลามาตรฐานของภูเขา
เวลามาตรฐานแปซิฟิก	เวลาแปซิฟิก
เวลามาตรฐานอลาสก้า	เวลาอลาสก้า
เวลามาตรฐานฮาวาย	เวลาฮาวาย
เวลาบีริง	เวลามาตรฐานบีริง
วีค	สัปดาห์
วีก	สัปดาห์	อาทิตย์
งานล่วงเวลา	โอที
เวลาพักผ่อน	เวลาเล่น
วันดื่มน้ำผึ้งพระจันทร์	วันฮันนีมูน
ช่วงเวลาสองพันปี	เวลาสองพันปี
ชีวิตในอดีต	อดีต
เวลาตกฟาก	เวลาเกิด
การตาย	การสิ้นสุด	มรณกรรม
ชันษา	พรรษา	พระชนมพรรษา	พระชนมายุ	พระชันษา	วัย	อายุ	อายุขัย
ระยะแบเบาะ	วัยแรกเกิด
ขั้นทวารหนัก	ระยะขับถ่าย	ระยะทวารหนัก
ช่วงเป็นเด็ก	วัยเด็ก
ช่วงวัยของเด็กหญิง	วัยเด็กหญิง
ช่วงวัยของเด็กชาย	วัยเด็กชาย
วัยหนุ่มสาว	วัยเยาว์
ช่วงวัยรุ่น	วัยรุ่น
ความอ่อนเยาว์	วัยแรกแย้ม
วัยผู้ใหญ่	อายุที่กฎหมายกำหนด	อายุในทางกฎหมาย
วัยชรา	วัยแก่ชรา	วัยแก่เฒ่า
ช่วงสุดท้ายของชีวิต	วาระสุดท้าย
วัยรอบเดือน	วัยหมดประจำเดือน	วัยหมดระดู
หน่วยของเวลา	หน่วยเวลา
ยี่สิบสี่ชั่วโมง	วัน
พรุ่งนี้	วันพรุ่งนี้
วานนี้	เมื่อวานนี้
วันรับปริญญา	วันรับปริญญาบัตร
วัน	วันที่
วันอาทิตย์	อา	อาทิตย์
จ.	จันทร์	วันจันทร์
วันอังคาร	อ.	อังคาร
พ.	พุธ	วันพุธ
พฤ.	พฤหัส	วันพฤหัส	วันพฤหัสบดี
วันศุกร์	ศ.	ศุกร์
วันเสาร์	ส.	เสาร์
กลางวัน	ช่วงวัน	วัน
เวลากิน	เวลารับประทานอาหาร	เวลาอาหาร
เวลาข้าวเช้า	เวลาอาหารเช้า
เวลาข้าวเที่ยง	เวลาอาหารเที่ยง
เวลาข้าวเย็น	เวลาอาหารเย็น
กลางคืน	ค่ำคืน	ค่ำมืด	ยามวิกาล	รัตติกาล
กลางคืน	คืน	ตอนกลางคืน
กลางคืน	คืน
สองยาม	เที่ยงคืน
เวลานอน	เวลาเข้านอน
ตอนเช้า	ยามเช้า	รุ่งอรุณ	รุ่งเช้า	รุ่งแจ้ง	เช้าตรู่
หัวรุ่ง	เช้ามืด
ช่วงโพล้เพล้	พลบค่ำ	ยามสนธยา	ยามเย็น	หัวค่ำ
วันสุดสัปดาห์	วันหยุดสุดสัปดาห์	วีกเอนด์	สุดสัปดาห์
วันพิพากษา	วันพิพากษาโลก
วันจ่ายเงินเดือน	วันเงินออก	วันเงินเดือนออก
ค.ศ.	ปีคริสตศักราช
เดือนเมสซิดอร์	เดือนแห่งการเก็บเกี่ยว
ฟรุกติดอร์	เดือนฟรุกติดอร์
เดดไลน์	เส้นตาย
วันเต๊ต	เต๊ต
ช่วงหยุดงาน	วันหยุด	วันหยุดพักผ่อน	ฮอลิเดย์
วันสำคัญทางคริสตศาสนา	วันสำคัญทางศาสนาคริสต์
วันวาเลนไทน์	วันแห่งความรัก
วันอีสเตอร์	อีสเตอร์
วันปล่อยผี	วันฮัลโลวีน
วันปัสกา	วันปาสกา
วันปัสกา	วันปาสกา
วันอาทิตย์ใบลาน	อาทิตย์ใบลาน
ช่วงคริสต์มาส	เทศกาลคริสต์มาส
วันนักขัตฤกษ์	วันหยุดนักขัตฤกษ์	วันหยุดราชการ
ปีทางสุริยคติ	ปีสุริยคติ
ขวบ	ปี	พรรษา
ด.	เดือน
สามเดือน	ไตรมาส
ข้างขึ้นข้างแรม	ข้างขึ้นข้างแรมของดวงจันทร์
คืนเดือนมืด	เดือนดับ
วันพระจันทร์เต็มดวง	วันเพ็ญ
จันทรมาส	เดือนทางจันทรคติ
สุริยมาส	เดือนทางสุริยคติ
เดือน	เดือนตามปฏิทิน
ม.ค.	มกรา	เดือนมกราคม
ก.พ.	กุมภา	กุมภาพันธ์	เดือนกุมภาพันธ์
มี.ค.	มีนา	เดือนมีนาคม
พ.ค.	พฤษภา	เดือนพฤษภาคม
มิ.ย.	มิถุนา	มิถุนายน	เดือนมิถุนายน
ก.ค.	กรกฏา	กรกฏาคม	เดือนกรกฏาคม
ส.ค.	สิงหา	สิงหาคม	เดือนสิงหาคม
ก.ย.	กันยา	เดือนกันยายน
ต.ค.	ตุลา	ตุลาคม	เดือนตุลาคม
พ.ย.	พฤศจิกา	พฤศจิกายน	เดือนพฤศจิกายน
ธ.ค.	ธันวา	ธันวาคม	เดือนธันวาคม
วันตรุษอีดิลฟิตรี	วันอีดิลฟิตรี	วันไบรบาน
วันกุรบาน	วันอีดิลอัดฮา
ครีษมายัน	วันครีษมายัน
วันมงคลสมรส	วันวิวาห์	วันสมรส	วันสละโสด	วันแต่งงาน
วันเหมายัน	เหมายัน
วสันตวิษุวัต	วันวสันตวิษุวัต
วันศารทวิษุวัต	ศารทวิษุวัต
ภาคเรียน	เทอม
ภาคเรียน	เทอม
กลางเทอม	มิดเทอม
ชม.	ชั่วโมง
ยุคหิน	ยุคหินเก่า
ช่วงเวลาแข่งขัน	ระยะเวลาการแข่งขัน
ช่วงต่อเวลา	ช่วงต่อเวลาพิเศษ	ช่วงทดเวลา
ช่วงต่อเวลา	ช่วงต่อเวลาพิเศษ
ช่วงไทเบรก	ไทเบรก
ช่วงซัดเดนเดท	ซัดเดนเดท
นท.	นาที
วิ	วินาที
ฤดู	ฤดูกาล
ฤดูร้อน	หน้าร้อน
ฤดูหนาว	หน้าหนาว
ฤดูฝน	หน้าฝน
ฤดูมรสุม	หน้ามรสุม
ฤดูแล้ง	หน้าแล้ง
ช่วงฤดูถือบวช	ฤดูถือบวช
กัลปาวสาน	ระยะเวลายาวนาน
บรมยุค	ยุคเอออน	ระยะเวลาทางธรณีวิทยา
ชั่วกัปชั่วกัลป์	ชั่วกัลปาวสาน	ชั่วกาลนาน	ชั่วนิจนิรันดร์	ชั่วนิรันดร	ชั่วนิรันดร์	ชั่วฟ้าดินสลาย
ดวงจันทร์สีน้ำเงิน	บลูมูน
ช่วงเวลาที่เผชิญกับความจริง	ช่วงเวลาที่เผชิญความจริง
มหายุค	ยุค
วันครบรอบ	วาระครบรอบ
ชาตะ	วันคล้ายวันเกิด	วันประสูติ	วันพระราชสมภพ	วันเกิด
จูบิลี่	วาระครบรอบพิเศษ
พัชราภิเษก	วาระครบรอบหกสิบปี
รัชดาภิเษก	วาระครบรอบยี่สิบห้าปี
วันครบรอบหนึ่งร้อยปี	วาระครบรอบหนึ่งร้อยปี
วันครบรอบหนึ่งร้อยห้าสิบปี	วาระครบรอบหนึ่งร้อยห้าสิบปี
วันที่ลืมตาดูโลก	วันเกิด	เวลาตกฟาก
ยุคกลาง	ยุคมืด
ทุกวันนี้	ยุคนี้	ยุคปัจจุบัน
อัตราจังหวะสามัญ	อัตรา่จังหวะสามัญ
ความเร็วจังหวะ	แทมโป
ครั้งแรก	ช่วงเริ่มต้น	ยุคแรก
จุดสตาร์ท	จุดเริ่ม	จุดเริ่มต้น
ช่วง	ช่วงเวลา
ช่วงพักครึ่ง	เวลาพักครึ่ง
ระยะซ่อนเร้น	ระยะแฝงของโรค
อัตราเกิด	อัตราเจริญพันธุ์
คาร์ดิแอกเอาต์พุต	อัตราการไหลของเลือดออกจากหัวใจ
รอบความถี่	รอบต่อวินาที	เฮิร์ตซ์
กฮ.	กิโลเฮิรตซ์
ซี	อัตราเร็วของแสง
ความจุของช่องสัญญาณ	ความจุช่องสัญญาณ
รอบประจำเดือน	รอบเดือน
ช่วง	ระยะเวลา
คาบการโคจร	คาบดาราคติ	ระยะเวลาโคจร
วาระ	วาระการดำรงตำแหน่ง
กะ	ชั่วโมงทำงาน	ช่วงเวลาทำงาน	เวลาทำงาน
กะกลางวัน	กะเช้า
กะกลางคืน	กะดึก
ช่วงสันติภาพ	ช่วงเวลาอันสงบสุข	ช่วงเวลาแห่งสันติภาพ
ช่วงเวลาที่ออกดอกสะพรั่ง	ช่วงเวลาออกดอกออกผล
ยุคทอง	ยุครุ่งเรือง	ยุครุ่งโรจน์
ช่วงเวลาของรายการทีวี	ระยะเวลาที่รายการทีวีออกอากาศ
เวลาออกอากาศ	โชว์ไทม์
ช่วงปลอดภัย	ระยะปลอดภัย
ยุค	สมัย
ช่วงทดลองงาน	โปร
เรียลไทม์	เวลาจริง
เรียลไทม์	เวลาจริง
