00001740-v	หายใจ	หายใจเข้าออก
00001930-n	รูปธรรม	สิ่งที่เป็นรูปธรรม
00002137-n	นามธรรม	สิ่งที่เป็นนามธรรม
00002452-n	ของ	สิ่ง
00002684-n	ของ	วัตถุ
00003093-r	แทบจะไม่	แทบจะไ่ม่
00003316-v	สูดลม	สูดลมหายใจ	สูดหายใจเข้า	สูดอากาศ
00003553-a	ซึ่งปรากฎขึ้น	ซึ่งเพิ่งเกิดขึ้นครั้งแรก
00003700-a	ปริ	แตกออก
00003939-a	ที่กำลังจะตาย	ใกล้จะตาย
00004032-v	ถอนหายใจ	ถอนหายใจยาว	ถอนใจ	ทอดถอนใจ
00004171-a	ที่อยู่ในลมหายใจสุดท้าย	ที่ใกล้จะตาย	ร่อแร่
00004227-v	ผ่อนลมหายใจ	หายใจออก
00004413-a	ฉบับย่อ	ย่อ
00004722-r	เท่านั้น	เพียง	เพียงแค่
00005055-r	อย่างง่ายๆ	แบบง่ายๆ
00005107-a	ฉบับเต็ม	สมบูรณ์
00005779-r	อย่างมหาศาล	อย่างใหญ่โต
00006105-r	ส่วนใหญ่	โดยมาก
00006245-a	ที่สัมพันธ์	เกี่ยวกับความสัมพันธ์	เชิืงสัมพันธ์
00006697-v	หายใจฟืดฟาด	หายใจลำบาก	หายใจหืดหาด
00007012-v	เป่า	เป่าแรงๆ
00007328-v	หาว	อ้าปากหาว
00007347-n	ผู้กระทำเหตุการณ์	ผู้ก่อให้เกิดเหตุการณ์	ผู้เป็นสาเหตุ
00007697-a	ที่ซับน้ำได้ดี	ที่ซึมซับได้ดี
00007813-a	ซึ่งดูดซึมไม่ได้	ไม่ดูดซับน้ำ
00007846-n	คน	บุคคล	ปัจเจกชน	ปัจเจกบุคคล
00008206-a	ซึ่งดูดซับ	ที่ดูดซับ
00008595-a	ที่ไม่ดูดซับ	ที่ไม่ดูดซึม
00008600-r	เท่านั้น	โดยลำพัง
00008799-v	ทำตาหยี	หยีตา	หรี่ตา
00008877-a	ที่ดูดซับได้	ที่ดูดซึมได้
00008997-r	อย่างสมบูรณ์	โดยสิ้นเชิง
00009147-v	ชะล้าง	ผลัดขน	ลอกคราบ
00009373-r	เสียสนิท	ไปเลย
00009492-v	ขอดเกล็ด	ขูดเกล็ด
00009618-a	ที่เข้มงวดกับตนเอง	ที่เข้มงวดกับตัวเอง
00009631-v	กระตุก	ชักกระตุก
00010047-r	อย่างไม่สมบูรณ์	ไม่สมบูรณ์
00010435-v	ทำตัว	ประพฤติตัว	มีความประพฤติ	มีพฤติกรรม
00011327-a	ตะกละเหมือนหมู	เหมือนหมู
00011757-a	ที่เป็นนามธรรม	นามธรรม
00012613-v	เฉยชา	เย็นชา
00012753-v	หมกหมุ่น	หยาบช้า
00012854-v	แสดงความโรแมนติค	โรแมนติค
00013615-v	เล่นละคร	เล่นละครตบตา	แกล้งทำ	แสร้งทำ
00014742-v	นอน	นอนหลับ	บรรทม	หลับ
00015303-v	สัปหงก	เคลิ้ม	เคลิ้มหลับ
00015388-n	สัตว์	สัตว์ป่า	สัตว์เดียรัจฉาน	สิ่งมีชีวิต	เดียรัจฉาน
00015471-r	อย่างน่าพอใจ	โอเค
00015498-v	งีบ	งีบหลับ
00015720-a	มากเกินไป	เยอะเกินไป
00015953-r	หนัก	อย่างรุนแรง	อย่างร้ายแรง
00016380-v	สะลึมสะลือ	เคลิ้ม
00016532-a	อย่างหนัก	ไหลแรง
00016678-r	อย่างซุกซน	อย่างดื้อรั้น
00017031-v	กรน	นอนกรน
00017222-n	พฤกษชาติ	พืช
00017674-v	นอน	นอนหลับ
00017865-v	นอน	เข้านอน
00018158-v	ตื่น	ตื่นนอน	ตื่นบรรทม	ตื่นพระบรรทม	ลุกขึ้น
00018435-a	คัดค้านไม่ได้	ไม่สามารถคัดค้านได้
00018526-v	ตื่น	รู้สึกตัว	ลุกขึ้น
00018813-v	ทำให้ตื่น	ปลุก
00018850-a	ที่ต้องคัดค้าน	ที่เป็นสาเหตุให้คัดค้าน
00019448-v	มีผลต่อ	ส่งผลต่อ
00019874-a	เข้าถึงได้ยาก	ไม่สามารถเข้าถึง
00020259-v	ไม่นอน	ไม่หลับไม่นอน
00020476-r	อย่างสม่ำเสมอ	อย่างไม่เปลี่ยนแปลง
00020827-n	วัตถุ	สสาร
00021065-v	ทำให้สลบ	ทำให้หมดสติ	วางยาสลบ
00021110-a	ที่มีใจเอื้อเฟื้อ	ที่เอาอกเอาใจ
00021265-n	สารอาหาร	อาหาร
00021592-a	ที่ไม่ช่วยเหลือ	ที่ไม่ให้ความร่วมมือ
00021939-n	สิ่งของ	สิ่งที่มนุษย์ประดิษฐ์ขึ้น	สิ่งประดิษฐ์
00022219-a	ที่เหมือนต้นฉบับ	ที่ใกล้เคียงของเิดิม
00022686-v	กระตุ้น	ทำให้สดชื่น
00022852-a	เฉียบขาด	แม่นยำ
00023120-a	เที่ยงตรง	แน่นอน	แม่นยำ
00023646-v	สลบ	เป็นลม
00024264-n	คุณลักษณะ	คุณลักษณ์	ลักษณะ
00024649-v	คืนความสดชื่น	ทำให้สดชื่นอีกครั้ง
00024720-n	ภาวะ	สถานะ	สภาพ	สภาวะ
00024814-v	คืนความสดชื่น	รู้สึกสดชื่น	สดชื่น
00025034-v	ล้างหน้า	ล้างหน้าล้างตา
00025144-r	อย่างรุนแรง	อย่างสุดขีด
00025290-r	ที่ไหนก็ตาม	ทุกแห่ง
00025470-a	กรด	ที่เป็นกรด
00025510-v	บิด	เคล็ดขัดยอก
00025633-a	เกิดเป็นกรด	ให้กรด
00025654-v	ทำให้ผ่อนคลาย	ทำให้รู้สึกผ่อนคลาย
00025728-a	ด่าง	เป็นแอลคาไล
00026153-v	รู้สึกเครียด	เครียด
00026192-n	ความรู้สึก	ฟิลลิ่ง	อารมณ์ความรู้สึก
00027064-v	วอร์ม	วอร์มร่างกาย	วอร์มอัพ	อบอุ่นร่างกาย
00027167-n	ขอบเขต	ตำแหน่ง
00027268-v	ยืด	เหยียด
00027384-r	ยิ่งไปกว่านั้น	อย่างไรก็ตาม
00027705-v	ยืดออก	เหยียด	เหยียดออก
00027807-n	ทรง	รูป	รูปทรง
00028181-a	ที่ต้องเปิดเผย	ที่ต้องแจ้ง
00028270-n	กาล	กาลเวลา	เวลา	ไทม์
00028565-v	ยิ้ม	แย้มพระโอษฐ์
00028876-v	ยิ้มมีลักยิ้ม	อมยิ้ม
00029025-v	ยิ้มยิงฟัน	ยิ้มแฉ่ง
00029214-v	ยิ้มแป้น	ยิ้มแย้ม
00029343-a	ละโมบ	ละโมบโลภมาก	โลภ
00029378-n	เรื่อง	เหตุการณ์
00029677-n	กระบวนการ	กระบวนการทางกายภาพ
00030010-v	หัวเราะหึๆ	หัวเราะเบาๆ
00030142-v	หัวร่อต่อกระซิก	หัวเราะคิกคัก	หัวเราะคิกๆ
00030358-n	การกระทำของคน	การกระทำของมนุษย์
00031068-v	ตะคริวกิน	เป็นตะคริว	เป็นตะคิว
00031264-n	กรุป	กลุ่ม	พวก	หมู่	เหล่า
00031533-a	ไม่ต้องการ	ไม่ละโมบ
00031820-v	ทรงพระสรวล	หัวร่อ	หัวเราะ
00031921-n	ความสัมพันธ์	รีเลชัน
00031974-a	คล่องแคล่ว	มีพลัง	แอคทีฟ
00032180-r	อย่างดีเยี่ยม	อย่างน่าพิศวง
00032299-r	โคตร	โครต
00032778-v	ยิ้มหยัน	ยิ้มเยาะ	หัวเราะเยาะ
00032981-v	ทำหน้าบึ้ง	ทำหน้าบูด
00033077-a	ที่น่าตื่นเต้น	น่าตื่นเต้น
00033203-v	ถลึงตา	ถลึงตาใส่
00033406-v	จ้อง	จ้องมอง
00033421-r	อย่างฉับพลัน	โดยทันที
00033615-n	จำนวน	ปริมาณ
00033663-r	นิดหน่อย	เล็กน้อย	เล็กๆน้อยๆ
00034288-v	ทำหน้า	ทำหน้าทำตา	ปั้นหน้า
00034574-n	ความมีน้ำใจ	ความใจดี
00034758-v	ทำปากแบะ	ทำหน้าเบ้
00034945-r	อย่างร้อนแรง	อย่างแปรปรวน
00035254-a	ซึ่งหยุดงาน	หยุดงาน
00035259-v	อาบน้ำฝักบัว	อาบฝักบัว
00035465-a	คึกคัก	ที่คึกคัก
00035603-v	สรงน้ำ	อาบน้ำ	อาบน้ำอาบท่า
00035718-r	พอควร	พอประมาณ	พอใช้	อย่างปานกลาง	อย่างพอประมาณ	อย่างพอใช้
00035758-v	ชำระล้าง	ล้าง	ล้างทำความสะอาด
00035779-a	ที่ไปได้ดี	ที่ไปได้สวย
00036068-r	อย่างเกินควร	อย่างเกินพอดี
00036580-n	ของกล้วยๆ	เรื่องง่ายๆ
00036685-v	ขัดด้วยฟองน้ำ	ถูด้วยฟองน้ำ
00036762-r	อย่างสำคัญ	อันเป็นเนื้อแท้
00036932-v	ถูสบู่	ฟอกสบู่
00036935-r	อย่างชัดเจน	อย่างหนักแน่น	อย่างไม่ต้องสงสัย
00037138-v	กลั้ว	กลั้วคอ
00037396-n	การกระทำ	แอคชั่น
00037680-v	โกน	โกนด้วยมีดโกน	โกนด้วยมีดโกนหนวด	โกนด้วยใบมีด
00037779-v	ปลงผม	โกนผม	โกนศีรษะ	โกนหัว
00038625-r	อย่างแน่นอน	แน่นอน
00038687-v	ทำให้เรียบเป็นมัน	หวีผมเรียบ
00038750-a	ที่ทำให้เกิดผล	ที่มีผล
00038849-v	ทำผม	เซตผม	แต่งผม
00039121-v	ตัดผมทรงบ็อบ	ตัดผมบ็อบ
00039259-a	ที่ได้ลงมือจริง	ที่ได้ใช้จริง
00039318-r	อย่างกระจ่าง	อย่างเด่นชัด	อย่างเด่ันชัด	อย่างโจ่งแจ้ง
00039488-v	ทำผมลอน	ทำให้เป็นลอน	ม้วนผม
00039592-a	เฉยๆ	เฉื่อยชา
00039740-n	การจ้องตากัน	การมองตากัน	การสบตา
00039824-v	ดัดผมถาวร	ทำให้เป็นลอนถาวร
00040058-a	ไม่สามารถขัดขืนได้	ไม่สามารถต้านทานได้
00040152-n	การเป็นผู้ให้และผู้รับ	การแลกเปลี่ยนกัน
00040534-a	ซึ่งพุ่งออกมา	ซึ่งระเบิดออก
00040547-r	โดยอุบัติเหตุ	โดยไม่คาดหมาย
00040685-a	ที่กำลังหลับ	ที่หลับไหล	ภูเขาไฟหมดสภาพ
00040909-a	ซึ่งสงบ	สงบ
00040928-v	เมกอัพ	แต่งหน้า	แต่งหน้าทาปาก
00041188-n	การเล่น	การเล่นกีฬา	การเล่นเกมกีฬา
00041361-a	ยังคุกรุ่นอยู่	ยังคุอยู่
00041417-v	ทาลิป	ทาลิปสติค
00041468-n	การรำกระบี่	การรำดาบ	การร่ายรำดาบ
00041488-a	คุกรุ่น	มีพลัง
00041687-v	ใช้ครีมนวด	ใช้ครีมนวดผม
00041740-n	การเล่นโบว์ลิ่ง	การโยนโบว์ลิ่ง
00041899-n	การได้	การได้รับ
00042017-v	สระ	สระกับแชมพู	สระผม	ใช้แชมพูสระผม
00042173-v	ตบแป้ง	ทาแป้ง
00042254-r	อย่างเคราะห์ดี	อย่างโชคดี
00042311-n	การทำให้เกิด	เหตุกรรม
00042364-v	ทาแป้ง	ใช้แป้งทาตัว
00042541-n	การคลอดบุตร	การคลอดลูก	การเกิดลูก
00042757-n	การจากไป	การออกเดินทาง	การไป
00042769-r	อย่างโชคร้าย	โดยสมควรถูกตำหนิ
00042837-a	ที่ทำให้บรรเทา	ที่ทำให้ลดลง
00043125-a	ซึ่งไม่เกิดผล	ซึ่งไม่เปลี่ยนแปลง
00043480-v	ฉีดน้ำหอม	ใส่น้ำหอม
00044037-v	แต่งตัวซอมซ่อ	แต่งตัวยั่วยวน
00044149-v	แต่งกาย	แต่งตัว	แต่งเนื้อแต่งตัว
00044353-a	ที่มีทางเป็นไปได้	ที่เป็นไปได้
00045346-v	สวมชุดลำลอง	แต่งตัวสบายๆ	ใส่ชุดลำลอง
00045532-v	แต่งตัวพิถีพิถัน	แต่งตัวเนี้ยบ
00045817-v	รีดไขมัน	ลดน้ำหนัก
00045888-a	ที่เป็นอันตรายถึงตาย	ที่เป็นอันตรายถึงแก่ชีวิต
00046014-a	ที่ไม่ก่อให้เกิดโรค	ที่ไม่ติดเชื้อ
00046299-r	สุดยอด	อย่างยิ่ง
00046339-a	ที่ทำให้กลมกลืน	ที่ทำให้สอดคล้อง
00046382-v	อ้วนกลม	อ้วนขึ้น
00046534-v	สวมเสื้อผ้า	แต่งตัว	ใส่เสื้อผ้า
00046792-a	ซึ่งไม่สมบูรณ์	ที่ทำหน้าที่ผิดปกติ
00046863-r	อย่างเกินควร	อย่างไม่ธรรมดา
00047243-a	ซึ่งติดสุรา	ติดเหล้า
00047317-v	ลองชุด	ลองเสื้อ
00047392-r	อย่างมากเกินไป	เกิน	เกินไป
00047786-a	ติดนิสัย	ที่ติดเป็นนิสัย
00047945-v	สวมเสื้อผ้า	แต่งกาย	แต่งตัว	ใส่เสื้อผ้า
00048268-r	ขณะนี้	ปัจจุบัน
00048739-r	ทันที	ทันทีทันใด	ในทันที
00048790-v	สวมแจ็คเก็ต	ใส่แจ็คเก็ต
00048858-a	พิเศษ	เพิ่มเติม	เสริม
00048912-v	สวมชุดกระโปรง	ใส่ชุดกระโปรง
00049007-v	สวมเสื้อเชิ้ต	ใส่เสื้อเชิ้ต
00049309-v	สวมเสื้อหลายชั้น	ใส่เสื้อหลายชั้น
00049770-v	สวมรองเท้า	ใส่รองเท้า
00049947-r	อย่างก้าวร้าว	อย่างเป็นปฏิปักษ์
00050037-n	การลงทะเบียน	การสมัครเรียน
00050083-a	ที่เป็นการลบ	ที่เป็นการหักออก
00050297-r	ร่าเริง	อย่างมีความสุข	อย่างร่าเริง	อย่างสนุกสนานรื่นเริง	โดยไม่อนาทรร้อนใจ
00050446-a	ที่น้อยลง	ที่ลดลง
00050641-a	ซึ่งเขียนที่อยู่ผู้รับ	ที่ระบุผู้รับ
00050652-v	สวม	สวมใส่	ใส่
00050817-r	อย่างมั่นคง	อย่างแน่วแน่
00051060-v	พันด้วยผ้าพันคอ	พันผ้าพันคอ
00051170-v	รีบสวม	รีบใส่
00051370-v	ถอดอย่างเร็ว	ถอดออก
00051373-a	ซึ่งมีความสามารถ	ที่สามารถทำได้
00051571-a	เพียงพอ	เพียงพอต่อจุดประสงค์
00051637-v	แต่งตัวลักเพศ	แต่งตัวเป็นเพศตรงข้าม
00051761-v	สวมชุด	ใส่ชุด
00051848-r	อย่างแน่แท้	โดยตรง
00052012-a	ขาด	ขาดแคลน	ไม่พอเพียง
00052246-a	ที่ไม่มีความสามารถ	ที่ไม่สามารถพอ
00052253-v	ครองผ้า	สวมจีวร	ห่มจีวร
00052374-v	สวม	ใส่
00052431-a	ซึ่งขาดคนทำงาน	ทีขาดคนงาน	ทีขาดแรงงาน
00052500-n	การลงจอด	การแลนดิ้ง
00052672-a	ซึ่งติดแน่น	เหนียว
00053004-r	ตกลง	โอเค
00053159-v	ทำให้ตั้งครรภ์	ทำให้ตั้งท้อง	ทำให้ท้อง
00053525-n	การกล่าวคำอำลา	การกล่าวลา	การกล่าวอำลา	การอำลา
00053609-n	การสาบสูญ	การหายตัวไป
00053889-v	ผสมข้ามพันธุ์	ผสมข้ามสายพันธุ์
00054059-v	การถ่ายเกสร	การผสมเกสร
00054364-a	ที่ทาด้วยน้ำมันดิน	เหมือนน้ำมันดิน
00054950-r	อย่างน่ากลัว	อย่างมหันต์
00055010-v	น้ำแตก	หลั่ง	หลั่งน้ำกาม	หลั่งน้ำอสุจิ	หลั่งอสุจิ
00055101-r	อย่างเลวร้าย	อย่างแย่มาก	แย่มาก
00055312-r	พอใช้ได้	อย่างยอมรับได้
00055871-v	ขยายพันธุ์	ทำให้ขยายพันธุ์	ทำให้แพร่พันธุ์	แพร่พันธุ์
00056188-v	ออกผล	ออกลูก	ให้ผล
00056930-v	คลอด	คลอดลูก	มีพระประสูติการ	เกิด	เกิดลูก	ให้กำเนิด
00057506-v	คลอด	คลอดบุตร	คลอดลูก
00057665-v	คลอดลูกแฝด	เกิดลูกแฝด	ให้กำเนิดลูกแฝด
00058014-v	ออกลูก	ให้ลูก
00058135-v	ออกลูก	ออกลูกแมว
00058337-n	การขึ้นเครื่อง	การขึ้นเครื่องบิน
00058645-v	ตกลูก	ออกลูก	ออกลูกหมู
00059019-v	ตั้งครรภ์	ท้อง	ป่อง	มีครรภ์	มีท้อง	อุ้มท้อง
00059171-r	มาก	มากมาย
00059201-a	ที่แกะฝังในเนื้อ	ที่แกะสลัก
00059899-v	ทำแท้ง	รีดลูก	รีดเด็ก	เอาเด็กออก	แท้ง
00059989-n	การหนีออกจาก	การแหกคุก
00060185-v	กก	กกไข่	ฟัก	ฟักไข่
00060414-n	การอพยพหมู่	ฮิจเราะห์
00061203-r	ตอนหลัง	ในภายหลัง
00061677-r	ทันทีทันใด	ในทันที
00062067-v	ผ่าตัดด้วยเครื่องเจาะกะโหลก	ผ่าตัดเจาะกะโหลก
00062203-v	มีประจำเดือน	มีรอบเดือน	มีระดู	มีเมนส์
00062330-r	ด้วยความจงใจ	อย่างจงใจ	โดยตั้งใจ	โดยเจตนา	โดยได้พิจารณาถี่ถ้วนแล้ว
00062650-r	โดยไม่ได้ตั้งใจ	โดยไ่ม่ได้ตั้งใจ
00062857-r	ฉะนั้น	ตามที่
00063014-n	การบันทึกสถิติ	บันทึกสถิติ	สถิติ	เรคอร์ด
00063172-r	อย่างมีทางเลือก	อีกทางหนึ่ง
00063310-n	สถิตินักวิ่ง	สถิติวิ่ง
00063559-n	บันทึกที่สุดในโลก	สถิติกินเนสบุ๊ค
00064018-n	การประสบชัยชนะ	การได้รับชัยชนะ
00064487-v	จับเส้น	นวด	บีบ	บีบนวด
00064643-v	ทำให้บาดเจ็บ	ทำให้ปวด	ทำให้เจ็บ
00064787-a	ดี	ที่ดี
00064889-v	ทำให้ป่วย	ทำให้ไม่สบาย
00064946-r	ขณะที่	ขณะนั้น
00065070-v	ทนทุกข์	ปวด	เจ็บ
00065216-n	การพิชิต	การเป็นผู้พิชิต
00065855-n	หน่วยกิต	หน่วยกิตรายวิชา
00066025-v	ครางเบาๆ	คร่ำครวญ
00066190-r	จิตใจเลื่อนลอย	อย่างเลื่อนลอย	อย่างใจลอย
00066191-v	ทรงกันแสง	ทรงพระกันแสง	น้ำหูน้ำตาไหล	ร้องห่มร้องไห้	ร้องไห้	หลั่งน้ำตา
00066605-r	อย่างซาบซึ้งใจ	อย่างตื้นตันใจ	อย่างสะเทือนใจ
00066862-v	ปล่อยโฮ	ร่ำไห้	ร้องไห้โฮ
00066977-v	น้ำตาคลอ	น้ำตาคลอหน่วย	น้ำตาคลอเบ้า	น้ำตาไหล
00067265-r	ข้างหน้า	ตรงไป
00067274-v	ร้องไห้สะอึกสะอื้น	สะอื้นไห้
00067545-v	เหงื่อซึม	เหงื่อออก	เหงื่อแตก	เหงื่อไหล	เหงื่อไหลไคลย้อย
00067707-n	การยอม	การยอมแพ้
00067999-v	ซึม	ซึมออกมา	ไหลซึม	ไหลซึมออก
00068368-r	ไป	ไปยัง
00068627-v	ท่วม	โชก
00069879-v	ทำร้าย	ทำให้ร่างกายบาดเจ็บ	ทำให้เกิดบาดแผล
00070363-n	การทำให้เอียง	การเอียง
00070439-v	กระทืบ	ตื้บ	ทืบ
00070765-r	ตามอำเภอใจ	อย่างสุ่ม	อย่างสุ่มเดา
00070816-v	ทำให้ป่วย	ทำให้เจ็บป่วย	ทำให้ไม่สบาย
00071178-v	ทรมาน	ทำให้ทนทุกข์ทรมาน
00072012-v	ฉี่	ถ่ายปัสสาวะ	ถ่ายเบา	ปัสสาวะ	ยิงกระต่าย	เด็ดดอกไม้	เยี่ยว
00072586-v	ฉี่	ถ่ายปัสสาวะ	ปัสสาวะ
00072897-v	ฉี่	ถ่ายปัสสาวะ	ปัสสาวะ
00072989-v	ขับ	ขับของเสีย	ขับถ่าย
00073033-r	จวนเจียน	เกือบ
00073584-v	ดูด	ดูดออก
00073813-v	ถ่ายท้อง	ระบาย
00073897-r	ส่วนใหญ่	เป็นหลัก
00074038-v	ขับถ่าย	ขี้	ถ่าย	ถ่ายทุกข์	ถ่ายท้อง	ถ่ายหนัก	ถ่ายอุจจาระ	ปลดทุกข์	อึ	อุจจาระ
00074524-n	การมองข้าม	การละเลย	การไม่สังเกต
00074594-a	ทางธรรมชาติ	เป็นธรรมชาติ
00074730-v	ท้องผูกมาก	ท้องผูกรุนแรง
00074790-n	การทำผิดพลาด	ความผิดที่น่าอับอาย
00074834-v	ตกเลือด	เลือดตกยางออก	เลือดออก	เลือดไหล
00075021-v	เหนื่อย	เหน็ดเหนื่อย
00075421-v	กะปลกกะเปลี้ย	หมดกำลัง	หมดพลัง	หมดเรี่ยวหมดแรง	หมดเรี่ยวแรง	หมดแรง	อ่อนล้า	อ่อนเปลี้ย	เหนื่อยล้า
00075708-v	เหนื่อยกายเหนื่อยใจ	เหนื่อยทั้งกายและใจ
00075998-v	กรอบ	ล้า	เหนื่อยล้ามาก
00076114-v	เซ็ง	เบื่อ	เบื่อหน่าย
00076400-v	คายออก	ราก	รากแตก	อาเจียน	อ้วก
00077071-v	ปล่อยออก	พ่น
00077458-v	คลื่นเหียน	คลื่นไส้
00077698-v	ขาดอากาศหายใจ	หายใจไม่ออก
00077981-n	การติดเชื้อ	การติดโรค	การรับเชื้อ	การได้รับเชื้อ
00078665-v	ป่วย	ไม่สบาย
00078760-v	บำบัด	รักษา	เยียวยา	ให้การรักษา
00079212-n	การซื้อคืน	การไถ่ถอน
00079398-n	การซื้อขาย	เทรดดิ้ง
00079603-n	การซื้อขายหลักทรัพย์	การซื้อขายหุ้น
00079629-v	พ่นเข้าไป	รักษาโดยการพ่นเข้าร่างกาย
00079788-v	ดีท็อกซ์	ล้างพิษ
00079947-r	ข้างต้น	ด้านบน
00080039-r	ต่ำกว่า	ใต้
00080169-r	ข้างบน	เหนือ
00080456-v	ตรวจโรคสัตว์	รักษาสัตว์
00080534-r	อย่างดูถูก	อย่างดูถูกเหยียดหยาม	อย่างหยาบคาย
00080705-v	พยาบาล	รักษาพยาบาล
00080890-r	อย่างบ้าคลั่ง	อย่างวิกลจริต
00080929-v	นวด	รักษาด้วยการนวด	รักษาด้วยมือ
00081513-a	ซึ่งกลัวคนต่างชาติ	ซึ่งหวาดกลัวชาวต่างชาติ
00081591-r	ทุกสัปดาห์	ทุกอาทิตย์	รายสัปดาห์
00081737-r	ทุกปี	รายปี
00081836-n	การจับจ่าย	การช็อปปิ้ง
00081881-r	ซอกแซก	อย่างอยากรู้อยากเห็น
00082148-r	อย่างหลอกลวง	ในทางที่ผิด
00082563-v	ทำให้ดีขึ้น	บรรเทา
00082714-v	พันผ้าพันแผล	รักษาแผล
00082923-r	อย่างงุนงง	อย่างมึนงง
00082929-v	พอก	พอกยา
00083124-v	ผูก	พัน	พันผ้าก็อต	พันผ้าพันแผล	พันแผล	มัด
00083334-v	ผูก	มัด	รัด
00083523-v	พันผ้ายืด	รัดข้อด้วยแถบผ้า
00083661-v	เข้าเฝือก	ใส่เฝือก
00084038-r	อย่างอาศัยการสังเกต	เชิงประจักษ์
00084223-r	เป็นพิเศษ	โดยเฉพาะอย่างยิ่ง
00084230-v	รักษาด้วยยา	ใช้ยารักษา	ให้ยารักษา
00084738-v	ใช้ยา	ให้ยา
00084840-r	อย่างยุ่งยาก	อย่างสลับซับซ้อน
00085046-v	โด๊ป	โด๊ปยา	ใช้สารกระุตุ้น
00085353-v	เสพยาเกินขนาด	ใช้ยาเกินขนาด	ได้รับยาเกินขนาด
00085506-v	ให้ยาเสพย์ติด	ให้สารเสพย์ติด	ให้สิ่งเสพย์ติด
00085667-r	อย่างขบขัน	อย่างทะลึ่ง
00085811-r	อย่างรวดเร็ว	โดยด่วน
00085829-n	การอายัด	การอายัดทรัพย์สิน
00085907-v	ทายา	ทายาทาแผล	ทาแผล	ใช้ยาทาแผล
00087188-r	อย่างเด็ดขาด	อย่างไม่มีเงื่อนไข
00087542-r	ชั่วนิจนิรันดร์	ตลอดกาล	ตลอดไป	โดยตลอดไป
00087653-v	ซีด	ซีดจาง	ซีดเซียว	ซูบซีด
00088209-v	ทำให้ป่วย	ทำให้ไม่สบาย
00088339-v	วางยา	วางยาพิษ	วางยาเบื่อ	เบื่อ	ให้กินยาพิษ
00088481-n	การจับกุม	การยึดทรัพย์
00088532-v	ทำให้มึนเมา	มีฤทธิ์
00088655-r	ตามอำเภอใจ	อย่างทันควัน	อย่างทันทีทันควัน
00088725-n	การจับกุม	การลากคอเข้าคุก
00089027-n	การพิชิต	การเอาชนะ
00089408-r	อย่างสูง	เป็นอย่างยิ่ง
00089750-v	ติดเชื้อ	ติดโรค
00090186-v	ทำให้ตกใจ	ทำให้บาดเจ็บ
00090228-r	อย่างอันตราย	อย่างอันตรายร้ายแรง	อย่างเป็นอันตราย
00090386-v	ช็อต	ใช้ไฟช็อต
00090708-v	ทำให้พิการ	เสียหายรุนแรง
00090888-v	ทำให้กุด	ทำให้ขาด	ทำให้ด้วน
00091124-v	บิด	หัก	แพลง
00091513-v	ขัด	ยอก	เคล็ด
00091647-v	ทำให้ขาเป๋	ทำให้เป็นง่อย
00091779-n	การกวาดทุ่นระเบิด	การกวาดเก็บทุ่นระเบิด	การเก็บกู้ทุ่นระเบิด
00092293-v	ต่ำทราม	เสื่อมโทรม
00092690-v	พักฟื้น	ฟักฟื้น
00093163-v	ฟื้นตัว	ฟื้นไข้
00093270-r	อย่างน่าตำหนิ	อย่างน่าเสียใจ	อย่างแย่
00093593-v	อ่อนกำลัง	อ่อนแรง
00093775-v	มีร่างกายอ่อนแอ	อ่อนแอทางร่างกาย
00094153-v	ขยาย	โต
00094312-v	งอกขน	มีขนขึ้น	มีขนงอก
00094460-v	ขึ้น	งอก
00095012-v	ขึ้นใหม่	งอกใหม่	สร้างใหม่
00095502-n	การทำให้เป็นอิสระ	การปลดปล่อย
00095595-v	ออกหน่อ	เกิดเป็นหน่อ	แตกหน่อ
00095747-v	ผลิใบ	ออกใบ	แตกใบ
00095873-n	การช่วยนักโทษแหกคุก	การแหกคุก
00095990-v	ฟันขึ้น	ฟันงอก	ฟันน้ำนมขึ้น
00096520-v	กลายเป็นดักแด้	เปลี่ยนเป็นดักแด้	เป็นดักแด้
00096595-a	ซึ่งชีพจรไม่เต้น	ซึ่งไม่หายใจ
00096648-v	มากขึ้น	เพิ่มขึ้น
00096766-v	กลัดหนอง	เป็นหนอง
00097029-v	จำกัดพื้นที่	จำกัดวง
00097394-v	กลายเป็นเนื้อตาย	เป็นเนื้อตาย
00097621-v	ทำให้สดชื่น	ฟื้นฟู	ให้พลัง
00097781-v	กระชุ่มกระชวยอีกครั้ง	กระปรี้กระเปร่าอีกครั้ง	กลับมาเป็นหนุ่มอีกครั้ง
00097941-v	ทำให้เกิดใหม่	สร้างใหม่	เกิดใหม่
00098083-v	ทำให้ฟื้น	ทำให้รู้สึกตัว
00098517-v	ชุบชีวิต	ทำให้คืนชีพ
00098625-n	การบริการ	การให้บริการ
00098770-v	คืนชีพ	ฟื้นคืนชีพ
00098963-v	ตกสะเก็ด	เป็นสะเก็ดแผล
00099089-v	ปลูกผิวหนัง	มีผิวหนังขึ้นใหม่
00099184-v	หาย	หายดี	เป็นปกติ
00099439-n	การแสดงซ้ำ	อังกอร์
00099517-v	สลบ	หมดแรง
00099721-v	ทำกายบริหาร	บริหารร่างกาย	ออกกำลังกาย	เอ็กเซอร์ไซส์
00099951-n	การเล่นกล	การแสดงมายากล	มายากล
00100044-v	ซ้อม	ฝึก	ฝึกซ้อม	เทรน
00100267-r	สาย	อย่างล่าช้า
00100410-v	หมุน	หมุนตัว
00100551-v	ทำกายบริหาร	ทำให้เอ็กเซอร์ไซส์	บริหารร่างกาย
00100905-v	วอร์ม	วอร์มอัพ	อบอุ่นร่างกาย
00101191-n	การบรรเลงดนตรี	การเล่นดนตรี	การเล่นเครื่องดนตรี
00101277-v	ทำให้แข็งแกร่ง	ทำให้แข็งแรง
00101434-v	เหยียด	เหยียดออก
00101629-v	ตด	ผายลม
00101956-v	ขาก	ถุย	ถ่ม	บ้วน
00102303-v	บ้วน	พ่น
00102374-n	การเล่นแจม	แจมเซสชั่น
00102457-n	อัตโนมัติกรรม	เครื่องจักรกล
00102586-v	ทำอันตราย	เป็นอันตราย
00102736-r	ก่อนอื่น	เป็นครั้งแรก
00102791-v	น้ำลายสอ	น้ำลายหก	น้ำลายไหล
00102974-v	น้ำลายยืด	น้ำลายไหลยืด
00103194-r	ตอนเริ่มต้น	ตอนแรก	ทีแรก	ที่จุดสตาร์ท
00103291-n	การปล่อยเรือ	การปล่อยเรือลงน้ำ
00103317-v	กลายเป็นสีแดง	หน้าแดง	เปลี่ยนเป็นสีแดง
00103419-n	การปล่อยจรวด	การยิงจรวด
00103619-v	หน้าซีด	หน้าซีดเผือด	หัวหด
00103834-n	การขับ	การผลักดัน
00103953-a	ที่มีความหมายเดียว	ที่มีหนึ่งความหมาย
00104147-v	ตากแดด	นอนอาบแดด	ผึ่งแดด	อาบแดด
00104528-r	อย่างมาก	อย่างมากที่สุด
00104539-n	การขว้าง	การปา	การเขวี้ยง
00104667-v	กระจาย	กระจายทั่วร่าง	กระจายไปตามส่วนต่างๆ
00104868-v	ขับ	ปล่อย
00104942-a	ทะเยอทะยานอย่างสูง	ที่มีความทะเยอทะยานสูง
00105333-v	ขับกลิ่น	ปล่อยกลิ่น
00105341-r	ทันที	อย่างรวดเร็ว
00105820-n	การจ่ายบอล	การผ่านบอล	การส่งบอล
00106272-n	การขว้างลูก	การขว้างลูกเบสบอล
00106412-v	หายใจไม่ออก	อึดอัด
00106456-a	หรอมแหรม	โหรงเหรง
00106592-v	สวมเสื้อคลุม	ใส่เสื้อคลุม
00106843-v	ทำตัวเหลวไหล	ทำตัวไร้สาระ
00106888-n	การขว้างอย่างรวดเร็ว	การขว้างเร็ว
00106960-v	ขับชน	ขับรถชน	ชน	พุ่งชน
00107110-v	น้ำหนักขึ้น	น้ำหนักเพิ่ม
00107230-r	อย่างน่าสังเกต	โดยผิดปกติ
00107231-v	เรียก	เรียกให้ตื่น
00107468-v	ดูเหมือนจะ	ดูเหมือนจะทำบางสิ่ง	เหมือนเริ่มจะ
00107739-v	ทำให้กระดูกหัก	หัก
00107943-v	กระดูกหัก	กระดูกแตก	หัก
00108303-v	หัก	แตก
00108475-v	ขึ้น	งอก
00108747-v	พลีกาย	มอบกาย	มอบเรือนร่าง	ยอม
00109660-v	กลายสภาพ	เปลี่ยน
00110286-r	อย่างถ่อมตน	อย่างเจียมตัว
00110659-r	กลางแจ้ง	ข้างนอก
00112090-r	อย่างเงียบขรึม	อย่างเงียบเชียบ
00112601-r	สดๆร้อนๆ	เมื่อเร็วๆนี้
00112674-n	การกด	การกดลง	การเคาะ
00112828-n	การคลิกเมาส์	เสียงกดปุ่ม
00112843-r	อีกครั้ง	ใหม่
00113853-v	ทำให้ป่าเถื่อน	ป่าเถื่อน
00114291-v	กลายเป็นคาราเมล	ทำให้เป็นคาราเมล	เปลี่ยนเป็นคาราเมล
00114481-v	ทำให้เป็นพิกเซล	เปลี่ยนเป็นพิกเซล
00115157-v	กลายเป็น	เปลี่ยน	แปลง
00115500-n	การกระชาก	การกระตุก
00115667-n	การดึง	การลาก
00116079-v	เปลี่ยนเป็นปุ๋ยอินทรีย์	เปลี่ยนเป็นฮิวมัส
00116203-v	ทำให้เป็นกริยา	เปลี่ยนเป็นกริยา
00116376-n	การยก	การยกขึ้น
00116496-v	กลายเป็นสปอร์	เปลี่ยนเป็นสปอร์
00116619-v	ทำให้เป็นนวนิยาย	เขียนเป็นนวนิยาย	เปลี่ยนเป็นนวนิยาย
00116705-r	ด้วยส่วนรวม	ด้วยแผนส่วนรวม
00117372-r	เกิน	เกินไป
00117620-r	หลังจากนั้น	แล้วก็
00118552-n	การขาก	การถุยน้ำลาย	การถ่มน้ำลาย	การบ้วนน้ำลาย
00118733-n	การอวก	การอาเจียน
00119210-n	การอาเจียนเป็นเลือด	การอาเจียนเป็นโลหิต
00119568-n	การกระโจน	การกระโดด
00119873-v	กลายพันธุ์	ผ่าเหล่า	ผ่าเหล่าผ่ากอ
00120095-v	ฟอกเลือด	ฟอกโลหิต
00120784-a	ที่ไม่ทราบชื่อ	นิรนาม
00123018-v	อยู่ชานเมือง	อยู่นอกเมือง
00125078-v	มวน	ม้วน
00125289-v	มวน	ม้วน
00126143-v	ล้าน	โกร๋น	โล้น
00126264-v	ทำให้เปลี่ยน	ทำให้เปลี่ยนแปลง	เปลี่ยน	เปลี่ยนแปลง
00126886-n	การเล่นตำแหน่งผู้รับลูก	การเล่นตำแหน่งแคตเชอร์
00127021-n	การตีกอล์ฟ	การเล่นกอล์ฟ
00127137-a	ก่อน	เก่า
00127151-n	การเล่นตำแหน่งผู้ขว้างลูก	การเล่นตำแหน่งพิตเชอร์
00127531-n	การทำดีที่สุด	ผลดีที่สุด
00127672-n	การทำแย่ที่สุด	ผลแย่ที่สุด
00129788-r	ราวกับใช้เวทย์มนตร์	อย่างกับเนรมิต
00130432-r	อย่างมืออาชีพ	อย่างมือโปร
00131485-n	การโหม่ง	การโหม่งลูก
00132532-r	อย่างกับนรก	อย่างระยำ
00133160-n	การตบด้วยหลังมือ	การแบ็กแฮนด์
00133567-n	การฟาดด้วยกระดาน	การฟาดด้วยแผ่นกระดาน
00134574-n	การหวดแส้	การเฆี่ยน	การเฆี่ยนด้วยแส้
00134780-n	การชก	การต่อย
00134898-v	กลายเป็นด่าง	เป็นด่าง
00135311-n	การทิ่ม	การแทง
00135504-n	การชกตอบ	การชกสวน	การชกโต้กลับ
00135799-n	การชกหมัดฮุค	การใช้หมัดฮุค	หมัดฮุค
00135952-n	การแย็บ	การใช้หมัดแย็บ
00136991-v	ทิ้ง	ปล่อย
00137313-v	มีผล	มีผลกระทบ	ส่งผล	ส่งผลกระทบ
00137534-n	การเตะฟรีคิก	การเตะลูกฟรีคิก	การเตะลูกโทษ	ฟรีคิก	ลูกโทษ
00137770-r	ตามขวาง	ในแนวทแยง
00138221-n	การจุมพิต	การจูบ
00138611-r	น่าจะ	อย่างเป็นไปได้
00139160-v	กลับตาลปัตร	พลิกสถานการณ์
00139508-r	อย่างเหมาะสม	อย่างเหมาะเจาะ
00139586-v	เล่นแร่แปรธาตุ	แปรธาตุ
00140566-r	อย่างไม่เป็นธรรมชาติ	อย่างไม่เป็นธรรมชาิติ	โดยไม่เป็นธรรมชาติ
00141396-n	การชันสูตร	การชันสูตรพลิกศพ
00141806-n	การตรวจ	การตรวจจับ
00142191-v	ทำให้เป็นรูปร่าง	ฟอร์ม
00142361-n	การตรวจร่างกาย	การตรวจสุขภาพ
00143204-v	มวน	ม้วน
00143704-v	ทำให้กระจ่าง	ทำให้ตกผลึก
00143914-v	ทำเป็นเกลียว	บิดเป็นเกลียว
00144405-r	ประเดี๋ยว	สักครู่
00144850-v	ฟอร์ม	เป็นรูป
00146138-v	ทำให้เปลี่ยนสภาพ	เปลี่ยนสภาพ
00146387-r	ทุกเวลา	ในเวลาใดก็ตาม
00146786-a	ซึ่งไม่มีแขน	ซึ่งไร้แขน	ไม่มีแขน
00148597-v	ตกหลุมรัก	หลงรัก
00149262-n	การคลายเชือก	การแก้เชือก
00150671-r	เหนือสิ่งอื่นใด	โดยเฉพาะอย่างยิ่ง
00150776-v	ตามรอยเท้า	ทำตาม	เอาอย่าง
00151087-n	การตรวจค้น	การตรวจหา
00151279-v	กำหนดสัดส่วน	ทำให้ได้สัดส่วน
00151689-v	ลดน้อยลง	ลดลง
00151855-a	เป็นใบ้	ใบ้
00152558-v	หด	หดหาย
00152887-v	ลดจำนวน	ลดจำนวนลง	หดหาย
00153061-v	หายไป	อันตรธาน
00153263-v	ทำให้เพิ่ม	เพิ่ม
00153288-n	การตรวจวินิจฉัยก่อนคลอด	การวินิจฉัยก่อนคลอด
00154433-n	พยานเอกสาร	เอกสารหลักฐาน
00154449-r	อย่างที่อ้าง	โดยทึกทัก
00154536-r	อย่างผิดกฎหมาย	อย่างไร้กฎหมาย
00155046-v	ดิ่งลงอย่างหนัก	ดิ่งเหว	หล่นวูบ
00155298-n	การปฏิเสธ	การหักล้าง
00155547-v	ขึ้นสู่	ขึ้นอันดับ
00155621-r	โดยทั่วไป	โดยปกติ	โดยส่วนใหญ่
00155727-v	พุ่งขึ้น	พุ่งพรวด
00156222-r	อนึ่ง	อีกประการหนึ่ง
00156485-v	ยอบแยบ	หมดแรง
00156833-r	ไม่ว่าจะขึ้นเขาลงห้วย	ไม่ว่าจะเกิดอะไรขึ้น	ไม่ว่าอะไรจะเกิดขึ้น
00157623-v	เพิ่มขึ้นจนไม่อาจควบคุม	เพิ่มขึ้นโดยไม่อาจควบคุม
00157844-v	กว้างขึ้น	ขยาย	โตขึ้น	ใหญ่ขึ้น
00158190-r	ทั้งหมด	เป็นคนแรกและคนสุดท้าย
00158804-v	รวบรวม	สะสม
00160653-v	ทำให้ต่างกัน	ทำให้ไม่เหมือนกัน
00161012-v	ผลักเสียง	มีเสียงต่างกัน
00161018-r	ส่วนใหญ่	อย่างมากกว่า
00161225-v	เปลี่ยน	แลกเปลี่ยน
00161603-n	การคัดตัว	การคัดตัวนักแสดง	การคัดเลือกนักแสดง	แคสติ้ง
00161739-n	การเลือกใช้สี	การใช้สี
00161888-n	การสุ่มตัวอย่าง	การเลือกตัวอย่าง	การแซมปลิง
00162055-n	การสุ่มกลุ่มตัวอย่าง	การสุ่มตัวอย่าง
00163076-r	อย่างตำหนิติเตียน	อย่างติเตียน
00163406-n	การกลับลำ	การเปลี่ยนนโยบาย
00165269-r	เมือถึงเวลา	เมื่อถึงเวลา
00166172-n	การเดิน	การเดินหมาก
00168505-n	การจอด	การจอดรถ
00168564-r	อย่างบึ้งตึง	อย่างบ้าคลั่ง
00168658-n	การย้าย	การย้ายที่อยู่
00168820-a	ขึ้นกล้อง	ซึ่งถ่ายรูปขึ้น
00169047-n	การเปลี่ยนเกียร์ต่ำ	การเปลี่ยนเป็นเกียร์ต่ำ
00169164-a	ที่ขาดเสน่ห์	ที่ไม่มีเสน่ห์
00169458-v	เปลี่ยนชุด	เปลี่ยนเสื้อผ้า
00169651-v	เปลียนแปลงขนาด	เปลี่ยนขนาด
00169806-v	ดัดแปลง	แปลง
00170412-r	ตรงข้าม	ในทางตรงกันข้าม
00171339-v	ใส่ครีมเทียม	ใส่คอฟฟี่เมต
00172710-n	มรรค	วิถีทาง	วิธี
00172732-v	ปลดจากตำแหน่ง	เอาออก
00172980-r	อย่างกล้าหาญ	อย่างห้าวหาญ
00173220-a	ตั้งครรภ์	อุ้มท้อง
00173644-r	ด้วยความอดกลั้น	อย่างอดทน
00174003-n	ทาง	วิถี	เส้นทาง
00175300-a	ซูเปอร์โซนิค	อุลตราโซนิค
00175490-r	อย่างเฉพาะ	อย่างเป็นหนึ่งเดียว
00175919-r	อย่างตรงกันข้าม	อย่างสลับกัน
00176981-r	ครั้งแรก	ครั้งแล้วครั้งเล่า
00177243-v	ถอด	เปลื้อง
00177578-v	ตัดออก	เอาออก
00178024-n	กระบวนการทดลอง	วิธีการทดลอง
00178586-r	อย่างระมัดระวัง	อย่างละเอียดถี่ถ้วน
00180197-v	กวาดออก	กวาดเศษออก
00180413-n	การสนับสนุน	การได้รับความเห็นชอบ
00180770-n	การสวมกอดอย่างรักใคร่	ความรักแนบแน่น
00181748-r	อย่างกระฉับกระเฉง	อย่างแรง
00181781-n	การคัดเลือก	การเลือกตั้ง
00182316-r	อย่างดีเยี่ยม	อย่างหรูหรา	อย่างโอ่อ่า
00182406-v	ทำให้เพิ่ม	เพิ่ม
00182775-r	อย่างเกรงใจ	อย่างเห็นอกเห็นใจ
00182843-a	ซึ่งใช้คน	ซึ่งใช้แรงงาน
00183090-r	อย่างน่ามหัศจรรย์	อย่างมหัศจรรย์	อย่างมาก	อย่างยอดเยี่ยม	อย่างโดดเด่น
00183505-n	การลงคะแนนเสียง	การโหวต
00184284-r	จริงอยู่	โดยเปิดเผย
00185172-r	ด้วยความสามารถ	อย่างมีความสามารถ	อย่างสามารถ
00185607-a	ซึ่งซื้อได้	ซึ่งหาซื้อได้
00185778-n	การผ่าท้องคลอด	การผ่าท้องทำคลอด
00185970-r	อย่างวิตกกังวล	อย่างหวั่นเกรง
00186634-n	การทำคะแนน	การทำสกอร์	การทำแต้ม
00187337-n	การทำประตู	การยิงประตู
00187455-r	ด้วยความฉลาด	อย่างฉลาด
00187499-n	การทำเข้าประตูตัวเอง	การยิงเข้าประตูตัวเอง
00187526-v	สอด	เสียบ
00187617-r	อย่างทุ่มเท	อย่างฟุ่มเฟือย
00187710-n	การทำสไตรก์	สไตรก์
00187736-a	หลับ	หลับไหล
00189017-a	ง่วงนอน	ง่วงหงาวหาวนอน
00190338-n	คะแนนบาสเกตบอล	แต้ม
00190579-n	การทำแฮตทริก	แฮตทริก
00191142-n	การทำให้เปลี่ยนแปลง	การเปลี่ยนแปลง
00191980-n	การกรองผ่านฟิลเตอร์	การผ่านเครื่องกรอง
00194156-r	อย่างงดงาม	อย่างสง่างาม
00194645-n	การทำให้เป็นหน่วยเมตริก	การเปลี่ยนเป็นหน่วยเมตริก
00194912-v	ทำให้เตียน	ทำให้เตียนโล่ง
00195907-r	อย่างยั่วเย้า	อย่างเชื้อเชิญ
00196024-v	ตัดไม้	ตัดไม้ทำลายป่า	ถากถางป่า	ถากถางพื้นที่
00196203-r	อย่างถูกต้อง	อย่างเหมาะสม
00196417-r	ด้วยความตั้งใจ	อย่างตั้งอกตั้งใจ	อย่างตั้งใจ
00196540-r	อย่างน่าประหลาดใจ	อย่างมหาศาล	อย่างมหึมา	อย่างมโหฬาร
00196692-r	อย่างมีน้ำใจ	อย่างเอื้อเฟื้อเผื่อแผ่	อย่างโอบอ้อมอารี
00197182-r	น.	นาฬิกา	โมง
00197423-v	เลาะกระดูกออก	เอากระดูกออก	เอาก้างออก
00197576-a	ข้างหลัง	หลัง
00197590-v	ควักเครื่องใน	คว้านไส้พุง
00198793-n	การลดขั้น	การลดชั้น
00198845-r	อย่างดื้อ	อย่างดื้อดึง	อย่างดื้อรั้น	อย่างหัวแข็ง
00199130-n	การเปลี่ยนสภาพ	การเปลี่ยนแปลงสภาพ
00199569-a	ที่ตามมา	ที่ตามหลัง
00200397-v	ตรวจแก้	อีดิต
00201195-r	อย่างโหดเหี้ยม	อย่างใจร้าย
00201893-r	อย่างโง่เขลา	อย่างโง่ๆ
00202341-r	อย่างเข้าใจง่าย	อย่างเป็นที่เข้าใจได้
00203556-v	ใช้มากเกิน	ใช้ในทางผิด
00203922-r	ถูก	ถูกต้อง	อย่างถูกต้อง
00204391-v	เสื่อมถอย	แย่ลง
00205375-r	อย่างชอบธรรม	อย่างถูกต้อง
00205649-n	การละทิ้ง	การไม่ยอมรับ
00205766-v	ซื้อง่ายขายคล่อง	ไปได้สวย
00205885-v	ทำให้ดีขึ้น	ปรับปรุง
00207184-v	ยกระดับ	อัปเกรด
00208277-n	การตัดออกจากกลุ่ม	บัพพาชนียกรรม
00208557-r	อย่างหนีไม่พ้น	อย่างหลีกเลี่ยงไม่ได้
00208773-r	อย่างหมดหนทาง	โดยไม่ให้ความช่วยเหลือ
00208943-n	การปลดออกจากตำแหน่ง	การล้มราชบัลลังก์
00209518-r	อย่างหน้า่ด้าน	อย่างไร้ยางอาย
00209976-r	อย่างน่าตื่นตาตื่นใจ	อย่างวิเศษ
00210768-r	อย่างปกติ	อย่างเป็นประจำวัน
00210848-a	ซึ่งมีศีรษะล้าน	หัวล้าน	หัวโกร๋น	หัวโล้น
00211026-a	ล้าน	หัวล้าน
00211110-n	การจบ	การลงเอย	การเสร็จสมบูรณ์
00212065-n	การจบการศึกษา	การสำเร็จการศึกษา	การเรียนจบ
00212173-a	ขนดก	ซึ่งมีขนและผมรุงรัง
00212205-n	การปลดเกษียณ	การพ้นจากตำแหน่งหน้าที่	การเกษียณอายุ
00213301-r	อย่างคาดไม่ถึง	อย่างน่าประหลาดใจ	อย่างน่าพิศวง
00213712-v	แช่น้ำร้อน	แช่ในน้ำร้อน
00213794-v	ทำอาหารกระป๋อง	ทำเป็นอาหารกระป๋อง
00213875-r	อย่างมีกำไร	อย่างมีผลผลิต	อย่างอุดมสมบูรณ์
00214084-r	อย่างเปล่าประโยชน์	โดยเปล่าประโยชน์
00214289-r	อย่างชำนาญ	อย่างชำนิชำนาญ
00215314-n	การแยก	การแยกตัว
00216174-n	การพ้นสภาพพนักงาน	การไล่ออก
00216216-v	จุ่ม	แช่
00216592-r	อย่างหงุดหงิด	อย่างเจ้าอารมณ์	อย่างโกรธ
00217014-n	การทำลายล้าง	การทำให้พังพินาศ
00217152-v	ท่วม	น้ำท่วม
00217427-v	นอง	ไหลนอง
00217434-r	อย่างเป็นมงคล	โดยเป็นมงคล
00217728-a	งาม	สวย
00219012-n	การฆ่า	การฆ่าสัตว์ตัดชีวิต	การทำให้ตาย
00219110-r	อย่างน่ายินดี	อย่างเพลิดเพลิน
00219325-r	อย่างร่าเริงสดใส	อย่างอารมณ์ดี
00219597-v	เกรียม	แห้งกรอบ	แห้งเกรียม
00219855-r	อย่างจริงใจ	อย่างอบอุ่น
00220023-n	การฆ่าคน	การฆ่ามนุษย์
00220052-r	อย่างมีอัธยาศัยดี	อย่างมีไมตรีจิต	อย่างอ่อนโยน
00220323-r	อย่างคลุมเครือ	อย่างมีความหมายกำกวม
00220490-r	อย่างไม่คลุมเครือ	อย่างไม่คลุมเคลือ
00220522-n	การฆาตกรรม	ฆาตกรรม
00220669-r	อย่างเป็นพิธีกรรม	โดยเป็นพิธีกรรม
00220956-a	ขี้ริ้วขี้เหร่	ขี้เหร่	น่าเกลียด	อัปลักษณ์
00221056-n	การลอบฆ่า	การลอบสังหาร
00221480-n	การฆาตกรรมโดยการจ้างวาน	การจ้างวานฆ่า
00221583-r	อย่างกว้างๆ	โดยทั่วไป
00221596-n	การฆาตกรรมบุพการี	การฆ่าพ่อแม่
00221727-n	การฆาตกรรมสามี	การฆ่าผัว
00222064-n	การฆาตกรรมภรรยา	การฆ่าเมีย
00222155-n	การฆาตกรรมบุตรธิดา	การฆ่าลูก
00222485-n	การฆ่าตัวตาย	อัตวินิบาตกรรม
00223109-v	สนับสนุน	แสดงให้เห็นอย่างมีเหตุผล
00223362-n	การคว้านท้อง	การทำฮาราคีรี	การฮาราคีรี
00223395-r	อย่างน่าเชื่อถือ	อย่างเชื่อถือได้
00223720-n	การกำจัดคู่แข่ง	การเก็บคู่แข่ง
00223983-n	การฆาตกรรมหมู่	การฆ่าฟัน	การสังหารหมู่
00224260-n	การฆ่าฟันอย่างบ้าคลั่ง	การนองเลือด	การสังหารหมู่อย่างป่าเถื่อน
00224599-n	การประชาทัณฑ์	การรุมประชาทัณฑ์	การลงประชาทัณฑ์
00224738-n	การวางยา	การวางยาพิษ	การวางยาเบื่อ
00224941-r	ชั่วกัลปาวสาน	อย่างไม่จบสิ้น
00225070-n	การปลงพระชนม์	การลอบปลงพระชนม์
00227423-r	อย่างยินดีปรีดา	อย่างเบิกบาน
00228078-n	การนั่งเก้าอี้ไฟฟ้า	การประหารชีวิตด้วยเก้าอี้ไฟฟ้า
00228127-v	เต็มไปด้วยเลือด	เปื้อนเลือด
00228181-n	การตัดศีรษะ	การตัดหัว
00228236-v	ทดน้ำ	มีระบบชลประทาน
00228253-r	อย่างไร้ประสิทธิภาพ	ไม่ชำนาญ
00228521-v	ฉีด	ฉีดสายยาง	ใช้สายยางฉีด
00228655-v	ประพรม	พรม	พรมน้ำ	สุหร่าย
00228911-n	การเลิกยา	การเลิกเสพยา
00229034-n	การเลิกเสพยาอย่างเด็ดขาด	การเลิกเสพอย่างเด็ดขาด
00229074-r	อย่างรักใคร่	อย่างแสดงความรัก
00229260-n	การจบ	การปิด
00229814-n	การปลดลูกจ้าง	การลอยแพลูกจ้าง	การเลิกจ้าง
00229934-n	การดับเพลิง	การดับไฟ
00230076-a	บ๊วย	สุดท้าย
00230172-n	การทำให้ค่อยๆเลือน	การเลื่อนหายไป
00230703-n	การแท้งเป็นนิสัย	ภาวะแท้งเป็นอาจิณ
00230746-v	เติบโต	โต
00230824-n	การแท้งคุกคาม	ภาวะแท้งคุกคาม
00231445-v	ขยายอย่างรวดเร็ว	ผุดเป็นดอกเห็ด
00231457-r	อย่างกระชับ	อย่างห้วนๆ
00231557-v	งอก	เจริญเติบโต	โต
00231765-r	ด้วยความสมัครใจ	โดยสมัครใจ
00231916-r	ด้วยความไม่เต็มใจ	อย่างไม่เต็มใจ
00231963-a	ซึ่งมีสุขภาพดีขี้น	ซึ่งสุขภาพดีขึ้น
00232600-r	อย่างคลุมเครือ	อย่างมัวๆ
00234423-n	การดำเนินนโยบายเป็นกลาง	ความเป็นกลางทางการเมือง
00235435-n	การเปิดฉาก	การเริ่มต้น
00235701-r	อย่างดื้อดึง	อย่างเหนียวแน่น
00235731-a	ที่มีใบหน้ายาว	หน้า่ยาว
00235843-r	อย่างมีประสิทธิภาพ	อย่างรวดเร็วทันใจ
00237078-n	การก่อตั้ง	การจัดตั้ง
00237240-a	ที่มีหลายด้าน	หลายด้าน
00237833-r	อย่างไม่ตั้งใจ	อย่างไม่เจตนา
00238529-r	อย่างปราศจากความรู้สึก	อย่างใจดำ
00238674-r	ด้วยเหตุผล	อย่างชอบด้วยเหตุผล
00238712-a	ที่มีแปดด้าน	แปดเหลี่ยม
00239230-n	ก้าวแรก	ขั้นแรก
00239666-n	การเริ่มก่อสร้างบ้าน	การเริ่มสร้างบ้าน
00240184-n	การก่อตั้ง	การเริ่มต้น
00240707-r	ในสิ่งนั้น	ในสิ่งนี้
00240954-r	อย่างลำเอียง	อย่างไม่ซื่อตรง
00241093-r	อย่างรุนแรง	อย่างเข้มงวด
00241507-n	การเขี่ยลูก	คิกออฟ
00241871-r	อย่างคาดเดา	โดยเก็งกำไร
00242003-n	การเริ่มต้นใหม่	การเริ่มใหม่
00242321-r	อย่างหนักใจ	อย่างหน้าบึ้ง	อย่างเคร่งขรึม
00242808-n	การกระตุ้น	การเร้า
00243577-n	การเปิดฉาก	การเปิดม่าน
00243900-v	ตัดทอน	ย่อ	ย่อความ
00243918-n	การทำอาหาร	การประกอบอาหาร
00244918-r	ใต้ตีน	ใต้เท้า
00245059-v	ซา	ลดความรุนแรง
00245402-r	อย่างดุร้าย	อย่างรุนแรง
00246552-n	การปิ้ง	การย่าง
00248026-v	อายุมากขึ้น	แก่ขึ้น
00248368-n	การปรุงรส	การใส่เครื่องปรุงรส
00250570-r	ต่อปี	ในแต่ละปี
00251304-r	ก่อนเที่ยง	ช่วงเช้า
00251820-r	โดยชอบด้วยกฎหมาย	โดยชอบด้วยกฏหมาย
00252307-n	การกวาดด้วยไม้กวาด	การกวาดบ้าน
00252710-v	เข้าสู่วัยรุ่น	เป็นวัยรุ่น	เป็นเด็กวัยรุ่น
00254867-v	นุ่ม	อ่อนนุ่ม
00255600-n	การล้างจาน	การล้างถ้วยชาม
00256407-n	การทำไฮไลท์	การทำไฮไลท์ผม
00256507-v	ป่อง	ป่องออก
00256746-n	การสางผม	การหวีผม
00257115-n	การสระ	การสระผม	การสระผมด้วยแชมพู
00257228-n	การดูแลผม	การดูแลรักษาผม	การดูแลเส้นผม	การทำผม
00257770-n	การอาบน้ำในอ่าง	การอาบในอ่าง
00258403-n	การถูตัวด้วยฟองน้ำ	การใช้ฟองน้ำถูตัว
00258796-r	ลึกถึงเข่า	ลึกระดับเข่า
00258857-v	ทำความเสียหาย	ทำให้เสียหาย
00258904-r	ลึกระดับอก	สูงเทียมอก
00260274-r	แรกพบ	แรกเจอ	แรกเห็น
00260648-v	ซ่อม	ซ่อมแซม
00260704-r	ในจำนวนมหาศาล	ในจำนวนมาก
00261231-r	อย่างมีรสนิยม	อย่างมีสุนทรีย์
00261389-r	อย่างทุกข์ทรมาน	อย่างเจ็บปวดทรมาน
00261604-n	การทำให้สวย	การเสริมสวย
00262206-r	ด้วยความทะเยอทะยาน	อย่างแน่วแน่
00262249-n	การตกแต่ง	การตบแต่ง
00262328-a	ที่มีศีรษะกลม	ที่มีศีรษะสั้น
00262792-a	กล้า	กล้าหาญ	หาญ
00263044-v	ทำให้เกิดตำหนิ	ทำให้เกิดรอยตำหนิ	ทำให้เป็นรอย
00263164-n	การตกแต่งด้วยกระจกสี	การตกแต่งด้วยกระเบื้องโมเสก
00263180-r	ไกล	ไกลบ้านไกลช่อง
00263231-v	บวมปูด	พุงกาง
00263642-n	การทำเครื่องหมาย	การมาร์คเครื่องหมาย
00263813-n	การขีดเส้น	การขีดเส้นใต้
00264178-a	ใจสิงห์	ใจเพชร
00264192-n	การกรอง	การทำให้ชัด
00264339-r	น่าสังเวช	อย่างไม่มีความหวัง
00264386-v	เพิ่มเกินปกติ	โก่ง
00264555-r	ตามอัตภาพ	พอสมควร
00264705-v	แบนแฟบ	แฟบ
00264776-a	ขลาด	ขี้กลัว	ขี้ขลาด
00265298-r	อย่างน่ารัก	อย่างน่าเอ็นดู
00265314-a	ขวัญหนีดีฝ่อ	ขี้ตกใจ	ขี้ตื่น
00266806-n	การซ่อม	การซ่อมแซม
00267041-v	เปลี่ยนเป็นไอออน	ไอโอไนซ์
00267522-n	การดูแลรักษา	การบำรุงรักษา
00267950-r	ด้วยอารมณ์รัก	ด้วยอารมณ์รักระคนใคร่
00269726-r	อย่างคุยโว	อย่างโอ้อวด
00270446-r	มีนามแฝงว่า	เป็นที่รู้จักในชื่อ	โดยมีนามแฝงว่า
00270826-v	ทำให้มั่นคง	ทำให้เสถียร
00270919-n	การจอง	การจ้างนักแสดง
00271201-v	คงค่าเงิน	คงราคาสินค้า	ตรึงค่าเงิน	ตรึงราคาสินค้า
00271263-n	การลดค่า	การเสื่อมลง
00271264-r	ด้วยความซาบซึ้งใจ	อย่างขอบคุณ
00272587-r	อย่างฉลาด	อย่างฉลาดหลักแหลม	อย่างเฉลียวฉลาด
00272844-r	ตามขวาง	ทางขวาง
00272910-v	ทำให้คุ้นเคย	ทำให้ชิน
00273690-n	การทำให้เปลี่ยนสี	การเปลี่ยนสี
00273752-r	เหมาะกับเวลา	เหมาะแก่เวลา
00273877-n	การทำสีอ่อน	การเปลี่ยนเป็นสีอ่อน
00274160-r	อย่างมีจริตจะก้าน	อย่างเจ้าเล่ห์
00274283-v	กัด	ทำให้กร่อน
00274369-r	อย่างเปิดเผย	อย่างไม่มีเล่ห์เหลี่ยม
00274437-n	การทำสีคล้ำ	การเปลี่ยนเป็นสีดำ
00274941-n	การทำสี	การเปลี่ยนสี
00275307-n	การทำสีผม	การย้อมผม	การย้อมสีผม
00275409-r	ข้างหลัง	ท้ายเรือ
00275424-n	การย้อม	การย้อมสี
00275751-n	การย้อมสีแกรม	การย้อมสีแบบแกรม	การย้อมแกรม
00276342-n	การตรึง	การทำให้คงสภาพ
00276373-v	ทำให้วุ่นวาย	ทำให้อลหม่าน
00276391-r	อย่างโลภ	อย่างโลภมาก
00277811-n	การแช่	การแช่น้ำ
00278555-n	การประพรม	การพรมน้ำ
00278633-r	อย่างย่อ	อย่างวิงวอน	อย่างอ้อนวอน
00278810-n	การบดเคี้ยว	การเคี้ยว
00278834-r	อย่างน่าจับใจ	อย่างมีเสน่ห์
00279075-v	จัดตามลำดับ	จัดเรียงตามอนุกรม
00279523-r	อย่างตรงไปตรงมา	อย่างไร้มารยาท
00279867-r	อย่างมากมาย	อย่างอุดมสมบูรณ์
00280301-v	กลายเป็นสีขาว	เปลี่ยนเป็นสีขาว
00280532-v	กลายเป็นสีคล้ำ	กลายเป็นสีดำ
00280853-n	การดูด	การเข้าใกล้
00281101-v	สีตก	เปลี่ยนสี
00281237-r	อย่างรอบคอบ	อย่างระแวดระวัง
00282020-a	ที่มีสีน้ำนมแวววาว	ที่มีแสงสะท้อนเหมือนโอปอล
00282444-r	ลวกๆ	อย่างมักง่าย	อย่างไม่ระมัดระวัง
00282652-v	กลายเป็นสีเงิน	เปลี่ยนเป็นสีเงิน
00282675-a	เรียบเงางาม	เหมือนผ้าไหม
00282858-r	ต่อเนื่องกัน	อย่างไม่รู้จบ	อย่างไม่รู้จักเลิก	อย่างไม่หยุดหย่อน
00283090-v	ย้อม	ย้อมสี
00283235-r	ไม่จบสิ้น	ไม่รู้จบ
00283703-a	ทึบ	ทึบแสง
00283911-v	ทำให้เกิดสี	ระบายสี	ลงสี
00284183-r	ในราคาประหยัด	ในราคาย่อมเยา
00285092-r	อย่างบริสุทธิ์ยุติธรรม	อย่างยุติธรรม
00285854-r	อย่างเสร็จสมบูรณ์	อย่างเสร็จสิ้นสมบูรณ์
00285856-v	ระบายสีด้วยมือ	ลงสีด้วยมือ
00286928-v	ระบายสีอ่อนๆ	เป็นสีจาง
00287498-a	ซึ่งเปิดกว้าง	ซึ่งเปิดความคิด	ซึ่งเปิดใจ
00287640-a	คับแคบ	ใจแคบ
00288314-v	ย้อมสองครั้ง	ย้อมสีสองครั้ง
00288673-v	ย้อมด้วยมือ	ย้อมสีด้วยมือ
00288947-v	ย้อมสีหลังทอ	ย้อมหลังทอ
00289031-v	กลายเป็นสีแดง	เปลี่ยนเป็นสีแดง
00289159-v	เป็นสีแดงระเรื่อ	แดงระเรื่อ
00289297-v	กลายเป็นสีม่วง	เป็นสีม่วง
00289392-v	กลายเป็นสีเทา	เปลี่ยนเป็นสีเทา
00289421-r	ด้วยความทรนง	อย่างทรนง
00289840-v	กลายเป็นสีเหลือง	เปลี่ยนเป็นสีเหลือง
00289860-r	อย่างกระฉับ	อย่างย่อ
00290579-n	การสวนสนาม	การเดินสวนสนาม	การเดินแถว
00290622-r	อย่างถากถาง	อย่างเสียดสี
00291471-a	ฉันพี่น้อง	แบบพี่น้อง
00292133-r	อย่างวางท่า	อย่างวางมาด	อย่างวางโต
00292503-r	อย่างรอบคอบ	อย่างระบุเฉพาะเจาะจง	อย่างระมัดระวัง
00292981-n	การท่องอวกาศ	การเดินท่องอวกาศ
00293141-v	ตกแต่ง	ทำให้สวยขึ้น
00293307-n	การลุยน้ำ	การเดินลุยน้ำ
00293650-r	ด้วยอารมณ์ฉุนเฉียว	อย่างอารมณ์เสีย	อย่างอารมณ์ไม่ดี
00293657-n	การเดินเที่ยว	การเดินเที่ยวชม
00293926-r	อย่างมีเล่ห์เหลี่ยม	อย่างเฉียบแหลม	อย่างแยบยล
00294175-a	ขี้เกียจ	ที่เกียจคร้าน
00294245-v	ผลิดอก	มีดอก	ออกดอก
00294579-a	ขี้เกียจ	เกียจคร้าน
00294868-n	การคลาน	การเลื้อย
00295545-r	อย่างเยือกเย็น	อย่างใจเย็น
00295825-r	อย่างเหลือเชื่อ	อย่างไม่น่าเชื่อ
00296178-v	ปรับ	ปรับเปลี่ยน	ปรับให้เหมาะสม
00296186-a	ที่คล้ายกระดูก	ที่เหมือนกระดูก
00296354-a	ที่ไม่มีกระดูก	ที่ไร้กระดูก
00296836-r	อย่างลี้ลับ	อย่างลึกลับ
00297532-n	การข้าม	การเดินทางข้าม
00297906-v	ตั้งนาฬิกา	ตั้งเวลา
00298161-n	ธุรกิจการท่องเที่ยว	ธุรกิจท่องเที่ยว
00298351-n	ธุรกิจการท่องเที่ยวเชิงนิเวศ	ธุรกิจการท่องเที่ยวเชิงอนุรักษ์
00298556-v	ตั้ง	เซต
00298773-v	ตั้งใหม่	รีเซต
00299753-r	อย่างหนาทึบ	อย่างแน่นหนา
00300247-r	บางที	อาจจะ
00300441-n	การเดินทางโดยเครื่องบิน	การโดยสารเครื่องบิน
00301168-r	อย่างประชดประชัน	อย่างเยาะเย้ย	อย่างเย้ยหยัน
00301840-r	อย่างกลุ้มใจ	อย่างสิ้นหวัง
00302130-v	ทำให้เชื่อง	ฝึกให้เชื่อง
00302436-a	ที่คำนวนไม่ได้	ที่ประเิมินค่าไม่ได้	ที่วัดค่าไม่ได้
00302464-v	ปรับสภาพ	ปรับให้เข้ากับสภาพแวดล้อม
00302477-r	อย่างติดเชื้อ	อย่างแพร่เชื้อได้ง่าย
00302622-r	อย่างถกเถียง	อย่างโต้แย้ง
00302761-a	ที่คลื่นลมสงบ	สงบ
00303849-n	การกระโดดร่ม	การดิ่งพสุธา
00303930-r	อย่างคนไม่เต็มเต็ง	อย่างสติไม่ดี
00304898-r	เหมือนคนตาย	เหมือนนคนตาย
00305109-v	ทำให้แคบ	แคบ
00305153-n	การนำเครื่องบินลงจอด	การนำเครื่องลงจอด
00305153-r	อย่างไม่เหมาะสม	โดยไม่เหมาะสม
00306102-n	การบินขึ้น	การเทคออฟ
00306909-r	อย่างน่าขยะแขยง	อย่างน่ารังเกียจ
00307631-n	การขับขี่	การขับรถ
00308559-r	อย่างแสดงให้เห็นได้	อย่างไม่ต้องสงสัย
00308916-r	อย่างชั่วร้าย	อย่างเลวร้าย	อย่างโหดร้าย
00309074-v	ปะทุ	เจ่อ	แตก
00309310-v	ระเบิด	แตก
00309632-r	อย่างน่าชิงชัง	อย่างสะอิดสะเอียน
00309875-r	อย่างเป็นอันตราย	อย่างเสียหาย
00309906-n	การล่าสัตว์	การเดินป่า
00310386-v	บูม	รุ่งเรือง	เติบโต
00310393-r	อย่างจริงใจ	อย่างเคร่ง
00310533-r	อย่างคล่องแคล่ว	อย่างชำนาญ
00310666-n	การท่องเที่ยว	ทัวร์
00310847-r	ด้วยแผนภาพ	ในลักษณะแผนภาพ
00311430-r	อย่างวางอำนาจ	อย่างเผด็จการ
00312784-n	การเดินทางท่องมหาสมุทร	การเดินทางท่องสมุทร
00313096-n	การเดินทางท่องสมุทรครั้งแรก	การเิิดินทางท่องมหาสมุทรครั้งแรก
00313633-r	อย่างทำให้เสียชื่อเสียง	อย่างน่าละอาย	อย่างน่าละอายใจ	อย่างน่าอาย
00313987-v	ซ่อนเร้น	ปกปิด
00314272-v	ปรับ	โฟกัส
00314384-r	อย่างซื่อสัตย์	เปิดเผย
00314835-r	อย่างตรงไปตรงมา	อย่างเปิดเผย
00315020-v	มีมูลค่าลดลง	ลดมูลค่า
00315595-r	อย่างชาญฉลาด	อย่างไม่จริงใจ
00316494-v	สั้นลง	หดสั้น
00317468-v	กว้างขวางขึ้น	กว้างขึ้น
00317485-n	การต้อนฝูงวัวควาย	การต้อนวัวควาย
00317594-n	การต้อนฝูงสัตว์	การต้อนสัตว์
00319629-v	กำหนดขนาดใหม่	วัดขนาดใหม่
00320246-v	ทอดจนเหลือง	ทอดให้เหลือง
00321020-v	ทำให้เป็นระบบฟิวดัล	เปลี่ยนเป็นระบบฟิวดัล
00321936-v	เข้าไมโครเวฟ	เวฟ	ใช้ไมโครเวฟ
00322228-n	การบรรจุกล่อง	การบรรจุหีบห่อ	การแพ็คของ
00322321-a	ซึ่งไม่มีก้าน	ซึ่งไร้ก้าน
00322847-v	ทำกับข้าว	ทำอาหาร	ประกอบอาหาร
00323908-r	ทางตะวันตก	ทางทิศตะวันตก
00324022-r	ตรงไปทางตะวันตก	ตรงไปทางทิศตะวันตก
00324358-r	จากตะวันตก	จากทิศตะวันตก
00324470-r	ตรงไปทางตะวันตก	ตรงไปทางทิศตะวันตก
00324589-r	อย่างร่าเริง	เต็มไปด้วยชีวิตชีวา
00324978-n	การเดินไต่ลวด	การไต่ลวด
00325110-n	การปีน	การไต่
00325139-r	อย่างปลาบปลื้ม	อย่างปลื้มปิติ
00325364-n	การปีนบันได	การไต่บันได
00325777-v	ทอดน้ำมันท่วม	ทอดแบบน้ำมันท่วม
00325785-n	การปีนเขา	การไต่เขา
00326094-n	การปีนเขา	กีฬาปีนเขา
00326440-n	การดิ่งตัว	การเคลื่อนต่ำลง
00326773-v	ปิ้ง	ย่าง
00327683-n	การทำให้เคลื่อนลง	การเคลื่อนลง
00327824-n	การสวิง	การแกว่ง
00327848-r	อย่างมีวาทศิลป์	อย่างสื่อความหมาย
00328015-n	การกลับคืน	การกลับมา	การหวนคืน
00328502-n	การสไลด์	การเลื่อน
00329227-n	การไหล	การไหลเป็นกระแส
00331531-n	การยกทัพ	การเคลื่อนกองทัพ
00331842-v	ตำ	ใช้ครกตำ
00331950-n	การขยับ	การเคลื่อนไหว
00332069-r	พอกัน	อย่างเท่าๆกัน
00333096-r	อย่างน่าจะให้อภัย	อย่างอภัยให้ได้	อย่างอภัยได้
00333733-n	การกลอกตา	การหมุนเป็นวงกลม
00334186-v	ทำให้แตกออก	ทำให้แยกออก
00334210-r	อย่างไม่แพง	โกโรโกโส	ไม่มีค่า
00334711-n	การสั่นศีรษะ	การสั่นหัว	การส่ายศีรษะ	การส่ายหัว
00335544-r	อย่างร่างเริง	อย่างร่าเริง
00335923-v	ฟาด	แตกกระจาย
00336065-r	อย่างผิดๆ	อย่างไม่ถูกต้อง
00336260-v	หัก	แตก	แตกร้าว	แตกหัก
00337068-r	อย่างตามอารมณ์	อย่างเพ้อฝัน
00337903-v	แตกเป็นชิ้นเล็กชิ้นน้อย	แตกแยกเป็นกลุ่มๆ
00338559-v	ประกาศยุบสภา	ยุบสภา
00339599-r	ด้วยความรู้สึกท่วมท้น	อย่างจริงใจ
00341051-r	อย่างฉูดฉาด	อย่างสะดุดตา	อย่างหรูหรา
00341835-r	อย่างไม่เอาจริงเอาจัง	อย่างไร้แก่นสาร
00343771-v	เกิดเป็นวัฏจักร	เป็นวงจร	เป็นวัฏจักร
00344643-v	อุบัติ	เกิดขึ้น
00344942-n	การนั่งยอง	การนั่งยองๆ
00345000-v	กล้ำกราย	เกิดขึ้นกับ
00345761-v	เริ่ม	เริ่มต้น
00347009-r	อย่างฉูดฉาด	อย่างฉูดฉาดไร้รสนิยม
00347087-n	การกลับรถ	การยูเทิร์น
00347359-n	การกระตุก	การเขย่า
00348008-n	การแกล้งทำเป็น	ความเอียง
00348571-n	การสะบัด	การโบก
00349213-n	การคร่อม	คร่อม
00349369-n	การเคลื่อนไหวเป็นสโตรก	สโตรก
00350163-r	อย่างงดงาม	อย่างดีเลิศ	อย่างสุกปลั่ง
00351048-v	ดึงดันแม้อาจเกิดปัญหา	ดึงดันแม้เกิดปัญาห
00351542-r	อย่างบิดเบี้ยว	อย่างพิสดาร
00352558-v	จบลงด้วย	ลงเอย
00352585-n	การตัดงบประมาณ	การลดงบประมาณ
00352683-n	การตัดเงินเดือน	การลดเงินเดือน
00353178-r	อย่างตามบุญตามกรรม	อย่างไม่เป็นระเบียบ
00353639-v	ตัดขาด	ตัดเยื่อใย
00354317-v	จนเป็นนิสัย	จบ
00355291-r	อย่างรีบเร่ง	อย่างเผ็ดร้อน
00355524-v	เหนื่อยสายตัวแทบขาด	เหนื่อยเจียนตาย	เหนื่อยแทบตาย
00355803-v	สิ้นสุด	สิ้นสุดลง
00358089-n	การบีบ	การบีบอัด	การอัด
00358135-v	งอกราก	รากงอก
00358200-r	อย่างแหบห้าว	อย่างแหบๆ
00358431-v	จบชีวิต	จากไป	ซี้	ดับ	ตาย	ถึงชีพิตักษัย	ถึงแก่กรรม	ถึงแก่พิราลัย	ถึงแก่อนิจกรรม	ถึงแก่อสัญกรรม	ทิวงคต	มรณภาพ	ล้ม	สวรรคต	สิ้นชีพ	สิ้นชีพิตักษัย	สิ้นพระชนม์	สิ้นลม	สิ้นใจ	เข้าโลง	เสด็จสวรรคต	เสียชีวิต
00358931-n	การทำให้สั้น	การลดความยาว
00359459-a	ซึ่งมีความใจบุญสุนทาน	ซึ่งใจบุญสุนทาน
00359806-v	ถูกฆาตกรรม	ถูกฆ่า	ถูกฆ่าตาย
00359903-n	การตัด	การตัดแต่ง
00359932-r	ร้อยครั้ง	ร้อยเท่า
00360092-v	ทิ้ง	ทิ้งไว้
00360757-n	การลบ	การหักลบออก
00360932-v	จุติ	ทรงพระราชสมภพ	ประสูติ	เกิด
00361125-a	บริสุทธิ์	พรหมจรรย์	พรหมจารี
00363218-r	อย่างถูกกฎหมาย	โดยสมควร
00364064-v	ทำให้สิ้นสุด	ยุติ
00364297-v	ปิดการประชุม	เลิกประชุม
00364477-r	อย่างมีคุณธรรม	อย่างมีศีลธรรม
00364600-n	การอ่อนค่า	การอ่อนตัว
00364623-r	อย่างไร้จริยธรรม	อย่างไร้ศีลธรรม
00364629-v	ฆ่าเชื้อ	พาสเจอไรส์
00365681-a	ไม่มีลวดลาย	ไร้กลีบ	ไร้วงกลีบ
00366266-r	เป็นส่วนตัว	โดยส่วนตัว
00366490-r	อย่างทะลึ่งตึงตัง	อย่างทะเล้น	อย่างหน้าด้าน	อย่างหยาบคาย
00368287-r	อย่างพอดิบพอดี	อย่างแม่นยำ
00369628-v	ทำให้เปลี่ยนเป็นคาร์บอน	เปลี่ยนเป็นคาร์บอน
00369941-a	ทอง	ที่มีสีทอง
00370263-v	ร้อนจัด	โอเวอร์ฮีต
00371163-a	เขียวอมน้ำเงิน	เขียวแกมน้ำเงิน
00371264-v	ทำให้ร้อน	เพิ่มความร้อน
00372448-n	การวาง	การเก็บ
00372958-v	ทำให้อบอุ่น	ทำให้อุ่น
00376066-r	อย่างไม่สะดวก	ในเวลาที่ไม่สมควร
00376400-n	การทำให้หัก	การหัก
00377364-n	การทำให้ระเบิด	การระเบิด
00377702-a	ที่มีสีมารูน	แดงม่วงอมน้ำตาล
00377715-v	ทำให้ไหม้เกรียม	ย่างจนเกรียม
00378069-n	การเผา	การเผาไหม้
00378296-n	การลอบวางเพลิง	การวางเพลิง
00378664-v	จุดไฟเผา	เผา
00378880-n	การฌาปนกิจ	การฌาปนกิจศพ	การปลงศพ	การเผาศพ
00378985-n	การประกอบขึ้นเป็นหน่วย	การรวม
00379154-v	ฌาปนกิจ	ฌาปนกิจศพ	ถวายพระเพลิง	ปลงศพ	เผาศพ
00379280-v	ลอบวางเพลิง	วางเพลิง
00379774-v	ขึ้นตุ่มพอง	พอง
00380083-n	การผสม	การผสมผสาน
00380696-n	การผสม	การผสมผสาน
00381496-v	ทำให้เป็นแป้ง	โม่แป้ง
00382906-n	การสูญเสียลักษณะทางเผ่าพันธุ์	การสูญเสียอัตลักษณ์ทางชาติพันธุ์
00383275-v	ใช้เวทมนตร์แปลงกาย	ใช้เวทมนตร์แปลงร่าง
00383437-v	กลายเป็นขี้เถ้า	กลายเป็นเถ้า	กลายเป็นเถ้าถ่าน
00383606-n	การแบ่ง	การแยก
00383952-n	การขัดจังหวะ	การหยุด
00384387-r	อย่างขี้เล่น	อย่างสนุกสนาน
00384411-v	เปลี่ยนความเชื่อ	เปลี่ยนศาสนา
00386450-n	การแบ่งครึ่ง	การแบ่งเป็นสองส่วนเท่ากัน
00386474-r	อย่างตัณหาจัด	โดยมีตัณหาจัด
00387017-r	อย่างน่าหัวเราะ	อย่างไร้เหตุผล
00387310-v	กลับสู่สภาพเดิม	กลับไปสู่	ถอยกลับไปสู่
00387424-n	การสไลซ์	การหั่นสไลซ์
00387593-a	ขี้เถ้า	ที่มีสีขี้เถ้า
00387657-n	การตัด	การบาด
00388494-r	ช้าๆ	อย่างช้าๆ
00388747-r	ลามก	อย่างลามก
00388849-a	ซึ่งดำเหมือนถ่าน	ดำปิดปี๋
00388944-r	อย่างสำส่อนทางเพศ	อย่างส่ำส่อนทางเพศ
00389135-n	การจำแนกเป็นสองขั้ว	การจำแนกเป็นสองประเภท
00389595-r	อย่างชัดเจน	อย่างชัดแจ้ง
00390576-r	อย่างกล้าหาญ	อย่างลูกผู้ชาย
00390735-n	การแบ่งคำ	การใส่ยัติภังค์
00392314-v	คม	แหลมคม
00392875-r	จ้อ	เจื้อยแจ้ว
00392960-v	ทำให้เรียวลง	ทำให้แหลม
00393369-n	การตัดออก	การผ่าออก
00393683-a	สด	เข้ม
00393688-r	อย่างเอร็ดอร่อย	อร่อย
00394813-v	ผสม	ผสมเข้าด้วยกัน	มิกซ์
00396055-r	อย่างแม่	เหมือนแม่ที่รักลูก
00396213-n	การถอนเงินจากธนาคาร	การถอนเงินฝาก
00397010-n	การตัดทอนแก้ไข	การตัดทอนแก้ไ่ข
00397720-r	อย่างต่ำช้า	อย่างใจแคบ
00398373-a	ที่มีสีคราม	น้ำเงินม่วง
00398704-n	การกลายรูป	การเปลี่ยนรูปทรง	การเปลี่ยนแปลงรูปทรง
00398978-a	ที่มีหลากสี	ที่มีหลายสี
00399974-r	อย่างหลอกลวง	อย่างโกหก
00400449-n	การปลูกป่า	การฟื้นฟูพื้นที่ป่า
00400471-r	อย่างไร้ความเมตตา	อย่างไร้เมตตา
00400644-a	ที่มีสีกุหลาบ	ที่มีสีดอกกุหลาบ
00400722-r	อย่างหลอกลวง	อย่างโอ้อวด
00402030-r	ตรงกลางลำเรือ	ตรงกลางลำ้เรือ
00402128-n	การกลายร่าง	การเปลี่ยนร่าง
00402555-r	อย่างละเอียด	อย่างละเอียดถี่ถ้วน
00402855-a	สว่าง	เจิดจ้า
00403092-n	การทำลาย	การประทุษร้าย
00404170-n	การปรับให้เป็นปัจจุบัน	การอัปเดต
00404642-v	จัดเป็นระเบียบ	จัดให้เป็นระเบียบ
00405868-r	เป็นการตอบแทน	ในทำนองเดียวกัน
00406243-v	เตรียม	เตรียมตัว
00407053-r	อย่างน่ารังเกียจ	อย่างหยาบคาย
00407146-v	เตรียมตัวสอบ	เตรียมสอบ	เตรียมสอบไล่
00407215-r	ทั่วทั้งประเทศ	ทั่วประเทศ
00407848-v	จัดเตรียม	เซต	เซตอัป
00408624-v	บรรจุกระสุน	อัดดินปืน
00409483-n	การดำเนินการ	ปฏิบัติการ
00411020-v	พัฒนา	เปลี่ยนเป็นสังคมสมัยใหม่
00411235-n	ชีววิทยานิยม	ลัทธิชีววิทยา
00412409-r	อย่างทาส	ิอย่างประจบเอาใจ
00412788-a	ป่าเถื่อน	ไร้อารยธรรม
00413195-v	รับมาเลี้ยง	รับอุปการะ	รับอุปการะเลี้ยงดู	รับเป็นลูก
00413239-n	การปฏิบัติตาม	ขนบธรรมเนียม
00413387-r	อย่างขอบคุณ	อย่างขัดขวาง
00414179-n	กิจวัตร	ความเคยชิน
00414884-r	อย่างมั่งคั่ง	อย่างหรูหรา
00415277-r	อย่างขี้โม้โอ้อวด	อย่างโอ้อวด
00415676-n	ทาง	ทางชีวิต
00416084-r	ข้ามทะเล	โพ้นทะเล
00416135-v	ละทิ้งถิ่นฐาน	อพยพย้ายถิ่นฐาน
00417005-n	กฎหมู่	กฎเถื่อน
00417397-n	การสวมกอด	การโอบกอด
00417859-n	การกอด	การโอบกอด
00418198-a	ที่ยังไม่ใช้	ใหม่
00419137-v	หลวม	ไม่แน่น
00419289-a	สกปรก	เปื้อน
00422435-r	อย่างร้ายแรง	อย่างเสียดสี
00422842-r	อย่างมาก	อย่างแรง
00424370-a	ลามก	ลามกจกเปรต
00424937-r	อย่างกระทัดรัด	อย่างมีสาระ
00425967-v	ตีพิมพ์	ออก
00426958-v	สาบสูญ	อันตรธาน
00427397-v	สาบสูญ	สูญหาย	หายสาบสูญ
00427786-a	สกปรก	ไม่บริสุทธิ์
00428247-v	ลดขนาดสเกล	ลดสัดส่วน	ลดสเกล
00428270-n	การร่ายรำ	การเต้น	การเต้นรำ	ระบำ
00428418-v	เพิ่มขนาดสเกล	เพิ่มสัดส่วน	เพิ่มสเกล
00429713-n	กายจังหวะ	กายลีลา
00430140-n	การพนัน	การเล่นการพนัน	การเล่นพนัน	อบายมุข
00430261-r	ที่มองการณ์ไกล	อย่างระวังระไว
00431610-v	ทำให้ข้น	ทำให้หนึด
00431774-a	โปร่งแสง	โปร่งใส
00431893-n	การละเล่นของเด็ก	การเล่น	การเล่นของเด็ก
00431941-r	แรกเริ่ม	โดยแรกเริ่ม
00432626-a	กึ่งโปร่งใส	ที่ให้แสงผ่านได้น้อย
00432839-v	ทรุด	ทรุดหนัก	หล่นฮวบ
00433216-n	กีฬา	กีฬาอาชีพ	สปอร์ต
00433458-n	กีฬาที่ต้องปะทะ	กีฬาปะทะ
00433802-n	กีฬายิมนาสติก	ยิมนาสติก
00434077-v	ทำให้ใหญ่ขึ้น	เพิ่มขนาด
00435013-a	ซึ่งไม่รู้สึกสับสน	ซึ่งไม่สับสน
00435481-v	กาง	คลี่
00436185-v	ม้วนใบเรือ	เก็บใบเรือ
00438846-r	อย่างเป็นรอยแตกแยกลึก	อย่างเป็นรอยแยกลึก
00439343-v	เร่ง	เร่งความเร็ว
00439958-v	ชะลอความเร็ว	ลดความเร็ว
00440292-a	ทึบ	หัวขี้เลื่อย
00440580-v	ช้าลง	ถดถอย
00440747-n	กีฬาสกี	สกี
00440786-v	ทำให้ช้า	ทำให้ช้าลง
00442115-n	การว่ายน้ำ	ว่ายน้ำ
00442267-v	กลายเป็นก๊าซ	กลายเป็นไอ	ระเหย	ระเหิด
00442361-a	ห่างไกล	ไกล
00442384-r	อย่างน่านับถือ	อย่างน่าเชื่อถือ
00442981-n	การพุ่งลงน้ำ	การพุ่งหลาวลงน้ำ
00445055-n	การขี่กระดานโต้คลื่น	กีฬาโต้คลื่น
00445351-n	กีฬาพายเรือ	พายเรือ
00445802-n	กีฬาชกมวย	กีฬามวย	มวย
00446311-n	กีฬามวยอาชีพ	มวยสากลอาชีพ	มวยอาชีพ
00446885-v	ทำปฏิกิริยา	เกิดปฏิกิริยา
00447540-n	กีฬามวยปล้ำ	มวยปล้ำ
00448066-r	อย่างสงบ	อย่างสบาย
00448130-r	อย่างดึงดูดใจ	อย่างล่อใจ
00448232-n	กีฬาซูโม่	ซูโม่
00448466-n	กีฬาสเกต	กีฬาสเก็ต
00449295-n	การแข่งขัน	กีฬาแข่งความเร็ว
00449567-v	ทำให้เป็นสุญญากาศ	สร้างสุญญากาศ
00451370-n	การแข่งรถสองล้อ	กีฬารถสองล้อ
00451563-n	การขี่จักรยาน	การปั่นจักรยาน
00451635-n	การขับมอเตอร์ไซค์	การขี่มอเตอร์ไซค์
00452034-n	การสู้วัว	กีฬาสู้วัว
00452098-v	นองน้ำตา	น้ำตานอง
00452126-r	อย่างชันดิ่ง	อย่างตั้งตรงเป็นเส้น
00452152-n	การชนไก่	กีฬาชนไก่
00452293-n	การล่าสัตว์	กีฬาล่าสัตว์
00452512-v	ทำให้เต็ม	เติม
00453680-v	เติมน้ำหมึก	เติมหมึก
00453803-v	รีฟิล	เติมใหม่
00453935-n	การตกปลา	กีฬาตกปลา
00454237-n	การลงเบ็ด	การวางเบ็ด
00454251-v	แผ่	แผ่กระจาย
00454512-r	อย่างเด่นชัด	โดยเป็นพิเศษ
00455368-v	ปล่อยน้ำ	เปิดประตูน้ำ
00455405-a	ซึ่งสวมเสื้อโค้ต	ซึ่งสวมโค้ต
00455485-a	ซึ่งสวมชุดประจำชาติ	ในชุดประจำชาติ
00456199-n	เกม	เกมการแข่งขัน
00456596-v	เข้ากัน	แมตช์
00456740-v	เข้ากับ	แมตช์กับ
00457160-a	ซึ่งสวมชุดทักซิโด	ซึ่งสวมทักซิโด	ซึ่งสวมสูททักซิโด
00457355-a	ซึ่งสวมเครื่องแบบ	ในเครื่องแบบ
00457382-n	การเล่น	การเล่นเกม
00457998-a	ซึ่งแก้ผ้า	ซึ่งโชวเนื้อหนัง	นุ่งลมห่มฟ้า	นู้ด	ล่อนจ้อน	เปลือย	เปลือยกาย
00459284-n	พินบอล	เกมพินบอล
00459443-a	ซึ่งสวมเสื้อผ้าน้อยชิ้น	ซึ่งใส่เสื้อผ้าน้อยชิ้น
00459498-v	รีบ	เร่ง	ให้ไว
00460759-v	ซื้อเวลา	ถ่วงเวลา	เตะถ่วง
00461834-r	พร้อมกัน	โดยพร้อมเพรียงกัน
00462092-v	ขัดขวาง	ขัดขาง
00462110-r	ทางตะวันตก	ทางตะวันตกเฉียงใต้
00462859-r	ไปทางทิศใต้	ไปทางใต้
00463543-n	ฮอกกี้น้ำแข็ง	ฮอกกี้่
00464037-n	ตำแหน่งผู้รักษาประตู	ผู้รักษาประตู
00464894-n	กอล์ฟ	กีฬากอล์ฟ
00465008-r	อย่างเกินจริง	อย่างเหมือนในละคร
00467719-n	กีฬาที่แข่งขันในสนาม	กีฬาในสนาม
00467995-n	กีฬาฮ็อกกี้	ฮ็อกกี้
00468480-n	กีฬาฟุตบอล	ฟุตบอล
00469637-v	เฉา	เหี่ยว	เหี่ยวเฉา
00469651-n	กีฬาอเมริกันฟุตบอล	อเมริกันฟุตบอล	เกมอเมริกันฟุตบอล
00470554-n	กีฬาฟุตบอลอาชีพ	ฟุตบอลอาชีพ
00470966-n	กีฬารักบี้	รักบี้	รักบี้ฟุตบอล
00471613-n	กีฬาสเก็ต	เบสบอล
00473003-v	เฉลียวฉลาด	แสดงความเก่ง
00474017-v	ทำให้ดีขึ้น	ปรับปรุงให้ดีขึ้น
00474902-r	อย่างกระชับ	อย่างสั้น
00475787-n	กีฬาซอฟต์บอล	ซอฟต์บอล
00476133-v	ชำระบาป	ล้างบาป
00476389-n	กีฬาคริกเก็ต	คริกเก็ต
00477639-n	กีฬาโปโล	โปโล
00477814-r	บางๆ	อย่างบาง
00477941-v	ทำให้ชำรุด	ทำให้เสียคุณค่า
00478262-n	กีฬาฟุตบอล	ซ็อกเกอร์	ฟุตบอล	เกมฟุตบอล
00478488-v	กระทืบ	เหยียบ
00479076-n	กีฬาบนคอร์ต	เกมบนคอร์ต
00479440-n	กีฬาแฮนด์บอล	แฮนด์บอล
00480211-n	กีฬาวอลเลย์บอล	วอลเลย์	วอลเลย์บอล
00480508-n	กีฬาลูกขนไก่	กีฬาแบดมินตัน	แบด	แบดมินตัน
00480993-n	กีฬาบาส	กีฬาบาสเกตบอล	กีฬาบาสเก็ตบอล	กีฬายัดห่วง	บาส	บาสเกตบอล
00481803-n	กีฬาบาสเกตบอลอาชีพ	บาสเกตบอลอาชีพ
00482298-n	กีฬาลูกสักหลาด	กีฬาเทนนิส	เทนนิส	เทนนิสคอร์ตหญ้า
00482473-v	ทำให้กลมกลืน	ทำให้ประสาน	ทำให้สอดคล้อง
00482893-v	คืนดี	ประนอม
00483205-n	กีฬาเทนนิสอาชีพ	เทนนิสอาชีพ
00483605-n	ประเภทคู่	แบดมินตันประเภทคู่
00483656-v	กำหนดคีย์	เปลี่ยนคีย์
00483935-n	การละเล่น	การละเล่นของเด็ก	เกมสำหรับเด็ก
00484910-n	ซ่อนหา	ซ่อนแอบ	โป้งแปะ
00484922-r	อย่างไม่ประนีประนอม	โดยไม่ยืดยุ่น
00486130-n	กระโดดกบ	การกระโดดกบ
00488225-n	เกมที่เล่นด้วยการ์ด	เกมส์ไพ่	เกมไพ่	ไพ่
00489029-v	ตากลม	ผึ่งลม
00489699-v	จัดช่องว่างระหว่างคำ	จัดช่องไฟ
00489837-v	วัด	วัดปริมาณ
00490350-n	เกมส์ไพ่แบล็คแจ็ค	แบล็กแจ็ก
00490569-n	บริดจ์	ไพ่บริดจ์
00491901-n	คริบบิจ	เกมส์ไพ่คริบ
00492050-r	อย่างถูกต้อง	อย่างถูกต้องตามกฎหมาย
00492543-r	อย่างฟุ่มเฟือย	อย่างเยิ่นเย้อ
00492706-v	ก่อมลพิษ	ก่อมลภาวะ	ก่อให้เกิดมลพิษ	ทำให้เกิดมลพิษ
00493308-n	ชิคาโก	มิชิแกน
00494768-n	โป๊กเกอร์	ไพ่โป๊กเกอร์
00495331-n	ดัมมี่	รัมมี	รัมมี่	ไพ่ดัมมี่
00495858-r	พลัดหลง	พลาดเป้า	ไม่ตรงเป้า
00496845-a	ซึ่งพูดภาษาอังกฤษ	ซึ่งพูดอังกฤษได้
00498068-r	ซิกแซ็ก	เป็นหยักฟันปลา
00498161-a	ซึ่งเป็นภาษามือ	ซึ่งเป็นภาษาใบ้
00498293-r	ช่องว่างระหว่างดาดฟ้า	ระหว่างดาดฟ้า
00498662-v	ทำให้เป็นปูนขาว	เปลี่ยนเป็นปูนขาว
00498912-a	ซึ่งบรรยายเรื่อง	ซึ่งเล่าเรื่อง
00499263-n	ปิงปอง	เทเบิลเทนนิส
00500356-v	ทำให้เป็นอุตสาหกรรม	เปลี่ยนเป็นอุตสาหกรรม
00500447-r	อย่างเสเพล	อย่างไร้ศีลธรรม
00501004-a	ซึ่งปิดปากเงียบ	ซึ่งรูดซิปปาก	ซึ่งหุบปาก	ซึ่งไม่พูด
00501722-n	เกมนันทนาการในห้อง	เกมในห้อง
00501723-a	ซึ่งไม่แสดงความรู้สึก	ซึ่งไม่แสดงสีหน้า
00502822-n	เกมแบ็คแกมมอน	แบ็คแกมมอน
00502922-a	อัดแน่น	แน่น
00503102-r	กะทันหัน	อย่างเฉียบแหลม
00504325-n	หมากล้อม	โกะ
00504975-n	ลูโด	เกมลูโด
00505352-r	โดยธรรมชาติ	โดยธรรมชา่ติ
00505446-n	ปาร์ชิสิ	เกมปาร์ชิสิ
00505615-n	ปาร์ชีสิ	เกมปาร์ชีสิ
00506040-v	ชาร์จไฟ	ชาร์จไฟฟ้า
00506207-n	เกมโอเอ็กซ์	โอเอ็กซ์
00506658-n	การพนัน	การพนันขันต่อ
00507664-v	กลายเป็นฟอสซิล	เปลี่ยนเป็นฟอสซิล
00507673-n	เกมการพนัน	เกมพนัน	เกมแห่งโชค	เกมแห่งโอกาส
00507913-v	จุด	ใส่จุด
00508032-v	ทำรอย	ทำเครื่องหมาย	มาร์ก
00508091-n	การซื้อลอตเตอรี่	การซื้อหวย	การเล่นหวย
00508547-n	หวย	เบอร์
00508952-n	เกมพนันแคร็ปส์	แคร็ปส์
00510364-v	แต้ม	แต้มสีเป็นจุดๆ
00510393-r	อย่างทารก	เหมือนทารก
00510723-n	การกินดื่ม	ช่วงที่กินดื่มมากเกินไป
00510869-v	ดอกจัน	ทำเครื่องหมายดอกจัน	ใส่ดอกจัน
00512522-n	การจีบ	การจีบผู้หญิง	การจีบสาว	การเกี้ยวพาราสี
00512843-n	ความประพฤติโง่เขลา	ความเหลวไหล
00513952-n	การเล่นคำ	การเล่นเสียง
00516720-n	กีฬาโอลิมปิก	โอลิมปิกเกมส์
00517554-a	กึ่ง	ครึ่ง
00517847-v	ชาร์จ	ชาร์จแบต	ชาร์จไฟ	ชาร์แบตเตอรี่
00518288-v	ชาร์จซ้ำ	ชาร์จใหม่
00519333-n	คาร์นิวัล	แฟร์
00519363-v	อัดลม	เป็นฟอง
00519492-n	การประกวดสุนัข	งานประกวดสุนัข	ด็อกโชว์
00519579-n	การประกวดม้า	งานประกวดม้า
00519669-n	การแสดงศิลปะริมถนน	สตรีทโชว์
00519739-n	การแสดงละครสัตว์	ละครสัตว์
00520019-v	ขัดจังหวะ	รบกวน
00520257-n	การแสดง	งานแสดง	โชว์
00520672-n	การแสดงคาบาเร่ต์	คาบาเร่ต์	ฟลอร์โชว์
00520880-n	เพลงคั่น	เพลงสลับฉาก
00521478-v	กลายเป็นสีเขียว	เปลี่ยนเป็นสีเขียว
00521641-v	กลายเป็นสีฟ้า	เปลี่ยนเป็นสีฟ้า
00522068-v	ทำให้เก่า	ทำให้โบราณ
00523513-n	การกีฬา	กีฬา
00524083-v	ใส่สารอะซิติล	ใส่สารอะิซิติล
00528397-n	การร่ายรำบนเวที	การเต้นรำบนเวที	นาฏศิลป์
00528667-n	การแสดงบัลเลต์	บัลเลต์	ระบำปลายเท้า
00529582-v	แผ่คลื่น	แผ่รังสี
00530755-n	ระบำสเปน	โบเลโร
00530829-v	เปลี่ยนระบบทศนิยม	เปลี่ยนเป็นทศนิยม
00531201-n	ระบำเปลือยกาย	ระบำโป๊
00532429-v	ใส่ยาพิษ	ใส่ยาเบื่อ
00532607-v	ทำให้เห็นอย่างรูปธรรม	ทำให้เห็นเป็นรูปธรรม
00532739-n	ระบำสเปนแบบสามจังหวะ	แฟนแด็งโก้
00534849-n	การเต้นบอลรูม	การเต้นลีลาศ
00535452-a	เว้า	โค้งเว้า
00535988-v	ตื้น	ตื้นเขิน
00536516-n	คองกา	ระบำคองกา
00536921-v	ปลดระวาง	ปลดเกษียณ
00537297-n	การเต้นเป็นวง	ราวด์แดนซ์
00537682-n	การเต้นรำพื้นเมือง	ระบำพื้นบ้าน
00541479-n	การรำประกอบพิธี	การร่ายรำประกอบพิธี	การเต้นรำประกอบพิธี
00542458-n	ระบำชาวเกาะ	ระบำฮาวาย
00543233-n	การบรรเลงดนตรี	การเล่นดนตรี	การแสดงดนตรี	ดนตรี
00544842-n	การไล่เสียง	การไล่เสียงสูงต่ำ	การไล่โน้ต
00545059-n	การตีเพอร์คัสชั่น	การเล่นเครื่องเคาะจังหวะ
00545501-n	การขับร้อง	การร้องเพลง
00547765-n	การสี	การสีเครื่องดนตรี
00548326-n	การเล่นละคร	การแสดง	การแสดงละคร
00548802-n	การแสดง	การแสดงลักษณะ
00549552-v	ประหยัด	เซฟ
00549982-v	ยก	ยกให้สูง
00551215-n	โปรแกรม	โปรแกรมการแสดง
00553362-n	การหยุด	การเสีย
00553823-n	การก่อกวน	การเอะอะโวยวาย	ความสับสนอลหม่าน
00554300-n	ความชุลมุน	ความวุ่นวาย
00555138-n	ความพลุกพล่าน	ความวุ่นวาย
00555780-v	ปัดด้วยแปรง	แปรง
00555983-n	การเผ่นหนี	การโผ
00558373-a	ซึ่งถูกกัก	ซึ่งถูกจำกัดขอบเขต
00563665-n	การยืนขวางผู้เล่นฝ่ายรับ	พิก
00564857-v	ยับ	ยับยู่ยี่
00565302-n	การตี	ช็อต	สโตรก
00566690-n	การตีลูกหลังมือ	ลูกหลังมือ
00566889-n	ตี	ลูกตัด
00567161-a	ต่อ	เชื่อม
00567291-v	สร้างพันธะ	สร้างพันธะเคมี
00570590-a	ซึ่งมีสติ	ซึ่งรู้ตัว
00570854-n	ท่าผีเสื้อ	ท่าว่ายผีเสื้อ
00571060-n	การว่ายกบ	ท่ากบ
00571061-v	ชำระ	ทำให้หมดไป
00572489-n	การตีกอล์ฟ	การไดรฟ์กอล์ฟ
00573530-n	การชิพลูก	การเล่นลูกชิพ
00573664-n	การพิตช์ลูก	การเล่นลูกพิตช์ชอต
00573945-n	การแชงค์	ลูกแชงค์
00575126-a	ซึ่งอนุรักษ์นิยมตกขอบ	ซึ่งอนุรักษ์นิยมสุดโต่ง
00575365-n	ของกล้วยๆ	งานง่ายๆ	งานเบา	เรื่องกล้วยๆ
00575657-n	ของกล้วยๆ	ของหมูๆ
00575741-n	การงาน	งาน	งานการ
00577525-n	งานบริการ	บริการ	เซอร์วิส
00578795-n	การขัดให้ขึ้นเงา	การลงแว็กซ์
00580961-n	การดูแลบ้านเรือน	งานบ้าน	งานปัดกวาดเช็ดถู
00581401-a	ไม่สะดุดตา	ไม่โดดเด่น
00582388-n	การงาน	งาน	สายงาน	หน้าที่การงาน	อาชีพ
00582743-v	เกรียม	ไหม้	ไหม้เกรียม
00584367-n	งาน	งานที่ได้รับค่าจ้าง
00585406-n	สิ่งอำนวยความสะดวก	เครื่องอำนวยความสะดวก
00585606-v	เปลี่ยนเป็นสินแร่	เปลี่ยนเป็นแร่
00586262-n	ตำแหน่ง	ตำแหน่งหน้าที่	หน้าที่
00587268-v	พอร์ต	เปลี่ยนพอร์ต
00588221-v	รู้	เข้าใจ	เข้าใจความหมาย
00588598-n	ตำแหน่งนักบัญชี	ตำแหน่งบัญชี
00588703-v	กบดาน	ซ่อนตัว
00588780-n	ตำแหน่งท่านฑูต	ตำแหน่งเอกอัครราชฑูต
00588888-v	รู้	เข้าใจ
00589309-v	ทราบ	เข้าใจ
00589469-v	มีลางสังหรณ์	มีเซนส์	สังหรณ์ใจ	ได้กลิ่น
00589904-v	จับ	จับประเด็น	เก็ต
00590366-v	จับได้	ถึงบางอ้อ	พอเข้าใจ	เก็ต	เริ่มเข้าใจ
00590642-v	ซาบซึ้ง	ดื่มด่ำ	สัมผัสถึง	เข้าถึง
00590761-v	หยั่งรู้	ใช้สัญชาตญาณ
00592446-n	ความเป็นผู้นำทางจิตวิญญาณ	ความเป็นผู้นำศาสนา
00592894-n	ตำแหน่งครูใหญ่	ตำแหน่งอาจารย์ใหญ่
00592999-n	ตำแหน่งครูใหญ่ผู้หญิง	ตำแหน่งอาจารย์ใหญ่ผู้หญิง
00593852-v	รู้	เข้าใจ
00593944-n	ตำแหน่งตุลาการ	ตำแหน่งผู้พิพากษา	ตำแหน่งศาล
00595134-v	ตาม	ติดตาม	เฝ้าตาม
00596644-v	รับรู้เอง	รู้ถึง
00597915-v	ศึกษา	สิกขา	เรียนรู้
00600370-v	ครอบงำ	ทำให้จดจ่อ	หมกหมุ่น
00601043-v	คร่ำเคร่ง	หมกหมุ่น	ห่อหุ้ม
00602255-v	ซึมซับ	ย่อย
00603298-v	ฝึก	เทรน
00603981-v	ฝึกทหาร	ฝึีกอาวุธ
00604131-n	ตำแหน่งวุฒิ	ตำแหน่งวุฒิสมาชิก
00604576-v	จดจำ	จดจำใส่ใจ	จำ	จำใส่ใจ
00604811-n	ตำแหน่งครู	ตำแหน่งอาจารย์
00605783-v	ติวเข้ม	อ่านหนังสือสอบ	อ่านหนังสือหามรุ่งหามค่ำ	อ่านหนังสือเตรียมสอบ	เรียนหนัก
00606093-v	ฝึกซ้ำแล้วซ้ำอีก	ฝึกปฏิบัติ
00607114-v	อ่านหนังสือ	เรียนหนังสือ
00607185-n	งานช่างยนต์	งานซ่อมรถ	งานซ่อมรถยนต์
00607293-n	การทำตะกร้า	การสานตะกร้า
00607780-v	จำ	นึกออก
00609669-n	งานซ่อมท่อประปา	งานประปา
00609953-n	วิชาชีพ	อาชีพที่ต้องการความรู้
00610592-n	การประพันธ์	การเขียนหนังสือ	การแต่งหนังสือ
00611972-n	งานการเมือง	งานทางการเมือง
00613018-v	ทิ้ง	ลืมทิ้งไว้
00613393-v	ล้มเลิก	เลิก
00614057-v	ทอดทิ้ง	ละเลย
00614489-n	การเขียนรหัส	การเขียนรหัสลับ	การเขียนโค้ด
00615421-v	ตัดออก	ไม่เอา
00615659-n	การลงนาม	การเซ็นชื่อ
00617293-v	ละทิ้ง	ไม่ใส่ใจ
00617605-v	จำผิด	จำไม่ได้
00617748-v	ทำผิด	ทำพลาด
00617865-n	การซ่อมรองเท้า	การทำรองเท้า	การทำรองเ้ท้า
00618057-v	ทำผิด	ผิดพลาด
00620752-n	งานกรรมกร	งานหนัก	งานใช้แรง	งานใช้แรงกาย
00621207-a	ที่ซื้อได้	ที่ทุจริต	ที่ไม่สุจริต
00621653-v	ไขปริศนา	ไขปัญหา
00621734-v	ทำให้รู้สึกสับสน	ทำให้สับสน
00623370-n	การทำงานหนัก	การทำงานหามรุ่งหามค่ำ	งานหนัก
00623862-n	ความยากลำบาก	ความยุ่งยาก
00624738-n	การบริหารร่างกาย	การออกกำลังกาย
00624801-v	ตีความหมายผิด	ตีัความหมายผิด
00625723-v	อ่านซ้ำ	อ่านทวน	อ่านใหม่
00626838-n	ท่าคลีน	ท่าคลีนแอนด์เจิร์ก
00628302-v	ตรวจปรู๊ฟ	พิสูจน์อักษร
00628491-v	คิด	ใช้ความคิด	ใช้สมอง	ใช้หัว
00629257-v	คิดด้วยเหตุผล	คิดอย่างมีเหตุผล	ใช้เหตุผล
00630026-v	คิดเชิงปรัชญา	ใช้เหตุผลทางปรัชญา
00630380-v	ขบคิด	ครุ่นคิด	คิดทบทวน	ตรึกตรอง	ใคร่ครวญ	ไตร่ตรอง
00631378-n	การปฏิบัติ	การฝึกปฏิบัติ
00631391-a	ถูก	ถูกต้อง
00631737-v	คาด	คิด
00632627-v	คิดหาเหตุผล	ใช้เหตุผล
00632931-v	คิดทฤษฎี	สร้างทฤษฎี
00633443-v	คา่ดคะเน	ตั้งสมมติฐาน
00634586-n	การนับ	การนับจำนวน
00634906-v	แก้ปัญหา	ไขปัญหา
00635012-n	การสอบสวน	การสืบสวน	การสืบสวนสอบสวน
00635714-v	ตอบปริศนา	ไขปริศนา
00635850-n	การตรวจ	การตรวจสอบ
00636279-v	ตอบ	เฉลย
00636461-n	การทดสอบ	การสอบ	เทสต์
00636921-n	การวิจัย	งานวาด	วิจัย
00637259-v	คำนวณ	คิดคำนวณ	คิดเลข
00637810-n	การชันสูตร	การชันสูตรพลิกศพ	การชันสูตรศพ
00638080-n	การวิจัยทางชีววิทยา	งานวิจัยทางชีววิทยา
00638243-n	การโคลนนิ่ง	โคลนนิ่ง
00639267-n	การวิจัยสเต็มเซลล์	งานวิจัยสเต็มเซลล์
00639998-v	คิดเฉลี่ย	หาค่าเฉลี่ย	เฉลี่ย
00640188-n	การวิจัยตลาด	งานวิจัยการตลาด
00640560-n	การวิจัยผลิตภัณฑ์	งานวิจัยผลิตภัณฑ์	งานวิจัยสินค้าและบริการ
00640721-n	การวิจัยพฤติกรรมผู้บริโภค	งานวิจัยพฤติกรรมผู้บริโภค
00640828-v	บวก	เพิ่ม
00640889-n	การศึกษาวิจัยด้วยกล้องจุลทรรศน์	จุลทรรศนศาสตร์
00641222-n	อิเล็กตรอนสปินเรโซแนนซ์	อีเอสอาร์
00641252-v	ลบ	หักออก
00641343-a	ซึ่งมีมารยาท	ซึ่งมีมารยาทดี
00641820-n	การวิจัยทางวิทยาศาสตร์	งานวิจัยทางวิทยาศาสตร์
00642098-v	หาร	เฉลี่ย
00642357-v	หารสอง	แบ่งครึ่ง
00642498-v	หารสี่	แบ่งออกเป็นสี่ส่วน
00642803-v	ดิฟ	หาอนุพันธ์
00644702-n	การทดสอบ	การเทสต์
00645415-v	เรียนพฤกษศาสตร์	เรียนพฤษศาสตร์
00645771-v	ตรวจโรค	วินิจฉัยโรค
00646332-n	การตรวจปัสสาวะ	การตรวจวิเคราะห์ปัสสาวะ
00646680-n	กรณีศึกษา	เคสสตัดดี้
00646833-n	การวิเคราะห์ทางเคมี	การวิเคราะห์เชิงคุณภาพ
00647770-v	วัดเส้นผ่าศูนย์กลางด้วยคาลลิเปอร์	วัดเส้นผ่าศูนย์กลางด้วยคาลิเปอร์
00649090-n	การวิเคราะห์หลักทรัพย์โดยใช้ปัจจัยพื้นฐาน	การวิเคราะห์โดยใช้ข้อมูลพื้นฐาน
00649481-v	ออกสำรวจ	เดินทางสำรวจ
00653388-n	การทำสำมะโนประชากร	การสำรวจสำมะโนครัว	การสำรวจสำมะโนประชากร
00653518-n	การนับถอยหลัง	การเคานต์ดาวน์	เคานต์ดาวน์
00653719-n	การนับผิด	การนับพลาด
00653811-n	การนับคะแนน	การนับคะแนนเสียง
00654113-n	การนับจำนวนตัวอสุจิ	การนับจำนวนสเปิร์ม
00654625-v	จัด	จำแนก
00654885-n	การช่วยเหลือ	การดูแล	การดูแลรักษา	การดูแลเอาใจใส่
00655727-n	การดูแลเด็ก	การเลี้ยงเด็ก
00656292-n	การดูแลฟัน	การดูแลรักษาฟัน
00656292-v	จัดประเภท	จำแนก
00656386-n	การสีฟัน	การแปรงฟัน
00657198-a	ที่มีสามมิติ	สามมิติ
00657604-n	การดูแลทางการแพทย์	ความช่วยเหลือทางการแพทย์
00657728-v	จัดอันดับ	ให้คะแนน	ให้เกรด
00658052-v	จัดอันดับ	จัดเร็ตติ้ง
00658796-n	การกก	การฟัก
00659048-n	การนวด	การบีบนวด
00659946-n	การจับเส้น	การนวดกดจุด	การนวดจับเส้น
00660809-a	3มิติ	สามมิติ
00660957-n	การดูแลรักษาเท้า	การดูแลเท้า
00660971-v	ตีราคา	ประเมินค่า
00661824-v	ตรวจสอบ	ตรวจเช็ค	เช็ค
00662182-v	ติ๊ก	ทำเครื่องหมาย	มาร์ค
00662589-v	ดู	ตรวจ	ตรวจดู	ตรวจเช็ก	เช็ก
00663353-v	ตรวจ	เช็ค
00663549-v	ตรวจซ้ำ	ตรวจทาน
00663894-v	ขอดูบัตร	ขอดูบัตรประชาชน	ตรวจบัตร	ตรวจบัตรประชาชน
00665235-v	พิสูจน์ตนเอง	พิสูจน์ตัวเอง
00665679-n	การดูแลผิว	การดูแลรักษาผิว
00665781-n	การดูแลผิวหน้า	การดูแลรักษาใบหน้า	การดูแลใบหน้า
00665886-v	ช่วยสนับสนุน	ยืนยัน	สนับสนุน
00666884-n	การส่องกล้องในข้อ	สันธิทรรศนา
00667246-n	การผ่าตัดสมอง	ศัลยกรรมสมอง
00667847-n	การตอน	การทำหมัน
00668099-v	ทน	ยอมทน	อดกลั้น	อดทน
00668736-n	การผ่ากะโหลก	การผ่ากะโหลกศีรษะ
00668805-v	กล้ำกลืน	กล้ำกลืนฝืนทน
00668829-n	ศัลยกรรมใช้ความเย็น	ศีตศัลยกรรม
00669138-a	ตกยุค	ล้าสมัย
00670261-v	ตัดสิน	ประเมิน
00671190-v	ตัดสินผิด	ตัดสินผิดพลาด
00671351-n	กระบวนการผ่าตัด	การผ่าตัด
00671859-v	ตีราคาสูง	ประเมินค่าสูง	ให้ราคาสูง
00672433-v	กะ	กะประมาณ	ประมาณ	ประเมิน
00673863-n	การผ่าตัดดวงตา	ศัลยกรรมดวงตา
00674562-n	การเจาะช่อง	การเจาะรู
00676450-v	คัด	คัดเลือก	เฟ้น
00676714-v	คัดด้วยตัวเอง	เลือกกับมือ
00679140-n	หัตถการสลายต้อกระจก	หัตถการสลายต้อแก้วตา
00679724-n	การผ่าม่านตา	การเจาะม่านตา
00680485-v	มีอคติ	เอนเอียง
00680511-n	การทำเลสิก	เลสิก
00681429-v	ตีราคา	ประเมินค่า
00681613-n	ศัลยกรรมตกแต่งกระจกตา	ศัลยกรรมตบแต่งกระจกตา
00682436-v	ประเมินตามมาตรฐาน	ประเมินมาตรฐาน
00683280-v	เชื่อ	เชื่อถือ
00684645-v	ไม่ยอมรับ	ไม่เชื่อ
00684837-n	การผ่าตัดใหญ่	ศัลยกรรมใหญ่
00685349-n	การผ่าตัดเล็ก	ศัลยกรรมเล็ก
00687523-v	รู้สึกสงสัย	สงสัย	ไม่แน่ใจ
00687738-v	ดิสเครดิต	ทำลายความน่าเชื่อถือ
00687926-v	รู้สึกไม่ไว้ใจ	ไม่วางใจ	ไม่ไว้วางใจ	ไม่ไว้ใจ
00688377-v	มั่นใจ	วางใจ	ไว้ใจ
00688768-v	คิดใหม่	เปลี่ยนความคิด
00689344-v	คิดว่า	เชื่อว่า	เห็นว่า
00690614-v	มองออก	เล็งเห็น	เห็น	แลเห็น
00691696-a	ตื้น	ตื้นเขิน
00697062-v	ตรวจตรา	ตรวจสอบ
00697249-n	การดูแลผู้ป่วยระยะสุดท้าย	การพยาบาลระยะสุดท้าย
00700000-n	กายภาพบำบัด	กายภาพบำบัำด
00700979-n	การปรับพฤติกรรม	พฤติกรรมบำบัด
00704249-v	ครุ่นคิด	คิดวิตก
00704388-v	ตั้งสมาธิ	ทำสมาธิ	ทำสมาธิเจริญภาวนา	ภาวนา
00704690-v	คิดวางแผน	วางแผน
00705227-v	วางแผน	วางแพลน	แพลน
00705517-v	ตั้งความหวัง	ตั้งเป้า	มีเป้าหมาย
00705580-n	การฉายรังสี	รังสีรักษา
00705778-v	ตั้งความหวังไว้สูง	ตั้งเป้าไว้สูง
00706371-n	การทำให้ช็อค	ช็อคบำบัด
00706975-v	สมคบคิด	สมรู้ร่วมคิด
00707624-v	สมคบคิด	สมรู้ร่วมคิด	ฮั้ว	เกี้ยเซี้ย
00707956-v	วางแผนลับๆ	ออกอุบาย
00708538-v	ตั้งความคิด	ตั้งใจ
00709205-n	กระดูกและกล้ามเนื้อบำบัด	การรักษาแบบออสทีโอพาธี	ออสทีโอพาธี
00709205-v	ต้องการ	อยาก
00710692-n	การรักษาโรคด้วยสารที่ออกฤทธิ์ตรงข้าม	อัลโลพาธี
00711127-n	การบำบัดร่างกายด้วยน้ำ	ไฮโดรพาธี
00712135-v	กะ	ประมาณ
00713952-n	การบรรจุ	การบรรทุก
00715677-a	ที่ไม่มีชนชั้น	ที่ไร้ชนชั้น
00717208-n	การระบาย	การระบายสี
00717468-n	การฉีดสเปรย์	การพ่นสเปรย์
00718066-n	การระบายสีด้วยนิ้ว	การใช้นิ้วระบายสี
00718635-a	ที่เป็นเผด็จการ	ที่เป็นเผด็จการเบ็ดเสร็จ
00719734-v	คาดการณ์	คาดหวัง
00720063-v	คอย	รอคอย
00720497-v	ตั้งตาคอย	ตั้งตารอ
00722061-n	บทบาท	หน้าที่
00722232-v	จดจ่อ	ตั้งสมาธิ	ตั้งใจ	มีสมาธิจดจ่อ	โฟกัส
00722253-n	บทบาทชายหญิง	บทบาทหญิงชาย	บทบาทเพศ
00722479-n	ตำแหน่ง	ตำแหน่งผู้เล่น
00722984-n	คนขว้างบอล	พิทเชอร์
00723241-n	ตำแหน่งแคทเชอร์	แคทเชอร์
00724832-v	ทำให้ประหลาดใจ	ทำให้พิศวง
00725274-v	ทำให้ประหลาดใจ	เซอร์ไพรส์
00727901-n	ตำแหน่งแท็กเกิ้ล	แท็กเกิ้ล
00728464-n	กองกลาง	เซ็นเตอร์
00728954-v	กระจ่าง	ตาสว่าง	มองทะลุ	เข้าใจทะลุปรุโปร่ง
00728975-n	คลาสเวิร์ก	งานในห้องเรียน
00730538-n	หน้าที่ยามรักษาการณ์	หน้าที่เฝ้ายาม
00730984-n	การเผยแผ่ศาสนา	งานเผยแผ่ศาสนา
00731136-n	การดะวะห์	ดะวะห์
00731222-n	คำสั่ง	งาน	ภารกิจ	มิสชั่น
00731648-n	ภารกิจที่เป็นไปไม่ได้	ภารกิจอันตราย
00731756-n	ภารกิจระเบิดฆ่าตัวตาย	ภารกิจระเบิดพลีชีพ
00732552-v	คง	รักษา
00733632-v	จัดอาร์เรย์	จัดเป็นกลุ่มความคิด
00734927-v	ระบุวันที่	ใส่วันที่
00735224-v	กำหนดวันส่งงาน	กำหนดเดดไลน์
00735336-a	ที่ถูกเพลิงไหม้	ที่วอดวาย
00735389-v	ประทับตราวันที่	ประทับวันที่	ปั๊มวันที่
00735571-v	ลำดับ	ลำดับความคิด	ลำดับเรื่อง	เรียงร้อย	เรียบเรียง
00735936-n	การทำตัวไม่เหมาะสม	การประพฤติตนไม่เหมาะสม	พฤติกรรมที่ไร้ศีลธรรม
00737705-n	การมวิตถาร	โรคกามวิปริต
00738872-n	การทำตัวเป็นเด็กทารก	สภาพคงคล้ายทารก
00740577-v	ติดต่อสื่อสาร	สื่อสาร
00741573-v	พูดจาเรื่อยเปื่อยและไร้สาระ	พูดเรื่องไร้สาระ
00742020-n	การกระทำที่ไม่ถูกต้อง	การกระทำที่ไม่สมควร	การกระทำผิด
00743869-a	ที่เวียนซ้าย	พันซ้าย	เวียนซ้าย
00744904-v	ติดต่อสือสาร	ติดต่อสื่อสาร
00745005-n	การก่อกรรมทำเข็ญ	การทำความชั่ว	การฝ่าฝืน	การฝ่าฝืนกฎหมายและศีลธรรม
00745187-v	ออกเสียง	เปล่งเสียง
00745499-v	สั่งของ	สั่งซื้อ	สั่งสินค้า	สั่งออร์เดอร์
00746116-n	การเล่นตุกติก	การเล่นฟาวล์
00746375-n	การทำผิดศีลธรรมทางเพศ	การประพฤติผิดในกาม
00746479-v	กำหนด	ถูกกำหนด	ลิขิต
00746587-n	การดูหมิ่นศาสนา	การลบหลู่
00746866-n	การเสื่อมเสีย	ความต่ำช้า
00748011-n	การดื่มเครื่องดื่มที่มีแอลกอฮอล์	การดื่มเครื่องดื่มแอลกอฮอล์
00748155-n	การขายตัว	การขายบริการทางเพศ
00748515-n	การดื่มเกินขนาด	การดื่มแอลกอฮอล์เกินขนาด
00748834-n	การดื่มเป็นเวลานาน	การดื่มแอลกอฮอล์เป็นเวลานาน
00748972-v	อนุญาตให้	ให้
00749230-a	ง่าย	ง่ายดาย	ง่ายๆ
00749232-n	การรณรงค์หาเสียงเลือกตั้ง	การออกหาเสียง	การเดินสายหาเสียง
00749574-n	การทุจริต	การไม่ซื่อสัตย์
00749767-n	การคิดคดทรยศ	การคิดไม่ซื่อ	การทรยศ
00751567-v	สั่ง	สั่งการ
00752298-n	การทำของปลอม	การทำปลอม
00752764-v	ขอร้อง	ร้องขอ	เรียกร้อง
00752954-n	การทำให้หลงกล	การทำให้เสียรู้	การใช้กลลวง	เล่ห์เหลี่ยม
00753685-n	สิ่งหลอกลวง	เรื่องหลอกลวง
00755673-n	การแสร้งทำ	ท่าทางเสแสร้ง
00755745-v	ต้องการ	เรียกร้อง
00757080-n	การทำบาป	บาป	บาปกรรม
00757544-v	ตัดขาด	ตัดหางปล่อยวัด
00758525-n	ความละโมบ	ความโลภ
00759657-v	ขอร้อง	วิงวอน	สั่ง	เรียกร้อง
00760956-v	ประสาน	ไกล่เกลี่ย
00763132-n	การก่อการร้ายด้วยอาวุธชีวภาพ	การก่อการร้ายโดยใช้อาวุธชีวภาพ
00763282-n	การก่อการร้ายด้วยอาวุธเคมี	การก่อการร้ายโดยใช้อาวุธเคมี
00764222-v	ยอมรับ	เห็นด้วย
00765193-n	การก่อการร้าย	การก่อวินาศกรรม
00766234-n	การก่ออาชญากรรม	อาชญากรรม
00766418-v	ชวน	ชักชวน
00766457-a	อ้อม	โดยอ้อม
00767334-v	นำ	พา
00768630-v	จูงจมูก	ล่อใจ	สนตะพาย
00768778-v	คะยั้นคะยอ	ออดอ้อน	อ้อนวอน
00770270-n	การฝ่าฝืน	การละเมิดกฎ
00770543-n	การฝ่าฝืน	การละเมิดสัญญา
00770997-n	การทำฟาวล์	ฟาวล์
00773402-n	การข่มขืน	การข่มขืนกระทำชำเรา
00774107-n	การก่ออาชญากรรมทางเพศ	การล่วงละเมิดทางเพศ	การใช้ความรุนแรงทางเพศ
00776059-v	คัดค้าน	ต่อต้าน
00776165-n	การกรรโชก	การกรรโชกทรัพย์
00776732-n	การยักยอก	การยักยอกทรัพย์	การยักยอกเงิน
00776988-v	เสกของเข้าตัว	เสกของเข้าท้อง
00777522-v	ดึงดูด	ตรึง	ทำให้หลงใหล	สอยหลวม	สะกด
00779248-n	การฉ้อโกง	การโกง
00780148-n	การทุจริต	การโกง
00780191-v	ขัดจังหวะ	ขัดจังหวะการสนทนา
00780889-n	การขโมย	การลักขโมย
00781303-v	ดำเนินการจนสำเร็จ	ดำเนินการตามแผน
00781912-n	การจี้	การจี้ปล้น
00782527-v	ยั่วยุ	ล่อ
00784271-n	การหลีกเลี่ยงการจ่ายภาษี	การเลี่ยงภาษี
00784342-v	ซักถาม	ถาม
00785690-v	สืบ	แส่
00787660-v	เสริมแรง	ให้รางวัล
00788184-v	ซักไซ้	สอบถาม
00788632-n	การทำประตู	การยิงประตู
00789448-v	โทร	โทรศัพท์	โทรศัพท์หา	โทรหา
00789934-v	ใช้มือถือ	ใช้มือถือโทร	ใช้มือถือโทรหา	ใช้โทรศัพท์มือถือ	ใช้โทรศัพท์มือถือโทรหา
00790135-v	โทรศัพท์เข้ืา	โทรเข้า
00790509-v	ถือสาย	ถือสายรอ
00793580-v	เชิญ	เชิญชวน
00794079-v	ยั่วยวน	ยั่วยุ
00795632-v	สงวนไว้	สำรอง,จอง
00795720-n	งาน	โครงการ	โครงงาน	โปรเจ็ก
00797697-v	ตอบรับ	รับ
00798103-a	เมาปลิ้น	เมาหนัก	เมาหัวราน้ำ
00798539-v	บอกปัด	ปฏิเสธ	ปฏิเสธอย่างเด็ดขาด
00799537-n	การรณรงค์ของผู้สมัคร	การรณรงค์หาเสียง	การสมัครรับเลือก
00800421-n	การผลักดันสิทธิสตรี	ขบวนการเรียกร้องสิทธิสตรี
00800460-v	ยกเลิก	แคนเซิล
00801977-v	ทำเป็นไม่รู้ไม่เห็น	หลับหูหลับตา	เอาหูไปนาเอาตาไปไร่	ไม่รับรู้	ไม่รับรู้รับชี้
00802318-v	ยอม	ยินยอม	อนุญาต
00803208-n	การวางเดิมพันเพิ่ม	การเพิ่มเดิมพัน
00803325-v	อนุญาต	ให้อำนาจ
00803617-n	การควบคุม	การคอนโทรล
00804002-v	ให้ประกาศนียบัตร	ให้หนังสือรับรอง	ให้ใบประกาศ
00804476-v	จำยอม	จำใจ	ยอม
00805376-v	เห็นด้วย	เห็นพ้อง
00807178-v	ไม่ยอมรับ	ไม่เห็นชอบ
00808528-v	ตอกกลับ	สวน	สวนกลับ
00808855-v	ซักถาม	สัมภาษณ์
00809074-n	การจ้าง	การว่าจ้าง
00809654-v	บ่ายเบี่ยง	ปฏิเสธ	หลีกเลี่ยง	เลี่ยง
00810557-v	พลาด	ไม่เจอ
00811375-v	หลบ	ออกห่าง
00811661-n	ธุรกิจคลังสินค้า	ธุรกิจจัดเก็บสินค้า
00811921-n	การจัดเก็บในบรรจุภัณฑ์	การบรรจุสินค้า
00812149-v	ละเว้น	หลีกเลี่ยง
00812154-n	การปราบจราจล	การปราบปรามจราจล
00812580-v	โต้เถียง	โต้แย้ง
00814458-n	ท่าจับล็อก	ท่าล็อก
00814621-v	พูดอภิปราย	อภิปราย
00814850-v	หักล้าง	แย้ง	โต้แย้ง
00815171-v	ตอบคำถาม	แก้ข้อกล่าวหา
00815173-n	การควบคุมทิศทางเรือ	การคัดท้ายเรือ	การถือหางเสือ
00815320-n	การนำทางไป	การแนะแนว
00816353-v	โต้ตอบ	โต้แย้ง
00817680-n	การคุ้มกัน	การปกป้อง
00818553-v	ยอมรับ	สารภาพผิด
00819024-n	การสงวนรักษา	การอนุรักษ์
00819524-n	การอนุรักษ์สภาพแวดล้อม	การอนุรักษ์สิ่งแวดล้อม
00820583-n	การทำเป็นมัมมี่	การทำให้เป็นมัมมี่
00820976-v	พิสูจน์ให้เห็น	เป็นพยานหลักฐาน
00823827-v	วิจารณ์อย่างสาดเสียเทเสีย	วิจารณ์อย่างหยาบคาย
00824767-v	ดุ	ดุด่า	ด่า	ด่าว่า	ด่่า
00825192-n	การป้องกันตัว	ศิลปะการป้องกันตัว	ศิลปะป้องกันตัว
00825773-n	กีฬายูโด	ยูโด
00826213-n	นินจุตสึ	นินจุตสุ
00826509-v	วิจารณ์	วิพากษ์	วิพากษ์วิจารณ์	อัด
00826789-n	มวยไทเก็ก	ไทเก็ก
00827010-n	การติดฉนวน	การติดตั้งฉนวน
00828003-v	เทศนา	แสดงธรรม
00828082-n	การคลุม	การห่อหุ้ม
00828374-v	เทศนา	เทศน์
00829107-v	ชี้แนะ	ถ่ายทอดความรู้	สอน
00829378-n	การดูแล	ความดูแล
00830188-v	กวดวิชา	ติว
00830257-n	การสวม	การสวมใส่
00830648-v	ปูพื้น	ปูพื้นฐาน	สอนพื้นฐาน	สอนวิชาพื้นฐาน	สอนเบสิค
00830761-v	บรรยาย	เล็คเชอร์
00831919-n	การช่วยหายใจ	การผายปอด
00833491-n	การหายใจปรกติ	การหายใจอย่างสบาย
00833702-v	ฝึกซ้อม	เทรน
00834259-v	กล่าวเท็จ	ปั้นน้ำเป็นตัว	พูดปด	พูดเท็จ	พูดโกหก	โกหก
00835506-v	ทำให้คลุมเครือ	พูดอำพราง
00836544-a	ที่ยากลำบาก	ที่หนัก	ที่ใช้แรงงานมาก
00838043-v	แกล้ง	แสร้ง
00838098-n	การกิน	การบริโภค
00839023-n	การป้อน	การป้อนทีละน้อย
00839597-n	การตด	การผายลม
00839778-n	การกลืน	การกิน	การดื่ม
00839834-v	กล่าวเกินจริง	คุยโม้โอ้อวด	พูดเกินความจริง
00841580-v	กล่าวประณาม	ประณาม
00842772-v	จับผิด	ตำหนิ
00843468-v	กล่าวหา	หาว่า
00844994-n	การเปิดซิง	การเปิดบริสุทธิ์
00845144-v	ทวงหนี้	ทวงเงิน
00845523-n	กามกิจ	การมีเพศสัมพันธ์	การร่วมประเวณี	การร่วมเพศ	การเสพสังวาส	การเสพเมถุน
00845909-v	แสดงความไม่เห็นด้วย	ไม่เห็นด้วย
00846021-n	การเอา	การเอากัน	แอส
00846509-v	กล่าวร้าย	ป้ายสี	พูดให้ร้าย	ใส่ความ	ใส่ร้าย	ใส่ร้ายป้ายสี
00846961-n	การข่มขืนกระทำชำเราเด็ก	การข่มขืนเด็ก
00847340-n	การจับคู่ผสมพันธุ์	การจับคู่ผสมพันธ์	การมีเพศสัมพันธ์
00847478-v	ดิสเครดิต	ทำลายชื่อเสียง	ทำให้ชื่อเสียงป่นปี้	ทำให้เสียชื่อเสียง
00847870-v	กล่าวร้าย	สาดโคลน	ใส่ร้าย	ให้ร้าย
00848169-v	ปากปลาร้า	ปากพล่อย	ปากเสีย	ปากไม่ดี
00848466-n	การคบชู้	การมีชู้
00848745-n	การลักลอบได้เสีย	การล่วงประเวณี
00849294-n	การร่วมเพศทางทวารหนัก	การสมสู่วัจมรรค	การเอาประตูหลัง
00849939-v	ยั่วล้อ	ล้อเลียน
00850501-v	ยั่ว	ยั่วเย้า	ล้อ	ล้อเลียน	เยาะเย้อ	เย้าหยอก	แหย่
00851933-v	แหย่	แหย่เล่น
00851994-n	การคุมกำเนิด	การชะลอการเกิด	การวางแผนครอบครัว
00852181-n	การคุมกำเนิด	การป้องกันการตั้งครรภ์
00852400-n	การกินยาคุม	การกินยาคุมกำเนิด
00852685-v	เสียดสี	เสียดเย้ย
00853633-v	เล่าเรื่องตลก	เล่าเรื่องโจ๊ก
00853835-n	การเล้ัาโลม	การเล้าโลม
00853958-v	พูดตลก	พูดติดตลก
00854876-n	การทำรักด้วยปาก	การมีเพศสัมพันธ์ทางปาก	ออรัลเซ็กส์	โอษฐกาม
00854904-v	ต้มตุ๋น	หลอกลวง
00855169-n	การดูดอวัยวะเพศ	การอมอวัยวะเพศ
00855936-n	การช่วยตัวเอง	การสำเร็จความใคร่ด้วยตนเอง
00856824-v	ชมเชย	สรรเสริญ
00856847-n	การชอบไม้ป่าเดียวกัน	ความต้องการมีเพศสัมพันธ์กับเพศเดียวกัน
00857160-n	การรักสองเพศ	ไบเซ็กชวลลิตี้
00857270-v	กล่าวยกย่อง	ยกย่อง	สดุดี
00857424-n	การเล่นเพื่อน	เลสเปียน
00857872-n	การตุ๋ยเด็ก	การมีเพศสัมพันธ์กับเด็กผู้ชาย
00858060-n	การร่วมเพศกับสัตว์	กา่รร่วมเพศกับสัตว์
00858377-n	การงีบหลับ	การสัปหงก
00858568-v	ส่งเสียงเชียร์	ส่งเสียงให้กำลังใจ	เชียร์
00861725-v	ยกย่อง	สรรเสริญ
00861929-v	ตบมือ	ปรบมือ
00863579-v	กล่าวโจมตี	ขว้าง
00863946-a	ซึ่งถูกจ้าง	ซึ่งมีงานทำ
00864159-v	ตำหนิอย่างรุนแรง	วิจารณ์
00864461-a	ซึ่งมีงานทำ	ซึ่งได้งาน
00864475-v	ทำให้ลดความสำคัญ	ลดความสำคัญ
00864693-a	ตกงาน	วิจัยฝุ่น	ว่าง	ว่างงาน	เตะฝุ่น
00864859-n	รีเฟล็กซ์เข่า	อาการเข่ากระตุก
00864910-v	ประณาม	สาปแช่ง
00865808-n	รีเฟล็กซ์แสง	รูม่านตาหด
00865958-v	สาป	สาปส่ง	สาปแช่ง	แช่ง	แช่งชักหักกระดูก
00867644-v	รับผิดชอบ	หาคำอธิบาย
00868591-v	ท้า	ท้าทาย
00868910-n	การคำนวณ	การคิดคำนวณ
00870786-n	การหาค่าสูงสุด	การหาค่าแม็กซ์
00871942-v	เป็นลาง	เป็นลางบอกเหตุ
00872541-n	การคำนวณทางคณิตศาสตร์	การบวกลบคูณหาร
00872722-n	การคำนวณค่าเมตริกซ์	การหาค่าเมตริกซ์
00874806-n	การประเมิน	การประเมินค่า
00877127-n	การดู	การมอง	การมองดู
00877327-v	ทำวิจัย	วิจัย
00877625-n	การชำเลือง	การชำเลืองมอง
00877924-n	การเหลือบมองด้านข้าง	การเหล่ตา	การเหล่ตามอง
00878456-n	การจ้อง	การจ้องดู	การจ้องมอง
00880207-a	ซึ่งมากขึ้น	ซึ่งเพิ่มขึ้น
00880227-v	ป้อยอ	ยกยอ	เชลียร์	เลีย
00880431-n	การเห็นฝั่ง	การเห็นแผ่นดิน
00880447-a	ซึ่งพอกพูน	ซึ่งเพิ่มพูน
00880780-v	สดุดี	สรรเสริญ
00880978-v	ประจบ	ประจบสอพลอ
00881337-a	ซึ่งเพิ่มขึ้นเป็นทวีคูณ	ซึ่งเพิ่มทวีคูณ
00881735-a	ซึ่งน้อยลง	ซึ่งลดลง
00881901-v	แสดงความชมเชย	แสดงความชื่นชม
00882159-n	การฟัง	การรับฟัง
00882166-a	อ่อน	เบา	แผ่ว
00882220-v	ยกยก	ยกยอ
00882948-v	เขียนเร็กคอมเมนด์	เร็กคอมเมนด์
00882961-n	การดม	การดมกลิ่น
00883139-n	การสูดกลิ่น	การสูดดม
00883226-v	คุยโว	โอ้อวด	โ้อ้อวด
00883297-n	การศึกษา	การสอน	การเรียน	การเรียนการสอน
00884466-n	คอร์ส	ชั้น	หลักสูตร	หลักสูตรการศึกษา	หลักสูตรการเรียน
00885858-n	การศึกษาระดับประถมศึกษา	การศึกษาระดับพื้นฐาน	การศึกษาเบื้องต้น	การเรียนระดับประถมศึกษา	การเรียนระดับพื้นฐาน
00886699-n	การศึกษาระดับอุดมศึกษา	การเรียนระดับอุดมศึกษา
00886759-v	ปฏิญาณตน	สัญญา
00886807-n	การศึกษาระดับมัธยมศึกษา	การเรียนระดับมัธยมศึกษา
00886978-v	ปฏิญาณตน	สาบานตน
00887081-n	การสอน	การสอนหนังสือ
00887544-n	กีฬาที่เล่นเป็นทีม	กีฬาที่แข่งขันเป็นทีม	กีฬาประเภททีม
00887882-n	การเทศนาสอน	การเทศน์สอน
00888037-n	การตั้งปุจฉาวิสัชนา	การถามตอบ
00889294-n	การติวหนังสือ	การสอนกวดวิชา	การสอนพิเศษ
00891224-n	การศึกษาที่บ้าน	การเรียนที่บ้าน
00892315-v	กราบขอบพระคุณ	ขอบคุณ	ขอบพระคุณ	ขอบใจ
00892413-n	หลักสูตรระยะสั้น	หลักสูตรเร่งรัด	เวิร์กช็อป
00892467-v	ประกาศขอบคุณ	แสดงความขอบคุณ
00892861-n	การบรรยาย	เลกเชอร์
00893167-v	อภัยโทษ	เพิกเฉย
00893878-v	ยกเว้น	เว้น
00896141-v	อ้างสิทธิ์	แสดงสิทธิ
00898019-v	จับมือ	เช็คแฮนด์
00898210-v	ผงกศีรษะ	ผงกหัว	พยักหน้า
00898434-v	พยักพเยิด	พยักหน้า
00899927-n	การอุปมาอุปไมย	การใช้ความเปรียบ	การใช้ภาพพจน์
00900214-v	กล่าวสดุดี	สดุดี
00900957-n	การวาดภาพคน	การวาดภาพบุคคล	การวาดภาพเหมือน
00900961-v	กล่าวอำลา	บ๊ายบาย	อำลา
00901103-v	ทำความเข้าใจ	แนะนำ
00901789-n	การทำอัลตราซาวด์	การบันทึกด้วยคลื่นเสียงความถี่สูง	อัลตราซาวด์
00902424-v	นิรโทษกรรม	ปล่อยตัว	ยกฟ้อง
00902579-n	การสร้างภาพด้วยเรโซแนนซ์แม่เหล็ก	เอ็มอาร์ไอ
00902654-v	ฟอกตัว	ล้างมือ
00902757-n	การสร้างภาพด้วยฟังก์ชันนัลเอ็มอาร์ไอ	เอฟเอ็มอาร์ไอ
00902932-v	ประสาทพร	อวยพร	ให้พร
00902975-n	การสร้างภาพด้วยโบลด์เอฟเอ็มอาร์ไอ	โบลด์เอฟเอ็มอาร์ไอ
00903385-v	ปรานี	ยกโทษ	ละเว้นโทษ	อภัย	เว้นโทษ	ให้อภัย
00903711-v	อโหสิ	อโหสิกรรม
00906735-v	ตัดสิน	พิพากษา
00907147-v	บ่น	พร่ำบ่น
00907919-n	การถ่ายทำภาพยนตร์	การถ่ายทำหนัง	การทำภาพยนตร์	การสร้างภาพยนตร์
00907930-v	งอแง	บ่น	บ่นพึมพำ
00908405-n	การสร้างการ์ตูนเอนิเมชั่น	การสร้างภาพยนตร์เอนิเมชั่น
00909193-n	การกรอด้าย	การปั่นด้าย
00909219-v	ทำปากกระหมุบกระหมิบ	บ่นพึมพำ	พึมพำ
00909899-n	การหล่อ	การหล่อโลหะ
00911048-n	การก่อสร้าง	การสร้าง
00911350-v	คร่ำครวญ	เสียใจ	โอดครวญ
00912048-v	ร้องตะโกน	ร้องอุทาน	อุทาน
00912473-v	ตะโกน	พูดเสียงดัง
00912960-n	การผลิต	โปรดักชั่น
00913065-v	ตะโกน	ร้องตะโกน	ร้องลั่น
00913427-n	อุตสาหกรรมขนาดเล็ก	อุตสาหกรรมในครัวเรือน
00915830-v	กระซิบ	กระซิบกระซาบ	พูดกระซิบ	พูดค่อยๆ	พูดเบาๆ	พูดเสียงค่อย	พูดเสียงเบา
00916274-v	ตะคอก	พูดอย่างโกรธเคือง
00916909-v	คาด	คาดเดา	เดา
00917772-v	คาดการณ์	ทาย	ทำนาย	พยากรณ์	สังหรณ์ใจ
00918580-v	ท้าพนัน	พนัน
00921300-v	บ่งชี้	บ่งบอก	แสดง
00922840-a	จำเจ	จืดชืด	น่าเบื่อ
00923444-n	ธุรกิจอุตสาหกรรม	อุตสาหกรรม
00923802-n	การขยายตัวทางอุตสาหกรรม	การทำให้เป็นอุตสาหกรรม
00925490-v	ทึ่ง	ประหลาดใจ
00926472-v	คาดคะเน	คำนวณ
00928077-n	การดีไซน์	การออกแบบ
00928947-n	การเขียนโปรแกรม	การเขียนโปรแกรมคอมพิวเตอร์	การโปรแกรมมิ่ง
00929160-v	ส่งซิก	ส่งภาษามือ
00929586-n	การประดิษฐ์ถ้อยคำ	การสร้างสรรคถ้อยคำ	การสร้างสรรค์ด้วยภาษา
00929718-n	การประพันธ์	การเขียนหนังสือ	การแต่งหนังสือ
00931040-n	การประพันธ์นวนิยาย	การเขียนนวนิยาย	การแต่งนวนิยาย	การแต่งเรื่อง
00933420-n	การสร้างงานศิลปะ	ศิลปะ
00933566-v	ทำให้จืดชืด	ทำให้บรรเทา	ลดความรุนแรง
00934199-a	ถูก	ที่มีราคาถูก	ที่ราคาถูก	ประหยัด	ย่อมเยา	ไม่แพง
00934744-v	เปิดโปง	แฉ
00935103-a	ที่มีราคาต่ำ	ที่ราคาต่ำ
00935247-n	เครื่องปั้นดินเผา	เซรามิกส์
00935940-n	การวาดเส้น	งานวาด
00936456-n	การพับกระดาษ	โอริกามิ
00936620-n	การระบาย	การระบายสี
00937208-v	เปิดเผย	เผยเคล็ดลับ	เผยไต๋
00937879-v	สะกด	สะกดคำ
00937895-n	การทำแบบจำลอง	การทำโมเดล
00938134-n	การตัดแต่งพุ่มไม้	การตัดแต่งไม้พุ่ม
00938791-n	การพิมพ์โลหะ	การสลักลวดลาย
00939277-v	ทำให้กระจ่าง	อธิบาย
00939452-n	การประพันธ์เพลง	การแต่งเพลง
00941990-v	กล่าว	คุย	พูด	พูดคุย	พูดจา
00942234-n	การตัด	การแกะสลัก
00943281-v	พล่าม	พูดพล่าม
00943563-v	พูดคุยเกี่ยวกับ	เอ่ยถึง
00943837-v	แสดง	แสดงความรู้สึก
00944548-v	ระบาย	ระบายอารมณ์
00945205-n	การตัดต่อ	การตัดต่อภาพยนตร์	การตัดต่อหนัง
00948071-v	นับ	นับจำนวน
00948707-v	สำรวจจำนวนประชากร	สำรวจสำมะโนประชากร
00948868-n	การนำกลับมาใช้	การรีไซเคิล
00949288-v	รวม	รวมยอด
00949619-n	งานทางวิศวกรรม	งานทางเทคโนโลยี	งานวิศวกรรม	งานเทคโนโลยี
00949948-n	งานทางวิศวกรรมอากาศยาน	งานวิศวกรรมอากาศยาน
00950070-n	งานทางวิศวกรรมยานยนต์	งานวิศวกรรมยานยนต์
00950670-v	ออกเสียงอโฆษะ	ออกเสียงไม่ก้อง
00950858-n	งานเทคโนโลยีชั้นสูง	งานเทคโนโลยีไฮเทค
00951206-v	ออกเสียงขึ้นจมูก	ออกเสียงนาสิก
00952039-v	ออกเสียงกลุ่มลม	ออกเสียงธนิต
00952182-v	ออกเสียงก้อง	ออกเสียงโฆษะ
00952963-n	การรบ	การใช้กำลังทหาร	การใช้กำลังรบ
00953410-n	สงครามจิตวิทยา	สงครามประสาท
00953559-n	การต่อสู้	การรบ	การสู้รบ
00954311-n	การป้องกัน	มาตรการป้องกัน
00954608-v	เผยแพร่	โฆษณา
00955601-v	ขยายความ	อธิบายเพิ่มเติม
00956131-a	ยุติธรรม	แฟร์
00956250-v	ลงรายละเอียด	ให้รายละเอียด
00956733-a	ที่ขาวสะอาด	ที่มีน้ำใจนักกีฬา
00957176-a	ซึ่งไม่ยุติธรรม	ซึ่งไม่แฟร์
00957551-a	ซึ่งชกกล่องดวงใจ	ซึ่งชกใต้เข็มขัด
00957743-a	ซึ่งผิดกติกา	ซึ่งเล่นขี้โกง	ซึ่งเล่นสกปรก	ซึ่งเล่นโกง
00958334-v	กล่าวย้ำ	กำชับ	กำชับกำชา	พูดซ้ำ	ย้ำ
00958477-n	ยุทธนาวี	สงครามกลางทะเล
00959800-n	การต่อสู้ทางชนชั้น	สงครามชนชั้น	สงครามระหว่างชนชั้น
00959827-v	ถอดความ	แปล
00959992-n	การซ้อมรบ	การฝึกซ้อมทางทหาร
00960192-n	การป้องกันการโจมตีทางอากาศ	การป้องกันทางอากาศ
00961736-v	ถอดความ	เปลี่ยนสำนวนใหม่
00962129-n	การกบฏ	การก่อกบฏ
00962447-v	คุย	พูดคุย	สนทนา	แลกเปลี่ยนความคิดเห็น
00964478-v	พูดกับตัวเอง	พูดคนเดียว
00966152-v	ลงทะเบียนเข้าพัก	เช็คอิน
00966504-n	การขโมยวัว	การขโมยวัวปศุสัตว์
00966869-n	spoi	การปล้น	การปล้นสะดม	การแย่ง
00967622-n	การใช้อาวุธเคมี	สงครามอาวุธเคมี	สงครามเคมี
00967625-v	ตีพิมพ์	พิมพ์
00967780-n	การโจมตีด้วยอาวุธชีวภาพ	การใช้อาวุธชีวภาพ	สงครามชีวภาพ
00967993-n	การป้องกันการทำสงครามชีวภาพ	การป้องกันสงครามชีวภาพ
00969506-v	ถ่ายทอดทางโทรทัศน์	ออกอากาศ
00970645-n	ภารกิจ	ภารกิจทางทหาร
00972621-n	การบุกโจมตี	การโจมตี
00973056-v	กระจายเสียง	ถ่ายทอด	ออกอากาศ
00973077-n	การทำศึก	การทำสงคราม	การศึก	การสงคราม	ศึก	ศึกสงคราม	สงคราม
00974031-v	ยุติการออกอากาศ	หยุดกระจายเสียง
00975781-n	การทำสงครามแบบสายฟ้าแลบ	ยุทธการสายฟ้าแลบ
00976653-v	ประชาสัมพันธ์	โฆษณา	โฆษณาประชาสัมพันธ์	โปรโมท
00978173-n	การตีโต้	การโต้กลับ
00978413-n	การทิ้งบอมบ์	การทิ้งระเบิด
00979902-n	การระเบิดฆ่าตัวตาย	การระเบิดพลีชีพ	การใช้ระเบิดฆ่าตัวตาย	การใช้ระเบิดพลีชีพ
00980904-n	การรักษาสันติภาพ	ปฏิบัติการรักษาสันติภาพ	ภารกิจรักษาสันติภาพ
00981544-v	ติดอ่าง	พูดติดอ่าง
00981612-a	ที่วิ่งช้า	ที่แล่นช้า
00981818-a	ฟาสต์	เร็ว
00982065-a	อัลเลโกร	เร็ว
00982170-a	ค่อนข้างเร็ว	อัลเลเกร็ตโต
00982357-a	เปรสโต	เร็วมาก
00982430-a	เปรสติสซิโม	เร็วที่สุด
00982514-v	ผันคำ	ผันรูป
00982518-a	วิวาเช	เร็วมีชีวิตชีวา
00982602-a	ช้า	สโลว์
00983333-v	ลงเสียงหนัก	เน้นเสียง
00983824-v	ส่งเสียง	เปล่งเสียง
00986457-a	พุงพลุ้ย	พุงยื่น	พุงหลาม	พุงอ้วน
00987863-n	การระดมยิง	การใช้ปืนใหญ่ระดมยิง
00988177-n	การยิงจากด้านข้างเรือรบ	การยิงจากเรือ
00988320-n	การระดมยิง	การรัวกระสุน
00988988-a	ผอมเหลือแต่ซี่โครง	ผอมเห็นซี่โครง	เหลือแต่กระดูก
00989544-a	ผอมสูง	สูงชะลูด
00990655-v	คุยกับ	พูดกับ	พูดคุยกับ
00990812-v	จ่าหน้าซอง	เขียนชื่อที่อยู่
00990855-a	ผอมบาง	สเลนเดอร์
00990963-n	การยิงกันเอง	การยิงพวกเดียวกันเอง
00991385-v	สอน	อบรม
00992041-v	ทำท่าทาง	แสดงท่าทาง
00992804-v	ส่งโทรจิต	โทรจิต
00992955-a	ที่ปราศจากไขมัน	ที่ไม่มีไขมัน
00993014-v	ขีดเขียน	เขียน
00993117-a	ที่มีแคลอรี่ต่ำ	ที่แคลอรี่ต่ำ
00993892-v	เข้ารหัส	เปลี่ยนเป็นรหัส	เปลี่ยนเป็นโค้ด
00994076-v	เขียนรหัส	เขียนเป็นรหัส	เขียนเป็นโค้ด
00994745-n	การยิงปืนมุมสูง	การยิงมุมสูง
00996180-n	สงครามข่าวสาร	สงครามสื่อ
00996485-v	ลงนาม	เซ็น	เซ็นชื่อ
00996673-n	สงครามจิฮัด	สงครามศักดิ์สิทธิ์	สงครามศาสนาอิสลาม
00996810-v	ประทับตรา	ประทับเครื่องหมาย
00998399-v	บันทึกเทป	เร็กคอร์ด
00998886-v	บันทึกข้อมูล	บันทึกข้อมูลลงคอมพิวเตอร์	เซฟ	เซฟงาน	เซฟไฟล์
00999270-v	บันทึกเทป	บันทึกเสียง	อัดเทป	อัดเสียง
00999429-v	บันทึกเทปก่อนออกรายการ	บันทึกเทปก่อนออกอากาศ
01000214-v	บันทึก	บันทึกลง	เขียนลง
01001136-v	บันทึกพงศาวดาร	บันทึกเหตุการณ์ประวัติศาตร์
01002297-v	จดรายละเอียด	บันทึกรายละเอียด
01002740-v	ถ่าย	ถ่ายทำภาพยนตร์	ถ่ายภาพยนตร์	ถ่ายหนัง
01003049-v	ถ่ายวิดีโอ	บันทึกเทป	อัดเทป
01003249-v	จับภาพ	ถ่ายภาพ	ถ่ายรูป	บันทึกภาพ
01003936-n	การกลมกลืน	การแรเงา
01006313-n	การถ่ายภาพความร้อน	อุณหลิขิต	เทอร์โมกราฟี
01006675-n	การทดสอบระดับสติปัญญา	การทดสอบสติปัญญา	การสอบ	เทสต์
01007053-n	การทดสอบเชาวน์ปัญญา	การทดสอบไอคิว	การวัดเชาวน์ปัญญา	การวัดไอคิว
01007222-v	ส่งโทรเลข	โทรเลข
01007495-v	วิทยุ	วิทยุติดต่อ
01007676-v	ส่งแฟกซ์	ส่งโทรพิมพ์	แฟกซ์
01007924-v	กล่าวสรุป	พูดสรุป	สรุป
01008288-v	เขียนบทคัดย่อ	ใส่บทคัดย่อ
01009240-v	บอก	พูด
01012257-n	การเช็คชื่อ	การเช็คชื่อนักเรียน
01012712-n	การจัดกลุ่ม	การจำแนกประเภท
01013230-v	คัดค้าน	ประท้วง
01013770-n	การจัดจำพวก	การจำแนกแบบอนุกรมวิธาน
01014066-n	การรวบรวม	การรวมกลุ่ม
01014821-v	เป็นพยาน	ให้การ
01014990-n	การรวบรวม	การรวม
01015244-v	ยืนยัน	แสดงหลักฐาน
01015866-v	อ้างถึง	อ้างเป็นหลักฐาน
01016002-v	กล่าว	ยืนยัน	แจ้ง
01019000-a	ค่อม	หลังโก่ง
01019524-n	การก็อปปี้	การทำสำเนา
01020005-v	ออกความเห็น	แสดงความคิดเห็น	แสดงทัศนะ
01020594-v	เขียนหวัด	เขียนหวัดๆ
01020934-v	จด	โน้ต
01021128-v	ยกตัวอย่าง	ยกตัวอย่างประกอบ
01021629-v	จัด	จัดเตรียม
01023259-v	กล่าวอ้าง	อ้าง
01023574-v	กล่างถึง	อ้างถึง
01023820-n	กรรมวิธี	กระบวนการ	โพรเซส
01028655-n	การบูชา	การสักการะ	การสักการะบูชา	การไหว้
01029212-v	ตั้งชื่อใหม่	เปลี่ยนชื่อ	เปลี่ยนชื่อใหม่
01029323-n	การบูชาบรรพบุรุษ	การไหว้บรรพชน	การไหว้บรรพบุรุษ
01029500-v	ตั้งชื่อหัวข้อ	ตั้งชื่อเรื่อง
01031392-n	พิธีเบริต	พิธีเบริตไมลาห์
01031966-v	เขียนจดหมาย	เขียนจม.
01032451-v	ส่งอีเมล์	ส่งเมล์	อีเมล์	เมล์
01033184-n	พิธีสวด	พิธีสักการะบูชา
01033189-v	คอมเมนต์	แสดงความคิดเห็น
01035007-a	จากต่างประเทศ	จากต่างแดน	ต่างประเทศ	ต่างแดน	แปลก
01035504-n	พระกระยาหารค่ำมื้อสุดท้าย	อาหารมื้อสุดท้าย
01036778-n	การสบฟันผิดปรกติ	การหมั้น
01036804-v	คุยจ้อ	พูดเพ้อเจ้อ	พูดเรื่อยเปื่อย	พูดเืพ้อเจ้อ	พูดไร้สาระ
01036996-n	การแต่งงาน	พิธีมงคลสมรส
01037469-n	การสมรส	งานวิวาห์
01037540-a	ต่างชาติ	ต่างประเทศ
01037650-v	พูดเรื่อยเปื่อย	พูดเรื่้อยเปื่อย	พูดไร้สาระ
01037819-n	บัพติศมา	ศีลจุ่ม	ศีลล้างบาป
01037910-v	ขายขนมจีบ	จีบ	หม้อ	เกี้ยว	เกี้ยวพาราสี
01038102-a	ภายใน	ภายในประเทศ
01038332-a	ภายในชาติ	ภายในประเทศ	ในบ้าน	ในบ้านเมือง
01038666-v	จ้อ	ซุบซิบ	พูดคุย	พูดคุยสนุกๆ	พูดคุยไร้สาระ	พูดเรื่อยเปื่อย	เมาท์
01039330-v	ติดต่อด้วยสัญญาณ	ส่งสัญญาณ	ให้สัญญาณ
01040278-v	ใช้ธงสัญญาณ	ใช้สัญญาณซีมาฟอร์
01041415-v	โบกมือ	โบกไม้โบกมือ
01041954-v	ซุบซิบ	นินทา	พูดลับหลัง
01042228-v	กุข่าว	ประโคมข่าว	ปล่อยข่าว	ปล่อยข่าวลือ
01044114-v	พึมพำ	พูดพึมพำ
01044533-v	พึมพำ	พูดพึมพำ
01046932-v	ร้องเสียงดัง	ร้องเสียงโหยหวน	ร้องโหยหวน
01047381-v	ร้องโหยหวน	หอน
01047596-v	พูดเสียงกร้าว	พูดเสียงแข็ง
01048171-v	เห่าบ๊อก	เห่าบ๊อกๆ
01048912-n	การปกปิด	การปิดบัง
01048939-v	กรีดร้อง	แผดเสียง
01049266-n	การพรางตัว	การอำพราง
01050627-n	การฝัง	การฝังดิน
01050896-v	สั่น	สั่นเสียง
01051956-v	ส่งเสียงเอะอะ	โวยวาย
01052611-a	ที่ส่งกลิ่นหอม	หอมหวาน
01052888-a	ที่มีกลิ่นน้ำหอม	หอมฟุ้ง
01053495-v	บีบแตร	ปี๊น
01057034-v	ตัด	รบกวน
01057775-a	ที่ไม่มีกลิ่น	ไร้กลิ่น
01058574-v	คอมเม็นต์	ตั้งข้อสังเกต	ติชม	มีข้อติชม
01059900-n	การดูแลสุขภาพ	การรักษาสุขภาพ
01061017-v	แฝง	แสดงถึง
01063930-v	แชร์	แบ่งปัน
01066036-v	ต่อสายคุย	ต่อสายถึง
01068565-v	เรียกราคา	เรียกเงิน
01069190-v	คอนเน็กต์	ต่อสาย
01070432-n	การควบคุมการจราจร	การควบคุมจราจร
01072262-v	แข่ง	แข่งขัน
01076370-v	เล่นตำแหน่งควอร์เตอร์แบ็ก	เล่นเป็นควอร์เตอร์แบ็ก
01076953-v	บลัฟ	เกทับ
01077568-v	เสิร์ฟ	เสิร์ฟลูก
01077759-v	เสิร์ฟด้วยลูกเอซ	เสิร์ฟเอซ
01079480-v	ประจันหน้า	เจอ
01079978-a	ที่กลายเป็นของเหลว	ที่กำลังละลาย
01080883-v	สกัด	เกี่ยว
01082153-v	ชกด้วยหมัดลุ่นๆ	สู้ด้วยกำปั้น
01083373-v	ถล่ม	บดขยี้
01084331-v	ทำพาร์	เซฟพาร์
01084466-v	ชู้ต	ซัลโว	ยิง
01086042-a	เต็มไปด้วยตัวอสุจิ	เต็มไปด้วยสเปิร์ม
01086945-n	สวัสดิการ	สวัสดิการสังคม
01087093-a	ว่าง	เปล่า
01087498-n	ประกันสังคมแห่งชาติ	ระบบประกันสังคม
01089737-v	สุมหัว	เข้าแก๊งค์
01090335-v	ต่อสู้	ประลอง	สู้
01090446-n	การค้า	การพาณิชย์	พาณิชยกรรม
01091427-v	ตอบโต้	โต้กลับ
01092128-v	ชำระแค้น	ทวงแค้น	ล้างตา	ล้างแค้น	แก้แค้น
01092284-v	ปิดป้อง	ป้องกันตัว
01092366-v	รบ	สู้รบ
01092769-n	ข้อตกลงเขตการค้าเสรีอเมริกาเหนือ	นาฟตา
01093172-v	ทำศึก	ทำศึกสงคราม	ทำสงคราม
01093587-v	ยุติสงคราม	สร้างสันติภาพ
01093666-n	การให้กู้	การให้กู้ยืม	การให้ยืม
01094725-n	กิจการ	ธุรกิจ
01094898-v	แสดงการกระโดดร่มผาดโผน	แสดงการกระโดดร่มแบบผาดโผน
01095966-n	การดำเนินการ	การดำเนินธุรกิจ	การประกอบการ
01096245-n	กิจการ	ธุรกิจ
01097192-v	ขึ้นทะเบียนทหาร	สมัครเป็นทหาร
01097292-n	ตลาด	ตลาดการค้า	มาร์เก็ต
01097309-v	ลงทะเบียนสมัครสมาชิก	ลงทะเบียนเป็นสมาชิก
01099592-v	ปราชัย	พ่าย	พ่ายแพ้	แพ้
01101218-v	ตีโฮมรัน	ทำโฮมรัน	โฮมรัน
01101329-n	การโฆษณา	ธุรกิจโฆษณา
01101913-v	พิชิต	เอาชนะ
01104637-n	การสร้าง	ธุรกิจรับเหมาก่อสร้าง
01105097-v	เติบโตเร็วกว่า	โตเร็วกว่า
01106808-n	การดำเนินการ	การดำเนินธุรกิจ	ธุรกรรม
01107549-n	เรื่องระดับนานาชาติ	เรื่องระดับโลก
01108402-n	การโอน	การโอนกรรมสิทธิ์
01110251-a	ที่มีชื่อสินค้า	ที่มีตรา	ที่มียี่ห้อ	ที่มีแบรนด์
01110661-v	ถล่ม	บดขยี้
01111028-v	ขึ้นนำ	ขึ้นแท่น	ได้เปรียบ
01111816-v	ทำคะแนน	ทำแต้ม	ได้คะแนน	ได้แต้ม
01112420-n	การตลาด	มาเก็ตติ้ง
01112739-n	การตลาดทางตรง	การตลาดโดยตรง
01113068-n	การขาย	การจำหน่าย	การทำตลาด
01113134-v	ทำอีเกิ้ล	ยิงอีเกิ้ล
01113264-v	ตีโฮลอินวัน	ทำโฮลอินวัน
01113367-v	เสิร์ฟลูกเอซ	เสิร์ฟเอซ	ได้คะแนนจากลูกเสิร์ฟเอซ
01115190-v	เจ๊า	เสมอ
01115411-v	ตีเสมอ	ยิงตีเสมอ	ยิงเจ๊า
01115585-v	ขอยอมแพ้	ยกธงขาว	ยอมแพ้
01116026-a	จริง	แท้
01116026-n	การขายทางโทรศัพท์	การขายสินค้าทางโทรศัพท์
01116275-v	สละตำแหน่ง	สละอำนาจ
01116380-a	ปลอม	ปลอมแปลง
01116447-v	ยอม	ยุติการต่อสู้
01117723-n	การขายลดราคา	การลดราคา
01119169-v	เข้าโจมตี	โจมตี
01119950-v	จู่โจม	จู่โจมทันที
01120069-v	ทำร้ายร่างกาย	เข้าทำร้าย
01120448-n	การจ่ายเงิน	การชำระเงิน
01120855-n	การเลี่ยงการชำระเงิน	การไม่ชำระหนี้
01121390-n	การจ่ายเกิน	การจ่ายเงินเกิน
01121719-v	ชาร์จ	เข้าชาร์จ
01121948-v	ดวล	สู้กันตัวต่อตัว
01122149-n	การจ่าย	การจ่ายเงิน
01122488-n	การจ่ายขาด	การจ่ายเงินขาด
01123030-v	เล่นขี่คอ	เล่นขี่ม้าชน
01124508-n	กิจกรรมทางการเมือง	เรื่องทางการเมือง
01125084-v	เคาน์เตอร์แอตแทค	โต้กลับ
01126360-v	รุกล้ำอาณาเขต	เข้าบุกยึด
01127075-v	กีดขวาง	ตั้งด่านตรวจ
01127795-v	ดีเฟนด์	ป้องกัน
01128193-v	คุ้มกัน	ป้องกันอันตราย
01128806-n	การผูกขาด	เอกสิทธิ์
01129337-v	เฝ้า	เฝ้าระวัง
01129920-n	การทำหน้าที่	ภาระ
01130169-v	กำบัง	ซ่อนเร้น
01130607-v	ล้อมกำแพง	สร้างกำแพงป้องกัน
01132980-v	ทิ้งระเบิดนิวเคลียร์	โจมตีด้วยระเบิดนิวเคลียร์
01133281-n	การจัดการ	การดำเนินการ
01134375-v	ปล่อยกระสุน	ลั่นกระสุน
01135219-v	ยิงเหนือเป้า	ยิงเหนือเป้าหมาย
01135371-v	ลั่นไก	เหนี่ยวไก
01135914-a	ขี้โมโห	ซึ่งโมโหง่าย
01136142-v	กราดยิง	ยิงกราด
01137138-v	ยิง	ยิงกระสุน	ยิงปืน
01137415-v	ยิงลูกสะบ้า	ยิงหัวเข่า
01137582-v	กระหน่ำยิง	ยิงรัว	ระดมยิง	รัวกระสุน
01137983-v	ปล่อยตอร์ปิโด	ยิงตอร์ปิโด
01138102-v	ทำให้ปลอดภัย	ปกป้อง
01138204-v	ซุ่ม	ซุ่มโจมตี
01138446-v	แลกกำปั้น	แลกหมัด
01139104-v	พนัน	วางเดิมพัน
01140184-v	จับปลาด้วยอวน	ลงอวน
01140794-v	จับปลา	ตกปลา	หาปลา
01140839-n	การมอบอำนาจ	การเป็นตัวแทน
01141612-v	ตกปลาด้วยเบ็ด	ลงเบ็ด	วางเบ็ด
01141938-v	ล่าปลาวาฬ	ล่าวาฬ
01143040-n	การตระเตรียม	การเตรียมพร้อม
01143838-v	ล่า	ล่าสัตว์
01144657-v	ล่าสัตว์	ล่าเหยื่อ
01145015-n	การกบฏ	รัฐประหาร
01146012-a	ตามหลักไวยกรณ์	ตามไวยากรณ์
01146507-v	โยนโบลลิ่ง	โยนโบล์
01146768-n	การกักขัง	การขังคุก	การจองจำ
01146793-v	ตีกอล์ฟ	ร่วมสวิง	เล่นกอล์ฟ
01146918-v	ดวลดาบ	ประดาบ	ประลองดาบ	ฟันดาบ
01146993-n	การจับกุมคุมขัง	การจับขัง
01147044-a	อกตัญญู	ไม่ซาบซึ้งใจ
01147347-n	การคุมขัง	การคุ้มกัน
01147433-a	ที่มีโครโมโซมหนึ่งชุด	แฮพลอยด์
01147709-v	ทำผิดกติกา	ทำฟาวล์	ผิดกติกา	ฟาวล์	เล่นผิดกติกา	เล่นฟาวล์
01147855-v	ตีลูกฟาวล์	ทำฟาวล์	ฟาวล์
01148710-v	ปลอบใจ	อยู่เคียงข้าง
01150200-n	การตัดสิทธิ์	การริดรอน
01150370-v	ยกน้ำหนัก	ยกเวท
01150559-v	ตั้งเป้า	มุ่ง
01150938-n	การปลอบ	การยอมตาม
01151097-n	การปลอบโยน	การสร้างความสงบ
01151592-a	ตั้งชัน	ที่เป้าตุง	แข็ง	แข็งโด่	โด่
01152033-n	การแปรรูปรัฐวิสาหกิจ	การโอนเป็นของเอกชน
01152091-a	ซึ่งจับตัวแข็ง	แข็งตัว
01152320-a	ที่กลายเป็นหิน	ที่แข็งเหมือนหิน
01152453-a	ที่ค่อนข้างแข็ง	แข็งๆ
01152746-a	นุ่ม	อ่อน	อ่อนนุ่ม
01153139-n	การทำให้เป็นของชุมชน	การทำให้เป็นสมบัติสาธารณะ	การเปลี่ยนให้เป็นของชุมชน
01153346-a	ที่นุ่มเหมือนชีส	ที่เหมือนชีส
01153486-v	คิดบัญชี	ทวงแค้น	ล้างแค้น	แก้แค้น
01153548-n	การเลือกปฎิบัติ	การเลือกปฏิบัติ
01154886-a	ที่ค่อนข้างนุ่ม	นุ่มๆ
01155044-n	ลัทธิเชื้อชาติ	ลัทธิเหยียดผิว
01155090-v	ตามทัน	ไล่ทัน
01158484-v	ประหยัด	ใช้อย่างประหยัด
01159405-a	ที่ขายสุรา	ที่มีสุราขาย
01161290-v	ใช้ผิด	ใช้ในทางที่ผิด
01162291-v	กินคน	กินเนื้อมนุษย์
01162425-v	รียูส	รีไซเคิล	ใช้ซ้ำ
01162754-v	ใช้	ใช้งาน
01164273-v	ใช้ประโยชน์	ใช้ให้เกิดประโยชน์
01164568-v	นำมาใช้ประโยชน์มากเกิน	นำมาใช้มากเกิน
01165290-v	ติดยา	ทำให้ติด
01166351-v	กิน	ทาน	รับประทาน
01167537-v	กินข้าวที่บ้าน	กินข้าวบ้าน
01167780-v	รับประทานอาหารเย็น	เลี้ยงอาหารเย็น
01167981-v	กินข้าวเย็น	รับประทานอาหารเย็น
01168468-v	กิน	ฉัน	ซัด	ทาน	รับประทาน	เสวย	แดก
01169067-v	กินแหลก	ยัด
01170052-v	กิน	ดื่ม
01170502-n	การก่อจราจล	การจราจล	การใช้ความรุนแรงโดยผู้ชุมนุม	การใช้ความรุนแรงในที่สาธารณะ	จราจล
01170962-n	การต่อสู้	การสู้รบตบมือ
01171183-v	กิน	กินเหล้า	ดื่ม	ดื่มเหล้า
01171563-v	กินเหล้ามากเกิน	ดื่มหนัก
01171644-n	การดวลดาบ	การฟันดาบ
01172275-v	กินแต่เหล้า	ดื่มหนัก
01172545-v	กินของว่าง	ทานของว่าง
01173208-v	สวาปาม	เขมือบ
01173965-n	การจ้วงแทง	การแทง	การแทงด้วยมีด
01175195-n	การชกอัปเปอร์คัต	การชกเสย	การอัปเปอร์คัต
01175810-v	ชน	ชนแก้ว
01175937-v	ดื่มจนหยดสุดท้าย	แปลจนหยดสุดท้าย
01176335-n	การทะเลาะวิวาท	การวิวาท
01177314-v	กินอยู่	กินอยู่กับ
01177505-v	นอนข้างนอก	อาศัยอยู่ห่างจาก
01177703-n	การแสดงความรู้สึก	การแสดงออกของสังคม
01178220-v	เลี้ยงหมู	ให้อาหารหมู
01181475-n	กระบวนการตามกฎหมาย	วิถีทางที่ถูกต้องแห่งกฎหมาย
01182654-n	การดำเนินคดี	คดีความ
01182709-v	จัดเตรียม	จัดให้
01183601-a	ที่มีศีรษะ	ที่มีหัว
01183896-v	ตอบสนอง	ตอบโจทย์	สนอง	สนองความต้องการ
01184584-a	ที่ถูกตัดศีรษะ	ที่ถูกตัดหัว
01184625-v	สนับสนุน	ส่งเสริม	ให้การสนับสนุน
01185011-v	อุปถัมภ์	อุปถัมภ์ค้ำชู
01185304-v	กินข้าวเที่ยง	รับประทานอาหารเที่ยง
01185740-v	กินข้าวเช้า	กินมื้อเช้า	รับประทานอาหารเช้า
01188144-v	ท้องร้อง	หิว	หิวโหย
01188485-v	กระหาย	หิว	อยากกิน
01189224-v	ควบคุมอาหาร	อดอาหาร	ไดเอ็ท
01189282-n	การพิพากษา	การพิพากษาลงโทษ
01190277-v	ทำให้เมา	เมา
01190316-a	น้อย	เล็ก
01190683-a	คับคั่ง	หนัก
01190840-v	กินไวน์	ดื่มไวน์
01191838-v	กินตามใจปาก	ปล่อยให้กินตามใจชอบ
01193099-v	ยัด	สวาปาม
01194938-v	ขุน	ทำให้อ้วน
01195536-a	ซึ่งช่วยเหลือ	ซึ่งให้ความช่วยเหลือ
01196037-v	งด	ละเว้น	เว้น
01196524-v	งด	ละเว้น	เลิก
01196653-v	กินมูมมาม	มูมมาม
01196802-v	กินเกลี้ยง	กินไม่เหลือ
01197014-v	สวาปาม	เขมือบ
01197208-v	ดูดดังจ๊วบ	ดูดเสียงดัง
01200440-v	เล่นยา	เสพยา	ใช้ยา
01200806-v	โด๊ป	โด๊ปยา	ใช้สารกระตุ้น
01201271-n	การหย่า	การหย่าขาด	การหย่าร้าง
01202212-a	ที่ชอบเพศเดียวกัน	เลสเบียน	เลสเปี้ยน
01204021-v	ดับกระหาย	บรรเทา	ระงับความอยาก
01205696-v	ชิด	ติด
01206218-v	จับ	สัมผัส	แตะ
01207044-v	สัมผัสด้วยนิ้วเท้า	ใช้นิ้วเท้าสัมผัส
01207609-n	การช่วยเหลือ	ความช่วยเหลือ
01207951-v	ปกคลุม	แผ่คลุม
01208571-a	ที่มีเทคโนโลยีสูง	ไฮเทค
01209210-a	คอต่ำ	ที่มีคอต่ำ
01209351-a	คอสูง	ที่มีคอสูง
01209953-v	สัมผัสด้วยนิ้ว	สัมผัสด้วยนิ้วมือ	ใช้นิ้วมือสัมผัส	ใช้นิ้วสัมผัส
01210152-v	ลูบ	ลูบคลำ
01210737-v	จับ	ใช้มือจับ
01211019-v	คลำ	คลำเปะปะ	ควาน
01211667-n	การปลอบใจ	ความรู้สึกสบายๆ
01212115-v	ขยับเม้าส์	เลื่อนเม้าส์	ใช้เม้าส์
01212469-a	ต่ำ	ต่ำกว่าปรกติ
01212572-v	กุม	จับไว้แน่น
01213090-a	ต่ำสุด	ที่ระดับต่ำสุด
01213886-n	การสนับสนุน	การอุปถัมภ์	ความช่วยเหลือ	สนับสนุน
01214597-v	ดึงออกมา	เอาออกมา
01215137-v	จับกุม	รวบตัว
01215392-n	การอนุมัติ	การเห็นด้วย
01215421-a	ต่ำ	ทุ้ม
01215421-v	จับตัว	ได้ตัว
01215694-v	สวมปลอกคอ	ใส่ปลอกคอ
01215935-a	ทุ้มต่ำ	เบส
01216194-v	จับ	จับแน่น	ยึด	ยึดแน่น
01216522-v	กอดแน่น	ยึดแน่น
01217043-v	ค้ำ	รอง	รองรับ	รับน้ำหนัก	หนุน
01217859-n	การจ้างงาน	การว่าจ้าง	การให้งานทำ
01218084-v	รับภาระ	แบกรับ
01219397-v	ผูก	มัด	ยึด
01219544-v	ยกด้วยแม่แรง	ใช้แม่แรงยก
01219551-n	การเสริมแรง	การให้รางวัล
01219603-a	ที่ต่ำ	ที่ลุ่ม
01219893-n	การดูถูก	การดูหมิ่น
01220336-n	การป้ายสี	การใส่ร้าย	การใส่ร้ายป้ายสี
01220885-v	ติด	แนบ
01222360-a	ซื่อตรง	ซื่อสัตย์	ซื่อสัตย์สุจริต	ตงฉิน	มือสะอาด	สุจริต
01222859-n	คำสบประมาท	คำเยาะเย้ย
01222884-a	ซึ่งไม่ซื่อสัตย์	ทุจริต
01223182-v	ถัก	บิด
01225027-n	การดูถูก	การลบหลู่	การลบหลู่ดูหมิ่น	การสบประมาท	การหมิ่นประมาท	การหมิ่นเกียรติ
01225783-n	การบอกปัด	การปฏิเสธ
01227908-n	การแสดงความสุภาพ	ความสุภาพ
01228380-n	ทางท่า	ท่าที
01228530-a	ซึ่งมีหวัง	มีหวัง
01229071-v	กระจาย	ซึม	อบอวล	แพร่
01229938-n	การชุมนุม	การรวมกลุ่ม	การรวมตัว
01229976-v	กระทุ้ง	ทิ่ม
01230521-a	ซึ่งหมดอนาคต	หมดอนาคต
01231652-v	กระซวก	จ้วงแทง	แทง
01232098-v	ขย้ำ	ตะปบ
01233387-v	ชโลม	ทา
01233993-v	ทำหลังคา	มุงหลังคา
01234167-a	ซึ่งเอียงทำมุม	เอียง
01235463-n	การล้างแค้น	การแก้แค้น
01235859-a	ซึ่งตั้งตรง	ตรง
01236173-n	ความบาดหมาง	ความอาฆาต
01236296-n	การทำสงคราม	การศึกสงคราม	สงคราม
01236491-n	การกวาดล้างยาเสพติด	สงครามยาเสพติด
01237901-v	พลาด	ยิงไม่โดน	ไม่โดน
01239359-v	ขึ้นบ่า	เอาขึ้นบ่า	แบก
01240308-v	ชน	ปะทะ
01245061-n	การกวาดล้าง	การทำลายล้าง
01245490-v	ขัดด้วยแว็กซ์	ลงแว็กซ์
01245637-v	ขัดมัน	ขัดเงา
01245813-n	การทอดลูกเต๋า	การทอยลูกเต๋า
01246095-v	ขัดสี	ขัดเงา
01246334-n	การกราดยิงจากเครื่องบิน	การยิงกราดจากเครื่องบิน
01246541-n	การโจมตีแบบไม่ให้ตั้งตัว	การโจมตีแบบไม่ให้รู้ตัว
01246601-v	ทำให้คม	ลับ
01247426-v	ขึ้นนก	ขึ้นไก
01248782-v	ขลิบ	เล็ม
01248950-v	ตัดด้วยกรรไกร	ใช้กรรไกรตัด
01249724-v	ขัด	ขัดถู
01250492-n	การฆาตกรรมทารก	การฆ่าทารก
01250569-n	การดักยิง	การลอบยิง
01250671-n	การฆ่าจอมเผด็จการ	การสังหารเผด็จการ
01250745-n	การฆ่าชิงทรัพย์	การปล้นฆ่า
01251128-a	หนาว	เย็น
01251651-v	ขัด	ถู
01252124-n	การทำให้เปลืองเสียเปล่า	การสูญเปล่า
01254013-v	กัดกร่อน	ขัด	ขัดให้เรียบ
01254477-v	สไลซ์	หั่นสไลซ์
01256157-v	สลัก	สลักเสลา	แกะ	แกะสลัก
01256374-v	ตอก	ตอกโลหะ
01256600-v	สลัก	แกะสลัก
01257173-v	ผ่า	ฟัน
01257418-n	การฉายเดี่ยว	การบินเดี่ยว	การแสดงเดี่ยว
01258302-v	ทำให้ล้ม	ทำให้หล่น
01258828-v	โค่นต้นไม้	โค่นไม้
01262441-n	การตัดไม้	การตัดไม้ทำลายป่า	การทำลายป่า
01263924-n	การทำสมูท	การทำให้เรียบ
01264336-a	ขบขัน	ตลก
01267098-v	ทำถนน	เตรียมทาง
01267866-v	ลาดยางมะตอย	ลาดยางแอสฟัลต์
01268571-v	ลงน้ำมัน	เคลือบน้ำมัน
01268726-v	ลงแว็กซ์	เคลือบแว็กซ์
01270004-a	กระหาย	หิวน้ำ
01273016-v	ประทับ	ประทับตรา	ปั๊ม	ปั๊มตรา	สแต็มป์
01273632-v	ประทับตรายาง	ปั๊มตรายาง
01274341-v	ขลิบหนังหุ้มปลายอวัยวะเพศ	เข้าสุหนัด
01275182-v	เจาะ	เจาะรู
01275516-v	ทำให้ร่วน	ทำให้ร่วนซุย	พรวน
01275562-a	สลักสำคัญ	สำคัญ
01276361-v	ขีดเส้น	ตีเส้น
01277097-a	หลัก	ใหญ่
01279631-v	ชนบุบ	ทำให้บุบ
01280014-v	งอ	ทำให้งอ	บิด	หัก
01281069-v	ทำให้งอไม่ได้	ทำให้โค้งงอไม่ได้	ทำให้โค้งไม่ได้
01281611-v	ทิ่มด้วยนิ้วหัวแม่มือ	ทิ่มด้วยนิ้วโป้ง
01285440-v	ผูก	มัด
01286777-v	ลงกลอน	ลั่นกลอน	ใส่กลอน
01286913-v	มัด	มัีด
01287797-v	มัดขามัดปีก	มัดปีกมัดขา
01288636-v	ล่ามโซ่	ใช้โซ่ล่าม
01289155-v	ผูกเชือก	มัดเชือก
01289492-v	ผูกสายหนัง	มัดสายหนัง
01290009-v	ล่าม	ล่ามเชือก
01290435-n	การรบที่ปีเตอร์เบิร์ก	ปฏิบัติการปีเตอร์เบิร์ก
01291069-v	ต่อ	เชื่อม
01292534-v	ต่อสายกราวด์	ต่อสายดิน
01295275-v	ทำให้เชื่อมกัน	เชื่อม	เชื่อมต่อ
01296324-v	ทอดสะพาน	ทำสะพานข้าม
01297274-v	ผูกกระดิ่ง	ผูกระฆัง
01298283-v	สมาส	สมาสสนธิ
01300271-v	ห่อด้วยผ้าอ้อม	ห่อผ้าอ้อม
01300508-n	การรบครั้งแรกที่อีพร์	การรบที่อีพร์
01300782-n	การรบครั้งที่สองที่อีพร์	การรบที่อีพร์
01301080-n	การรบครั้งที่สามที่อีพร์	การรบที่อีพร์
01302449-n	สงครามหกวัน	สงครามอาหรับ-อิสราเอล
01302683-n	สงครามยมคิปปูร์	สงครามอาหรับอิสราเอล
01304356-n	การปฏิวัติอังกฤษ	การปฏิวัติอันเรืองโรจน์
01304716-v	ทอดสมอ	ทอดสมอเรือ
01304820-n	สงครามฝรั่งเศส-อเมริกันอินเดียน	สงครามฝรั่งเศสและอินเดียน
01305542-v	จอดเรือ	มัดให้แน่น
01306425-v	ตกแต่งด้วยไม้ดาม	ใช้ไม้ดาม
01307090-n	สงครามอ่าว	สงครามอ่าวเปอร์เซีย
01308668-n	สงครามสเปน	สงครามสเปน-อเมริกา
01309027-v	วางหู	วางหูโทรศัพท์
01310660-v	ขุด	ขุดเจาะ
01310685-a	มีเลศนัย	ไม่จริงใจ
01311608-v	ขุดขึ้นมา	ขุดหัวมัน
01313411-v	ฉีด	ฉีดพ่น	พ่น
01313888-n	เซลล์ผสม	เซลล์เชื่อมต่อ
01314145-n	พาหะ	พาหะนำโรค
01315805-n	สัตว์เลี้ยงตามทุ่งหญ้า	สัตว์เลี้ยงในทุ่งหญ้า
01316288-n	นักล่า	สัตว์นักล่า
01316401-v	ตามล่า	ล่าตัว
01316422-n	สัตว์กินซาก	สัตว์กินซากสัตว์
01316949-n	สัตว์ใช้งาน	สัตว์ใช้แรงงาน
01317089-n	ต่าง	สัตว์บรรทุก
01317294-n	สัตว์ชักลาก	สัตว์ลากของ
01317916-n	สัตว์ที่เป็นอาหาร	สัตว์ที่เลี้ยงไว้เป็นอาหาร
01318381-n	ตัว	หัว
01319467-n	สัตว์ทะเล	สัตว์น้ำ
01320093-n	ดิพลอยด์	เซลล์ดิพลอยด์	เซลล์ที่มีโครโมโซมสองชุด
01320314-n	เซลล์ที่มีโครมาโซมหนึ่งชุด	เซลล์แฮพลอยด์
01320692-n	พอลิพลอยด์	เซลล์โพลีพลอยด์	โพลีพลอยด์
01320872-n	ตัวเมีย	สัตว์ตัวเมีย	สัตว์เพศเมีย	เพศเมีย
01321002-v	ขลิบ	เล็ม
01321230-n	ตัวผู้	สัตว์ตัวผู้	สัตว์เพศผู้
01321509-v	ตัดผ่าน	ตัดยอด
01321579-n	ลูกสัตว์	ลูกอ่อน
01321770-n	ลูกสัตว์กำพร้า	สัตว์กำพร้า
01322221-n	ลูก	ลูกอ่อน
01322508-n	ลูกสุนัขป่า	ลูกหมาป่า
01322604-n	ลูกสุนัข	ลูกหมา
01322685-n	ตัวผู้หนุ่ม	ลูกสัตว์กินเนื้อ
01322854-v	ฆ่าสัตว์	เชือด
01323261-n	ทารก	ลูกสัตว์ที่ยังไม่หย่านม	สัตว์ที่ยังไม่อดนม
01323338-v	วางยา	วางยาพิษ	วางยาเบื่อ
01323518-v	ขว้างหินใส่	ปาหินใส่
01323793-v	วางยา	วางยาพิษ	วางยาเบื่อ	ใส่ยาพิษ
01323958-v	ฆ่า	ทำให้ตาย
01324565-a	ด้านการศึกษา	ทางการศึกษา	ที่ให้ความรู้
01325417-n	เขา	เขาสัตว์
01325853-n	ฮอร์น	เขา
01326291-n	จุลชีพ	จุลชีวัน	จุลชีวิน	จุลินทรีย์
01326528-v	กำจัด	ทำลาย
01326897-n	สิ่งมีชีวิตที่ต้องอาศัยออกซิเจนในการดำรงชีพ	แบคทีเรีย
01327020-v	กระแทกศีรษะ	จับหัวกระแทก
01327133-v	ฉีดยา	ทำให้หลับ
01327301-v	ทำให้หายไปจากโลก	เก็บ
01327322-n	พันธุ์ผสม	ลูกผสม
01327582-v	ฆ่าล้างเผ่าพันธุ์	สังหารหมู่
01328513-v	ประทับ	พ่วง
01328702-n	เชื้อไวรัส	ไวรัส
01329875-v	เย็บซ้ำ	เย็บอีกครั้ง
01331027-v	ทิ่มด้วยเข็ม	ใช้เข็มทิ่ม
01331818-v	ติดเทป	ติดเทปกาว
01332940-n	ไวรัสเวสต์ไนล์	ไวรัสเวสต์ไนล์เอนเซปฟาไลทิส
01334398-a	ที่มีปัญญา	ที่มีสติปัญญา
01335075-v	ห่อกระดาษฟอยล์	ห่อฟอยล์
01335708-a	ตั้งแต่เกิด	ตามธรรมชาติ	โดยกำเนิด
01335903-a	ที่มีเชาว์ปัญญา	ที่มีไหวพริบ	ที่มีไหวพริบปฏิภาณ	หัวไว
01336159-v	ปิดด้วยแผ่นไม้	ปิดด้วยไม้กระดาน
01336371-a	คม	แหลมคม
01336587-a	ที่ไม่มีปัญญา	ที่ไม่มีสติปัญญา	ที่ไร้สติปัญญา	โง่
01336718-n	เอชไอวี	ไวรัสเอชไอวี
01337092-v	คลุมหมวกฮู้ด	สวมหมวกฮู้ด
01337734-n	โปลิโอไวรัส	ไวรัสโปลิโอ
01338501-v	ห่อ	ห่อด้วยสิ่งที่เป็นแผ่น
01340149-v	ปักหมุด	ปักเข็มหมุด
01340439-v	ทำให้ติดแน่น	ฟิกซ์	ยึด	ยึดให้แน่น
01340785-n	ลิสซาไวรัส	ไวรัสลิสซา
01341090-n	ไวรัสโรตา	ไวรัสโรทา
01341876-n	อาณาจักรโมเนรา	อาณาจักรโมเนอรัน
01345589-v	ปิด	หมุนขึ้น
01346804-v	เปิด	เปิดอยู่
01347298-v	กัก	ขัง
01348452-v	ปิดประตู	ล็อก
01348530-n	บัคเตรี	แบคทีเรีย
01348838-v	ลงกลอน	ใส่กลอน
01349948-n	บาซิลลัส	บี	แบคทีเรียบาซิลลัส
01350226-n	บาซิลลัสแอนทราซิส	เชื้อบาซิลลัสแอนทราซิส
01350449-v	ทำแรง	ทำแรงๆ	ออกแรง	ใช้แรง
01350674-a	เก็บความรู้สึก	เก็บงำความคิด	เก็บตัว
01350855-n	ค็อกคัส	แบคทีเรียทรงกลม
01351688-n	ฮีลิโอแบกเตอร์	ฮีลิโอแบกเตอร์ไพโลริ
01352996-v	ขัน	ขันสกรู
01353411-n	ชนิดแบคทีเรีย	สปีชีส์แบคทีเรีย
01354006-v	ซีล	ปิดผนึก	ผนึก
01354673-v	ผูก	เชื่อมโยง
01356582-v	ซีล	ผนึก
01358328-v	สวมหน้ากาก	ใส่หน้ากาก
01358572-n	สาหร่ายสีเขียวแกมน้ำเงิน	ไซยาโนแบคทีเรีย
01359945-n	แบคทีเรียสังเคราะห์แสง	โฟโตโทรฟิกแบคทีเรีย
01362736-v	ทาสี	ลงสี
01363320-v	ทำแอร์บรัช	ระบายด้วยแอร์บรัช
01364733-v	ยาปูน	ยาแนว
01364874-v	ถูกับฟองน้ำ	ถูด้วยฟองน้ำ
01365549-v	เกี่ยว	เกี่ยวตะขอ
01365709-v	เกี่ยว	ใช้ตะขอเกี่ยว
01366321-v	ปลดตะขอ	เอาออกจากตะขอ
01366926-v	ฉาบ	ฉาบปูน
01367616-v	หนีบคลิป	หนีบด้วยคลิป	ใช้คลิปหนีบ
01367862-v	กลัดกระดุม	ติดกระดุม
01372682-v	ฉีดพ่น	พ่น	สเปรย์
01372944-n	เชื้อคลาไมเดียซิตตาไซ	แบคทีเรียคลาไมเดียซิตตาไซ
01373551-v	ฉีด	พ่น	สเปรย์
01374224-n	ลีจิโอเนลลา	เชื้อลีจิโอเนลลา
01374767-v	สาด	หว่าน
01377819-a	ซึ่งไม่ถูกค้นพบ	ซึ่งไม่ถูกสำรวจ
01380122-v	กระจาย	แพร่
01380638-v	รวบรวม	สะสม
01384491-n	จุลินทรีย์	เชื้อจุลินทรีย์
01385017-n	ตัวเบียนใน	ปรสิตใน
01385330-n	ตัวเบียนนอก	ปรสิตนอก
01385527-n	ตัวถูกเบียน	ตัวให้อาศัย
01385773-a	จัมโบ้	มหึมา	ยักษ์
01385878-n	ตัวถูกเบียนหลัก	ตัวถูกเบียนแท้
01386007-n	จุลชีพก่อโรค	เชื้อโรค
01386494-n	อาณาจักรโพรโตคติสตา	โพรโตคติสตา
01386906-v	ขัดด้วยตะไบ	ถูด้วยตะไบ
01387208-n	ดิวิชั่นโพรติสตา	โพรติสตา
01387493-v	ทำให้กระเพื่อม	ทำให้ไม่ราบเรียบ
01387786-v	คั้น	บีบ	เม้ม
01390327-v	พับทบ	พับหลายครั้ง	พับหลายทบ
01390344-a	ควีนไซส์	ที่มีขนาดควีนไซส์
01390616-v	กดทับ	ทับ	ใช้น้ำหนักกดทับ
01390833-v	รีด	รีดผ้า
01391569-n	อันดับอะโมบิดา	อันดับอะโมบินา
01392071-a	เล็กขนาดอะตอม	เล็กเท่าอะตอม
01394812-v	ขบ	ขบกราม
01394901-n	ชั้นซิลิโอโฟรา	ชั้นซิเลียตา
01395229-a	เล็กกว่าขนาดปรกติ	เล็กกว่าไซส์ปรกติ
01395254-n	ซิลิเอต	ซิลิเอตโปรโตซัว
01395782-v	ชุบโลหะด้วยไฟฟ้า	เคลือบโลหะด้วยกระบวนการอิเล็กทรอโลซิส
01395945-v	ชุบโครเมียม	ชุมโครเมียม
01396328-v	ชุบเงิน	เคลือบ
01397088-v	ตีอย่างแรง	ฟาด
01397497-n	สาหร่าย	สาหร่ายทะเล
01398919-v	ตี	เคาะ
01400856-v	ตีหัว	ฟาดศีรษะ	ฟาดหัว
01401676-v	ตีศีรษะ	ตีหัว
01401772-v	ตีสุดแรงเกิด	ตีเต็มแรง
01402381-n	ดิวิชันฟีโอไฟตา	ฟิโอไฟตา
01403785-v	พัต	พัตลูก
01404664-v	ตีลูกแบ็กแฮนด์	ตีแบ็กแฮนด์
01404898-a	ซึ่งไม่มีรอยแก้	สะอาด
01405390-a	ซึ่งมีรอยแก้	สกปรก
01406092-n	ดิวิชันยูกลีโนไฟตา	ยูกลีโนไฟตา
01407235-v	ตีสุดแรงเกิด	หวดเต็มแรง
01408738-a	เกี่ยวกับลิงคาตาร์ริเนียน	เกี่ยวกับลิงคาตาร์ไรน์
01409177-v	ตีลูกโค้ง	ปั่น
01409581-a	เปรียบเสมือน	เปรียบเหมือน	เสมือน	เหมือน
01410118-a	ซึ่งดูเหมือนกัน	ละม้าย
01410606-a	คล้ายกัน	คล้ายคลึงกัน	เหมือนกัน
01411065-a	ซึ่งเท่ากัน	เท่ากัน
01411085-v	ลงแส้	หวด	เฆี่ยน
01412204-v	หวด	เฆี่ยน
01412912-v	เอาชนะ	เอาชนะไปอย่างขาดลอย
01413551-n	ดิวิชันโรโดไฟตา	โรโดไฟตา
01413917-v	ตีลูกตัด	ตีให้หมุน
01414626-v	ทุบ	เคาะ
01415219-a	ที่มีขนาดเล็ก	เล็กๆ
01415285-v	ชก	ตุ๊ย	ต่อย	อัด
01415807-v	ต่อยอย่างแรง	ฟาด	เฆี่ยน
01415920-n	โพรคาริโอต	โพรคาริโอต์
01416020-v	ทุบ	ฟาด
01417041-n	อันดับซิลิโอฟลาเจลลาตา	อันดับไดโนฟลาเจลลาตา
01417416-v	กระหน่ำตี	ทุบตีติดต่อกัน	ทุบตีอย่างรุนแรง
01417868-v	ตี	ตีด้วยเครื่องตีไข่
01418288-a	ที่มีอยู่ในบัญชี	ที่มีอยู่ในรายการ
01418350-a	ที่ไม่มีอยู่ในบัญชี	ที่ไม่มีอยู่ในรายการ
01419982-v	ขึ้นชก	ขึ้นสังเวียน	ชก	ชกมวย	ดวลกำปั้น	ต่อย	ต่อยมวย
01420304-v	ตี	บิน	แทง	ใช้เดือยแทง
01420616-v	ชกมวยหน้ากระจก	ชาโดว์บ็อกซ์
01421496-n	ชั้นสปอโรซัว	สปอโรซัว
01421602-a	ที่รู้หนังสือ	ที่อ่านออกเขียนได้
01421622-v	สอด	ใส่
01423344-a	ซึ่งถ่ายทำเป็นภาพยนตร์	ซึ่งบันทึกเป็นภาพยนตร์
01423676-a	ซึ่งอาศัยอยู่ได้	ซึ่งเหมาะที่จะอาศัย
01424420-n	เชื้อมาลาเรีย	เชื้อไข้มาลาเรีย
01424456-v	กอด	กอดรัด	สวมกอด
01426397-v	ตีหม้อ	นอน	ปี้	มีเซ็กส์	มีเพศสัมพันธ์	ร่วมประเวณี	ร่วมรัก	ร่วมสุข	ร่วมเพศ	ล่อ	หลับนอน	เย็ด	เสพกาม	เสพเมถุน	เอา
01427127-v	มีอะไร	มีเพศสัมพันธ์
01427806-v	เที่ยวซ่อง	เที่ยวผู้หญิง	เที่ยวหญิง	เที่ยวโสเภณี
01428381-v	เปิดซิง	เปิดบริสุทธิ์
01428578-v	ล่อลวง	หลอก
01428580-n	ปลาครีบอ่อน	ปลาซอฟต์-ฟินนิดฟิช
01429322-v	ขึ้นขี่	ขึ้นคร่อม	สมพาส
01429455-v	เพาะพันธุ์	เพาะเลี้ยง
01430633-v	ชักว่าว	ช่วยตัวเอง	ตกเบ็ด	สำเร็จความใคร่	สำเร็จความใคร่ด้วยตัวเอง
01431230-v	จุมพิต	จูบ	หอม
01433294-v	นำเอามา	ไปเอามา
01434822-v	กอง	กองสุม	วางสุม	สุม
01439072-a	ตลอดทั้งวัึน	ทั้งวัน
01440159-a	ชั่วชีวิต	ตลอดชีวิต
01441530-a	ตลอดคืน	ทั้งคืน
01441965-a	ในหนึ่งสัปดาห์	ในหนึ่งอาทิตย์
01442186-a	สั้น	สั้นๆ
01444146-v	เทผ่านกรวย	เทใส่กรวย
01444563-v	เสียบ	เสียบไม้
01446729-v	ตอด	แทะ
01447257-v	กด	ดัน
01447868-v	บีบ	บีบแน่น
01448100-v	ดึง	ลาก
01449974-v	ถือ	บรรทุก
01451176-v	เอาขึ้นหลัง	แบก
01452546-v	ดีด	ตี
01454810-v	ลาก	เข็น
01455888-a	ต่ำ	เสียงต่ำ
01457234-a	ดังกังวาน	ดังก้อง
01458010-n	ร่องปาก	ไซโตสโตม
01458054-a	เบา	เบาๆ
01459664-n	บลาสโทเมียร์	เซลล์บลาสโทเมียร์
01462005-v	ผสม	รวมตัว
01462928-v	พัน	พันกันยุ่ง
01463963-v	จัด	จัดเป็นระบบ	จัดให้เป็นระบบ	จัดให้เป็นระเบียบ	เซ็ตอัป
01465472-n	เขี้ยว	เขี้ยวงู
01465994-n	สัตว์มีแกนสันหลัง	ไฟลัมคอร์ดาตา	ไฟลัมสัตว์มีแกนสันหลัง
01466038-a	ที่เหมือนคนรัก	ที่เหมือนเป็นคนรัก
01466978-v	ติด	ประชิด
01467370-v	ล้อม	ล้อมรอบ
01467917-v	คาดผ้า	ใช้ผ้าคาด
01474641-n	อันดับอสตราโคเดอร์มิ	อันดับออสตราโคเดอร์มิ
01475831-a	กล้าหาญ	เป็นลูกผู้ชาย
01476685-a	ที่เป็นเพศชาย	ที่เป็นเพศผู้
01477806-a	ที่เป็นเพศหญิง	ที่เป็นเพศเมีย
01478002-v	ปิด	ปิดถนน
01480492-a	ซึ่งมีดอกจัน	ซึ่งมีเครื่องหมายดอกจัน
01480770-v	ดัก	วางกับดัก
01481612-a	ที่มีเหย้ามีเรือน	ที่แต่งงานแล้ว
01482075-v	ห้อย	แขวน
01482228-a	ที่ไม่มีพันธะ	ที่ไม่แต่งงาน	โสด
01482285-v	ห้อย	ห้อยคอ	แขวน
01482330-n	ฉลาม	ปลาฉลาม
01484097-n	ฉลามมาโก	ปลาฉลามมาโก
01484285-n	ฉลามมาโกครีบสั้น	ปลาฉลามมาโกครีบสั้น
01484562-n	ฉลามโบนิโต	ปลาฉลามโบนิโต
01484850-n	ฉลามขาว	ปลาฉลามขาว
01486540-n	ฉลามคาร์เพ็ท	ปลาฉลามคาร์เพ็ท
01488385-n	ฉลามแคท	ปลาฉลามแคท
01489465-v	ขนถ่าย	ส่ง
01490336-v	บรรจุ	ประจุ	ใส่
01490360-n	ฉลามดัสกี้	ปลาฉลามดัสกี้
01491361-n	ฉลามเสือ	ปลาฉลามเสือ
01491661-n	ฉลามซุปฟิน	ปลาฉลามซุปฟิน
01491697-v	สวมบังเหียน	ใส่บังเหียน
01491874-n	ฉลามด็อกฟิช	ปลาฉลามด็อกฟิช
01492569-n	ฉลามสมูทฮาวด์	ปลาฉลามสมูทฮาวด์
01493146-n	ฉลามไวท์ทิป	ปลาฉลามไวท์ทิป
01493541-n	ฉลามสไปนีด็อกฟิช	ปลาฉลามสไปนีด็อกฟิช
01494310-v	ตั้ง	วาง
01494429-a	ตลอดปี	ทั้งปี
01495725-a	มากที่สุด	สูงสุด
01496021-a	ต่ำที่สุด	น้อยที่สุด
01496617-n	อันดับบาตอยเด	อันดับราจิฟอร์เมส
01497750-v	วางบนชั้น	วางบนชั้นหนังสือ
01498319-v	ขึ้นป้าย	ติดตั้งป้าย
01498615-v	ตั้งขนาน	ตั้งให้ขนาน	วางขนาน	วางให้ขนาน
01499692-v	วางบนที	วางบนทีตั้งลูก
01501113-a	ที่มีทำนอง	ที่มีท่วงทำนอง
01501821-a	เพราะ	ไพเราะ
01502195-a	เพราะ	ไพเราะ
01502654-v	ตั้งพื้น	วางพื้น
01503061-n	นก	ปักษา	วิหค	สกุณา
01503101-v	วางผิดตำแหน่ง	วางผิดที่
01504179-n	ลูกนกที่เพิ่งหัดบิน	ลูกนกเพิ่งหัดบิน
01506157-v	ทำให้ถอยหลัง	ผลักดัน
01506526-a	ซึ่งหลอมละลาย	ซึ่งหลอมละลายด้วยความร้อน
01507914-v	ถล่ม	ยิงถล่ม
01508166-v	ขว้างบอลหิมะ	ขว้างสโนว์บอล
01508368-v	ขว้าง	ขว้างปา	ปา	เขวี้ยง
01509492-v	ขว้างอย่างเร็ว	โยน
01510399-v	เปิด	เปิดสวิตช์
01510576-v	ปิด	ปิดสวิตช์
01512625-v	ทอย	โยน
01513430-v	กำจัด	โยนทิ้ง
01514668-n	พ่อไก่	ไก่ตัวผู้	ไก่เพศผู้
01516534-v	กระทุ้ง	กระแทก
01517055-v	ตั้งพวงหรีด	ประดับพวงหรีด	วางพวงมาลา
01517175-v	ตกแต่งด้วยน้ำตาลไอซิ่ง	ตกแต่งด้วยฟรอสติ้ง
01518047-v	ฝั้น	ฟั่น	ฟั่นเกลียว
01518924-v	ถักทอ	ทอ
01519569-v	ถักผมเปีย	ถักเปีย
01519727-v	ติดริบบิ้น	ประดับริบบิ้น
01520844-v	คลาย	แยก	แยกเส้นใย
01521367-v	คลีคลาย	คลี่คลาย
01521603-v	ร้อย	ร้อยห่วง	ร้อยเชือก
01521813-v	ร้อยเชือกใหม่	ร้อยใหม่
01522716-v	วง	วงกลม
01523656-n	นกจับกิ่งไม้	อันดับอินเซสซอร์เรส
01525017-a	ซึ่งขนส่งทางน้ำ	ทางน้ำ
01527420-a	ที่เป็นโลหะ	โลหะ
01527877-v	ปัดรังควาน	ไล่ผี
01528644-a	ที่เป็นทองสัมฤทธิ์	บรอนซ์
01528730-a	ทอง	ที่ทำด้วยทอง	ที่เป็นทอง
01528946-a	ที่คล้ายโลหะ	ที่เหมือนโลหะ
01529053-a	ที่ทำด้วยเงิน	เงิน
01529293-a	ที่เป็นอโลหะ	ที่ไม่เป็นโลหะ
01530439-n	นกจาบปีกอ่อนหัวเทาอกชมพู	นกแชฟฟินช์
01530678-v	ทางกิ่ง	ทาบกิ่ง
01531998-v	จุด	แต้ม
01537409-v	ทำให้สกปรก	ทำให้เปื้อน	ทำให้เป็นสีคล้ำ
01539063-v	ดูด	ดูดซับ	ดูดซึม
01539925-n	นกกระจอกบ้าน	นกกระจอกใหญ่
01540693-v	ดูด	ดูดออก
01543998-v	จัดให้นั่ง	ให้นั่ง
01544558-v	จัดที่นั่งใหม่	จัดให้นั่งใหม่
01545314-v	นั่งยอง	นั่งยองๆ
01545427-a	ที่รู้ภาษาเดียว	ที่รู้หนึ่งภาษา
01546768-v	วางแนวตั้ง	วางให้ตั้งขึ้น	วางให้ตั้งทรง
01547390-v	นอนพิง	เอนกาย
01547797-v	นอนทับ	วางทับ
01547925-v	นอนตาแข็ง	นอนไม่หลับ
01549187-v	ดีลีต	ลบ
01549420-v	ขีดฆ่า	ขีดออก
01550594-v	ชำแหละเพื่อศึกษา	ผ่าวิเคราะห์
01550817-v	ตัดแบ่งครึ่ง	ผ่าครี่ง
01551195-v	ทำให้เกิดเเผลเป็น	ทิ้งรอยแผลเป็น	เกิดรอยแผลเป็น
01554510-a	น้อย	เล็กน้อย
01554519-v	ตัดด้วยขวานโทมาฮอว์ก	ผ่าด้วยขวานโทมาฮอว์ก
01555133-a	มากกว่า	มากขึ้น
01557120-a	ส่วนมาก	ส่วนใหญ่
01557903-a	อมตะ	เป็นอมตะ
01558594-n	นกเดินดงสีดำ	นกแบล็คเบิร์ด
01559903-a	ซาบซึ้ง	ซาบซึ้งใจ
01560034-v	ตัดต่อพันธุกรรม	ตัดต่อยีนส์
01560105-n	นกไนติงเกล	ไนติงเกล
01562584-n	วงศ์ซีลวีแด	วงศ์นกกระจ้อยและนกกระจิ๊ด
01564914-n	นกไวต์โทรต	นกไวต์โทรตใหญ่
01565139-a	ซึ่งอยู่กับที่	ที่อยู่นิ่ง
01565472-v	กระทำย่ำยี	ย่ำยี
01566916-v	ถอนราก	ถอนโคน
01568346-v	ปลูกทดแทน	ปลูกป่าทดแทน
01568375-a	นานาชาติ	นานาประเทศ	ระดับอินเตอร์	สากล
01569181-v	ทำให้หายใจไม่ออก	อุดหลอดลม
01570108-v	ตั้ง	แต่งตั้ง
01570935-v	บีบคอ	รัดคอ
01571354-v	ตัดคอ	ตัดศีรษะ	ตัดหัว	บั่นศีรษะ	บั่นหัว
01571538-v	ตัดศีรษะด้วยกิโยตีน	ตัดหัวด้วยกิโยตีน
01572171-a	ที่ถูกย้อม	ที่ย้อมขึ้น
01572224-v	ฉีก	ฉีกเนื้อ
01573515-v	ฉีก	ระเบิด	แตก
01574045-n	นกกาเหว่า	นกแบล็กเบิร์ด
01579028-n	กา	นกกา	อีกา
01580306-a	จำเป็น	ที่จำเป็นอย่างมาก
01582306-a	ที่สำรองไว้อย่างฉุกเฉิน	สำรอง
01582645-v	ขีด	ลาก
01582946-a	ทั้งหมด	โดยรวม
01583494-v	ขีดวงกลมรอบ	ขีดเส้นรอบวง
01588493-v	ติดฉลาก	ติดแท็ก	แปะฉลาก
01588876-v	ประทับตรา	ประทับเครื่องหมายการค้า
01589723-v	ติดรหัส	ติดโค้ด
01589869-v	ติดเข็ม	ติดเข็มสัญลักษณ์	ติดเข็มเครื่องหมาย
01591621-v	ติดบนกระดาน	ติดบอร์ด
01591697-n	นกกระจิบ	นกทิต
01593134-v	ดึงขึ้น	ถลก
01593937-v	คั้น	บีบ
01596972-v	สาง	สางด้วยหวี
01597096-v	กดทับ	ทับ	ทิ้งน้ำหนักตัว
01598255-v	ตีลูกวอลเลย์	วอลเลย์
01598507-v	ตีเบอร์ดี้	ทำเบอร์ดี้	ยิงเบอร์ดี้
01598637-v	ตีอีเกิล	ทำอีเกิล	ยิงดับเบิ้ลเบอร์ดี้	ยิงอีเกิล
01598921-v	ตีโบกี้	ทำโบกี้	ยิงโบกี้
01599052-v	มัดกับลวด	มัดด้วยลวด	มัดลวด
01599325-v	ร้อยกับลวด	ร้อยด้วยลวด
01600355-v	ฉาบซีเมนต์	ฉาบด้วยซีเมนต์	ฉาบปูน
01600888-a	ที่อยู่ทางภาคกลางตอนบน	ที่อยู่ทางภาคกลางตอนเหนือ
01601234-v	ยก	ยืด	เชิด
01601694-n	นกดิปเปอร์	นกวอเตอร์อูเซิล
01602318-v	ตั้งให้บาลานซ์	ตั้งให้สมดุล
01602683-a	ที่ไปทางทิศใต้	ที่ไปทางใต้
01602797-a	ที่อยู่ทางภาคกลางตอนล่าง	ที่อยู่ทางภาคกลางตอนใต้
01604251-v	คล้องบ่วงบาศ	ใช้บ่วงบาศคล้อง
01604696-v	ยึดด้วยข้อต่อ	ใส่ข้อต่อ
01605021-v	พลีชีพ	สังเวยชีวิต
01608508-v	ครูด	ถาก
01609549-n	สกุลเซอร์คัส	เหยี่ยวเซอร์คัส
01610955-n	ฟอลคอน	เหยี่ยวฟอลคอน
01611516-v	หยด	เหยาะ
01612476-n	เหยี่ยวฮอบบี้	เหยี่ยวฮอบบี้ยุโรป
01614581-v	ติดกาว	ติดด้วยกาว
01615457-v	ไล่ออก	ไล่ออกจากสนาม
01615602-v	ฉาบผิวด้วยโลหะ	เคลือบโลหะ
01616151-v	ฆ่าฟัน	เข่นฆ่า
01616318-n	นกแร้ง	อีแร้ง	แร้ง
01617034-v	คลุม	ห่มคลุม
01617192-v	ทำ	สร้าง
01618082-n	นกแร้งดำ	อีแร้งดำหิมาลัย
01618468-v	ทำราง	สร้างราง
01621127-n	นกฮูก	นกเค้าแมว
01621555-v	ทำ	ผลิต
01623656-v	ทำเป็นต้นแบบ	ทำเป็นแบบ
01623967-v	ทำด้วยเครื่องจักร	ใช้เครื่องจักร
01624321-v	ขัด	ฝน
01625985-v	ค้าของเถื่อน	ผลิตของเถื่อน	ผลิตสินค้าละเมิดลิขสิทธิ์
01626138-v	จัดรวบรวม	รวบรวม
01626844-v	จัดแคตาล็อก	รวบรวมเป็นแคตาล็อก
01627105-v	คอมไพล์	แปลโปรแกรม
01627355-v	ก่อ	ก่อเรื่อง
01628197-v	ผลิต	ผลิตกระแสไฟฟ้า
01628450-n	อันดับคอดาตา	อันดับยูโรเดลลา
01629403-v	ทำให้	ส่งผลให้
01634424-v	กุ	ประดิษฐ์
01635432-v	นึกภาพ	เห็นภาพ
01637633-v	คิดฝัน	ฝันกลางวัน	วาดฝัน	วาดวิมานในอากาศ
01638825-v	วางพล็อต	วางพล็อตเรื่อง	วางโครงเรื่อง
01639105-v	ปั๊ม	พิมพ์
01639369-n	อันดับบาตราเคีย	อันดับอะนูรา
01639714-v	ดีไซน์	ออกแบบ
01639765-n	กบ	คางคก	สัตว์จำพวกกบ
01640207-v	ครีเอท	สรรค์สร้าง	สร้างสรรค์
01640482-a	ที่ใช้แล้ว	มือสอง
01640550-v	ดีไซน์	ออกแบบ
01640855-v	ดำเนินการ	ทำให้ลุล่วง	ทำให้สำเร็จ
01641914-v	บุกเบิก	ริเริ่ม
01643464-v	วาด	วาดเส้น
01643657-v	กระตุ้น	กระตุ้่น	กระุตุ้น	เดินเครื่อง
01644746-v	ทำให้เป็นจริง	ทำให้เป็นรูปธรรม
01645601-v	ก่อให้เกิด	ทำ
01645678-a	ที่มีผมสีขาว	ที่มีผมสีเทา
01646021-a	ที่อายุเข้าวัยกลางคน	วัยกลางคน
01646866-v	ก่อเรื่อง	ก่อให้เกิดมลพิษ
01646941-a	ที่หนุ่มยังแน่น	ที่เป็นสาวเป็นแส้	ที่เป็นหนุ่มเป็นสาว	สาว	หนุ่ม	หนุ่มสาว	อ่อนวัย
01647601-a	ที่อายุหนึ่งขวบ	ที่อายุหนึ่งปี
01647675-a	ที่อายุสองขวบ	ที่อายุสองปี
01647750-a	ที่อายุสามขวบ	ที่อายุสามปี
01647829-a	ที่อายุสี่ขวบ	ที่อายุสี่ปี
01647906-a	ที่อายุห้าขวบ	ที่อายุห้าปี
01647983-a	ที่เป็นวัยรุ่น	วัยรุ่น
01649031-a	ตัวน้อย	ตัวเล็ก
01649469-a	เหมือนลูกสุนัข	เหมือนลูกหมา
01649605-v	เล่นท่อนริฟฟ์	เล่นริฟฟ์
01651110-v	เริ่มบรรเลง	เริ่มเล่น
01652139-v	ออกผล	ให้ผล
01652429-v	มีเมล็ด	มีเม็ด
01652731-v	ออกผล	ออกลูก
01652895-v	ทำให้ออกผล	ทำให้ออกลูก
01653013-v	ทำจากวัสดุ	ผลิตจากวัสดุ	สร้างจากวัสดุ	สร้างสรรค์จากวัสดุ
01654271-v	ทำปลอม	ปลอม	ปลอมแปลง
01654628-v	ก่อสร้าง	สร้าง
01656458-v	ทำลายล้าง	ทุบทำลาย
01657977-v	ชำแหละชิ้นส่วน	ถอดชิ้นส่วน	แยกชิ้นส่วน
01659248-v	ขึ้นรูป	ทำให้เป็นรูป	เชฟ
01660640-v	ก่อเนิน	ก่อให้เป็นเนิน
01661243-v	ปลูก	ปลูกสร้าง
01661804-v	ถอนรื้อ	รื้อ	รื้อถอน
01662274-n	อันดับคีโลเนีย	อันดับทีสตูดิเนส
01662771-v	เทพิมพ์หล่อ	เทลงแม่พิมพ์
01663920-v	บ่ม	หมัก	หมักบ่ม
01664172-v	ทำกับข้าว	ทำอาหาร	ประกอบอาหาร	เตรียมอาหาร
01665507-v	ทำรสจัด	ทำรสเผ็ด	ทำเผ็ด
01665638-v	ทำกับข้าว	ทำอาหาร	ประกอบอาหาร
01666131-v	คลุกเคล้า	คลุกให้เข้ากัน
01666327-v	ตัด	ตัดเย็บ
01666717-v	ตัดชุด	ตัดเสื้อ
01666894-v	ออกแบบตามสไตล์	ออกแบบตามแฟชั่น
01667607-v	ปัก	ปักไหม
01669792-v	ประดับขนนก	ประดับด้วยขนนก
01670172-v	ติดธง	ประดับธง
01672168-v	ทอใยแมงมุม	สร้างใยแมงมุม
01672753-v	ถักลูกไม้	ถักโครเชต์
01673732-v	ขมวด	ขมวดปม	ผูกปม
01674464-n	กะปอม	กิ้งก่า	ปอมข่าง
01675245-v	ตอก	ตี
01675963-v	จัด	จัดแต่ง	ตกแต่ง	ตบแต่ง	ประดับ	แต่ง
01679433-v	จัดแต่งจานอาหาร	ตกแต่งจานอาหาร	ตกแต่งอาหาร
01682039-v	ถม	ฝัง
01682761-v	ทาแล็คเกอร์	เคลือบแล็คเกอร์
01684180-v	ติดตราอาร์ม	ติดอาร์ม
01684337-v	แกะ	แกะสลัก
01684899-v	วาดรูป	เพนต์
01685313-v	รังสรรค์	สร้างสรรค์
01691057-v	เขียน	เขียนหนังสือ
01691660-v	เขียนอักษรวิจิตร	เขียนอักษรศิลป์
01692443-v	เขียนตัวหนังสือ	เขียนตัวอักษร	เขียนอักษร
01695773-v	จุด	แต้มจุด
01696435-v	ระบายสีน้ำ	วาดรูปสีน้ำ
01696648-v	ประดับ	ประดับด้วยสี
01697027-v	ทำโมเดล	หล่อ
01697178-n	จระเข้	ไอ้เข้
01697457-n	จระเข้จากอัฟริกา	จระเข้แม่น้ำไนล์
01697611-n	จระเข้น้ำเค็ม	จระเข้เอเชีย
01697978-n	จระเข้ปากกระทุงเหว	ตะโขง
01698271-v	ประพันธ์	รจนา	เขียน	แต่ง
01698400-a	เปลือย	เปล่า
01698903-a	ที่ไม่มีผ้าม่าน	ที่ไม่มีม่าน
01702514-v	เขียนกลอน	แต่งกลอน	แต่งบทกวี
01703613-v	เขียนโคลงซอนเนต	แต่งโคลงซอนเนต
01703730-v	เขียนโคลงสดุดี	แต่งโคลงสดุดี
01704420-a	คล้ายปาก	รูปปาก
01704452-v	เป็นผู้ประพันธ์	เป็นผู้แต่ง
01704953-v	ทำคำอธิบายเพิ่มเติม	เพิ่มคำอธิบายประกอบ
01705494-v	ประพันธ์	ประพันธ์เพลง	เขียนเพลง	แต่ง	แต่งเพลง
01706129-v	เรียบเรียง	เรียบเรียงดนตรี
01706756-v	แต่งทำนอง	แต่งท่วงทำนอง	ใส่ทำนอง
01706889-v	ประสานเสียง	ร้องประสาน	ร้องประสานเสียง
01708676-v	จับระบำรำฟ้อน	ดิ้น	รำ	ร่ายรำ	เต้น	เต้นระบำ	เต้นรำ	แดนซ์
01709278-n	สกุลบรอนโตซอรัส	สกุลอะปาโตซอรัส
01711965-v	ถ่ายวีดีโอ	บันทึกวีดีโอ
01712204-v	สร้างภาพยนตร์	สร้างหนัง
01712298-v	ถ่ายทำภาพยนตร์	ถ่ายภาพยนตร์	ถ่ายหนัง
01715040-v	บรรเลงเดี่ยว	เดี่ยว	แสดงเดี่ยว	โซโล่
01715357-v	แสดงนานๆครั้ง	แสดงไม่บ่อย
01718535-v	ทดสอบการแสดง	ทดสอบบท
01719302-v	สวมบทบาท	เล่นบท
01719921-v	รับบท	แสดงเป็น
01720496-n	ดิวิชันไซโนดอนเทีย	ไซโนดอนเทีย
01721010-n	ดิวิชันดิไซโนดอนเทีย	ดิไซโนดอนเทีย
01725051-v	บรรเลง	เล่น
01726172-v	เล่น	เล่นดนตรี
01726390-n	อันดับย่อยเซอร์เพนเตส	อันดับย่อยโอฟิเดีย
01726692-n	งู	อสรพิษ
01727354-v	ตีคอร์ด	เล่นคอร์ด
01728614-a	เก่าแก่	โบราณ
01729431-v	ขับขาน	ขับร้อง	ร้อง	ร้องเพลง
01730799-v	ขับร้องประสานเสียง	ร้องคอรัส
01732601-a	ที่กำลังจะถึง	ที่ใกล้มาถึง
01733462-a	กำเนิด	จุติ	ลืมตาดูโลก	เกิด
01734929-v	จำลอง	เลียนแบบ
01735799-v	ทำสามสำเนา	ทำสำเนาสามฉบับ
01735947-v	ทำสำเนาสี่ฉบับ	ทำสีสำเนา	ทำสี่สำเนา
01736299-v	ซี	ซีร็อกซ์	ถ่ายเอกสาร
01736523-v	ถ่ายย่อ	ย่อขนาดภาพ
01737617-v	สร้างขึ้นใหม่	สร้างใหม่
01738347-v	รีเพลย์	เล่นซ้ำ
01739814-v	ทำไร่ทำนา	ปลูก
01740608-v	เตรียมดิน	ไถ
01740969-v	ทำสวน	ทำไร่
01741446-v	เตรียมดิน	เตรียมเพาะปลูก	ไถ
01742415-v	คราด	ไถคราด
01742886-v	ก๊อป	ก๊อปปี้	เลียนแบบ
01743784-v	ทำตามแบบ	ทำตามโมเดล	ลอกแบบ
01744082-v	ทำตามมาตราส่วน	สร้างตามมาตราส่วน
01745141-v	จัดฟอร์แมต	จัดรูปแบบ	ฟอร์แมต
01745536-v	จัดตาราง	จัดเป็นตาราง
01745722-v	ตีพิมพ์	ลง
01746145-v	ตีพิมพ์ซ้ำ	พิมพ์ซ้ำ
01747945-v	จัดพิมพ์	พิมพ์
01748906-n	งูจงอาง	งูจงอางอินเดีย
01752025-v	แกะลวดลาย	แกะลาย
01752736-n	งูพิษ	งูแอสป์
01754576-v	ทำหนังสือ	เขียน
01754737-v	ตัด	ตัดเป็นรูป
01755627-a	ชั่วคราว	ไม่ถาวร
01756277-v	คัดลอกข้อมูล	เบิร์น
01757483-a	ชั่วคราว	ซึ่งคั่นเวลา
01758308-n	จงอยปากของนก	จะงอย	จะงอยปาก
01758757-n	เนื้อ	เนื้อชำแหละ
01758895-n	ซากขึ้นอืด	เนื้อเน่าเปื่อย	เนื้อเหม็นเน่า
01759009-n	ซากสัตว์ข้างถนน	ซากสัตว์ริมถนน
01759166-v	เปิดหมวก	เล่นดนตรีเปิดหมวก
01759326-v	ก่อให้เกิดความรู้สึก	ปลุก	ปลุกเร้า	เร้า
01761706-v	กระตุ้น	ปลุกเร้า
01762283-v	กระตุ้นอารมณ์	กระตุ้นอารมณ์ทางเพศ	ปลุกอารมณ์	เล้าโลม
01764171-v	ทำให้ไม่สบายใจ	สับสน
01764800-v	กล่อม	ทำให้สงบ
01765392-v	ปลอบประโลม	ปลอบโยน	ผ่อนผัน	เกลี้ยกล่อม	ไกล่เกลี่ย
01766273-v	ทาน	ทำให้กังวล
01767163-v	กังวล	วิตกกังวล
01767612-v	เดือด	เดือดปุดๆ
01771535-v	มีความรู้สึก	รู้สึก
01772498-v	ภาคภูมิใจ	ภูมิใจ	รู้สึกภาคภูมิใจ	รู้สึกภูมิใจ
01774426-v	ขยะแขยง	ชิงชัง	เกลียด
01774799-v	ดูถูก	ดูหมิ่น	เหยียดหยาม
01776532-a	ซึ่งไม่มีกลีบ	ไร้กลีบดอก
01776952-v	ชอบ	โปรด	โปรดปราน
01777210-v	ชอบ	โปรด	โปรดปราน
01779165-v	ทำให้กลัว	ทำให้ตระหนก
01779629-n	ตัวเห็บ	เห็บ
01781410-n	สกุลซาร์คอปติส	สัตว์จำพวกหมัด
01781520-v	ข่มขู่	บงการ	บังคับ
01783158-a	เคร่ง	เคร่งศาสนา
01784295-v	สติแตก	หมดความอดทน
01785234-n	เขี้ยว	เขี้ยวแมลง
01785579-v	ทนทุกข์จากการไร้ความรู้สึก	หมดสภาพ
01785748-v	ทำให้กลัว	ทำให้ขลาดกลัว
01785906-a	ซึ่งไม่มีลวดลาย	ที่ไม่มีลาย	เรียบๆ
01785971-v	ทำให้โกรธ	สร้างความขุ่นเคือง
01786133-a	ซึ่งมีลวดลาย	ที่มีลาย
01786620-v	ทำให้รำคาญ	สร้างความรำคาญ
01786906-v	ทำให้เดือดดาล	ทำให้โกรธจัด
01787600-v	ทำให้คลั่ง	ทำให้บ้า
01787955-v	กวนประสาท	กวนใจ	ยั่ว	รบกวน
01789064-n	อันดับกัลลิฟอร์เมส	อันดับไก่
01789514-v	กวน	ก่อกวน	ตามตื๊อ	ทำให้รำคาญ	รบกวน
01791625-n	กุ๊กไก่	ไก่	ไก่เลี้ยง
01792042-n	ลูกเจี๊ยบ	ลูกไก่
01792158-n	พ่อไก่	ไก่โต้ง
01792955-n	แม่ไก่ที่พร้อมกกไข่	แม่ไก่พร้อมกกไข่
01793177-v	ทำร้ายความรู้สึก	ทำให้ปวดใจ	ทำให้เจ็บใจ	ทำให้เสียความรู้สึก
01794668-v	ทนทุกข์	ทุกข์ใจ
01795428-v	หัวเสีย	อารมณ์เสีย	โกรธเป็นฟืนเป็นไฟ	โมโหอย่างมาก
01796582-v	สำนึก	สำนึกผิด	เสียใจ
01797347-v	เศร้าโศก	เศร้าโศกเสียใจ	โศกเศร้า
01798936-v	ทำให้ผิดหวัง	ปล่อยให้รอเก้อ
01799794-v	ฉีกหน้า	ทำขายหน้า	ทำให้หน้าแตก	ทำให้อาย
01800195-v	ทำให้ใจสลาย	ทำให้ใจแตกสลาย
01800422-v	ทำลายศักดิ์ศรี	ทำให้ต่ำต้อย	ลดคุณค่า
01802219-v	คร่ำครวญ	รำพันพิลาป
01802494-v	แสดงความรู้สึก	แสดงอารมณ์
01803003-v	ล้อเลียน	หยอกล้อ	แหย่
01803380-v	กวนใจ	รบกวน
01805523-v	คิดถึง	ระลึกถึง	รำลึกถึง
01806505-v	ดึงดูดใจ	มีเสน่ห์
01807314-v	กระทำเป็นปฏิปักษ์	ทำให้เป็นศัตรู
01807882-v	ดึงดูด	ดึงดูดใจ
01809064-v	ตกตะลึง	ทำให้ตกใจ	ประหลาดใจอย่างมาก
01809655-a	ที่มีปลายแหลม	ที่มียอดแหลม
01810189-a	ที่มีปลายเหมือนเข็ม	ที่มีปลายแหลม
01810447-v	ทำให้ขยะแขยง	ทำให้ตกใจ
01811172-a	ที่มีปลายแหลม	แหลม
01811430-a	ที่คล้ายหนาม	ที่เหมือนหนาม
01811441-v	มีความหวัง	หวัง
01811504-a	ที่ไม่มีปลายแหลม	ที่ไม่มียอดแหลม
01811683-a	ทื่อ	ทู่
01811736-v	ปีติยินดี	ยกระดับจิตใจ
01812950-v	ทำให้ดีใจ	ทำให้ยินดี
01813393-v	รู้สึกเศร้า	รู้สึกเสียใจ	เสียใจ
01813499-v	ทำให้ดีใจ	ทำให้มีความสุข
01814074-v	ทำให้มีกำลังใจ	ทำให้เกิดกำลังใจ
01814396-v	ข่มขวัญ	ทำให้เสียขวัญ
01814815-v	ปลอบ	ปลอบขวัญ	ปลอบใจ
01815628-v	สร้างความพอใจ	ให้ความพึงพอใจ
01817314-v	ทำให้ปลาบปลื้ม	ทำให้ปลื้มปิติ	ทำให้หลงใหล
01817938-v	ทำให้ใจกล้า	เชียร์	ให้กำลังใจ
01819387-v	ทำให้ท้อแท้	ทำให้หมดกำลังใจ
01820302-v	ปลาบปลื้ม	เป็นสุข
01820901-v	กวนโทโส	กวนโมโห
01821423-v	มีความสนใจ	รู้สึกสนใจ	สนใจ
01822724-v	เห็นอกเห็นใจ	เห็นใจ
01825237-v	ต้องการ	ประสงค์	ปรารถนา	อยาก
01826060-v	ทะเยอทะยาน	ปรารถนา	มีความทะเยอทะยาน
01826184-v	ชอบ	รู้สึกชอบ
01826378-v	ประสงค์	ปรารถนา
01827064-v	ตาร้อน	อิจฉา	อิจฉาตาร้อน
01827425-v	กลืนน้ำลาย	น้ำลายไหล	มองตาเป็นมัน
01827432-a	ที่ใช้อำนาจ	ที่ใช้อิทธิพล
01827535-a	ที่ไม่มีอำนาจ	ที่ไร้อำนาจ
01828256-v	มีความต้องการ	อยากมีเพศสัมพันธ์	อยากเอา
01828736-v	ชอบ	รัก	สนุก	เพลิดเพลิน
01828993-v	ภาคภูมิใจ	ภูมิใจ	รู้สึกภาคภูมิใจ	รู้สึกภูมิใจ
01829747-v	ผุดผ่อง	ผ่องแผ้ว	ผ่องใส	อิ่มเอิบ	เปล่งปลั่ง
01830042-v	รู้สึกผ่องแผ้ว	รู้สึกอิ่มเอิบ
01831531-v	ขยับ	เคลื่อนไหว	ไหว
01832167-n	นกสวิฟต์	นกแอ่น
01832245-a	ซึ่งหว่านเมล็ด	ซึ่งหว่านเมล็ดพืช
01833717-v	มุดหลบ	หมอบลง	หมอบหลบ
01834485-v	อยู่กับที่	อยู่นิ่ง
01835496-v	เดินทาง	ไป
01838651-v	พลิ้ว	พลิ้วไหว
01840092-v	บินข้าม	บินเหนือ
01840238-v	ขึ้นเครื่อง	นั่งเครื่องบิน	บิน	โดยสารเครื่องบิน
01841079-v	เดินทาง	โดยสาร
01841591-v	ขับเข้าข้างทาง	เข้าข้างทาง
01842235-n	นกตีทอง	นกบาร์เบต
01842508-v	ถ่อแพ	นั่งแพ	ล่องแพ
01845105-v	แล่นไปเรื่อยๆ	ไปเรื่อยๆ
01846916-v	ท่อง	เดินทาง
01847582-v	นั่งเรือ	นั่งเรือโดยสาร
01848190-v	ชักว่าว	เล่นว่าว
01848323-n	นกกรีนวิง	เป็ดปีกเขียว
01848465-v	หลีกทาง	เปิดทาง	ให้ทาง
01848648-n	เป็ดปากสั้น	เป็ดป่า
01850315-v	ทำให้เคลื่อนที่	เคลื่อน	เคลื่อนย้าย
01853069-v	ดูดขึ้น	ปั้มน้ำมัน	ปั๊มขึ้น
01853440-v	ถ่าย	ถ่ายเท	ถ่ายเทใส่ภาชนะ
01853498-n	เป็ดสกู๊ตเตอร์	เป็ดสโกเตอร์	เป็ดสโคเตอร์
01853666-n	เป็ดสโกเตอร์ธรรมดา	เป็ดสโคเตอร์ธรรมดา
01854132-v	ตัก	เท
01855032-n	เป็ดเมอร์แกนเซอร์อกแดง	เมอร์แกนเซอร์อกแดง
01855606-v	ย้าย	ย้ายออก
01856380-n	ห่านจีน	ห่านเทาปากดำ
01856626-v	ย้ายถิ่น	อพยพ
01857093-v	อพยพ	อพยพตามฤดูกาล
01857325-n	ห่าน	ห่านเบรนท์
01857632-n	ห่านป่า	ห่านแคนาดา
01857851-n	ห่านบาร์นาเคิล	ห่านเพรียง
01858362-v	ชัก	ชักสายบังเหียน
01858845-n	หงส์ตัวเมีย	หงส์เพศเมีย
01859050-v	จัมพ์	จัมพ์แบตเตอรี่	จั๊มแบตเตอรี่
01859190-n	หงส์ขาว	หงส์ใบ้
01859586-v	ยับยั้ง	หยุด
01860485-v	ตัด	ตัดฉาก	ตัดภาพ
01866192-v	กลิ้ง	เดินวน
01866812-a	ซึ่งไร้ประโยชน์	ที่ไม่ประสบผล
01867504-v	เดินย่ำ	เดินเหยียบย่ำ
01867697-v	ซัมเมอร์เซาต์	ตีลังกา
01870275-v	ลื่น	ไถล
01871875-n	สัตว์เลี้ยงลูกด้วยน้ำนมที่ออกลูกเป็นไข่	โมโนทรีม
01871979-v	ดัน	ผลัก
01873406-a	ที่ไม่ลึกซึ้ง	ผิวเผิน
01874434-n	มาร์ซูเปียล	สัตว์ที่มีกระเป๋าหน้าท้อง
01875295-v	โคลง	โคลงเคลง	โยก	โยกเยก
01876028-v	แกว่ง	แกว่งไกว	แกว่งไปแกว่งมา	ไกว
01876261-a	ซึ่งมองกาลไกล	ซึ่งล้ำยุค	ซึ่งล้ำสมัย	ที่ก้าวหน้า	ที่รุดหน้า
01876670-a	ซึ่งทันสมัย	ทันยุคทันสมัย	ทันสมัย	ทันเหตุการณ์	ทันโลก	ร่วมสมัย
01877620-v	สวิง	แกว่ง
01877785-v	ผงก	พยักหน้า
01877812-n	จิงโจ้เล็ก	วอลลาบี
01879928-v	สั่นระรัว	สั่นรัว	เต้นรัว	เต้นเร็ว
01880113-v	สั่น	เต้น
01880560-v	ตีเป็นจังหวะ	เคาะเป็นจังหวะ
01881180-v	เร่ร่อน	เร่่ร่อน
01882689-v	เที่ยว	โต๋เต๋
01884577-v	เอียง	เอียงกะเท่เร่
01885580-v	พัด	พัดวี	พัดโบก
01886488-v	ลื่นไถล	สไลด์	ไถล
01886756-n	ยูเทเรียน	สัตว์เลี้ยงลูกด้วยนมที่มีรก
01887474-n	ปศุสัตว์	สัตว์ในฟาร์ม
01887576-v	ลื่นไถล	ไถลลื่น
01887623-n	วัวตัวผู้	วัวเพศผู้
01887787-n	วัวตัวเมีย	วัวเพศเมีย
01888264-n	สัตว์เลี้ยงลูกด้วยนมตัวผู้	สัตว์เลี้ยงลูกด้วยนมเพศผู้
01888411-n	สัตว์เลี้ยงลูกด้วยนมตัวเมีย	สัตว์เลี้ยงลูกด้วยนมเพศเมีย
01888784-v	สะเทือน	สั่น	แผ่นดินไหว
01889392-v	ทำให้สั่นระรัว	ทำให้เต้นระริก
01889610-v	สั่น	เขย่า	เชค
01890088-v	สะเทือน	สั่นสะเทือน	ไหวสะเทือน
01890792-v	ชัก	ชักกระตุก	สั่นกระตุก
01891638-v	สั่นสะเทือน	เขย่า
01892104-v	กระเด้ง	เด้ง
01892608-v	กระเด้ง	เด้ง
01893988-v	กระเถิบ	เขยิบ
01894207-n	เทนเดร็ค	เทนเร็ค
01894320-v	กวน	คน
01895383-v	บั๊มพ์	เต้นบั๊มพ์
01896295-v	เต้นคอนทร้าแดนซ์	เต้นระบำพื้นเมือง
01897306-v	เต้นจังหวะชะชะช่า	เต้นชะชะช่า
01897779-v	เต้นจังหวะรุมบ้า	เต้นรุมบ้า
01898185-n	กิ่งขน	กิ่งขนนก
01898282-v	สะบัด	เขย่า
01898328-n	แผ่น	แผ่นขวาง
01898731-n	ขน	ระบบผมและขน
01898769-v	รำพื้นบ้าน	รำพื้นเมือง	เต้นรำพื้นเมือง
01899062-n	ขนเฟอร์	เฟอร์
01899891-v	เคลือนไหวอย่างรวดเร็ว	เคลื่อนไหวอย่างรวดเร็ว	โผ
01901447-v	จ็อกกิ้ง	วิ่งจ็อกกิ้ง	วิ่งเหยาะๆ
01902783-v	ปลิว	ลอยไปตามกระแส	ล่องลอย
01904293-v	ลอย	ล่องลอย
01908204-v	ไปทางกราบซ้าย	ไปทางซ้าย
01909978-v	คว่ำ	ทำให้ล้ม
01910373-v	สะดุ้ง	สะดุ้งโหยง
01912159-v	ข้าม	เดินทางข้าม
01913838-n	ชั้นแอนโทซัว	แอนโทซัว
01915865-v	ตัดข้าม	เดินตัดข้าม	เดินลัด
01916634-v	เดินวางมาด	เดินเชิด
01917244-v	กะโผลกกะเผลก	เดินกะโผลกกะเผลก	เดินงุ่มง่าม	โขยกเขยก
01917549-v	เดินลากขา	เดินลากเท้า
01917845-v	เดินลากเท้า	เดินไม่ยกเท้า
01918183-v	เดินช้าๆ	เดินเล่น
01918803-v	เดินงอกแง่ก	เดินเตาะแตะ	เตาะแตะ
01919391-v	สวนสนาม	เดินสวนสนาม
01919711-v	เดินก้าวยาว	เดินก้าวยาวๆ
01920048-v	เดินเป็นแถว	เดินเรียงแถว
01921772-v	ปีน	ปีนขึ้นอย่างทุลักทุเล
01921964-v	ขึ้น	ไต่ขึ้น
01922717-n	พยาธิในลำไส้	หนอนพยาธิ
01922895-v	ปีนเขา	ไต่เขา
01924023-v	เดินเขย่ง	เดินเขย่งเท้า
01924712-v	พาอวด	พาไปอวด
01925338-v	เดินกระแทกเท้า	เดินก้าวเท้าหนัก
01926988-n	สกุลสกิสโตโซมา	สัตว์จำพวกปรสิต
01927447-v	ลากเลื้อย	เลี้ยงลูก
01928360-n	หนอนริบบิ้น	ไฟลัมนีเมอเทีย
01928838-v	ก้าว	ย่าง	สเต็ป
01930112-n	พยาธิหนอนกลม	พยาธิไส้เดือนกลม
01931375-v	ขับทดสอบ	ทดสอบสมรรถนะ
01931566-v	ขับรถกินลม	ขับรถชมวิว
01931768-v	กำหนดทิศทาง	นำทาง	มุ่งหน้า
01932973-a	จริง	ที่เป็นจริง
01933305-v	นำทาง	บอกทาง
01934205-v	ต้อนเข้ามุม	ต้อนให้จนมุม
01934427-v	จอด	เข้าจอด
01934842-v	จอดซ้อนคัน	จอดหลังรถ
01934976-v	จอดข้าง	จอดเทียบ
01935476-v	ขี่จักรยาน	ถีบ	ถีบจักรยาน	ปั่น	ปั่นจักรยาน
01936048-v	ขับมอเตอร์ไซค์	ขับรถเครื่อง	ขึ้นมอเตอร์ไซค์	นั่งมอเตอร์ไซค์	นั่งรถเครื่อง
01936537-v	ขึ้นรถไฟ	นั่งรถไฟ	โดยสารรถไฟ
01937909-n	ทาก	ปลิง
01938659-a	ที่ไม่จริง	ที่ไม่ใช่ความจริง
01939174-v	ขี่เลื่อน	นั่งเลื่อน
01939226-a	ที่เหมือนความฝัน	ที่เหมือนฝัน
01939406-v	ขี่เลื่อนสุนัข	นั่งเลื่อนสุนัข
01940403-v	บิน	โบยบิน
01941093-v	ขับเครื่องบิน	บิน
01944086-v	ติดจรวด	พุ่งสูงขึ้นอย่างรวดเร็ว
01944692-v	ขี่เรือ	ขึ้นเรือ	นั่งเรือ	โดยสารเรือ
01945381-v	ขึ้นเรือยอชต์	นั่งเรือยอชต์	โดยสารเรือยอชต์
01945516-v	นั่งเรือใบ	แล่นเรือใบ
01946996-v	กรรเชียง	กรรเชียงเรือ	ตีกรรเชียง	พายเรือ
01947543-v	นั่งเรือแคนู	พายเรือแคนู
01947735-v	นั่งเรือคยัก	พายเรือคยัก
01947887-v	พายเรือ	แจว	แจวเรือ
01947997-n	หอยตะกาย	หอยวงพระจันทร์
01948077-v	ขี่คลื่น	เล่นกระดานโต้คลื่น	เล่นเซิร์ฟบอร์ด	โต้คลื่น
01949007-v	ขึ้นแท็กซี่	นั่งแท็กซี่
01949110-v	ขึ้นรถบัส	ขึ้นรถประจำทาง	ขึ้นรถเมล์	ขึ้นรถโดยสารประจำทาง	นั่งรถบัส	นั่งรถประจำทาง	นั่งรถเมล์	นั่งรถโดยสารประจำทาง
01950798-v	ขนส่ง	ขนส่งสินค้า	ส่งสินค้า
01951159-v	ขนส่งทางอากาศ	ส่ิงทางเครื่องบิน
01954340-n	อันดับอะพลาโคโฟรา	อันดับโซลีโนกาสตรีส
01955127-v	ส่งถีงผู้รับ	ส่งถึงผู้รับปลายทาง
01955933-n	หอยกาบคู่	หอยสองฝา
01955984-v	ขึ้นรถ	นั่ง	นั่งรถ	โดยสารรถ
01956708-v	นั่งรถกินลม	นั่งรถชมวิว	นั่งรถเล่น
01956955-v	นั่งรถโบก	โบกรถ
01957107-v	จอดรับ	รับ
01957403-v	ขี่คอ	ขึ้นบ่า	ขึ้นหลัง
01957529-v	ขี่	นั่ง
01958615-v	ขี่ม้า	ขึ้นหลังม้า
01962375-v	ตีกรรเชียง	ว่ายน้ำท่ากรรเชียง
01963942-v	กระโจน	กระโดด
01965156-v	ทำให้กระโดด	บังคับให้กระโดด
01966168-v	กระโดดข้าม	โดดข้าม
01968115-n	ชั้นเซฟาโลโปดา	เซฟาโลโปดา
01968275-v	กระโดดร่ม	ดิ่งพสุธา	เหินเวหา	โดดร่ม
01968352-a	ตอนกลางคืน	ที่เกิดขึ้นทุกคืน	ในตอนกลางคืน
01968721-a	ในทุกสองสัปดาห์	ในทุกสองอาทิตย์
01969038-a	ในทุกสองสัปดาห์	ในทุกสองอาทิตย์
01969150-a	รายปี	เป็นรายปี
01970646-v	ตก	ไม่ปรากฎเหนือเส้นขอบฟ้า	ไม่ปรากฏเหนือเส้นขอบฟ้า
01973486-v	คุกเข่า	ยอบตัว
01974062-v	ชู	ยก	ยกขึ้น
01976220-v	ดำน้ำ	มุดลงน้ำ
01977266-v	หล่นป๋อม	หล่อจ๋อม
01979901-v	แวะจอด	แวะพัก
01981036-v	นำลงสู่พื้น	ลงจอด	แลนดิ้ง
01982044-v	ตรง	ยืนตรง
01982686-v	ทำให้ตัวตรง	ยืนตัวตรง
01982866-v	ตั้งขึ้น	ทำให้ตั้งขึ้น	ยกให้ตั้งขึ้น
01983006-v	ชูขึ้น	ยกขึ้น
01983771-v	เปลี่ยนท่วงท่า	เปลี่ยนท่า	เปลี่ยนท่าทาง	เปลี่ยนอิริยาบถ
01984902-v	นั่ง	นั่งเก้าอี้
01985029-v	นอน	นอนลง	เอนตัว	เอนหลัง
01985271-v	นอนเหยียดกาย	นอนเหยียดยาว
01986185-v	ตกตะกอน	นอนก้น
01986715-v	ตกตะกอน	ตกตะกอนนอนก้น
01987160-v	จัดตามตำแหน่ง	จัดวาง	จัดโพสิชัน	ทำให้อยู่ในตำแหน่ง
01987493-v	จัดเป็นสี่เหลี่ยม	จัดให้เป็นสี่เหลี่ยม
01989053-v	ถล่ม	ทรุด	ทลาย	พังทลาย	ยุบตัว
01989562-v	ทำให้ระเบิด	ทำให้แตก
01990653-a	มั่นคง	แน่วแน่
01994442-v	ดึงกลับ	ล่าถอย
01996735-v	เคลื่อนขบวน	เดินขบวน	เดินแถว
01997020-v	เคลื่อนขบวนกลับ	เดินขบวนกลับ
01997680-v	ถอย	ถอยหลัง
01998125-v	ขับรถจี้ตูด	ขับรถจี้ท้าย	ขับรถจ่อท้าย
01998432-v	ตาม	ติดตาม
02002720-v	ขับ	ขับไล่
02003601-v	ตามรอย	ตามล่า	ติดตาม
02004874-v	กลับ	เดินทางกลับ
02008066-v	ถึงจุดยอด	ถึงจุดสูงสุด
02010728-n	นกยางกลางคืนหัวดำ	นกแขวก
02011685-v	ชักช้า	ชักช้าร่ำไร	เถลไถล	โอ้เ้อ้
02011943-n	นกบิตเทิร์นยุโรป	นกยูโรเปียนบิตเทิร์น
02012849-n	กระสา	นกกระสา
02014553-v	ทยาน	พุ่งทะยาน
02014863-v	รวดเร็วเหมือนไฟลุก	เร็วเหมือนไฟลุก
02015384-v	มาถึงชานชลา	เข้าเทียบชานชลา
02016358-n	นกกัลลินูล	นกวอเตอร์เฮน
02016523-v	เข้ามา	เข้าไปใน
02018524-v	บุกรุก	เข้ามาโดยไม่ได้รับเชิญ
02019011-v	เข้ามาโดยไม่ได้รับเชิญ	เข้าแบบไม่ได้่รับเชิญ
02019021-a	ที่มีจังหวะ	ที่มีริทึ่ม
02019282-v	ชน	พุ่งชน
02020590-v	ถึง	มาถึง	ไปถึง
02021050-a	ที่ไม่มีจังหวะ	ที่ไม่มีริทึ่ม
02021149-v	ขี้นถึงยอด	ถึงยอดสุด
02021532-v	มาถึงทันเวลา	มาทันเวลา	ไปถึงทันเวลา
02021905-a	มั่งคั่ง	มั่งมี	รวย	ร่ำรวย
02022659-v	ตกรถ	พลาดรถ	ไม่ทันรถ
02022953-a	จน	ยากจน	ยากไร้
02026868-v	เป็นบอดี้การ์ด	เป็นผู้คุ้มกัน	เป็นองครักษ์
02030793-a	ปีกขวา	ฝ่ายขวา
02031158-v	ทำให้แยกออกมา	แยก
02031335-a	ปีกซ้าย	ฝ่ายซ้าย
02033208-n	นกหลังเทา	นกเกรย์แบ็ค
02034248-a	ที่คล้ายเขากวาง	ที่เหมือนเขากวาง
02034671-v	ดัดให้โค้ง	ทำให้โค้ง
02035315-v	ครอบ	เป็นรูปโค้งเหนือ
02035559-v	ทำหลังโก่ง	โค้งตัว
02035919-v	งอ	ทำให้โค้ง	โค้ง
02036650-v	จัดแถว	จัดให้เป็นแถว
02039013-v	ทำให้เอน	พิง	เอน
02040273-v	คำนับ	ถวายคำนับ	โค้ง	โค้งคำนับ
02040934-v	ก้มกราบ	คุกเข่าสักการะ
02041229-a	ซึ่งเป็นทรงกลม	ทรงกลม
02041807-a	ซึ่งเป็นรูปหยดน้ำ	ซึ่งเป็นรูปหลอดไฟ
02041877-v	ถล่ม	ทลาย	พังทลาย
02042672-v	ถ่ายเทอากาศ	ระบายลม	ระบายอากาศ
02045144-a	ซึ่งเป็นรูปใบหู	ที่เหมือนใบหู
02046075-v	บังคับทิศทาง	เปลี่ยนทิศทาง
02046199-a	รูปวงรี	รูปไข่
02048051-v	ควง	หมุน
02048682-v	ส่ายสะโพก	ส่ายเอว
02048891-v	บิด	หมุน
02049428-a	ที่มีสามมุม	สามเหลี่ยม
02049918-a	ที่มีรูปทรงฟักทอง	รูปฟักทอง
02050452-a	ชนบท	บ้านนอก
02050841-a	เกษตร	เกษตรกรรม
02051444-v	กลับมาจุดเริ่มต้น	วนมาที่เดิม
02054989-v	กาง	ยืด	ยืดออก
02055649-v	ว่องไว	เคลื่อนไหวอย่างรวดเร็ว
02055803-n	นกเพนกวิน	เพนกวิน
02056265-a	ทางจิตวิญญาณ	ทางศาสนา
02056728-n	นกเพนกวินจักรพรรดิ	เพนกวินจักรพรรดิ
02057499-v	กินเลน	ขับกินเลน
02058049-v	ขับรถให้	ขับไปส่ง
02059916-v	ตามไปช้า	ตามไปช้าๆ
02061069-v	ผงะ	สะดุ้ง	เลี่ยง
02062209-n	อันดับซีตาซี	อันดับวาฬและโลมา
02062632-v	ก้ม	ก้มตัว	ค้อมตัว
02062744-n	ปลาวาฬ	วาฬ
02063309-v	งอตัว	ทำตัวงอ
02063610-v	นอนหมอบ	หมอบ
02063662-n	ปลาวาฬไรท์	วาฬไรท์
02064000-n	ปลาวาฬหัวบาตร	วาฬหัวบาตร
02064154-n	วงศ์ปลาวาฬแกลบ	วงศ์วาฬแกลบ
02064745-a	ต่าง	แตกต่าง
02064816-n	ปลาวาฬสีน้ำเงิน	วาฬสีน้ำเงิน
02065726-n	ปลาวาฬหลังค่อม	วาฬหลังค่อม
02066245-n	ปลาวาฬสีเทา	วาฬสีเทา
02066304-v	ออกนอกเส้นทาง	ไปตามเส้นทาง
02066707-n	ปลาวาฬที่มีฟัน	วาฬที่มีฟัน
02068413-v	ทะลัก	พุ่ง
02069271-n	สกุลเดลฟินัส	สกุลโลมาทะเล
02070466-v	หลั่งไหล	ไหล
02070874-v	หยด	ไหลเป็นหยด
02071294-n	ปลาวาฬเพชฌฆาต	หมาป่าแห่งท้องทะเล	ออร์กา
02071506-n	สกุลโกลบิเซอฟาลา	สกุลโลมาหัวกลม
02071627-v	ซึม	ไหลซึม
02072159-v	ล้น	ไหลล้น
02072849-v	ผ่านไป	ล่วงเลย
02073041-n	อันดับซิรีเนีย	อันดับพะยูน
02073233-v	แหกกรงขัง	แหกคุก	แหกตาราง
02073250-n	ปลาพะยูน	พะยูน	หมูน้ำ
02073443-a	ซึ่งมีจิตปกติ	ปกติ
02074092-a	ซึ่งวิกลจริต	ที่มีจิตฟั่นเฟือน	สติฟั่นเฟือน
02074377-v	หลบหนี	หลีกเลี่ยง
02074677-v	หลบหนี	หลบหนีจากที่คุมขัง
02075049-v	วิ่งหนี	เผ่นหนี
02075764-v	วิ่งโกยอ้าว	วิ่งไม่คิดชีวิต	โกย	ใส่ตีนหมา	ใส่เกียร์หมา
02077656-v	ยื่น	ส่ง
02079933-v	นำ	เป็นตัวนำ
02080577-a	ที่ให้ความพอใจ	น่าพอใจ
02081114-a	โอ	โอเค
02081571-n	วอลรัส	สิงโตทะเล
02081946-v	ถลึง	นูน
02083672-n	สุนัขตัวเมีย	สุนัขเพศเมีย
02083780-n	สุนัขแม่พันธุ์	แม่พันธุ์สุนัข
02084071-n	สุนัข	หมา	หมาบ้าน
02084732-n	น้องหมา	เจ้าตูบ	เจ้าโฮ่ง	ไอ้โฮ่ง
02084861-n	สุนัขกลายพันธุ์	หมาวัด
02085374-n	ทอย	สุนัขทอย	สุนัขพันธุ์เล็ก
02085620-n	ชิวาวา	สุนัขพันธุ์ชิวาวา
02085782-n	สุนัขพันธุ์เจแปนิสสเปเนียล	เจแปนิสสเปเนียล
02085936-n	มอลทีส	มอลทีสเทอร์เรียร์	สุนัขพันธุ์มอลทีส
02086079-n	ปักกิ่ง	สุนัขพันธุ์ปักกิ่ง
02086240-n	ชิสุ	สุนัขพันธุ์ชิสุ
02086346-n	ทอยสเปเนียล	สุนัขพันธุ์ทอยสเปเนียล
02086458-v	พา	ยก
02086478-n	สุนัขพันธุ์อิงลิชทอยสเปเนียล	อิงลิชทอยสเปเนียล
02086646-n	สุนัขพันธุ์เบลนเฮมสเปเนียล	เบลนเฮมสเปเนียล
02086753-n	คิงชาร์ลส์สเปเนียล	สุนัขพันธุ์คิงชาร์ลส์สเปเนียล
02086910-n	ปาปิลลอน	สุนัขพันธุ์ปาปิลลอน
02087046-n	ทอยเทอร์เรีย	สุนัขพันธุ์ทอยเทอร์เรีย
02087122-n	สุนัขล่าเนื้อ	หมาล่าเนื้อ
02087314-n	สุนัขที่ถูกฝึก	สุนัขที่ผ่านการฝึก	สุนัขที่ได้รับการฝึก
02087394-n	สุนัขพันธุ์โรเดเซียนริดจ์แบ็ก	โรเดเซียนริดจ์แบ็ก
02087551-n	สุนัขพันธุ์ฮาวด์	ฮาวด์
02088094-n	สุนัขพันธุ์อัฟกัน	สุนัขพันธุ์อัฟกันเฮานด์	อัฟกันเฮานด์
02088238-n	บาสเซตเฮานด์	สุนัขพันธุ์บาสเซตเฮานด์
02088364-n	บีเกิล	สุนัขพันธุ์บีเกิล
02088466-n	บลัดเฮานด์	สุนัขพันธุ์บลัดเฮานด์
02088627-v	ชนโครม	พุ่งชน
02088632-n	บลูติก	สุนัขพันธุ์บลูติก
02088745-n	สุนัขพันธุ์โบร์เฮานด์	โบร์เฮานด์
02088839-n	คูนเฮานด์	สุนัขพันธุ์คูนเฮานด์
02088992-n	สุนัขล่าแร็กคูน	หมาล่าแร็กคูน
02089555-n	ฟอกซ์เฮานด์	สุนัขพันธุ์ฟอกซ์เฮานด์
02089867-n	วอล์เกอร์เฮานด์	สุนัขพันธุ์วอล์เกอร์เฮานด์
02089973-n	สุนัขพันธุ์อิงลิชฟอกซ์เฮานด์	อิงลิชฟอกซ์เฮานด์
02090129-n	สุนัขพันธุ์แฮร์ริเออร์	แฮร์ริเออร์
02090253-n	พลอตเฮานด์	สุนัขพันธุ์พลอตเฮานด์
02090379-n	สุนัขพันธุ์เรดโบน	เรดโบน
02090827-n	สุนัขพันธุ์เกรย์ฮาวด์	เกรย์ฮาวด์
02091165-v	ก้าวย่าง	ก้าวเดิน
02091467-n	สุนัขพันธุ์นอร์เวเจียนเอลก์ฮาวด์	เอลก์ฮาวด์
02091689-v	ก้าว	ก้าวเท้า	ย่างเท้า
02091831-n	ซาลูกิ	สุนัขพันธุ์ซาลูกิ
02092173-n	สุนัขพันธุ์สเตกเฮานด์	สเตกเฮานด์
02092339-n	สุนัขพันธุ์ไวย์มาราเนอร์	ไวย์มาราเนอร์
02093390-v	กระพือปีก	ขยับ	ตีปีก
02093610-v	กระพือปีก	ขยับปีก	ตีปีก
02094569-v	ดัน	ยัด
02094922-v	กระโดดข้าม	โดดข้าม
02098458-v	ดัดเป็นลอน	ทำเป็นลอน
02099075-v	กระโดดโลดเต้น	เต้น
02099239-v	คว้า	ฉวย
02100877-n	สุนัขพันธุ์เรดเซตเตอร์	สุนัขพันธุ์ไอริชเซตเตอร์
02101649-v	ชก	ต่อย	เหวี่ยงกำปั้น	เหวี่ยงหมัด
02102398-v	ขี่	นั่ง
02103181-n	สุนัขพันธุ์กริฟฟอนขนหยาบ	สุนัขพันธ์กริฟฟอน
02103451-v	เดินด้วยรองเท้าลุยหิมะ	เดินลุยหิมะ
02103841-n	สุนัขเฝ้ายาม	หมาเฝ้ายาม
02104029-n	คูเวซ	สุนัขพันธุ์คูเวซ
02104161-v	ทุบ	โขก
02104280-n	สุนัขเฝ้าบ้าน	หมาเฝ้าบ้าน
02105082-v	กระโดด	กระโดดลง	ทิ้งตัว	โดด	โดดลง
02105340-v	ยกด้วยสลิง	ใช้สลิงยก
02105453-v	ห้อย	แขวนเชือก
02105657-v	เลื้อยขึ้น	ไต่ขึ้น
02106506-v	รับรู้	รู้
02106509-a	ขี้โมโห	ที่โกรธง่าย
02106966-n	พินเชอร์	สุนัขพันธุ์พินเชอร์
02107442-v	ได้ข่าว	ได้ข่าวคราว
02108026-v	รู้สึก	เกิด
02109150-n	สุนัขจูงคนตาบอด	สุนัขนำทาง
02109961-n	สุนัขพันธุ์ฮัสกี้	สุนัขลากเลื่อน	สุนัขเอสกิโม
02110220-v	ผ่าน	ผ่านประสบการณ์
02110341-n	ดัลเมเชียน	สุนัขพันธุ์ดัลเมเชียน
02110806-n	บาเซนจิ	สุนัขพันธุ์บาเซนจิ
02110958-n	ปั๊ก	สุนัขพันธุ์ปั๊ก	หมาพันธุ์ปั๊ก
02111129-n	ลีออนเบิร์ก	สุนัขพันธุ์ลีออนเิบิร์ก
02111277-n	นิวฟันด์แลนด์	สุนัขพันธุ์นิวฟันด์แลนด์
02111500-n	สุนัขพันธุ์เกรตไพรีนีส	เกรตไพรีนีส
02111626-n	สปิตส์	สุนัขพันธุ์สปิตส์
02111889-n	ซาโมเยด	สุนัขพันธุ์ซาโมเยด
02112018-n	ปอมเมอเรเนียน	สุนัขพันธุ์ปอมเมอเรเนียน
02112137-n	สุนัขพันธุ์เชาเชา	เชาเชา
02112497-n	สุนัขพันธุ์เบลเยียมกริฟฟอน	สุนัขพันธ์กริฟฟอน
02112546-v	ตาก	ตากแดด
02112826-n	คอร์กี้	สุนัขพันธุ์คอร์กี้	สุนัขพันธุ์เวลช์คอร์กี้
02112891-v	ผึ่ง	ผึ่งลม
02113023-n	สุนัขพันธุ์เพมโบรก	สุนัขพันธุ์เพมโบรกเวลช์คอร์กี้	เพมโบรก
02113186-n	คาร์ดิกัน	สุนัขพันธุ์คาร์ดิกัน	สุนัขพันธุ์คาร์ดิกันเวลช์คอร์กิ
02113335-n	พุดเดิ้ล	สุนัขพันธุ์พุดเดิ้ล	หมาพันธุ์พุดเดิ้ล
02113430-v	โดนแสง	ได้รับแสง
02113622-v	โดนแสงมาก	ได้รับแสงมาก
02113850-v	ทำให้โดนแสง	ทำให้ได้รับแสง
02113978-n	สุนัขพันธุ์เม็กซิกันแฮร์เลส	เม็กซิกันแฮร์เลส
02114100-n	วูลฟ์	สุนัขป่า	หมาป่า
02114228-v	โดนแสงน้อย	ได้รับแสงน้อย
02114367-n	สุนัขป่าเทา	หมาป่าเทา
02114548-n	สุนัขป่าขาว	สุนัขป่าอาร์กติก	หมาป่าขาว	หมาป่าอาร์กติก
02114712-n	สุนัขป่าแดง	หมาป่าแดง
02115096-n	หมาจิ้งจอก	หมาไน
02115641-n	ดิงโก	หมาดิงโก
02116118-v	กระตุ้นความรู้สึก	ปลุกเร้า	เร้า	เร้าความรู้สึก
02116738-n	หมาป่าไฮยีนา	ไฮยีนา
02116777-v	ขนลุก	ขนหัวลุก
02117135-n	หมาป่าไฮยีน่า	ไฮยีน่า
02117170-v	ดูด	อม	เลีย	โม้ก
02118242-v	ทรงพระสุบิน	ทรงสุบิน	ฝัน
02118333-n	จิ้งจอก	สุนัขจิ้งจอก	หมาจิ้งจอก
02118379-a	จริงจัง	ซีเรียส
02118643-n	จิ้งจอกตัวเมีย	จิ้งจอกเพศเมีย	สุนัขจิ้งจอกตัวเมีย	สุนัขจิ้งจอกเพศเมีย	หมาจิ้งจอกตัวเมีย	หมาจิ้งจอกเพศเมีย
02120079-n	จิ้งจอกขาว	สุนัขจิ้งจอกขั้วโลกเหนือ	สุนัขจิ้งจอกขาว	สุนัขจิ้งจอกอาร์กติก
02121048-v	ปวดแสบปวดร้อน	แสบร้อน
02121188-v	คัน	มีอาการคัน	ระคายเคือง
02121234-n	สกุลฟีลิส	สกุลแมว
02121511-v	ปวด	รู้สึกปวด	รู้สึกเจ็บ	เจ็บ
02121808-n	แมว	แมวบ้าน
02121958-v	หิว	หิวโหย	อยากกิน
02122060-v	กระหาย	คอแห้ง
02122298-n	เจ้าเหมียว	แมวเหมียว
02123597-n	เเมวสีสวาท	แมวไทย
02123672-v	มีกลิ่น	ส่งกลิ่น	โชยกลิ่น
02124332-v	มีกลิ่นเหม็น	เหม็น
02124748-v	ดม	ดมกลิ่น
02125032-v	สูด	สูดดม
02125311-n	สิงโตภูเขา	เสือพูม่า	เสือภูเขา
02125641-v	ทำให้มีกลิ่น	ส่งกลิ่น
02126022-v	ทำให้มีกลิ่นเหม็น	ส่งกลิ่นเหม็น
02126382-v	ทำให้มีกลิ่นหอม	ทำให้หอม	ส่งกลิ่นหอม	เติมกลิ่นหอม
02126686-v	จุดธูปเทียน	เผากำยาน
02127678-n	ลีนซ์ทะเลทราย	ลีนซ์แคราเคิล	แมวแคราเคิล
02127693-a	ซึ่งไม่มีสัญชาติ	ซึ่งไร้สัญชาติ
02127815-a	ที่ย้ายถิ่นฐาน	ที่อพยพ
02128120-n	สกุลเสือโคร่ง	สกุลแพนเทอรา
02129165-n	สิงโต	เจ้าป่า
02129604-n	เสือ	เสือโคร่ง
02130308-n	ชีต้า	เสือชีตาฮ์	เสือชีต้า
02131072-a	ซึ่งเร้าความรู้สึกทางเพศ	ซึ่งเร้าอารมณ์ทางเพศ	เซ็กซี่	เอ็กซ์
02131942-n	สกุลหมี	สกุลเออร์ซัส
02132224-a	ทะลึ่ง	สองแง่สามง่าม
02132420-v	มองดูรอบๆ	มองดูให้ทั่ว
02134084-n	หมีขั้วโลก	หมีขาว
02134397-a	ผู้ใหญ่	ลามก	ลามกอนาจาร	โป๊
02134672-v	ดูเหมือน	ดูเหมือนว่า
02135213-a	ซึ่งไม่มีความต้องการทางเพศ	ซึ่งไม่มีอารมณ์ทางเพศ
02137132-v	แสดงให้เห็น	โชว์
02138921-n	อันดับคีรอปทีรา	อันดับค้างคาว
02142775-v	เป็นแบบ	โพสท่า
02143283-v	เผย	เผยให้เห็น
02145271-v	ซ่อนเร้น	เก็บซ่อน
02145543-v	กั้น	บัง
02145598-a	ซึ่งเป็นรูปบูท	ซึ่งเป็นรูปรองเท้าบูท
02145814-v	ซ่อน	ซ่อนตัว	หลบซ่อน	เร้นกาย
02146175-v	ลักลอบโดยสาร	แอบขึ้น
02147603-v	ซ่อน	ปิดบัง	ใส่หน้ากาก
02148277-a	ซึ่งเป็นรูปปาก	ซึ่งเป็นรูปริมฝีปาก
02148369-v	ปกปิด	ปิดบัง
02148512-n	ค้างคาวลายจุด	ค้างคาวแจ็คแอส
02148604-v	ซ่อนความรู้สึก	เก็บความรู้สึก
02150039-v	ชันสูตรพลิกศพ	ชันสูตรศพ
02150948-v	ชม	ดู
02152504-v	ตรวจอย่างละเอียด	สแกน
02152740-n	ผู้ล่า	สัตว์นักล่า
02152991-n	สัตว์ที่ถูกล่า	สัตว์ที่ล่าได้
02153253-v	พินิจพิเคราะห์	ศึกษาอย่างใกล้ชิด
02153445-n	ตีน	เท้าสัตว์
02153709-v	ค้นหา	มองหา	หา	เสาะหา
02154031-v	หาคู่นอน	หาผู้หญิง
02154312-v	สังเกตเห็น	เหลือบเห็น
02154334-a	ซึ่งไว้หนวด	ที่มีหนวด
02154508-v	ค้นพบ	พบ
02154620-n	ตีนพังผืด	เท้าพังผืด
02156546-v	หาย	อันตธาน
02156963-v	หายวับ	หายวับไปกับตา
02158066-n	หาง	หางสั้น
02158340-v	บด	บดบัง
02158587-v	จำแลง	ปลอมตัว
02158896-v	พรางตัว	พรางตา
02159293-a	ตาบอด	ตาบอดตาใส
02159890-v	เปล่งประกาย	เป็นประกาย
02159955-n	แมง	แมลง
02160552-v	ทอแสง	สาดแสง	เปล่งรัศมี	เปล่งแสง	แผ่รังสี
02160779-v	กระพริบแสง	เปล่งแสงระยิบระยับ
02164464-n	ด้วง	แมลงปีกแข็ง
02164531-v	จ้องตาถลน	ตาค้าง	ตาเบิกโพลง
02167571-v	ค้นหา	ลาดตระเวน
02168194-v	ทำให้ตาบอด	ทำให้บอด
02168555-v	ทำให้มองไม่เห็น	ทำให้ไม่เห็น
02169359-a	ปาน	มน
02169702-v	ฟัง	สดับ	สดับตรับฟัง	ได้ยิน	ได้ยินได้ฟัง
02171039-v	ตั้งใจฟัง	ฟัง	ฟังอย่างตั้งใจ
02171322-v	หูผึ่ง	เงี่ยหู	เงี่ยหูฟัง
02171724-a	มีสองพู	มีสองหยัก
02171938-a	ที่แบ่งเป็นสองส่วน	หยักลึกเป็นสองแฉก
02172127-v	ทำเสียงอึกทึก	ทำให้เกิดเสียงอึกทึก
02172851-a	เป็นพู	เป็นแฉก
02173125-a	รูปฝ่ามือ	แบบนิ้วมือ
02175958-v	ก้อง	สะท้อนเสียง
02176268-v	ทำให้เกิดเสียง	ส่งเสียง
02180486-a	ทั้งหัวใจ	เต็มใจ
02183175-v	ส่งเสียงดัง	ส่งเสียงหวูด	แผดเสียง	แผดเสียงก้อง
02183353-n	อันดับเอมไบออปทีรา	อันดับเอมไบโอดี
02183857-n	หมัด	เห็บ
02184270-n	สกุลพีดิคูลัส	เหา
02184394-v	ส่งเสียงดังสะท้อน	ส่งเสียงสะท้อน	ส่งเสียงสะท้อนกลับ
02184720-n	เหา	เหาคน
02186132-a	ศูนย์	๐
02186338-a	1	หนึ่ง	๑
02186470-a	2	สอง	๒
02186580-a	3	สาม	๓
02186665-a	4	สี่	๔
02186750-a	5	ห้า	๕
02186833-a	6	หก	๖
02186970-a	7	เจ็ด	๗
02187041-v	ทำเสียงฮัม	ฮัม
02187073-a	8	แปด	๘
02187161-a	9	เก้า	๙
02187296-a	10	สิบ	๑๐
02187379-a	11	สิบเอ็ด	๑๑
02187465-a	12	สิบสอง	หนึ่งโหล	๑๒
02187606-a	13	สิบสาม	๑๓
02187699-a	14	สิบสี่	๑๔
02187793-a	15	สิบห้า	๑๕
02187903-a	16	สิบหก	๑๖
02187995-a	17	สิบเจ็ด	๑๗
02188108-a	18	สิบแปด	๑๘
02188205-a	19	สิบเก้า	๑๙
02188317-a	20	ยี่สิบ	๒๐
02188431-a	21	ยี่สิบเอ็ด	๒๑
02188525-a	22	ยี่สิบสอง	๒๒
02188587-v	คราง	ทำเสียงหวือ
02188620-a	23	ยี่สิบสาม	๒๓
02188720-a	24	ยี่สิบสี่	๒๔
02188817-a	25	ยี่สิบห้า	๒๕
02188913-a	26	ยี่สิบหก	๒๖
02189008-a	27	ยี่สิบเจ็ด	๒๗
02189108-a	28	ยี่สิบแปด	๒๘
02189168-v	แอบได้ยิน	ได้ยินโดยบังเอิญ
02189209-a	29	ยี่สิบเก้า	๒๙
02189306-a	30	สามสิบ	๓๐
02189396-a	31	สามสิบเอ็ด	๓๑
02189491-a	32	สามสิบสอง	๓๒
02189587-a	33	สามสิบสาม	๓๓
02189688-a	34	สามสิบสี่	๓๔
02189786-a	35	สามสิบห้า	๓๕
02189883-a	36	สามสิบหก	๓๖
02189979-a	37	สามสิบเจ็ด	๓๗
02190080-a	38	สามสิบแปด	๓๘
02190166-n	แมงวัน	แมลงวัน
02190182-a	39	สามสิบเก้า	๓๙
02190278-a	40	สี่สิบ	๔๐
02190377-a	41	สี่สิบเอ็ด	๔๑
02190469-a	42	สี่สิบสอง	๔๒
02190562-a	43	สี่สิบสาม	๔๓
02190632-v	ทำให้นุ่ม	นุ่มลง
02190660-a	44	สี่สิบสี่	๔๔
02190755-a	45	สี่สิบห้า	๔๕
02190849-a	46	สี่สิบหก	๔๖
02190942-a	47	สี่สิบเจ็ด	๔๗
02190943-v	ปิดปาก	อุดปาก
02191040-a	48	สี่สิบแปด	๔๘
02191139-a	49	สี่สิบเก้า	๔๙
02191232-a	50	ห้าสิบ	๕๐
02191336-a	51	ห้าสิบเอ็ด	๕๑
02191427-a	52	ห้าสิบสอง	๕๑
02191519-a	53	ห้าสิบสาม	๕๓
02191546-v	ชิม	ลิ้มรส
02191616-a	54	ห้าสิบสี่	๕๔
02191710-a	55	ห้าสิบห้า	๕๕
02191766-v	ชูรส	ปรุงรส	เพิ่มรส	เพิ่มรสชาติ
02191803-a	56	ห้าสิบหก
02191895-a	57	ห้าสิบเจ็ด	๕๗
02191992-a	58	ห้าสิบแปด	๕๘
02192090-a	59	ห้าสิบเก้า	๕๙
02192184-a	60	หกสิบ	๖๐
02192284-a	61	หกสิบเอ็ด	๖๑
02192376-a	62	หกสิบสอง	๖๒
02192469-a	63	หกสิบสาม	๖๓
02192567-a	64	หกสิบสี่	๖๔
02192662-a	65	หกสิบห้า	๖๕
02192756-a	66	หกสิบหก	๖๖
02192849-a	67	หกสิบเจ็ด	๖๗
02192947-a	68	หกสิบแปด	๖๘
02193046-a	69	หกสิบเก้า	๖๙
02193141-a	70	เจ็ดสิบ	๗๐
02193249-a	71	เจ็ดสิบเอ็ด	๗๑
02193346-a	72	เจ็ดสิบสอง	๗๒
02193444-a	73	เจ็ดสิบสาม	๗๓
02193547-a	74	เจ็ดสิบสี่	๗๔
02193647-a	75	เจ็ดสิบห้า	๗๕
02193746-a	76	เจ็ดสิบหก	๗๖
02193844-a	77	เจ็ดสิบเจ็ด	๗๗
02193947-a	78	เจ็ดสิบแปด	๗๘
02194051-a	79	เจ็ดสิบเก้า	๗๙
02194151-a	80	แปดสิบ	๘๐
02194255-a	81	แปดสิบเอ็ด	๘๑
02194351-a	82	แปดสิบสอง	๘๒
02194448-a	83	แปดสิบสาม	๘๓
02194550-a	84	แปดสิบสี่	๘๔
02194649-a	85	แปดสิบห้า	๘๕
02194747-a	86	แปดสิบหก	๘๖
02194844-a	87	แปดสิบเจ็ด	๘๗
02194946-a	88	แปดสิบแปด	๘๘
02195049-a	89	แปดสิบเก้า	๘๙
02195145-a	90	เก้าสิบ	๙๐
02195234-a	91	เก้าสิบเอ็ด	๙๑
02195328-a	92	เก้าสิบสอง	๙๒
02195423-a	93	เก้าสิบสาม	๙๓
02195523-a	94	เก้าสิบสี่	๙๔
02195620-a	95	เก้าสิบห้า	๙๕
02195716-a	96	เก้าสิบหก	๙๖
02195811-a	97	เก้าสิบเจ็ด	๙๗
02195911-a	98	เก้าสิบแปด	๙๘
02196012-a	99	เก้าสิบเก้า	๙๙
02196107-a	100	ร้อย	หนึ่งร้อย	๑๐๐
02196211-a	101	ร้อยเอ็ด	หนึ่งร้อยหนึ่ง	หนึ่งร้อยเอ็ด	๑๐๑
02196333-a	105	หนึ่งร้อยห้า	๑๐๕
02196439-a	110	หนึ่งร้อยสิบ	๑๑๐
02196543-a	115	หนึ่งร้อยสิบห้า	๑๑๕
02196657-a	120	หนึ่งร้อยยี่สิบ	๑๒๐
02196690-v	ทำให้มีรสเปรี้ยว	ทำให้เปรี้ยว
02196769-a	125	หนึ่งร้อยยี่สิบห้า	๑๒๕
02196891-a	130	หนึ่งร้อยสามสิบ	๑๓๐
02196948-v	เปลี่ยนรสชาติ	เปลี่ยนรสนิยม
02197007-a	135	หนึ่งร้อยสามสิบห้า	๑๓๕
02197130-a	140	หนึ่งร้อยสี่สิบ	๑๔๐
02197244-a	145	หนึ่งร้อยสี่สิบห้า	๑๔๕
02197360-v	ถึงจุดสุดยอด	เสร็จ
02197364-a	150	หนึ่งร้อยห้าสิบ	๑๕๐
02197476-a	155	หนึ่งร้อยห้าสิบห้า	๑๕๕
02197595-a	160	หนึ่งร้อยหกสิบ	๑๖๐
02197689-n	แมลงวี่	แมลงหวี่
02197708-a	165	๑๖๕
02197828-a	170	หนึ่งร้อยเจ็ดสิบ	๑๗๐
02197944-a	175	หนึ่งร้อยเจ็ดสิบห้า	๑๗๕
02198069-a	180	หนึ่งร้อยแปดสิบ	๑๘๐
02198187-a	190	หนึ่งร้อยเก้าสิบ	๑๙๐
02198302-a	200	สองร้อย	๒๐๐
02198409-a	300	สามร้อย	๓๐๐
02198520-a	400	สี่ร้อย	๔๐๐
02198631-a	500	ห้าร้อย	๕๐๐
02198752-a	1000	พัน	หนึ่งพัน	๑๐๐๐
02198891-a	หนึ่งหมื่น	หมื่น
02198973-v	มองทะลุ	เข้าใจทะลุปรุโปร่ง
02199005-a	หนึ่งแสน	แสน
02199307-v	เล็ง	เล็งเป้า
02199590-v	มอบ	มอบให้	ให้
02199919-a	ซึ่งมีจำนวนนับไม่ถ้วน	นับไม่ถ้วน
02200498-v	ทิ้ง	ฝาก
02200686-v	มอบของขวัญ	ให้ของขวัญ
02201644-v	แจก	แจกจ่าย
02202047-a	ที่หนึ่ง	แรก
02202133-v	ติป	ทิป	ให้ทิป
02202384-v	คงไว้	รักษาไว้	เก็บไว้
02202928-v	ดูแล	เฝ้า
02203168-v	ซื้อทิ้งไว้	ซื้อเก็บไว้
02203844-v	ตุน	เก็บอาหาร
02204692-v	มี	เป็นเจ้าของ
02205098-v	มีเหลือ	เหลือ
02205272-v	รับ	เอา
02205673-n	คุ่น	ริ้นดำ
02205887-v	ได้คืน	ได้รับคืน
02206014-v	ได้มาโดยบังเอิญ	ได้รับโดยบังเอิญ
02208409-v	ขาย	ขายโละ
02208848-n	ผึ้งดำ	ผึ้งเยอรมัน
02209111-n	ผึ้งพันธุ์อิตาเลียน	ผึ้งอิตาเลียน
02209551-a	ที่หนึ่งร้อยหนึ่ง	ที่หนึ่งร้อยเอ็ด
02210119-v	รับ	ได้	ได้รับ
02210855-v	ได้	ได้รับ
02211948-v	ได้	ได้รับ
02212062-n	ตัวต่อ	ต่อ
02213270-a	ที่เขียนเป็นบทละคร	ที่เขียนเป็นสคริปต์
02213543-n	ตัวต่อ	ต่อ
02215966-v	ลงทุนในหลักทรัพย์ของรัฐบาล	ลงทุนในหลักประกันของรัฐบาล
02216083-v	มอบทุน	ให้ทุน
02218443-v	รวบรวมผลกำไร	เก็บรวบรวมกำไร
02218635-v	รวบรวมทุน	สะสมทุน
02221959-v	เปลี่ยนมือ	เปลี่ยนเจ้าของ
02222318-v	ขว้าง	เขวี้ยง	โยน
02222578-a	ที่ขนาดเท่าแอปเปิ้ล	ที่มีขนาดเท่าผลแอปเปิ้ล	ที่มีขนาดเท่าลูกแอปเปิ้ล	ที่มีขนาดเท่าแอปเปิ้ล
02222675-a	ที่ขนาดเท่าเชอร์รี่	ที่มีขนาดเท่าผลเชอร์รี่	ที่มีขนาดเท่าลูกเชอร์รี่	ที่มีขนาดเท่าเชอร์รี่
02222773-a	ที่ขนาดเท่าคุกกี้	ที่มีขนาดเท่าคุกกี้
02222871-a	ที่ขนาดเท่าอีกา	ที่ตัวเท่าอีกา	ที่มีขนาดเท่าอีกา
02222965-a	ที่ขนาดเท่าสุนัข	ที่ตัวเท่าสุนัข	ที่มีขนาดเท่าสุนัข
02223361-a	ที่ขนาดเท่าองุ่น	ที่มีขนาดเท่าผลองุ่น	ที่มีขนาดเท่าลูกองุ่น	ที่มีขนาดเท่าองุ่น
02223457-a	ที่ขนาดเท่ามนุษย์	ที่ตัวเท่ามนุษย์	ที่มีขนาดเท่ามนุษย์
02223559-a	ที่ขนาดเท่าลูกกีวี	ที่มีขนาดเท่าผลกีวี	ที่มีขนาดเท่าลูกกีวี
02223659-a	ที่ขนาดปานกลาง	ที่มีขนาดกลาง	ที่มีขนาดปานกลาง
02223785-a	ที่ขนาดเท่าหนู	ที่ตัวเท่าหนู	ที่มีขนาดเท่าหนู
02223977-a	ที่ขนาดเท่าผลส้ม	ที่มีขนาดเท่าผลส้ม	ที่มีขนาดเท่าส้ม
02224076-a	ที่ขนาดเท่าสุกร	ที่ตัวเท่าสุกร	ที่ตัวเท่าหมู	ที่มีขนาดเท่าสุกร	ที่มีขนาดเท่าหมู
02224168-a	ที่ขนาดเท่ากระต่าย	ที่ตัวเท่ากระต่าย	ที่มีขนาดเท่ากระต่าย
02224588-a	ที่ขนาดเท่านกกระจอก	ที่ตัวเท่านกกระจอก	ที่มีขนาดเท่านกกระจอก
02224688-a	ที่ขนาดเท่ากระรอก	ที่ตัวเท่ากระรอก	ที่มีขนาดกระรอก
02224879-a	ที่ขนาดเท่าไก่งวง	ที่ตัวเท่าไก่งวง	ที่มีขนาดเท่าไก่งวง
02224977-a	ที่ขนาดเท่าหมาป่า	ที่ตัวเท่าหมาป่า	ที่มีขนาดเท่าหมาป่า
02226013-v	ติดตั้งเครื่องยนต์	ใส่เครื่องยนต์
02226162-a	ช่ำชอง	เชี่ยวชาญ
02226380-v	ทำระเบียง	ทำเฉลียง
02227487-v	ตัดความสัมพันธ์	เลิกคบหา
02228335-a	ซึ่งขาดทักษะ	ซึ่งไม่มีทักษะ
02229550-v	ตกตะลึง	ตกเป็นมรดก	เป็นมรดกถึง
02229828-v	ตกเป็นภาระ	ตกเป็นหน้าที่
02231473-v	ผ่านบอล	ส่ง	ส่งบอล
02231998-a	เหมือนกำมะหยี่	เหมือนผ้ากำมะหยี่
02232722-v	นำเข้า	รับ
02234485-a	ซึ่งไม่ปล่อยควัน	ที่ไม่มีควัน
02234673-a	ซึ่งปลอดควัน	ซึ่งไม่มีควัน
02234803-v	ปันส่วน	แจกจ่ายตามสัดส่วน
02238085-v	ได้	ได้มา	ได้รับ
02238462-a	ขรุขระ	ซึ่งไม่เรียบ
02238536-v	รับ	รับสินค้า
02241911-v	ขายของผิดกฎหมาย	ขายเกินราคา
02242464-v	ขาย	จำหน่าย
02244956-v	ขาย	ค้าขาย	ทำธุรกิจ
02245592-n	ลำดับย่อยโฮมอปทีรา	อันดับย่อยโฮมอปทีรา
02245765-v	ติดต่อธุรกิจ	ทำธุรกรรม
02249293-v	ปิดเครื่องคอมพิวเตอร์	ลงบันทึกปิด	ลงบันทึกออก
02249741-v	ชดเชย	ตอบแทน
02250340-v	จ่ายก่อน	จ่ายล่วงหน้า
02250625-v	จ่ายเงินชดเชย	ให้เงินชดเชย
02251065-v	ทำประกัน	ทำประกันภัย	ประกันภัย
02251743-v	จ่าย	ชำระ	ออกเงิน	เสีย
02252226-n	เพลี้ย	เพลี้ยอ่อน
02253956-v	ติดค้าง	ติดหนี้	เป็นหนี้
02254155-v	ค้างชำระ	เป็นหนี้
02256082-a	ซึ่งไร้เมล็ด	ที่ไม่มีเมล็ด	ไร้เมล็ด
02256109-v	หวงแหน	ให้คุณค่า
02256998-v	จ่ายเงินค่าไถ่	ไถ่ตัว
02257038-a	ที่ไม่มีแขน	ที่ไร้แขน
02260035-a	ที่เป็นของแข็ง	แข็ง
02262449-n	แมงเม่า	แมลงเม่า
02262601-v	จ่ายบำนาญ	จ่ายเบี้ยบำนาญ	ให้เงินบำนาญ
02267060-v	จ่าย	ใช้
02267529-v	ใช้จ่ายเงิน	ใช้เงิน	ใช้เงินเกลี้ยง
02267727-v	ใช้จ่ายเกินรายได้	ใช้เงินเกินรายได้
02268881-v	ถลุงเงิน	ผลาญเงิน
02269143-v	มัธยัสถ์	สงวน
02270404-v	ขอ	เกาะ
02271137-v	ทุ่ม	ลงทุน
02271437-a	ที่ผ่านโลกมามาก	ที่อาบน้ำร้อนมาก่อน	ที่เข้าใจโลก
02272670-a	บริสุทธิ์	อินโนเซนต์	อ่อนต่อโลก	ใสซื่อ	ไร้เดียงสา
02273293-v	ยึด	อายัด
02276866-v	กวาดทรัพย์สิน	ขโมย	ลัก	เชิด
02277303-v	ขโมยของในร้าน	จิ๊กของในร้าน
02277663-v	จี้	จี้ชิงทรัพย์	จี้ปล้น
02278061-v	ไม่อ้างอิง	ไม่อ้างอิงแหล่งที่มา
02280132-v	อนุรักษ์	เก็บรักษา
02281093-v	ตุน	เก็บ	เก็บเอาไว้ใช้
02282365-v	ร้านในคลังสินค้า	เก็บในโกดัง
02284096-v	จ่ายใต้โต๊ะ	ซื้อ	ติดสินบน
02284169-a	ซึ่งเป็นมุขปาฐะ	ที่บอกเล่าสืบต่อกันมา
02284951-v	คืน	จ่ายคืน
02286083-a	เสียงก้อง	โฆษะ
02286294-a	อโฆษะ	ไม่ก้อง
02288668-a	ที่มีพยางค์	ที่เป็นพยางค์
02289018-a	ที่มีพยางค์เดียว	ที่มีหนึ่งพยางค์
02292432-v	กรีดกระเป๋า	ล้วงกระเป๋า
02294179-v	แบ่ง	แบ่งปัน	แบ่งสรรปันส่วน	แบ่งเค้ก	แบ่งให้
02294436-v	จ่าย	แจก	แจกจ่าย
02295208-v	มีส่วนแบ่ง	แบ่ง	แบ่งกัน
02295550-v	ร่วม	แชร์
02296984-v	ให้สัญญาณจราจร	ให้สัญญาณไฟ	ให้สัญญาณไฟจราจร
02298632-v	ประกวดราคา	ประมูลราคา
02301825-v	มีหนี้สิน	รับ	รับภาระหนี้สิน	แบกรับหนี้สิน
02304507-v	ตกอยู่ภายใต้การครอบครอง	ตกอยู่เป็นเมืองขึ้น	ตกอยู่ในมือ
02304648-v	ฉวย	หยิบฉวย
02305856-v	กักตุน	กักเก็บ	ซ่อน	ตุน
02310007-v	คืน	ให้คืน
02310157-v	ส่งกลับ	ส่งคืน
02310328-v	ส่งคืน	ให้คืน
02310855-v	ฝาก	ฝากธนาคาร	ฝากเงิน	ฝากแบงค์
02311387-v	ถอน	เบิก
02312186-v	เบิกเกิน	เบิกเกินบัญชี
02315277-v	กำพร้า	ไม่มีพ่อมีแม่	ไม่มีพ่อแม่
02316707-n	สัตว์พวกผิวหนาม	เอคไคโนเดิร์ม
02317289-v	ใช้บัตรสินเชื่อ	ใช้บัตรเครดิต
02317335-n	ดาวทะเล	ปลาดาว
02317548-v	จ่ายสด	จ่ายเงินสด
02318464-a	ซื่อตรง	ซื่อสัตย์	อย่างซื่อตรง
02318648-v	ทำให้มั่งคั่ง	ทำให้ร่ำรวย
02319050-v	ฉวยโอกาสขึ้นราคา	โก่งราคา
02319095-n	หอยเม่น	เม่นทะเล
02321046-v	ชาร์จ	เก็บค่าชาร์จ
02321391-v	ชิงทรัพย์	ปล้น	ปล้นทรัพย์
02321648-v	ฉก	หยิบ
02321757-v	ขโมย	ลัก	ลักขโมย
02322213-n	ตีน	เท้า
02322230-v	ขโมย	จิ๊ก	ฉก	ลักเล็กขโมยน้อย
02323286-v	กักตุน	กักตุนสินค้า	สต็อก	สต็อกสินค้า
02324026-v	ขอยืม	ยืม
02324045-n	กระต่าย	เจ้าหูยาว
02324182-v	ให้กู้	ให้ยืม
02324478-v	เพิ่มคุณภาพ	เพิ่มระดับ
02324514-n	กระต่ายตัวผู้ที่ถูกตอน	กระต่ายตัวผู้ที่ทำหมัน
02324587-n	กระต่ายน้อย	บันนี่
02324850-n	กระต่ายยุโรป	กระต่ายโลกเก่า
02326695-a	ดื้อ	ดื้อดึง	รั้น
02327200-v	จัดให้	ให้สิ่งจำเป็น
02329093-n	อันดับสัตว์แทะ	อันดับโรดอนเทีย
02330109-v	ติดแฟร็ต	ใส่แฟร็ต
02332755-n	ฟีลด์เมาส์	หนูทุ่ง
02332891-v	หาภรรยาให้	หาเมียให้
02332999-v	จัดเสบียง	จัดเสบียงอาหาร
02334728-n	หนูจิงโจ้	แคงการูเมาส์
02334867-v	จัดส่งกำลังทหาร	จัดส่งกำลังพล
02336275-n	หนูพืชไร่	หนูพืชไร่อเมริกัน
02338029-n	สกุลออนดาตรา	สกุลโอดาตรา
02340897-v	สวมครอบปาก	สวมตะกร้อครอบปาก
02341266-a	ที่มีคุณภาพ	เหนือกว่า
02341684-v	สวมชุดเกราะ	สวมเกราะ	สวมเสื้อเกราะ	ใส่เกราะ
02341805-n	สกุลอาร์วิโคดา	สกุลอาร์วิโคลา
02342800-v	เจริญก้าวหน้า	เจริญรุ่งเรือง
02342885-n	หนูแฮมสเตอร์	แฮมสเตอร์
02342899-a	ที่คัดสรร	ที่เลือกเฟ้น
02343056-v	ทำงานธนาคาร	ทำงานแบงค์
02343110-a	ชั้นเฟิร์ตคลาส	เป็นเลิศ
02343320-n	แฮมเตอร์ซีเรีย	แฮมเตอร์ทอง
02343517-a	ที่ยอดเยี่ยม	ที่สุดยอด
02344060-v	จ่ายคืน	ตอบแทน
02344381-v	ตกรางวัล	ตบรางวัล	ให้รางวัล
02344568-v	ขโมย	ลัก	ลักขโมย	ลักเล็กขโมยน้อย
02345194-a	ที่ประณีต	ที่พิถีพิถัน
02345272-a	ด้อยคุณภาพ	ต่ำ
02345288-v	ขโมยความคิด	ลอกความคิด
02345713-a	ยอดแย่	แย่
02346013-a	ซังกะบ๊วย	ห่วย	ห่วยแตก
02347564-a	ชั้นสอง	ปานกลางถึงแย่
02349945-v	ชดใช้	แบกรับค่าใช้จ่าย
02352263-v	ผ่อนคลาย	ผ่อนชำระ
02353537-v	ติดผ้าม่าน	ติดม่าน
02356704-v	ทำให้ล้น	โอเวอร์ซัปพลาย
02358034-v	สามารถเข้าไปยัง	เข้าไปยัง
02359553-v	นำไปแลก	ส่งไปแลก
02367032-v	รับผิดชอบด้วยการลาออก	สมัครใจลาออก	แสดงความรับผิดชอบด้วยการลาออก
02367363-v	กระทำ	ทำ	เคลื่อนไหว	แสดงออก
02369335-a	ที่มีรสเหมือนกรด	ที่เปรี้ยวเหมือนกรด
02369390-v	วางแผนการ	ใช้แผนการ
02369948-v	ทำงานแข่ง	แข่ง
02370360-n	ต่อมน้ำนม	ต่อมน้ำนมของสัตว์
02370806-n	สัตว์ประเภทมีเ้ท้าเป็นกีบ	สัตว์ประเภทมีเ้ท้าเป็นกีับ
02371352-v	เก็บตัว	ไม่สุงสิง
02371684-v	เป็นพาร์ตเนอร์	เป็นหุ้นส่วน
02371718-a	ซึ่งสมมาตรกัน	ที่เป็นรูปสมมาตร	สมมาตร
02371811-v	ทุ่มเท	ทุ่มเทความสามารถ	ใช้ความพยายามอย่างมาก
02373578-v	ทุ่ม	ทุ่มเท
02374451-n	พาชี	ม้า	อัศว	อาชา	แสะ
02375131-v	ร่วมกิจกรรม	เข้าร่วม
02375748-v	ร่วมกิจกรรมทางการเมือง	เข้าร่วมกิจกรรมทางการเมือง
02376791-n	ลูกม้าตัวผู้	ลูกม้าเพศผู้
02376918-n	ม้าตัวผู้	ม้าเพศผู้
02376958-v	ปฏิสัมพันธ์	มีปฏิสัมพันธ์
02377291-n	ม้าตัวผู้เก็บไว้ทำพันธุ์	ม้าพ่อพันธุ์
02377480-n	ม้าตัวเมีย	ม้าเพศเมีย
02377603-n	ม้าตัวเมีย	แม่พันธุ์ม้า
02379198-v	สละราชบัลลังก์	สละราชสมบัติ
02379753-v	ปลดเกษียณ	รีไทร์	เกษียณ	เกษียณอายุ	เออร์ลี่	เออร์ลี่รีไทร์
02380251-v	ปลด	รีไทร์	ไล่ออก
02380571-v	ให้บำนาญ	ให้เงินบำนาญ
02380745-n	ม้าบรองโก	ม้าป่า
02380760-v	ขอลาออก	ยื่นจดหมายลาออก	ยื่นหนังสือลาออก	ยื่นใบลาออก
02382367-v	พอ	วางมือ	ออก	ออกจากงาน	ออกจากตำแหน่ง
02382437-n	ม้าแคระ	ม้าโพนี
02382938-v	ดร็อป	หยุดเรียน	ออกโรงเรียน
02384858-n	สัตว์ที่ใช้แข่ง	สัตว์ที่ใช้แข่งขัน
02384940-v	ชวน	เชิญ
02385153-v	สูญเสียอำนาจ	หมดวาระ	หมดอำนาจ
02385461-n	ม้าอายุสามปี	ม้าแข่งอายุสามปี
02386612-a	เตี้ย	แคระ
02386746-n	ม้าต่าง	ม้าบรรทุก
02386853-n	ม้าลากเกวียน	ม้าเทียมเกวียน
02387722-n	ม้าส่งไปรษณีย์	ม้าเร็ว
02387970-a	ที่ต้นเตี้ย	ที่ลำต้นเตี้ย
02388215-v	ศึกษาที่บ้าน	เรียนที่บ้าน
02388403-v	ฝึก	ฝึกฝน
02388950-v	พบปะ	พบปะสังสรรค์	เข้าสังคม
02389346-v	ติดต่อ	สัมผัส
02391193-v	ขึ้นครองราชย์	ครองราชสมบัติ
02391650-v	สูญเสียที่นั่งในสภา	สูญเสียเก้าอี้ในสภา
02395003-n	สุกร	หมู
02395115-a	ที่มีรส	ที่มีรสชาติ
02395406-n	สุกร	หมู	หมูขุน	หมูตอน	หมูเลี้ยง
02396014-n	หมูตัวผู้	หมูเพศผู้
02396088-n	สุกรเพศเมีย	หมูตัวเมีย
02396427-n	หมูป่า	หมูเถื่อน
02397637-v	เลื่อนขั้น	เลื่อนชั้น	เลื่อนตำแหน่ง
02398521-n	ช้างน้ำ	ฮิปโป	ฮิปโปโปเตมัส
02399595-a	จืด	ซึ่งไม่มีรสชาติ
02401809-v	เด้ง	เตะโด่ง
02403003-n	วัว	โค
02403325-n	พ่อวัว	วัวตัวผู้	วัวเพศผู้
02403454-n	ตัวเมีย	แม่วัว	แม่โค
02404186-n	วัวเนื้อ	โคเนื้อ
02404224-v	พ้นจากตำแหน่ง	ออกจากตำแหน่ง
02404432-n	วัวพันธุ์ลองฮอร์น	วัวพันธุ์เท็กซัสลองฮอร์น	โคเนื้อพันธุ์ลองฮอร์น
02405799-n	โคพันธุ์ซานตาเกอร์ทรูดิส	โคเนื้อพันธุ์ซานตาเกอร์ทรูดิส
02405929-n	โคพันธุ์อเบอร์ดีน	โคเนื้อพันธุ์อเบอร์ดีน
02406174-n	วัวนม	แม่วัวนม	โคนม
02406647-n	โคพันธุ์ชาโรเลส	โคเนื้อพันธุ์ชาโรเลส
02406749-n	โคนมพันธุ์เจอร์ซี่	โคพันธุ์เจอร์ซี่
02407071-n	โคพันธุ์ชอร์ตฮอร์น	โคเนื้อพันธุ์ชอร์ตฮอร์น
02407172-n	โคนมพันธุ์มิลกิ้งชอร์ตฮอร์น	โคพันธุ์มิลกิ้งชอร์ตฮอร์น
02407276-n	โคพันธุ์กัลโลเวย์	โคเนื้อพันธุ์กัลโลเวย์
02407338-v	ดิ้นรน	สู้
02407390-n	โคนมพันธุ์ฟรีเชียน	โคนมพันธุ์โฮลสไตน์ฟรีเชียน
02407625-n	โคพันธุ์เฮอร์ฟอร์ด	โคเนื้อพันธุ์เฮอร์ฟอร์ด
02407763-n	โคพันธุ์บีฟาโล	โคเนื้อพันธุ์บีฟาโล
02407987-v	ใช้งาน	ให้ทำงาน
02408281-v	ทำงานขับรถ	เป็นคนขับรถ	เป็นพนักงานขับรถ
02408429-n	กระบือ	ควาย	ควา่ย
02409412-v	จ้าง	จ้างวาน	ว่าจ้าง
02409941-v	ทำสัญญา	ทำสัญญาว่าจ้าง	เซ็นสัญญา
02410175-v	จ้าง	ให้ทำงาน
02410855-v	ทำงาน	ทำมาหากิน
02411621-v	รับใช้กองทัพ	รับใช้ชาติ	เข้าประจำการ
02412647-v	ประท้วงหยุดงาน	สไตรก์	หยุดงานประท้วง
02412787-n	แกะอายุหนึ่งขวบ	แกะอายุหนึ่งปี
02413290-v	ทำงานเป็นบริกร	เป็นพนักงานเสิร์ฟ	เป็นเด็กเสิร์ฟ
02414473-v	หาเสียง	หาเสียงให้ผู้สมัคร	เป็นหัวคะแนน
02415831-v	ง่วน	มีงานเยอะ	ยุ่ง
02416270-n	ขนเครา	เครา
02417504-v	เกียจคร้าน	เ้กียจคร้าน
02419773-v	ตรากตรำ	ตรากตรำทำงาน	ทำงานหนัก
02420606-v	ทำงานพิเศษ	ทำอาชีพเสริม
02420789-v	ทำงานเป็นจ็อบ	รับงานเป็นจ็อบ	รับจ็อบ
02421374-v	ปลดปล่อย	ได้รับอิสรภาพ
02421919-a	อดออม	ออม
02423762-v	อดกลั้น	เก็บกด
02424128-v	กำราบ	ปราบปราม
02424984-v	ขันอาสา	อาสา	อาสาสมัคร	เป็นอาสาสมัคร
02425112-v	อาสา	เสนอตัว
02426395-v	ปิด	ปิดกิจการ
02427576-n	กวางลีชเว	กวางเลชเว
02427724-n	กวางวอเตอร์บัค	วอเตอร์บัค
02430559-n	กวางตัวผู้	กวางเพศผู้
02433925-n	กวางคาริบู	กวางเรนเดียร์	กวางแคริบู
02433991-v	รักษาตำแหน่ง	เกาะเก้าอี้
02434238-v	ก่อตั้งสหภาพ	จัดตั้งสหภาพ
02434797-a	ซึ่งรู้สึกสดชื่น	สดชื่น
02434976-v	ร่วม	เข้าร่วม
02436349-v	จัดการ	บริหารจัดการ	แมนเนจ
02436353-n	กระจงหนู	กระจงเล็ก
02437465-v	ทำเล่นๆ	สนุกๆ	ไม่จริงจัง
02437534-a	แบบเรียงเสียง	ไดอาโทนิก
02439929-n	อุ้งตีน	อุ้งเท้า
02441022-v	ควบคุม	คอนโทรล
02442737-v	กุมบังเหียน	กุมสายบังเหียน
02448079-v	ก่อตั้งบริษัท	ตั้งบริษัท
02448185-v	ก่อตั้ง	จัดตั้ง	ฟอร์ม
02449011-v	ก่อตั้งสมาคม	จัดตั้งสมาคม
02449430-a	ที่มีพิษ	ที่เป็นพิษ
02449847-v	อนุญาตให้ร่วม	ให้เข้าร่วม
02450256-v	มีส่วน	มีส่วนร่วม	ร่วม
02452813-n	กรี	จงอย
02452967-n	งวง	งวงช้าง
02453321-v	ป้องกัน	หยุดยั้ง
02453889-v	หนุนหลัง	ให้การสนับสนุน
02454312-v	ทำโพล	สำรวจความคิดเห็น
02454379-n	ตัวอาร์มาดิลโล	อาร์มาดิลโล
02454835-v	ได้คะแนนเสียง	ได้คะแนนโหวต	ได้รับคะแนนเสียง	ได้รับคะแนนโหวต	ได้รับเสียงโหวต
02455159-v	ดูแลความปลอดภัย	ดูแลรักษาความปลอดภัย	รักษาความปลอดภัย	เฝ้ายาม	เฝ้าระวัง
02456270-v	คอยดูแล	ดูแลเด็ก	เลี้ยงน้อง	เลี้ยงเด็ก
02456493-v	ฝัง	ฝังศพ
02457233-v	เคารพ	ให้เกียรติ
02458747-v	หาอาหาร	หาเสียง
02459173-v	จัดที่พักให้	จัดที่อยู่ให้
02459532-v	จัดที่พักให้ใหม่	จัดที่อยู่ให้ใหม่
02460199-v	ให้เช่า	ใ้ห้เช่า
02460684-n	สกุลไซคลอปส์	ไซคลอปส์
02461830-n	ตัวนิ่ม	พาโกลิน
02463205-n	ข้อขาหลัง	ข้อน่องแหลม
02465519-a	ซึ่งพึ่งพาได้	ซึ่งวางใจได้	ซึ่งไว้ใจได้
02465939-v	ให้พักงาน	ให้หยุดงาน
02467491-n	กระดูกปลา	ก้าง	ก้างปลา
02467662-v	หั่น	แบ่ง
02468618-v	แบ่งเป็นรูปสามเหลี่ยม	แบ่งเป็นสามเหลี่ยม
02469274-v	เฉือน	เฉือนบางๆ
02469835-v	รวมตัวกัน	รวมเป็นหน่วยเดียวกัน
02469914-n	อันดับลิง	ไพรเมต
02470518-v	เดินร่วมทาง	เดินไปด้วยกัน
02470685-v	รวมกลุ่ม	รวมกลุ่มกัน
02471203-v	ลงทะเบียนเป็นนักศึกษา	สมัครเข้าเป็นนักศึกษา
02471690-v	จดบันทึก	ลงบันทึก	เขียนบันทึก
02472223-v	ลงบัญชี	ลงบันทึกรายการ	ลงรายการ	ลิสต์
02472293-n	คน	มนุษย์
02473431-v	ออกเสียงคัดค้าน	โหวตค้าน	โหวตล้ม
02474239-v	ประสาท	ให้
02477135-v	คืนอิสรภาพ	ให้เสรีภาพ
02477755-v	งด	ยกเลิก
02478701-v	ทำให้มีผลทางกฎหมาย	บังคับใช้ได้ตามกฎหมาย
02481436-v	ทำให้ถูกกฎหมาย	ทำให้ถูกต้องตามกฎหมาย
02481823-n	ชิมแปนซี	ลิงชิมแปนซี
02482425-v	ฆาตกรรม	ฆ่า	ยิงทิ้ง	เก็บ
02482889-v	นั่งม้ายาว	นั่งเป็นตัวสำรอง
02483000-v	ลอบฆ่า	ลอบสังหาร
02483267-v	ประหาร	ประหารชีวิต
02484049-v	ตรึงกางเขน	ตรึงไม้กางเขน
02484322-n	กระบี่	กระบี่วานร	ลิง	วานร	เจ้าจ๋อ
02484397-v	รุมประชาทัณฑ์	ลงประชาทัณฑ์
02484570-v	ยิง	ยิงสังหาร
02484957-v	นั่งเก้าอี้ไฟฟ้า	ใช้ไฟช็อต	ใช้ไฟฟ้าช็อต
02485322-v	เผา	เผาทั้งเป็น
02485844-v	มีนัด	ออกเดท
02486693-v	ขอเดท	นัดออกเดท
02487414-a	ดาวน์	ตก
02488834-v	วิวาห์	สมรส	อภิเษกสมรส	แต่ง	แต่งงาน
02489166-n	ลิงจมูกงวง	ลิงจมูกยาว	ลิงโพรบอสซิส
02489456-v	จัดงานแต่งงาน	ทำพิธีสมรส	ทำพิธีแต่งงาน
02489485-a	ที่มีกีบ	ที่มีกีบเท้า
02490634-v	หย่า	หย่าขาด	หย่าร้าง	เลิก
02492198-v	สร้างความสนุกสนาน	เอนเตอร์เทน	ให้ความบันเทิง
02494356-v	ขังคุก	คุมขัง	จองจำ	จำคุก	ติดคุก	ติดตะราง
02494538-n	อันดับกระแต	อันดับสแกนเดนเทีย
02495038-v	กักขัง	ขัง
02496425-a	ซึ่งนำกลับมาใช้ใหม่ได้	ซึ่งนำรีไซเคิลได้
02497586-v	ขออุทธรณ์	ยื่นอุทธรณ์	อุทธรณ์
02499022-n	นางอาย	ลิงลม
02499312-v	อัปเปหิ	เนรเทศ
02499629-v	ทำโทษ	ลงทัณฑ์	ลงโทษ
02501738-v	ขับ	ขับไล่	ขับไล่ไสส่ง	ผลักไส
02501923-n	ทาร์เซียร์ฟิลิปปินส์	ทาร์เซียสไซริชตา
02502037-v	พักงาน	พักงานชั่วคราว	พักราชการ
02502085-n	อันดับบ่าง	อันดับเเดอร์มอปทีรา
02502163-a	ซึ่งไม่มีมูลค่า	ไร้ค่า
02502232-v	พักการศึกษา	พักการเรียน
02502387-v	ยอมให้กลับประเทศ	ให้กลับประเทศ
02502536-v	ปล่อยให้เข้า	ยอมให้เข้า	อนุญาตให้เข้า
02503127-n	สัตว์งวง	โปรบอสซิเดียน
02503365-v	ผลักดัน	ผลักดันกลับ	ผลักดันกลับประเทศ
02503517-n	ช้าง	ช้างสาร	หัตถี
02503633-v	ส่งกลับประเทศ	ส่งตัวกลับประเทศ
02504017-v	ขับออกจากกลุ่ม	ขับออกจากชุมชน
02504280-v	ห้ามเข้า	ห้ามเข้าประเทศ	แบน
02504562-v	กดดัน	บีบ	บีบคั้น	บีบบังคับ	เค้น
02504770-n	ช้างแมมมอธ	แมมมอธ
02506068-v	รีด	รีดไถ	เค้น	ไถ
02509197-n	คิงคาจู	คินคาจู
02511730-n	นกที่ร้องเสียงแหลม	นกเสียงแหลม
02512053-n	ปลา	มัจฉา	มัสยา
02512150-v	จัดระเบียบพื้นที่	จัดโซน
02512305-v	กีดกัน	แบ่งแยก
02513560-n	ปลาเล็ก	ลูกปลา
02513614-a	ที่ไม่มีกิเลส	บริสุทธิ์	ปราศจากมลทิน	สะอาด
02513740-a	ที่ไม่มีศีลธรรม	ที่ไร้ศีลธรรม
02513989-v	ทำความผิด	ทำผิด
02514187-v	ทรีต	ปฏิบัติต่อ
02514239-a	ที่รับบทตัวร้าย	ที่เล่นบทตัวร้าย
02514575-n	ชั้นออสเตชไทเอส	ปลากระดูกแข็ง
02515080-v	ก่อคดี	ก่ออาชญากรรม
02515934-v	กระทำทารุณ	กระทำโหดร้าย
02516437-v	ทำงานชุ่ย	ทำงานลวก
02517202-v	ทำตัวแย่	นิสัยไม่ดี
02518161-v	ประพฤติตน	ประพฤติตัว
02519340-n	ปลาฮอร์นพอต	ปลาฮอร์เนดพอต
02519666-v	ทำตัวดี	ประพฤติตัวดี
02520147-n	ปลามัดแคช	ปลาแคชฟิชหัวแบน	ปลาแคตฟิชจมูกพลั่ว	ปลาแคตฟิชปากช้อน	ปลาแคตฟิชหัวแบน
02520219-a	ซึ่งรับอาสา	ซึ่งสมัครใจ
02521816-v	เดินขบวน	เดินขบวนคัดค้าน	เดินขบวนประท้วง	เดินขบวนเรียกร้อง
02522153-v	ถือป้ายประท้วง	เดินขบวนถือป้ายประท้วง
02522637-n	ปลาคอดลิง	ลูกปลาคอดฟิช
02522864-v	ดำเนินการจนสำเร็จ	ทำสำเร็จ
02523521-v	ซ้ำชั้น	สอบตก
02524171-v	ประสบความสำเร็จ	ประสบผลสำเร็จ
02525206-a	ซึ่งไม่มีทางตีได้แตก	ซึ่งไม่สามารถทำอันตรายได้
02527651-v	ทำงานชุ่ย	ทำงานมักง่าย	ทำงานลวกๆ	ทำงานสะเพร่า	ทำมักง่าย	ทำลวกๆ	ทำให้เสียหาย	เงอะงะ
02530167-v	พยายาม	เพียรพยายาม
02533834-n	ปลากะตัก	ปลาแองโชวี่
02534734-n	ปลาแซลมอน	แซลมอน
02535093-v	ตามจีบ	ตามตื้อ	ตื้อ
02535457-v	ถอนตัว	แยกตัว
02535896-v	ทำให้เป็นกลางทางการเมือง	วางตัวเป็นกลาง
02536557-v	มีอิทธิพล	ส่งอิทธิพล
02537319-n	ปลาเทราต์สีน้ำตาล	ปลาเทราท์สีน้ำตาล
02537407-v	ขาย	ทรยศ	หักหลัง
02538765-v	ยุ่งเกี่ยว	เข้าแทรกแซง	แทรกแซง
02539788-v	เลี้ยง	เลี้ยงดู
02541302-a	ประชวร	ป่วย	อาพาท	เจ็บป่วย	เจ็บไข้ได้ป่วย
02542141-v	เป็นกระบอกเสียง	เป็นปากเป็นเสียง
02542280-v	ทำตาม	ปฏิบัติตาม
02543034-a	ซึ่งนอนป่วย	ซึ่งล้มป่วย	ซึ่งล้มหมอนนอนเสื่อ
02543874-v	ถ่วงดุล	ลดผลกระทบ
02544274-n	ปลาวูลฟ์ฟิช	ปลาแลนเซตฟิช
02544348-v	เสี่ยงดวง	เสี่ยงโชค
02546467-v	ตระหนักถึงความสำคัญ	เห็นคุณค่า
02547131-a	ที่ปล่อยไว้	ที่ไม่ได้รักษา	ที่ไม่ได้รับการรักษา
02547225-v	ทำให้อับอาย	ทำให้เสียชื่อ
02547586-v	ช่วย	ช่วยเหลือ
02550296-v	ช่วยดูแล	ให้การดูแล
02550868-v	ช่วยชีวิต	บรรเทา
02553697-v	ฝึก	อบรม
02554066-v	ขายตัว	ขายน้ำ	ขายบริการ	ขายบริการทางเพศ	ขายหอย
02554267-a	ซึ่งมีน้ำนม	ซึ่งให้นม
02555434-v	ช่วย	ช่วยเหลือ
02555908-v	ทำให้บังเกิด	มีส่วนทำให้
02557749-n	ปลาวอลอาย	ปลาแจ็คแซลมอน
02558172-v	ขัดขวาง	ยับยั้ง
02559752-v	ขัดขวาง	ยุติ
02561995-v	รับงาน	รับงานมาทำ
02564146-v	ยกเว้น	ให้การยกเว้น
02564426-v	ยกหนี้ให้	ยกให้
02565491-v	ดักหน้า	ตัดหน้า
02565687-v	ก่อกรรมทำเข็ญ	ทำบาป	ทำบาปทำกรรม
02566528-v	ฝ่าฝืน	ละเมิด
02567147-v	ฝ่าฝืน	แหกกฎ
02567519-v	ขืนใจ	ข่มขืน	ข่มขืนกระทำชำเรา	ฉุด	ย่ำยี
02567917-v	รุมโทรม	ลงแขก	เรียงคิวขืนใจ	เรียงคิวข่มขืน	โทรมหญิง
02568392-v	ตุ๋ย	ร่วมเพศทางทวารหนัก	ร่วมเพศทางเว็จมรรค	อัดตูด	อัดถั่วดำ
02570062-v	หาประโยชน์	แสงหาประโยชน์
02570267-v	ตามใจ	พะเน้าพะนอ	โอ๋
02570282-a	โง่	โง่ๆ
02571511-v	ขึ้นบ้าน	งัด	งัดแงะ	ยกเค้า	โจรกรรม
02572667-v	ทอนขาด	แกล้งทอนผิด	ไม่ทอนเงิน
02572823-a	ซึ่งมีต้นไม้ปกคลุม	เป็นป่า
02574977-v	ลอก	ลอกข้อสอบ
02575082-v	คิดไม่ซื่อ	หลอกลวง	ไม่ซื่อสัตย์
02575723-v	หลอก	เล่นตลก
02576110-v	ทำงานฟรีแลนซ์	ทำงานอิสระ	ทำฟรีแลนซ์	รับงานอิสระ
02576503-v	คบชู้	คบชู้สู่ชาย	นอกใจ	มีชู้	สวมเขา
02578008-v	ขุดบ่อล่อปลา	ขุดหลุมพราง	วางกับดัก	หลอกให้ติดกับ
02578235-a	ซึ่งไม่หวั่นไหวกับเรื่องทางโลก	ซึ่งไม่ใช่เรื่องทางโลก
02579469-a	ทอ	ที่ถูกถักทอ
02580449-a	ที่ใช้จนเก่า	ที่ใช้แล้ว
02580577-v	ขายตัว	เป็นหญิงบริการ	เป็นโสเภณี
02581073-v	ข่มขู่	แบล็กเมล์
02582042-v	ดำเนินคดี	ฟ้องคดี	ฟ้องร้อง
02583043-a	ที่เก่าผุ	โกโรโกโส
02583139-v	ก่อกบฏ	ก่อการกบฏ
02583619-a	ที่ดูซอมซ่อ	หลุดลุ่ย
02584097-v	ละทิ้ง	หนี
02584449-n	ปลาปิรันย่า	ปิรันย่า
02585860-v	ทำสำเร็จ	มาถึงความสำเร็จ
02586458-v	ทำเสน่ห์	ทำเสน่ห์ยาแฝด
02589913-a	ที่แบ่งเป็นโซน	ที่แบ่งโซน
02590709-a	แบบสมมาตร	แบบโฮโมเซอคัล
02591594-a	ทีไม่เจียรนัย	ที่ไม่เจียระไน
02591597-v	คอยดูแล	เทกแคร์
02592543-v	ต้อนรับแขก	รับแขก
02592750-a	อาร์เอชลบ	อาร์เอชเนกาทีฟ
02594443-a	ที่ไม่ได้ทำพิธีล้างบาป	ที่ไม่ได้รับศีล
02596493-v	มาอย่างไม่คาดหมาย	มาโดยไม่บอกกล่าว
02597696-a	ที่มีผิวเหมือนกำมะหยี่	เหมือนกำมะหยี่
02597951-a	ที่ไม่มีดอก	ไร้ดอก
02598642-v	คบผู้ชายมากหน้าหลายตา	คบผู้หญิงมากหน้าหลายตา
02599754-v	บุค	ลงบันทึกจองห้องพัก
02600490-v	ใช้	ใช้เป็นเครื่องมือ
02600948-v	เริ่ม	เริ่มต้น	เริ่มที่
02601808-v	ผ่อนคลาย	รีแลกซ์
02601996-v	คลายความเข้มงวด	ลดความเข้มงวด
02602458-v	ทำครึ่งๆกลางๆ	ทำไม่ถึงที่สุด
02602898-v	ดูแล	ดูแลเอาใจใส่
02603056-v	รวม	รวมกลุ่ม	รวมตัว
02603424-v	ก่อให้เกิดปัญหาทางการเงิน	ทำให้มีปัญหาทางการเงิน
02603699-v	ดำรงอยู่	มีอยู่	สถิตอยู่
02604100-v	ดำรงอยู่ก่อน	มีอยู่ก่อน
02604760-v	คือ	เป็น
02608004-v	ติดกัน	ติดกับ
02608176-v	อยู่ติดกัน	อาศัยอยู่ติดกัน
02609764-v	จบ	ยุติ	สิ้นสุด	หยุด	อวสาน
02612368-v	มีอยู่	เกิดขึ้น
02613140-v	ซิตอิน	เข้าฟังบรรยาย
02614387-v	มีชีวิต	ใช้ชีวิต
02615451-v	ทำตามกิเลสตัณหา	ทำตามอำเภอใจ	ปล่อยตัว	ปล่อยเนื้อปล่อยตัว
02615880-v	อาศัยตามพุ่มไม้	อาศัยในพุ่มไม้
02616118-v	อยู่เป็นโสด	เป็นโสด
02616851-n	ปลาวูลฟ์ฟิช	ปลาแคตฟิช
02618149-v	มีชีวิตรอด	รอดชีวิต	รอดตาย
02626762-n	ทูน่า	ปลาทูน่า
02629256-v	ขจัด	ลบล้าง
02629793-v	ครอบคลุม	รวม
02630519-a	คล้ายเพลงแอนติโฟน	คล้ายเพลงแอนตี้โฟน
02631349-v	มีดารานำ	มีดารายอดนิยม
02633534-v	มีค่าเท่ากับ	เท่ากับ
02636516-v	กุม	เก็บไว้ในใจ
02637202-v	พัก	พำนัก
02638845-v	ยึดมั่น	ศรัทธา
02640053-v	ซุ่ม	ดักซุ่ม	แอบซุ่ม
02641035-v	ชะงัก	ลังเล	หยุดชะงัก
02642238-v	ถ่วงเวลา	เตะถ่วง
02642814-v	ชะลอเวลา	เลื่อน
02645007-v	คิดเป็น	มีผลรวม	รวม
02648639-v	พัก	พำนัก
02649220-v	ทำให้เปียกทั่วตัว	ทำให้เปียกโชก
02649600-v	พัก	พักอยู่ชั่วคราว
02649712-v	ครอบครองอย่างผิดกฎหมาย	เข้าถือครอง
02649830-v	อยู่	อาศัย
02650840-v	มีผู้คน	มีผู้คนอาศัยอยู่
02651193-v	อยู่กิน	อยู่ด้วยกัน
02652158-v	ต้อน	ไล่ต้อน
02655958-v	ชัด	ชัดเจน
02656189-v	ให้ที่กบดาน	ให้ที่ซ่อนตัว
02656390-v	จัดที่พักพิงให้	ให้ที่พักพิง
02657219-v	กลมกลืน	ตรงกัน	เหมือนกัน	เห็นด้วย
02657368-n	ปลาซีกเดียว	ปลาลิ้นหมา
02658283-v	ตรวจความถูกต้อง	เช็ค
02658570-v	ตรงกับ	สอดคล้องกับ
02658734-v	ตรงกัน	สอดคล้องกัน
02659222-v	ขนาน	คู่ขนานกัน
02663849-n	ปลาตาเดียว	ปลาโซล
02664769-v	เท่า	เท่ากับ
02665282-v	คล้าย	คล้ายคลึง	ละม้าย
02665543-n	ส่วนอก	ส่วนอกแมลง
02665617-v	ดูคล้าย	หน้าตาเหมือน
02666079-n	ชุดชาวอาหรับ	ชุดอาบา
02666501-n	เรือทิ้งร้าง	เรือร้าง
02666943-n	โรงฆ่าสัตว์	โรงชำแหละ
02667093-n	ชุดอาบาย่า	อาบาย่า
02667558-v	ตกกระแส	ตกยุค	ล้าสมัย	เชย
02667906-n	ยาขับทารก	ยาทำแท้ง	ยาแท้งบุตร
02668523-v	ผิดกฎ	ฝ่าฝืน
02669001-n	จิตรกรรมนามธรรม	ภาพจิตรกรรมนามธรรม	ภาพนามธรรม	ภาพศิลปะนามธรรม	ภาพเชิงนามธรรม	ภาพแอบสแตรค
02669079-n	ศิลปะนามธรรม	ศิลปะแอ็บสแตร็กต์
02669081-v	ดีกว่า	เหนือกว่า
02669477-v	ดีกว่า	เหนือกว่า
02669534-n	ชุดนักศึกษา	ชุดนิสิต	ชุดนิสิตนักศึกษา
02669723-n	ครุย	ชุดครุย	เสื้อครุย
02669885-n	สำนัก	อคาเดมี
02670382-n	ตัวเร่ง	อุปกรณ์เร่งอนู	เครื่องเร่งอนุภาค
02670683-n	คันเร่ง	แป้นเหยียบคันเร่ง
02670935-n	มาตรความเร่ง	มาตรวัดความเร่ง	มิเตอร์วัดความเร่ง
02671062-n	ทางเข้าออก	วิธีการเข้า-ออก
02671988-n	ถนนขึ้นทางด่วน	ถนนขึ้นลงทางด่วน
02672187-v	พอๆกับ	เทียบเทียม	เทียบเท่า
02672831-n	หีบเพลง	เเอคคอร์เีดียน	แอคคอร์เดียน
02674482-n	ยาไทลีนอล	ไทลีนอล
02674912-n	ยาอะซิตานิไลด์	อะซิตานิไลด์
02675354-n	ยาอะซิโตฟีนีติดิน	อะซิโตฟีนีติดิน
02677136-n	สีอะครีลิค	สีอาครีลิค
02677232-n	ยาแอคติเฟด	แอคติเฟด
02677436-n	เครื่องมือวัดความเข้มการแผ่รังสี	แอกติโนมิเตอร์
02677567-v	ดึงเข้าไปเกี่ยว	พาเข้าไปยุ่งเกี่ยว
02678528-n	ยาอะไซโคลเวียร์	ยาโซไวแร็ก	อะไซโคลเวียร์
02679142-n	เครื่องบวก	เครื่องบวกเลข
02679899-v	คงไว้	จรรโลง
02680110-n	พลาสเตอร์ยา	พลาสเตอร์ยาปิดแผล
02681639-v	เลิก	เลิกนิสัย
02682699-n	บันไดกู้ภัย	บันไดดับเพลิง
02682954-v	สนับสนุนทางการเงิน	ให้เงิน	ให้เงินสนับสนุน
02683791-n	อาฟเตอร์เชฟ	โลชั่นหลังโกนหนวด
02684248-n	อะเกตแวร์	อเกตแวร์
02684356-n	เครื่องย่อยวัสดุให้เป็นเม็ด	แอ็กโกลมีราเตอร์
02684962-n	จัตุรัสสาธารณะ	แอโกรา
02684971-a	สวรรค์	แห่งสวรรค์
02685365-n	ถุงลมนิรภัย	แอร์แบ็ก
02686121-n	เครื่องบินแอร์บัส	แอร์บัส
02686379-n	เครื่องปรับอากาศ	แอร์
02686568-n	ยานอากาศ	อากาศยาน
02687172-n	เรือบรรทุกเครื่องบิน	เรือบรรทุกเครื่องบินรบ
02687385-v	อยู่อันดับท็อป	เป็นผู้นำ
02688273-n	หม้อกรองอากาศ	เครื่องกรองอากาศ
02688443-n	เเพนอากาศ	แอร์ฟอยล์	แอโรฟอยล์
02689144-n	แอร์เฟรม	โครงสร้างอากาศยาน	โครงสร้างเครื่องบิน
02689274-n	ปืนลม	ปืนอัดลม
02689434-n	เครื่องสกัดคอนกรีตลม	เครื่องสกัดคอนกรีตแบบใช้ลม
02690081-n	ธุรกิจสายการบิน	สายการบิน	แอร์เวย์	แอร์ไลน์
02691156-n	เครื่อง	เครื่องบิน
02692086-n	ใบพัด	ใบพัดเครื่องบิน
02692105-a	คีเลต	คึเลต
02692232-n	ท่าอากาศยาน	สนามบิน
02692513-n	เครื่องสูบลม	เครื่องไล่อากาศ
02692624-a	ทางเคมี	เคมี
02692686-v	มาก่อน	อยู่ข้างหน้า
02694279-n	ตะเกียงวิเศษ	ตะเกียงอะลาดิน
02696048-n	ติ่งห้อง	มุข
02696384-n	ยาฟอซาแมกซ์	ยาอะเลนโดรเนต	อะเลนโดรเนต
02696503-v	วางเด่น	สูงตระหง่าน
02697120-v	คุกคาม	ทำอันตราย
02697576-n	สกรูฝังหัว	สกรูแบบอัลเลน
02697675-n	ประแจหัวฝัง	ประแจแอล
02698036-n	ยาอัลโลพูรินอล	ยาไซโลพริม
02698726-v	กลับชาติมาเกิด	อวตาร	เกิดใหม่
02698769-n	ยากั้นแอลฟา	ยาปิดกั้นแอลฟา	ยาแอลฟาบล็อกเกอร์
02700767-n	แผ่นอะลูมิเนียม	แผ่นอะลูมิเนียมฟอยล์
02700867-v	บรรจุ	มี
02701002-n	รถพยาบาล	รถพยาบาลฉุกเฉิน
02701628-v	กัก	กักเก็บ
02702166-n	ยาอะมิโนไพรีน	อะมิโนไพรีน
02702304-n	ยาอะมีโอดาโรน	อะมีโอดาโรน
02702368-v	มีความสูง	สูง
02702575-n	ยาอะมิทริบไทลีน	อะมิทริบไทลีน
02702807-a	คอสมิก	ที่เกี่ยวกับคอสมิก	ที่เกี่ยวกับอนุภาคพลังงานสูงจากอวกาศนอกโลก
02703499-n	ยาแอมโมบาร์บิทอล	แอมโมบาร์บิทอล
02703692-n	ยาแอมมีทอล	ยาแอมโมบาร์บิทอลโซเดียม	แอมมีทอล	แอมโมบาร์บิทอลโซเดียม
02704153-n	ยากระตุ้นประสาท	แอมเฟตามีน
02704645-n	เครื่องบินสะเทินน้ำสะเทินบก	เครื่องบินสะเทิ้นน้ำสะเทิ้นบก
02704818-v	มีน้ำหนัก	หนัก
02704928-v	มีความทนทาน	มีอายุการใช้งาน
02704949-n	อัฒจันทร์แบบกรีกและโรมัน	โคลีเซียม
02705429-n	แอมโฟร่า	ไหแอมโฟร่า
02705944-n	อุปกรณ์ขยายสัญญาณ	เครื่องขยายสัญญาณ	แอมปลิไฟเออร์
02706480-a	เกี่ยวกับภาวะเย็นจัด	เย็นยิ่งยวด
02706586-n	ของปลุกเสก	พระเครื่อง	วัตถุมงคล	เครื่องราง
02707987-v	ใช้เวลาวัีนสุดสัปดาห์	ใช้เวลาวัีนหยุดสุดสัปดาห์
02708707-v	หยุดพักผ่อน	ใช้เวลาพักผ่อน
02708923-v	ดื่มน้ำผึ้งพระจันทร์	ฮันนีมูน
02709107-v	อยู่ในคุก	ใช้เวลาในคุก
02709367-n	สมอ	สมอเรือ
02710201-n	มนุษย์ยนต์	หุ่นแอนดรอยด์
02710429-n	มาตรความเร็วลม	เครื่องวัดลม
02711114-v	ปิดล้อม	โอบล้อม
02711543-v	มีรั้วรอบขอบชิด	ล้อมรั้ว
02713003-n	ที่รัดข้อเท้า	แองเกิ้ล
02713097-n	กำไลข้อเท้า	สร้อยข้อเท้า	สายข้อเท้า
02713372-v	ยื่น	ยื่่น
02714315-n	แอโนด	ไฟฟ้าขั้วบวก
02715513-n	ล็อบบี้	ห้องรับรอง	ห้องโถงใหญ่
02717701-v	ลู่	ห้อย
02718845-a	เกี่ยวกับอิเล็คโทรโฟริซิส	เกี่ยวกับอิเล็คโทรโฟรีซิส
02719450-n	ยาแอนติไดยูเรติก	แอนติไดยูเรติก
02719750-n	ยาแก้คลื่นไส้	ยาแก้อาเจียน
02720201-n	ยากำจัดเชื้อรา	ยาฆ่าเชื้อรา	ยาฆ่้าเชื้อรา
02720725-n	ยาต้านฮิสตามีน	ยาแอนติฮิสตามีน
02721438-v	มีความเป็นไปได้	มีโอกาส
02721538-n	ยาต้านการอักเสบ	ยาต้านอักเสบ
02723754-n	ของเก่า	โบราณวัตถุ
02724026-n	ของโบราณ	วัตถุโบราณ
02726305-n	อพาร์ทเมนท์	แฟลต
02726681-n	อพาร์ตเมนต์	อาคารห้องชุด
02726715-a	ซึ่งจับไข้	ซึ่งมีพระปรอท	ซึ่งมีไข้	ซึ่งเป็นไข้
02726717-v	นำความซวยมาให้	นำโชคร้ายมาให้
02727281-n	ยาปลุกเซ็กส์	ยาเร้ากำหนัด
02727566-n	อานม้าเอพิชามอร์	อานเอพิชามอร์
02727825-n	อุปกรณ์	เครื่อง	เครื่องมือ
02727883-v	ขาย	จำหน่าย
02728440-n	ชุด	ผ้านุ่ง	ผ้าผ่อน	อาภรณ์	เสื้อผ้า
02728784-v	ค้า	เทรด
02729222-n	รถเข็นผลไม้	รถเข็นแอปเปิ้ล
02729632-v	เทียบ	เปรียบ
02729965-n	อุปกรณ์	อุปกรณ์ทุ่นแรง	เครื่องจักรกล	เครื่องมือ	เครื่องมือเครื่องไม้
02730982-a	ที่เป็นฟอสซิล	ฟอสซิล
02731390-v	ตกอยู่กับ	ตกอยู่ใน
02731629-n	สคูบ้า	อุปกรณ์ช่วยหายใจ
02732072-n	ตู้ปลา	พิพิธภัณฑ์สัตว์น้ำ
02732798-v	จุ	รองรับ
02732827-n	ซุ้ม	ซุ้มไม้
02733075-n	สวนพฤกษชาติ	สวนพฤกษศาสตร์
02733524-n	อาร์ช	โค้ง
02735086-n	ที่เก็บเอกสารสำคัญ	หอจดหมายเหตุ
02735688-n	พื้นที่	แอเรีย
02736798-n	ถุงเท้าถักลายข้าวหลามตัด	ถุงเ้ท้าถักลายข้าวหลามตัด
02738535-n	อาร์มแชร์	เก้าอี้เท้าแขน
02739123-n	สร้อยอาร์มิลลา	อาร์มิลลา
02740061-n	รถขนเงิน	รถบรรทุกเงิน
02740533-n	พาหนะหุ้มเกราะ	ยานหุ้มเกราะ	ยานเกราะ
02741367-n	กรมช่างแสง	คลังแสง	โรงงานผลิตอาวุธ
02741475-n	ที่เท้าแขน	เท้าแขน
02741546-v	ทำให้ติด	ออกแบบให้รับได้
02742322-n	เครื่องนุ่งห่ม	เครื่องแต่งกาย
02742753-n	พระแสงศร	ลูกธนู	ลูกศร	ลูกเกาทัณฑ์	ศร
02743207-n	คลังแสง	คลังแสงสรรพาวุธ
02743426-n	คลังแสง	อาวุธยุทโธปกรณ์
02743547-n	งานศิลปะ	งานศิลป์	ผลงานศิลปะ	ไฟน์อาร์ท
02744061-v	คุกคาม	เข้ามาคุกคาม
02745395-n	ดอกไม้ประดิษฐ์	ดอกไม้ปลอม
02745486-v	ยอมรับ	สามารถมีได้
02746365-n	ปืนใหญ่	อาวุธหนัก
02748618-n	ยาแอสไพริน	อะซีทิลซาลิไซลิกแอซิด	แอสไพริน
02749768-v	ห่อคลุม	ห่อศพ
02750835-n	ยาสมานแผล	ยาห้ามเลือด
02752311-n	สถานที่แข่งกีฬา	สถานที่แข่งขันกีฬา	สนามแข่ง	สนามแข่งขันกีฬา
02752695-v	สรุป	สรุปรวบยอด
02753044-n	ระเบิดปรมาณู	ระเบิดพลูโตเนียม	ระเบิดอะตอม
02753881-n	ระเบิดนิวเคลียร์	หัวรบนิวเคลียร์
02754103-n	ขวดฉีดพ่น	ขวดสเปรย์
02755452-v	ตื่นตัวทางเพศ	เกิดความรู้สึกทางเพศ	เกิดอารมณ์	เกิดอารมณ์ทางเพศ
02755565-v	ร้อนตับแตก	ร้อนตับแลบ	ร้อนอย่างกับเตาอบ
02756359-v	สังกัด	อยู่ในสังกัด	เป็นสมาชิก
02756558-v	ฝนตก	ฝนลง	ฝนลงเม็ด
02756821-v	ตก	ตกลงมา
02756854-n	ออดิโอแอมพลิไฟเออร์	เครื่องขยายเสียง
02756977-n	ตลับเทป	ม้วนเทป	เทปเสียง
02757462-n	ระบบเสียง	เครื่องเสียง
02757651-v	ฝนตกไม่ขาดสาย	ฝนตกไม่ขาดเม็ด
02757810-n	เทปบันทึกเสียง	แถบบันทึกเสียง
02757828-v	ฝนซา	ฝนตกปรอยๆ	โปรยปราย
02758033-v	ตกหนัก	ฝนตกกระหน่ำ	ฝนตกหนัก	ฝนลงหนัก	ฝนเทลงมา
02758399-v	ตกกระหน่ำ	ไหลทะลัก
02758490-n	สว่าน	สว่านมือ
02758581-v	ปกคลุมด้วยน้ำแข็ง	มีน้ำแข็งปกคลุม
02758753-n	อุปกรณ์ประดับยนต์	อุปกรณ์แต่งรถ
02759614-v	จุด	จุดไฟ
02760139-v	ก่อกองไฟ	ก่อไฟ
02760495-v	ดับเทียน	เป่าเทียน
02760622-v	ลุกไหม้	ไหม้
02760658-n	ปืนพก	ปืนพกออโตเมติก
02760855-n	ปืนกล	ปืนไรเฟิลออโตเมติก
02761034-n	ระบบเกียร์ออโตเมติก	ระบบเกียร์อัตโนมัติ
02761134-v	ติด	ติดไฟ
02761372-v	จุด	ทำให้ลุกเป็นไฟ
02761696-n	โรงงานผลิตรถยนต์	โรงงานอุตสาหกรรมยานยนต์
02761897-v	ดับ	ดับเพลิง	ดับไฟ
02762468-v	เผา	เผาไหม้
02762806-v	จรัสแสง	ลุกวูบวาบ
02763083-n	ปั๊มช่วย	ปั๊มเสริม
02763604-n	กรงนกขนาดใหญ่	กรงสัตว์ปีก	บริเวณสงวนพันธุ์นก
02764245-v	ลุกพรึบ	ลุกวาบ
02764765-v	ส่องแสง	ส่องแสงระยิบระยับ
02764779-n	เพลา	แกน
02765656-n	ยาซิโทรแม็กซ์	ยาอะซีโทรมัยซิน
02766168-n	ผ้าคลุมศีรษะบาบุชก้า	ผ้าโพกศีรษะ
02766320-n	เตียงนอนทารก	เตียงนอนเด็กทารก
02766534-n	รถเข็นทารก	รถเข็นเด็ก
02766687-v	ปล่อยประกายไฟ	สปาร์ก
02766792-n	เบบี้แกรนด์เปียโน	แกรนด์เปียโนขนาดเล็ก
02767116-v	แผ่คลื่น	แผ่รังสี
02767147-n	รองเท้าทารก	รองเท้าเด็กอ่อน
02767433-n	ที่พิง	พนักพิง	พนักพิงหลัง
02767922-v	พ่น	พ่นควัน
02768226-n	แป้นบาส	แป้นบาสเกตบอล
02768579-v	คายน้ำ	ปล่อยไอน้ำ
02769075-n	ภาพพื้นหลัง	เดสก์ทอป
02770721-n	ที่เกาหลัง	ไม้เกาหลัง
02771020-v	มีเมฆปกคลุม	มืดครึ้ม
02771547-n	แบ็กสต็อป	แผงกั้นด้านหลัง
02771756-v	เหือดแห้ง	แห้งเหือด
02771888-v	เต็มไปด้วยหมอก	เป็นฝ้า
02772197-n	สนามหญ้าหลังบ้าน	สวนหลังบ้าน
02772435-n	คอร์ตแบด	คอร์ตแบดมินตัน	สนามแบด	สนามแบดมินตัน
02772700-n	แร็กเก็ตแบดมินตัน	ไม้แบด	ไม้แบดมินตัน
02772868-n	กะบัง	แผงกั้นหน้าลำโพง
02774152-n	กระเป๋า	กระเป๋าถือ	กระเป๋าถือสตรี
02774502-n	ของประดับไร้ค่า	สิ่งไร้สาระ
02775483-n	ปี่	ปี่สก็อต
02776205-n	เหยื่อ	เหยื่อล่อ
02776631-n	ร้านขนมปัง	ร้านขนมเค้ก	ร้านขายขนมปัง	ร้านขายขนมอบ	ร้านเบเกอรี่
02776825-n	หมวกไอ้โม่ง	ไอ้โม่ง
02778669-n	บอล	ลูก	ลูกบอล
02779435-n	บอล	ลูกบอล
02782093-n	บอลลูน	บัลลูน
02782329-n	ลูกโป่ง	ลูกโป่งสวรรค์
02783161-n	ปากกาลูกลื่น	ลูกลื่น
02784124-n	บานานาโบต	เรือกล้วย
02787772-n	ตึกธนาคาร	ธนาคาร	แบงค์
02788148-n	ราวบันได	ราวระเบียง
02788689-n	บาร์	แท่ง
02790154-n	คานทรงตัว	บาร์
02790669-n	ตะแกรงย่างบาร์บีคิว	บาร์บีคิว
02791124-n	เก้าอี้ตัดผม	เก้าอี้ร้านตัดผม
02791270-n	ร้านตัดผม	ร้านตัดผมชาย
02791894-n	กรดไดเอทีลบาร์บิทูริก	บาร์บิทอล	บาร์บิโทน	ยาบาร์บิทอล	ยาบาร์บิโทน	ไดเอทีลบาร์บิทูริกแอซิด
02792049-n	บาร์บิทูเรต	ยาบาร์บิทูเรต
02792552-n	เรือกัญญา	เรือลำเลียงสินค้า
02793089-n	บาริโทน	บาริโทนฮอร์น
02793273-a	ทางวิทยาศาสตร์	วิทยาศาสตร์
02794008-n	บารอกราฟ	เครื่องวัดความกดอากาศแบบกราฟ
02794156-n	บารอมิเตอร์	เครื่องวัดความกดอากาศ
02796995-n	ร้านเหล้า	ห้องโถง
02797295-n	รถเข็น	รถเข็นล้อเดียว
02797692-n	ฐาน	แท่น
02798290-n	ฐานทัพ	ฐานที่มั่น	ฐานปฏิบัติการ
02799323-n	หมวกกอล์ฟ	หมวกจ็อกกี้	หมวกเบสบอล
02799593-n	สนามด้านใน	สนามเบสบอล
02799897-n	อุปกรณ์เบสบอล	เครื่องกีฬาเบสบอล
02800497-n	ชั้นใต้ดิน	ห้องใต้ดิน
02800793-n	ของใช้จำเป็น	ของใช้ที่จำเป็น	ของใช้ในชีวิตประจำวัน
02801047-n	บาซิลิกา	บาซิลิกาของโรมัน
02802215-n	ห่วง	ห่วงบาส	ห่วงบาสเกตบอล
02802426-n	ลูกบาส	ลูกบาสเก็ตบอล
02802544-n	สนามบาส	สนามบาสเกตบอล
02802976-a	เกี่ยวข้องกับดวงดาว	แห่งดวงดาว
02803666-n	กลองเบส	กลองใหญ่
02804590-a	ชานเมือง	แถบชานเมือง
02804610-n	บาสซูน	ปี่ใหญ่
02805490-a	ตื้น	ที่ระดับพื้นผิว
02806992-n	สถานที่อาบน้ำ	โรงอาบน้ำ
02807401-n	ผ้าเช็ดตีน	พรมเช็ดเท้า
02807731-n	ห้องน้ำ	ห้องสรง	ห้องอาบน้ำ
02808304-n	ซับพระองค์	ผ้าเช็ดตัว
02809364-n	ไม้บาตอง	ไม้สำหรับวาทยากร
02809605-n	คฑาดรัมเมเยอร์	ไม้ดรัมเมเยอร์
02810471-n	แบต	แบตเตอรี่
02811350-n	หมวกป้องกันศีรษะผู้ตี	หมวกแบตเตอร์
02811842-n	ธงรบ	ธงสงคราม
02812949-n	ดาบปลายปืน	มีดปลายปืน
02813399-n	มุขหน้าต่างเหลี่ยม	หน้าต่างยื่นเป็นมุข
02814224-n	บอลชายหาด	ลูกบอลชายหาด
02814533-n	รถตู้ห้าประตู	รถยนต์ส่วนตัวท้ายยาว	รถแวน
02814774-n	ชุดชายหาด	เครื่องนุ่งห่มชายหาด
02814860-n	กระโจมไฟ	ประภาคาร	หอคอยที่มีไฟเตือนภัย
02817650-n	ที่ตี	ที่ใช้ตี	อุปกรณ์สำหรับตี
02818832-n	ที่นอน	พระแท่นบรรทม	เตียง	เตียงนอน
02819474-n	แปลง	แปลงปลูก	แปลงปลูกพืช
02820210-n	ที่นอนหมอนมุ้ง	เครื่องนอน
02820798-n	หลังคาแดง	โรงขังคนบ้า	โรงพยาบาลบ้า	โรงพยาบาลประสาท	โรงพยาบาลโรคจิต
02821030-n	ผ้าที่ใช้กับที่นอน	ผ้าที่ใช้กับเตียง	ผ้าที่ใช้กับเตียงนอน
02821328-n	พระเขนย	หมอนหนุน	หมอนหนุนนอน
02821415-n	ขาเตียง	เสาเตียง
02821627-n	ที่หลับที่นอน	ห้องนอน	ห้องพระบรรทม
02821943-n	เครื่องเรือนห้องนอน	เฟอร์นิเจอร์ห้องนอน
02822220-n	ผ้าคลุมที่นอน	ผ้าคลุมเตียง
02822579-n	โครงเตียง	โครงเตียงนอน
02822746-a	กระเสาะกระแสะ	ออดแอด
02823124-n	วิทยุติดตามตัว	เพจ	เพจเจอร์
02823586-n	ลานเบียร์	เบียร์การ์เดน
02825004-n	พิษเบลลาดอนนา	เบลลาดอนนา
02825442-n	กางเกงขากระดิ่ง	กางเกงขาบาน	ขากระดิ่ง	ขาบาน
02827606-n	รัดพระองค์	เข็มขัด
02828299-n	ปั้นเหน่ง	พระปั้นเหน่ง	หัวเข็มขัด
02828648-n	ถนนวงแหวน	ถนนเลี่ยงเมือง
02828884-n	ม้านั่งยาว	เก้าอี้ยาว
02829696-n	ทางโค้ง	โค้ง
02830157-n	ที่ดัด	เครื่องมือดัด
02830596-n	ยาเบนซีดริน	เบนซีดริน
02831237-n	หมวกทรงกลม	หมวกเบเรต์
02831724-n	เตียง	เตียงเรือ
02834778-n	จักรยาน	รถจักรยาน	รถถีบ
02835654-a	ตกค้าง	เหลือ
02835724-n	ที่สูบลมจักรยาน	สูบลมจักรยาน
02836035-n	ล้อจักรยาน	ล้อรถจักรยาน
02837416-n	ผง	ผงขาว
02837789-n	ชุดบิกินี	ทูพีซ
02838958-n	ง้าว	พร้าขอ
02839110-n	แผ่นป้ายโฆษณา	แผ่นไม้
02840006-a	เหมือนหมาป่า	เหมือนหมาป่้า
02840619-n	การเข้าปกหนังสือ	ปก
02841315-n	กล้องสองตา	กล้องส่องดูอุปรากร	กล้องส่องทางไกล
02842219-n	โรงภาพยนตร์ไบโอสโคป	ไบโอสโคป
02843553-n	ที่ให้อาหารนก	อุปกรณ์ให้อาหารนก
02843909-n	หมวกบาทหลวง	หมวกเบอร์เร็ตต้า
02844307-n	ดอกสว่าน	เข็มเจาะ
02846141-n	ชุดดำ	ชุดสีดำ
02846260-n	หมากดำ	หมากตัวสีดำ	หมากสีดำ
02846399-n	ภาพขาวดำ	ภาพถ่ายขาวดำ
02847009-n	ธงสีดำ	ธงโจรสลัด
02847461-n	กระบองเหล็ก	ตะบองเหล็ก
02850358-n	เสื้อกีฬา	เสื้อแจ็กเก็ต
02850732-n	เครื่องปั่น	เบลนเดอร์
02851099-n	ฉาก	ฉากกั้น	ที่ซ่อน	บังตา
02851540-n	ซอยตัน	ทางตัน
02851939-n	ผ้าปิดตา	ผ้าผูกตา
02852523-n	ก้อนสี่เหลี่ยม	ของที่เป็นก้อนสี่เหลี่ยม	บล็อก	แท่งสี่เหลี่ยม
02853449-n	การหยุด	สิ่งกีดขวาง
02854630-n	รถรับบริจาคเลือด	รถรับบริจาคโลหิต
02854739-n	กางเกงชั้นในสตรี	กางเกงใน
02855390-n	ตะเกียงเตาฟู่	เครื่องพ่นไฟ
02855925-n	ชุดสีกรมท่า	เสื้อผ้าสีฟ้า
02856463-n	กระดาน	บอร์ด	แผ่นกระดาน
02857023-n	กระดาน	กระดานเล่นเกม
02858304-n	นาวา	เภตรา	เรือ
02859184-n	หมวกปานามา	หมวกฟางยอดแบน
02860063-n	ทุ่น	ทุ่นตกปลา
02860640-n	กิ๊บ	กิ๊บติดผม
02860847-n	บ็อบสเลด	เลื่อนหิมะ
02861617-a	ที่มีภาพ	ที่มีภาพประกอบ
02861886-n	บอดี้	โครงสร้างของรถ
02863536-n	ปืนใหญ่โบฟอร์ส	โบฟอร์ส
02863750-n	บอยเลอร์	ภาชนะหุงต้ม	หม้อต้มน้ำ
02864342-n	เชือกโบลา	เชือกโบล่า	โบลา
02865108-n	โบโลกราฟ	โบโลแกรม
02865214-n	มาตรรังสีความร้อน	เครื่องวัดรังสีความร้อน	โบโลมิเตอร์
02865509-n	พระเขนยข้าง	พระเขนยเคียง	หมอนข้าง
02866578-n	ระเบิด	ลูกระเบิด
02868068-n	บอมบี	ระเบิดลูกเล็กๆ
02868704-a	เกี่ยวกับการได้ยิน	เกี่ยวกับการได้ยินเสียง
02869249-n	กรับ	กรับมือ
02869737-n	กลองบองโก	กลองเล็ก
02870092-n	สมุด	หนังสือ	เล่ม
02870880-n	ชั้นวางหนังสือ	ตู้หนังสือ
02871147-n	ที่คั่นหนังสือ	บุ๊คมาร์ค
02871314-n	รถห้องสมุดเคลื่อนที่	ห้องสมุดเคลื่อนที่
02871525-n	ร้านขายหนังสือ	ร้านหนังสือ	แผงขายหนังสือ	แผงหนังสือ
02872333-n	จรวดช่วยส่ง	เครื่องส่งจรวดขึ้นท้องฟ้า
02872529-n	บูสเตอร์	เครื่องเพิ่มกำลัง
02872752-n	บูท	รองเท้าบูท	เกือกบูท
02873733-n	รองเท้าถักไหมพรม	รองเท้าไหมพรม
02873839-n	บูท	พื้นที่เล็กที่จัดไว้
02874086-n	ซุ้ม	ซุ้มขายสินค้า	ซุ้มสำหรับออกร้าน	บูธ
02874214-n	บูธ	บูธในร้านอาหาร
02875233-n	รอยเจาะ	รู	รูเจาะ
02875436-n	ดอกสว่าน	สว่านเจาะหิน
02877765-n	จุกขวด	ฝาขวด
02878107-n	โรงงานผลิตเครื่องดื่ม	โรงงานเครื่องดื่ม
02878534-n	ห้องนอนผู้หญิง	ห้องนอนสตรี
02879309-n	ร้านขายเสื้อผ้า	ร้านบูติก	ร้านเสื้อผ้า
02879517-n	คันชัก	คันสี
02879718-n	คันธนู	คันศร	ธนู	เกาทัณฑ์
02880393-n	คันธนูและลูกศร	คันศรและลูกธนู
02880842-n	มีดเดินป่า	มีดโบวี่
02881757-n	หมวกทรงกลมปีกแข็ง	หมวกทรงแตงโม	หมวกสักหลาด
02882647-n	พิน	พินโบว์ลิ่ง
02882894-n	รองเท้าโบว์ลิ่ง	รองเท้าโยนโบว์ลิ่ง
02883101-n	สายธนู	สายเกาทัณฑ์
02884225-n	คอก	บ็อกซ์
02884450-n	ที่นั่งของคนขับ	ที่นั่งคนขับ	เก้าอี้คนขับ
02885663-n	สนามมวย	สังเวียนมวย	เวทีผ้าใบ	เวทีมวย
02885882-n	ที่จำหน่ายบัตร	บ็อกซ์ออฟฟิส	ห้องขายตั๋ว
02887079-n	ลวดดัดฟัน	เหล็กยึดฟัน
02887489-n	สายรั้งถุงน่อง	สายแขวน
02887970-n	กำไล	สร้อย
02888133-n	ยาบำรุงกำลัง	โทนิค
02889425-n	ห้ามล้อ	เบรก
02891788-n	เครื่องลมทองเหลือง	เครื่องเป่าทองเหลือง
02892767-n	บรา	บราเซียร์	ยกทรง	เสื้อใน
02893692-n	กล่องขนม	กล่องขนมปัง
02894605-n	พนัง	เขื่อนกันคลื่น	เขื่อนกั้นทะเล
02895154-n	เกราะป้องกันหน้าอก	เกราะเเผ่นอก
02895438-n	เครื่องตรวจวัดปริมาณแอลกอฮอล์	เครื่องวัดปริมาณแอลกอฮอล์จากลมหายใจ	เครื่องวัดปริมาณแอลกอฮอล์แบบเป่า
02898269-n	เหล็กโบกบูน	เหล็กโบกปูน
02898585-n	ชุดเจ้าสาว	ชุดแต่งงาน
02900857-n	กระเป๋าระเบิด	กระเป๋าระเบิดเวลา
02902250-n	ปาก	ปากขวด
02903126-n	ไม้เสียบลูกชิ้น	ไม้เสียบหมูปิ้ง
02903405-n	สถานีกระจายเสียง	สถานีออกอากาศ
02903588-n	ห้องส่ง	ห้องออกอากาศ
02906438-n	เข็มกลัด	เข็มกลัดผู้หญิง
02906963-n	ตู้เก็บของทำความสะอาด	ตู้เก็บอุปกรณ์ทำความสะอาด
02907391-n	ปืน	ไรเฟิลบราวนิง
02910353-n	ที่รัดสาย	ที่รัดเข็มขัด
02911158-n	กันชน	เครื่องกันกระแทก
02911485-n	ที่พักข้อมูล	บัฟเฟอร์	หน่วยเก็บที่พัก
02912065-n	เคาน์เตอร์	โต๊ะวางอาหาร
02912440-n	เครื่องดักฟัง	ไมโครโฟนดักฟัง
02913152-n	ตึก	สิ่งปลูกสร้าง	อาคาร
02915199-n	ร้านขายวัสดุก่อสร้าง	ร้านวัสดุก่อสร้าง
02916179-n	รถปราบหน้าดิน	รถไถ
02916350-n	กระสุน	ลูกกระสุน	ลูกตะกั่ว	ลูกปืน
02916936-n	เสื้อกันกระสุน	เสื้อเกราะกันกระสุน
02917067-n	รถไฟความเร็วสูง	รถไฟฟ้าความเร็วสูง
02917377-n	สปีกเกอร์	เครื่องกระจายเสียง	โทรโข่ง
02918455-n	เรือบัมโบท	เรือบั๊มโบ๊ท
02918595-n	กันชน	กันชนรถ
02919792-n	กระท่อม	บังกะโล
02920369-n	บังเกอร์	หลุมทราย	อุปสรรคทราย
02920503-n	ที่กำบัง	มูนดิน
02921592-n	บิวเรต	บิวเรตต์
02922292-n	หลุมฝังศพ	เนินหลุมฝังศพ
02923510-a	มุสลิม	อิสลาม
02923915-n	การตะไบ	เครื่องตะไบ
02924116-n	รถบัส	รถประจำทาง	รถเมล์	รถโดยสารประจำทาง	รถโดยสารสาธารณะ
02924554-n	ซากรถ	รถเก่า
02924713-n	สะพานไฟฟ้า	สายไฟฟ้าใหญ่
02925808-n	ช่องทางเดินรถประจำทาง	ช่องทางเดินรถโดยสาร	บัสเลน
02926320-a	อิเล็กโตรแมกเนติก	แม่เหล็กไฟฟ้า
02927399-n	ก้น	ก้นกรอง
02928930-n	รังกระดุม	รังดุม
02929289-n	ครีบยัน	ส่วนที่ค้ำ
02930492-n	ผลพลอยได้	ผลิตภัณฑ์พลอยได้
02930645-n	ถนนบายพาท	ถนนเลี่ยงเมือง	ทางบายพาท
02930766-n	รถแท็กซี่	แท็กซี่
02931148-n	ห้องคนขับ	ห้องโดยสาร
02932891-n	เรือท่องเที่ยว	เรือสำราญ
02933132-a	มดลูก	ในมดลูก
02933462-n	ตู้เก็บของ	ตู้เสื้อผ้า
02933649-n	ตู้	ตู้ไม้
02933990-n	ระบบส่งสัญญาณ	เคเบิลทีวี
02934168-n	สายส่ง	สายเคเบิล
02935316-n	ตราประทับจดหมาย	ตราประทับไปรษณีย์	ที่ปั๊มตราไปรษณีย์
02935658-n	คอฟฟี่ชอป	คาเฟ	ร้านกาแฟ
02937469-n	ก้อน	แท่ง
02938886-n	เครื่องคำนวณ	เครื่องคิดเลข
02940385-n	คอลเซ็นเตอร์	ศูนย์คอลเซ็นเตอร์
02940570-n	คอลเลอร์ไอดี	เครื่องแสดงเบอร์
02942227-n	มหาวิทยาลัยเคมบริดจ์	มหาวิทยาลัยแคมบริดจ์
02942349-n	กล้องบันทึกภาพ	แคมคอร์เดอร์
02942699-n	กล้อง	กล้องถ่ายรูป
02943241-n	เลนส์กล้อง	เลนส์กล้องถ่ายรูป
02944146-n	ชุดชั้นใน	เสื้อชั้นใน	เสื้อชั้นในผู้หญิง	เสื้อใน
02944579-n	ผ้าพราง	ผ้าลายทหาร	ผ้าลายพราง
02944826-n	ค่าย	ค่ายพัก
02945161-n	ค่าย	แคมป์
02945379-n	ค่ายกักกัน	แคมป์
02945594-n	ค่าย	ค่ายฤดูร้อน	แคมป์
02945813-n	ค่ายผู้ลี้ภัย	ค่ายพักแรม
02946221-a	ด้านการศึกษา	ทางการศึกษา
02946921-n	กระป๋อง	ป๋อง
02947212-n	คลอง	ลำคลอง
02949202-n	ธารพระกร	ไม้เท้า
02949691-n	กัญชา	มาลีฮวนน่า
02950018-n	โรงงานผลิตอาหารกระป๋อง	โรงงานอาหารกระป๋อง
02950826-n	ปืนบนรถถัง	ปืนรถถัง
02952237-n	คาโนปี	พิดาน
02954068-n	ภาพบนผ้าใบ	ภาพสีน้ำมันบนผ้าใบ
02954163-n	กระโจมผ้าใบ	เต็นท์	เต้นท์ผ้าแคนวาส	เต้นท์แคนวาส
02954340-n	หมวกแก็ป	แก็ป
02954938-n	จุก	ฝา	ฝาจุก
02955247-n	คอนเด็นเซอร์	คาปาซิเตอร์	ตัวเก็บไฟ
02957823-a	เกลิค	เคลติค
02958343-n	รถ	รถยนต์
02960903-n	ขวดแก้วไวน์	เหยือกแก้ว
02961225-n	เเบตเตอร์รี่รถยนต์	แบตเตอร์รี่รถยนต์
02961544-n	คาร์บอมบ์	รถระเบิด
02961947-n	คาร์บอนอาร์ก	คาร์บอนอาร์กแลมป์
02962545-n	การ์ด	แผ่นการ์ด
02964389-n	สินค้าขนส่ง	สินค้าบรรทุก
02965216-n	เรือบรรทุกสินค้า	เรือสินค้า
02965300-n	คาร์โกชิป	เรือบรรทุกสินค้า	เรือสินค้า
02965783-n	กระจกรถ	กระจกรถยนต์
02966545-n	ค้อนช่างไม้	ค้อนหงอน
02966687-n	ชุดอุปกรณ์ช่างไม้	ชุดเครื่องมือช่างไม้
02968828-a	กัมพูชา	เขมร
02970408-n	กระเป๋าหูรูด	กระเป๋าหูหิ้ว
02970685-n	คาร์ซีท	ที่นั่ง
02973558-n	งานแกะสลัก	รูปแกะสลัก
02974003-n	ล้อรถ	ล้อรถยนต์
02975212-n	ตู้โชว์	ภาชนะแก้วใส
02977058-n	ตู้กดเงิน	ตู้กดเงินอัตโนมัติ	ตู้ถอนเงินอัตโนมัติ	ตู้เอทีเอ็ม	ที่กดเงิน
02977619-n	กรอบ	กรอบหน้าต่าง
02977936-n	คาสิโน	บ่อนคาสิโน
02978055-n	กล่องเครื่องเพชร	กล่องใส่เครื่องเพชร
02979186-n	เครื่องเล่นเทป	เครื่องเล่นเทปคาสเซ็ท
02980036-n	ลูกล้อ	ล้อหมุน
02982232-n	ตัวปล่อยจรวด	เครื่องส่งอากาศยาน
02984203-n	มหาวิหาร	โบสถ์สำคัญ
02984699-n	ขั้วลบ	แคโทด
02985963-n	ขวดซอส	ขวดซอสมะเขือเทศ
02986348-n	เรือบรรทุกปศุสัตว์	เรือปศุสัตว์
02987379-n	หมวกคาวาเลียร์	หมวกปีกคาวาเลียร์
02987823-n	ผนังกลวง	ผนังเบา
02988304-n	ซีดีเพลเยอร์	เครื่องเล่นซีดี
02991048-n	เซลล์	เซลล์ไฟฟ้า
02991302-n	คุก	ซังเต	มุ้งสายบัว	ห้องขัง	ห้องคุมขัง
02992529-n	มือถือ	โทรศัพท์ติดตามตัว	โทรศัพท์มือถือ	โทรศัพท์เคลื่อนที่	โมบายโฟน
02992795-n	สก็อตเทป	เทปใส
02993546-n	ศูนย์	เซ็นเตอร์
02994858-n	ชุมสาย	ชุมสายโทรศัพท์
02995345-n	ซีพียู	หน่วยประมวลผลกลาง
02998209-n	บาคอล	ยาบาคอล
02998563-n	ถังปุ๋ยหมัก	ถังส้วมซึม
02998988-a	ครบร้อยปี	ครบหนึ่งร้อยปี	ที่หนึ่งร้อย
02999410-n	สายโซ่	โซ่
02999757-n	พวง	สร้อย	สายสร้อย
03000247-n	ชุดเกราะห่วงโซ่	เกราะโซ่ถัก
03000684-n	เลื่อยโซ่	เลื่อยโซ่ยนต์
03001627-n	ม้านั่ง	เก้าอี้
03002711-n	เก้าอี้นวมยาว	เก้าอี้นอน
03005769-n	การเปลี่ยนเสื้อ	ชุดที่ใช้เปลี่ยน	ชุดเปลี่ยน
03006398-n	ช่อง	ช่องทีวี	ช่องโทรทัศน์
03007824-n	ชาร์โคล	ดินสอถ่านชาร์โคล	ถ่านชาร์โคล
03008976-n	ที่ชาร์จแบต	ที่ชาร์จแบตเตอร์รี่	เครื่องชาร์จแบต	เครื่องชาร์จแบตเตอร์รี่	เครื่องประจุเเบตเตอร์รี่	เครื่องประจุไฟ
03009269-n	รถม้าศึก	รถศึก
03009633-n	ของขลัง	ของดี	เครื่องรางของขลัง
03011355-n	เบี้ย	เบี้ยหมากฮอส
03011741-n	เคาน์เตอร์	เคาน์เตอร์ชำระเงิน
03012897-n	โรงงานอุตสาหกรรมเคมี	โรงงานเคมีภัณฑ์
03015254-n	ตู้มีลิ้นชัก	ตู้ลิ้นชักใส่เสื้อผ้า	ลิ้นชักใส่เสื้อผ้า
03016511-n	ฟาร์มเลี้ยงไก่	ฟาร์มไก่
03016737-n	คอกสัตว์ปีก	คอกไก่	เล้าไก่
03017168-n	ฆ้อง	ระฆัง	เสียงระฆัง
03017428-n	ปล่อง	ปล่องไฟ
03018209-n	เครื่องถ้วยชามจากจีน	เครื่องลายครามจีน
03019535-n	ศิลปะจีน	ศิลปะแบบจีน
03020034-n	ชิป	ไมโครชิป
03020416-n	เบี้ย	เบี้ยพนัน
03021543-a	เกียวกับภูมิศาสตร์	เกี่ยวกับภูมิศาสตร์
03023878-n	ลิ่ม	ลิ่มรองล้อ
03025357-n	เขียง	เขียงหมู
03025755-n	ฉลองพระหัตถ์ตะเกียบ	ตะเกียบ
03030557-n	ที่ตัดซิการ์	มีดตัดซิการ์
03030663-n	ซิกาแรต	บุหรี่	ยาซิกาแรต	ยาสูบ
03031012-n	กล่องบุหรี่	ซองบุหรี่
03031422-n	ไฟ	ไฟแช็ค
03031756-n	สายรัด	สายรัดอานม้า
03032252-n	โรงภาพยนตร์	โรงหนัง
03033362-n	วงจร	วงจรไฟฟ้า
03033986-n	แผงวงจร	แผ่นวงจร
03034244-n	เครื่องตัดวงจร	เบรกเกอร์
03034663-n	เลื่อยวง	เลื่อยวงเดือน
03035252-n	เต็นท์คณะละครสัตว์	เต็นท์ละครสัตว์
03035510-n	ถังน้ำใต้ดิน	ถังใต้ดิน
03036341-n	ชุดซิวีส	ซิวีส
03038595-n	งานคลาสสิค	ผลงานคลาสสิค	ผลงานระดับคลาสสิค
03038685-n	คลาสรูม	ชั้นเรียน	ห้องเรียน
03041449-n	รองเท้าฟุตบอล	รองเท้าสตั๊ด	สตั๊ด
03041632-n	ปังตอ	มีดชำแหละเนื้อ	มีดสับเนื้อ	มีดอีโต้
03042490-n	ที่อยู่บนหน้าผา	ที่อยู่อาศัยบนหน้าผา
03043274-n	คลินิก	ร้านหมอ
03043958-n	คลิป	คลิปหนีบ	ที่หนีบ
03044934-n	กรรไกรตัดเล็บ	ที่ตัดเล็บ
03046657-n	หน้าปัด	หน้าปัดนาฬิกา
03049066-n	ระบบโทรทัศน์วงจรปิด	โทรทัศน์วงจรปิด
03049695-n	ภาพถ่ายระยะใกล้	ภาพระยะใกล้	ภาพโคลสอัพ
03049782-n	เลนส์ถ่ายภาพระยะใกล้	เลนส์ถ่ายระยะใกล้	เลนส์ถ่ายใกล้	เลนส์โคลสอัพ
03051249-n	ที่หนีบผ้า	ไม้หนีบผ้า
03051540-n	เครื่องนุ่งห่ม	เครื่องแต่งกาย	เสื้อผ้าเครื่องประดับ
03052464-n	ร้านขายเสื้อผ้า	ร้านขายเสื้อผ้าผู้ชาย	ร้านขายเสื้อผ้าสำหรับผู้ชาย	ร้า่นขายเสื้อผ้าสำหรับผู้ชาย
03053474-n	กระบอง	ไม้กระบอง
03053657-a	ซึ่งทำให้เชื่ออย่างผิด	ซึ่งทำให้เชื่ออย่างผิดๆ
03053788-n	ดอกจิก	ไพ่ดอกจิก
03054098-n	คลับดรักซ์	สารเสพติดที่ใช้เพื่อความบันเทิง
03054311-n	คลับ	คลับเฮาส์	สโมสร
03054605-n	ระเบิดดาวกระจาย	ระเบิดลูกปราย
03057021-n	เสื้อโค้ต	โค้ต
03058726-n	อาร์ม	อาร์มแขน
03060294-n	โคเคน	โคเคอีน
03061050-n	หมวกอุศเรน	หมวกแพรขน
03061505-n	ที่นั่งนักบิน	ห้องขับเครื่องบิน	ห้องนักบิน
03062461-n	ยาโคดีอีน	โคดีอีน
03064758-n	พระโกศ	หีบพระศพ	หีบศพ	โกศ	โลง	โลงผี	โลงศพ
03066743-n	สโนว์	โค้ก
03066965-n	คอลชิซีน	ยาคอลชิซีน
03067690-n	ยาแก้หวัด	ยาแก้ไข้
03067912-n	ภาพปะติดปะต่อ	รูปภาพปะซ้อน
03068181-n	คอปก	ปก	ปกเสื้อ
03071021-n	น้ำหอมโอดิโคโลญ	โคโลญ	โคโลญ์น
03072201-n	ทีวีสี	โทรทัศน์สี
03072440-n	หลอดภาพทีวีสี	หลอดภาพสี
03073977-n	เสา	เสาค้ำ
03074565-a	อารยัน	อินโดยูโรเปียน	อินโดอารยัน
03074855-n	พระสาง	หวี
03075191-a	อิหร่าน	เปอร์เซีย
03075798-a	ตัวเอน	ตัวเอียง
03076411-n	ร้านค้าสวัสดิการทหาร	ร้านสวัสดิการทหาร
03076708-n	ของซื้อของขาย	ของซื้อขาย	ข้าวของ	สินค้า
03077616-n	คอมมอนรูม	ห้องคอมมอน
03078287-n	ระบบการติดต่อสื่อสาร	ระบบการสื่อสาร	ระบบสื่อสาร
03079136-n	คอมแพ็คคาร์	รถเล็ก
03079230-n	คอมแพ็กดิสก์	ซีดี	แผ่นซีดี
03079616-n	บันไดขึ้นดาดฟ้าเรือ	บันไดดาดฟ้าเรือ
03079741-n	ห้องที่กั้นขึ้น	ห้องย่อย
03081021-n	ส่วนประกอบ	องค์ประกอบ
03082979-n	คอม	คอมพิวเตอร์	เครื่องคอมพิวเตอร์
03085013-n	คีย์บอร์ดคอมพิวเตอร์	แป้นพิมพ์	แป้นพิมพ์คอมพิวเตอร์
03085219-n	จอคอมพิวเตอร์	จอภาพคอมพิวเตอร์
03085781-n	ร้านขายอุปกรณ์คอมพิวเตอร์	ร้านคอมพิวเตอร์
03086457-n	คอนเสิร์ตเปียโน	เปียโน
03087069-n	เครื่องผสมปูน	เครื่องผสมปูนซิเมนต์
03087816-n	ไมโครโฟนคอนเดนเซอร์	ไมโครโฟนชนิดคอนเดนเซอร์
03088020-n	ครีมนวด	ครีมนวดผม
03088164-n	ถุง	ถุงมีชัย	ถุงยาง	ถุงยางอนามัย
03088389-n	คอนโด	คอนโดมิเนียม
03088580-n	คอนโด	คอนโดมิเนียม
03088707-n	คอนดักเตอร์	ตัวนำ
03089348-n	กรวย	วัตถุรูปทรงกรวย
03089624-n	ร้านขายขนมหวาน	ร้านขายลูกกวาด
03089879-n	ห้องประชุม	ห้องสัมมนา
03091374-n	คอนเน็กเตอร์	ตัวเชื่อม
03092883-n	โต๊ะคอนโซล	โต๊ะติดผนัง
03093574-n	ของบริโภค	เครื่องบริโภค
03094503-n	ที่บรรจุของ	ที่ใส่ของ
03095699-n	เรือคอนเทนเนอร์	เรือบรรทุกคอนเทนเนอร์
03096439-n	คอนตราฟากอตโต	ึคอนทราบาสซูน
03096593-n	กลไกการคุมกำเนิด	อุปกรณ์คุมกำเนิด
03096960-n	คอนโทรลเลอร์	ตัวควบคุม	ตัวคอนโทรล
03097890-n	ยาเสพติด	ยาเสพย์ติด	สารควบคุม	สารเสพติด	สิ่งเสพติด
03098140-n	คอนโทรลพาเนล	แผงควบคุม	แผงสวิตช์
03099742-a	ฟอสฟอริก	ฟอสฟอเรียส
03099945-n	คอนเวอร์เตอร์	ตัวเปลี่ยน
03100490-n	พาหนะ	ยานพาหนะ
03100897-n	สายพานลำเลียง	สายพานลำเ่ลียง
03101302-n	เตาทำอาหาร	เตาหุงต้ม	เตาไฟทำอาหาร
03101664-n	โหลคุกกี้	โหลใส่คุกกี้
03102558-a	ปริซึม	พริสมาติก
03102654-n	คูลเลอร์	คูลเลอร์น้ำเย็น	เครื่องทำน้ำเย็น
03102771-n	คุก	ห้องขัง
03104594-n	ก็อปปี้	ของก็อป	ของก็อปปี้	สำเนา
03108853-n	จุกคอร์ก	ฝาจุกคอร์ก
03109881-n	มุม	มุมตึก
03113835-n	ชุด	ชุดแต่งกาย
03114139-a	ซาอุ	ซาอุดิอาระเบีย
03115180-n	ผ้าคอตตอน	ผ้าฝ้าย
03115301-n	เส้นใยคอตตอน	เส้นใยฝ้าย
03115693-a	เซมิติก	เซไมต์
03116651-a	สยาม	ไท	ไทย
03116809-a	สยาม	ไท	ไทย
03117012-a	สยาม	ไท	ไทย
03118539-n	ความสมดุล	ความเท่าเทียมกัน	ตัวถ่วงน้ำหนัก	น้ำหนักถ่วงดุล
03119396-n	รถสองประตู	รถเก๋งสองประตู
03122295-n	รถม้ามีประทุน	รถม้ามีหลังคา
03122748-n	สิ่งที่ใช้คลุม	สิ่งปกคลุม	สิ่งห่อหุ้ม
03124043-n	บูทคาวบอย	รองเท้าบูทคาวบอย
03124170-n	หมวกคาวบอย	หมวกโคบาล
03124590-n	คอกปศุสัตว์	คอกวัว
03126707-n	ปั้นจั่น	เครน
03128248-n	สีเทียน	เครยอง
03128519-n	ครีม	ครีมบำรุงผิว
03129123-n	งาน	ผลงาน
03130066-n	เตาเผาศพ	เมรุ
03130233-n	ฌาปนสถาน	สถานที่ฌาปนกิจ	สถานที่เผาศพ	เชิงตะกอน	เมรุ
03131574-n	เตียงเด็ก	เปล
03134496-n	ด้ามแส้	แส้
03137744-n	ครอสสติทช์	งานปักครอสสติทช์
03138669-n	มงกุฎ	มงกุฎเพชร
03139045-a	ที่รวบอำนาจ	เกี่ยวกับระบบเผด็จการ
03141065-n	รถตำรวจ	รถสายตรวจ
03141702-n	ที่คั้น	เครื่องคั้น
03142579-n	อุปกรณ์ถอดรหัส	เครื่องมือถอดรหัส
03142679-n	กระจกหน้าปัดนาฬิกา	หน้าปัดนาฬิกา
03144592-n	ก้อนสี่เหลี่ยม	รูปสี่เหลี่ยมลูกเต๋า	ลูกบาศก์	สี่เหลี่ยมลูกเต๋า
03145522-n	ไม้คิว	ไม้แทงพูล
03146075-n	กระดุมกลัดแขนเสื้อสูท	กระดุมติดสูท	คัฟลิงค์
03146846-n	คันไถ	เครื่องไถดิน
03147543-a	ถูกตี	ถูกตีให้แบน
03147643-a	แบ่งค่า	แบ่งระดับ
03148324-n	ตู้	ห้องเก็บของ
03148724-a	ที่ผ่านไป	ที่ล่วงเลย
03148920-n	ขอบถนน	ขอบทางเดิน
03149135-n	สายบังเหียนม้า	เหล็กปากแข็ง
03151077-n	ผ้าม่าน	พระวิสูตร	พระสูตร	ม่าน
03151401-n	ห่วงผ้าม่าน	ห่วงม่าน
03153255-a	ที่สร้างขึ้นใหม่	ที่เกิดขึ้นใหม่
03153361-a	ที่มีสัน	เป็นสัน
03153948-n	คัตเอาท์	ตัวตัดไฟ
03154073-n	ที่ตัด	มีด	เครื่องมือตัด
03154446-n	อุปกรณ์สำหรับตัด	เครื่องมือตัด
03155178-n	ร้านอินเตอร์เน็ต	ร้านอินเตอร์เน็ตคาเฟ่	ร้านเน็ต	ไซเบอร์คาเฟ่
03155193-a	ที่กลายเป็นสบู่	ที่เปลี่ยนเป็นสบู่
03159640-n	แท่นปาฐก	แท่นปาฐกถา	โพเดียม
03160309-n	สันเขื่อน	เขื่อน
03161450-n	ตัวหน่วงสั่นสะเทือน	แดมเปอร์
03162171-n	ยาแดปโซน	แดปโซน
03162460-n	ห้องมืด	ห้องอัดรูป
03163973-n	อุปกรณ์นำเข้าข้อมูล	อุปกรณ์อินพุต
03164344-n	ดาต้าซิสเต็ม	ระบบข้อมูล	ระบบสารสนเทศ
03167666-n	ชั้น	ดาดฟ้า
03168217-n	เก้าอี้ชายหาด	เก้าอี้ผ้าใบ
03169271-n	ดีคอนเจสแตนท์	ยาดีคอนเจสแตนท์
03173270-n	เครื่องกระเบื้องเคลือบ	เครื่องถ้วยเดลฟต์
03173387-n	ร้านขายอาหาร	ร้านขายอาหารสำเร็จรูป	ร้านอาหาร
03174211-n	ดีโคลไมซิน	ยาดีโคลไมซิน
03175189-n	ผ้าฝ้ายเนื้อหนา	ผ้ายีน
03175604-n	อุปกรณ์ทันตกรรม	อุปกรณ์ทำฟัน
03176594-n	ยาดับกลิ่น	ยาระงับกลิ่น
03176763-n	ศูนย์การค้า	ห้าง	ห้างสรรพสินค้า
03176970-n	ประตูทางออก	ประตูผู้โดยสารขาออก
03177349-n	คลังเก็บของ	โรงเก็บของ
03178000-n	เครื่องมือวัดความลึก	เครื่องมือวัดความลึกของน้ำ
03178173-n	มาตรวัดความลึก	เกจวัดความลึก
03179910-n	โทรศัพท์ตั้งโต๊ะ	โทรศัพท์แบบตั้งโต๊ะ
03180011-n	คอมพิวเตอร์ตั้งโต๊ะ	คอมพิวเตอร์แบบตั้งโต๊ะ
03180384-n	ช้อนขนมหวาน	ช้อนของหวาน
03180969-n	ดีเท็กเตอร์	ตัวตรวจจับสัญญาณ	เครื่องตรวจจับ	เครื่องตรวจจับสัญญาณ
03181293-n	ดีเทกเตอร์	เครื่องจับสัญญาณ
03181501-n	ตัวถอดการกล้ำ	ตัวแยกสัญญาณ
03181667-n	ศูนย์กักกัน	สถานกักกัน	สถานพินิจ
03182232-n	ชนวนระเบิด	เชื้อระเบิด
03183080-n	อุปกรณ์	เครื่องมือ
03186818-n	หน้าปัดแบบหมุน	หน้าปัดโทรศัพท์แบบหมุน
03187595-n	โทรศัพท์หมุน	โทรศัพท์แบบหมุน	โทรศัพท์แบบหมุนตัวเลข
03187972-n	ข้าวหลามตัด	หลามตัด	ไพ่ข้าวหลามตัด
03188531-n	ผ้าอ้อม	ผ้าอ้อมทารก	ผ้าอ้อมเด็ก	แพมเพอร์
03189707-n	สมุดบันทึก	ไดอารี่
03192347-n	ยาไดคลอกซาซิลลิน	ยาไดนาเพน	ไดคลอกซาซิลลิน
03195659-n	หลุมขุด	หลุมโบราณคดี
03196062-n	กล้องดิจิตอล	กล้องถ่ายรูปดิจิตอล
03196324-n	ดิจิตอลคอมพิวเตอร์	ดิจิทัลคอมพิวเตอร์
03196598-n	จอดิจิตอล	จอภาพดิจิตอล
03198819-n	ขอ	ถนนไดม์
03200701-n	ห้องรับประทานอาหาร	ห้องอาหาร
03201208-n	โต๊ะกินข้าว	โต๊ะรับประทานอาหาร	โต๊ะอาหาร
03201638-n	ชุดราตรี	ชุดราตรียาว
03201776-n	ชุดทักซิโด	ทักซิโด	สูททักซิโด
03206282-n	ดิสโก้	ดิสโก้เทก
03206602-n	จักร	จักรขว้าง
03208229-n	ยาฆ่าเชื้อ	ยาฆ่าเชื้อโรค
03208556-n	แผ่นกลมแบน	แผ่นดิสก์
03208938-n	ดิสก์เบรก	เบรกจาน
03209666-n	ดิสก์ไดรฟ์	หน่วยขับแผ่นบันทึก	หน่วยขับแผ่่นบันทึก
03210940-n	พรีเซนเทชั่น	ภาพนำเสนอ
03211616-n	กระดาน	บอร์ด
03216562-n	ดิกซี	หม้อใหญ่
03216828-n	ท่าเรือ	อู่เรือ
03218545-n	กาก	ขยะ
03219135-n	ตุ๊กตา	ตุ๊กตุ่น	ตุ๊กตุ่นตุ๊กตา
03220513-n	หลังคารูปโดม	หลังคาโดม	โดม
03220692-n	สนามกีฬามีหลังคา	โดมสเตเดียม
03220802-n	แท่งโดมิโน	โดมิโน
03221720-n	บานประตู	ประตู	พระทวาร
03222722-n	กรอบประตู	วงกบประตู
03224032-n	ช่องประตู	ประตู	ประตูทางเข้า	ประตูเข้าออก
03224893-n	หอพัก	หอพักนักศึกษา
03225108-n	ห้องนอนรวม	ห้องนอนใหญ่
03225238-n	ปริมาณยา	โดส
03225777-n	ปริ้นเตอร์ดอทเมตริกซ์	เครื่องพิมพ์ดอทเมตริกซ์
03229244-n	หมุด	หมุดไม้
03230785-n	การร่างภาพ	ภาพร่าง
03231024-n	กระดานรองวาด	กระดานรองวาดภาพ	กระดานรองวาดรูป	กระดานรองเขียน
03231819-n	ดรากูนอฟ	ปืนดรากูนอฟ
03232309-n	คูน้ำ	คูระบายน้ำ	ร่องระบายน้ำ
03233744-n	สะพานชนิดเปิดปิดได้	สะพานหก
03234306-n	ภาพดรออิ้ง	ภาพวาดเส้น
03235560-n	สายรูด	เชือกรูด
03236735-n	ชุดกระโปรง	ชุดเสื้อกระโปรงติดกัน
03237340-n	ตู้ที่มีชั้น	ตู้เก็บของ
03237416-n	หมวกทรงกระบอก	หมวกทรงสูง	หมวกที่มีขนยาว
03237639-n	ผ้าก็อต	ผ้าปิดแผล
03239726-n	สว่าน	เครื่องเจาะ
03240892-n	สว่านแท่นเจาะ	สว่านแท่นไฟฟ้า
03241236-n	สถานที่ขุดเจาะ	แท่นขุดเจาะ
03242995-n	หน่วยขับ	ไดรฟ์
03244047-n	สนามกอล์ฟ	หัวไม้หนึ่ง
03245075-n	ดริกโซรอล	ยาดริกโซรอล
03246312-n	ผ้าคลุมเครื่องเรือน	ผ้าคลุมเฟอร์นิเจอร์
03247083-n	ที่หยอดยา	อุปกรณ์หยอดยา
03247620-n	พระโอสถ	ยา	โอสถ
03248560-n	ยาค็อกเทล	ยารักษาโรคเอดส์
03248958-n	ยา	ยาเสพติด
03249342-n	ร้านขายยา	ร้านยา	ร้านเภสัช
03250089-n	ดรัมเบรก	เบรกกง
03250279-n	หนังกลอง	หน้ากลอง
03250847-n	ไม้กลอง	ไม้ตีกลอง
03251766-n	เครื่องทำแห้ง	เครื่องเป่าแห้ง
03254737-n	ขิม	ดัลซิเมอร์
03254862-n	ขิม	ดัลซิเมอร์
03256166-n	รถดัมพ์	รถบรรทุก	รถบรรทุกเทท้าย
03258456-n	ที่กันฝุ่น	ที่ป้องกันฝุ่น
03258730-n	เสื้อคลุม	เสื้อคลุมกันเปื้อน
03259505-n	นิวาสถาน	บ้าน	บ้านช่อง	เรือน
03260293-n	ดินระเบิด	ไดนาไมต์
03260504-n	เครื่องปั่นไฟ	ไดนาโม
03261157-n	ช่องหู	รูหู
03261776-n	หูฟัง	เฮดโฟน
03262349-n	ตุ้มหู	ต่างหู	พระกุณฑล
03265032-n	ของมีคม	เครื่องมีคม	เครื่องมือที่มีคม
03265754-n	อพาร์ทเมนท์ตกแต่งพร้อมอยู่	อพาร์ทเมนท์พร้อมอยู่
03265874-n	หุ่น	หุ่นจำลอง
03266749-n	ผ้านวม	ผ้าห่ม
03267468-n	ที่นั่งดีดตัว	ที่นั่งนักบิน
03269401-n	อุปกรณ์ไฟฟ้า	เครื่องใช้ไฟฟ้า
03271574-n	พัดลม	พัดลมไฟฟ้า
03273740-n	เตาแก๊สไฟฟ้า	เตาไฟฟ้า
03274435-n	พิมพ์ดีดไฟฟ้า	เครื่องพิมพ์ดีดไฟฟ้า
03274796-n	ขั้วไฟฟ้า	อิเล็กโทรด
03275566-n	เครื่องบันทึกด้วยไฟฟ้า	เครื่องอิเล็คโตรกราฟ
03278248-n	อุปกรณ์อิเล็กทรอนิกส์	เครื่องอิเล็กทรอนิกส์
03282591-n	ตรา	ตราสัญลักษณ์	สัญลักษณ์
03282933-n	งานปักลวดลาย	ลวดลายปัก
03288500-n	ห้องเครื่อง	ห้องเครื่องยนต์
03289462-n	ภาพอัดขยาย	รูปถ่ายที่ถูกขยาย
03289660-n	เครื่องขยาย	เครื่องขยายภาพ
03290096-n	ธงประจำเรือ	ธงเรือ
03290771-n	ทางอ้อม	ทางเข้า	สิ่งที่เข้าถึง
03291963-n	ถุงบรรจุก๊าซ	ถุงแก๊ส
03294604-n	หน่วยความจำอ่านอย่างเดียวชนิดโปรแกรมและลบได้	เอ็ปรอม
03297644-n	ร้านกาแฟเอสเพรสโซ	ร้านเอสเพรสโซ
03299788-n	ยาเอทคอลวินอล	เอทคอลวินอล
03303217-n	พัดลมดูดอากาศ	พัดลมระบายอากาศ
03305300-n	ระบบตรวจจับวัตถุระเบิด	เครื่องตรวจจับวัตถุระเบิด
03306207-n	ของส่งออก	ของเอ็กซ์พอร์ต	สินค้าส่งออก	สินค้าเอ็กซ์พอร์ต
03306610-n	ซุปเปอร์ไฮเวย์	ทางด่วน	ทางหลวงพิเศษ
03309808-n	ผ้า	สิ่งทอ
03313333-n	ด้านหน้า	ด้านหน้าอาคาร
03313602-n	ด้านหน้า	หน้า
03314780-n	แป้งทาหน้า	แป้งผัดหน้า
03316406-n	ร.ง.	รง.	โรงงาน
03320519-n	ชุดสำหรับงานเลี้ยงสวมหน้ากาก	ชุดแฟนซี
03323593-n	สินค้าตามกระแสนิยม	สินค้าแฟชั่น
03323703-n	สิ่งที่ติดแน่น	สิ่งยึด	เครื่องจับ	เครื่องยึด
03324502-n	ช่องทางขวา	เลนขวา
03324814-n	ศูนย์ลดน้ำหนัก	สถานลดน้ำหนัก
03325088-n	ก๊อก	ก๊อกน้ำ	หัวก๊อก
03325584-n	ผ้าพันคอขนนก	หนังงู
03325941-n	หมวกปีกกว้าง	หมวกสักหลาดปีกแคบ
03326948-n	ปากกาเมจิก	เมจิก
03328650-n	ยาเฟนตานีล	เฟนตานีล
03329180-n	ยาเฟอร์กอน	เฟอร์กอน
03330274-n	มาลัยดอกไม้	ระย้าดอกไม้
03331244-n	เส้นใย	ไฟเบอร์
03332271-n	คันชักไวโอลิน	คันสีไวโอลิน
03334912-n	ยางสแปร์	ยางอะไหล่
03335333-n	เก้าอี้ตกปลา	เก้าอี้สู้ปลา
03335600-n	หุ่น	หุ่นจำลอง
03336742-n	หลอดกรอด้าย	หลอดปั่นด้าย
03338648-n	ฟิล์ม	แผ่นฟิล์ม
03338821-n	ฟิลม์	แผ่นฟิล์ม	แผ่นเซลลูลอยด์
03339296-n	ฟิล์ม	แผ่นฟิล์ม
03339643-n	ฟิลเตอร์	เครื่องกรอง
03341297-n	ฟิงเกอร์บอร์ด	แผงกดนิ้ว
03342432-n	ปลอกนิ้ว	ผ้าพันนิ้วมือ
03345658-n	บันไดหนีไฟ	ประตูหนีไฟ
03345837-n	ถังดับเพลิง	อุปกรณ์ดับเพลิง	เครื่องดับเพลิง
03346455-n	เตาผิง	เตาผิงไฟ
03347338-n	ส.ดพ.	สถานีดับเพลิง
03347731-n	อาคารที่ไม่มีทางหนีไฟ	อาคารที่ไม่มีบันไดหนีไฟ
03348454-n	ดอกไม้เพลิง	ดอกไม้ไฟ	พลุ
03349150-n	สนามซ้อมยิง	สนามซ้อมยิงเป้า
03349469-n	ชุดปฐมพยาบาล	อุปกรณ์ปฐมพยาบาล
03350011-n	เกียร์ต่ำ	เกียร์หนึ่ง
03351036-n	บ่อเลี้ยงปลา	ฟาร์มเลี้ยงปลา
03351151-n	เบ็ด	เบ็ดตกปลา
03351262-n	เรือจับปลา	เรือประมง	เรือหาปลา
03351768-n	สายเบ็ด	สายเบ็ดตกปลา
03353783-n	ห้า	ห้าแต้ม
03358172-n	แฟลช	แฟลชกล้อง	แฟลชถ่ายภาพ	แฟลชถ่ายรูป	ไฟแฟลช	ไฟแฟลชถ่ายภาพ
03359008-n	แผ่นครอบ	แผ่นปิดครอบ	แฟลชชิ่ง
03361194-n	เตารีดโบราณ	เตารีดใช้ถ่าน
03362223-n	โรงแรมคาสิโน	โรงแรมจิ้งหรีด
03364156-n	ตีนกบ	รองเท้าดำน้ำ
03365592-n	พื้น	ฟลอร์
03367410-n	ร้านขายดอกไม้	ร้านดอกไม้
03368508-n	พวงดอกไม้	พวงมาลัย	มาลัย
03368637-n	สวนดอกไม้	สวนไม้ดอกไม้ประดับ
03370020-n	ฟลูนิแทรสแพน	ยาฟลูนิแทรสแพน	ยาโรฮิพนอล	โรฮิพนอล
03370387-n	หลอดนีออน	หลอดฟลูออเรสเซนต์
03370927-n	ยาบรรเทาอาการหดหู่	ยาโพรแซค	ยาโพแซค
03371875-n	ชักโครก	โถชักโครก
03373943-n	กำแพงค้ำยันแบบปีกนก	ไม้ค้ำ
03376771-n	บานเฟี้ยม	ประตูบานพับ	ประตูบานเฟี้ยม	ประตูเฟี้ยม
03376938-n	เลื่อยพับ	เลื่อยมือพับ
03378593-n	ท่อนฟิล์ม	ฟุตเตจ
03378915-n	สนามบอล	สนามฟุตบอล
03379204-n	สนามฟุตบอล	สนามแข่งขันฟุตบอล
03379592-n	แท่นวางเท้า	แผ่นที่รองรับเท้า
03379828-n	สะพานลอย	สะพานลอยคนข้าม
03380301-n	ฟุตล็อคเกอร์	ล็อคเกอร์
03381231-n	คีม	ปากคีบ
03384167-n	ส้อมพรวน	ส้อมพรวนดิน
03387016-n	ฐาน	ฐานราก	รากฐาน
03387653-n	โรงหลอมโลหะ	โรงหล่อ
03388183-n	ปากกาหมึกซึม	หมึกซึม
03388826-n	สี่	สี่แต้ม
03389761-n	รถขับเคลื่อนสี่ล้อ	รถโฟร์วิล	โฟร์วิล
03389983-n	ปืนลูกซองยิงนก	ปืนสำหรับยิงสัตว์เล็ก
03391770-n	เฟรม	เฟรมเวิร์ก
03394480-n	รถไฟขนส่งสินค้า	รถไฟบรรทุกสินค้า
03400231-n	กระทะ	กระทะทอด	กระทะผัด
03401129-n	มาตรวัดน้ำมัน	เกจวัดน้ำมัน
03401500-n	ท่อน้ำมัน	ท่อเชื้อเพลิง
03402188-n	ชุดพิธีการ	ชุดเต็มยศ
03404149-n	เสื้อขนสัตว์	เสื้อเฟอร์
03404449-n	เตา	เตาหลอม
03405265-n	เครื่องตกแต่ง	เครื่องเรือน
03405725-n	เครื่องเรือน	เฟอร์	เฟอร์นิเจอร์
03407122-n	ดินประสิว	ดินปืน
03409393-n	จั่ว	หน้าจั่ว	หน้าบัน
03410303-n	เดือย	เดือยไก่
03410740-n	ผ้าอุดปาก	เครื่องถ่างปาก
03412058-n	หอศิลป์	ห้องแสดงภาพ	แกลเลอรี่
03413124-n	ตะแลงแกง	ตะแลงแกรง
03413428-n	บ่อน	บ่อนการพนัน
03413828-n	อุปกรณ์เล่นเกม	เกม
03414676-n	โต๊ะการพนัน	โต๊ะเล่นการพนัน
03414814-n	จีเอชบี	ยาจีเอชบี
03416640-n	ศูนย์ซ่อมรถ	อู่ซ่อมรถ
03416775-n	ปืนกาแรนด์	ปืนไรเฟิลกาแรนด์
03417345-n	การ์เดน	สวน	ไร่
03418488-n	การ์กอยล์	ปนาลี
03419014-n	ชุด	เสื้อผ้า
03420559-n	ที่ตั้งกองทหาร	ที่มั่น
03422072-n	หัวเตา	หัวเตาแก๊ส
03423719-n	ปะเก็น	วงแหวนอัดลูกสูบ
03424325-n	หน้ากากป้องกันการหายใจ	หน้ากากป้องกันแก๊ส
03424489-n	เครื่องวัดความจุแก๊ส	เครื่องวัีดความจุแก๊ส	แก๊สมิเตอร์
03424862-n	มาตรวัดน้ำมัน	เกจวัดน้ำมัน	เกวัดน้ำมัน
03425092-n	ปั้มน้ำมัน	ปั๊ม	ปั๊มแก๊ส	สถานีบริการน้ำมัน
03425595-n	เตาแก๊ส	เตาแก๊สหุงต้ม
03426984-n	บ่อก๊าซ	บ่อก๊าซธรรมชาติ
03427084-n	โรงงานผลิตแก๊ส	โรงงานแก๊ส
03427296-n	ประตู	ประตูรั้ว
03427656-n	ลอจิกเกต	วงจรตรรกะ
03427909-n	ประตู	เกต
03428477-n	ทางเข้าออก	เกตเวย์
03429288-n	เก	เกจ	เครื่องวัดระดับ
03430091-n	ผ้าก๊อส	ผ้าพันแผล
03433877-n	เครื่องกำเนิดกระแสไฟฟ้า	เครื่องกำเนิดไฟฟ้า
03434428-n	ผลิตภัณฑ์ทั่วไปที่ไม่มีตรา	สินค้าไม่มียี่ห้อ
03436075-n	ขั้นบันไดริมน้ำ	ท่าบันไดริมน้ำ
03436417-n	ร้านกิฟต์ชอป	ร้านของชำร่วย
03438257-n	แก้ว	แก้วดื่มน้ำ	แก้วน้ำ
03438780-n	ที่ตัดกระจก	มีดตัดกระจก
03438863-n	กล่องแว่น	กล่องแว่นตา
03438952-n	ตาเทียม	ตาแก้ว	ลูกตาเทียม
03439064-n	ชุดเครื่องแก้ว	เครื่องแก้ว
03439260-n	โรงงานผลิตแก้ว	โรงงานแก้ว
03440024-n	ยาไกลพิไซด์	ไกลพิไซด์
03440216-n	จีพีเอส	ระบบนำทางจีพีเอส
03441112-n	ถุงพระหัตถ์	ถุงมือ
03442756-n	ประตู	โกล
03443149-n	เสาประตู	เสาโกล์
03443912-n	แว่นดำน้ำ	แว่นตาดำน้ำ	แว่นประดาน้ำ
03444034-n	รถโกคาร์ท	โกคาร์ท
03445472-n	ชุดภาชนะทอง	ภาชนะทอง
03445617-n	ถุงกอล์ฟ	ถุงไม้กอล์ฟ
03445924-n	รถกอล์ฟ	รถสนามกอล์ฟ
03450734-n	ชุดผ่าตัด	เสื้อกาวน์
03451365-n	ถนนต่างระดับ	ทางต่างระดับ
03453696-n	กราฟฟิก	ภาพกราฟฟิก	ภาพกราฟฟิกคอมพิวเตอร์
03455033-n	ที่ฝังศพ	หลุมฝังศพ	หลุมศพ
03455642-n	เครื่องมือวัดความถ่วงจำเพาะ	แกรวิมิเตอร์
03455802-n	ภาพพิมพ์กราวัวร์	โฟโตกราวัวร์
03456024-n	ชาม	เหยือกน้ำเกรวี่
03456299-n	กระบอกฉีดจาระบี	กระบอกอัดจาระบี
03457902-n	เรือนกระจก	เรือนเพาะชำ
03458271-n	ระเบิดเกรเนด	เกรเนด
03461385-n	ตลาด	ตลาดสด
03462747-n	สายกราวด์	สายดิน
03463832-n	ป่าละเมาะ	สวนผลไม้
03467068-n	กิโยตีน	เครื่องกิโยตีน
03467796-n	ปิ๊ก	ปิ๊กกีตาร์
03467984-n	ปืน	พระแสงปืน	อาวุธปืน
03469832-n	ชุดปืน	เครื่องยิงกระสุน
03469903-n	กระสอบ	ถุงกระสอบ
03470387-n	ศูนย์เล็ง	ศูนย์เล็งปืน
03471779-n	เชือก	เชือกโยงเต็นท์
03472112-n	ยิม	ยิมเนเซียม	อาคารยิมเนเซียม	โรงยิม
03472535-n	รองเท้าผ้าใบ	รองเท้าเทนนิส
03473227-n	ไจโร	ไจโรสโคป
03474635-n	รถม้ารับจ้าง	รถรับจ้าง
03476684-n	กิ๊บ	กิ๊บติดผม
03478756-n	ห้องประชุม	ฮอล
03479266-n	หอเกียรติยศ	ฮอลออฟเฟม
03481172-n	ค้อน	ไม้ค้อน
03481824-n	นก	นกปืน
03482523-n	เข็ม	เข็มนาฬิกา
03483316-n	ที่เป่าผม	เครื่องเป่าผม	ไดร์เป่าผม
03485309-n	ระเบิดมือ	ลูกน้อยหน่า	ลูกระเบิดมือ
03485655-n	งานประดิษฐ์	งานฝีมือ	งานหัตถกรรม	งานแฮนด์เมด
03485997-n	คัน	ด้าม	ด้ามจับ	ที่จับ	มือจับ	หูหิ้ว
03487090-n	แฮนด์	แฮนด์จักรยาน	แฮนด์รถจักรยาน
03487331-n	กี่ทอผ้า	เครื่องทอผ้าด้วยมือ
03487642-n	เสื้อผ้ามือสอง	เสื้อผ้าใช้แล้ว
03488188-n	เลื่อยมือ	เลื่อยลันดา
03488887-n	ตรายาง	ตรายางประทับ	ที่ปั๊มตรายาง	ปั๊มตรายาง
03490006-n	ซับพระพักตร์	ผ้าเช็ดมือ	ผ้าเช็ดหน้า
03491724-n	บ่วงเชือกประหาร	เชือกแขวนคอ
03492391-n	ปกแข็ง	สมุดปกแข็ง	หนังสือปกแข็ง
03492717-n	ยานรก	ยาเสพติดให้โทษที่รุนแรงมาก
03492922-n	หมวกก่อสร้าง	หมวกวิศวกร
03493079-n	ไหล่ถนน	ไหล่ทาง
03494278-n	หีบปาก	ฮาโมนิกา
03494537-n	ออร์แกน	ออร์แกนเหยียบ
03495258-n	พิณ	ฮาร์ป
03497352-n	สายยู	สายยูสามพับ
03497531-n	เบาะรองหัวเข่า	เบาะรองเข่า
03502331-n	ผ้าคลุมศีรษะ	ผ้าคลุมหน้า
03503567-n	ประตูกั้นน้ำ	ประตูน้ำ
03506370-n	สถานประกอบการสปา	สปา
03507048-n	โพแดง	ไพ่โพแดง
03508101-n	ฮีตเตอร์	ฮีเตอร์	เครื่องทำความร้อน
03511426-n	ส้น	ส้นรองเท้า
03512147-n	ฮ.	เฮลิคอปเตอร์
03512452-n	เครื่องส่งสัญญาณด้วยกระจกสะท้อนแสงจากดวงอาทิตย์	เฮลิโอกราฟ
03512911-n	พวงมาลัยเรือ	หางเสือ
03514129-n	ฮีมาโตคริต	เครื่องปั่นแยกเม็ดเลือดออกจากพลาสม่า
03515500-n	ยาสมุนไพร	สมุนไพร
03516011-n	เฮโรอีน	ไดอะซีทีลมอร์ฟีน
03519981-n	ถนนสายหลัก	ถนนไฮเวย์	ทางไฮเวย์	ไฮเวย์
03520493-n	ผ้าคลุมศีรษะ	ผ้าฮิญาบ
03522239-n	ยาต้านตัวรับฮิสตามีน	ยาปิดกั้นตัวรับฮิสตามีน
03526805-n	หลุม	หลุมกอล์ฟ
03527243-n	ภาพสามมิติ	ภาพโฮโลแกรม
03528100-n	บ้านพักคนชรา	บ้านพักฟื้นคนชรา	สถานพักฟื้นคนชรา	สถานพักฟื้นผู้สูงอายุ
03528263-n	เครื่องใช้ในครัวเรือน	เครื่องใช้ในบ้าน
03529175-n	ห้องโฮมรูม	โฮมรูม
03531281-n	หมวกฮู้ด	ฮู้ด
03532342-n	ขอ	ขอเกี่ยว	ตะขอ	ตะขอเกี่ยว	ตาขอ	ที่เกี่ยว
03532672-n	ขอ	ตะขอ
03532919-n	ขอสับ	ขอสับประตู	ขอสับหน้าต่าง	ตะขอประตู	ตะขอสับ	ตะขอเกี่ยวหน้าต่าง
03533014-n	บ้องยาสูบ	มะระกู่
03540595-n	ร.พ.	รพ.	โรงบาล	โรงพยาบาล	โรงหมอ
03541537-n	หอ	หอพักนักศึกษา	หอพักนักเรียน	หอพักนิสิตนักศึกษา
03541696-n	ที่พัก	ที่พักราคาถูก	โรงเตี๊ยม	โรงแรม
03542333-n	ร.ร.	รร.	โรงแรม	โฮเต็ล
03544238-n	เข็มชั่วโมง	เข็มสั้น
03544360-n	บ้าน	เรือน
03545150-n	โรง	โรงเรือน
03546340-n	ที่พักอาศัย	ที่อยู่	ที่อยู่อาศัย	ที่อาศัย	อาคารที่พัก	อาคารที่พักอาศัย
03547054-n	กระต๊อบ	กระท่อม
03548402-n	ห่วงฮูล่าฮูป	ฮูมุส
03549473-n	มีดนายพราน	มีดล่าสัตว์
03551084-n	ห้ามล้อน้ำมัน	ไฮดรอลิกเบรก
03551790-n	ระบบไฮดรอลิก	ระบบไฮโดรลิก
03552001-n	ระบบเกียร์ไฮดรอลิก	ระบบเกียร์ไฮโดรลิก
03553019-n	ฟอยล์	ไฮโดรฟอยล์
03553708-n	ยาไฮโดรมอร์โฟน	ไฮโดรมอร์โฟน	ไฮโดรมอร์โฟนไฮโดรคลอไรด์
03555426-n	ซูเปอร์มาร์เก็ตขนาดใหญ่	ไฮเปอร์มาเก็ต
03557141-n	น้ำแข็ง	น้ำแข็งก้อน
03557840-n	ถุงน้ำแข็ง	ถุงประคบ
03558176-n	ลานสเกตน้ำแข็ง	ลานสเก็ตน้ำแข็ง
03559999-n	มู่เล่	รอก
03560161-n	รูปปั้นบูชา	รูปปั้นสักการะ
03560430-n	กระท่อมน้ำแข็งรูปโดม	อิกลู
03562262-n	ของปลอม	ของปลอมแปลง	ของเก๊	ของเทียม
03564667-n	ของนำเข้า	ของอิมพอร์ต	สินค้านำเข้า	สินค้าอิมพอร์ต
03565051-n	ลัทธิประทับใจ	ลัทธิอิมเพรสชันนิสม์	อิมเพรสชันนิสม์
03569293-n	ระบบนำร่องเฉื่อย	ระบบนำอากาศด้วยแรงเฉื่อย	ระบบนำเฉื่อย
03569964-n	สาธารณูปโภคพื้นฐาน	โครงสร้างพื้นฐาน
03571155-n	ยาดม	ยาสูดดม	ยาสูดพ่น
03572205-n	ถาดขวดหมึก	ถาดวางขวดหมึก
03572321-n	ขวดน้ำหมึก	ขวดหมึก
03576215-n	เครื่องทรมาน	เครื่องมือทรมาน
03578055-n	ระบบการติดต่อสื่อสารภายใน	อินเตอร์คอม	เครื่องอินเตอร์คอม
03578656-n	จุดเชื่อมต่อ	พอร์ต	อินเตอร์เฟซ
03580615-n	อินเตอร์เน็ต	อินเทอร์เน็ต	เน็ต	ไซเบอร์สเปซ
03580845-n	อินเตอร์โฟน	เครื่องอินเตอร์โฟน
03584649-n	ไอริส	ไอริสไดอะแฟรม
03585073-n	หัวเหล็ก	เหล็ก
03586090-n	กระดานรองรีด	ที่รองรีด
03586760-n	งานเหล็กดัด	งานโลหะ	เหล็กดัด
03587205-n	คลองชลประทาน	ร่องน้ำชลประทาน
03589513-n	หัวเสียบ	แจ็ค
03589791-n	เสื้อแจ็คเก็ต	แจ็คเก็ต
03590841-n	ตะเกียงของแจ็ค	ตะเกียงฟักทอง	แจ๊ค-โอ'-แลนเทิร์น
03591028-n	สกรูแจ็ค	แจ็คสกรู
03592245-n	คุก	เรือนจำ
03594734-n	กางเกงยีน	กางเกงยีนส์	ยีนส์
03594945-n	จี๊ป	รถจี๊ป	รถแลนด์โรเวอร์	แลนด์โรเวอร์
03595179-n	สิ่งที่ระบุไม่ได้	อะไรบางอย่าง
03595614-n	ที-เชิ้ต	ทีเชิ้ต	เสื้อทีเชิ้ต	เสื้อยืด
03595860-n	เครื่องบินเจ็ต	ไอพ่น
03597147-n	กล้องส่องอัญมณี	กล้องส่องเพชร
03598930-n	จิ๊กซอว์	ภาพจิ๊กซอว์
03600806-n	บุหรี่ยัดไส้กัญชา	มวนกัญชา
03601840-n	ตง	รอด
03601964-n	โจ๊ก	โจ๊กเกอร์
03602365-n	ศาลเจ้า	ศาลเทพเจ้า
03602883-n	จอย	จอยสติก	จอยสติ๊ก
03603442-n	จังเกิ้ลยิม	เครื่องเล่นจังเกิ้ลยิม
03604843-n	สายจั๊มไฟ	สายไฟพ่วง
03606572-n	ยาเค	เคตามีน	เจ็ต
03608661-n	ยาเคาเพกเทต	เคาเพกเทต
03610270-n	ของชำร่วย	ของที่ระลึก
03610524-n	บ้านสุนัข	บ้านหมา
03611590-n	คีตามีน	คีตามีนไฮโดรคลอไรด์	ยาคีตามีน	ยาคีตามีนไฮโดรคลอไรด์
03612814-n	กาต้มน้ำ	หม้อตุ๋น
03612965-n	กลองชุด	กลองทิมปานี
03613294-n	กุญแจ	คีย์	ลูกกุญแจ
03615655-n	คิมาร์	ผ้าคลุมศีรษะคิมาร์
03617480-n	กิโมโน	ชุดกิโมโน
03619793-n	เครื่องหลัง	เป้
03619890-n	ครัว	สถานที่ประกอบอาหาร	ห้องครัว	ห้องประกอบอาหาร	ห้องเครื่อง
03620443-n	สวนครัว	สวนผัก
03621049-n	เครื่องครัว	เครื่องใช้ในครัว
03623073-n	ที่รองหัวเข่า	แท่นรองหัวเข่า
03623338-n	สนับเข่า	เกราะป้องกันหัวเข่า
03624134-n	ศาสตราวุธ	อาวุธมีคม
03624767-n	ม้า	อัศวิน
03624966-n	งานถักนิตติ้ง	งานถักไหมพรม
03625355-n	ผ้าถัก	ผ้าถักนิตติ้ง	ผ้านิตติ้ง
03625646-n	เข็มนิต	ไม้นิต
03626502-n	ไม้ตะพด	ไม้เท้าหัวกลม
03628728-n	กริช	พระแสงกริช
03629520-n	ถ้วยกาแฟเอสเพรสโซ	ถ้วยไซลิกซ์
03629986-n	ห้องทดลอง	ห้องปฏิบัติการ	ห้องปฏิบัติการทางวิทยาศาสตร์	ห้องแล็บ	แล็บ
03631177-n	ผ้าลูกไม้	ลูกไม้
03631710-n	งานลูกไม้	ลูกไม้
03632277-n	กระได	บันได
03634034-n	ที่อยู่ริมทะเลสาบ	บ้านริมทะเลสาบ
03636649-n	โคมไฟ	โป๊ะไฟ
03636891-n	ตะเกียงน้ำมัน	แก้วครอบตะเกียง
03638180-n	ยานแลนเดอร์	แลนเดอร์
03639230-n	ขาสกี	ขาสกีสำหรับเฮลิคอปเตอร์
03640166-n	ภาพทิวทัศน์	ภาพวิว	ภาพแลนด์สเคป
03640288-n	สวน	สวนสวยงาม
03640589-n	ซ.	ซอย	ถนนซอย
03641451-n	สายคล้องคอ	สายนกหวีด
03642806-n	แล็ปท็อป	แล็ปท็อปคอมพิวเตอร์
03642928-n	กราบซ้ายของเรือ	กราบเรือทางซ้าย
03643253-n	เครื่องยิงเลเซอร์	เครื่องยิงแสงเลเซอร์	เลเซอร์	แสงเลเซอร์
03644378-n	บ่วง	บ่วงคล้องสัตว์	บ่วงจับปศุสัตว์	บ่วงบาศ
03644698-n	ลาสเท็กซ์	เส้นใยลาสเท็กซ์
03644858-n	กลอน	กลอนประตู	กลอนหน้าต่าง
03647872-n	จุดบริการเครื่องซักผ้าหยอดเหรียญ	สถานที่บริการซักรีดด้วยตนเอง
03648066-n	ร้านซักอบรีด	สถานที่ซักรีด
03648527-n	ผงซักฟอก	แฟ้บ
03649674-n	เก้าอี้นั่งเล่น	เก้าอี้สนาม	เก้าอี้สวน
03652530-n	หอเอน	หอเอนเมืองปิซา
03652932-n	สายจูง	เชือกจูงสุนัข
03653376-n	งานหนัง	เครื่องหนัง
03653740-n	ห้องบรรยาย	ห้องเลคเชอร์
03654576-n	ขา	ขากางเกง
03655295-n	ตัวต่อเลโก้	เลโก้
03655720-n	ชุดอยู่บ้าน	ชุดใส่เล่น
03657918-n	พัสดุระเบิด	ไปรษณีย์ระเบิด
03659292-n	คานงัด	คานดีด
03660124-n	กางเกงยีนส์ลีวาย	ลีวาย
03660664-n	หอสมุด	ห้องสมุด
03661043-n	หอสมุด	ห้องสมุด
03661180-n	ป้ายทะเบียน	ป้ายทะเบียนรถ
03662719-n	ห่วงชูชีพ	ห่วงยาง
03663531-n	อุปกรณ์ช่วยลอยตัว	อุปกรณ์ช่วยในการลอยตัว
03663781-n	แพฉุกเฉิน	แพชูชีพ
03664675-n	อุปกรณ์ยกของหนัก	เครื่องยกของหนัก
03665366-n	แหล่งกำเนิดแสง	ไฟ
03665924-n	หลอดไฟ	หลอดไฟฟ้า
03668488-n	เรือทุ่นไฟ	เรือประภาคาร
03670208-n	รถลิโม่	รถลีมูซีน	ลีมูซีน
03670849-n	สาย	สิ่งที่เป็นเส้น	เส้น
03671473-n	บริษัทเส้นทางขนส่ง	บริษัทเส้นทางคมนาคม
03673027-n	เรือสมุทร	เรือเดินทะเล	เรือเดินสมุทร
03673594-n	น้ำมันทาแก้ปวด	ยานวดแก้ปวด
03674270-n	ดาต้าลิงค์	ลิงค์	ลิงค์ข้อมูล
03674946-n	ภาพพิมพ์กระเบื้องยาง	ภาพพิมพ์ยาง	ภาพพิมพ์แกะยาง	ภาพพิมพ์แม่พิมพ์กระเบื้องยาง
03675076-n	มีดตัดลิโนเลียม	มีดลิโนเลียม
03676175-n	ยาสแตทิน	สแตทิน
03676483-n	ลิป	ลิปสติก
03676623-n	แก้วดื่มเหล้า	แก้วเหล้า
03676759-n	จอภาพแอลซีดี	จอแอลซีดี
03678362-n	วอ	เกี้ยว
03679986-n	น้ำหนักบรรทุก	ระวาง
03683995-n	จี้	ล็อกเก็ต
03685307-n	ที่อยู่ของอินเดียแดง	บ้านของอินเดียแดง
03686363-n	บ้านนกพิราบ	รังนกพิราบ
03687604-n	ยาโลโมติล	โลโมติล
03688605-n	กางเกงขายาว	ขายาว
03688832-n	กระจก	กระจกส่องหน้า	กระจกแต่งตัว
03689157-n	เครื่องทอ	เครื่องทอผ้า
03693474-n	เก้าอี้เลิฟซีต	เลิฟซีท	โซฟาสองที่นั่ง
03696065-n	กระโปรงท้ายรถ	กระโปรงหลัง	กระโปรงหลังรถ
03697366-n	ยานลูนาร์โมดูล	ลูนาร์โมดูล
03699975-n	จักรกล	เครื่อง	เครื่องกล	เครื่องจักร	แมชชีน
03709454-n	งานชิ้นเอก	งานศิลปะชิ้นเอก	ผลงานชิ้นเอก
03711145-n	ท่อหลัก	ท่อเมน
03711897-n	ทางหลวง	เส้นทางหลัก
03712111-n	เมนโรเตอร์	โรเตอร์หลัก
03714235-n	เครื่องแต่งหน้า	เมกอัพ
03715386-n	ค้อนไม้	ตะลุมพุก
03718335-n	มาตรความดันของไหล	แมนอมิเตอร์
03719053-n	คฤหาสน์	แมนชั่น
03720163-n	ผท.	แผนที่
03721384-n	มาริมบา	ระนาดฝรั่ง	ระนาดฝรั่้ง	ไซโลโฟน
03722007-n	ปากกามาร์กเกอร์	ปากกามาร์คเกอร์	ปากกาเมจิก	มาร์คเกอร์
03722288-n	ตลาด	ลานตลาดนัด
03724870-n	หน้ากาก	แมสก์
03725968-n	สถาบันเทคโนโลยีแมสซาชูเซตส์	เอ็มไอที
03726233-n	นวดแผนโบราณ	สถานอาบอบนวด	อาบอบนวด
03726516-n	สเปกโทรมิเตอร์	สเปกโทรมิเตอร์มวล
03727274-n	งานต้นฉบับ	ต้นฉบับ	ผลงานต้นฉบับ
03727605-n	งานชิ้นเอก	งานชิ้นโบแดง	งานมาสเตอร์พีซ	ผลงานชิ้นเอก	ผลงานชิ้นโบแดง	ผลงานมาสเตอร์พีซ	มาสเตอร์พีซ
03728437-n	ไม้ขีด	ไม้ขีดไฟ
03729402-n	กลักไม้ขีด	กล่องไม้ขีดไฟ
03729826-n	ก้านไม้ขีด	ก้านไม้ขีดไฟ
03731164-n	ที่นอน	เบาะที่นอน
03732114-n	หลุมฝังศพขนาดใหญ่	อนุสาวรีย์บรรจุศพ
03733925-n	อุปกรณ์วัด	เครื่องมือวัด	เครื่องวัด
03736970-n	อุปกรณ์เครื่องกล	เครื่องกล	เครื่องกลไก
03738066-n	เปียโนที่เล่นได้เอง	เปียโนอัตโนมัติ
03738472-n	กลไก	เครื่อง	เครื่องยนต์กลไก
03739518-n	ตึกผู้ป่วย	ตึกแพทย์	อาคารการแพทย์
03739693-n	เครื่องมือทางการแพทย์	เครื่องมือแพทย์
03740161-n	ยา	ยารักษา	ยารักษาโรค	หยูกยา
03743279-n	เมกะโฟน	โทรโข่ง
03744276-n	หน่วยความจำคอมพิวเตอร์	เมม	เมมโมรี่
03747103-n	มีเปอริดีน	ยามีเปอริดีน
03747508-n	ยาเมโฟบาร์บิทอล	เมโฟบาร์บิทอล
03748162-n	ร้านขายปลีก	ร้านค้าขายปลีก	ร้านค้าปลีก	สถานที่ขายสินค้าปลีก	สถานที่จำหน่ายสินค้าปลีก
03748886-n	ผลิตภัณฑ์	สินค้า	โปรดักต์
03750540-n	บัลลังก์พระคุณ	เก้าอี้กรุณา
03751757-n	เครื่องตรวจจับโลหะ	เครื่องมือตรวจหาโลหะ
03751977-n	ด้ายโลหะ	เส้นด้ายโลหะ
03752262-n	ของที่ทำด้วยโลหะ	เครื่องโลหะ	เครื่องใช้ประเภทโลหะ
03753077-n	มาตรวัด	มิเตอร์
03753657-n	ยาเมตฟอร์มิน	เมตฟอร์มิน
03754014-n	ยาเมทาโดน	เมทาโดน
03754822-n	ยาเมทาควาโลน	เมทาควาโลน
03754979-n	เมตทาบิทัล	เมทาร์บิทัล
03755140-n	ยายูเร็ก	ยาเมเทนามีน	ยาแมนดีลาไมน์	เมเทนามีน
03757138-n	ทางรถไฟใต้ดิน	รางรถไฟใต้ดิน
03757604-n	เครื่องให้จังหวะ	เมโทรนอม
03759954-n	ไมค์	ไมโครโฟน
03761084-n	เตาอบไมโครเวฟ	เตาไมโครเวฟ	ไมโครเวฟ
03766322-n	หมวกผู้หญิง	หมวกสตรี
03766508-n	ร้านขายหมวก	ร้านขายหมวกผู้หญิง	ร้านหมวก
03768683-n	อุปกรณ์ตรวจค้นกับระเบิด	เครื่องตรวจค้นทุ่นระเบิด	เครื่องตรวจหาทุ่นระเบิด
03769235-n	โมเดล	โมเดลย่อส่วน
03769722-n	มินิไบค์	รถมินิไบค์
03769881-n	มินิบัส	รถมินิบัส	รถเมล์เล็ก	เมล์เล็ก
03770085-n	มินิคาร์	รถมินิ	รถมินิคาร์
03770316-n	ตึกกระทรวง	อาคารสำนักงานกระทรวง
03770439-n	กระโปรง	มินิสเกิร์ต
03770679-n	มินิแวน	รถมินิแวน
03770954-n	เสื้อขนมิงค์	เสื้อคลุมขนมิงค์
03772584-n	เข็มนาที	เข็มยาว
03772881-n	ยาไมโอติก	ไมโอติก
03773035-n	กระจก	กระจกเงา	คันฉ่อง	พระฉาย
03773504-n	จรวดมิสไซล์	มิสไซล์
03775199-n	มิกเซอร์	เครื่องผสมอาหาร
03775388-n	มิกเซอร์	เครื่องผสมสัญญาณเสียง
03776050-n	คู	คูน้ำ
03776460-n	บ้านเคลื่อนที่	รถบ้าน	รถบ้านเคลื่อนที่
03776877-n	มอคคาซิน	รองเท้าหนังเย็บ
03777283-n	แบบจำลอง	โมเดล
03777961-n	ศิลปะสมัยใหม่	ศิลปะโมเดิร์นนิสม์
03779370-n	พิมพ์	แม่พิมพ์
03780392-n	บัว	ลวดบัว
03782190-n	มอนิเตอร์	เครื่องมอนิเตอร์
03783430-n	แว่นตา	แว่นตาข้างเดียว
03784896-n	อาร์ชมูริช	อาร์ชเกือกม้า
03785016-n	รถโมเพ็ด	โมเพ็ด
03785499-n	ที่เก็บศพ	ที่ไว้ศพ	ห้องดับจิต	ห้องเก็บศพ
03787032-n	หมวกรับปริญญา	หมวกรับปริญญาบัตร
03787759-n	งานโมเสก	ผลงานโมเสก
03789171-n	กล้องถ่ายภาพยนตร์	กล้องถ่ายหนัง
03789946-n	มอเตอร์	เครื่องมอเตอร์
03790512-n	จยย.	จักรยานยนต์	มอเตอร์ไซค์	รถจักรยานยนต์	รถมอเตอร์ไซค์	รถเครื่อง	แมงกาไซค์
03790755-n	มอเตอร์ลอดจ์	มอเตอร์อินน์	โรงแรม
03791053-n	รถสกูตเตอร์	สกูตเตอร์
03791235-n	ยานยนต์	รถ
03792782-n	จักรยานภูเขา	จักรยานเสือภูเขา	เมาน์เทนไบค์	เสือภูเขา
03793489-n	เมาส์	เมาส์คอมพิวเตอร์
03793850-n	ปุ่มกดเมาส์	ปุ่มคลิกเมาส์
03794136-n	มูส	มูสใส่ผม	เจลตกแต่งทรงผม	เจลใส่ผม
03794392-n	ปาก	ปากขวด
03794798-n	ที่เป่า	ที่่เป่า
03795976-n	เครื่องฉายภาพยนตร์	เครื่องฉายหนัง
03797264-n	ชุดมัฟติ	มัฟติ
03798982-n	โรงภาพยนตร์มัลติเพล็กซ์	โรงหนังมัลติเพล็กซ์
03799113-n	วงจรมัลติเพล็กซ์	วงจรมัลติเพล็กซ์เซอร์	อุปกรณ์สหสัญญาณ
03799710-n	จิตรกรรมฝาผนัง	ภาพฝาผนัง
03800563-n	พิพิธภัณฑ์	มิวเซียม
03801760-n	ที่วางโน้ตดนตรี	ที่วางโน้ตเพลง
03802393-n	ผ้ามัสลิน	มัสลิน
03802643-n	แก้วบังหนวด	แก้วป้องกันหนวด
03802973-n	ที่ลดเสียง	ที่อุดเสียง	อุปกรณ์ลดเสียง
03803284-n	ครอบปากสุนัข	ตะกร้อครอบปาก
03803610-n	ยาไมดริเอติก	ไมดริเอติก
03805280-n	ตะไบเล็บ	ตะไบแต่งเล็บ
03805725-n	น้ำยาทาเล็บ	ยาทาเล็บ
03807780-n	ห่วงผ้าเช็ดปาก	ห่วงรัดผ้าเช็ดปาก
03814112-n	คอ	คอเสื้อ
03814348-n	คอ	ส่วนคอ
03814639-n	เฝือกคอ	เฝือกดามคอ
03815615-n	เนคไท	ไท้
03816005-n	เครื่องสวมคอ	เครื่องแต่งกายที่สวมคอ
03819047-n	เครื่องตรวจเมฆ	เนโฟสโคป
03820154-n	ตาข่าย	เน็ต
03820318-n	ตาข่าย	ประตูตาข่าย
03820728-n	เครือข่ายไฟฟ้า	เน็ตเวิร์ค
03820950-n	เครือข่าย	เน็ตเวิร์ค
03822171-n	กระดาษหนังสือพิมพ์	หนังสือพิมพ์
03825080-n	ชุดนอน	ชุดใส่นอน
03826945-n	ก๊าซหัวเราะ	แก๊สหัวเราะ
03829340-n	หน่วยความจำประเภทหน่วยเก็บลบเลือนไม่ได้	หน่วยความจำไม่ลบเลือน
03832144-n	ล้อรับหัว	ล้อเครื่องบิน	โนสวิล
03832673-n	คอมพิวเตอร์โน้ตบุ๊ค	โน้ตบุ๊ค
03833065-n	นวนิยาย	นิยาย	หนังสือนวนิยาย	หนังสือนิยาย
03833564-n	หัวฉีด	หัวน้ำ
03834040-n	เครื่องปฏิกรณ์นิวเคลียร์	เตาปฏิกรณ์ปรมาณู
03834604-n	นิวเคลียร์	อาวุธนิวเคลียร์
03835197-n	ภาพนู้ด	ภาพวาดเปลือย	ภาพเปลือย
03835298-n	รูปปั้นนู้ด	รูปปั้นเปลือย
03836062-n	ห้องทารกแรกเกิด	ห้องเนสเซอรี่
03836906-n	ผ้าไนลอน	ไนลอน
03837422-n	พาย	ไม้พาย
03838298-n	เลนส์กล้อง	เลนส์ใกล้วัตถุ
03838899-n	ปี่ลิ้นคู่	ปี่โอโบ
03839993-n	สิ่งกีดขวาง	อุปสรรค	เครื่องกีดขวาง
03840681-n	ฟลุตแบบกลม	โอคารีนา
03840823-n	เครื่องวัดดาว	เครื่องวัดองศาดาว
03841143-n	เครื่องวัดระยะทาง	โอโดมิเตอร์
03841666-n	สนง.	สำนักงาน	ออฟฟิส
03842012-n	ตึกสำนักงาน	ตึกออฟฟิศ	อาคารสำนักงาน
03844349-n	ภาพจิตรกรรมสีน้ำมัน	ภาพวาดสีน้ำมัน	ภาพสีน้ำมัน	ภาพเขียนสีน้ำมัน
03844815-n	เสื้อกันฝน	เสื้อคลุมกันฝน
03845190-n	เรือน้ำมัน	เรือบรรทุกน้ำมัน
03845550-n	ขี้ผึ้งทารักษาแผล	บาล์ม	ยาขี้ผึ้ง	ยาหม่อง
03847622-n	ศิลปะลวงตา	ศิลปะออปอาร์ต	ออปอาร์ต
03849814-n	โรงละครโอเปร่า	โรงอุปรากร	โรงโอเปร่า	โอเปร่าเฮาส์
03852031-n	ใยแก้ว	ใยแก้วนำแสง
03853291-n	หลุมวงดุริยางค์	หลุมสำหรับวงออร์เคสตร้า
03857026-n	ฟิล์มออร์โธ	ฟิล์มออโธโครเมติก	ฟิล์มแดง
03857156-n	ยานกระพือปีก	ออร์นิทอปเตอร์
03858418-n	เบาะรอง	เบาะรองนั่ง
03861048-n	อุปกรณ์ส่งออกข้อมูล	อุปกรณ์เอาต์พุต
03861959-n	ศิลปะแบบดั้งเดิม	ศิลปะไร้มายา
03862676-n	เตา	เตาอบ
03863923-n	ชุดสวมทับ	เสื้อสวมทับ
03867854-n	แอก	แอกวัว
03869685-n	ยาออกซิโทซิก	ยาเร่งคลอด
03869976-n	ฟาร์มหอยนางรม	สถานที่เพาะเลี้ยงหอยนางรม
03871524-n	บรรจุภัณฑ์	วัสดุบรรจุภัณฑ์
03872885-n	ตลับชาด	แผงหมึก
03874965-n	สถูป	สถูปเจดีย์	เจดีย์
03876519-n	จิตรกรรม	ภาพจิตรกรรม	ภาพวาด	ภาพเขียน	รูปภาพ	รูปวาด
03879116-n	ผ้าตราสัง	ผ้ามัดตราสัง	ผ้าห่อศพ
03884072-n	ภาพพาโนรามา	ภาพมุมกว้าง
03884397-n	ขลุ่ยแถว	ขลุ่ยแพนไพป์	แพนไพป์
03886432-n	ปกอ่อน	สมุดปกอ่อน	หนังสือปกอ่อน
03886762-n	คลิปหนีบกระดาษ	ลวดหนีบกระดาษ
03886940-n	ที่ตัดกระดาษ	อุปกรณ์ตัดกระดาษ	เครื่องตัดกระดาษ
03887512-n	โรงงานกระดาษ	โรงงานผลิตกระดาษ
03891051-n	เสื้อกันหนาวมีหมวก	เสื้อคลุมมีหมวก	เสื้อแจ็กเก็ตมีหมวก
03891251-n	ม้านั่งสาธารณะ	เก้าอี้สาธารณะ
03892891-n	ส่วน	ส่วนประกอบ
03896103-n	เรือบรรทุกผู้โดยสาร	เรือโดยสาร
03896984-n	กุญแจหลัก	มาสเตอร์คีย์
03898129-n	สายแพตช์คอร์ด	แพตช์คอร์ด
03899533-n	ทางเท้า	บาทวิถี	ฟุตบาท
03899768-n	ชาน	ระเบียง
03900104-n	ไม้กางเขนพระราชาคณะระดับแพตริอาร์ค	ไม้กางเขนแห่งพระสังฆบิดร
03901750-n	เบี้ย	เบี้ยหมากรุก
03901974-n	สถานธนานุบาล	สถานธนานุเคราะห์	โรงจำนำ	โรงตึ๊ง	โรงรับจำนำ
03902125-n	ตู้โทรศัพท์	โทรศัพท์ตู้	โทรศัพท์หยอดเหรียญ
03902564-n	พระที่นั่งนกยูง	ราชบัลลังก์นกยูง
03903868-n	ฐาน	เชิง
03904657-n	หน้าจั่ว	หน้าจั่วนาฬิกา
03905208-n	ช่องแอบดู	ตาแมว	รูถ้ำมอง
03905540-n	หมุด	เป็ก
03907227-n	คอก	คอกสัตว์	เล้า
03908111-n	ภาพวาดปากกา	ภาพวาดปากกาหมึกซึม
03908618-n	กล่องดินสอ	กล่องใส่ดินสอ
03908714-n	กบเหลาดินสอ	ที่เหลาดินสอ
03909160-n	ลูกตุ้มเพนดูลัม	เพนดูลัม
03909406-n	นาฬิกาลูกตุ้ม	นาฬิกาเพนดูลัม
03910033-n	ยาเพนิซิลิน	เพนิซิลิน
03912664-n	ทอลวิน	ยาทอลวิน	ยาเพนตาโซซีน	เพนตาโซซีน
03913437-n	ยาเพนท็อกซิฟิลลีน	เพนท็อกซิฟิลลีน
03914337-n	กระปุกบดพริกไทย	เครื่องบดพริกไทย
03915118-n	เครื่องต้มและกรองกาแฟ	เพอร์โคเลเตอร์
03915437-n	เครื่องตี	เครื่องเคาะจังหวะ
03916031-n	ของหอม	น้ำหอม	เครื่องหอม
03918480-n	คอมพิวเตอร์ส่วนบุคคล	พีซี	ไมโครคอมพิวเตอร์
03919430-n	สาก	ไม้ตีพริก
03919974-n	คอบัว	ปกคอบัว	ปกบัว
03921337-n	ยาไพริเดียม	ไพริเดียม
03922722-n	บูตาโซลิดิน	ยาบูตาโซลิดิน	ยาเฟนนีลบูตาโซน	เฟนนีลบูตาโซน
03923379-n	ขวดยา	หลอดยาสำเ็ร็จรูป
03924978-n	โฟโตอิเล็กทริกเซลล์	โฟโตเซลล์
03925226-n	ภาพ	ภาพถ่าย	รูป	รูปถ่าย
03926148-n	อุปกรณ์กล้องถ่ายรูป	อุปกรณ์ถ่ายภาพ	อุปกรณ์สำหรับถ่ายภาพ
03926412-n	กระดาษอัดภาพ	กระดาษอัดรูป
03926876-n	มาตรแสง	เครื่องวัดความเข้มของแสง
03928116-n	เปียนโน	เปียโน
03928814-n	คีย์บอร์ด	คีย์บอร์ดเปียโน
03929660-n	ที่ดีด	ที่ดีดสาย
03930630-n	กระบะ	ปิกอัพ	รถกระบะ	รถปิกอัพ
03931651-n	สมุดภาพ	หนังสือภาพ
03932203-n	ชิ้น	ชิ้นส่วน
03933529-n	ท่าเทียบเรือ	ท่าเรือ
03934656-n	ปีเอตา	ภาพปีเอตา
03935234-n	ฟาร์มหมู	ฟาร์มเลี้ยงหมู
03935335-n	กระปุกออมสิน	หมูออมสิน
03936895-n	ยาคุม	ยาคุมกำเนิด
03938037-n	ขื่อคา	ขื่อสวมนักโทษ
03940894-n	ธง	ธงกอล์ฟ	เสาธงกอล์ฟ
03941684-n	คีม	คีมปากนกแก้ว	แหนบ
03942920-n	หัวเข็ม	หัวเข็มหมุด
03944138-n	กังหัน	กังหันลม
03944672-n	ท่อ	ท่อส่ง
03945167-n	กล้องยาสูบ	ไปป์
03947888-n	เรือสลัด	เรือโจรสลัด
03950359-n	สามง่าม	ส้อม
03952150-n	หน้าต่างชนิดบานพลิก	หน้าต่างบานพลิก
03952277-n	จุดสี	พิคเซล
03952576-n	ร้านขายพิซซ่า	ร้านพิซซ่า
03953020-n	สถานที่ประกอบธุรกิจ	สถานประกอบการ	สถานประกอบการธุรกิจ	สถานประกอบธุรกิจ
03953416-n	วิหารศักดิ์สิทธิ์	สถานที่ศักดิ์สิทธิ์	สถานที่สักการะ
03954393-n	เหรียญตัวเปล่า	เหรียญโลหะตัวเปล่า
03954507-n	กระดานแพลนแช็ต	แพลนแช็ต
03954731-n	กบ	กบไสไม้
03955296-n	กบไฟฟ้า	กบไสไม้ไฟฟ้า
03956922-n	โรงงาน	โรงงานอุตสาหกรรม
03957420-n	พลาสเตอร์	พลาสเตอร์ปิดแผล	พลาสเตอร์ปิืดแผล
03964744-n	ของเด็กเล่น	ของเล่น	ของเล่นเด็ก	เครื่องเล่นเด็ก
03965456-n	ศูนย์การค้า	ห้างสรรพสินค้า	แหล่งช็อปปิ้ง
03966206-n	กล่องลม	กล่องอากาศ
03968293-n	ปลั๊ก	ปลั๊กตัวผู้
03969998-n	ขน	ขนนกประดับ
03971422-n	ยางรถสูบลม	ยางสูบลม
03973170-n	หนังสือปกอ่อน	หนังสือพ็อกเก็ตบุ๊ค
03973628-n	มีดพก	มีดพับ
03974215-n	ปลาย	ปลายแหลม
03976105-n	เครื่องโพลาริมิเตอร์	โพลาริมิเตอร์
03976268-n	ฟิล์มโพลารอยด์	โพลารอยด์
03977678-n	สถานีตำรวจ	สน.	สภ.อ.	โรงพัก
03977966-n	รถบรรทุกนักโทษ	รถบรรทุกนักโ่ทษ	รถเรือนจำ
03978421-n	คูหา	คูหาลงคะแนนเสียง
03979377-n	ผ้าโพลีเอสเตอร์	เส้นใยสังเคราะห์
03980478-n	ม้าหมุน	ม้าหู
03982060-n	สระ	สระน้ำ
03982430-n	โต๊ะบิลเลียด	โต๊ะพูล	โต๊ะสนุกเกอร์
03982767-n	กล่องบริจาค	กล่องรับบริจาค
03985232-n	คอมพิวเตอร์กระเป๋าหิ้ว	คอมพิวเตอร์พกพา
03989074-n	ตู้จดหมาย	ตู้ไปรษณีย์
03993053-n	กระโถนหัดฉี่	กระโถนเด็ก
03993403-n	พลาสเตอร์ยา	ยาพอก
03993703-n	กรงสุนัข	กรงหมา	คอกสุนัข	คอกหมา
03995535-n	สายไฟฟ้าแรงสูง	สายไฟแรงสูง
03996145-n	เลื่อยยนต์	เลื่อยไฟฟ้า
03996416-n	เครื่องขุด	เครื่องขุดเจาะ
03996655-n	โรงผลิตกระแสไฟฟ้า	โรงไฟฟ้า
03996849-n	พวงมาลัยเพาเวอร์	ระบบพวงมาลัยเสริมกำลัง
03998194-n	พรมปูละหมาด	อาสนะ
04001499-n	เกจวัดความดัน	เครื่องวัดความดัน
04004475-n	ปรินเตอร์	เครื่องพิมพ์
04004767-n	ปริ้นเตอร์	เครื่องปริ้นต์	เครื่องพิมพ์คอมพิวเตอร์
04004990-n	สายต่อปริ้นเตอร์	สายปริ้นเตอร์	สายเครื่องพิมพ์
04005630-n	ทัณฑสถาน	รจ.	สถานที่คุมขังนักโทษ	เรือนจำ
04007894-n	ผลผลิต	ผลิตภัณฑ์	โปรดักต์
04008385-n	การบวนการผลิตผ่านสายพาน	สายการผลิต
04009552-n	เครื่องโปรเจคเตอร์	โปรเจคเตอร์
04012852-n	ยาโพรพ็อกซีฟีน	ยาโพรพ็อกซีฟีนไฮโดรคลอไรด์	โพรพ็อกซีฟีน	โพรพ็อกซีฟีนไฮโดรคลอไรด์
04014297-n	ที่ป้องกัน	สิ่งป้องกัน
04015908-n	ไม้โปร	ไม้โปรแทรคเตอร์
04016576-n	เลื่อยตัดกิ่ง	เลื่อยตัดกิ่งไม้
04018399-n	ผับ	ร้านเหล้า
04018667-n	ส้วม	ส้วมสาธารณะ	ห้องน้ำสาธารณะ
04019101-n	พาหนะขนส่งสาธารณะ	ยานพาหนะขนส่งสาธารณะ	รถโดยสารสาธารณะ
04020298-n	มู่เล่	รอก	รอกขนาดใหญ่
04021798-n	ปั๊ม	เครื่องปั๊ม
04023962-n	กระสอบทราย	กระสอบทรายซ้อมมวย	พันชิ่งบอล
04025748-n	ยาถ่าย	ยาระบาย
04026688-n	สายรูดกระเป๋า	หูรูด
04027023-n	ปุ่ม	ปุ่มกด	ปุ่มเปิด-ปิด
04028074-n	พัตเตอร์	ไม้พัตต์
04028221-n	มีดโป๊วสี	เกรียงโป๊วสี
04028315-n	เกมปริศนา	เกมส์ปริศนา
04029125-n	ปิระมิด	พีระมิด	พีระมิดแห่งอียิปต์
04030655-n	ช่องว่าง	เว้นวรรค
04033901-n	ปากกาขนนก	ปากไก่
04036494-n	อาร์-2	เม็กซิกันแวเลี่ยม	โรช
04038109-n	สนามความเร็ว	สนามแข่งรถ	เรซซิ่งเซอร์กิต
04039381-n	แร็กเก็ต	ไม้แร็กเก็ต
04041243-n	ฝาหม้อน้ำ	ฝาหม้อน้ำรถยนต์
04041544-n	ระบบไวร์เลส	ไวร์เลส
04042358-n	ภาพรังสี	เรดิโอกราฟ
04043733-n	วิทยุ	วิทยุสื่อสาร	เครื่องรับวิทยุ	เครื่องวิทยุ
04044119-n	สถานีวิทยุ	สถานีวิทยุกระจายเสียง
04044307-n	วิทยุโทรเลข	เครื่องวิทยุโทรเลข
04044498-n	โทรศัพท์วิทยุ	โทรศัพท์่ไร้สาย
04044716-n	กล้องส่องทางไกลวิทยุ	กล้องโทรทรรศน์วิทยุ
04045644-n	คาน	คานค้ำหลังคา
04045941-n	ผ้าขี้ริ้ว	เศษผ้า
04046590-n	ราว	ไม้แนวขวาง
04048568-n	ทางรถไฟ	ระบบทางรถไฟ	รางรถไฟ
04049405-n	ชุดกันฝน	เสื้อฝน
04049585-n	มาตรวัดน้ำฝน	เครื่องวัดปริมาณน้ำฝน
04051825-n	กำแพง	ป้อมปราการ
04052757-n	หน่วยความจำชั่วคราว	หน่วยความจำเข้าถึงโดยสุ่ม	แรม
04053767-n	หลักขาวแดง	หลักธง
04056932-n	ผ้าเรยอง	ไหมสังเคราะห์
04057047-n	พระกรรบิด	มีดโกน
04058239-n	รอม	หน่วยความจำอ่านอย่างเดียว
04058721-n	หัวบันทึก	หัวอ่าน
04060647-n	ระบบรับสัญญาณ	รีซีฟเวอร์	เครื่องรับ	เครื่องรับสัญญาณ
04063373-n	อุปกรณ์บันทึก	เครื่องบันทึก
04064107-n	ห้องบันทึกเสียง	ห้องอัด
04065464-n	ห้องนั่งเล่น	ห้องสันทนาการ
04066888-n	ลิ้น	ลิ้นเครื่องลม
04068055-n	ผลิตภัณฑ์ชนิดรีฟิล	ผลิตภัณฑ์ชนิดเต็ม
04068601-n	กล้องโทรทรรศน์ชนิดสะท้อน	กล้องโทรทรรศน์สะท้อนแสง
04070415-n	มาตรดรรชนีหักเห	มาตรดัชนีหักเห
04072551-n	บังเหียน	สายบังเหียน
04074963-n	รีโมท	รีโมทคอนโทรล
04075160-n	ระเบิดรีโมต	ระเบิดรีโมตคอนโทล
04076846-n	ภาพแทน	รูปแทน
04077734-n	อุปกรณ์กู้ภัย	อุปกรณ์ช่วยชีวิต
04077889-n	ศูนย์วิจัย	หน่วยงานวิจัย
04078747-n	อ่างกักเก็บน้ำ	อ่างเก็บน้ำ
04080705-n	รีสอร์ต	สปารีสอร์ต
04081281-n	ร้านอาหาร	สถานที่ขายอาหาร
04083800-n	รีแทรกเตอร์	เครื่องมือรีแทรกเตอร์
04086273-n	ปืนรีวอลเวอร์	ปืนลูกโม่
04086794-n	อุปกรณ์ควบคุมกระแสไฟฟ้า	เครื่องลดกระแสไฟฟ้า
04090263-n	ปืนไรเฟิล	ไรเฟิล
04090548-n	กระสุนปืนไรเฟิล	กระสุนไรเฟิล
04092447-n	ห่วง	ห่วงบาสเกตบอล
04092609-n	ธำมรงค์	พระธำมรงค์	แหวน
04093625-n	ลานสเกต	ลานสเก็ต
04095210-n	เรือล่องแม่น้ำ	เรือแม่น้ำ
04096066-n	ถ.	ถนน	ถนนรนแคม	ถนนหนทาง	เส้นทาง
04099003-n	กระเดื่องขั้วเชื่อม	แขนโยก
04099429-n	จรวด	ร็อกเก็ต
04099969-n	ม้าโยก	เก้าอี้โยก
04100174-n	แท่งไม้	ไม้ยาว
04100620-n	ภาพเรินต์เกน	ภาพเอกซ์เรย์
04102406-n	รถไฟเหาะ	รถไฟเหาะตีลังกา	โรเลอร์โคสเตอร์
04103769-n	ลูกกลิ้ง	โรลออน
04105893-n	รูม	ห้อง	ห้องหับ
04108268-n	สายเชือก	เชือก	เส้นเชือก
04109599-n	สวนกุหลาบ	สวนดอกกุหลาบ
04111668-n	ตัวหมุน	โรเตอร์
04112752-n	ตลัีบแป้ง	แป้งตลับ
04114428-n	อู่ซ่อมรถไฟ	อู่รถไฟ
04114554-n	โต๊ะกลม	โต๊ะกลมของพระเจ้าอาร์เธอร์
04115256-n	ทาวน์เฮาส์	ห้องแถว
04116389-n	กระสุนปลอม	กระสุนยาง
04116512-n	ยางลบ	ยางลบดินสอ
04118021-n	พรม	ลาดพระบาท
04118538-n	ลูกรักบี้	ลูกหนำเลี้ยบ
04118635-n	ซากปรักหักพัง	ซากอาคาร
04119478-n	ห้องสันทนาการ	ห้องเล่นเกม
04120695-n	ชุดจ๊อกกิ้ง	ชุดวิ่ง
04123740-n	อาน	อานม้า
04124202-n	อานผ้าห่ม	อานม้าแบบผ้าห่ม
04125021-n	ตู้นิรภัย	ตู้เซฟ	เซฟ
04125853-n	เข็มขัดนิรภัย	เซฟตี้เบลต์
04127633-n	ลิ้นนิรภัย	วาล์วระบายฉุกเฉิน
04127904-n	ผ้าใบเรือ	ใบเรือ
04131208-n	ร้านทำผม	ร้านเสริมสวย	ร้านแต่งผม
04131811-n	โรงทำเกลือ	โรงเกลือ
04132603-n	พิณชามิเซน	พิณซามิเซน
04133497-n	สถานบำรุงสุขภาพ	สถานีอนามัย
04135315-n	ผ้าอนามัย	โกเต๊ก
04138261-n	ผ้าซาติน	แพรต่วน
04139291-n	จานรอง	จานรองแก้ว
04139395-n	ห้องซาวน่า	ห้องอบไอร้อน
04141076-n	แซก	แซกโซโฟน
04141573-n	ตะแลงแกง	แท่นประหาร
04141975-n	เครื่องชั่ง	เครื่องชั่งน้ำหนัก
04143140-n	สแกนเนอร์	เครื่องสแกน	เครื่องสแกนภาพ
04146050-n	ร.ร.	รร.	อาคารเรียน	โรงเรียน
04147495-n	อุปกรณ์ทางวิทยาศาสตร์	อุปกรณ์วิทยาศาสตร์
04150153-n	สก็อตไบรต์	แผ่นใยขัด	แผ่นใยขัดทำความสะอาด
04151108-n	ที่เกา	ไม้เกา
04151940-n	การปกปิด	สิ่งปกคลุม
04152593-n	จอซีอาร์ที	จอภาพซีอาร์ที	จอภาพแบบซีอาร์ที
04155457-n	เหล็กขีด	เหล็กขีึด
04159058-n	ตราประทับ	ที่ปั๊ม
04160586-n	เครื่องบินทะเล	เครื่องบินน้ำ
04162706-n	ซีตเบลต์	เข็มขัดนิรภัย
04162895-n	หมอนรองนั่ง	เบาะรองนั่ง
04163364-n	เส้นทางทะเล	เส้นทางเดินเรือ
04163740-n	ยาเซโกบาร์บิทอล	ยาเซโกบาร์บิทอลโซเดียม	เซโกบาร์บิทอล	เซโกบาร์บิทอลโซเดียม
04165945-n	ระบบรักษาความปลอดภัย	อุปกรณ์เตือนภัย
04166281-n	รถซีดาน	รถเก๋ง
04171373-n	ภาพกึ่งนามธรรม	ภาพศิลปะกึ่งนามธรรม
04172607-n	มาตรความไวแสง	เครื่องเซนซิโตมิเตอร์	เซนซิโตมิเตอร์
04175147-n	เซิร์ฟเวอร์	แม่ข่าย
04175859-n	ปั๊มน้ำมัน	สถานีบริการน้ำมัน
04176190-n	จานเสิร์ฟอาหาร	จานใส่อาหาร
04179913-n	จักรเย็บผ้า	เครื่องเย็บผ้า
04180888-n	กล้องเซ็กซ์แทนต์	เครื่องวัดมุมแนวนอน	เซ็กซ์แทนต์
04182322-n	ก้าน	ลำ	แท่ง
04186051-n	ครีมโกนหนวด	สบู่โกนหนวด
04190052-n	ชั้น	ชั้นวางของ
04190747-n	กรอบ	ปลอก	เปลือก
04192238-n	ที่พักชั่วคราว	ที่พักพิงชั่วคราว
04192698-n	โล่	โล่กลม
04196337-n	ทางเรือ	เส้นทางเรือ
04196502-n	เรือพาณิชย์	เรือสินค้า
04197235-n	อู่ต่อเรือ	อู่เรือ
04199027-n	ฉลองพระบาท	รองบาท	รองพระบาท	รองเท้า	เกือก
04200258-n	กล่องรองเท้า	กล่องใส่รองเท้า
04200800-n	ร้านขายรองเท้า	ร้านรองเท้า
04201064-n	แตรโชฟาร์	โชฟาร์
04202417-n	ร้าน	ร้านค้า
04204953-n	ถนนทางลัด	ทางลัด	เส้นทางลัด
04205318-n	กางเกงขาสั้น	ขาสั้น
04206225-n	จอก	จอกจิ๊กเกอร์
04208936-n	ฝักบัว	ฝักบัวอาบน้ำ
04209383-n	ฝักบัว	ฝักบัวอาบน้ำ
04210288-n	เรือจับกุ้ง	เรือหากุ้ง
04210390-n	ศาล	ศาลเจ้า
04212282-n	ลูกขนไก่	ลูกแบด	ลูกแบดมินตัน
04212810-n	กระโจม	กระโจมอินเดียแดง
04212943-n	ถุงอาเจียน	ถุงอ้วก
04213264-n	เตียงคนไข้	เตียงผู้ป่วย
04213530-n	ห้องคนไข้	ห้องผู้ป่วย
04214282-n	รถพ่วงข้าง	ไซด์คาร์
04214535-n	ประตูด้านข้าง	ประูตูด้านข้าง
04215684-n	ผนังยาง	ผนังยางรถ
04216963-n	ที่เล็ง	ศูนย์เล็ง
04217882-n	ป้าย	แผ่นป้ายโฆษณา
04218142-n	ตราประทับลายเซ็น	ที่ปั๊มลายเซ็น
04218271-n	แหวนตรา	แหวนประทับตรา
04218773-n	กระบอกเก็บเสียง	ไซเรนเซอร์
04222847-n	เครื่องเป่าลิ้นเดี่ยว	เครื่องเป่าไม้ลิ้นเดี่ยว
04223580-n	ซิงค์	อ่างล้างมือ
04225417-n	หก	หกแต้ม
04227144-n	ภาพร่าง	ภาพสเก็ตช์
04227519-n	ดินสอสเก็ตภาพ	อุปกรณ์สเก็ตภาพ
04227900-n	เหล็กเสียบ	ไม้เสียบ
04228581-n	รองเท้าบูทสกี	รองเท้าสกี
04228693-n	หมวกสกี	หมวกไหมพรม
04232800-n	สกายไลท์	หลังคากระจก
04233405-n	บล็อกแผ่น	แผ่น
04234969-n	ตลาดค้าทาส	ตลาดทาส
04237287-n	มีดสไลซ์	สไลเซอร์
04237773-n	ภาพสไลด์	สไลด์
04238128-n	กระดานลื่น	สไลเดอร์
04238617-n	สไลด์โปรเจคเตอร์	เครื่องฉายสไลด์
04239074-n	ประตูบานสไลด์	ประตูบานเลื่อน	ประตูสไลด์	ประตูเลื่อน
04239333-n	หน้าต่างบานเลื่อน	หน้าต่างสไลด์
04243546-n	สล็อตแมชชีน	เครื่องสล็อต	เสือหิว	โจรแขนเดียว
04243941-n	ตู้หยอดเหรียญ	สล็อตแมชชีน	เครื่องสล็อตแมชชีน	เครื่องหยอดเหรียญ
04244152-n	ช่องทางซ้าย	เลนซ้าย
04245847-n	ระเบิดนำวิถี	ระเบิดอัจฉริยะ	สมาร์ทบอมบ์
04247736-n	ร้านของกินเล่น	ร้านขายอาหารว่าง
04247876-n	บังเหียน	เหล็กปากอ่อน
04249415-n	กลองสแนร์	สแนร์
04251560-n	บอลหิมะ	ลูกบอลหิมะ	สโนว์บอล
04251791-n	กระดานเล่นหิมะ	สโนว์บอร์ด
04254120-n	ขวดกดสบู่เหลว	ขวดสบู่เหลว
04254535-n	ผงซักฟอก	แฟ้บ
04254680-n	ลูกฟุตบอล	ลูกหนัง
04254777-n	ถุงพระบาท	ถุงเท้า
04256033-n	ยาโซเดียมซาลิไซเลท	โซเดียมซาลิไซเลท
04256152-n	ฟีโนบาร์บิทอล	ฟีโนบาร์บิโทน	ยาฟีโนบาร์บิทอล	ยาฟีโนบาร์บิโทน	ยาโซเดียมไทโอเพนทอล	โซเดียมไทโอเพนทอล
04256520-n	เก้าอี้นวมยาว	เก้าอี้โซฟา	โซฟา
04257790-n	แบตเตอร์รี่พลังงานแสงอาทิตย์	แผ่นโซล่า
04258732-n	ระบบอุณหภาพรังสีอาทิตย์	ระบบเครื่องทำความร้อนพลังงานแสงอาทิตย์
04259771-n	เครื่องหยั่งความลึกน้ำ	เครื่องหยั่งน้ำแบบสัญญาณสะท้อนกลับ	เครื่องหยั่งน้ำแบบเสียงสะท้อน
04261506-n	กล่องเสียง	ตัว	ลำตัว
04263950-n	ซูร์ดีน	ที่ซับเสียง
04264628-n	คานเว้นวรรค	สเปซบาร์
04264765-n	ยานแคปซูล	แคปซูล
04264914-n	ยานอวกาศ	สเปซคราฟต์	เครื่องบินอวกาศ
04266660-n	โพดำ	ไพ่โพดำ
04267165-n	ผ้าสแปนแด็กซ์	สแปนแด็กซ์
04267870-n	ชิ้นส่วนอะไหล่	อะไหล่
04270891-n	ทวน	หอก
04272054-n	ฉลองพระเนตร	แว่น	แว่นตา
04272638-n	สเปกโทรกราฟ	สเปกโทรแกรม
04273064-n	สเปกโตรสโคป	เครื่องวิเคราะห์แสง
04273285-n	สเป็กคูลั่ม	เครื่องถ่างตรวจ
04273796-n	มาตรวัดความเร็ว	มาตรอัตราความเร็ว
04274214-n	ถนนความเร็วสูง	สปีดเวย์
04274309-n	ธนาคารสเปิร์ม	ธนาคารอสุจิ
04274985-n	มาตรความดันเลือด	เครื่องบันทึกความดันโลหิต
04275363-n	หยากไย่	ใยแมงมุม
04276808-n	ส้นเข็ม	ส้นแหลม
04277034-n	ทางน้ำล้น	ทางระบายน้ำล้น
04277826-n	เครื่องปั่นครีม	เครื่องปั่นผ้าแห้ง
04280259-n	สปริงก้นหอย	สปริงลาน
04280845-n	มาตรอากาศหายใจ	สไปโรมิเตอร์	เครื่องสไปโรมิเตอร์
04280970-n	เหล็กเสียบเนื้อย่าง	ไม้เสียบเนื้อย่าง
04284002-n	ฉลองพระหัตถ์ช้อน	ช้อน	ช้อนตัก
04285008-n	รถสปอร์ต	สปอร์ตคาร์
04285146-n	อุปกรณ์กีฬา	เครื่องกีฬา
04285622-n	อุปกรณ์กีฬา	เครื่องกีฬา
04285803-n	ชุดกีฬา	เสื้อผ้ากีฬา
04288673-n	กระดานกระโดด	กระดานสปริง	สปริงบอร์ด
04289027-n	สปริงเกลอร์	สปริงเกอร์	เครื่องพ่นน้ำ
04289195-n	ระบบสปริงเกลอร์	ระบบสปริงเกอร์
04289690-n	ล้อฟันเฟือง	เฟือง
04290615-n	ดาวเทียมสปุตนิก	สปุตนิก
04290762-n	ดาวเทียมจารกรรม	ดาวเทียมสายลับ	ดาวเทียมสืบราชการลับ
04294879-n	คอก	คอกม้า
04295881-n	สนามกีฬา	สเตเดียม
04298308-n	ทางขึ้นบันได	ทางบันได	บันได
04299215-n	บููทขายสินค้า	แผงขายสินค้า	แผงลอย
04303095-n	ที่เย็บกระดาษ	แม็ก	แม็กเย็บกระดาษ
04303357-n	ที่ยิงแม็กซ์	แม็กซ์ยิง
04304215-n	ยานท่องอวกาศ	ยานสตาร์ชิป	ยานสเปซชิป
04304557-n	แท่นสตาร์ท	แท่นออกตัว
04305210-n	รัฐสภา	สภานิติบัญญัติ	อาคารรัฐสภา
04306080-n	สถานี	สเตชั่น
04306847-n	ปฏิมากรรม	รูปปั้น
04307106-n	อนุสาวรีย์เทพีเสรีภาพ	เทพีเสรีภาพ
04307986-n	มีดสเต็ก	มีดหั่นสเต็ก
04309348-n	เรือกลไฟ	เรือเครื่องจักรไอน้ำ
04309925-n	ท่อส่งไอน้ำ	ท่อไอน้ำ
04311595-n	โรงงานอุตสาหกรรมเหล็ก	โรงงานเหล็ก
04313628-n	ศิลาจารึก	แผ่นศิลา	แผ่นหิน	แผ่นหินจารึก
04317420-n	แท่งไม้	ไม้
04318690-n	เข็มกลัดติดเน็คไท	เข็มกลัดเน็คไท
04320871-n	ที่คน	ที่ใช้คน
04321534-n	สินค้าคงคลัง	สินค้าในสต็อก
04323026-n	ตลาดซื้อขายหุ้น	ตลาดหุ้น
04326676-n	ภาชนะที่ทำจากหิน	ภาชนะหิน
04328329-n	พลังงานสำรอง	แบตเตอรี่สำรอง
04329190-n	คลังพัสดุ	คลังเก็บสินค้า
04330340-n	เตา	เตาประกอบอาหาร	เตาหุงต้ม
04334232-n	หลอด	หลอดดูด
04334504-n	รถจักรไอน้ำ	รถไฟไอน้ำ
04335435-n	รถราง	รถรางไฟฟ้า
04338143-n	สายขึง	เชือกขึง
04338517-n	เครื่องดนตรีประเภทเครื่องสาย	เครื่องสาย
04339291-n	สิ่งที่เป็นแถบ	แถบ
04341414-n	ส่วนของโครงสร้าง	องค์ประกอบของโครงสร้าง
04341686-n	สิ่งก่อสร้าง	โครงสร้าง
04343346-n	เครื่องประดับกลม	เครื่องประดับทรงกลม
04343740-n	ตึกกิจกรรม	ตึกกิจกรรมนักศึกษา
04346428-n	คอกหมู	เล้าหมู
04347754-n	เรือดำน้ำ	เรือดำน้ำตอร์ปิโด
04348702-n	สถานีย่อย	สถานีไฟฟ้าย่อย
04349306-n	รถไฟฟ้ามหานคร	รถไฟฟ้าใต้ดิน	รถไฟใต้ดิน
04350905-n	ชุดสูท	สูท	เสื้อนอก
04351550-n	ห้องชุด	ห้องสูท
04352070-n	ซัลฟา	ยาซัลฟา	ยาซัลโฟนาไมด์
04354182-n	สังเวียนซูโม่	เวทีซูโม่
04355115-n	ชุดวันอาทิตย์	ชุดไปโบสถ์
04355933-n	แว่นรวมแสง	แว่นรวมแสงแดด
04356056-n	ซันกลาส	แว่นกันแดด	แว่นดำ	แว่นตากันแดด	แว่นตาดำ
04356306-n	สวนชุ่มน้ำ	สวนไม้ชุ่มน้ำ
04357795-n	ที่บังแดดหน้ารถ	บังแดดหน้ารถ
04359589-n	ที่รองรับน้ำหนัก	ที่รับน้ำหนัก	อุปกรณ์รองรับน้ำหนัก	อุปกรณ์รับน้ำหนัก
04360501-n	ตัวค้ำจุน	สิ่งค้ำจุน
04363559-n	กระดานโต้คลื่น	เสิร์ฟบอร์ด
04364545-n	เครื่องมือผ่าตัด	เครื่องมือศัลยกรรม
04367371-n	ตะเข็บ	รอยต่อ	แนวต่อ
04367480-n	ไม้ถูพื้น	ไม้ม็อบ
04367950-n	ผ้าห่อตัวทารก	ผ้าห่อตัวเด็ก
04369282-n	ที่ตีแมลงวัน	ไม้ตีแมลงวัน
04370048-n	สเวตเตอร์	เสื้อสเวตเตอร์
04371225-n	สระ	สระว่ายน้ำ	สระแข่งขันว่ายน้ำ
04372370-n	สวิตช์	สวิตช์ไฟฟ้า
04373894-n	กระบี่	ดาบ	พระขรรค์
04376400-n	เครื่องซินธีไซเซอร์	เครื่องสังเคราะห์เสียง
04376876-n	เข็มฉีดยา	ไซริง
04377057-n	ซิสเต็ม	ระบบ
04381587-n	โต๊ะปิงปอง	โต๊ะเทเบิลเทนนิส
04381724-n	ไม้ตีปิงปอง	ไม้ปิงปอง	ไม้เทเบิลเทนนิส
04381994-n	ชุดภาชนะรับประทานอาหาร	เครื่องรับประทานอาหาร
04388743-n	แทงก์	แทงค์
04389033-n	รถถัง	แทงก์
04391838-n	เทป	เทปบันทึก
04392113-n	ตลับเมตร	สายวัด	เทปวัด
04393095-n	เครื่องบันทึกเทป	เครื่องเล่นเทป
04393404-n	ผืนพรมทอประดับผนัง	พรมแขวนผนัง
04395760-n	ไม้กางเขนนักบุญแอนโทนี	ไม้กางเขนแบบเทา
04395875-n	ร้านขายเครื่องดื่มแอลกอฮอล์	ร้านเหล้า
04396335-n	มิเตอร์	มิเตอร์แท็กซี่
04396808-n	ถุงชา	ถุงใส่ใบชา
04397553-n	สวนชา	ไร่ชา
04398044-n	กา	กาน้ำ	กาน้ำชา
04399537-n	ที	ทีตั้งลูก	ที่วางลูกกอล์ฟ	หมุดวางลูกกอล์ฟ
04399700-n	ที	ทีวางลูก	ที่วางลูก
04400499-n	เครื่องรับส่งโทรเลข	เครื่องโทรเลข
04401088-n	เครื่องโทรศัพท์	โทรศัพท์
04402449-n	เสาโทรศัพท์	เสาโทรเลข
04403279-n	ภาพถ่ายระยะไกล	ภาพระยะไกล	โทรภาพ
04403413-n	เลนส์ขยาย	เลนส์ขยายภาพ	เลนส์ซูม	เลนส์ซูมภาพ	เลนส์ถ่ายภาพระยะไกล	เลนส์ถ่ายระยะไกล
04404997-n	กล้องทีวี	กล้องโทรทัศน์
04405762-n	มอนิเตอร์ทีวี	มอนิเตอร์โทรทัศน์	มอนิเตอร์ในห้องส่ง
04405907-n	ทีวี	เครื่องโทรทัศน์	โทรทัศน์
04406239-n	ห้องดูทีวี	ห้องดูโทรทัศน์
04407435-n	วัด	วัดวา	วัดวาอาราม	อาราม
04409128-n	เรือข้ามฟาก	เรือเล็ก
04409515-n	ลูกสักหลาด	ลูกเทนนิส
04409712-n	คอร์ตเทนนิส	สนามเทนนิส
04409806-n	แร็กเก็ตเทนนิส	ไม้เทนนิส
04411264-n	กระโจม	เต็นท์
04411835-n	ไม้แขวน	ไม้แขวนเสื้อ
04412097-n	ผ้าคลุมเต็นท์	ผ้าปิดหน้าเต็นท์
04412901-n	ชานชาลา	ท่ารถ	สถานีรถประจำทาง
04416530-n	ยาอะโครไมซิน	ยาเตตราคาไซลีน	เตตราคาไซคลีน
04417180-n	เครื่องจักรทอผ้า	เครื่องจักรสิ่งทอ	เครื่องจักรอุตสาหกรรมสิ่งทอ
04417361-n	โรงงานสิ่งทอ	โรงงานอุตสาหกรรมสิ่งทอ
04417672-n	หลังคามุงจาก	หลังคามุงฟาง
04417809-n	สถานที่แสดงละคร	เธียเตอร์	โรงมหรสพ	โรงละคร
04418357-n	ม่านเวที	ม่านโรงละคร
04424218-n	ของ	สิ่ง
04424936-n	ยาเพนโททอล	ยาไทโอเพนทอล	ยาไทโอเพนทอลโซเดียม	เพนโททอล	ไทโอเพนทอล	ไทโอเพนทอลโซเดียม
04426618-n	ถนนสาธารณะ	ทางสาธารณะ
04426788-n	ด้าย	เส้นด้าย
04429169-n	ยาละลายลิ่มเลือด	ยาสลายลิ่มเลือด
04430896-n	นิ้วหัวแม่มือ	นิ้วโป้ง
04431158-n	รูค้ำ	รูนิ้วค้ำ
04433185-n	เชือกผูก	เชือกมัดของ
04433585-n	ไม้หมอน	ไม้หมอนรถไฟ
04433800-n	ที่หนีบเน็คไท	ไทคลิป
04435552-n	คัตเตอร์ตัดกระเบื้อง	ที่ตัดกระเบื้อง
04436832-n	ระเบิดตั้งเวลา	ระเบิดเวลา
04437793-n	เครื่องข้ามกาลเวลา	ไทม์แมชชีน
04439122-n	ทิงเจอร์	ยาทิงเจอร์
04439585-n	ง่าม	ซี่
04440749-n	ยาง	ยางรถ
04441902-n	ทางสามแยก	สามแยก
04442831-n	ยาสูบ	ใบยาสูบ
04443257-n	ร้านขายบุหรี่และยาเส้น	ร้านบุหรี่
04445952-n	ทอกเกิลสวิตซ์	สวิตช์เปิด-ปิด
04446276-n	สุขา	ส้วม	ห้องน้ำ	ห้องพระบังคน	ห้องสุขา	ห้องส้วม
04447276-n	แป้ง	แป้งทาตัว
04447861-n	ที่นั่งชักโครก	ที่นั่งโถส้วม	ฝารองนั่ง
04447965-n	สบู่	สบู่อาบน้ำ
04448185-n	เครื่องโทคาแมค	โทคาแมค
04449290-n	ด่านเก็บเงินทางด่วน	ตู้เก็บค่าผ่านทาง
04449550-n	ไม้กระดกกั้นทาง	ไม้กั้นทาง	ไม้แขนกั้นทาง
04451318-n	ที่กดลิ้น	เหล็กกดลิ้น
04451818-n	ทูล	เครื่องมือ
04452848-n	ฟัน	เขี้ยว
04453910-n	ที่ปิด	ฝาปิด
04456011-n	หมวกพ่อครัว	หมวกเชฟ
04456115-n	คบเพลิง	คบไฟ
04458409-n	รูปสลักบนเสา	โทเทม
04459909-n	ราวตากผ้าเช็ดตัว	ราวแขวนผ้าเช็ดตัว
04460130-n	ทาวเวอร์	หอคอย
04460634-n	บาเบล	หอคอยบาเบล
04461696-n	รถยก	รถลาก
04461879-n	ของเล่น	ทอย
04462240-n	ร้านของเล่น	ร้านขายของเล่น
04465501-n	รถแทรกเตอร์	แทรกเตอร์
04465933-n	ถนนรอบเกาะ	วงเวียน
04466386-n	ช่องทางจราจร	ช่องทางเดินรถ
04467099-n	รถพ่วง	รถเทรเลอร์	เทรเลอร์
04467307-n	รถเทรเลอร์	เทรเลอร์
04468005-n	ม้าเหล็ก	รถไฟ
04469251-n	ตะขอเตาผิง	ตะขอเตาผิงไฟ
04469813-n	กระเช้า	กระเช้าไฟฟ้า
04470232-n	ยากล่อมประสาท	ยาระงับประสาท
04472243-n	ระบบส่งกำลัง	ระบบเกียร์
04472726-n	ทรานสมิตเตอร์	เครื่องส่ง	เครื่องส่งสัญญาณ
04473432-n	ระบบขนส่ง	ระบบคมนาคม
04474035-n	รถบรรทุกรถเก๋ง	รถเทรเลอร์บรรทุกรถเก๋ง
04475411-n	ชิงช้า	ชิงช้ากายกรรม	ชิงช้าสูง
04476259-n	ถาด	ถาดรอง
04477638-n	คลังสมบัติ	คลังเก็บสมบัติ
04478512-n	ระแนงไม้	ไม้ระแนง
04479526-n	เครื่องเจาะกะโหลกศีรษะ	เ้ครื่องเจาะกะโหลกศีรษะ
04480995-n	ไม้ฉากสามเหลี่ยม	ไม้สามเหลี่ยม
04482393-n	จักรยานสามล้อ	สามล้อ
04482975-n	ตรีศูลย์	สามง่าม
04485082-n	ขาตั้ง	สามขา
04486616-n	รถม้าทรอยก้า	รถม้าลากเลื่อน
04487894-n	ทรูปชิป	เรือกำลังพล	เรือขนส่งกำลังพล	เรือบรรทุกกำลังพล
04489008-n	กางเกง	พระสนับเพลา
04490730-n	ปั๊มรถบรรทุก	สถานีบริการน้ำมันรถบรรทุก
04491388-n	กระบองตำรวจ	ตะบองของตำรวจ	ไม้กระบองตำรวจ	ไม้ตะบองของตำรวจ
04492375-n	โครงทรัส	โครงเสาค้ำ
04494204-n	หลอดสุญญากาศ	หลอดสูญญากาศ
04498389-n	ผ้าโพกศีรษะ	ผ้าโพกหัว
04502197-n	เสื้อคอเต่า	เสื้อยืดคอเต่า
04502851-n	.22	ปืน.22
04504486-n	ชนิด	ประเภท
04505036-n	พิมพ์ดีด	เครื่องพิมพ์ดีด
04508489-n	กกน.	กางเกงชั้นใน	กางเกงใน
04508949-n	ชุดชั้นใน	อันเดอร์แวร์
04509592-n	ยูนิฟอร์ม	เครื่องแบบ
04509985-n	ธงยูเนียนแจ็ก	ธงสหภาพ
04511002-n	ม.	มหาวิทยาลัย	มอ	ยู	ยูนิเวอร์ซิตี้
04512476-n	มหาวิทยาลัยเพนซิลวาเนีย	มหาวิทยาลัยเพนซิลเวเนีย
04513432-n	มหาวิทยาลัยวิสคอนซิน	วิสคอนซิน
04514648-n	ที่นอนชั้นบน	ที่นอนชั้นบนของรถไฟ
04515729-n	ข้างบน	ชั้นบน
04515991-n	โถฉี่	โถปัสสาวะ
04516354-n	รถมือสอง	รถเซ็คกันแฮนด์	รถใช้แล้ว
04516874-n	อุปกรณ์ที่ให้อรรถประโยชน์	เครื่องอุปโภค
04519153-n	ลิ้น	วาล์ว
04519536-n	ลิ้น	วาล์ว
04522904-n	ยาขยายหลอดเลือด	สารขยายหลอดเลือด
04523380-n	วาติกัน	สำนักวาติกัน
04523525-n	หลังคาโค้ง	เพดานโค้ง
04524142-n	ม้ากระโดด	ม้ายาว
04525305-n	เครื่องจำหน่ายสินค้าอัตโนมัติ	เครื่องจำหน่ายสินค้าแบบหยอดเหรียญ
04529108-n	เวอร์เนีย	เวอร์เนียร์สเกล
04530566-n	พาหนะทางน้ำ	ยานพาหนะทางน้ำ
04531873-n	กั๊ก	เสื้อกั๊ก
04532831-n	ไวบราฮาร์ป	ไวบราโฟน	ไวเบส
04533700-n	ตลับวีดิทัศน์	ม้วนวิดีโอ
04533946-n	ดีวีดี	แผ่นดีวีดี
04534127-n	วิดีโอ	เครื่องบันทึกวิดีโอ
04534520-n	วิดีโอเทป	เทปบันทึกภาพ	เทปวิดีโอ
04536335-n	วิโอล่า	ไวโอลา
04536595-n	วิโอล่าดาแกมบ้า	เบสวิโอล
04536866-n	ซอ	ไวโอลิน
04540053-n	ลูกวอลเลย์	ลูกวอลเลย์บอล
04540153-n	สนามวอลเลย์	สนามวอลเลย์บอล
04541320-n	เครื่องวัดกระแสไฟฟ้า	โวลต์มิเตอร์
04542858-n	สระตื้น	สระน้ำสำหรับเด็ก
04543772-n	ล้อรถม้า	ล้อเกวียน
04546081-n	รองเท้าจ็อกกิ้ง	รองเท้าสำหรับเดินออกกำลังกาย
04546855-n	ผนัง	ฝา	ฝาผนัง
04548362-n	กระเป๋าสตางค์	กระเป๋าเงิน	กระเป๋าใส่ธนบัตร
04549629-n	คฑาวิเศษ	ไม้วิเศษ
04551055-n	คลังสินค้า	โกดัง	โกดังสินค้า
04552696-n	วอร์ชิป	เรือรบ
04553920-n	อ่าง	อ่างล้างหน้า
04555897-n	นาฬิกาพก	นาฬิกาพกพา
04556204-n	สายนาฬิกา	สายนาฬิกาข้อมือ	สายนาฬิืกา
04558478-n	สุขา	ห้องน้ำ
04558578-n	ภาพวาดสีน้ำ	ภาพสีน้ำ	รูปสีน้ำ
04559166-n	คูลเลอร์น้ำเย็น	ตู้น้ำเย็น
04559275-n	ทางน้ำ	เส้นทางน้ำ
04561965-n	ปั๊มน้ำ	เครื่องปั๊มน้ำ	เครื่องสูบน้ำ
04562390-n	ถุงหนังใส่น้ำ	ถุงหนังใ่ส่น้ำ
04563790-n	การประปา	สถานีประปา	สถานีสูบจ่ายน้ำ
04564278-n	มาตรกำลังไฟฟ้า	วัตต์มิเตอร์
04564698-n	ทาง	ทางคมนาคม	ทางสัญจร
04565963-n	อาวุธทำลายล้าง	อาวุธอานุภาพทำลายล้างสูง
04566257-n	สรรพาวุธ	อาวุธ	อาวุธยุทโธปกรณ์
04567222-n	แผนที่ลมฟ้าอากาศ	แผนภูมิลมฟ้าอากาศ
04567593-n	ดาวเทียมตรวจสภาพอากาศ	ดาวเทียมพยากรณ์อากาศ	ดาวเทียมอุตุนิยมวิทยา
04568069-n	ลูกศรชี้ทางลม	ลูกศรลม	ศรลม	เครื่องวัดทิศทางลม
04568298-n	ลายถักทอ	ลายทอผ้า
04569063-n	กล้องเว็บแคม	เว็บแคม
04569205-n	ภาพถ่ายงานแต่ง	ภาพถ่ายงานแต่งงาน	รูปถ่ายงานแต่ง	รูปถ่ายงานแต่งงาน
04570532-n	ชุดงานศพ	ชุดดำ	ชุดไปงานศพ	ชุดไว้ทุกข์
04574067-n	ชุดดำน้ำ	ชุดประดาน้ำ	ชุดมนุษย์กบ
04576002-n	รถเข็นผู้ป่วย	วีลแชร์	เก้าอี้รถเข็น
04579986-n	หมากขาว	หมากสีขาว
04580777-n	ทำเนียบขาว	ไวท์เฮาส์
04581595-n	ซ่อง	ซ่องโสเภณี	หอนางโลม	โคมเขียว
04582205-n	เครื่องจักสาน	เครื่องสาน
04583477-n	ระบบเครือข่ายระยะไกล	แวน
04584207-n	ผมปลอม	วิก	วิกผม
04586421-n	ที่ม้วนเก็บ	อุปกรณ์ม้วนเก็บ
04586581-n	ปุ่มไขลาน	ลานไข
04586932-n	เครื่องดนตรีประเภทเป่า	เครื่องเป่า
04587404-n	เครื่องกำเนิดไฟฟ้าพลังงานลม	เึครื่องกำเนิดไฟฟ้าพลังลม
04587648-n	พระบัญชร	หน้าต่าง
04588739-n	วินโดว์	หน้าต่าง
04589593-n	กรอบหน้าต่าง	วงกบหน้าต่าง
04591713-n	ขวดเหล้าองุ่น	ขวดไวน์
04596116-n	หมวกสมประสงค์	หมวกเวทมนต์
04596742-n	กระทะเหล็ก	กระทะเหล็กก้นโค้ง
04596852-n	เครื่องแต่งกายสตรี	เสื้อผ้าผู้หญิง	เสื้อผ้าสตรี
04597400-n	สิ่วแกะสลักไม้	สิ่วแกะไม้	สิ่วไม้
04597804-n	ของที่ทำด้วยไม้	เครื่องใช้ประเภทไม้
04598582-n	เครื่องลมไม้	เครื่องเป่าลมไม้
04598792-n	งานไม้	เครื่องไม้
04599396-n	งาน	ชิ้นงาน	ผลงาน
04600131-n	ของทางโลก	สินค้าทางโลก
04600486-n	โต๊ะช่าง	โต๊ะทำงานของช่าง
04600627-n	บอร์ดแสดงผลงาน	เวิร์กบอร์ด
04600912-n	ชุดทำงาน	ชุดใส่ทำงาน
04601587-n	ชิ้นงานที่อยู่ระหว่างการผลิต	ชิ้นงานที่อยู่ในกระบวนการ
04602044-n	ที่ทำงาน	สถานที่ทำงาน
04603399-n	สถานีงาน	เครื่องเวิร์กสเตชัน	เวิร์กสเตชัน
04604009-n	ตึกเวิล์ดเทรด	ตึกเวิล์ดเทรดเซ็นเตอร์
04604276-n	เวิล์ดไวด์เว็บ	เว็บ
04604806-n	วอร์มเกียร์	เกียร์ทด
04606014-n	พวงมาลา	พวงหรีด	หรีด
04607532-n	ริสต์แบนด์	สายรัดข้อมือ
04608567-n	อุปกรณ์การเขียน	อุปกรณ์ที่ใช้เขียน	เครื่องเขียน
04608923-n	เครื่องซีร็อกซ์	เครื่องถ่ายเอกสาร
04609235-n	ซีร็อกซ์	เอกสารซีร็อกซ์	เอกสารถ่ายสำเนา
04610368-n	มหาวิทยาลัยเยล	เยล
04610879-n	สนาม	สนามหญ้า
04612026-n	หมวกยามัลกา	หมวกยาร์มัลกา
04613555-n	ลูกดิ่ง	ลูกดิ่งโยโย่	โยโย่
04613696-n	กระโจมมองโกล	กระโจมมองโกเลีย	กระโจมเยิร์ต	เยิร์ต
04615456-n	จักรราศี	แผนภาพจักราศี
04615728-n	บันไดขึ้นลงเครื่องบิน	แรมป์
04616059-n	บุคลิกลักษณะ	ลักษณะ	ลักษณะของบุคลิก
04617562-n	บุคลิก	บุคลิกภาพ
04618070-n	บุคลิกลักษณะเฉพาะ	บุคลิกส่วนตัว
04620216-n	คาแร็กเตอร์	ลักษณะสำคัญ
04620558-n	จิตวิญญาณ	สปิริต
04622415-n	ความสันโดษ	ความโดดเดี่ยว
04622672-n	การไม่มีเพื่อน	ความไร้ญาติขาดมิตร
04628747-n	นิสัย	เลือด
04629194-n	การไม่แสดงความรู้สึก	การไม่แสดงอารมณ์	การไม่แสดงอารมณ์ความรู้สึก
04631470-n	ความเศร้า	ความโศกเศร้า
04633197-n	ทรงพลัง	พลัง
04635631-n	ความเฉื่อย	ความเฉื่อยเนือย
04637108-n	ความขี้เกียจ	ความเกียจคร้าน
04640538-n	ความอดกลั้น	ความอดทน
04642258-n	ความบึ้งตึง	ความหงุดหงิด
04649261-n	ความสนุก	ความสนุกสนาน
04650731-n	การเป็นคนตรงไปตรงมา	การเป็นคนพูดขวานผ่าซาก	การเป็นคนพูดตรง
04651009-n	การเป็นคนช่างพูด	ความช่างพูด
04651195-n	การใช้ภาษาได้คล่อง	การใช้ภาษาได้คล่องแคล่ว
04651974-n	การไม่พูด	ความเงียบ
04652177-n	การกุมความลับ	การเก็บความลับ	การเก็บงำความลับ
04652438-n	การเป็นคนไม่ค่อยพูด	ความเงียบขรึม
04653627-n	ความเป็นมิตร	ความเป็นเพื่อน
04655442-n	ความคุ้นเคย	ความสนิทสนม
04658106-n	ความเป็นปรปักษ์	ความเป็นศัตรู
04665813-n	ความละเลย	ความละเ้ลย
04667076-n	ความเป็นเด็กชาย	ความเป็นเด็กผู้ชาย
04667180-n	ความเป็นชายชาตรี	ความเป็นชายอกสามศอก	ความเป็นลูกผู้ชาย
04667406-n	ความเป็นผู้หญิง	ความเป็นหญิง
04667923-n	ความเป็นสาว	ความเป็นหญิงสาว
04668033-n	ความเป็นเด็กผู้หญิง	ความเป็นเด็กหญิง
04668139-n	ความกระตุ้งกระติ้ง	ความเป็นกระเทย
04669828-n	การตอบคำถาม	ความรับผิดชอบ
04671841-n	การกระทำตามอำเภอใจ	การเปลี่ยนใจกะทันหัน
04673965-n	รูปลักษณ์	รูปลักษณ์ภายนอก	ลักษณะ
04674968-n	สี	สีสัน
04677514-n	รูปทรง	รูปร่าง
04679074-n	การอำพราง	ภาพลวงตา
04679738-n	การแสดงสีหน้า	สีหน้า
04683136-n	ลายทาง	แถบ	แนว
04683600-n	การมีขนดก	การมีผมดก
04683814-n	ความงดงาม	ความงาม	ความสวย	ความสวยงาม
04685396-n	ความน่ารัก	ความสวยงาม	ความสะสวย
04685649-n	ความน่ารัก	ความน่ารักน่าชัง
04685840-n	ความสมาร์ท	ความหล่อ	ความหล่อเหลา	ความเท่
04686935-n	เสน่ห์ทางเพศ	แรงดึงดูดทางเพศ
04687333-n	ความน่าสนใจ	เสน่ห์
04688246-n	ความดึงดูด	ความมีเสน่ห์
04689834-n	ความมีเสน่ห์ทางเพศ	ความมีแรงดึงดูดทางเพศ
04690196-n	ความขี้เหร่	ความน่าเกลียด	ความอัปลักษณ์
04691178-n	การเสียรูปทรง	การเสียโฉม
04692157-n	ตำหนิ	รอย	รอยตำหนิ
04692908-n	รอย	รอยสลัก
04693096-n	รอยร้าว	รอยแตก
04693804-n	พระปิลกะ	ไฝ
04693900-n	รอยบาก	รอยแผล	รอยแผลเป็น	แผลเป็น
04694090-n	ที่โดนไฟไหม้	รอยแผลไฟไหม้	รอยแผลไหม้
04698307-n	ศิลปะบาโรก	ศิลปะแบบบาร็อก
04698511-n	ศิลปะคลาสสิค	สไตล์คลาสสิค
04698998-n	แบบดอริค	แบบดอเรียน
04699157-n	แบบไอโอนิค	แบบไอโอเนียน
04700642-n	การตกแต่ง	พรมประดับ
04702351-n	ความโปร่งแสง	ความโปร่งใส
04708113-n	ความง่าย	ความเรียบง่าย
04709011-n	ความราบรื่น	ความสมูท
04718999-n	การมีอยู่	ความสะดวก	หาได้ใช้ได้
04720024-n	ความรู้สึกเจ็บปวด	ความเจ็บ
04726938-n	ความเป็นคน	ความเป็นมนุษย์
04727214-n	บรรยากาศ	รังสี
04730580-n	ความด้อยคุณภาพ	คุณภาพต่ำ
04734885-n	ความไม่คงที่	ความไม่มั่นคง
04742535-n	ความเหมือน	ความเหมือนกัน
04743605-n	ความคล้าย	ความคล้ายกัน	ความคล้ายคลึง	ความคล้ายคลึงกัน
04744814-n	ความละม้าย	ความละม้ายคล้ายคลึง
04746842-n	การเปรียบเทียบ	การเปรียบเทียบได้
04747115-n	ภาพกระจกเงา	ภาพสะท้อน	เงาสะท้อน
04749709-n	ความแตกต่าง	ความไม่เห็นด้วย
04752859-n	ความแตกต่าง	ช่องว่าง
04760024-n	การจับต้องได้	การสัมผัสได้
04782610-n	ความเคร่งขรึม	ความเลวร้าย
04782878-n	ความน่าเชื่อถือ	สามารถเชื่อถือได้
04813712-n	ความทันสมัย	ความเท่
04814238-n	ความงดงาม	ความเจิดจรัส	ความโอ่อ่า
04827652-n	การไม่ปฏิบัติตามหลักศีลธรรม	การไม่ประพฤติตามหลักศีลธรรม
04829282-n	ความมีเมตตา	ความเมตตา	ความเมตตากรุณา
04830102-n	การขาดมนุษยธรรม	ความขาดมนุษยธรรม
04830343-n	ความเลวร้าย	ความโหดเหี้ยมทารุณ
04835260-n	การหลงตัวเอง	ความรักตนเอง
04836683-n	ความกระปรี้กระเปร่า	ความมีชีวิตชีวา
04838727-n	ความบังอาจ	ความยโสโอหัง
04842029-n	ความสุขุม	วิจารณญาณ
04842232-n	ปฏิภาณ	มารยาททางสังคม
04842313-n	ความประสงค์ร้าย	ความอกุศล
04842788-n	การมุ่งร้าย	ความชั่วร้าย
04847600-n	คุณธรรมพื้นฐาน	คุณธรรมหลัก
04852088-n	ความชั่ว	ความชั่วร้าย
04853765-n	ความบกพร่อง	ความผิดพลาด
04854389-n	ความอยุติธรรม	ความไม่ยุติธรรม
04857083-n	ความกล้า	ความกล้าหาญ	ความอาจหาญ
04857738-n	ความกล้าหาญชาญชัย	ความเป็นวีรบุรุษ	ความเป็นวีรสตรี	วีรกรรม
04858317-n	ความมีจิตใจกล้าหาญ	ความมีใจกล้าหาญ
04858455-n	ความไม่กลัว	ความไม่กลัวเกรง
04858785-n	ความทรหด	ความอาจหาญ
04859449-n	ความกล้า	ความกล้าบ้าบิ่น	ความอาจหาญ
04860065-n	ความขลาด	ความขี้ขลาด
04862005-n	การข่มใจตนเอง	การควบคุมตนเอง	การคุมสติ	การระงับใจ	กำลังใจ
04863074-n	ความรั้น	ความเอาแต่ใจ
04863793-n	ความดื้อรั้น	ความใจแข็ง
04864515-n	ความดื้อ	ความดื้อรั้น	ความหัวแข็ง
04878861-n	การนอกใจ	ความไม่ซื่อสัตย์
04881033-n	ความใสซื่อ	ความใสซื่อบริสุทธิ์	ความไร้เดียงสา
04881829-n	การบำเพ็ญตบะ	การมีวินัยในตนเอง
04886235-n	ความตะกละ	ความโลภโมโทสัน
04886646-n	ความภาคภูมิใจ	ความภูมิใจ
04886881-n	ความภูมิใจในตนเอง	ศักดิ์ศรี
04898804-n	ความประพฤติถูกต้องเหมาะสม	มารยาท
04903813-n	ความสุขุม	ความใจเย็น
04904352-n	ความสงบ	ความสงบเงียบ
04910684-n	ท่าทางน่าเกรงขาม	เต็มยศ
04915121-n	ความหยาบคาย	ความไม่มีมารยาท
04915866-n	ความทะลึ่ง	ความหยิ่ง	พฤติกรรมหยาบคาย
04916342-n	คุณสมบัติ	สมบัติ
04920000-n	ความแข็งแกร่ง	ความแข็งแรง
04921900-n	การศึกษา	การอบรม
04927445-n	ความชรา	ความชราภาพ	ความแก่	ความแก่ชรา
04927890-n	ความมีอายุยืนยาว	วัยวุฒิ
04928416-n	ความสาว	ความหนุ่ม	ความอ่อนวัย
04928760-n	ความเป็นเด็ก	ความเยาว์วัย
04930632-n	รูปแบบชีวิต	แนวทางดำเนินชีวิต
04933544-n	การประกอบขึ้น	ส่วนประกอบ
04934546-n	ความเหนียวข้น	องค์รวม
04935003-n	ความหนืด	ระดับความเหนียว
04935528-n	การผูกมัด	การยึดติด
04935904-n	ความเหนียว	ความเหนียวเหนอะหนะ
04939547-n	ความกรอบ	ความเปราะ
04946553-n	ความรู้สึก	ความรู้สึกจากการสัมผัส
04950026-n	การมองด้วยตา	การมองด้วยสายตา
04950126-n	คุณสมบัติที่มองเห็นได้	สมบัติที่มองเห็นได้
04951071-n	ลายเนื้อไม้	ลายไม้
04951716-n	ฉัพพรรณรังสี	รัศมี
04951875-n	ความสว่างจากแสงดวงอาทิตย์	ความสว่างจากแสงแดด
04952570-n	ความสว่าง	ความสว่างสุกใส
04955160-n	การขัดเงา	ลักษณะมันเงา
04955633-n	ความทึบ	ความหมอง
04957176-n	สีปฐมภูมิ	แม่สี
04957589-n	สีปฐมภูมิของแสง	แม่สีของแสง
04959230-n	เฉด	เฉดสี	โทนสี
04961331-n	สีงาช้าง	สีนวล
04962784-n	สีชาด	สีแดง	แดง
04964443-n	สีแดง	สีแดงเชอร์รี่
04964878-n	สีมารูน	สีเลือดหมู
04965179-n	สีส้ม	สีแสด	ส้ม
04965661-n	สีเหลือง	เหลือง
04966017-n	บลอนด์	สีน้ำเงินเข้ม	สีบลอนด์
04966114-n	สีเหลืองคานารี	สีเหลืองสดใส
04966240-n	ทอง	สีทอง	สีเหลืองทอง
04966428-n	สีเหลืองอมน้ำตาล	เหลืองอมน้ำตาล
04966543-n	สีเหลืองอ่อน	เหลืองอ่อน
04966717-n	สีเหลืองอมส้ม	เหลืองอมส้ม
04967094-n	สีเหลืองอมเขียว	เหลืองอมเขียว
04967191-n	สีเขียว	เขียว
04967674-n	สีเขียวน้ำทะเล	เขียวน้ำทะเล
04968056-n	สีมรกต	สีเขียวมรกต	เขียวมรกต
04968139-n	สีเขียวโอลีฟ	เขียวโอลีฟ
04968257-n	สีเขียวอมเหลือง	เขียวอมเหลือง
04968426-n	สีเขียวอมน้ำเงิน	สีเขียวแกมน้ำเงิน	เขียวอมน้ำเงิน
04968619-n	สีคราม	สีฟ้าอมเขียว
04968749-n	สีหยก	สีเขียวหยก	เขียวหยก
04968895-n	น้ำเงิน	สีน้ำเงิน
04969242-n	สีฟ้า	สีฟ้าคราม
04969703-n	น้ำเงินแก่	สีกรม	สีกรมท่า	สีน้ำเงินแก่
04969798-n	น้ำเงินอมเขียว	สีน้ำทะเล	สีน้ำเงินอมเขียว	สีเทอร์คอยซ์
04969952-n	น้ำเงินอมม่วง	สีน้ำเงินอมม่วง
04970059-n	ม่วง	สีม่วง
04970631-n	ม่วงอมแดง	สีม่วงอมแดง
04970758-n	น้ำเงินอมแดง	สีน้ำเงินอมแดง	สีม่วงไวโอเลต	สีไวโอเลต
04970916-n	ชมพู	สีชมพู
04971313-n	สีกุหลาบ	สีดอกกุหลาบ
04971675-n	สีส้มอ่อนอมชมพู	สีเหลืองอมส้ม
04971928-n	น้ำตาล	สีน้ำตาล
04972451-n	สีกาแฟ	สีน้ำตาลเข้ม
04973110-n	สีน้ำตาลอมเหลือง	สีน้ำตาลเทา
04973957-n	สีน้ำตาลคาราเมล	สีน้ำตาลอมเหลือง	สีน้ำตาลอ่อน
04974968-n	คุณสมบัติของสี	สมบัติของสี
04975340-n	ความอิ่มตัว	ความอิ่มตัวของสี
04975739-n	สีตรงข้าม	สีเติมเต็ม
04976952-n	สีผิว	สีเนื้อ
04980008-n	กลิ่น	สมบัติของกลิ่น
04982478-n	ความสงัด	ความเงียบ
04983122-n	คุณสมบัติของเสียง	สมบัติของเสียง
04983848-n	ความเป็นทำนอง	ความเป็นท่วงทำนอง
04986796-n	เบส	เสียงเบส
04989362-n	เสียงขึ้นจมูก	เสียงนาสิก
04990220-n	ความดัง	เสียงดัง	เสียงร้อง
04993882-n	ความเปรี้ยว	ความเป็นกรด
04994824-n	ความขม	ความขื่น
04995421-n	ความมีรสชาติ	ความอร่อย
04996355-n	ลักษณะที่รัีบประทานไม่ได้	ลักษณะที่ไม่น่ารับประทาน
04997988-n	คุณสมบัติของร่างกาย	สมบัติของร่างกาย
04998530-n	รูปร่าง	โครงสร้างร่างกาย
05000537-n	ความอ้วน	ความอ้ัวน
05002352-n	ความสูง	ส่วนสูง
05005250-n	คุณสมบัติทางกายภาพ	สมบัติทางกายภาพ
05006898-n	เพศ	เพศสภาพ
05010627-n	การสะท้อน	การสะท้อนแสง
05012272-n	ความร้อนรวม	เอช	เอนทัลปี
05013967-n	จุดหลอมเหลว	จุดเยือกแข็ง
05014879-n	อุณหภูมิร่างกาย	อุณหภูมิร่างกายปกติ
05015117-n	ความเย็น	อุณหภูมิต่ำ
05016171-n	ความร้อน	อุณหภูมิสูง
05020358-n	ความยืดหยุ่น	สภาพยืดหยุ่น
05023233-n	การขาดความยืดหยุ่น	ความไม่ยืดหยุ่น
05024616-n	ตัว	บอดี้
05025935-n	น้ำหนักอะตอม	มวลอะตอม	มวลอะตอมสัมพัทธ์	มวลเชิงอะตอม
05026312-n	น้ำหนักโมเลกุล	มวลโมเลกุลสัมพัทธ์
05026843-n	น.น.	น้ำหนัก
05028429-n	น้ำหนักของยานพาหนะ	น้ำหนักพาหนะ
05028963-n	การลอย	การลอยตัว
05029706-n	ความเข้มแข็ง	ความแข็งแรง
05030418-n	ความมีกล้ามเนื้อ	ความล่ำบึก
05031012-n	ความเเข็งแรง	ความแข็งแรง
05032918-n	ความทรหด	ความอึด	น้ำอดน้ำทน
05034473-n	จำนวนอะตอมของธาตุ	วาเลนซ์
05034761-n	โควาเลนซ์	โคเวเลนซ์
05041503-n	ความบอบบาง	ความไม่แข็งแรง
05046009-n	กาล	กาลเวลา	เวลา
05048301-n	การเกิดขึ้นพร้อมกัน	การเกิดพร้อมกัน	เหตุการณ์ประจวบกัน
05049656-n	อดีต	อดีตกาล
05049930-n	กาลภายหน้า	ภายภาคหน้า	อนาคต	อนาคตกาล
05050115-n	ปัจจุบัน	ปัจจุบันกาล
05050668-n	ความเป็นสมัยใหม่	สภาวะสมัยใหม่
05052387-n	ความไม่สิ้นสุด	อสงไขย
05053215-n	ความถาวร	สภาพถาวร
05057061-n	คลื่นความถี่กระจายเสียง	ความถี่กระจายเสียง
05057163-n	คลื่นความถี่ต่ำยิ่งยวด	คลื่นความถี่ต่ำสุด	ความถี่ต่ำยิ่งยวด	ความถี่ต่ำสุด
05057275-n	คลื่นความถี่ต่ำมาก	ความถี่ต่ำมาก
05057382-n	คลื่นความถี่ต่ำ	ความถี่ต่ำ
05057485-n	คลื่นความถี่ปานกลาง	ความถี่ปานกลาง
05057593-n	คลื่นความถี่สูง	ความถี่สูง
05057695-n	คลื่นความถี่สูงมาก	ความถี่สูงมาก
05057805-n	คลื่นความถี่สูงยิ่ง	ความถี่สูงยิ่ง
05057917-n	คลื่นความถี่สูงพิเศษ	ความถี่สูงพิเศษ
05058025-n	คลื่นความถี่สูงสุด	ความถี่สูงสุด
05058140-n	ความรวดเร็ว	ความว่องไว	ความเร็ว	ความไว
05058893-n	จังหวะ	จังหวะการทำซ้ำๆ
05059132-n	ความรวดเร็ว	ความเร็ว
05060476-n	ความกระทันหัน	ความฉับพลัน
05061977-n	ความช้า	ความเชื่องช้า
05062518-n	ความอืดอาด	ความเฉื่อยชา
05068461-n	ความชัน	ความลาด	สโลป
05069624-n	ความลาดชัน	ความสูงชัน
05079866-n	ท่วงท่า	ท่า	ท่าทาง
05080923-n	ท่าขัดสมาธิ	ท่าดอกบัว	ท่านั่งขัดสมาธิ
05081057-n	ท่าร่วมรัก	ท่าร่วมเพศ	ท่าสังวาส	ท่าเพศสัมพันธ์
05081300-n	ท่า	มาด
05082222-n	การ์ด	ท่าตั้งการ์ด	ท่าป้องกัน
05085165-n	ความไกล	ระยะไกล
05085436-n	ระยะเสียงร้องไห้	ระยะได้ยินเสียงร้องไห้
05085572-n	ความใกล้	ความใกล้ชิด
05086450-n	ความยาวโฟกัส	ระยะโฟกัส
05089947-n	ช่องห่าง	ระยะห่าง
05090979-n	ความสว่างสัมบูรณ์	แมกนิจูดสัมบูรณ์	โชติมาตรสัมบูรณ์
05091770-n	ความน่าจะเป็น	ความเป็นไปได้
05093293-n	ความเสี่ยง	ความเสี่ยงในการสัมผัสโรค
05093418-n	ความเสี่ยง	ความเสี่ยงในการติดเชื้อ
05093581-n	มิติ	ไดเมนชั่น
05093890-n	ดีกรี	ระดับ	เกรด	เลเวล
05094565-n	ระดับ	ระดับความรุนแรง
05094725-n	ความลึก	ระดับความลึก
05095691-n	ขนาด	ไซส์
05098099-n	จุดสูงสุด	ระดับสูงสุด
05098942-n	ขนาด	ไซส์
05099389-n	ความจุ	ความใหญ่
05099796-n	ความเข้ม	ระดับความเข้ม
05100525-n	ความเข้มของสนามแม่เหล็ก	ความเข้มสนามแม่เหล็ก
05100751-n	ความเข้มของแสง	ระดับความเข้มของแสง	แรงเทียน
05100866-n	ความเข้มของเสียง	ระดับความเข้มของเสียง
05102101-n	ความยาวเส้นรัศมี	อาร์
05103283-n	ความกว้างของลำกล้องปืน	เส้นผ่าศูนย์กลางของปากลำกล้อง	เส้นผ่าศูนย์กลางลำกล้อง
05103946-n	ขนาดใหญ่	ตัวใหญ่
05104421-n	ความอุ้ยอ้าย	ความเทอะทะ
05106633-n	ขนาดเล็ก	ความเล็ก	ตัวเล็ก
05113133-n	ความขาดแคลน	ความไม่เพียงพอ
05122557-n	ขนาดใหญ่	ส่วนใหญ่
05128519-n	พื้นที่	พื้นผิว
05129565-n	ความยาว	ระยะทาง	ระยะห่าง
05130028-n	ความกว้างของราง	ความกว้างของรางรถไฟ
05130402-n	ระยะกระโดด	ระยะสกิป
05138488-n	ค่า	มูลค่า
05141683-n	ค่า	ราคา
05142180-n	คุณประโยชน์	สิ่งดี
05145118-n	ค่า	มูลค่า	ราคา
05147237-n	ราคาถูก	ราคาเซล
05148699-n	ความมีประโยชน์	ประโยชน์
05154517-n	ค่า	ประโยชน์
05154908-n	ความช่วยเหลือ	ผู้ช่วย
05155821-n	ข้อได้เปรียบ	ความได้เปรียบ
05156993-n	ความเป็นเจ้าบ้าน	ความได้เปรียบจากเสียงเชียร์	ความได้เปรียบในฐานะเจ้าบ้าน
05159225-n	จุดเด่น	จุดแข็ง
05162985-n	การด้อยโอกาส	ความด้อยโอกาส
05166397-n	ยาพิษ	ยาเบื่อ
05167237-n	ความจริงจัง	ความจริืงจัง
05167412-n	ความเย่อหยิ่งถือดี	ความโอหัง
05168795-n	หน้า	หน้าตา
05175771-n	กาโบตาจ	สิทธิการบิน
05176188-n	การเปิดรับ	สิทธิในการเข้าถึง	สิทธิ์
05176607-n	การอนุญาต	การอนุมัติ
05186306-n	สิทธิออกเสียงเลือกตั้ง	สิทธิเลือกตั้ง
05187941-n	สิทธิค้นเรือ	สิทธิตรวจค้นเรือ
05188367-n	สิทธิในการลงคะแนนเสียง	สิทธิในการออกเสียง	สิทธิในการโหวต
05189819-n	สิทธิผ่านที่	สิทธิใช้ทาง	สิทธิในทางผ่าน
05192897-n	การตกเป็นข่าว	การเป็นข่าว
05196582-n	การอนุญาต	อำนาจ
05199151-n	การกำหนดด้วยตนเอง	การลิขิตชะตาชีวิตของตัวเอง
05210221-n	ความสามารถในการละลาย	สภาพละลายได้
05212264-n	ความตะกละ	ความตะกละตะกลาม
05214469-n	ความมีหลอดน้ำเหลืองมาก	ความมีหลอดเลือดมาก
05215921-n	ความจำ	ความจำได้หมายรู้
05216365-n	กาย	ตัว	ร่าง	ร่างกาย	เรือนกาย	เรือนร่าง
05217168-n	กาย	พระวรกาย	ร่างกาย	ร่างกายของมนุษย์	ร่างกายมนุษย์	สังขาร
05217688-n	ตัว	ร่างกาย
05217859-n	ซาก	ร่างที่ปราศจากลมหายใจ	ร่างไร้วิญญาณ	ศพ
05218119-n	ซากผี	ซากศพ	พระบรมศพ	พระศพ	ศพ	ศพคนตาย	ศพผู้เสียชีวิต
05218533-n	พระอังคาร	อัฐิ	เถ้ากระดูก
05218630-n	ซากมัมมี่	มัมมี่	ศพมัมมี่
05219420-n	ร่างกายของเด็ก	ร่างกายเด็ก
05219561-n	ร่างกายของผู้ใหญ่	ร่างกายผู้ใหญ่
05219724-n	ร่างกายบุรุษ	ร่างกายผู้ชาย	ร่างกายเพศชาย
05219923-n	ร่างกายผู้หญิง	ร่างกายสตรี	ร่างกายเพศหญิง
05220461-n	ส่วนประกอบของร่างกาย	อวัยวะของร่างกาย
05221895-n	บริเวณ	ส่วน
05227572-n	ส่วนทบโค้ง	ส่วนโค้ง
05227868-n	ส่วนทบโค้ง	ส่วนโค้ง
05230357-n	จุดกำหนด	จุดหลัก
05235100-n	ทัดดอกไม้	บริเวณทัดดอกไม้
05240211-n	หนังกำพร้า	เนื้อเยื่อชั้นนอก
05244239-n	จุดแบน	ดวง	แผ่น
05245387-n	จุดด่างดำ	รอยด่างบนผิวหนัง
05246215-n	ช่องเปิด	ปาก	รูเปิด
05248553-n	ปากช่อง	รู
05249636-n	ช่อง	รู
05250310-n	ช่องหายใจ	สไปราเคิล
05250659-n	ช่อง	หลอด
05252016-n	โพรง	ไซนัส
05254197-n	กระเปาะ	แอมพูลลา
05254795-n	ขน	พระโลมา
05255578-n	ขน	ขนตามร่างกาย
05256085-n	ผม	ผมเผ้า	พระศก	พระเกศ	พระเกศา
05256862-n	การจัดแต่งทรงผม	ทรงผม	แฮร์สไตล์
05257593-n	ทรงผม	ทรงผมที่ตัด
05257737-n	ปอยผม	ลอน
05258889-n	ทรงผมแอฟโฟร	ทรงแอฟโฟร
05258985-n	ทรงผมหน้าม้า	ผมหน้าม้า
05259109-n	ทรงบ๊อบ	ทรงผมบ็อบ	ผมบ็อบ
05259512-n	ผมเปีย	เปีย
05260240-n	ทรงผมปอมปาดัวร์	ทรงผมเอลวิส
05260380-n	ผมหางม้า	หางม้า
05260714-n	ผมตั้ง	ผมลานบิน
05260821-n	ผมทรงทหารเกณฑ์	ผมเกรียน
05260928-n	ทรงผมโมฮ็อก	ทรงโมฮ็อก
05261404-n	ขนตามใบหน้า	ขนใบหน้า
05261566-n	พระทาฐิกะ	พระทาฒิกะ	เครา
05262185-n	พระมัสสุ	หนวด
05262802-n	จอน	จอนหู
05263587-n	ขนตรงหัวเหน่า	พระโลมะชาติ
05263732-n	ขนลับ	ขนเพชร	ผมล่าง	หมอย
05264545-n	กระพุ้ง	ส่วนก้น	ส่วนฐาน
05268112-n	พระมังสา	เนื้อ	เนื้อหนัง	เนื้อหนังมังสา
05268797-n	เนื้อเยื่อระหว่างเซลล์	เนื้อเยื่ออินเตอร์สติเชียล
05268965-n	เนื้อเยื่อไขมัน	ไขมัน
05269784-n	ความอ้วนในเด็ก	ไขมันในร่างกายเด็ก
05269901-n	กระดูก	กระดูกกระเดี้ยว	พระอัฐิ
05273822-n	กระดูกโหนกแก้ม	โหนกแก้ม
05274105-n	กระดูกไหปลาร้า	พระรากขวัญ	ไหปลาร้า
05274247-n	กระดูกก้นกบ	ก้นกบ
05275905-n	กระดูกขากรรไกรล่าง	กรามล่าง
05278395-n	กระดูกสะบ้า	ลูกสะบ้า	ลูกสะบ้าหัวเข่า
05279688-n	กระดูกสะบัก	กระดูกหัวไหล่
05281189-n	กระดูกสันหน้าอก	กระดูกอก
05281452-n	คอร์ปัสสเตอร์นัม	แกลดิโอลัส
05281584-n	กระดูกสันอกส่วนบน	กระดูกแมนูเบรียม	แมนูเบรียม
05282746-n	พระทนต์	ฟัน	ฟันฟาง
05298988-n	อวัยวะภายใน	เครื่องใน
05301072-n	ชิวหา	พระชิวหา	ลิ้น
05301908-n	ปาก	พระโอษฐ์	โอษฐ์
05302422-n	ปาก	รูเปิด
05303402-n	ช่อง	โพรง
05307091-n	พระทาฒะ	ฟันเขี้ยว	เขี้ยว
05308655-n	สารเครือบฟัน	สารเคลือบฟัน
05310790-n	เยื่อหุ้มตัวอ่อน	เยื่อหุ้มฟีตัส
05311054-n	จักษุ	ดวงตา	ดวงเนตร	ตา	พระเนตร	เนตร
05312040-n	ลูกกะตา	ลูกตา
05312149-n	ดวงตาขวา	ตาขวา	ตาข้างขวา
05312227-n	ดวงตาซ้าย	ตาข้างซ้าย	ตาซ้าย
05313535-n	ขนคิ้ว	คิ้ว	พระขนง
05314919-n	ขนตา	ขนพระเนตร	พระโลมจักษุ	พระโลมะจักษุ
05319028-n	เยื่อบุกะโหลก	เยื่อบุกะโหลกศีรษะ
05320899-n	พระกรรณ	หู
05321307-n	ช่องในหู	หูชั้นใน	ห้องหูชั้นใน
05324888-n	หูชั้นกลาง	โพรงถัดจากเยื่อแก้วหู
05325378-n	ช่อง	รู	หน้าต่าง
05325943-n	กระดูกค้อน	ค้อน
05326060-n	ลาเมลลา	เยื่อลาเมลลา
05326340-n	กระดูกทั่ง	ทั่ง
05326465-n	กระดูกโกลน	โกลน
05327134-n	ชั้นเยื่อเมือก	เยื่อบุเมือก
05332225-n	กระดูกถุงน้ำตา	กระดูกแอ่งถุงน้ำตา
05332802-n	พระวักกะ	ไต
05333777-n	หลอดเลือดแดง	เส้นเลือดแดง
05353819-n	หลอดเลือดแดงพัลโมนารี	หลอดเลืิอดแดงปอด	เส้นเลือดแดงที่ปอด
05361123-n	หลอดเลือดดำที่คอ	หลอดเลือดดำเซฟาลิค
05378234-n	หลอดเลือดดำปอด	เส้นเลือดดำที่ปอด
05385161-n	ดี	ถุงน้ำดี	พระปิตตะ
05387544-n	ปอด	พระปัปผาสะ
05388805-n	พระกมล	พระหทัย	พระหฤทัย	หัวใจ
05395690-n	กระเพาะ	กระเพาะอาหาร
05397468-n	สารน้ำ	สารเหลวในร่างกาย
05398609-n	น้ำหลั่ง	สารน้ำคัดหลั่ง
05399034-n	นม	น้ำนม
05399243-n	นมมารดา	นมแม่	น้ำนมมารดา	น้ำนมแม่
05399356-n	นมยกแรก	น้ำนมน้ำเหลือง	โคลอสตรัม
05399847-n	พระโลหิต	เลือด	โลหิต
05400601-n	กรุ๊ปเลือด	หมู่เลือด
05403427-n	น้ำเลือด	พลาสมา
05404336-n	น้ำ	น้ำกาม	น้ำรัก	น้ำอสุจิ	น้ำเชื้อ
05405324-n	น้ำตา	น้ำพระเนตร	พระอัสสุ	หยดน้ำตา	หยาดน้ำตา
05405751-n	พระเสโท	หยาดเหงื่อ	เหงื่อ	เหงื่อไคล
05405946-n	น้ำหลั่งระบบการย่อยอาหาร	สารน้ำคัดหลั่งระบบการย่อยอาหาร
05406128-n	น้ำหลั่งกระเพาะ	สารน้ำคัดหลั่งกระเพาะ
05406397-n	น้ำหลั่งตับอ่อน	สารน้ำคัดหลั่งตับอ่อน
05406782-n	น้ำดีสีดำ	น้ำย่อยสีดำ
05408113-n	ฮอร์โมนอะดรีโนคอร์ติโคโทรฟิน	เอซีทีเอช
05408388-n	อะดรีนาลิน	ฮอร์โมนจากต่อมหมวกไต
05414147-n	เอดีเอช	แอนติไดยูเรติกฮอร์โมน
05415395-n	มูก	เมือก
05415815-n	เสมหะ	เสลด
05416048-n	ขี้มูก	น้ำมูก	มูลพระนาสิก
05416198-n	น้ำบ่อน้อย	น้ำลาย	พระเขฬะ
05416678-n	น้ำลายกระเซ็น	น้ำลายหก
05417821-n	ตกขาว	มุตกิต	โรคระดูขาว
05417975-n	หลอดเลือด	เส้นเลือด
05418717-n	หลอดเลือดดำ	เส้นเลือดดำ
05425910-n	หลอดเลือดฝอย	เส้นเลือดฝอย
05426243-n	เนื้อเยื่อ	เมมเบรน
05427570-n	ซาร์โคเลมมา	เยื่อซาร์โคเลมมา	เยื่อหุ้มเซลล์กล้ามเนื้อ
05430095-n	ตุ่มน้ำเหลือง	ต่อมน้ำเหลือง	ปุ่มน้ำเหลือง
05434784-n	นิวคลีโอพลาซึม	แครีโอพลาซึม
05445668-n	ออร์แกเนลล์	เซลล์ออร์แกเนลล์
05449073-n	เซลล์ทำลายกระดูก	เซลล์ออสติโอบลาสต์
05449268-n	เม็ดเลือด	เ้ม็ดเลือด
05449538-n	อะคาริโอต	เซลล์อะคาริโอต
05450888-n	เซลล์กลืนกิน	เซลล์ฟาโกไซต์
05451384-n	เม็ดเลือดขาวลิมโฟไซต์	เม็ดโลหิตขาวในเลือด
05454070-n	อาร์บีซี	เซลล์เม็ดเลือดแดง	เม็ดเลือดแดง
05455690-n	จุดเหลือง	จุดเหลืองจอตา
05457469-n	ตัวอสุจิ	สเปิร์ม
05458703-n	เซลล์ขั้ว	โพลาร์บอดี้
05459232-n	เส้นใยกล้ามเนื้อ	ใยกล้ามเนื้อ
05464378-n	ใยประสาทที่มีปลอกหุ้ม	ใยประสาทที่มีเยื่อหุ้ม
05465567-n	นิวรอน	เซลล์ประสาท
05467758-n	เซลล์แอสโตรไซต์	แอสโตรไซต์
05470013-n	เซลล์ลูกผสม	เซลล์ไฮบริโดมา
05471837-n	คอนไดลาร์โพรเซส	แมนดิบูลาร์คอนไดล์
05473735-n	ปุ่มลิ้น	พาพิลลา
05474346-n	ประสาท	เส้นประสาท
05475134-n	ประสาทรับความรู้สึก	ประสาทรับรู้
05482529-n	เยื่อดูรา	เยื่อหุ้มสมองชั้นนอก
05483890-n	ต่อมพิทูอิตารี	ต่อมใต้สมอง
05492259-n	รอยพับ	ส่วนจีบ	ส่วนพับ
05495172-n	สมองส่วนต้น	สมองส่วนเมดูลลา
05504107-n	น้ำหล่อสมองไขสันหลัง	น้ำไขสันหลัง
05504532-n	ระบบประสาทอัตโนมัติ	เอเอ็นเอส
05509889-n	ระบบทางเดินหายใจ	ระบบหายใจ
05510173-n	ทางเดินหายใจ	ทางเดินอากาศหายใจ
05513302-n	อวัยวะสืบพันธุ์	อวัยวะเพศ
05514081-n	ของลับ	ของสงวน	อวัยวะสืบพันธุ์ภายนอก	อวัยวะเพศภายนอก
05514410-n	พระโยนี	อวัยวะสืบพันธุ์หญิง	อวัยวะเพศหญิง	โยนี
05514717-n	อวัยวะสืบพันธุ์ภายในของสตรี	อวัยวะสืบพันธุ์ภายในของเพศหญิง
05514905-n	กล่องดวงใจ	อวัยวะสืบพันธุ์ชาย	อวัยวะเพศชาย
05516848-n	กระเป๋าหน้าท้อง	ถุงหน้าท้อง
05517578-n	ถุง	ถุงน้ำ	ถุงมีน้ำ	ถุงหุ้ม
05518257-n	ต่อมรากผม	ปุ่มรากผม
05518870-n	ท่อนำไข่	ท่อรังไข่
05521514-n	จิ๋ม	ปิ๊	หม้อ	หี
05522283-n	หัวเหน่า	เนินหัวเหน่า
05522456-n	ลาเบียม	แคม
05522674-n	แคมนอก	แคมใหญ่
05522998-n	แคมเล็ก	แคมใน
05523420-n	คลิตอริส	ปุ่มกระสัน	ปุ่มคลิตอริส
05523629-n	ท่อเคาเปอร์	ท่อเคาเปอร์ในท่อปัสสาวะ
05524615-n	พระอัณฑะ	ลูกกระแป๋ง	ลูกอัณฑะ	อัณฑะ	เล็ดไข่
05526384-n	พระคุยหฐาน	พระคุยหประเทศ	ลึงค์	องคชาต
05526713-n	กระเจี๊ยว	ควย	จู๋	จ้าวโลก	ดอ	ดอกจำปี	นกเขา	น้องชาย	เจี๊ยว	ไข่
05532225-n	ช่องทางเดินอาหาร	ทางเดินอาหาร
05535095-n	กระเพาะส่วนปลาย	ไพลอรัส
05537576-n	ไส้ตะเกียง	ไส้ติ่ง
05538016-n	ทวารหนัก	เวจมรรค
05538215-n	ตูด	ประตูหลัง	รูตูด
05538625-n	พระเศียร	ศีรษะ	หัว	เศียร
05539138-n	ศีรษะ	หัว
05539454-n	กบาล	กระโหลก
05540121-n	กระดูกหัวกะโหลก	กะโหลก	กะโหลกศีรษะ	หัวกะโหลก
05540513-n	กระโหลก	กะโหลกศีรษะ
05542893-n	ซูเจอร์	รอยประสาน
05543177-n	ข้อต่อที่เคลื่อนไหวได้มาก	ข้อต่อแบบซินโนเวียล
05544725-n	รอยประสานออกซิปิโตมาสตอยด์	ออกซิปิโตมาสตอยด์ซูเจอร์
05544906-n	พาไรโทมาสตอยด์ซูเจอร์	รอยประสานพาไรโทมาสตอยด์
05546540-n	คอ	พระศอ	ศอ
05548840-n	บ่า	พระอังสา	หัวไหล่	ไหล่
05549576-n	จั๊กแร้	พระกัจฉะ	รักแร้
05549830-n	ตัว	ลำตัว
05551494-n	นม	หน้าอก
05552607-n	ทรวงอก	หน้าอก
05553288-n	ทรวงอก	พระทรวง	พระอุระ	หน้าอก	อก
05554405-n	ถัน	นม	พระถัน	พระเต้า	หน้าอก	หน้าอกของผู้หญิง	หน้าอกหน้าใจ	เต้า	เต้านม
05554653-n	จุก	ยอดพระถัน	หัวนม
05555688-n	รอบเอว	สะเอว	เอว
05555840-n	เอวคอด	เอวบาง
05556325-n	ตะโพก	พระโสณี	สะโพก
05556595-n	พระนาภี	สะดือ
05556943-n	ท้อง	พระอุทร	พุง	พุงกะทิ
05558345-n	ช่องท้อง	โพรงท้อง
05559256-n	ก้น	ตูด	บั้นท้าย
05560631-n	ตอ	โคนตัด
05560787-n	ขา	พระเพลา	แข้งขา
05563266-n	ตีน	บาท	บาทา	พระบาท	เท้า
05563770-n	พระพาหา	พระพาหุ	แขน
05564590-n	กร	พระหัตถ์	มือ	หัตถา	หัตถ์
05565064-n	กำปั้น	กำพระหัตถ์	กำมือ	มะเหงก	หมัด
05565337-n	มือขวา	มือข้างขวา
05565548-n	มือข้างซ้าย	มือซ้าย
05566504-n	นิ้ว	นิ้วมือ
05567217-n	นิ้วหัวแม่มือ	นิ้วโป้ง	พระอังคุฐ	หัวแม่มือ	โป้ง
05567381-n	ชี้	ดรรชนี	ดัชนี	นิ้วชี้	พระดัชนี
05567489-n	นาง	นิ้วนาง	พระอานามิกา
05567604-n	กลาง	นิ้วกลาง	พระมัชฌิมา
05567727-n	ก้อย	นิ้วก้อย	พระกนิษฐา
05570704-n	เส้นเอ็นหลังหัวเข่า	เอ็นร้อยหวาย
05573602-n	พระชานุ	หัวเข่า	เข่า
05573895-n	กระดูกต้นขา	พระอูรุ
05575743-n	กล้ามเนื้อสปลีเนียสคอ	กล้ามเนื้อสปีเนียสคอ
05577410-n	นิ้วตีน	นิ้วเท้า
05577741-n	นิ้วหัวแม่เท้า	หัวแม่ตีน	หัวแม่เท้า
05578442-n	ข้อตีน	ข้อเท้า
05579944-n	ข้อศอก	ศอก
05580416-n	ข้อต่อแบบบานพับ	ข้อบานพับ
05581693-n	พระนขา	เล็บ
05584152-n	สโตรมา	ส่วนพยุง	โครง
05584390-n	เล็บนิ้วโป้ง	เล็บหัวแม่มือ
05584605-n	เล็บขบ	เล็บคุด
05584928-n	กระดูกข้อมือ	ข้อมือ
05585205-n	ข้อนิ้ว	ข้อนิ้วมือ
05585383-n	ระบบโครงกระดูก	โครงกระดูก
05590366-n	กล้ามเนื้อระหว่างกระดูกสันคอและกระดูกกกหู	กล้ามเนื้อสเตอร์โนมัสตอยด์
05592733-n	ลำ	แท่ง
05596651-n	กระดูกบริเวณเชิงกราน	กระดูกโอบเชิงกราน
05597734-n	ขาหนีบ	เป้า
05598147-n	จมูก	นาสา	นาสิก	พระนาสา	พระนาสิก
05599501-n	จมูกงองุ้ม	จมูกโด่ง
05599617-n	คาง	พระหนุ
05600637-n	ดวงหน้า	พระพักต์	หน้า	ใบหน้า
05602548-n	พระนลาฏ	หน้าผาก
05602835-n	พระปราง	แก้ม
05605192-n	ศูนย์การหายใจ	ศูนย์ควบคุมการหายใจ
05606247-n	เยื่อซินโนเวียล	เยื่อบุข้อต่อ
05607863-n	สเต็มเซลล์	เซลล์ต้นกำเนิด
05608044-n	เซลล์ต้นกำเนิดเม็ดเลือด	เซลล์ต้นกำเนิดเม็ดโลหิต
05608615-n	เปลือกโซนาเพลลูซิด้า	โซนาเพลลูซิด้า
05610520-n	ทีโลเมียร์	ส่วนปลายของโครโมโซม
05611062-n	เขต	เขตวงรอบ	แดน
05611221-n	เขตเล็ก	แดนเล็ก
05611302-n	ความคิด	สมอง	หัว	หัวคิด
05613170-n	อัตตา	อีโก้
05613625-n	ซูเปอร์อีโก้	อภิอัตตา
05614476-n	วิสัยทัศน์	สายตา
05614657-n	คอมมอนเซนส์	สามัญสำนึก	เซนส์
05615028-n	ตรรกะ	ลอจิก
05615373-n	ความมีวิจารณญาณ	ความสุขุม
05615869-n	การระมัดระวัง	ความระวัง
05616246-n	ความสามารถ	สมรรถภาพ
05617310-n	ความเป็นผู้นำ	ภาวะผู้นำ
05617467-n	ความเป็นผู้นำกองทัพ	ภาวะผู้นำกองทัพ
05617606-n	ความฉลาด	สติปัญญา
05618056-n	ความสามารถในการเรียนรู้	สมอง
05618849-n	ความคิด	ปัญญา	สมอง
05619743-n	ความฉลาดปราดเปรื่อง	ความฉลาดหลักแหลม	จีเนียส
05620955-n	ปฏิภาณ	เชาว์ปัญญา	ไหวพริบ	ไหวพริบปฏิภาณ
05621808-n	ความเฉียบแหลม	ไหวพริบ
05622956-n	ความสามารถทางสติปัญญา	สติปัญญา
05624042-n	ความสามารถ	พรสวรรค์
05624700-n	ความคิดสร้างสรรค์	ความสามารถในการสร้างสรรค์
05626929-n	เกาะแอตแลนติซ	เกาะแอตแลนติส
05627682-n	ดินแดนแห่งเทพนิยาย	เมืองกายสิทธิ์
05627785-n	สรวงสวรรค์	สวรรค์	เมืองฟ้า	เมืองสวรรค์	เมืองแมน	แดนสวรรค์
05628403-n	ทุ่งเอลีเซียน	สรวงสวรรค์
05628658-n	สวนอีเดน	สวนอีเด็น
05628939-n	สรวงสวรรค์	สวรรค์
05629204-n	วัลฮัลลา	วิมานวัลฮัลลา
05629381-n	นรก	นรกอเวจี	นรกานต์	ยมโลก	อเวจี	เมืองนรก	เมืองผี	แดนนรก
05629682-n	ขุมนรก	นรก
05632056-n	ยูโทเปีย	สังคมยูโทเปีย
05632272-n	ความเพ้อฝัน	แฟนซี
05632446-n	ความเพ้อฝัน	แฟนตาซี
05635188-n	ศาตร์การบิน	ศาสตร์การบิน
05637106-n	ความสามารถที่ติดตัวมา	ทักษะตามธรรมชาติ
05637558-n	ทักษะ	สกิล
05638063-n	ทักษะการช่าง	ทักษะการทำงาน	หัตถ์ศิลป์
05638374-n	ทักษะการขี่ม้า	ศิลปะการขี่ม้า
05638486-n	การรู้หนังสือ	การอ่านออกเขียนได้
05638778-n	ทักษะการผสมเครื่องดื่ม	ศิลปะการผสมเครื่องดื่ม
05639431-n	ความสามารถทางคณิตศาสตร์	ทักษะการคำนวณ	ทักษะการคิดคำนวณ	ทักษะทางคณิตศาสตร์
05639651-n	ทักษะการขาย	ศิลปะการขาย
05640040-n	ทักษะการแสดง	ศิลปะการแสดง
05640339-n	ทักษะการฟันดาบ	ศิลปะการฟันดาบ
05641959-n	ความชำนาญ	ความรู้
05642175-n	ความง่าย	ความถนัด	ความเชี่ยวชาญ
05643722-n	ทักษะการดูแลบ้านเรือน	ศิลปะการดูแลบ้านเรือน
05644016-n	ทักษะการค้าขาย	ศิลปะการค้าขาย
05644334-n	ทักษะการควบคุมเรือ	ศิลปะการควบคุมเรือ
05644423-n	ทักษะงานแกะสลักไม้	ศิลปะงานแกะสลักไม้
05650820-n	การสื่อสารด้วยภาษา	ภาษา
05651680-n	ความเข้าใจ	ปัญญา	เหตุผล
05654362-n	การมองเห็น	การเห็น
05655482-n	การบอดทุกสี	การเห็นไร้สี
05656294-n	การมองเห็นสี	การเห็นสี
05656418-n	การมองเห็นในระยะไกล	การเห็นระยะไกล
05656890-n	การมองเห็นในระยะใกล้	การเห็นระยะใกล้
05656997-n	การมองเห็นในที่มืด	การเห็นในเวลากลางคืน
05657166-n	การมองเห็นในที่สว่าง	การมองเห็นในที่แจ้ง	การเห็นในเวลากลางวัน
05658226-n	การรับรส	การรู้รส
05658603-n	การรับกลิ่น	การรู้กลิ่น
05658826-n	จมูก	ประสาทรับกลิ่น
05660268-n	วิธี	วิธีการ
05661668-n	วิธีแก้ปัญหา	โซลูชั่น
05670343-n	ความกระตือรือร้น	ความสนใจเป็นพิเศษ
05675905-n	ความตระหนัก	ความตระหนักรู้	ความมีสติ
05683582-n	ความสับสนวุ่นวายใจ	จิตใจสับสน
05685030-n	ความงง	ความงุนงง
05685538-n	ปริศนา	สิ่งที่เป็นปริศนา	สิ่งลึกลับ
05686955-n	ความยากลำบาก	ความยุ่งยาก	อุปสรรค
05688990-n	กับดัก	หลุมพราง
05692758-n	ปัจจัยชี้ขาด	ปัจจัยตัดสินหลัก
05694232-n	กระดูกสันหลัง	ปัจจัยหลัก	เสาหลัก	แกนสนับสนุนหลัก
05696020-n	คู่ที่เข้ากัน	คู่ที่เหมาะสม
05697363-n	ความเชื่อมั่นในตนเอง	ความเชื่อมั่นในตัวเอง	เชื่อมั่นในตัวเอง
05697789-n	ความเชื่อมั่น	ความแน่นอน
05698791-n	ความคลางแคลงใจ	ความสงสัย
05698982-n	ความเหลือเชื่อ	ความไม่เชื่อ
05699434-n	การลังเล	ความโลเล
05702602-n	ช่วงเวลาจดจ่อ	สมาธิ
05704266-n	การตั้งสมาธิ	การมีสมาธิจดจ่อ	การรวบรวมสมาธิ
05704694-n	การจดจ่อ	การเพ่งความสนใจ	การเพ่งสมาธิ	การโฟกัส
05705722-n	การระวังระไว	การเฝ้าระวัง
05707718-n	ความรู้สึก	ฟิลลิ่ง
05708207-n	ซิกท์เซนส์	สัมผัสที่หก
05712076-n	การรับความรู้สึก	การรับรู้ทางอายตนะ
05715283-n	รส	รสชาติ
05715864-n	รส	รสเครื่องปรุง
05716342-n	รสมะนาว	รสเลมอน
05716577-n	ความหวาน	รสหวาน
05716744-n	ความเปรี้ยว	รสเปรี้ยว
05717115-n	ความขม	รสขม
05717266-n	กลิ่นฉุน	กลิ่นฉุนแสบจมูก
05718935-n	ดนตรี	มิวสิค	เพลง	เสียงดนตรี	เสียงเพลง
05719325-n	เพลงเปียโน	เสียงเปียโน
05719804-n	ฮาร์โมนิก	เสียงฮาร์มอนิก	เสียงฮาร์โมนิก
05720093-n	เสียงโอเวอร์โทน	โอเวอร์โทน
05734018-n	การวิจารณ์	การวิพากษ์วิจารณ์
05736149-n	การประเมิน	การประเมินค่า
05737153-n	เกรด	แต้ม
05740929-n	การตัดเนื้อออกตรวจ	การตัดเนื้อเยื่อไปตรวจ
05751173-n	การนับถืออย่างแรงกล้า	ความคลั่งไคล้
05760202-n	ความจำ	ความทรงจำ
05768553-n	ความฝัน	ฝัน	พระสุบิน	สุบิน
05768806-n	การวาดฝัน	ความคิดฝัน	ความฝัน
05769471-n	การฝันกลางวัน	การฝันหวาน
05770664-n	กระบวนการคิดขั้นสูง	กระบวนการคิดระดับสูง
05770926-n	การคิด	ความคิด
05771836-n	การคิดสังเคราะห์	การคิดเชิงสังเคราะห์
05772356-n	การคิดเชิงนามธรรม	การคิดเชิงเหตุผล
05773407-n	แนวความคิด	แนวคิด
05776212-n	การทำนายโชคชะตา	ทักษาพยากรณ์
05777830-n	การดูลายมือ	พยากรณ์ศาสตร์ด้านลายมือ
05784831-n	การคิดพิจารณา	การพิจารณา
05785508-n	การครุ่นคิด	การไตร่ตรอง
05786184-n	การทำสมาธิ	การเข้าฌาน
05786871-n	การค้นหาตนเอง	การวิเคราะห์ตนเอง
05789808-n	การเปลี่ยนความคิด	การเปลี่ยนใจ
05790242-n	ชอยซ์	ตัวเลือก
05790758-n	ของที่ชอบ	สิ่งที่ชอบ
05790944-n	ชอยซ์	ตัวเลือก	ทางเลือก	ออปชั่น
05791764-n	ทาง	ทางออก	ลู่ทาง
05792192-n	สิ่งที่ทำได้	สิ่งที่เป็นไปได้
05793554-n	ฐาน	รากฐาน
05796423-n	การคิดพิจารณา	ความรอบคอบ
05798569-n	มาตรฐานเปรียบเทียบ	เงื่อนไขควบคุม
05800998-n	การสำรวจความเห็น	การสำรวจประชามติ
05806380-n	การรู้จักตนเอง	การเข้าใจตนเอง
05808442-n	ประกาย	แสงวาบ
05809192-n	สาระ	สารัตถะ	เนื้อหา
05810250-n	ชีวิตจริง	โลกความเป็นจริง
05814162-n	เอกภพ	เอกภพของสรรพสาระ
05816622-n	ข้อมูล	ดาต้า
05816790-n	ค่ามาตรวัด	ค่ามิเตอร์
05817396-n	ข้อเท็จจริง	ความจริง
05821102-n	ตัวอย่างที่แย่	ตัวอย่างที่ไม่ดี
05822746-n	ข้อมูลแวดล้อม	ปัจจัย	เงื่อนไข
05823517-n	ข้อมูลพื้นฐาน	พื้นความรู้
05827684-n	สิ่งกระตุ้น	สิ่งเร้า	แรงกระตุ้น
05832745-n	ภาระ	หน้าที่
05833683-n	ความเศร้า	ความเศร้าโศก	ความโศกเศร้า
05833840-n	ความคิด	ไอเดีย
05834758-n	เชื้อ	เมล็ดพันธุ์
05835747-n	คอนเซปต์	มโนทัศน์	มโนภาพ	แนวคิด
05838176-n	ความเห็นต่อท้าย	คำตัดสิน
05839024-n	ชนิด	ประเภท	ฟอร์ม	รูปแบบ	แบบ
05841151-n	รูปแบบทางศิลปะ	รูปแบบศิลปะ
05841351-n	รูปแบบทางสถาปัตยกรรม	รูปแบบสถาปัตยกรรม
05845140-n	ตรา	ยี่ห้อ	แบรนด์
05845562-n	แนว	แบบ
05845888-n	จำพวกเดียวกัน	ประเภทเดียวกัน
05846054-n	กฎ	กฎระเบียบ	ระเบียบ	ระเบียบข้อบังคับ
05846932-n	กฎ	สูตร
05848912-n	กฎการทำงาน	กฎระเบียบการทำงาน
05856217-n	จุดศูนย์	ซีโร่	ศูนย์
05856589-n	ค่าลักษณะเฉพาะ	ค่าเฉพาะ
05857974-n	จำนวนอาร์กิวเมนต์	จำนวนอาร์กิวเมนต์ของการดำเนินการ	อาริตี้
05858407-n	ความสัมพันธ์	สหสัมพัทธ์
05859277-n	ตัวแปรทางสถิติ	พารามิเตอร์
05859630-n	ผล	ผลคูณ	ผลลัพธ์
05860200-n	จำนวนสองเท่า	ทวีคูณ
05860639-n	ค.ร.น.	คูณร่วมน้อย
05864884-n	ผลคูณจุด	ผลคูณภายใน	ผลคูณเชิงสเกลาร์
05867413-n	พาร์ต	ส่วน
05869857-n	ยูนิต	หน่วย
05872982-n	กฎ	กฎธรรมชาติ
05874232-n	กฎ	หลัก
05874716-n	กฎของอาร์คิมีดีส	หลักของอาร์คิมีดีส
05874941-n	กฎของอโวกาโดร	สมมติฐานของอโวกาโดร
05876469-n	กฎของดาลตัน	กฎความดันย่อยของดาลตัน
05878229-n	กฎของชาร์ลส์	กฎของปริมาตร	กฎของเกย์ลูสแซก
05881867-n	กฎแรงโน้มถ่วง	กฎแรงโน้มถ่วงของนิวตัน
05885622-n	กฎการเคลื่อนที่ของนิวตัน	กฎของนิวตัน
05885822-n	กฎการเคลื่อนที่ข้อหนึ่ง	กฎการเคลื่อนที่ข้อหนึ่งของนิวตัน	กฎข้อหนึ่งของนิวตัน
05886613-n	กฎของปาสคาล	กฎความดันของเหลวของปาสคาล
05888572-n	ทฤษฎีสถานะคงตัว	ทฤษฎีแห่งการดำรงอยู่	ทฤษฎีแห่งการสร้างสรรค์ต่อเนื่อง
05890249-n	แบบจำลอง	โมเดล
05897553-n	ภูตผี	ภูตผีปีศาจ
05897825-n	จานบิน	จานผี	ยูเอฟโอ
05898035-n	เรือปีศาจ	เรือผีสิง	เรือฟลายอิงดัตช์แมน
05898171-n	ผี	ผีสาง	วิญญาณ
05898568-n	แผน	แผนการ
05899087-n	โครงการ	โปรแกรม
05899442-n	แผนหลัก	แผนแม่บท
05902327-n	พิมพ์เขียว	แม่แบบ
05905152-n	กลยุทธ์	แทกติกส์
05908882-n	แผนก่อการร้าย	แผนชั่วร้าย
05912012-n	บัญชีเงินบำนาญรายบุคคล	ไออาร์เอ
05912552-n	แบบแผนต้นแบบ	โรดแมพ	ไกด์ไลน์
05916306-n	ความเฉลียวใจ	ความเฉลีึ่ยวใจ
05919263-n	จิต	จิตใจ	ใจ
05919431-n	การมองการณ์ไกล	การมีวิสัยทัศน์
05920272-n	ตีม	แก่นเรื่อง
05921123-n	สาระ	เนื้อหา	เนื้อๆ	แก่น	แก่นความคิด	ใจกลาง
05929008-n	บท	บทบาท	บทบาทการแสดง
05929670-n	ตัวพระ	พระเอก
05933246-n	ทิวทัศน์	มุมมอง
05937524-n	ต้นแบบ	แบบอย่าง
05939948-n	ภาพสามมิติ	สามมิติ
05943066-n	ความมั่นใจ	ความศรัทธา	ศรัทธา
05943300-n	ปรัชญา	ระบบความคิด	ลัทธิ	สำนักความคิด	สำนักคิด
05944686-n	ปรัชญา	แนวคิด
05945642-n	ความคิดเห็น	ความเห็น
05952829-n	ลัทธิสุปรีมาติสม์	อนุตรนิยม
05954807-n	ลัทธิชนเผ่า	เผ่าพันธุ์นิยม
05954894-n	คุณค่า	ค่านิยม
05956019-n	หลักจริยธรรม	หลักศีลธรรม
05960464-n	ปรัชญา	ลัทธิ
05961867-n	รูปแบบนิยม	ลัทธิพิธีรีตอง
05965022-n	ชาตินิยม	ลัทธิคลั่งชาติ	ลัทธิชาตินิยม
05965195-n	ชาตินิยม	ลัทธิชาตินิยม
05967191-n	มนุษยนิยม	ลัทธิมนุษยนิยม
05967402-n	มนุษยธรรมนิยม	มนุษยนิยม
05967773-n	ลัทธิสตรีนิยม	สตรีนิยม	เฟมินิสม์
05968971-n	ทฤษฎีความงาม	หลักแห่งความงาม
05969758-n	ปรัชญาขงจื๊อ	ลัทธิขงจื๊อ
05970012-n	ดิคอนสตรักชันนิสม์	ทฤษฎีรื้อสร้าง	ทฤษฎีรื้อโครงสร้าง
05970755-n	ปรัชญาอัตถิภาวนิยม	ปรัชญาเอ็กซิสเตนเชียลิสม์	อัตถิภาวนิยม	เอ็กซิสเตนเชียลิสม์
05973372-n	ธรรมชาตินิยม	ลัทธิธรรมชาตินิยม
05975659-n	สัจนิยม	เรียลิสม์
05976257-n	สัญวิทยา	สัญศาสตร์
05977135-n	ลัทธิอัตนัยนิยม	อัตนัยนิยม
05977340-n	ปรัชญาเต๋า	ลัทธิเต๋า
05979909-n	การปฏิเสธความเชื่อ	การไม่เชื่อ
05981768-n	จุดหมาย	จุดหมายปลายทาง	ปลายทาง
05983654-n	เจตจำนง	เจตนารมณ์
05984287-n	ความรู้	ความรู้จากการศึกษา
05985381-n	ภูมิปัญญาชาวบ้าน	ภูมิปัญญาท้องถิ่น	ภูมิปัญญาพื้นบ้าน
05985602-n	คติชน	คติชาวบ้าน
05988097-n	การผิดหวัง	การมีตาสว่าง
05988282-n	ความไม่รู้	อวิชชา
05990089-n	ทฤษฎีแรงโน้มถ่วง	ทฤษฎีแรงโน้มถ่วงของนิวตัน
05994935-n	ทฤษฎีทางเศรษฐศาสตร์	ทฤษฎีเศรษฐศาสตร์
05995220-n	ทฤษฎีบริโภคนิยม	แนวคิดบริโภคนิยม
05996646-n	วิชา	ศาสตร์	สาขา
05997361-n	ทฤษฎีการสื่อสาร	นิเทศศาสตร์
05997659-n	วิชาเอก	เมเจอร์
05999266-n	ฐานความรู้	แวดวง
06000644-n	คณิต	คณิตศาสตร์	เลข	แม็ท
06005518-n	เรขาคณิตเชิงพาลาโบลา	เรขาคณิตแบบยุคลิด
06007381-n	เรขาคณิตรีมันน์	เรขาคณิตอิลลิปติก
06012340-n	เรขาคณิตพรรณนา	เรขาคณิตเชิงภาพฉาย
06012513-n	ตรีโกณ	ตรีโกณมิติ
06016462-n	ช่วงปิด	ช่วงปิืด
06017594-n	ทอพอโลยี	โทโพโลยี
06023476-n	ค่าเบี่ยงเบนเฉลี่ย	ส่วนเบี่ยงเบนเฉลี่ย
06023821-n	ค่ามัธยฐาน	มัธยฐาน
06023969-n	ค่าเฉลี่ย	มัชฌิม
06032246-n	ค่าสัมประสิทธิ์	สัมประสิทธิ์สหสัมพันธ์
06034101-n	สถิตินอนพาราเมตริก	สถิติแบบไม่มีพารามิเตอร์	สถิติไร้พารามิเตอร์
06037666-n	ชีววิทยา	ชีวะ	วิชาชีวะ	วิทยาศาสตร์ชีวภาพ
06041600-n	ชีวมิติ	ชีวสถิติศาสตร์
06046528-n	นาฬิวิทยา	วิทยาหลอดเลือดและหลอดน้ำเหลือง
06047430-n	ทันตกรรม	ทันตแพทยศาสตร์
06047923-n	ทันตกรรมตกแต่ง	ทันตกรรมเสริมสวย
06049250-n	ทันตกรรมประดิษฐ์	วิชาทันตกรรมประดิษฐ์
06053280-n	วิทยาการจำแนกโรค	ศาสตร์การวินิจฉัยโรค
06057539-n	กายวิภาค	กายวิิภาคศาสตร์
06060463-n	กายวิภาคศาสตร์เฉพาะส่วน	โทโปโลยี
06062225-n	วิทยาไส้ตรงและทวารหนัก	ศัลยศาตร์ลำไส้ใหญ่และทวารหนัก
06063275-n	การแพทย์อวกาศ	เวชศาสตร์อวกาศ
06064683-n	อุรเวชกรรม	อุรเวชศาสตร์
06084469-n	วิชาเคมี	วิทยาศาสตร์เคมี	เคมี
06090869-n	ฟิสิกส์	วิชาฟิสิกส์	วิทยาศาสตร์กายภาพ
06100555-n	ฟิสิกส์อะตอม	วิชาฟิสิกส์นิวเคลียร์
06101973-n	ฟิสิกส์ควอนตัม	วิชาฟิสิกส์ควอนตัม
06102865-n	ทฤษฎีสัมพฤตินิยม	สัมพฤตินิยม
06104578-n	กฎการอนุรักษ์พลังงาน	กฎทรงพลังงาน
06105873-n	ทฤษฎีคลื่น	ทฤษฏีคลื่น
06106305-n	ทฤษฎีจลน์	ทฤษฎีจลน์ของก๊าซ
06106820-n	ทฤษฎีสัมพันธภาพทั่วไป	ทฤษฎีสัมพันธภาพทั่วไปของไอสไตน์
06107083-n	ทฤษฎีสัมพันธภาพเฉพาะ	ทฤษฎีสัมพันธภาพเฉพาะของไอสไตน์
06111335-n	กลศาสตร์แบบฉบับ	กลศาสตร์แบบนิวตัน
06122747-n	ทอพอโลยี	โทโพโลยี
06125041-n	วิทยาศาสตร์ประยุกต์	วิศวกรรมศาสตร์	วิศวกรรมศาสตร์ประยุกต์
06126523-n	การยศาสตร์	เทคโนโลยีชีวภาพศาสตร์
06126761-n	เทคโนโลยีชีวภาพ	ไบโอเทค
06127209-n	การตัดต่อดีเอ็นเอ	การตัดต่อพันธุกรรม	การตัดต่อยีนส์	พันธุวิศวกรรม
06133203-n	ปัญญาประดิษฐ์	เอไอ
06133503-n	การแปลภาษาด้วยคอมพิวเตอร์	การแปลภาษาด้วยเครื่อง	การแปลภาษาด้วยเครื่องคอมพิวเตอร์	แมชชีนทรานสเลชั่น
06133654-n	วิทยาการหุ่นยนต์	โรโบติกส์
06133935-n	การใช้หุ่นยนต์ระยะไกล	เทเลโรโบติกส์
06134510-n	เทคโนโลยีสารสนเทศ	ไอที
06142118-n	วิทยาการสารสนเทศ	สนเทศศาสตร์
06142598-n	นิยันตศาสตร์	ไซเบอร์เนติกส์
06144081-n	วิชาโบราณคดี	โบราณคดี
06145158-n	โบราณคดีใต้ทะเล	โบราณคดีใ้ต้ทะเล
06147522-n	มานุษยวิทยาวัฒนธรรม	มานุษยวิทยาสังคม
06149484-n	เศรษฐศาสตร์	เศรษฐศาสตร์การเมือง
06150633-n	การเงิน	สาขาการเงิน
06153846-n	มนุษยศาสตร์	ศิลปศาสตร์	อักษรศาสตร์
06155432-n	ภาษาอังกฤษ	วิชาภาษาอังกฤษ	วิชาอังกฤษ	อังกฤษ	อิ๊ง
06156015-n	ประวัติศาสตร์ศิลปะ	ประวัติศาสตร์ศิลป์
06156968-n	จิตรกรรม	วิจิตรศิลป์
06158346-n	ปรัชญา	วิชาปรัชญา
06161718-n	กฎหมาย	ปรัชญากฎหมาย
06163751-n	ตรรกวิทยา	ตรรกศาสตร์	วิชาลอจิก
06165147-n	ตรรกศาสตร์เชิงประพจน์	แคลคูลัสเชิงประพจน์
06166644-n	ตรรกวิทยาอัญรูป	ตรรกศาสตร์อัญรูป
06167328-n	ทฤษฎีทางปรัชญา	ทฤษฎีปรัชญา	ลัทธิทางปรัชญา	แนวคิดทางปรัชญา
06168334-n	ทฤษฎีมานุษยวิทยาโครงสร้าง	โครงสร้างนิยม
06169285-n	การศึกษาวรรณกรรม	วรรณคดีศึกษา
06172502-n	การศึกษาเกี่ยวกับรหัสสัญญาณ	วิทยาการรหัสลับ
06177450-n	สัทวิทยา	สัทศาสตร์
06178380-n	วิทยาหน่วยคำอนุพันธ์	วิทยาหน่วยคำแปลง
06180548-n	อรรถศาสตร์ปริชาน	อรรถศาสตร์พุทธิปัญญา
06184574-n	คริสตศาสนาวิทยา	พระคริสต์วิทยา
06188989-n	ลัทธิยานเซน	ลัทธิแจนเซอนิสม์
06190809-n	นิกายเควเกอร์	ลัทธิเควเกอริสม์
06191687-n	วิชาว่าด้วยความรอด	โมกขวิทยา
06193203-n	ทรรศนะ	ทัศนคติ
06194736-n	วัฒนธรรมในโลกออนไลน์	วัฒนธรรมไซเบอร์	ไซเบอร์คัลเจอร์
06196071-n	คติบิดาเป็นใหญ่	ปิตาธิปไตย
06203603-n	อิสลาโมโฟเบีย	โรคเกลียดกลัวอิสลาม
06203956-n	ลัทธิความเป็นอคติต่อชาวเซมิติค	แอนตี้เซมิติสม์
06210363-n	ทรรศนะ	มุมมอง	แง่มุม
06212302-n	กฎนิยม	ลัทธิถือกฎหมาย
06212839-n	ทฤษฎีการเมือง	ทฤษฎีทางการเมือง
06213688-n	ลัทธิเบ็ดเสร็จนิยม	เผด็จการ
06214164-n	มาเคียเวลลิสม์	ลัทธิมาเคียเวลลี
06214744-n	คอมมิวนิสม์	ลัทธิคอมมิวนิสม์	สังคมนิยม
06216805-n	ลัทธิแบ่งแยก	ลัทธิแบ่งแยกสีผิว
06222959-n	ลัทธินอสติซิสม์	ลัทธิไญยนิยม
06229853-n	คาลวินิสม์	นิกายคาลวิน
06232880-n	ศาสนาจูดาย	ศาสนายูดาย
06236802-n	ลัทธิฮินดู	ศาสนาฮินดู
06237865-n	ลัทธิพราหมณ์	ศาสนาพราหมณ์
06239361-n	ลัทธิโยคะ	โยคะ
06239655-n	ศาสนาเชน	ศาสนาไชนะ
06240244-n	พุทธศาสนา	ศาสนาพุทธ
06240865-n	พุทธศาสนานิกายมหายาน	มหายาน
06241156-n	พุทธศาสนานิกายเถรวาท	เถรวาท
06241576-n	นิกายหีนยาน	หีนยาน
06241825-n	นิกายลามะ	พุทธศาสนานิกายธิเบต
06242048-n	พุทธศาสนานิกายเซน	ลัทธิเซน	เซน
06245816-n	ลัทธิวูดู	วูดู
06249421-n	กฎแห่งความสมบูรณ์	กฎแห่งความสิ้นสุด
06249910-n	ภาษาศาสตร์วรรณนา	ภาษาศาสตร์แบบบรรยาย
06252138-n	การติดต่อ	การติดต่อสื่อสาร	การสื่อสาร
06253690-n	ข้อความ	แมสเซจ
06254239-n	ข้อความรหัสลับ	รหัสลับ
06255777-n	กระดาษสำหรับเขียนและพิมพ์	ชีต
06256697-n	หน้า	หน้าหนังสือ
06258680-n	หมายเลขหน้า	เลขหน้า
06259898-n	ช่อง	ช่องสัญญาณ	แชนเนล
06261586-n	การสื่อสารมวลชน	สื่อสารมวลชน
06262567-n	ฟิลม์	เซลลูลอยด์	แผ่นฟิลม์
06262943-n	จอฉายภาพยนตร์	จอฉายหนัง	จอเงิน
06263609-n	สิ่งพิมพ์	สื่อสิ่งพิมพ์
06264176-n	การกระจายเสียง	การออกอากาศ
06267145-n	น.ส.พ.	นสพ.	หนังสือพิมพ์
06267893-n	หนังสือพิมพ์แท็บลอยด์	แท็บลอยด์
06268567-n	คอลัมน์	คอลัมน์หนังสือพิมพ์
06269956-n	บทความทางวิชาการ	บทความวิชาการ	เปเปอร์
06270541-n	ฉบับปรับปรุงใหม่	หนังสือฉบับปรับปรุงใหม่
06271055-n	ประโยคเปิด	วรรคนำ
06272612-n	ระบบเสียงตอบรับโทรศัพท์	ระบบเสียงตอบรับโทรศัพท์อัตโนมัติ	วอยซ์เมล์
06272803-n	การโทร	การโทรศัพท์
06273555-n	สายเข้า	สายโทรเข้า
06274092-n	การโทรทางไกล	การโทรศัพท์ทางไกล	โทรศัพท์ทางไกล
06274546-n	การโทรปลุก	การโทรศัพท์ปลุก
06274921-n	การส่งโทรเลข	เทคนิคการส่งโทรเลข
06276287-n	ข้อความทางโทรศัพท์	เทโลโฟนแมสเซจ	โฟนแมสเซจ
06277025-n	มักซ์	มัลติเพล็กซ์	สหสัญญาณ
06277280-n	การถ่ายทอดโทรทัศน์	การแพร่ภาพ
06278662-n	การสื่อสารทางอิเล็กทรอนิกส์	การสื่อสารอิเล็กทรอนิกส์
06279326-n	อีเมล์	เมล์	ไปรษณีย์อิเล็กทรอนิกส์
06280347-n	จดหมายขยะ	สแปม
06280477-n	การส่งข้อความ	การส่งข้อความอิเล็กทรอนิกส์	การส่งแมสเซจ
06280816-n	ทัศนศาสตร์เส้นใย	วิทยาการเส้นใยนำแสง	ไฟเบอร์ออฟติก
06281594-n	ระบบเอเอ็ม	เอเอ็ม
06281721-n	การกล้ำความถี่	เอฟเอ็ม
06284067-n	ภาษาปลายทาง	ภาษาเป้าหมาย
06284225-n	หน่วยทางภาษา	หน่วยภาษา
06290051-n	คำอนุพันธ์	คำแปลง
06295235-n	พหูพจน์	รูปพหูพจน์
06299916-n	รูปเอกพจน์	เอกพจน์
06300193-n	ธาตุ	ราก	รากคำ	รากศัพท์
06300632-n	คำแม่	ศัพท์หลัก
06303682-n	คำพ้องความ	คำพ้องความหมาย	ไวพจน์
06306606-n	รูปย่อยหน่วยคำ	หน่วยคำย่อย	อัญรูปหน่วยคำ
06308436-n	คำลักษณนาม	ลักษณะนาม
06311160-n	กรรตุการก	การกประธาน
06311723-n	กรรมรอง	การกกรรมรอง
06313651-n	โครงสร้างทางไวยากรณ์	โครงสร้างประโยค
06317862-n	คำนาม	น.	นาม
06318062-n	ก.	กริยา	คำกริยา
06319029-n	ค.	คำคุณศัพท์	คุณศัพท์
06319157-n	คำวิเศษณ์	ว.	วิเศษณ์
06319293-n	น.	นาม
06321702-n	คำคุณศัพท์	คุณศัพท์
06323612-n	คำวิเศษณ์	วิเศษณ์
06329506-n	กาล	เทนส์
06329734-n	ปัจจุบันกาล	เพรสเซนต์เทนส์
06330262-n	พาสเทนส์	อดีตกาล
06330764-n	กริยาวลี	กว.
06332545-n	ผู้รับประโยชน์	หน้าที่ผู้รับประโยชน์
06333653-n	ชื่อ	ชื่อเสียงเรียงนาม	นาม
06335532-n	ชื่อไฟล์	ไฟล์เนม
06336904-n	ชื่อสกุล	นามสกุล
06337111-n	ชื่อสกุลก่อนแต่งงาน	นามสกุลก่อนแต่งงาน
06337307-n	ชื่อจริง	ชื่อแรก
06338653-n	นามปากกา	นามปากา
06338744-n	ชื่อผู้แต่ง	นามปากกา	นามแฝง
06338908-n	ชื่อ	ชื่อที่อยู่
06341249-n	น.ส.	นางสาว	มิส
06341340-n	นาย	มร.	มิสเตอร์
06341431-n	นาง	มิสซิส
06344329-n	ข้อความคั่น	หัวคั่น
06344461-n	ข่าวพาดหัว	พาดหัว	พาดหัวข่าว
06345773-n	พาดหัวข่าวหวือหวา	พาดหัวข่าวเร้าอารมณ์
06345878-n	พาดหัวข่าว	พาดหัวยักษ์เต็มหน้า
06349220-n	การสื่อสารด้วยการเขียน	ภาษาเขียน
06351202-n	ระบบการเขียน	อักขรวิธี
06352117-n	ภาษาเขียนอาร์เมเนียน	อักษรอาร์มีเนียน
06353445-n	การสะกด	การสะกดคำ
06353934-n	รหัส	โค้ด
06355183-n	ข้อความปริศนา	ข้อความรหัส
06355459-n	รหัสมอร์ส	รหัสมอส
06356299-n	พารามิเตอร์	อาร์กิวเมนต์
06358159-n	รหัสจุดหมาย	ออบเจ็กต์โค้ด
06359193-n	อินเตอร์เน็ตไซต์	เว็บ	เว็บไซต์	ไซต์
06359467-n	ห้องสนทนา	ห้องแชท	แชทรูม
06359657-n	พอร์ตทัลไซต์	เว็บพอร์ตทัล
06361218-n	ระบบอักษรภาพ	อักษรภาพ
06361314-n	อักษรแทนหน่วยเสียง	อักษรแทนเสียง
06362172-n	ระบบอักษรแทนความคิด	อักษรแทนความคิด
06362441-n	อักษรภาพเฮียโรกลิฟ	อักษรเฮียโรกลิฟฟิก
06362792-n	อักษรสำหรับคนตาบอด	อักษรเบรลล์
06365102-n	งานประพันธ์	วรรณกรรม
06367107-n	บันเทิงคดี	เรื่องแต่ง
06367879-n	นวนิยาย	นิยาย
06368142-n	นวนิยายนักสืบ	นวนิยายสืบสวนสอบสวน	นิยายนักสืบ
06369216-n	นวนิยายแห่งจินตนาการ	นิยายพาฝัน	นิยายรักโรแมนติค
06369829-n	สตอรี่	เรื่อง	เรื่องราว
06370792-n	นวนิยายลึกลับ	เรื่องลึกลับ
06372095-n	นิทานคำสอน	นิทานสอนศีลธรรม
06372680-n	ตำนานท้องถิ่น	นิทานปรัมปรา
06373747-n	จุดขมวดปมปัญหา	จุดไคลแม็กซ์
06374587-n	การวิจารณ์วรรณกรรม	งานวิจารณ์วรรณกรรม
06376572-n	งานเขียนร้อยแก้ว	ร้อยแก้ว	วรรณกรรมร้อยแก้ว
06377442-n	บทกวี	โคลงกลอน
06378298-n	นิทานขับลำ	นิทานพื้นบ้านคำกลอน	ลำนำนิทาน
06379439-n	ชนบทพรรณนา	เพลงชนบท
06379568-n	เพลงกำสรด	โศลก
06380373-n	กลอนเปล่า	ร้อยกรองไร้สัมผัส
06381761-n	บทสามบาทสัมผัส	เทอร์ซารีมา
06381869-n	บทกวี	โคลงกลอน
06382590-n	บทกระทบอารมณ์	บทแรปโซดี
06386156-n	คำประพันธ์สดุดีวีรกรรม	ึคำประพันธ์สดุดีวีรกรรม
06387204-n	งานเขียนด้อยคุณภาพ	งานเขียนไร้คุณภาพ
06387980-n	ตัวบท	เนื้อหา
06390512-n	ก็อปปี้	ฉบับก็อปปี้	ฉบับสำเนา
06391171-n	อิเล็กทรอนิกเท็กซ์	เอกสารอิเล็กทรอนิกส์
06391347-n	ฉบับไม่พิมพ์	สำเนาชั่วคราว	สำเนาอิเล็กทรอนิกส์
06392935-n	มาตรา	หัวข้อ
06398401-n	ช่วงปิดการสนทนา	ตอนจบ	ตอนสุดท้าย
06400510-n	บทคัดย่อ	ส่วนที่ตัดมา
06402031-n	บันทึกประจำวัน	ไดอะรี่
06402202-n	บล็อก	เว็บบล็อก
06402425-n	การเขียนตัวพิมพ์ใหญ่	การเขียนพิมพ์ใหญ่	การเขียนอักษรตัวใหญ่	การเขียนอักษรพิมพ์ใหญ่
06403107-n	การพิมพ์ระบบสัมผัส	การพิมพ์สัมผัส	การพิมพ์แบบสัมผัส
06403393-n	ลายมือ	ลายมือเขียน	ลายมือเขียนหนังสือ
06403852-n	การเขียนบนท้องฟ้า	การเขียนอักษรบนท้องฟ้า
06403969-n	ศิลปะการเขียนตัวอักษร	อักษรวิจิตร	อักษรศิลป์
06404322-n	ลายมืออ่านยาก	ลายมือไก่เขี่ย
06406625-n	คำจารึกบนหลุมฝังศพ	คำจารึกเหนือหลุมฝังศพ
06409085-n	ธีซิส	วิทยานิพนธ์	สารนิพนธ์
06409752-n	บทความ	รายงาน	เปเปอร์
06410391-n	บทความวิจารณ์	บทวิจารณ์
06410904-n	หนังสือ	หนังสือหนังหา
06413020-n	ตำราทำอาหาร	ตำราอาหาร	หนังสือทำอาหาร
06413130-n	คู่มือ	คู่มือการใช้งาน	คู่มือใช้งาน	หนังสือคู่มือ
06413459-n	หนังสือนิทาน	หนังสืออ่านสำหรับเด็ก
06413889-n	หนังสือเล่มเล็กๆ	แผ่นพับ	โบรชัวร์
06414372-n	ตำรับตำรา	ตำรา	ตำราเรียน	หนังสือเรียน	เท็กต์
06414727-n	หนังสือกวดวิชา	หนังสือเตรียมสอบ	เฉลยข้อสอบ
06414849-n	ตำราพื้นฐาน	ตำราเรียนพื้นฐาน	ตำราเรียนเบื้องต้น	หนังสือเรียนพื้นฐาน	หนังสือเรียนเบื้องต้น
06415061-n	ตำราฝึกอ่าน	หนังสือฝึกอ่าน
06415323-n	หนังสือสอนการสะกดคำ	หนังสือสะกดคำ
06417598-n	ตำราอ้างอิง	หนังสืออ้างอิง
06418901-n	ดิก	ดิกชันนารี	ปทานุกรม	พจนานุกรม
06419628-n	พจนานุกรมภูมิศาสตร์	อักขรานุกรมภูมิศาสตร์
06420678-n	บัญชีคำศัพท์	รายการคำศัพท์
06420781-n	ศัพทานุกรม	อภิธานศัพท์
06421016-n	คลังคำ	อรรถาภิธาน
06422643-n	คัมภีร์	ไบเบิล
06422740-n	คู่มือนำเที่ยว	หนังสือนำเที่ยว	ไกด์บุ๊ค
06425065-n	หมายเลขประจำตัว	เลขประจำตัว
06425534-n	เลขที่บัญชี	เลขบัญชีธนาคาร
06426111-n	หมายเลขโทรศัพท์	เบอร์โทร	เบอร์โทรศัพท์
06427086-n	สมุดแผนที่	หนังสือแผนที่
06427387-n	สารานุกรม	เอนไซโคลปีเดีย
06427831-n	การตรวจแก้	การอีดิต
06428216-n	การตัด	ส่วนตัดออก
06428976-n	การปรับปรุงใหม่	การเขียนปรับปรุง
06429145-n	การเปลี่ยนคำ	การเปลี่ยนวลี
06429590-n	งานเขียนทางด้านศาสนา	วรรณกรรมศาสนา
06431740-n	คัมภีร์ไบเบิล	พระคัมภีร์	ไบเบิล
06437824-n	หนังสือเพลงซาโลมอน	หนังสือเพลงโซโลมอน
06441607-n	พระวรสารนักบุญมัทธิว	พระวรสารนักบุญแมทธิว
06451891-n	หมวดปัญจบรรพ	โตราห์
06455138-n	พระกิตติคุณ	พระวรสาร
06457952-n	คัมภีร์อะพอครีฟา	อะพอครีฟา
06461609-n	คัมภีร์กุรอ่าน	คัมภีร์อัลกุรอ่าน
06462219-n	คัมภีร์ทัลมุด	พระคัมภีร์ทัลมุด
06466479-n	มนตรา	มนต์
06467007-n	สรุป	สรุปผล	ใจความสรุป
06468123-n	ฉบับย่อ	บทย่อ
06468403-n	ซีวี	ประวัติการทำงาน	ประวัติการศึกษา
06468523-n	ตารางสรุปผลคะแนน	สรุปผลคะแนน
06471345-n	ประกาศนียบัตร	หนังสือรับรอง	ใบรับรอง
06474122-n	เควสชันแนร์	แบบสอบถาม
06477970-n	บัตรสมาชิก	เมมเบอร์การ์ด
06478097-n	บัตรสมาชิกสหภาพแรงงาน	บัตรสหภาพแรงงาน
06478199-n	บัตรสมาชิกห้องสมุด	บัตรห้องสมุด
06478582-n	ประกาศนียบัตร	วุฒิบัตร
06479665-n	เอกสารทางกฎหมาย	เอกสารราชการ
06480506-n	ตราสารอนุพันธุ์	ตราสารอนุพันธ์
06480723-n	สัญญาซื้อขายล่วงหน้า	สัญญาฟิวเจอร์ส
06481320-n	บัญชี	บัญชีรายการ	บัญชีรายชื่อ	รายการ	รายชื่อ	รายนาม	ลิสต์
06485178-n	ปาปีรัส	สมุดปาปีรัส
06485261-n	กำหนดการ	ระเบียบวาระการประชุม
06486630-n	บรรณานุกรม	รายชื่อหนังสืออ้างอิง
06486874-n	บิล	ใบเก็บเงิน
06487172-n	บัญชีสินค้า	รายการสินค้า
06487260-n	บัญชีดำ	แบล็กลิสต์
06492188-n	กุญแจ	คีย์
06492320-n	คำกุญแจ	คำไขรหัส	คีย์เวิร์ด
06492939-n	รายการอาหาร	เมนู	เมนูอาหาร
06494538-n	บัญชีราคา	บัญชีราคาสินค้า
06497459-n	ตัวอักษร	อักษร
06497872-n	อักษรลาติน	อักษรโรมัน
06500448-n	อักษรแทนหน่วยเสียง	อักษรแทนเสียง
06502858-n	กระดาษซับหมึก	สมุดบันทึก
06504462-n	บันทึกย่อ	โน้ต	โน้ตย่อ
06504965-n	เส้นเวลา	ไทม์ไลน์
06506037-n	สโคเลีย	สโคเลียม
06507941-n	บัตรจดคะแนน	บัตรบันทึกคะแนน
06511560-n	จดหมายลาออก	ใบลาออก
06515297-n	ประวัติคนไข้	เวชระเบียน
06515827-n	ชีวประวัติ	ประวัติ	ประวัติชีวิต
06516404-n	ประวัติย่อ	โปรไฟล์
06516955-n	บิล	ใบเสร็จ	ใบเสร็จรับเงิน	ใบแจ้งราคาสินค้าที่ขายให้	ใบแจ้งหนี้
06518068-n	คูปอง	บัตรกำนัล
06518719-n	ตั๋ว	บัตร
06519846-n	ตั๋วรถเมล์	ตั๋วรถโดยสาร	ตั๋วรถโดยสารประจำทาง
06519936-n	ตั๋วไป-กลับ	ตั๋วไปกลับ
06520944-n	สัญญา	หนังสือสัญญา
06532330-n	กฎ	กฎหมาย	กม.
06536853-n	ร่างกฎหมาย	ร่างพระราชบัญญัติ
06539770-n	การพิพากษา	คำพิพากษา	คำสั่งอย่างเป็นทางการ	พระราชกฤษฎีกา
06541820-n	ข้อห้าม	คำสั่งห้าม
06556481-n	คำสั่ง	เอกสารอนุญาต
06566077-n	คอมพิวเตอร์ซอฟต์แวร์	ซอฟต์แวร์	โปรแกรมสำเร็จ
06567689-n	การออกแบบใช้คอมพิวเตอร์ช่วย	แคด
06568134-n	ระบบการทำงาน	ระบบปฏิบัติการณ์
06568978-n	โปรแกรม	โปรแกรมคอมพิวเตอร์
06570110-n	แอพพลิเคชั่น	โปรแกรมคอมพิวเตอร์	โปรแกรมประยุกต์	โปรแกรมใช้งาน
06571301-n	เบราว์เซอร์	เว็บเบราว์เซอร์	โปรแกรมค้นดู	โปรแกรมเบราเซอร์
06571538-n	อินเทอร์เน็ตเอกซ์พลอเรอร์	เอกซ์พลอเรอร์	ไออี
06572654-n	เวิร์ดโปรเซสเซอร์	โปรแกรมประมวลคำ
06573337-n	แอสเซมเบลอร์	โปรแกรมภาษาแอสแซมบลี	โปรแกรมแอสแซมบลี
06573600-n	คอมไพเลอร์	ตัวแปลโปรแกรม
06574334-n	ดีบักเกอร์	โปรแกรมตรวจแก้จุดบกพร่อง
06574841-n	โปรแกรมบรรณาธิกร	โปรแกรมอิดิเตอร์
06575227-n	ส่วนต่อประสานกับผู้ใช้	อินเตอร์เฟซ	โปรแกรมต่อประสาน
06575932-n	โปรแกรมแปล	โปรแกรมแปลคำสั่ง
06576727-n	บรรณาธิกรณ์ข้อความ	เท็กซ์อิดิเตอร์	โปรแกรมเท็กซ์อิดิเตอร์
06577369-n	ตัวแจง	ตัวแจงส่วน	พาร์เซอร์
06578654-n	เสิร์ชเอนจิน	โปรแกรมค้นหา
06580646-n	ซอฟต์แวร์ระบบ	ส่วนชุดคำสั่งระบบ
06581268-n	ทรานสเลเตอร์	โปรแกรมแปล
06581410-n	ยูทิลิตี้	โปรแกรมอรรถประโยชน์
06588511-n	ฐานข้อมูลคอมพิวเตอร์	ฐานข้อมูลระบบออนไลน์	ฐานข้อมูลอิเล็กทรอนิก
06589574-n	สิ่งตีพิมพ์	สิ่งพิมพ์	สื่อสิ่งพิมพ์
06590210-n	หนังสือที่ตีพิมพ์ทั้งหมด	หนังสือที่พิมพ์ทั้งหมด
06590446-n	ฉบับที่ตีพิมพ์	หนังสือที่ตีพิมพ์	เล่มที่ตีพิมพ์
06593296-n	วารสารที่ออกตามเวลา	หนังสือที่ออกตามเวลา
06594258-n	วารสารรายสัปดาห์	หนังสือรายสัปดาห์
06594505-n	วารสารรายเดือน	หนังสือรายเดือน
06594625-n	วารสารรายสี่เดือน	หนังสือรายสี่เดือน
06594751-n	วาสารรายสองเดือน	หนังสือรายสองเดือน
06594904-n	วารสารรายปักษ์	หนังสือรายปักษ์
06595351-n	นิตยสาร	แมกกาซีน
06596607-n	นิตยสารราคาถูก	แมกกาซีนราคาถูก
06598648-n	การอ่าน	การอ่านคร่าวๆ
06598915-n	คอนเท็นต์	เนื้อหา	เนื้อเรื่อง
06600684-n	ข้อความในวงเล็บ	เรื่องนอกประเด็น
06604066-n	แก่นเรื่อง	ใจความสำคัญ
06606191-n	ความแตกต่างทางความหมาย	ความแตกต่างเพียงเล็กน้อย
06608277-n	คำพูดติดปาก	คำพูดหรูหรา
06609909-n	เรื่องเหลวไหล	เรื่องไร้สาระ
06611147-n	เรื่องเหลวไหล	เรื่องไร้สาระ
06611376-n	คำด่า	คำหยาบ
06611998-n	วรรณกรรมไร้คุณค่า	เรื่องไร้สาระ
06612649-n	ข่าวตัด	ข่าวตัดจากหนังสือ
06612865-n	ท่อน	แทร็ก
06613686-n	ภาพยนตร์	หนัง
06614729-n	ฉาก	ซีน
06615458-n	โฮมมูวี่	โฮมวิดีโอ
06615927-n	ภาพยนตร์ตัวอย่าง	หนังตัวอย่าง
06616314-n	ภาพยนตร์สั้น	หนังสั้น
06616464-n	การ์ตูน	ภาพยนตร์การ์ตูน	หนังการ์ตูน
06616806-n	ภาพยนตร์สารคดี	หนังสารคดี
06617413-n	หนังผู้ใหญ่	หนังลามก	หนังวาบหวิว	หนังสยิว	หนังอาร์	หนังเอวี	หนังเอ็กซ์	หนังโป๊
06617752-n	ภาพยนตร์เงียบ	ภาพยนตร์ใบ้	หนังเงียบ	หนังใบ้
06618937-n	ภาพยนตร์สามมิติ	หนังสามมิติ
06619065-n	การแสดง	การแสดงโชว์	โชว์
06619428-n	รายการ	รายการออกอากาศ
06619850-n	ข่าว	รายการข่าว
06620063-n	รายการที่ออกอากาศซ้ำ	เทปออกอากาศซ้ำ	เทปเก่า
06620227-n	ทอล์กโชว์	รายการทอล์กโชว์
06620579-n	รายการทีวี	รายการโทรทัศน์
06621061-n	รายการเกมโชว์	เกมโชว์
06621215-n	รายการตอบคำถาม	เกมโชว์ตอบคำถาม
06621447-n	ชุด	ซีรีย์
06624161-n	จ.ม.	จดหมาย	จม.
06626060-n	จดหมายอากาศ	แอร์เมล์
06626286-n	จดหมายสั้นๆ	โน้ตย่อ
06626860-n	หนังสือแสดงความตั้งใจ	หนังสือแสดงเจตนา
06627260-n	การ์ดวันเกิด	การ์ดอวยพรวันเกิด
06627357-n	การ์ดอวยพร	บัตรอวยพร	ส.ค.ส.
06627450-n	การ์ดอวยพร	บัตรอวยพร
06627623-n	การ์ดคริสต์มาส	การ์ดวันคริสต์มาส
06627938-n	โปสการ์ด	ไปรษณียบัตร
06631506-n	การตอนรับอย่างอบอุ่น	การต้อนรับอย่างอบอุ่น
06631921-n	ชาว	อะโลฮา
06633041-n	การทำวันทยหัตถ์	การทำวันทยาวุธ	วันทยหัตถ์	วันทยาวุธ
06633205-n	บัตรเชิญ	เทียบเชิญ
06634376-n	ข้อมูล	อินฟอร์เมชั่น
06636113-n	ข่าววงใน	ข่าวสาร
06636259-n	ข้อเท็จจริง	แฟ็กต์
06636524-n	การบันทึก	บันทึก
06637824-n	ฐานข้อมูล	ดาต้าเบส
06639204-n	พรินซ์ตันเวิร์ดเน็ต	เวิร์ดเน็ต
06639428-n	เครือข่ายคำ	เวิร์ดเน็ต
06639674-n	ค่าดัชนี	ดัชนี	ดัชนีชี้วัด	เลขดัชนี
06640016-n	ค่าดัชนีมวลกาย	ค่าดัชนีมวลร่างกาย	ดัชนีมวลกาย	ดัชนีมวลร่างกาย
06641654-n	ดัชนีค่าครองชีพ	ดัชนีราคาสินค้า
06641924-n	ดัชนีตลาดหุ้น	ดัชนีหุ้น
06642138-n	ข่าว	ข่าวสาร	ข้อมูลข่าวสาร
06643408-n	ร่องรอย	หลักฐาน
06646243-n	สัญลักษณ์	เครื่องหมาย
06649915-n	หลักฐานมัดตัว	หลักฐานในการจับกุม
06650701-n	การให้คำปรึกษา	ข้อชี้แนะ	คำปรึกษา	คำแนะนำ
06657646-n	ขีดสูงสุด	เพดานสูงสุด
06658118-n	ขั้น	ฐาน
06660520-n	การห้ามค้าขายระหว่างประเทศ	การห้ามนำเข้า
06667317-n	กฎระเบียบ	กฏระเบียบ
06674188-n	พาสเวิร์ด	รหัสผ่าน
06677302-n	กระบวนการพิมพ์	การพิมพ์
06680431-n	การพิมพ์ระบบโฟโตออฟเซท	การพิมพ์โฟโตออฟเซท
06680570-n	การพิมพ์ระบบออปเซท	การพิมพ์ออปเซท
06681454-n	ข่าวธุรกิจ	ข่าวเศรษฐกิจ
06682494-n	ข่างสั้น	ข่าวสั้น
06682794-n	รายงานด่วน	รายงานทางราชการ	แถลงการณ์ทางราชการ
06683183-n	สกู๊ป	สกู๊ปข่าว
06683692-n	ข่าวโทรทัศน์	รายการข่าวโทรทัศน์
06684383-n	คำอุทิศ	พันธะสัญญา
06686736-n	ความเห็นชอบ	ความเห็นพ้อง	ฉันทามติ
06691083-n	พาสปอร์ต	หนังสือเดินทาง
06691684-n	การสรรเสริญ	การแซ่ซ้อง
06691989-n	การตบมือ	การปรบมือ
06692572-n	เสียงเชียร์	เสียงโห่ร้อง
06693655-n	การร้องฮาเลลูยา	การร้องเพลงฮาเลลูยา
06695227-n	การชื่นชม	การแสดงความชื่นชม
06695579-n	การประจบ	การประจบประแจง	การประจบสอพลอ
06695862-n	การพูดจาหลอกล่อ	การเจรจา
06697331-n	ป.	ปริญญา
06698252-n	ป.ตรี	ปริญญาตรี
06698640-n	ปริญญาตรี	ศิลปศาสตร์บัณฑิต	อักษรศาสตร์บัณฑิต
06698902-n	ปริญญาตรีทางพยาบาลศาสตร์	พยาบาลศาสตร์บัณฑิต
06699579-n	ปริญญาตรีสาขาวิทยาศาสตร์	วิทยาศาสตร์บัณฑิต
06700447-n	ป.โท	ปริญญาโท
06701698-n	จิตรกรรมมหาบัณฑิต	ศิลปมหาบัณฑิต
06702458-n	ป.เอก	ปริญญาเอก
06703321-n	ปริญญาแพทยศาสตร์	แพทย์ศาสตร์ดุษฎีบัณฑิต
06703834-n	ศิลปศาสตร์ดุษฎีบัณฑิต	อักษรศาสตร์ดุษฎีบัณฑิต
06704898-n	น.บ.	นิติศาสตร์บัณฑิต
06704990-n	น.ม.	นิติศาสตร์มหาบัณฑิต
06705891-n	มงกุฎ	รางวัลสำหรับผู้ชนะ
06706676-n	เหรียญ	เหรียญตราเกียรติยศ	เหรียญรางวัล
06710546-n	การวิจารณ์ข้อผิดพลาด	การวิพากษ์วิจารณ์
06711855-n	การตำหนิ	การติเตียน
06714976-n	การขาดความเคารพ	การไม่เคารพ
06715223-n	การดูถูก	การเย้ยหยัน
06717170-n	การดูถูก	การพูดเย้ยหยัน
06720600-n	การป้ายสี	การพูดให้ร้าย	การใส่ร้ายป้ายสี
06724559-n	ปฏิทรรศน์	พาราด็อกซ์
06727224-n	ประกาศ	แถลงการณ์
06729499-n	การประกาศ	การประกาศอย่างหนักแน่น	การยืนยัน
06734322-n	ของกลาง	หลักฐาน
06741305-n	การหาข้อแก้ตัว	ข้อแก้ตัว
06743506-n	คำตอบ	วิธีแก้ปัญหา	เฉลย
06744000-n	คำอธิบายศัพท์	คำแปลศัพท์
06744154-n	ความหมายเดิมของคำ	ความหมายเดิมของศัพท์
06744396-n	คำนิยาม	นิยาม
06746471-n	การตอบรับ	การตอบสนอง	ผลตอบรับ
06746580-n	ประกาศ	แถลงการณ์
06748133-n	ข่าวมรณกรรม	ข่้าวมรณกรรม
06749468-n	การดูดวง	การดูดวงชะตา	การดูหมอ	การทำนายดวง	การทำนายดวงชะตา	การทำนายโชคชะตา
06749881-n	การคาดการณ์	การคาดคะเน	การคาดหมาย	การพยากรณ์
06750698-n	การพยากรณ์อากาศ	พยากรณ์อากาศ
06751142-n	ญัตติเฉพาะ	ประพจน์เฉพาะ
06751367-n	ประพจน์ญัตติสากล	ประพจน์สากล
06756407-n	ความเท็จ	เรื่องไม่จริง
06756831-n	คำโกหก	คำโป้ปด	เรื่องเท็จ	เรื่องโกหก	เรื่องโกหกมดเท็จ	เรื่องไม่จริง
06757057-n	เรื่องขี้โม้	เรื่องโม้
06757289-n	นิยายหลอกเด็ก	เรื่องน่าอัศจรรย์	เรื่องมหัศจรรย์	เรื่องเหลือเชื่อ
06757479-n	การอวดอ้าง	การอ้าง	การแอบอ้าง
06762711-n	คำบรรยาย	คำอธิบาย
06763681-n	การอ้างอิง	เชิงอรรถ
06767777-n	คำคม	คำพูดตลกๆ
06767922-n	การขุดคุ้ย	การเยาะเย้ย	คำพูดทิ่มแทง	คำพูดทิ่มแทงใจ	คำพูดเย้ยหยัน
06771159-n	การตกลง	การเจรจา
06772260-n	การทำสัญญา	สัญญา
06772583-n	สัญญาด้วยวา่จา	สัญญาปากเปล่า
06776138-n	เรื่องขำขัน	เรื่องขำๆ	เรื่องตลก	เรื่องตลกขบขัน	เรื่องฮา
06777164-n	ถ้อยคำเย้ยหยัน	ถ้อยคำเสียดสี
06777794-n	การล้อเล่น	การหยอกล้อ
06778102-n	มุก	มุกตลก	มุข	มุขตลก	เรื่องโจ๊ก	แก๊ก
06779096-n	ตลกลามก	ตลกหยาบโลน	เดอร์ตี้โจ๊ก	เรื่องสัปดน
06779310-n	ตลก	เรื่องตลก
06779839-n	ตลกฝืด	ตลกแห้ง
06779914-n	ภาพขำขัน	ภาพตลก
06780069-n	ภาพการ์ตูนล้อเลียน	ภาพล้อ	ภาพล้อเลียน	ภาพล้อเลียนบุคคล
06780309-n	การยั่วล้อ	การล้อ	การล้อเลียน	ภาพตลกล้อเลียน
06782019-n	ความคิดเห็น	ความเห็น	ทัศนะ
06783768-n	ข้อซักถาม	คำถาม
06784003-n	ปัญหา	โจทย์
06785101-n	การบ้าน	โจทย์	โจทย์ปัญหา
06785541-n	ปมปริศนา	ปมปัญหา	เงื่อนงำ
06785654-n	ปริศนาอักษรไขว้	เกมอักษรไขว้
06785840-n	ปริศนาธรรม	โกอาน
06787150-n	การจ่าหน้าซอง	ชื่อที่อยู่
06789801-n	หลักสันติอหิงสา	หลักอหิงสา	อหิงสา
06790042-n	ลัทธิ	หลักศาสนา
06791372-n	ซิก	สัญญาณ
06793426-n	ประกาศ	ป้ายโฆษณา	โปสเตอร์	ใบประกาศ
06794110-n	ป้ายริมถนน	ป้ายริมทาง
06794216-n	ป้ายชื่อบ้าน	ป้ายบริษัท	ป้ายร้านค้า
06794666-n	รอยเปื้อน	สัญลักษณ์
06795438-n	ตำหนิบนหู	รอยตำหนิที่หู
06796119-n	ดวงตราไปรษณียากร	ตราไปรษณียากร	แสตมป์
06796333-n	แสตป์สินค้า	แสตมป์แลกของ	แสตมป์แลกซื้อสินค้า
06796506-n	การสื่อสารของสัตว์	ภาษาสัตว์
06797169-n	สิ่งชี้บอก	สิ่งบ่งชี้	สิ่งบ่งบอก
06800698-n	เส้นกั้นห้องเพลง	เส้นแบ่งทำนองเพลง
06803636-n	สัญญาณขอความช่วยเหลือ	สัญญาณเตือนภัย
06805128-n	การตีกลอง	สัญญาณกลอง
06807501-n	ตัวเลขอารบิก	เลขอารบิก	เลขฮินดูอารบิก
06808720-n	สัญลักษณ์ทางคณิตศาสตร์	เครื่องหมายทางคณิตศาสตร์
06809756-n	ปอนด์	สัญลักษณ์เงินปอนด์
06809905-n	สัญกรณ์ฐานสอง	เลขฐานสอง
06810407-n	สัญกรณ์ฐานสิบ	เลขฐานสิบ
06810544-n	สัญกรณ์ฐานแปด	เลขฐานแปด
06810997-n	สัญกรณ์ฐานสิบสอง	เลขฐานสิบสอง
06811283-n	สัญกรณ์ฐานสิบหก	เลขฐานสิบหก
06811867-n	เครื่องหมายเท่ากับ	เท่ากับ
06812188-n	รูท	เครื่องหมายรูท
06812289-n	จุด	จุดทศนิยม
06812417-n	กำลัง	ตัวยกกำลัง	เลขชี้กำลัง
06813004-n	ลอการริทึมแบบเนเปียร์	ลอการิทึมธรรมชาติ
06817623-n	สัญลักษณ์ในการพิมพ์	สัญลักษณ์ในการเขียน
06818121-n	ลูกศร	ลูกศรชี้	ศรชี้
06818970-n	อักขระ	อักษร
06820023-n	ตัวอักษรยก	อักษรยก
06820212-n	ตัวอักษรห้อย	อักษรห้อย
06821581-n	ดอลลาร์	สัญลักษณ์ดอลลาร์	สัญลักษณ์เงินดอล
06822034-n	ปลาย	หัว
06824227-n	ตัวพิมพ์ใหญ่	อักษรตัวใหญ่	อักษรพิมพ์ใหญ่
06824757-n	ตัวพิมพ์เล็ก	อักษรพิมพ์เล็ก
06825120-n	ตัวพิมพ์	อักษรที่ใช้พิมพ์
06825273-n	ตระกูลของตัวพิมพ์	สกุลของตัวพิมพ์
06825399-n	ตัวอักษร	ฟอนต์	อักขระ	อักษร	แบบอักขระ	แบบอักษร
06827219-n	ตัวหนา	อักษรหนา
06827344-n	ตัวเอน	ตัวเอียง	อักษรเอียง
06828199-n	เครื่องหมายเปอร์เซนต์	เปอร์เซนต์
06828818-n	ตัวหนังสือ	ตัวอักษร	อักษร	อักษรแทนหน่วยเสียง	อักษรแทนเสียง
06831177-n	a	อักษรเอ	เอ
06831284-n	ตัวบี	บี
06831391-n	ซี	ตัวซี
06831498-n	ดี	ตัวดี
06831605-n	อักษรอี	อี
06831712-n	ตัวเอฟ	เอฟ
06831926-n	ตัวเอช	เอช
06832033-n	ตัวไอ	ไอ
06832140-n	ตัวเจ	เจ
06832248-n	ตัวเค	เค
06832356-n	ตัวเอล	แอล
06832464-n	m	ตัวเอ็ม	เอ็ม
06832572-n	n	ตัวเอ็น	เอ็น
06832680-n	o	ตัวโอ	โอ
06832788-n	p	ตัวพี	พี
06832896-n	q	คิว	อักษรคิว
06833004-n	r	ตัวอาร์	อาร์
06833112-n	s	ตัวเอส	เอส
06833220-n	t	ตัวที	ที
06833328-n	u	ตัวยู	ยู
06833436-n	v	ตัววี	วี
06833544-n	ดับเบิลยู	ตัวดับเบิลยู
06833663-n	ตัวเอ็กซ์	เอ็กซ์
06833776-n	y	ตัววาย	วาย
06833890-n	ตัวแซด	แซด
06835740-n	อักษรไพ	ไพ
06837146-n	อักษรฮี	ฮี
06839083-n	พอว์	อักษรพอว์
06839190-n	ช่องว่าง	ช่องไฟ	เว้นวรรค
06839858-n	ตัวโฟเนติก	สัทอักษร
06840047-n	สัญลักษณ์ทางคณิตศาสตร์	เครื่องหมายทางคณิตศาสตร์
06841987-n	อะโพสโทรฟี	เครื่องหมายอะโพสโทรฟี
06842165-n	ปีกกา	วงเล็บปีกกา	เครื่องหมายปีกกา	เครื่องหมายวงเล็บปีกกา
06842290-n	วงเล็บเหลี่ยม	เครื่องหมายวงเล็บเหลี่ยม
06842452-n	วงเล็บสามเหลี่ยม	เครื่องหมายวงเล็บสามเหลี่ยม
06842852-n	คอมม่า	เครื่องหมายคอมม่า	เครื่องหมายจุลภาค
06843017-n	อัศเจรีย์	เครื่องหมายตกใจ	เครื่องหมายอัศเจรีย์
06843148-n	ยัติภังค์	เครื่องหมายขีดคั่น	เครื่องหมายยัติภังค์
06843393-n	นขลิขิต	วงเล็บ	เครื่องหมายนขลิขิต	เครื่องหมายวงเล็บ
06843520-n	จุด	จุดฟุลสต็อป	ฟุลสต็อป	เครื่องหมายมหัพภาค
06844040-n	เครื่องหมายคำถาม	เครื่องหมายปรัศนีย์
06844199-n	อัญประกาศ	เครื่องหมายคำพูด	เครื่องหมายอัญประกาศ
06844739-n	เครื่องหมายอัฒภาค	เครื่องหมายเซมิโคลอน	เซมิโคลอน
06844903-n	ทับ	เครื่องหมายสแลช
06845303-n	ชื่อโดเมน	โดเมน	โดเมนเนม
06845599-n	ชื่อทางการค้า	ชื่อสัญลักษณ์	ตรา	ยี่ห้อ	เครื่องหมายการค้า	แบรนด์
06851742-n	ตราสัญลักษณ์	เครื่องหมายการค้า
06856568-n	สเกล	สเกลดนตรี
06856884-n	เสียงแตร	เสียงแตรในพิธี
06857726-n	โทนิก	โน้ตตัวที่หนึ่ง
06857867-n	ซุเปอร์โทนิก	โน้ตตัวที่สอง
06857986-n	มีเดียน	โน้ตตัวที่สาม
06858144-n	ซับมีเดียน	โน้ตตัวที่หก
06858266-n	โดมิแนนท์	โน้ตตัวที่ห้า
06858539-n	ลีดดิ้งโทน	ลีดดิ้งโน้ต	โน้ตตัวที่เจ็ด
06858779-n	ขั้นคู่	ขั้นคู่เสียง
06859175-n	ระยะครึ่งเสียง	เซมิโทน
06860481-n	โมดเพลงโบสถ์	โหมดจากเพลงโบสถ์
06860826-n	สเกลเมเจอร์	เมเจอร์สเกล
06861020-n	บันไดเสียงไมเนอร์	สเกลไมเนอร์	ไมเนอร์สเกล
06861435-n	บันไดเสียงเพนทาทอนิก	บันไดเสี่ยงเพนทาทอนิก	เพนทาโทนิคสเกล
06862954-n	กุญแจฟา	กุญแจเบส
06863618-n	เครื่องหมายกุญแจเสียง	เครื่องหมายกุญแจเสีัยง
06864192-n	กุญแจเสียงเมเจอร์	คีย์เมเจอร์
06864308-n	กุญแจเสียงไมเนอร์	คีย์ไมเนอร์	โมดไมเนอร์
06864900-n	เส้นกั้นห้องคู่	เส้นแบ่งห้องคู่
06865345-n	โน้ต	โน้ตดนตรี
06866442-n	บันไดเสียงเมเจอร์	สเกลซีเมเจอร์
06866757-n	เครื่องหมายดับเบิ้ลชาร์ป	เครื่องหมายยกเสียงเต็ม
06866919-n	เครื่องหมายแปลงเสียงต่ำ	เครื่องหมายแฟลต	เครื่องหมายแฟล็ต
06867057-n	เครื่องหมายดับเบิ้ลแฟลต	เครื่องหมายดับเบิ้ลแฟล็ต	เครื่องหมายลดเสียงเต็ม
06867218-n	เครื่องหมายสู่เสียงปรกติ	เครื่องหมายแนเชอรัล
06872122-n	น้ำเสียง	เสียงร้อง
06872354-n	เสียงบาสโซ	เสียงเบส
06874185-n	สัญญาณไฟจราจร	ไฟจราจร	ไฟเขียวไฟแดง
06874391-n	สัญญาณไฟเขียว	ไฟเขียว
06874837-n	ไฟจราจรสีเหลือง	ไฟเหลือง
06874930-n	การระเบิดของไฟ	การลุกวาบ
06875094-n	ธง	ธงสัญญาณ
06876309-n	ท่วงท่า	ท่าทาง
06878071-n	ยิ้ม	รอยยิ้ม
06879180-n	การสาธิต	ตัวอย่างผลงาน
06880664-n	ตรา	ตราสัญลักษณ์	สัญลักษณ์	เครื่องหมาย	เครื่องหมายสัญลักษณ์
06881224-n	กามเทพ	คิวปิด
06881494-n	นกพิราบ	พิราบ	พิราบขาว	สัญลักษณ์แห่งสันติภาพ
06881563-n	นกอินทรี	อินทรี
06882009-n	ธงชาติ	ธงประจำชาติ
06882561-n	เข็มสัญลักษณ์	เข็มเครื่องหมาย	แถบเครื่องหมาย
06883274-n	ลูกแกะของพระเจ้า	ลูกแกะพระเจ้า
06883565-n	นกอินทรีกางปีก	อินทรีกางปีก
06883725-n	สวัสดิกะ	เครื่องหมายนาซี	เครื่องหมายสวัสดิกะ
06887278-n	หมายเลขไอดี	ไอดี
06897129-n	ภาษามานาริโอ	ภาษาโมนาริโอ
06904171-n	ภาษา	ภาษาธรรมชาติ
06904943-n	ภาษาที่มีวรรณยุกต์	ภาษาวรรณยุกต์
06905358-n	ภาษาคริโอล	ภาษาครีโอ	ภาษาลูกผสม
06908159-n	ภาษาอัลกองกิน	ภาษาอัลกองเกียน
06910323-n	ภาษาแคนซัส	ภาษาแคนซา
06911265-n	ภาษาโอกลาลา	ภาษาโอกาลาลา
06921392-n	ภาษาควอราทีน	ภาษาโควราทีน
06928047-n	ภาษาฌาฆาไตย	ภาษาเตอร์กตะวันออก
06930093-n	ภาษาจีนกลาง	ภาษาจีนแมนดาริน
06930633-n	ภาษาจีนฮกเกี้ยน	ภาษาจีนไต้หวัน	ภาษาฟูเกี้ยน	ภาษาหมิ่นหนาน	ภาษาฮกเกี้ยน
06930934-n	ภาษาซิโน-ทิเบตัน	ภาษาตระกูลจีนทิเบต
06931199-n	ภาษากลุ่มทิเบต-พม่า	ภาษาทิเบโต-เบอร์มัน
06931499-n	ภาษาเกวียง	ภาษาเกวียงอิก
06933279-n	ภาษาคุคิ	ภาษาคุคิ-ชิน	ภาษาชิน
06935111-n	ภาษาไทเหนือ	ภาษาไทใต้คง
06935417-n	ภาษาคำเมือง	ภาษาไทยวน
06936149-n	ภาษาไทย	ภาษาไทยกลาง
06937098-n	ภาษาม้ง	ภาษาแม้ว
06942699-n	ภาษาอาร์มีเนียน	ภาษาอาร์เมเนียน
06943771-n	ภาษาสลาฟ	ภาษาสลาวิก
06946823-n	ภาษาเยอรมันนิกตะวันตก	ภาษาเวสต์เยอรมันนิก
06947479-n	ภาษาอังกฤษสําเนียงอเมริกัน	ภาษาอังกฤษอเมริกัน
06948017-n	ภาษาค็อกนีย์	ภาษาอังกฤษสำเนียงค็อกนีย์
06948149-n	ภาษาจอร์ดี้	ภาษาอังกฤษสำเนียงจอร์ดี้
06948260-n	ภาษาอังกฤษสำเนียงพระราชา	ภาษาอังกฤษสำเนียงพระราชินี
06949326-n	ภาษาเคนติช	ภาษาเค้นท์
06949407-n	ภาษาเซาท์เวสเทิร์น	ภาษาแซกซอนตะวันตก
06950528-n	ภาษาเยอรมัน	ภาษาเยอรมันสูง
06953731-n	ภาษาสแกนดิเนเวีย	ภาษาสแกนดิเนเวียน
06954048-n	ภาษาเดนมาร์ก	ภาษาเดนิช
06954183-n	ภาษาไอซ์แลนดิก	ภาษาไอซ์แลนด์
06954303-n	ภาษานอร์วีเจียน	ภาษานอร์เวย์
06954768-n	ภาษานอร์เวย์ใหม่	ภาษานีนอสก์
06954925-n	ภาษาสวีดิช	ภาษาสวีเดน
06959932-n	ภาษาเยนิไซ	ภาษาเอนต์ซี	ภาษาเอนต์ไซ	ภาษาเอเนตส์
06968343-n	ภาษาโรมาเนีย	ภาษาโรมาเีนีย
06973610-n	ภาษาอิราเนียน	ภาษาอิหร่าน
06976392-n	ภาษากรีก	ภาษาเฮลเลนิค
06977610-n	ภาษากรีกยุคคลาสสิค	ภาษาแอททิก	ภาษาไอโอนิก
06982855-n	ภาษาโบล	ภาษาโบลันจิ
06983114-n	ภาษาบอกกอส	ภาษารอน	ภาษาเดฟโฟ
06983416-n	ภาษาซายันกิ	ภาษาซาร์
06983997-n	ภาษาฮิจิ	ภาษาแคปซิกิ
06984101-n	ภาษามันดารา	ภาษาวันดารา
06984446-n	ภาษาดาบา	ภาษามัสกอย	ภาษาโคลา
06986276-n	ภาษาเชด	ภาษาเชดิก
06987659-n	ภาษาแอสซีเรียน	ภาษาแอสซีเรียนแอคคาเดียน
06987812-n	ภาษาเอธิโอเปีย	ภาษาแอมฟาริก
06993445-n	ภาษากิคากา	ภาษาคากา
06994488-n	ภาษามาตาเบเล	ภาษาเดเบเล
06998748-n	งานศิลปะ	ภาพประกอบ
06999045-n	กราฟฟิกดีไซน์	เรขศิลป์
06999802-n	ชาร์ต	แผนภูมิ
07000941-n	เคิร์ฟ	เส้นโค้ง
07001717-n	กราฟแท่ง	แผนภูมิแท่ง
07003352-n	ภาพการ์ตูน	ภาพวาดการ์ตูน
07004057-n	การวัดคลื่นไฟฟ้าหัวใจ	ภาพคลื่นไฟฟ้าของหัวใจ
07006119-n	ละคร	ละคอน
07007684-n	งานประพันธ์ประเภทบทละคร	บทละคร
07010821-n	บท	บทพูด
07018931-n	การแสดงละคร	ละคร	ละคอน
07019172-n	ภาพยนตร์เพลง	ละครเพลง	หนังเพลง
07019396-n	การเล่นโหมโรง	การแสดงโหมโรง	โหมโรง
07019500-n	หนังตะลุง	หนังใหญ่
07020239-n	รายการวาไรตี้	รายการวาไรตี้โชว์	วาไรตี้โชว์
07020538-n	ท่าเต้น	ศิลปะการเต้น
07020895-n	ดนตรี	มิวสิค	เพลง
07024705-n	ดนตรีแนวเดียว	เพลงร้องเดี่ยว	โมโนโฟนี
07025419-n	การประสานทำนองเพลง	เคาน์เตอร์พอยท์
07025604-n	ดนตรีคนผิวดำ	ดนตรีคนผิวสี
07025900-n	ดนตรีคลาสสิก	ดนตรีคลาสสิค	เพลงคลาสสิค
07026239-n	ดนตรีแชมเบอร์	แชมเบอร์มิวสิค
07026352-n	อุปรากร	โอเปร่า
07026646-n	อุปรากรชวนหัว	อุปรากรชวนหัวกึ่งเจรจา	อุปรากรบุฟฟา
07032556-n	เบสเลขกำกับ	แนวเบสต่อเนื่อง
07033007-n	ดนตรีโบสถ์	เพลงโบสถ์
07033245-n	เพลงสวดแอนติฟอน	แอนติฟอน
07034035-n	บทสวดเชมา	เชมา
07035420-n	เพลงธรรมะ	เพลงศาสนา
07035747-n	เพลงคริสต์มาสคาโรล	เพลงเทศกาล
07035870-n	เพลงสดุดี	เพลงสวดสรรเสริญ
07041451-n	ดูเอ็ต	บทเพลงบรรเลงคู่
07041595-n	ทรีโอ	บทเพลงกลุ่มสาม
07042405-n	เมสสิยาห์	เมสไซยาห์
07042862-n	ดนตรีไล่เลียน	แคนอน
07043675-n	บทเพลงสอดแนว	ฟิวก์
07044760-n	ซิมโฟนี	ดนตรีซิมโฟนี
07045788-n	ท่อนริฟ	ริฟ
07046543-n	ลาร์โก	อัตราช้ามาก
07048000-n	บทเพลง	เพลง
07050042-n	เพลงกะลาสี	เพลงสาระพาเฮโล
07050177-n	คอรัส	เนื้อเพลงท่อนที่ร้องซ้ำ
07050952-n	ดนตรีลูกทุ่ง	ดนตรีโฟลก์ซอง	เพลงลูกทุ่ง	เพลงโฟลก์ซอง
07051185-n	ดนตรีบลูส์	บลูส์	เพลงบลูส์
07051851-n	เพลงกล่อมลูก	เพลงกล่อมเด็ก
07051975-n	เนื้อร้อง	เนื้อเพลง
07054336-n	ดนตรีสำหรับบัลเลต์	เพลงบัลเลต์
07054433-n	ดนตรีเต้นรำ	เพลงแดนซ์	แดนซ์มิวสิค
07057829-n	ดนตรีแทงโก้	เพลงแทงโก้	แทงโก้
07058296-n	ดนตรีเดินแถว	เพลงมาร์ช	เพลงเดินแถว
07058468-n	ดนตรีโยธวาทิต	เพลงโยธวาทิต
07059255-n	ดนตรีสมัยนิยม	ดนตรีสากล
07059626-n	ดนตรีดิสโก้	ดิสโก้	เพลงดิสโก้
07059962-n	ดนตรีป๊อป	เพลงป๊อป
07060167-n	ดนตรีท้องถิ่น	ดนตรีประจำถิ่น	ดนตรีพื้นบ้าน	ดนตรีพื้นเมือง	เพลงพื้นบ้าน	เพลงพื้นเมือง
07060440-n	ดนตรีคันทรี	เพลงคันทรี
07060697-n	ดนตรีลีลาศ	ดนตรีเต้นรำ	แด๊นซ์มิวสิค
07060976-n	ดนตรีแจ๊ส	แจ๊ส
07061677-n	ดนตรีดู-วอป	ดู-วอป
07061968-n	ดนตรีโซล	เพลงโซล
07062697-n	ดนตรีแจ๊ส	เพลงแจ๊ส	แจ๊ส
07063101-n	บีบ็อป	บ๊อป
07063249-n	บูกี	บูกี-วูกี
07063585-n	ดนตรีฟังก์	ฟังก์
07063921-n	นิวแจ๊ส	นีโอแจ๊ส	โมเดิร์นแจ๊ส
07064055-n	ดนตรีฮิปฮอป	ดนตรีแร็พ	ฮิปฮอป	แร็พ
07064315-n	ดนตรีริทึมแอนด์บลูส์	ริทึมแอนด์บลูส์	อาร์แอนด์บี
07064715-n	ดนตรีร็อก	ดนตรีร็อกแอนด์โรล	เพลงร็อก	เพลงร็อกแอนด์โรล
07065149-n	ดนตรีเฮฟวีเมทัล	เพลงเฮฟวีเมทัล	เฮฟวีเมทัล
07065333-n	โพรเกรสซีฟ	โพรเกรสซีฟร็อก
07065562-n	ดนตรีไซคีเดลิกร็อก	เพลงไซคีเดลิก	ไซคีเดลิก	ไซคีเดลิกร็อก
07065740-n	ดนตรีพังก์	ดนตรีพังก์ร็อก	พังก์
07066042-n	ดนตรีสวิง	สวิง	สวิงแจ๊ส
07066285-n	ดนตรีเร็กเก้	เพลงเร็กเก้	เร็กเก้
07066659-n	กระบวนแบบ	ลีลา	สไตล์
07071017-n	จาร์กอน	ภาษาเฉพาะวงการ
07071942-n	แนวดนตรี	แนวเพลง
07082573-n	โทน	โทนเสียง
07086518-n	จังหวะ	จังหวะดนตรี	จังหวะเพลง	บีต	ริทึม
07087777-n	การกล่าวเยินยอ	คำพูดสวยหรู	คำพูดไร้สาระ
07089024-n	การกล่าวอย่างกระชับ	ความกระชับ
07091587-n	คำย่อ	อักษรย่อ
07092158-n	ประเภท	รูปแบบของวรรณกรรม	แนวเขียน
07092592-n	กวีนิพนธ์	กาพย์กลอน	บทกลอน	บทกวี	บทร้อยกรอง
07093489-n	การแต่งกลอน	การแต่งร้อยกรอง
07102373-n	จุดไคลแม็กซ์	ไคลแม็กซ์
07106113-n	การเปรียบเทียบอย่างพิศดาร	ความนึกเปรียบเทียบ
07108282-n	อุปมา	อุปมาอุปไมย
07111047-n	เสียง	เสียงพูด
07111933-n	รูปย่อยหน่วยเสียง	หน่วยเสียงย่อย	อัญรูปหน่วยเสียง
07112364-n	สระประสม	สระประสมสองเสียง	หน่วยเสียงสระประสม
07112550-n	สระ	หน่วยเสียงสระ	เสียงสระ
07113732-n	ระบบวรรณยุกต์	ระบบเสียงวรรณยุกต์
07114023-n	ชวา	หน่วยเสียงชวา	เสียงชวา
07114409-n	พยัญชนะกึ่งสระ	หน่วยเสียงพยัญชนะกึ่งสระ	เสียงพยัญชนะกึ่งสระ
07115021-n	พยัญชนะ	หน่วยเสียงพยัญชนะ	เสียงพยัญชนะ
07115914-n	พยัญชนะกัก	พยัญชนะระเบิด	พยัญชนะหยุด	พยัญชนะเสียงกัก	พยัญชนะเสียงระเบิด	พยัญชนะเสียงหยุด
07116758-n	พยัญชนะธนิต	พยัญชนะพ่นลม
07117007-n	พยัญชนะริมฝีปาก	เสียงพยัญชนะ
07117472-n	พยัญชนะกักริมฝีปาก	พยัญชนะหยุดริมฝีปาก
07117595-n	พยัญชนะกักเส้นเสียง	พยัญชนะหยุดเส้นเสี่ยง
07118210-n	พยัญชนะเสียงดูดลมเข้า	เสียงดูดลมเข้า
07119897-n	พยัญชนะอโฆษะ	พยัญชนะเสียงไม่ก้อง
07120364-n	เสียงก้อง	เสียงโฆษะ
07120524-n	เสียงร้อง	เสียงร้องตะโกน
07123870-n	เสียงร้องแสดงความโกรธ	เสียงโห่ร้อง
07124340-n	คำหยาบ	คำหยาบคาย	ถ้อยคำหยาบคาย
07125367-n	เสียงต่ำลึก	เสียงโอ๊บๆ
07125786-n	ตายห่า!	โอ้ย!ตายห่า
07125958-n	การอุทาน	คำอุทาน
07126383-n	การคร่ำครวญ	เสียงครวญคราง
07126521-n	เสียงกระแอม	เสียงกระแอมกระไอ
07127252-n	การพึมพำ	การพูดพึมพำ
07127563-n	การหัวเราะเบาๆ	เสียงกลั้นหัวเราะ
07127911-n	เสียงหัวเราะฮิฮิ	เสียงฮา
07130341-n	การกระซิบ	การกระซิบกระซาบ	การพูดเบาๆ
07134850-n	การคุย	การพูดคุย	การอภิปราย
07135080-n	การพูดซุบซิบ	การพูดพร่ำ
07135734-n	การคุยกัน	การพูดคุย
07136206-n	การสนทนา	การสนทนาระหว่างบุคคล
07136469-n	การพูดคุยอย่างอบอุ่น	การสนทนาอย่างอบอุ่น
07136711-n	การพูดไร้สาระ	ลมปาก
07140978-n	การอภิปราย	การโต้แย้ง
07142566-n	การปรึกษาหารือ	การอภิปรายกลุ่มย่อย
07152948-n	คติบท	หลักการที่เป็นที่ยอมรับ
07154046-n	คำพูดซ้ำซาก	สำนวนประดาษ
07157273-n	ภาษาเฉพาะกลุ่ม	ภาษาเฉพาะวงการ	ภาษาแสลง	ศัพท์เฉพาะกลุ่ม
07159791-n	คาถา	มนตร์	เวทมนตร์	เวทมนตร์คาถา
07160883-n	การใช้ภาษา	วัจนกรรม
07163593-n	กระทู้ถาม	คำถาม
07163988-n	การชี้แนะ	การบอกใบ้	คำแนะนำ
07165086-n	การประกวดราคา	การประมูล
07166281-n	รางวัล	เงินรางวัล
07167041-n	รางวัลนำจับ	เงินนำจับ
07167415-n	การนำเสนอ	การนำเสนอความคิดเห็น
07168131-n	การสั่ง	คำสั่ง	คำสั่งการ
07173258-n	การตีความตามตัวอักษร	การแปลความหมายตามตัวอักษร
07179943-n	การยืนยัน	การให้สัตยาบัน
07180183-n	ความปรองดอง	ความเห็นสอดคล้อง
07181043-n	การประจันหน้า	การเผชิญหน้า
07181546-n	ความขัดแย้ง	ความไม่ลงรอย
07185325-n	การขอ	การร้องขอ
07185668-n	การแจ้งชำระหนี้	การแจ้งหนี้
07186148-n	การเชิญชวน	การเชื้อเชิญ
07186528-n	การเรียกตัว	หมายเรียก
07188685-n	การขอความรัก	การเกี้ยวพาราสี
07190039-n	การขอบคุณพระเจ้า	การสวดขอบคุณ
07190584-n	การสวดบำเพ็ญกุศล	การสวดศพ	การสวดอภิธรรมศพ
07190941-n	การคิดเงิน	การเรียกเก็บเงิน
07193184-n	การตั้งคำถาม	การถาม
07193596-n	การซักถาม	การสอบถาม	การไต่ถาม
07193958-n	การสอบสวน	การไต่สวน
07196682-n	คำถาม	ประโยคคำถาม
07198276-n	การสอบปลายภาค	การสอบไฟนอล
07199922-n	การตอบกลับ	การตอบโต้	คำโต้ตอบ	คำโต้แย้ง
07200290-n	การพูดซ้ำ	การพูดย้ำ
07200421-n	การพูดตาม	การพูดเลียนเสียง
07200527-n	การตอบ	การตอบคำถาม
07201804-n	การพรรณนา	รูปภาพ
07209089-n	การคัดค้าน	การคัดค้านของจำเลยในคดีแพ่ง
07209965-n	การบ่น	การบ่นไม่หยุด
07218470-n	รายงาน	รีพอร์ต
07220178-n	รายงานการแพทย์	รายงานทางการแพทย์
07221094-n	นิทาน	เรื่องราว	เรื่องเล่า
07221756-n	บทนำ	อารัมภบท
07222050-n	นิทานคติชน	นิทานชาวบ้าน	นิทานพื้นบ้าน	นิทานมุขปาฐะ	วรรณกรรมมุขปาฐะ
07223170-n	เรื่องซุบซิบ	เรื่องนินทา
07223450-n	ข่าวลือ	ข่าวโคมลอย
07223811-n	ข่าวคาว	เรื่องอื้อฉาว
07225167-n	การเตือน	คำเตือน
07226545-n	การสัญญา	การให้คำมั่นสัญญา	การให้สัญญา
07226841-n	การตั้งสัตย์ปฏิญาณ	การสาบาน
07227301-n	การตกปากรับคำ	การรับปาก
07229245-n	การขอบคุณ	การขอบพระคุณ	การขอบใจ
07229530-n	การคุยโม้	การโอ้อวด	ยกย่อง	ยกย่องตนเอง
07229747-n	การคุยโม้	การพูดโอ้อวด
07231532-n	การท้ามฤตยู	การเสี่ยงตาย	การเสี่ยงอันตราย
07231728-n	การกล้าท้าทาย	การเผชิญหน้า
07231840-n	การท้าดวล	การท้าประลอง	การท้าสู้
07231943-n	การท้าทาย	การท้าทายศัตรู
07232053-n	การขอให้ตอบคำถาม	การเรียกร้องให้ตอบคำถาม
07232811-n	การขยายความ	การอธิบายอย่างละเอียด
07232988-n	การกล่าวประณาม	การประณาม
07233415-n	การประณาม	คำพูดโจมตี
07233634-n	การสาปแช่ง	คำสาบแช่ง
07236077-n	ข้อหา	มลทิน
07237758-n	การกล่าวโทษ	การตำหนิติเตียน
07240549-n	การกล่าวปราศัย	ปาฐกถา
07242104-n	การดีเบต	การอภิปราย
07243565-n	คำปราศรัย	คำปราศัย
07247925-n	การประชาสัมพันธ์	พีอาร์
07248507-n	การป่าวประกาศ	การโฆษณา
07248801-n	การโฆษณา	โฆษณา
07249585-n	การโฆษณาจำเพาะ	โฆษณา
07250339-n	การโฆษณา	แฮนด์บิล	ใบปลิว
07254057-n	การขู่ขวัญ	การสกัดกั้น
07254456-n	การลงจากอำนาจ	การสละราชสมบัติ	การสละอำนาจ
07255027-n	การขอยอมแพ้	การประกาศยอมแพ้	การยกธงขาว
07255401-n	การห้าม	ห้าม
07255791-n	การติดต่อสื่อสารทางจิต	โทรจิต
07256695-n	ประสาทที่หก	อีเอสพี
07256932-n	ความรู้ล่วงหน้า	ความสามารถรู้เหตุการณ์ล่วงหน้า
07257815-n	หลัก	เสา
07258238-n	หลักชัย	เสาที่เส้นชัย
07258332-n	จุดอ้างอิง	ตำแหน่งอ้างอิง
07258964-n	งานเขียนที่ตีพิมพ์ซ้ำ	ผลงานที่ตีพิมพ์ซ้ำ
07259319-n	จุดสังเกต	แลนด์มาร์ค
07261143-n	เกณฑ์มาตรฐาน	เบ็นช์มาร์ก
07262108-n	เป้า	เป้าหมาย
07262579-n	ต้วบอก	อินดิเคเตอร์
07264213-n	ไฟสัญญาณ	ไฟเตือนภัย
07266178-n	ทุ่น	ทุ่นลอย
07267067-n	บาร์เบอร์โพล	ไฟหมุนหน้าร้านตัดผม
07268759-n	รางวัลโนเบล	โนเบล	โนเบลไพรซ์
07268967-n	รางวัลออสการ์	ออสการ์
07269552-n	บั้ง	บั้งตำรวจ	บั้งทหาร
07270179-n	ตรา	ตราสัญลักษณ์	สัญลักษณ์
07270718-n	ตราประทับไปรษณีย์	ตราไปรษณีย์
07271167-n	หลักกิโล	หลักกิโลเมตร	หลักไมล์
07271942-n	จุด	แต้ม
07274425-n	การคารวะ	การค้อมตัวลง
07280072-n	การเรียกคืน	การเรียกคืนสินค้า
07281219-n	ดนตรีบรรยาย	ดนตรีพรรณนา
07282006-n	ดนตรีขับร้อง	ดนตรีร้อง	เพลงร้อง
07282929-n	หนังสือว่าด้วยทุน	หนังสือแคปิทอล
07283198-n	ยูโทเปีย	หนังสือเรื่องยูโทเปีย
07283473-n	เหตุการณ์กลับกลาย	เหตุการณ์กลับตาลปัตร	เหตุการณ์พลิกผัน	เหตุการณ์ไม่คาดฝัน
07283608-n	เหตุการณ์	เหตุการณ์ที่เกิดขึ้น	เหตุเกิด
07285191-n	ฉากหลัง	แบ็คกราวด์
07285403-n	ประสบการณ์	ประสบการณ์ชีวิต	ประสบประการณ์
07286278-n	ลางร้าย	เมฆหมอกแห่งสงคราม
07286368-n	นิมิต	ลางบอกเหตุ	ลางร้าย
07287288-n	ช่วงเวลาดีๆ	ช่วงเวลาที่ดี	ประสบการณ์ที่ดี
07288639-n	งาน	งานสังคม	งานอีเวนต์
07288801-n	ความมหัศจรรย์	เหตุอัศจรรย์
07289956-n	ตอน	เอพิโซด
07290761-n	เหตุการณ์ที่อาจเกิดขึ่น	เหตุบังเอิญ
07290905-n	การเปิดฉาก	การเริ่มต้น
07291312-n	ช่วงปิดท้าย	ตอนจบ	บทสรุป	เหตุการณ์ตอนจบ
07291794-n	ช่วงปิดท้าย	ตอนสุดท้าย
07292118-n	การแข่งขันตอนท้าย	ท้ายเกม
07292577-n	การผ่านพ้น	การผ่านพ้นไปอย่างรวดเร็ว
07294019-n	ผลที่ตามมา	ผลปรากฏ
07299569-n	ความผิดพลาด	คอมพิวเตอร์เออเรอร์	เออเรอร์
07302164-n	รถชน	อุบัติเหตุรถชน
07302836-n	อัคคีภัย	เพลิงไหม้	เหตุอัคคีภัย	เหตุเพลิงไหม้	ไฟไหม้
07303697-n	มหาอัคคีภัย	อัคคีภัยมหาวินาศ
07304266-n	การสุมไฟไล่แมลง	การเผาไฟไล่แมลง
07306252-n	เรื่องอัปยศ	เรื่องอื้อฉาว
07308563-n	การระเบิด	การระเบิดรุนแรง
07308889-n	กรณี	ตัวอย่าง	เคส
07313814-n	การทะเลาะเบาะแว้ง	การแตกแยก	ความแตกแยก	ความแปลกแยก
07314838-n	กลียุค	ความหายนะ	เหตุการณ์เลวร้าย
07319103-n	ความสำเร็จ	ซัคเซส
07329737-n	การออกตัว	การออกสตาร์ท
07330007-n	ชะตากรรม	โชคชะตา
07332691-n	การกำจัดให้สิ้นซาก	การดับสิ้น	การสูญพันธุ์
07333649-n	การจากไป	การถึงแก่กรรม	การเสียชีวิต	สิ้นใจ
07334206-n	ความเคราะห์ร้าย	ความโชคร้าย	เคราะห์ร้าย
07334490-n	การทำลาย	การรื้อถอน
07338681-n	การกระทบ	การกระแทก
07343195-n	การแข่งขันใหม่	รีแมตช์
07343910-n	ขึ้นจากขอบฟ้า	พระอาทิตย์ขึ้น
07344015-n	ตะวันตกดิน	พระอาทิตย์ตก	พระอาทิตย์ตกดิน	ลับขอบฟ้า	อาทิตย์ตกดิน
07344233-n	คลื่น	คลื่นกระทบฝั่ง
07344663-n	คลื่นลูกเล็ก	ลูกคลื่น
07344875-n	คลื่นแรงโน้มถ่วง	คลื่นโน้มถ่วง
07345593-n	การเกิดคลื่น	คลื่น
07349299-n	คลื่นยักษ์	คลื่นสึนามิ	สึนามิ
07350192-n	การสะท้อนกลับ	สะท้อนกลับ
07351612-n	การหัน	การเปลี่ยนทิศทาง
07352190-n	คลื่น	ระลอกคลื่น
07353376-n	การแข่งขันสิ้นสุด	การแข่งขันเสร็จสิ้น
07362075-n	การหยุด	การหยุดชะงัก
07365432-n	การพังทลาย	ความล้มเหลว
07366289-n	การแปร	ความเบี่ยงเบนมาตรฐาน	ตัวแปร
07376257-n	การแผดเสียง	เสียงดังมาก	เสียงดังระเบิด	เสียงโครม
07377082-n	เสียงตี๊ดๆ	เสียงบี๊บ	เสียงบี๊ปๆ
07377473-n	การแผดเสียง	เสียงร้องดังๆ	เสียงแตรในพิธี
07377931-n	เสียงแกะ	เสียงแพะ
07379409-n	เสียงจ๊อกแจ๊ก	เสียงร้องจ๊อกแจ๊ก
07379695-n	คอรัส	เพลงประสานเสียง	เสียงคอรัส	เสียงประสาน
07380144-n	เสียงก้องกังวาน	เสียงก้องสะท้อน
07380934-n	เสียงกับๆ	เสียงกุบกับ
07382286-n	การขัน	เสียงไก่ขัน
07383257-n	เสียงกระดิ่ง	เสียงกริ๊งๆ
07386920-n	เสียงงึมงำ	เสียงพึมพำ
07390307-n	เสียงดังโครม	เสียงโครม
07390762-n	เสียงก๊าบๆ	เสียงเป็ด
07397355-n	ฟ้าร้อง	เสียงฟ้าร้อง
07399137-n	วิบราโต้	ไวบราโต้
07399336-n	ทรีโมโล่	ทิมโมโล	เทรโมโล่
07400906-n	การเต้นของชีพจร	การเต้นของหัวใจ	การเต้นเป็นจังหวะ
07402519-n	น้ำขึ้นน้ำลง	ปรากฏการณ์น้ำขึ้นน้ำลง
07406765-n	กระแส	สาย
07407272-n	การหลั่งไหล	การไหลล้น
07410207-n	การชนอย่างแรง	การทุบ	การทุบตี	การฟาด
07415730-n	การเปลี่ยนสภาวะ	การเปลี่ยนแปลง
07420770-n	ความเสียหาย	ความเสื่อม
07425011-n	การผ่าเหล่า	การเปลี่ยนแปลงทางพันธุกรรม
07428954-n	ธรณีพิโรธ	แผ่นดินพิโรธ	แผ่นดินไหว
07429637-n	อาฟเตอร์ช็อก	แผ่นดินไหวตาม
07429870-n	แผ่นดินไหวใต้ทะเล	แผ่นดินไหวในมหาสมุทร
07435273-n	การระบาด	การลุกลาม
07436661-n	การรั่ว	การรั่วไหล
07442569-n	การตีลูกปั่นไซด์	การตีให้ลูกหมุน
07447641-n	งานกินเลี้ยง	งานปาร์ตี้	งานเลี้ยง	ปาร์ตี้
07448038-n	การทะเลาะวิวาท	ความอึกทึก	งานเลี้ยงเสียงดัง
07448121-n	งานวันเกิด	งานเลี้ยงวันเกิด	ปาร์ตี้วันเกิด
07448608-n	งานเลี้ยงค็อกเทล	ปาร์ตี้ค็อกเทล
07449157-n	งานเต้นรำแฟนซี	งานเต้นรำใส่หน้ากาก
07449862-n	งานฉลอง	งานเลี้ยง
07450463-n	งานเลี้ยงน้ำชา	ปาร์ตี้น้ำชา
07450651-n	การเฉลิมฉลอง	งานเฉลิมฉลอง
07450842-n	งาน	งานพิธี	พิธี	พิธีการ
07451463-n	งานบำเพ็ญกุศล	งานพระราชทานเพลิงศพ	งานศพ	งานสวดอภิธรรมศพ	พิธีศพ
07452074-n	งานมงคลสมรส	งานวิวาห์	งานสมรส	งานแต่ง	งานแต่งงาน
07454758-n	พิธีประสาทปริญญาบัตร	พิธีพระราชทานปริญญาบัตร	พิธีมอบปริญญาบัตร	พิธีรับปริญญา
07455640-n	การระดมทุน	งานระดมทุน
07456188-n	การประกวด	การประลอง	การแข่ง	การแข่งขัน	คอนเทสต์
07456638-n	การแข่งกีฬา	การแข่งขันกีฬา
07457016-n	การแข่งขันทศกรีฑา	ทศกรีฑา
07457126-n	การแข่งขันกีฬาโอลิมปิก	การแข่งขันโอลิมปิก	กีฬาโอลิมปิก	โอลิมปิก	โอลิมปิกเกมส์
07457311-n	การแข่งขันพาราลิมปิก	กีฬาพาราลิมปิก	กีฬาโอลิมปิกคนพิการ	พาราลิมปิก	พาราลิมปิกเกมส์
07457485-n	การแข่งขันโอลิมปิกฤดูหนาว	โอลิมปิกฤดูหนาว
07457722-n	การแข่งขันปัญจกรีฑา	ปัญจกรีฑา
07457834-n	การแข่งขัน	แชมเปี้ยนชิป
07457936-n	การแข่งขันท้าความตาย	การแข่งขันเสี่ยงตาย
07459157-n	การแข่งขันรถแรลลี่	การแข่งแรลลี่	แรลลี่
07459249-n	การแข่งขันจักรยาน	การแข่งจักรยาน
07459992-n	การแข่งขันเรือยอร์ช	การแข่งเรือยอร์ช
07460104-n	การวิ่งแข่ง	การแข่งขันวิ่ง	การแข่งวิ่ง
07460546-n	การแข่งขันวิ่งมาราธอน	การแข่งวิ่งมาราธอน
07463733-n	การแข่งขันสกี	การแข่งสกี
07464568-n	การแข่งขันฟุตบอลโลก	ฟุตบอลโลก	เวิลด์คัพ
07464725-n	ทัวร์นาเมนต์	รายการแข่งขัน
07464969-n	การแข่งขันแบบแพ้คัดออก	การแข่งแบบแพ้คัดออก
07465290-n	การแข่งขันรอบเพลย์ออฟ	เพลย์ออฟ
07465960-n	การแข่งขันชกมวย	การแข่งขันมวย	ศึกดวลกำปั้น	ไฟต์
07466108-n	การแข่งขันหมากรุก	ศึกหมากรุก
07466195-n	การชนไก่	การตีไก่
07466557-n	กรีฑาประเภทลาน	การแข่งกรีฑาประเภทลาน
07466832-n	การแข่งขันนัดชิงชนะเลิศ	การแข่งขันนัดสุดท้าย	การแข่งขันรอบชิงชนะเลิศ	การแข่งขันรอบไฟนอล
07467027-n	การแข่งขันชิงถ้วยพระราชทาน	การแข่งขันชิงถ้วยรางวัล
07467212-n	การแข่งขันรอบก่อนรองชนะเลิศ	การแข่งขันรอบควอร์เตอร์ไฟนอล	การแข่งขันรอบตัดเชือก
07467393-n	การแข่งขันรอบรองชนะเลิศ	การแข่งขันรอบเซมิไฟนอล
07467579-n	การแข่งขันแบบพบกันหมด	การแข่งแบบพบกันหมด
07470545-n	การแข่งขันว่ายน้ำ	ศึกชิงเจ้าสระ
07470671-n	คู่	นัด	รอบ	แมตช์
07471037-n	การแข่งขันเทนนิส	ศึกลูกสักหลาด	ศึกหวดลูกสักหลาด
07471126-n	การแข่งขันชิงแชมป์	นัดชิงแชมป์
07471246-n	การแข่งขันมวยปล้ำ	ศึกมวยปล้ำ
07472168-n	การแข่งขันชักเย่อ	การแข่งชักเย่อ
07472657-n	การแข่ง	การแข่งขัน
07472808-n	การแข่งทางการทหาร	การแข่งสะสมอาวุธ
07472929-n	การรณรงค์หาเสียง	การสู้ศึกเลือกตั้ง	การแข่งขันหาเสียง	การแข่งขันหาเสียงเลือกตั้ง
07473441-n	การประสบชัยชนะ	การได้รับชัยชนะ	ชัยชนะ
07475035-n	ชัยชนะที่ขาวสะอาด	ชัยชนะที่สวยสดงดงาม
07475364-n	การประสบความพ่ายแพ้	ความพ่ายแพ้
07477413-n	การติดเหยื่อ	ปลาติดเบ็ด	ปลาฮุบเหยื่อ
07477587-n	นาทีทอง	ปาฏิหาริย์	ลูกฟลุ้ก	ลูกส้มหล่น	โอกาสทอง
07477945-n	การยุบ	การล้มละลาย
07478718-n	เรือล่ม	เรืออับปาง
07478874-n	คอมพิวเตอร์เสีย	คอมเจ๊ง	เครื่องคอมพิวเตอร์ชำรุด	เครื่องคอมพิวเตอร์เสีย	เครื่องคอมเจ๊ง
07479144-n	หัวอ่านชำรุด	หัวอ่านพัง	หัวอ่านเสีย
07479926-n	ความรู้สึกสะเทือนใจ	ความสะเทือนใจ
07480790-n	จิตวิญญาณ	วิญญาณ
07480896-n	ความลุ่มหลง	ความหลงใหล
07481375-n	ความกระตือรือร้น	ความร้อนรุ่ม	ความเร่าร้อน
07484792-n	ความฝันถึงชีวิตที่ดึกว่าคนรุ่นก่อน	ความฝันแบบอเมริกัน
07486229-n	ความต้องการ	ความประสงค์	ความปราถนา
07487594-n	ความรู้สึกคิดถึงบ้าน	โรคคิดถึงบ้าน	โรคโฮมซิก
07487695-n	ความรู้สึกทางเพศ	อารมณ์ทางเพศ
07487955-n	กามารมณ์	ความต้องการทางเพศ	ความปรารถนาทางเพศ	ความใคร่
07488875-n	ราคะ	โลกีย์
07489548-n	ตัณหาราคะ	พลังลิบิโด
07489714-n	กำหนัด	ความกำหนัด	แรงปรารถนา	ไฟกำหนัด	ไฟปรารถนา	ไฟพิศวาส	ไฟสวาท	ไฟโลกีย์
07491708-n	ความปิติยินดี	ความเพลิดเพลิน
07493527-n	ควาพึงพอใจทางเพศ	ความยินดีในกาม	ความสุขทางเพศ
07495973-n	ความอึดอัด	ความไม่สบายใจ
07502669-n	ความเกลียดชัง	ความไม่ชอบ
07502980-n	การดูถูกเหยียดหยาม	การดูหมิ่น	ความรังเกียจ
07503430-n	ความชิงชัง	ความรังเกียจ	ความเกลียดชัง
07504343-n	การรู้คุณคน	ความกตัญญู	ความกตัญญูกตเวที
07504529-n	ความรู้สึกขอบคุณ	ความสำนึกบุญคุณ
07506797-n	ความละอาย	ความละอายใจ	ความสำนึก
07506962-n	ความรู้สึกชิงชังตนเอง	ความรู้สึกเกลียดตนเอง
07507742-n	การอับอาย	ความอับอาย
07507912-n	ความยุ่งวุ่นวาย	ความว้าวุ่น
07508486-n	ความภาคภูมิใจ	ความภูมิใจ
07509131-n	ความต่ำต้อย	ความนอบน้อม
07515790-n	ความสงบ	ใจสงบ
07516354-n	ความรู้สึกโกรธ	ความโกรธ	อารมณ์โกรธ
07516905-n	ความแค้น	ความโกรธแค้น
07518132-n	รมณ์เสีย	หัวเสีย	อารมณ์บ่จอย	อารมณ์เสีย
07518261-n	ความรำคาญ	ความรู้สึกรำคาญ
07519253-n	ความกลัว	ความหวาดกลัว
07519773-n	ความตระหนกตกใจ	ความตื่นตระหนก
07520112-n	ความหนาวสั่น	อาการสั่นสะท้าน
07521039-n	ความกลัวเกรง	ความยำเกรง	ความเกรงกลัว
07521674-n	ความกลัว	ความกลัวสุดขีด
07522128-n	ความสังหรณ์	ลางสังหรณ์
07528212-n	ความตื่นเต้น	ความรู้สึกระทึกใจ
07528470-n	การจู่โจม	การเตะ
07529096-n	ความปลื้มปิติ	ความปลื้มปีติ
07529245-n	ความรื่นเริง	หรรษา
07531713-n	ความพึงพอใจ	ความอิ่มใจ
07536074-n	การมีจิตสำนึก	ความสำนึกผิด
07538395-n	ความท้อแท้	ความสิ้นหวัง
07540424-n	ความรู้สึกไม่พอใจ	ความไม่พอใจ
07541449-n	การมีกำลังใจ	การได้รับกำลังใจ
07541923-n	ความรู้สึกสิ้นหวัง	ความสิ้นหวัง
07542675-n	ความท้อแท้	ความท้อใจ	ความหมดกำลังใจ
07543033-n	การมองโลกในแง่ร้าย	การมองโลกในแง่ลบ
07543732-n	ความรักต่อเพื่อนมนุษย์	ความรักเพื่อนมนุษย์	ความรักเพื่อนร่วมชะตากรรม	ความรักเพื่อนร่วมโลก
07544039-n	ความรักที่มีต่อลูก	ความรักบุตรธิดา	ความรักลูก
07544129-n	ความพิศวาส	พิศวาส
07544351-n	ความรักแบบวัยรุ่น	ความหลงรัก	ป็อปปี้เลิฟ
07544647-n	ความรัก	ความรักใคร่
07546389-n	ความจงรักภักดี	ความซื่อสัตย์	ความภักดี
07546465-n	ความชิงชัง	ความรังเกียจ	ความเกลียด	ความไม่ชอบ
07547473-n	ความเกลียดเด็ก	ความไม่ชอบเด็ก
07547805-n	ความรู้สึกเป็นปรปักษ์	ความรู้สึกเป็นศัตรู
07548224-n	ความรู้สึกทางชนชั้น	ความรู้สึกแบ่งชนชั้น
07548978-n	ความขมขื่น	ความเจ็บใจ
07550369-n	ความคิดร้าย	ความคิดอกุศล	ความประสงค์ร้าย
07550891-n	ความพยาบาท	ความอาฆาต	ความอาฆาตพยาบาท
07551498-n	อารมณ์บึ้งตึง	อารมณ์บูด
07552087-n	อารมณ์ร้าย	อารมณ์เสีย	อารมณ์ไม่ดี
07553590-n	ความกรุณา	ความปรานี
07553964-n	ความสงสาร	ความเห็นอกเห็นใจ	ความเห็นใจ
07555775-n	ความชอบเทคโนโลยี	ความหลงใหลเทคโนโลยี
07555863-n	กระยาหาร	ของกิน	ภักษาหาร	ภัตตาหาร	อาหาร	เครื่องเสวย
07556637-n	ของกินได้	สิ่งหล่อเลี้ยง
07556872-n	ของกิน	ของบริโภค
07557434-n	กับ	กับข้าว	จาน	เมนู
07560193-n	ฟาสต์ฟู้ด	อาหารจานด่วน	อาหารฟาสต์ฟู้ด	อาหารแดกด่วน
07560542-n	อาหารโคเชอร์	โคเชอร์
07563509-n	ของเหลือ	อาหารเหลือ
07564515-n	ชีวจิต	อาหารชีวจิต
07564796-n	อาหารอ่อน	อาหารเหลว
07564971-n	มังสวิรัติ	อาหารมังสวิรัติ	อาหารเจ
07565161-n	ของกิน	อาหาร
07569423-n	แป้งสาลีธรรมดา	แป้งสาลีอเนกประสงค์
07570021-n	เซโมลิน่า	แป้งเซโมลิน่า
07571324-n	การครัว	ศิลปะการปรุงอาหาร
07572712-n	ของสด	อาหารสด
07572957-n	อาหารกระป๋อง	เครื่องกระป๋อง
07573696-n	พระกระยาหาร	มื้อ	อาหารหนึ่งมื้อ
07574602-n	ข้าวเช้า	มื้อเช้า	อาหารมื้อเช้า	อาหารเช้า	อาหารเบรกฟาสต์	เบรกฟาสต์
07575076-n	ข้าวเที่ยง	มื้อกลางวัน	มื้อเที่ยง	อาหารกลางวัน	อาหารมื้อกลางวัน
07575510-n	ชา	น้ำชา	น้ำชายามบ่าย
07575726-n	ข้าวเย็น	มื้อเย็น	อาหารมื้อเย็น	อาหารเย็น
07576182-n	บุฟเฟต์	อาหารบุฟเฟต์
07577374-n	ของกินเล่น	ของขบเคี้ยว	ของว่าง	อาหารว่าง
07577918-n	ของว่างช่วงพักเบรก	คอฟฟี่เบรก	ทีเบรก
07578093-n	อาหารงานเลี้ยง	อาหารโต๊ะจีน	โต๊ะจีน
07579076-n	อาหารคำหนึ่ง	อาหารหนึ่งคำ
07579399-n	ก้อน	ก้อนยาฉุน
07579688-n	อาหารจานสำคัญ	อาหารจานหลัก
07580253-n	จานพิเศษ	จานอร่อย	จานเด็ด
07580782-n	เนื้อย่าง	เนื้ออบ
07581249-n	อันตีปัสโต	แอนติพาสโต
07581931-n	ค็อกเทลผลไม้	ฟรุ้ตค็อกเทล
07583197-n	ซุป	น้ำซุป	น้ำแกง
07584110-n	คอนซอมเม่	ซุปคอนซอมเม่
07584332-n	ซุปบิสค์	บิสค์
07584423-n	ซุปหัวบีตแดงเนื้อ	ซุปเนื้อ
07584938-n	ซุปบูวียอง	บูวียอง
07585474-n	คนอร์	ซุปก้อน	ซุปคนอร์
07585557-n	ซุปไก่	น้ำซุปไก่ต้ม
07585758-n	กัซปาโช	ซุปกัซปาโช	ซุปผักเย็นแบบสเปน
07585906-n	กัมโบ	กัมโบซุป	ซุปกัมโบ
07586318-n	ซุปมัลลิกาตาวนี	ซุปเผ็ดร้อนของอินเดีย
07587111-n	ซุปน้ำข้น	พ็อตทิจ
07589724-n	สตูเบอร์กู	เบอร์กู
07589872-n	สตูเบอร์กู	เบอร์กู
07590177-n	สตูเพอร์ลู	เพอร์ลู
07590752-n	กูลาชเนื้อ	กูลาชเนื้อวัว
07591586-n	ซุปบุยยาเบส	บุยยาเบส
07592094-n	ฟริคัสซี	สตูฟริคัสซี
07592558-n	เนื้อทำสตู	เนื้อสตู
07593549-n	ของกินสำเร็จรูป	อาหารสำเร็จรูป
07593972-n	บราวนี่มิกซ์	แป้งบราวนี่สำเร็จรูป
07594737-n	อาหารจืด	อาหารรสจืด
07596684-n	ขนมหวาน	ของหวาน
07597365-n	ลูกกวาด	แคนดี้
07599383-n	ลูกอมจี๊ดจ๊าด	ลูกอมเปรี้ยวจี๊ด
07599783-n	ทอฟฟี่	ลูกอม
07602650-n	ไส้	ไส้ขนม
07602996-n	เนยโกโก้	โกโก้บัตเตอร์
07604307-n	ช็อคโกแลตนม	มิลค์ช็อกโกแลต
07605474-n	ขนมคาราเมล	ฟัดจ์
07609632-n	ช็อกโกแล็ตทรัฟเฟิล	ทรัฟเฟิล
07609840-n	ขนมหวาน	ของหวาน
07612632-n	ขนมพุดดิ้ง	พุดดิ้ง
07614500-n	ไอติม	ไอศกรีม	ไอศครีม
07615460-n	ไอศครีมรสสตอเบอร์รี่	ไอศครีมสตอเบอร์รี่
07615671-n	ไอศครีมรสวานิลา	ไอศครีมวานิลา
07615774-n	ไอติมแท่ง	ไอศกรีมแท่ง
07616265-n	สโนว์บอล	ไอศครีมสโนว์บอล
07622061-n	ขนมประเภทอบ	ขนมอบ
07622587-n	แครกเกอร์บด	แครกเกอร์ป่น
07622708-n	ขนมพาสตรี	ขนมอบ	พาสตรี	เพสตรี
07623136-n	เพสตรี	แป้งอบ
07623664-n	ขนมทาร์ต	ทาร์ต
07623933-n	ขนมพายไส้ผลไม้	ทาร์ต
07624130-n	ทาร์ตแอปเปิ้ล	พายแอปเปิ้ล
07624239-n	ทาร์ตกุ้งล็อบสเตอร์	พายกุ้งมังกร
07625061-n	กะหรี่พั๊ฟอินเดีย	ซาโมซ่า
07625493-n	ขนมพาย	พาย
07628470-n	ขนมพัฟ	พัฟ
07628576-n	ครีมพัฟ	ชูครีม
07628691-n	ขนมเอแคลร์	เอแคลร์
07628870-n	ขนมเค้ก	เค้ก
07629988-n	ขนมเค้กวันเกิด	เค้กวันเกิด
07632240-n	เค้กนางฟ้า	แองเจิ้ลเค้ก
07632802-n	ขนมเค้กแต่งงาน	เค้กงานแต่งงาน	เค้กแต่งงาน
07633861-n	จัมเบิ้ล	เค้กจัมเบิ้ล
07633960-n	ซาวาริน	เค้กซาวาริน
07634406-n	มาร์เบิลเค้ก	เค้กลายหินอ่อน
07635044-n	ขนมแซลลี่	แซลลี่ลัน
07635155-n	ขนมคุกกี้	คุกกี้
07635827-n	คุกกี้บัตเตอร์	คุกกี้เนย
07636271-n	บราวนี	เค้กบราวนี
07636957-n	คุกกี้เลดี้ฟิงเกอร์	เลดี้ฟิงเกอร์
07637508-n	คุกกี้หั่น	คุกกี้แช่เย็น	คุกกี้แช่แข็ง
07639577-n	ขนมครูลเลอร์	ครูลเลอร์
07639716-n	ฟริตเตอร์ฝรั่งเศส	เฟรนช์ฟริตเตอร์
07640203-n	ขนมแพนเค้ก	แพนเค้ก
07641581-n	แพนเค้กมันฝรั่ง	แพนเค้กโปเตโต้
07641699-n	ขนมวัฟเฟิล	วัฟเฟิล
07641928-n	ปลาบดทอด	ฟิชบอล	ฟิชเค้ก
07642182-n	วิกตอเรียแซนด์วิช	วิคตอเรียสปอนจ์เค้ก
07642361-n	ปลาทอดเป็นแท่ง	ปลาแท่ง	ฟิชสติ๊ก
07644382-n	นก	เนื้อนก
07644706-n	สัตว์ปีก	เนื้อสัตว์ปีก
07644967-n	เนื้อไก่	ไก่
07645242-n	เนื้อไก่สำหรับต้ม	ไก่อ่อน
07645469-n	เนื้อไก่สำหรับทอด	เนื้อไก่อ่อนขนาดกลางเหมาะสำหรับทอด
07646284-n	เนื้อไก่กินี	ไก่กินี
07646403-n	นกพิราบ	เนื้อนกพิราบ	เนื้อพิราบ
07646578-n	เนื้อเป็ด	เป็ด
07646821-n	ห่าน	เนื้อห่าน
07646927-n	นกป่า	เนื้อนกป่า
07647115-n	เนื้อไก่ป่า	ไก่ป่า
07647321-n	นกกระทา	เนื้อนกกระทา
07647731-n	เนื้อไก่งวง	ไก่งวง
07648408-n	หน้าอก	เนื้อหน้าอก
07648913-n	บัฟฟาโลวิง	ปีกไก่ทอด
07649854-n	เนื้อ	เนื้อสัตว์
07651454-n	เครื่องใน	เครื่องในสัตว์
07654438-n	เนื้ออบเย็น	เนื้อเย็น
07655505-n	ขา	เนื้อส่วนขา
07657233-n	ขาหน้า	เนื้อขาหน้า
07657337-n	ขาหลัง	เนื้อขาหลัง
07657903-n	สเต็ก	เนื้อสเต็ก
07658168-n	สเต็กเนื้อ	สเต็กเนื้อวัว
07661357-n	คอ	เนื้อส่วนคอ
07663592-n	เนื้อ	เนื้อวัว	เนื้อโค
07664582-n	อาหารฮาลาล	เนื้อฮาลาล
07664770-n	เนื้อตากแห้ง	เนื้อแห้ง
07664936-n	เนื้อตากแห้ง	เนื้อแผ่น
07665146-n	เนื้อตากแห้ง	เนื้อแห้งเพ็มมิกัน
07668356-n	ซี่โครงลูกแกะ	ซี่โครงลูกแกะย่าง
07668588-n	ขาลูกแกะ	ขาแกะ
07668702-n	หมู	เนื้อหมู
07669470-n	สันนอกหมู	เนื้อหมูสันนอก
07669891-n	หมูแฮมรมควัน	แฮม
07671581-n	คากิ	อุ้งตีน	เนื้อคากิ
07672914-n	มาการีน	เนยเทียม
07676121-n	ไส้กรอกเลือด	ไส้กรอกเลือดหมู
07676273-n	ไส้กรอก	ไส้กรอกโบโลนญา
07676520-n	เคอรีโซ	ไส้กรอกเคอรีโซ
07676602-n	ฮอตดอก	ไส้กรอก	ไส้กรอกรมควัน	ไส้กรอกเยอรมัน
07679356-n	ขนมปัง	หนมปัง
07681926-n	ขนมปังกรอบ	เคร็กเกอร์
07690019-n	ขนมปังฮอทด็อก	ฮอทด็อกบัน
07692887-n	ขนมแบร์คลอว์	ขนมแบร์พอว์
07693590-n	ขนมปังเดนิช	ขนมหวามอบไส้ผลไม้โรยถั่ว
07693972-n	ขนมปังกรอบ	บิสกิต
07694516-n	บัตเตอร์มิลก์บิสกิต	บิสกิตบัตเตอร์มิลก์
07697100-n	เบอร์เกอร์	แฮมเบอร์เกอร์
07697537-n	ฮอตดอก	ฮอทด็อก
07697825-n	แซนด์วิชยักษ์	แซนด์วิชอิตาลี
07698543-n	รูเบน	แซนด์วิชรูเบน
07698915-n	พาสต้า	เส้นพาสต้า
07699584-n	ก๋วยเตี๋ยว	เส้นก๋วยเตี๋ยว
07699914-n	สปาเก็ตตี้	เส้นสปาเก็ตตี้
07700964-n	มะกะโรนี	มักกะโรนี	เส้นมักกะโรนี
07701053-n	ลาซานญ่า	เส้นลาซานญ่า
07701372-n	ตักเลียตะเล่	เส้นตักเลียตะเล่
07702362-n	อาหารสุขภาพ	อาหารเพื่อสุขภาพ
07702509-n	จังค์ฟู้ด	อาหารขยะ
07702642-n	ข้าวเช้า	อาหารเช้า	เบรกฟาสต์
07702796-n	ซีเรียล	ธัญญาหาร	อาหารเช้าธัญพืช
07704205-n	ข้าวต้มโจ๊ก	โจ๊ก
07705137-n	กราโนล่าบาร์	กราโนล่าแบบแท่ง
07705711-n	ผักผลไม้	ผักและผลไม้
07705931-n	ผลาผล	ผลาหาร	ผลไม้ที่กินได้	ส้มสูกลูกไม้
07707451-n	ผัก	พืชผัก
07708398-n	ผักสด	ผักสลัด
07708512-n	ครูดิเตส์	ผักสดหั่น
07708685-n	ขึ้นฉ่ายหั่นท่อนยาว	เซเลอรีสติก
07709333-n	ผัก	ผักใบเขียว
07711080-n	มันฝรั่งทอด	เฟรนช์ฟราย
07712382-n	ของกินเล่น	ของว่าง	อาหารว่าง	อาหารเบาๆ
07712559-n	มันฝรั่งกรอบ	มันฝรั่งทอดกรอบ	มันฝรั่งแผ่น	มันฝรั่งแผ่นทอดกรอบ
07713074-n	มะเขือ	มะเขือม่วง	ลูกมะเขือ
07715221-n	กะหล่ำดาว	บรัสเซลสเปราท์
07719058-n	ทานตะวันหัว	แก่นตะวัน
07719839-n	หัวบีท	หัวผักกาดหวาน
07721325-n	พริก	พริกเผ็ด
07721456-n	ความเผ็ด	ความเผ็ดร้อน	พริก
07721833-n	ชิโปตเล	ชิโปทเล
07722052-n	ทาบาสโก้	พริกแดง
07722217-n	หอม	หัวหอม
07723039-n	ผักลีก	ลีค
07724943-n	ถั่ว	ถั่วที่กินได้
07726095-n	ถั่วชิคพี	ถั่วลูกไก่
07731284-n	ชิกคอรี่	รากชิกคอรี่
07732636-n	ข้าวโพดคั่ว	ป๊อปคอร์น
07739035-n	ผลไม้ที่หล่นจากต้น	ผลไม้หล่น
07739125-n	ผลแอปเปิ้ล	ลูกแอปเปิ้ล	แอปเปิ้ล
07740342-n	แอปเปิ้ลทองหวาน	แอปเปิ้ลเหลืองหวาน
07742012-n	แอปเปิ้ลที่ใช้ปรุงอาหาร	แอปเปิ้ลสำหรับปรุงอาหาร
07742704-n	ผลเบอร์รี่	ลูกเบอร์รี่	เบอร์รี	เบอร์รี่
07743224-n	บิลเบอร์รี่	ยูโรเปียนบลูเบอร์รี่
07743384-n	ลูกฮัคเคิลเบอร์รี่	ฮัคเคิลเบอร์รี่
07743723-n	ทีเบอร์รี่	บอกซ์เบอร์รี่
07743902-n	ลูกแครนเบอร์รี่	แครนเบอร์รี่
07745803-n	ผลลางสาด	ลางสาด	ลูกลางสาด
07746551-n	ผลมะเฟือง	มะเฟือง	ลูกมะเฟือง
07747607-n	ผลส้ม	ส้ม
07748574-n	ลูกแทนเจโล	ส้มอักลี่
07749192-n	ส้มไม่มีเมล็ด	ส้มไม่มีเม็ด
07749582-n	ลูกเลมอน	เลมอน
07749870-n	คีย์ไลม์	ลูกคีย์ไลม์
07750449-n	ซิตรอน	ส้มซิตรอน
07750586-n	อัลมอนด์	เมล็ดอัลมอนด์
07750872-n	ผลแอพริคอต	ลูกแอพริคอต	แอพริคอต
07751004-n	พีช	ลูกพีช
07751148-n	ผลเนคทารีน	ลูกเนคทารีน	เนคทารีน
07751280-n	ผลแก้วมังกร	พิทายา	ลูกแก้วมังกร	แก้วมังกร
07751451-n	พลัม	ลูกพลัม
07751737-n	ลูกพลัมแดมซัน	แดมซัน
07751858-n	กรีนเกจ	ลูกพลัมกรีนเกจ
07753113-n	ผลมะเดื่อ	มะเดื่อ	ลูกมะเดื่อ
07753275-n	ผลสับปะรด	ลูกสับปะรด	สับปะรด
07753592-n	กล้วย	ผลกล้วย
07753743-n	ลูกเสาวรส	เสาวรส
07754451-n	ผลสาเก	ลูกสาเก	สาเก
07754684-n	ขนุน	ลูกขนุน
07755262-n	ผลท้อ	ลูกท้อ
07755411-n	ผลเมลอน	ลูกเมลอน	เมลอน
07755619-n	ลูกเมลอนบอล	เมลอนบอล
07755929-n	ผลแคนตาลูป	ลูกแคนตาลูป	แคนตาลูป
07756951-n	ผลแตงโม	ลูกแตงโม	แตงโม
07757132-n	ผลเชอร์รี่	ลูกเชอร์รี่	เชอรี่
07757312-n	เชอร์รี่หวาน	แบล็กเชอร์รี่
07757602-n	อ็อกซ์ฮาร์ต	อ็อกซ์ฮาร์ตเชอร์รี่	ฮาร์ตเชอร์รี่
07757753-n	แบล็กฮาร์ต	แบล็กฮาร์ตเชอร์รี่
07758680-n	ผลองุ่น	ลูกองุ่น	องุ่น
07760153-n	องุ่นมัสคัท	องุ่นมัสแคต
07760859-n	น้อยหน่า	ผลน้อยหน่า	ลูกน้อยหน่า
07761141-n	ลูกเชอริโมยา	เชอริโมยา
07761309-n	ทุเรียนเทศ	ผลทุเรียนเทศ	ลูกทุเรียนเทศ
07761777-n	ลูกอิลาม่า	อิลาม่า
07762244-n	บักหุ่ง	ผลมะละกอ	มะละกอ	ลูกมะละกอ
07762534-n	กิเตมบิลลา	ลูกกิเตมบิลลา
07762740-n	ลูกแอคกี	แอคกี
07762913-n	ทุเรียน	ผลทุเรียน	ลูกทุเรียน
07763107-n	ลูกเฟโจ	เฟโจ
07763629-n	กีวี	ผลกีวี	ลูกกีวี
07763792-n	พลัมญี่ปุ่น	ลูกพลัมญี่ปุ่น
07763987-n	ผลมังคุด	มังคุด	ลูกมังคุด
07764155-n	ผลมะม่วง	มะม่วง	ลูกมะม่วง
07764315-n	ผลละมุด	ละมุด	ลูกละมุด
07765728-n	พลัมป่า	ลูกพลัมป่า
07765862-n	องุ่นต้น	องุ่นต้นบราซิล
07765999-n	พุทรา	พุทราจีน	ลูกพุทรา
07766173-n	ลิ้นจี่	ลูกลิ้นจี่
07768590-n	พลัมคอต	ลูกพลัมคอต
07769731-n	ผลเงาะ	ลูกเงาะ	เงาะ
07770034-n	ชมพู่	ผลชมพู่	ลูกชมพู่
07770869-n	ลูกหมาก	หมาก
07772147-n	มะม่วมหิมพานต์	เม็ดมะม่วงหิมพานต์
07772788-n	ถั่วเฮเซล	พืชจำพวกถั่ว
07773238-n	มะพร้าว	เนื้อมะพร้าว
07773827-n	ขนมปังดิกา	ขนมปังดิก้า
07775375-n	ปลา	เนื้อปลา
07775905-n	ปลาทะเล	เนื้อปลาทะเล
07776545-n	ปลาน้ำจืด	เนื้อปลาน้ำจืด
07776866-n	ซีฟู้ด	อาหารทะเล
07777189-n	ปลาซีบรีม	ปลาบรีม	เนื้อปลาซีบรีม	เนื้อปลาบรีม
07777358-n	ปลาบรีม	ปลาบรีมน้ำจืด	เนื้อปลาบรีม	เนื้อปลาบรีมน้ำจืด
07777512-n	ปลาเบส	ปลาเบสน้ำจืด	เนื้อปลาเบส	เนื้อปลาเบสน้ำจืด
07777735-n	ปลาเบสปากกว้าง	เนื้อปลาเบสปากกว้าง
07777840-n	ปลาเบสปากแคบ	เนื้อปลาเบสปากแคบ
07777945-n	ปลากระพงขาว	ปลาซีเบส	ปลาเบส	เนื้อปลาซีเบส	เนื้อปลาเบส
07778103-n	ปลาสตริปิดเบส	ปลาสตริเปอร์	เนื้อปลาสตริปิดเบส	เนื้อปลาสตริเปอร์
07778224-n	ปลากรูเปอร์	เนื้อปลากรูเปอร์
07778342-n	ปลาโครเกอร์	เนื้อปลาโครเกอร์
07778494-n	ปลาไวติง	เนื้อปลาไวติง
07778680-n	ปลาไวติง	เนื้อปลาไวติง
07778810-n	ปลาคัสค์	เนื้อปลาคัสต์
07778938-n	ปลาดอลฟินฟิช	ปลามาฮิมาฮิ	เนื้อปลาดอลฟินฟิช	เนื้อปลามาฮิมาฮิ
07779123-n	ปลาคาร์พ	เนื้อปลาคาร์พ
07779263-n	ปลาบัฟฟาโลฟิช	เนื้อปลาบัฟฟาโลฟิช
07779375-n	ปลาไพค์	เนื้อปลาไพค์
07779535-n	ปลามัสเกลลันจ์	เนื้อปลามัสเกลลันจ์
07779664-n	ปลาพิคคาเรล	เนื้อปลาพิคคาเรล
07779747-n	ปลามองค์ฟิช	เนื้อปลามองค์ฟิช
07779895-n	ปลาซัคเกอร์	เนื้อปลาซัคเกอร์
07780038-n	ปลามัดแคช	ปลาแคตฟิช	เนื้อปลามัดแคช	เนื้อปลาแคตฟิช
07780173-n	ปลาเพิร์ช	เนื้อปลาเพิร์ช
07780307-n	ปลาซันฟิช	เนื้อปลาซันฟิช
07780486-n	ปลาเครปปี	เนื้อปลาเครปปี
07780627-n	ทูน่า	ปลาทู	ปลาทูน่า	เนื้อปลาทู	เนื้อปลาทูน่า
07780874-n	ปลาอัลบาคอร์	เนื้อปลาอัลบาคอร์
07781022-n	ปลาโบนิโต	เนื้อปลาโบนิโต
07781207-n	ปลาบลูฟิน	ปลาบลูฟินทูน่า	เนื้อปลาบลูฟิน	เนื้อปลาบลูฟินทูน่า
07781319-n	ปลาแมคเคอเรล	เนื้อปลาแมคเคอเรล
07781497-n	ปลาสเปนิชแมคเคอเรล	เนื้อปลาสเปนิชแมคเคอเรล
07781689-n	ปลาปอมปาโน	เนื้อปลาปอมปาโน
07781801-n	ปลาหมึก	หมึก	เนื้อปลาหมึก
07781972-n	ปลาปักเป้า	เนื้อปลาปักเป้า
07782204-n	ปลาฟุกุ	เนื้อปลาฟุกุ
07782365-n	ปลาหมึกยักษ์	หมึกยักษ์	เนื้อปลาหมึกยักษ์
07782475-n	หอยทาก	เนื้อหอยทาก
07782668-n	หอยทากวิงเคิล	หอยทากเปอริวิงเคิล
07782939-n	ปลาแพนฟิช	เนื้อปลาแพนฟิช
07783102-n	ปลาสต็อค	ปลาแห้งไม่ใส่เกลือ	เนื้อปลาสต็อค
07783210-n	สัตว์น้ำจำพวกมีเปลือก	สัตว์น้ำที่มีเปลือก
07783667-n	ปลากะตัก	ปลาแองโชวี่	แองโชวี่
07783967-n	ปลาไหล	เนื้อปลาไหล
07784367-n	ปลากระบอก	ปลากระบอกเทา	เนื้อปลากระบอก	เนื้อปลากระบอกเทา
07784522-n	ปลาเฮอร์ริ่ง	เนื้อปลาเฮอร์ริ่ง
07784810-n	ปลาคิงฟิช	เนื้อปลาคิงฟิช
07784991-n	ปลาลิงคอด	เนื้อปลาลิงคอด
07785138-n	ปลาเฮอร์ริ่งเค็มรมควัน	เนื้อปลาเฮอร์ริ่งเค็มรมควัน
07785631-n	ปลาเอลไวฟ์	เนื้อปลาเอลไวฟ์
07785783-n	ปลาบลูฟิช	เนื้อปลาบลูฟิช
07785887-n	ปลาสเวิร์ดฟิช	เนื้อปลาสเวิร์ดฟิช
07786005-n	ปลาบัตเตอร์ฟิช	เนื้อปลาบัตเตอร์ฟิช
07786484-n	บลูพอยต์	หอยนางรมบลูพอยต์
07787715-n	ปู	เนื้อปู
07788435-n	ปูยักษ์อลาสก้า	ปูอลาสก้า
07789063-n	ปลาคอด	เนื้อปลาคอด
07789240-n	ปลาโพลล็อค	ปลาโพลเล็ค	เนื้อปลาโพลล็อค	เนื้อปลาโพลเล็ค
07789382-n	ปลาสคร็อด	เนื้อปลาสคร็อด
07789541-n	ปลาแฮดด็อค	เนื้อปลาแฮดด็อค
07789745-n	ปลาฟินแนน	ปลาฟินแนนแฮดด็อค	ปลาแฮดด็อครมควัน	เนื้อปลาฟินแนน	เนื้อปลาฟินแนนแฮดด็อค	เนื้อปลาแฮดด็อครมควัน
07789911-n	ปลาคอดเค็ม	เนื้อปลาคอดเค็ม
07790081-n	ปลาพอร์กี้	เนื้อปลาพอร์กี้
07790246-n	ปลาสคัป	เนื้อปลาสคัป
07790400-n	ปลาแฟลตฟิช	เนื้อปลาแฟลตฟิช
07790601-n	ปลาฟลาวเดอร์	เนื้อปลาฟลาวเดอร์
07790800-n	ปลาเยลโลว์ฟลาวเดอร์	เนื้อปลาเยลโลว์ฟลาวเดอร์
07790935-n	ปลาเพลซ	เนื้อปลาเพลซ
07791039-n	ปลาเทอร์บอต	เนื้อปลาเทอร์บอต
07791145-n	ปลาแซนด์แดบ	เนื้อปลาแซนด์แดบ
07791274-n	ปลาโซล	เนื้อปลาโซล
07791434-n	ปลาเกรย์โซล	เนื้อปลาเกรย์โซล
07791535-n	ปลาอิงลิชโซล	ปลาเลมอนโซล	เนื้อปลาอิงลิชโซล	เนื้อปลาเลมอนโซล
07791663-n	ปลาวินเตอร์ฟลาวเดอร์	ปลาเลมอนโซล	เนื้อปลาวินเตอร์ฟลาวเดอร์	เนื้อปลาเลมอนโซล
07791808-n	ปลาฮาลิบัต	เนื้อปลาฮาลิบัต
07792027-n	ปลาเฮค	เนื้อปลาเฮค
07792383-n	ปลาเซลฟิช	เนื้อปลาเซลฟิช
07792470-n	ปลาวีคฟิช	เนื้อปลาวีคฟิช
07792725-n	กุ้งล็อบสเตอร์	ล็อบสเตอร์
07793260-n	กุ้งร็อกล็อบสเตอร์	กุ้งสไปนีล็อบเตอร์
07794063-n	ปลาซาร์ดีน	ปลาพิลเชิร์ด	เนื้อปลาซาร์ดีน	เนื้อปลาพิลเชิร์ด
07794452-n	ปลาเทราต์	เนื้อปลาเทราต์
07794605-n	ปลาเรนโบว์เทราต์	เนื้อปลาเรนโบว์เทราต์
07794744-n	ปลาซีเทราต์	ปลาแซลมอนซีเทราต์	เนื้อปลาซีเทราต์	เนื้อปลาแซลมอนซีเทราต์
07794893-n	ปลาบรูคเทราต์	ปลาเทราต์ลำธาร	เนื้อปลาบรูคเทราต์	เนื้อปลาเทราต์ลำธาร
07795019-n	ปลาเทราต์ทะเลสาบ	ปลาเลคเทราต์	เนื้อปลาเทราต์ทะเลสาบ	เนื้อปลาเลคเทราต์
07795133-n	ปลาไวต์ฟิช	เนื้อปลาไวต์ฟิช
07795459-n	ปลาซิสโก้	ปลาเลคเฮอร์ริ่ง	ปลาเฮอร์ริ่งทะเลสาบ	เนื้อปลาซิสโก้	เนื้อปลาเลคเฮอร์ริ่ง	เนื้อปลาเฮอร์ริ่งทะเลสาบ
07795598-n	ปลาร็อกเซลมอน	เนื้อปลาร็อกเซลมอน
07795751-n	ปลาแซลมอน	เนื้อปลาแซลมอน	แซลมอน
07796005-n	ปลาแอตแลนติกแซลมอน	เนื้อปลาแอตแลนติกแซลมอน
07796165-n	ปลาซ็อกอาย	ปลาเรดแซลมอน	เนื้อปลาซ็อกอาย	เนื้อปลาเรดแซลมอน
07796321-n	ปลาคิงแซลมอน	ปลาชินุก	เนื้อปลาคิงแซลมอน	เนื้อปลาชินุก
07796468-n	ปลาซิลเวอร์แซลมอน	เนื้อปลาซิลเวอร์แซลมอน
07796649-n	ปลาแซลมอนรมควัน	เนื้อปลาแซลมอนรมควัน	แซลมอนรมควัน
07796970-n	โนวาล็อกซ์	โนวาสโกเทียล็อกซ์	โนวาสโกเทียแซลมอน	โนวาแซลมอน
07797189-n	ปลาสเน็ปเปอร์	เนื้อปลาสเน็ปเปอร์
07797357-n	ปลาเรดสเน็ปเปอร์	เนื้อปลาเรดสเน็ปเปอร์
07797518-n	ปลาเรดร็อกฟิช	เนื้อปลาเรดร็อกฟิช
07797641-n	หอยพัด	หอยสกัลลอป	หอยเชลล์
07798147-n	ปลาแซลมอนเค็มรมควัน	เนื้อปลาแซลมอนเค็มรมควัน	แซลมอนเค็มรมควัน
07798357-n	ปลาเชด	เนื้อปลาเชด
07798554-n	ปลาสเมลต์	เนื้อปลาสเมลต์
07798872-n	ปลายูโรเปียนสเมลต์	ปลาสปาร์ลิ่ง
07799132-n	ปลาไวต์เบต	เนื้อปลาไวต์เบต
07800004-n	ปลาแมคเคอเรลรมควัน	เนื้อปลาแมคเคอเรลรมควัน	เนื้อแมคเคอเรลรมควัน	แมคเคอเรลรมควัน
07801091-n	หญ้า	หญ้าเลี้ยงสัตว์
07805006-n	อาหารสุกร	อาหารหมู
07805731-n	อาหารสัตว์ฺ	อาหารสัตว์เลี้ยง
07808587-n	สลักกะหล่ำปลี	สลัดกะหล่ำปลี
07809096-n	ส่วนประกอบ	ส่วนประกอบอาหาร	ส่วนผสม	ส่วนผสมอาหาร
07809368-n	สารปรุงแต่ง	สารปรุงแต่งอาหาร	เครื่องปรุง	เครื่องปรุงรส
07812497-n	น้ำมันสาระแหน่	น้ำมันเปปเปอร์มินต์
07813107-n	เกลือ	เกลือแกง
07813833-n	ผงพะโล้	เครื่องพะโล้
07814634-n	คิวมิน	ยี่หร่า	เทียนขาว	เมล็ดคิวมิน
07817871-n	ผักเฟนเนล	เฟนเนล
07818995-n	มาร์โ่จแรม	ใบมาร์โ่จแรม
07819166-n	มินท์	ใบมินท์
07820497-n	เครื่องเทศอย่างหนึ่ง	เซก
07822323-n	กระวาน	ลูกกระวาน
07822687-n	ผงพริก	พริกป่น	พริกผง
07824268-n	ซอยฮอยซิน	ซอสฮอยซิน
07824702-n	ปาปริกา	พริกป่นแดง
07825972-n	ซอสถั่วเหลือง	ซีอิ้ว	ซีอิ้วขาว
07827410-n	งา	เมล็ดงา
07828378-n	ผงชูรส	โมโนโซเดียมกลูตาเมต
07828807-n	วานิลลา	วานิลลาสกัด
07828987-n	น้ำส้ม	น้ำส้มสายชู
07831450-n	ซอสทาร์ทาร์	ทาร์ทาร์ซอส
07832902-n	น้ำสลัด	เดรสซิ่ง
07834872-n	น้ำสลัดมายองเนสรัสเซีย	มายองเนสรัสเซีย
07837362-n	ซอสขาว	ไวท์ซอส
07837545-n	ครีมซอส	ซอสครีม
07838233-n	ซอสพาสต้า	ซอสสปาเกตตี้
07839312-n	ซอสพริกไทย	เปปเปอร์ซอส
07841495-n	ไข่ต้ม	ไข่ลวก
07844042-n	นม	น้ำนม
07845335-n	นมวัว	นมโค
07845571-n	นมอะซิโดฟิลัส	นมเปรี้ยวแอซิโดฟิลัส
07845702-n	นมดิบ	น้ำนมดิบ
07846471-n	นมข้น	นมข้นหวาน
07852229-n	ชีสสติลตัน	สติลตัน
07852302-n	ชีสรอคฟอร์ต	รอคฟอร์ต
07852919-n	อเมริกันชีส	เชดดาร์ชีส	เนยแข็ง	เนยแข็งอเมริกัน
07854184-n	มอซซาเรลลา	มอสซาเรลล่าชีส
07854813-n	สวิสชีส	เนยแข็งสวิส
07855510-n	พีนัทบัตเตอร์	เนยถั่ว
07855603-n	ครีมมาร์ชเมลโลว์	มาร์ชเมลโลว์
07856270-n	อาหารที่ใช้ทา	อาหารที่ใช้ทาขนมปัง
07857731-n	ฮัมมุส	ฮูมุส
07857959-n	ปาเต	ปาเต้
07858197-n	ตับห่าน	ฟัวกราส์
07859284-n	น้ำตาล	น้ำตาลทราย
07859583-n	น้ำเชื่อม	ไซรัป
07865196-n	จ็อบซุย	ผัดผักรวม
07865484-n	บะหมี่ผัด	ผัดหมี่
07868508-n	ฟริตตาต้า	ไข่เจียวอิตาเลียน
07869611-n	จัมบาลายา	จัมบาลาย่า
07871234-n	มะกะโรนีและชีส	มักกะโรนีชีส	มักกะโรนีและชีส
07873057-n	เนื้อเยื่อไขกระดูก	ไขกระดูก
07873464-n	ข้าวผัดทรงเครื่อง	พิลาฟ
07875436-n	ข้าวอิตาเลียน	ริซอตโต้
07877849-n	สเต็กพริกไทยดำ	เปปเปอร์สเต็ก
07878145-n	บีฟสโตรกานอฟ	สโตรกานอฟเนื้อ
07878785-n	มะเขือเทศยัดไส้	มะเขือเทศยัดไส้ร้อน
07878926-n	มะเขือเทศยัดไส้	มะเขือเทศยัดไส้เย็น
07879174-n	สุกียากี้	สุกี้
07880968-n	เบอร์ริโต	เบอร์ริโต้
07881625-n	ถั่วบด	รีฟรายด์บีน
07883980-n	เบียร์สด	เหล้า
07884567-n	น้ำเมา	เครื่องดองของเมา	เครื่องดื่มที่มีส่วนผสมของแอลกฮอล์ล	เครื่องดื่มที่มีแอลกอฮอล์	เครื่องดื่มแอลกอฮอล์	เหล้า	แอลกอฮอล์
07886317-n	คาวา	คาวาคาวา
07887099-n	ดราฟต์เบียร์	เบียร์สด
07887461-n	บ็อคเบียร์	เบียร์เข้มข้น
07887634-n	เบียร์ลาเกอร์	เบียร์อ่อน
07888058-n	เบียร์งานเทศกาล	เบียร์เทศกาล
07888229-n	พิลส์เนอร์	เบียร์พิลส์เนอร์
07888378-n	ร้านเหล้าที่ไม่มีใบอนุญาต	ร้านเหล้าผิดกฎหมาย
07890352-n	สเตาท์	สเตาท์เบียร์
07891433-n	สาเก	เหล้าสาเก
07893642-n	แชมเปญ	แชมเปน
07893891-n	ไวน์เบอกันดี	ไวน์เบอร์กันดี
07894551-n	ไวน์ขาวเบอร์กันดี	ไวน์ชาบลีส์
07894799-n	ไวน์ชาร์ดอเน	ไวน์ปีนอตชาร์ดอเน
07895435-n	ไวน์ชนิดคลาเร็ท	ไวน์แดงบอร์โดซ์
07896765-n	เหล้าองุ่นขาว	ไวน์โมเซล
07897438-n	เรซลิง	ไวน์เรซลิง
07897600-n	ลิบฟรอยมิลค์	ไวน์ลิบฟรอยมิลค์
07898117-n	แซงต์เอมิลิยง	ไวน์แซงต์เอมิลิยง
07898443-n	เหล้าองุ่นขาว	โซแตร์น
07899108-n	เวอร์มุท	ไวท์ขาว
07900406-n	ฟอร์ติไฟด์ไวน์	ไวน์ผสมบรั่นดี
07900616-n	มาเดรา	ไวน์มาเดรา
07900825-n	ไวนพอร์ต	ไวน์พอร์ต
07900958-n	เหล้าองุ่น	เหล้าเชอร์รี่
07901176-n	มันซานิลลา	เหล้ามันซานิลลา
07901587-n	น้ำจัณฑ์	สุรา	สุราเมรัย	เครื่องดื่มสีอัมพัน	เหล้า
07902336-n	อควาไวเต้	เหล้าอควาไวเต้
07902443-n	เหล้าเออเดอวี	เออเดอวี
07902799-n	อะควาวิต	เหล้าอะควาวิต
07903643-n	คาลวาโดส	บรั่นดีคาลวาโดส
07903731-n	อาร์มายัค	เหล้าอาร์มายัค
07903962-n	เกรปป้า	เหล้าเกรปป้า
07904395-n	ยิน	เหล้ายิน
07904865-n	กร็อก	เหล้ากร็อก
07904934-n	อูโซ่	เหล้าอูโซ่
07905038-n	รัม	เหล้ารัม
07905296-n	เดเมอรารา	เดเมอรารารัม
07905474-n	ชแนปส์	เหล้าชแนปส์
07905770-n	เมสคอล	เหล้าเมสคอล
07905979-n	เตกีลา	เหล้าเตกีลา
07906111-n	วอดก้า	เหล้าวอดก้า
07906284-n	วิสกี้	เหล้าวิสกี้
07906877-n	วิสกีข้าวโพด	วิสกี้ข้าวโพด
07907548-n	วิสกี	วิสกี้	สกอตช์วิสกี	สกอตต์วิสกี	สก็อตวิสกี้
07908411-n	เหล้าแอบซินท์	แอบซินท์
07908567-n	อะมาเร็ตโต้	เหล้าอะมาเร็ตโต้
07908812-n	เบเนดิคไทน์	เหล้าเบเนดิคไทน์
07908923-n	ชาร์สตรูเช่	เหล้าชาร์สตรูเช่
07909593-n	ดรัมบุย	เหล้าดรัมบุย
07909714-n	กัลเลียโน	เหล้ากัลเลียโน
07909954-n	คูราเซา	เหล้าคูราเซา
07910048-n	ทริเปิ้ลเซค	เหล้าทริเปิ้ลเซค
07910152-n	เหล้าแกรนด์มาเนีย	แกรนด์มาเนีย
07910245-n	คุมเมล	เหล้าคุมเมล
07910379-n	มาราสชิโน	เหล้ามาราสชิโน
07910538-n	พาสติส	เหล้าพาสติส
07910656-n	เพอร์นอด	เหล้าเพอร์นอด
07910970-n	คาลัวร์	เหล้ากาแฟ	เหล้าคาห์ลัว
07911249-n	ซัมบูก้า	เหล้าซัมบูก้า
07913300-n	บิชอพ	ไวน์ที่มีส่วนผสมของส้มและกานพลู
07915491-n	จูเลป	มิ้นจูเลป
07919665-n	ถ้วยกาแฟ	ถ้วยกาแฟเอสเพรสโซ
07920052-n	กาแฟเอสเปรสโซ	เอสเปรสโซ
07920222-n	กาแฟลาเต้	ลาเต้
07920349-n	กาแฟคาปูชิโน	คาปูชิโน
07920872-n	กาแฟมอคค่า	มอคค่า
07921360-n	นมช็อคโกแลต	นมรสช็อคโกแลต
07922512-n	เหล้าคุณภาพต่ำ	เหล้าราคาถูก
07924033-n	น้ำผลไม้	น้ำผลไม้คั้นสด
07924834-n	น้ำส้ม	น้ำส้มคั้น
07925966-n	เครื่องดื่มผสมน้ำผลไม้	เครื่องดื่มรสผลไม้
07926250-n	เครื่องดื่มผสมเลมอน	เครื่องดื่มรสเลมอน
07926442-n	ออเรนเจด	เครื่องดื่มผสมน้ำส้ม	เครื่องดื่มรสส้ม
07927512-n	น้ำขวด	น้ำอัดลม	โซดา
07927931-n	เครื่องดื่มโคลา	โคล่า	โดป
07928696-n	โคล่า	โค้ก
07928790-n	เป๊ปซี่	แป็ปซี่
07929519-n	กาแฟ	คอฟฟี่
07933274-n	ชา	ที	น้ำชา
07933799-n	ชาหนึ่งจอก	ชาหนึ่งถ้วย	น้ำชาหนึ่งจอก	น้ำชาหนึ่งถ้วย
07934282-n	ชาดำเย็น	ชาเย็น	ไอซ์ที
07934908-n	ชาออเรนจ์เปโก	ชาเปโก
07935737-n	น้ำ	น้ำดื่มบรรจุขวด	น้ำบรรจุขวด
07936177-n	น้ำก็อก	น้ำประปา
07936263-n	น้ำ	น้ำดื่ม	น้ำเปล่า
07936548-n	น้ำอัดลม	โซดา
07936745-n	น้ำแร่	น้ำแร่ธรรมชาติ
07939880-n	การแบ่งเป็นสองกลุ่ม	ทวิวิภาค
07940448-n	คิงดอม	อาณาจักร
07940552-n	คิงดอม	อาณาจักร
07942152-n	กลุ่มคน	ประชาชน	ปวงชน	ผู้คน	มวลชน	มหาชน
07943480-n	กลุ่มอายุ	คนร่วมกลุ่มอายุ
07943646-n	คนยุคโบราณ	คนสมัยโบราณ	คนโบราณ
07943870-n	กลุ่มผู้สูงวัย	กลุ่มผู้สูงอายุ	ผู้สูงอายุ
07944408-n	กลุ่มคนตาบอด	คนตาบอด	ผู้พิการทางสายตา	ผู้มีดวงตาพิการ
07944754-n	กลุ่มผู้กล้า	นักรบ	ผู้กล้า	ผู้กล้าหาญ	วีรชน
07944900-n	กลุ่มคนขลาด	คนขลาด	คนขี้กลัว
07945077-n	กลุ่มนักธุรกิจ	กลุ่มพ่อค้านักธุรกิจ	นักธุรกิจ
07945236-n	คนชนบท	คนต่างจังหวัด	คนบ้านนอก	ชาวบ้าน
07945369-n	คนในประเทศ	ประชาชนในประเทศ
07945657-n	กลุ่มผู้เสียชีวิต	ผู้เสียชีวิต
07945818-n	ผู้ที่มีชีวิต	ผู้ที่ยังอยู่
07945949-n	กลุ่มคนหูหนวก	คนหูหนวก	ผู้พิการทางหู
07946135-n	ผู้ปราชัย	ผู้แพ้
07946288-n	คนพิการ	ผู้ทุพพลภาพ	ผู้พิการ
07946516-n	คนขาพิการ	ผู้พิการทางขา	ผู้มีขาพิการ
07946851-n	ฝ่ายตรงข้าม	ศัตรู
07947675-n	ผู้ดี	ผู้ดีมีตระกูล
07947789-n	คนรากหญ้า	ชาวรากหญ้า	รากหญ้า
07948183-n	กลุ่มผู้ถูกกักบริเวณ	ผู้ถูกกักบริเวณ
07948314-n	กลุ่มคนไร้บ้าน	คนไม่มีบ้าน	คนไร้ที่พักพิง	คนไร้บ้าน
07950418-n	กลุ่มคนไข้	กลุ่มผู้ป่วย
07950592-n	กลุ่มผู้ถูกสังหาร	ผู้ถูกสังหาร
07950786-n	กลุ่มผู้บาดเจ็บ	กลุ่มผู้ได้รับบาดเจ็บ	คนเจ็บ	ผู้บาดเจ็บ	ผู้ได้รับบาดเจ็บ
07950920-n	กลุ่มทางสังคม	กลุ่มสังคม
07951464-n	การรวมกัน	ของที่สะสม	คอลเลคชั่น	ชุด	สิ่งที่รวมไว้
07954211-n	ประมวลกฏเกณฑ์	หนังสือกฏระเบียบ
07954576-n	คอลเลคชั่นขวดสะสม	ชุดขวดสะสม
07954863-n	คอลเลคชั่นเหรียญสะสม	ชุดเหรียญสะสม
07955455-n	คอร์ปัส	ชุดงานเขียน
07956552-n	ชุดจาน	ชุดจานบันทึก
07956721-n	สำรับไพ่	ไพ่หนึ่งสำรับ
07958642-n	คอลเลคชั่นแสตป์	ชุดแสตมป์
07961016-n	กลุ่มก้อน	ก้อน	ก้อนดิน
07962295-n	กองปุ๋ยคอก	กองมูลสัตว์
07963208-n	กองฟาง	กองหญ้าแห้ง
07963613-n	กองฟืน	กองไม้	กองไม้ฟืน
07965085-n	กลุ่ม	หมู่	เหล่า
07966421-n	กลุ่มผู้ลี้ภัย	กลุ่มผู้อพยพ
07966719-n	ภาคส่วน	เซ็กเตอร์
07967382-n	กลุ่มชาติพันธุ์	ชาติพันธุ์
07967982-n	กลุ่มเชื้อชาติ	เชื้อชาติ
07970721-n	ตระกูล	วงศ์ตระกูล	วงศ์วาน	วงศ์วานว่านเครือ
07971141-n	ญาติพี่น้อง	พี่น้อง
07971449-n	ราชตระกูล	ราชสกุล
07972279-n	นามสกุล	สกุล
07973241-n	กลุ่มผู้อยู่อาศัยในตึกที่พัก	กลุ่มผู้อยู่อาศัยในอาคาร
07973782-n	ครอบครัวบุญธรรม	ครอบครัวอุปถัมภ์
07974025-n	ชนชั้น	ชนชั้นทางสังคม	ชนชั้นทางเศรษฐกิจและสังคม
07975026-n	กลุ่มคน	การรวมตัว	ฝูงชน
07978423-n	ประมวลเรื่องปรัมปรา	รวมนิทานคติชน
07978924-n	เทพนิยายคลาสสิก	เทพปกรณัมคลาสสิก
07979425-n	เทพนิยายกรีก	เทพปกรณัมกรีก
07983170-n	เทพนิยายโรมัน	เทพปกรณัมโรมัน
07983856-n	เทพนิยายนอร์ส	เทพปกรณัมนอร์ส
07985135-n	เซตที่มีสมาชิกเดียว	เซตที่มีหนึ่งสมาชิก
07986066-n	กลุ่มสามคน	คณะสามคน	ทรีโอ
07987380-n	กลุ่มสี่คน	คณะสี่คน
07987580-n	กลุ่มห้าคน	คณะห้าคน
07987689-n	กลุ่มหกคน	คณะหกคน
07987794-n	กลุ่มเจ็ดคน	คณะเจ็ดคน
07987903-n	กลุ่มแปดคน	คณะแปดคน
07988857-n	คู่ชีวิต	คู่ผัวตัวเมีย	คู่สามีภรรยา	ผัวเมีย
07989220-n	คู่สามีภรรยาที่ไม่มีบุตร	สามีภรรยาที่ไม่มีบุตร
07989373-n	คู่สมรส	คู่แต่งงาน
07989973-n	คู่เกย์	คู่ไม้ป่าเดียวกัน
07990956-n	ฝูงนก	หมู่นก
07991364-n	คริสตบริษัท	ผู้เคร่งศาสนา
07993109-n	ชีวชาติ	ชีววิทยา
07993929-n	กลุ่มสัตว์	ฝูงสัตว์
07994752-n	ฝูงปลาวาฬ	ฝูงวาฬ
07994941-n	ฝูงสัตว์นักล่า	ฝูงสัตว์ล่าเหยื่อ
07996149-n	ฝูง	ฝูงห่าน
07996689-n	ชุด	เซต
07997703-n	คลาส	ประเภท
07998323-n	ประเภทไวโอลิน	เครื่องดนตรีประเภทไวโอลิน
08001083-n	กลุ่มย่อย	ซับกรุป
08002269-n	บริษัทยานยนต์	บริษัทรถ	บริษัทรถยนต์
08002578-n	บริษัทขายยา	บริษัทยา
08003035-n	บริษัทผลิตสินค้าอิเล็คทรอนิกส์	บริษัทอิเล็คทรอนิกส์	บริษัทอุปกรณ์อิเล็คทรอนิกส์
08003173-n	ค่ายภาพยนตร์	ค่ายหนัง	บริษัทผลิตภาพยนตร์	บริษัทภาพยนตร์	บริษัทหนัง
08003306-n	ค่ายหนังอินดี้	ค่ายหนังอิสระ	บริษัทภาพยนตร์อิสระ
08003427-n	บริษัทผลิตอาหาร	บริษัทอาหาร
08003525-n	บริษัทผลิตเฟอร์นิเจอร์	บริษัทเฟอร์นิเจอร์
08007534-n	ชุดเครื่องเรือน	ชุดเฟอร์นิเจอร์
08008254-n	กำ	กำมือ
08008335-n	องค์กร	องค์การ
08009834-n	กลุ่มเอ็นจีโอ	องค์กรพัฒนาเอกชน	เอ็นจีโอ
08010559-n	กลุ่มกบฏอาบูซายาฟ	กลุ่มก่อการร้ายอาบูซายาฟ
08013845-n	กลุ่มก่อการร้ายอัลกออิดะห์	กลุ่มอัลไคดา	ฐานเครือข่ายกลุ่มอัลเกดา	อัล-ไคดา
08016035-n	กลุ่มอิสลามติดอาวุธ	กองกำลังติดอาวุธอิสลาม	จีไอเอ
08016900-n	กองทัพปลดปล่อยตนเองแห่งระวันดา	องค์กรเอฟเออาร์	องค์กรเอเอลไออาร์
08017614-n	ลัทธิโอมชินริเคียว	โอมชินริเคียว
08022259-n	กลุ่มติดอาวุธฮามาส	กลุ่มหัวรุนแรงฮามาส	กลุ่มฮามาส
08024732-n	ขบวนการกองทัพกู้ชาติไอริช	ขบวนการไออาร์เอ	ไออาร์เอ
08026197-n	กองทัพแห่งโมฮัมเหม็ด	เจอีเอ็ม
08026904-n	กองทัพแดงญี่ปุ่น	เจอาร์เอ
08030185-n	กลุ่มกบฏคอนทรา	กลุ่มคอนทรา
08035601-n	กองกำลังปลดปล่อยแห่งชาติ	อีเอลเอ็น
08036293-n	กองทัพประชาชนใหม่	เอ็นพีเอ
08037118-n	กลุ่มปาเลสไตน์อิสลามิคจิฮัด	พีไอเจ
08047747-n	สภากาชาดสากล	องค์การกาชาดสากล
08050484-n	ควอนโก	องค์การอิสระกึ่งราชการ
08050678-n	รบ.	รัฐบาล
08053407-n	รัฐบาลสหภาพโซเวียต	รัฐบาลโซเวียต
08054721-n	สถาบันการเงิน	ไฟแนนซ์
08056231-n	บรรษัท	บริษัท
08056471-n	บริษัทยักษ์ใหญ่	ยักษ์ใหญ่
08058098-n	บรรษัท	บริษัท
08059412-n	บรรษัท	บริษัท
08059870-n	บริษัท	ห้างหุ้นส่วนจำกัด
08060193-n	ตัวแทนจำหน่าย	ธุรกิจแฟรนไชส์
08061042-n	กิจการ	ธุรกิจ	องค์กรธุรกิจ
08062464-n	บริษัทคอนเซาต์	บริษัทที่ปรึกษา
08063129-n	กระจอกข่าว	กลุ่มผู้สื่อข่าว
08063446-n	ตัวแทนจำหน่าย	บริษัท
08066317-n	อุตสาหกรรมเครื่องนุ่งห่ม	อุตสาหกรรมเสื้อผ้าและเครื่องนุ่งห่ม
08066491-n	ระบบธนาคาร	อุตสาหกรรมธนาคาร
08068924-n	บริษัทผลิตอาวุธสงคราม	บริษัทผลิตอาวุูธ
08069050-n	ธุรกิจน้ำมัน	อุตสาหกรรมการกลั่น	อุตสาหกรรมน้ำมัน
08070465-n	บริษัทประกันชีวิต	บริษัทประกันภัย
08071229-n	กองทุนรวมป้องกันความเสี่ยง	ทุนประกันความเสี่ยง	เฮดจ์ฟันด์
08075009-n	อุตสาหกรรมของเด็กเล่น	อุตสาหกรรมของเล่น
08075847-n	องค์กรขนาดใหญ่	องค์การ
08077842-n	แผนกซีซียู	แผนกโรคหัวใจ
08078020-n	ครอบครัว	ที่บ้าน	บ้าน
08080947-n	หน่วย	หน่วยตำรวจ
08081244-n	ทีมบุก	ฝ่ายบุก
08081403-n	ทีมป้องกัน	ฝ่ายรับ
08094013-n	ศาสนายิว	ศาสนายูดาย
08094659-n	กลุ่มยิวออร์โธดอกซ์	ยิวออร์โธดอกซ์
08096474-n	นิกายสุนหนี่	ศาสนาอิสลามนิกายสุนหนี่
08097391-n	นิกายไวษณพ	ไวษณพนิกาย
08098708-n	พระพุทธศาสนา	พุทธศาสนา	ศาสนาพุทธ
08099029-n	นิกายเซน	พุทธศาสนานิกายเซน	เซน
08099264-n	นิกายมหายาน	มหายาน
08099475-n	นิกายหีนยาน	นิกายเถรวาท
08101937-n	กำพืด	ผู้สืบสกุล	สายตระกูล	สายเลือด	เชื้อสาย	เทือกเถาเหล่ากอ
08102555-n	ส่วน	ไฟลัม
08111783-n	สังคมอารยะ	อารยะ
08114861-n	ฝ่าย	ภาค	แผนก
08119226-n	ฝ่ายอาคารสถานที่	แผนกอาคารสถานที่
08121394-n	กองดับเพลิง	หน่วยดับเพลิง	หน่วยผจญเพลิง
08124256-n	องค์การอาหารและยา	เอฟดีเอ
08124971-n	ซีไอเอ	สำนักข่าวกรองกลางของสหรัฐ
08126290-n	นาซา	องค์การนาซา	องค์การบริหารการบินและอวกาศแห่งชาติ
08136260-n	สำนักงานสอบสวนกลางแห่งสหรัฐอเมริกา	เอฟบีไอ
08145553-n	ที่ทำการไปรษณีย์	ที่ทำการไปรษณีย์ท้องถิ่น	ไปรษณีย์	ไปรษณีย์ท้องถิ่น
08146410-n	แผนกดูแลพิเศษทารกแรกเกิด	แผนกเอ็นไอซียู
08146593-n	แผนกฉุกเฉิน	แผนกไอซียู
08149781-n	นิกาย	ลัทธิ
08153102-n	คฤหัสถ์	ฆราวาส
08153437-n	พระบรมวงศานุวงศ์	ราชนิกุล
08156685-n	ราชวงศ์อองชู	ราชวงศ์แพลนทาเจเน็ท
08157182-n	ราชวงศ์จิ้น	ราชวงศ์ฉิน
08157405-n	ราชวงศ์ชิง	ราชวงศ์แมนจู
08160146-n	ราชวงศ์มองโกล	ราชวงศ์หยวน
08160276-n	กลุ่มพลเมือง	ปชช.	ประชาชน	พลเมือง
08166187-n	คณะตุลาการ	คณะผู้พิพากษา
08166552-n	คนในชาติ	คนในประเทศ	ประชาชนพลเมือง	ประชาชนในประเทศ	พลเมือง
08168367-n	ต่างประเทศ	ต่างแดน	เมืองนอก
08168978-n	ชาติ	ประเทศ	ประเทศชาติ	รัฐ	รัฐชาติ
08171094-n	กลุ่มประเทศ	สันนิบาต
08172103-n	กลุ่มสันนิบาตอาหรับ	สันนิบาตอาหรับ	องค์การสันนิบาตอาหรับ
08173515-n	ประชาคมเศรษฐกิจยุโรป	ยุโรป	สหภาพยุโรป	อียู
08174398-n	นาโต้	องค์การสนธิสัญญาป้องกันแอตแลนติกเหนือ
08177030-n	กลุ่มโอเปค	องค์การของกลุ่มประเทศผู้ส่งน้ำมันเป็นสินค้าออก	โอเปค
08177487-n	ชาติมหาอำนาจทางทะเล	ประเทศมหาอำนาจทางทะเล	มหาอำนาจทางทะเล
08177592-n	ชาติมหาอำนาจ	ประเทศมหาอำนาจ	มหาอำนาจ
08179205-n	คนจน	คนยากคนจน	คนยากจน	คนยากไร้
08179455-n	กลุ่มคนรวย	กลุ่มผู้มั่งคั่ง	คนมีเงิน	คนรวย	ผู้มั่งคั่ง	เศรษฐี
08180190-n	คนทั่วไป	คนธรรมดาทั่วไป	คนสามัญ	ประชาชน	ประชาชี	สามัญชน
08180639-n	กรรมาชีพ	ชนชั้นกรรมาชีพ
08181658-n	กระฎุมพี	ชนชั้นกระฎุมพี	ชนชั้นกลาง
08181930-n	กลุ่มคนสามัญ	คนทั่วไป	คนธรรมดาสามัญ	สามัญชน
08182105-n	กระกฎุมพีน้อย	ชนชั้นกระฎุมพีน้อย
08183398-n	ฝูงชน	ฝูงชนที่เนื่องแน่น
08183541-n	การจราจรคับคั่ง	การจราจรติดขัด
08184335-n	ฝูง	โขยง
08185211-n	ห.จ.ก.	หจก.	ห้างหุ้นส่วนจำกัด
08187033-n	คณะ	คณะนักแสดง	คณะละคร
08187460-n	คณะละคร	คณะละครเวที	คณะละคอน
08187837-n	คณะนักร้องประสานเสียง	คอรัส	วงขับร้องประสานเสียง
08188449-n	กลุ่มนักร้องประสานเสียง	นักร้องประสานเสียง
08188638-n	คณะนักร้อง	นักร้องประสานเสียง
08190482-n	กองกำลังข้าศึก	กองกำลังฝ่ายตรงข้าม	กองทัพ	กองทัพฝ่ายตรงข้าม	กองทัพศัตรู
08191230-n	กองทัพบก	ทัพบก
08191532-n	กองทัพเรือ	หน่วยกองทัพเรือ
08191701-n	กองทัพเรือ	ทัพเรือ
08191987-n	กองทัพเรือสหรัฐอเมริกา	กองทัพเื่รือสหรัฐอเมริกา
08195323-n	สันนิบาตชาติ	องค์การสันนิบาตชาติ
08196024-n	กองทัพอากาศ	ทัพอากาศ
08198137-n	กองทัพ	เหล่าทัพ
08198398-n	กองกำลัง	กองกำลังทหาร	กองทัพ
08208016-n	กลุ่มผู้ปฏิบัติงาน	กลุ่มผู้ปฏิบัติหน้าที่
08208560-n	ทีม	หน่วย
08209519-n	ตัวสำรอง	ผู้เล่นสำรอง
08209687-n	กองกำลังตำรวจ	กำลังตำรวจ
08211290-n	สห.	สารวัตรทหาร
08212347-n	กำลังคน	แรงงาน
08212527-n	กองทหาร	กองทัพ
08213424-n	หน่วยปฏิบัติการรบพิเศษ	หน่วยปฏิบัติการรบพิเศษของสหรัฐ
08214470-n	พลาทูน	หมวดทหาร
08215801-n	คณะผู้คุ้มกัน	องครักษ์
08218592-n	คนทำงานกะกลางวัน	คนทำงานกะเช้า
08218832-n	คนทำงานกะกลางคืน	คนทำงานกะดึก
08221348-n	ดิวิชัน	ส่วน
08221897-n	คนดู	ผู้ชม
08222203-n	ผู้ชมการแข่งขันกอล์ฟ	ผู้ชมการแข่งขันเทนนิส
08222293-n	คนดู	ผู้ชม
08222750-n	ทางบ้าน	ผู้ชมทางบ้าน	ผู้ชมโทรทัศน์	ผู้ติดตามรายการ
08223263-n	ผู้ติดตาม	ผู้ติดตามผลงาน	สาวก	เหล่าสาวก
08223581-n	กลุ่มแฟน	แฟนคลับ
08227088-n	กลุ่มสหกรณ์	ร้านสหกรณ์	สหกรณ์
08227214-n	กลุ่ม	คลับ	ชมรม	ชุมนุม	สโมสร
08228538-n	กลุ่มคนรักหนังสือ	ชมรมคนรักหนังสือ
08229467-n	กลุ่มนักศึกษาชาย	ชมรมนักศึกษาชาย
08230219-n	ชมรมคนพายเรือ	ชมรมฝีพาย	ชมรมเรือพาย
08230294-n	กลุ่มออมทรัพย์	ชมรมออมทรัพย์
08230477-n	กลุ่มนักศึกษาหญิง	ชมรมนักศึกษาหญิง
08230785-n	ชมรมเรือยอชต์	สโมสรนักเล่นเรือใบ
08230906-n	กลุ่มยากูซ่า	พวกยากูซ่า	ยากูซ่า
08233056-n	สหภาพ	สหภาพแรงงาน
08236438-n	บริษัทค้าร่วม	สหการ
08236621-n	กลุ่มบริษัท	การร่วมกลุ่มบริษัท
08237863-n	ผู้แสดง	รายชื่อตัวละคร
08238660-n	ชั้น	ปี
08239808-n	ชั้น	ดิวิชัน	ระดับชั้น
08240169-n	กลุ่มคน	วง
08240633-n	กลุ่ม	กลุ่มผลประโยชน์ร่วม	กลุ่มภายใน	หมู่
08241964-n	คณะผู้พิพากษา	คณะเผด็จการทหาร
08242799-n	กลุ่มคนงาน	ทีมงาน
08243340-n	ทีมพนักงานภาคพื้นดิน	ทีมลูกเรือภาคพื้นดิน
08244062-n	พวกอันธพาล	แก็งค์อาชญากร	แก็งค์อาชญากรรม	แก๊งค์	แก๊งค์อันธพาล
08244346-n	รังอาชญากร	รังโจร
08244747-n	กลุ่มวัยรุ่นอันธพาล	กลุ่มเด็กแว้น	แก็งค์กวนเมือง	แก็งค์วัยรุ่น	แก็งค์วัยรุ่นกวนเมือง
08245172-n	กลุ่มผู้มีอิทธิพล	กลุ่มอาชญากร	องค์กรอาชญากรรม
08245425-n	กลุ่มมาเฟีย	มาเฟีย
08245549-n	กลุ่มมาเฟีย	พวกมาเฟีย	มาเฟียซิซิลี	มาเฟียอิตาลี
08245802-n	กลุ่มมาเฟีย	พวกมาเฟีย	มาเฟีย	มาเฟียโคซานอสตรา
08247021-n	นักดนตรีคู่	นักร้องคู่
08247251-n	กลุ่มนักดนตรีสี่คน	กลุ่มนักร้องสี่คน
08247816-n	กลุ่มนักดนตรีหกคน	กลุ่มนักร้องหกคน
08249038-n	วง	แบนด์
08249336-n	วงเครื่องลมทองเหลือง	แตรวง
08249459-n	วงคอนเสิร์ตวาทิต	วงดุริยางค์ทหารบก
08249960-n	วงดนตรี	วงดนตรีสตริง	วงสตริง
08250168-n	บิ๊กแบนด์	วงบิ๊กแบนด์
08250302-n	วงดนตรีแจ๊ส	วงดนตรีแจ๊สเล็กๆ
08250501-n	วงดนตรีร็อก	วงร็อก
08250978-n	กองทัพโกลเด้นฮอร์ด	โกลเด้นฮอร์ด
08252602-n	งานกินเลี้ยง	งานปาร์ตี้	งานเลี้ยง	งานเลี้ยงฉลอง	ปาร์ตี้
08253640-n	งานเลี้ยง	งานเลี้ยงฉลอง
08253815-n	งานเลี้ยงอาหารค่ำ	ดินเนอร์
08255508-n	งานสโมสรสันนิบาต	งานเลี้ยงกลางแจ้ง
08255660-n	งานเลี้ยงสละโสด	งานเลี้ยงอำลาความโสด	ปาร์ตี้สละโสด
08256005-n	ปาร์ตี้ชายล้วน	ปาร์ตี้ผู้ชาย
08256151-n	ปาร์ตี้ผู้หญิง	ปาร์ตี้หญิงล้วน
08256229-n	งานปาร์ตี้ชุดนอน	ปาร์ตี้ชุดนอน
08256735-n	งานเลี้ยงฉลองมงคลสมรส	งานเลี้ยงฉลองสละโสด	งานเลี้ยงแต่งงาน
08256968-n	พรรค	พรรคการเมือง
08260961-n	พรรคกรรมกร	พรรคแรงงาน
08261320-n	พรรคแรงงาน	พรรคแรงงานสหราชอาณาจักร
08267640-n	เมตริกซ์	เมทริกซ์
08268085-n	เมตริกซ์จตุรัส	เมทริกซ์จตุรัส
08271042-n	กาแล็กซี	ดาราจักร
08271457-n	กาแล็กซีก้นหอย	กาแล็กซีรูปกังหัน
08272652-n	กลุ่มที่มียี่สิบสมาชิก	เซตที่มียี่สิบสมาชิก
08272860-n	กลุ่มคำพ้องความหมาย	กลุ่มคำไวพจน์	ซินเซต
08273406-n	พนักงานประจำเครื่องบิน	พนักงานเครื่องบิน	ลูกเรือเครื่องบิน
08273843-n	เพื่อนฝูง	แก๊ง
08274718-n	กลุ่มลูกเสือ	หมู่
08275185-n	สคูล	สำนัก
08275497-n	กลุ่มศิลปะแปด	สำนักแอชกัน
08276342-n	สถานศึกษา	สถาบันการศึกษา
08286163-n	มหาลัย	มหาวิทยาลัย
08286569-n	มหาลัย	มหาวิทยาลัย
08286946-n	มหาลัยเปิด	มหาวิทยาลัยเปิด
08287586-n	คณะครู	คณะครูอาจารย์	คณะผู้สอน	คณาจารย์
08287844-n	สังคม	อารยธรรม
08289841-n	บุปผาชน	ฮิปปี้
08294395-n	ผู้ไม่ฝักใฝ่ฝ่ายใด	ผู้ไม่ีฝักใฝ่ฝ่ายใด
08294696-n	องค์กรนานาชาติ	องค์กรระดับโลก	องค์กรสากล	องค์การสากล
08295580-n	ยูเอ็น	สหประชาชาติ	องค์การสหประชาชาติ
08299493-n	ตัวแทนยูเอ็น	ตัวแทนสหประชาชาติ	หน่วยงานสหประชาชาติ
08299911-n	กองทุนเพื่อเด็กแห่งสหประชาชาติ	ยูนิเซฟ	องค์การยูนิเซฟ
08300190-n	องค์การอาหารและการเกษตรแห่งสหประชาชาติ	เอฟเอโอ
08300429-n	ข้อตกลงทั่วไปว่าด้วยภาษีศุลกากรและการค้า	แกตต์
08300641-n	ทบวงการพลังงานปรมาณูระหว่างประเทศ	ไอเออีเอ
08300783-n	ธนาคารระหว่างประเทศเพื่อการบูรณะและพัฒนา	ธนาคารโลก	เวิลด์แบงค์	ไอบีอาร์ดี
08301005-n	องค์การการบินพลเรือนระหว่างประเทศ	ไอซีเอโอ
08301155-n	สมาคมพัฒนาระหว่างประเทศ	ไอดีเอ
08301307-n	บรรษัทการเงินระหว่างประเทศ	ไอเอฟซี
08301525-n	องค์การแรงงานระหว่างประเทศ	ไอแอลโอ
08301709-n	องค์การทางทะเลระหว่างประเทศ	ไอเอ็มโอ
08301871-n	กองทุนการเงินระหว่างประเทศ	ไอเอ็มเอฟ
08302052-n	ยูเนสโก	องค์การศึกษาวิทยาศาสตร์และวัฒนธรรมแห่งชาติ
08302724-n	ดับเบิลยูเอชโอ	องค์การอนามัยโลก	ฮู
08302919-n	ดับบลิวเอ็มโอ	องค์การอุตุนิยมวิทยาโลก
08303275-n	สมาพันธ์	สหพันธ์
08305942-n	ชาติพันธมิตร	ประเทศพันธมิตร
08306665-n	ชนชั้นวรรณะ	วรรณะ
08306959-n	พราหมณ์	วรรณะพราหมณ์
08307145-n	กษัตริย์	วรรณะกษัตริย์
08307267-n	วรรณะแพศย์	แพทศย์
08307440-n	วรรณะศูทร	ศูทร
08310389-n	การประชุม	การพบปะสังสรรค์	มิตติ้ง
08320385-n	กลุ่มพีแอลโอ	องค์การปลดปล่อยปาเลสไตน์
08329453-n	ศาล	ศาลตุลาการ
08330514-n	เขตอำนาจศาล	เขตอำนาจศาลในสหรัฐอเมริกา
08331011-n	ศาลฎีกา	ศาลตุลาการใหญ่
08336188-n	ศาลฎีกา	ศาลสูงสุด
08337324-n	กรม	ทบวง	หน่วยงาน	หน่วยงานราชการ
08346031-n	หน่วยรบพิเศษของกองทัพอากาศอังกฤษ	หน่วยเอสเอเอส
08352303-n	พนักงานประจำสำนักงาน	พนักงานออฟฟิส	เจ้าหน้าที่ประจำสำนักงาน
08352473-n	ทีมงานวิจัย	ทีมวิจัย
08352720-n	ทีมงานรักษาความปลอดภัย	ทีมรักษาความปลอดภัย	สต๊าฟรักษาความปลอดภัย
08352848-n	ช่างซ่อมบำรุง	ทีมงานซ่อมบำรุง	พนักงานซ่อมบำรุง
08357129-n	วอชิงตัน	เมืองหลวง
08358332-n	การประชุมกลุ่มใหญ่	การประชุมใหญ่
08360672-n	กลุ่มใต้ดิน	ขบวนการต่อต้าน
08361329-n	ประชาธิปไตย	ระบอบประชาธิปไตย
08364143-n	ทุนนิยม	ระบบทุนนิยม
08366753-n	ระบบเศรษฐกิจ	ศก.	เศรษฐกิจ
08367683-n	พหุสังคม	สังคมพหุนิยม
08367880-n	ระบบการเมือง	ระบอบการเมือง
08372411-n	ชนเผ่า	เผ่า
08376250-n	ลูกโซ่	สายโซ่
08378819-n	ระบบสังคม	องค์การทางสังคม	โครงสร้างสังคม
08381820-n	คณะรัฐมนตรี	ครม.
08385009-n	การนัดหมาย	การนัดหมายล่วงหน้า
08387035-n	กลุ่มหัวกะทิ	พวกหัวกะทิ
08389710-n	กองทหารม้า	ทหารม้า
08392137-n	กลุ่มก่อการร้าย	องค์การก่อการร้าย
08397255-n	กองกำลัง	กองทหาร	กองพล
08397675-n	กองกำลังฝ่ายตรงข้าม	กองกำลังศัตรู
08397856-n	กองทหารม้า	ทหารม้า
08398773-n	การรวบรวม	ของเบ็ดเตล็ด
08400870-n	ครอก	ลูกไก่ที่ฟักในคราวเดียวกัน
08401248-n	สาขา	หน่วยงานย่อย
08401554-n	กลุ่มลูกค้า	ลูกค้าทั้งหมด
08402442-n	กลุ่มผู้แทน	คณะผู้แทน
08403225-n	กลุ่มมิชชันนารี	กลุ่มหมอสอนศาสนา
08404373-n	กองกำลังคอมมานโด	คอมมานโด	หน่วยคอมมานโด
08404549-n	กองทหารชั่วคราว	หน่วยทหารเฉพาะกิจ
08404895-n	กองบัญชาการ	ศูนย์บัญชาการ	หน่วยบัญชาการ
08407449-n	กลุ่มผู้หญิง	กลุ่มสตรี	สมาคมสตรี
08407619-n	งานแสดง	นิทรรศการ
08408900-n	กลุ่มทำงาน	คณะทำงาน
08409617-n	โรงเรียนมัธยม	โรงเรียนเตรียมอุดมศึกษา
08411170-n	โรงเรียนราษฎร์	โรงเรียนเอกชน
08411701-n	โรงเรียนกินนอน	โรงเรียนประจำ
08418420-n	ธนาคารพาณิชย์	ธนาคารพาณิิชย์
08420278-n	ธ.	ธนาคาร	สถาบันการเงิน	แบงค์
08425777-n	คนเดินเท้า	คนเดินเ้่ท้า
08427629-n	กองคาราวาน	คาราวาน
08428383-n	ขบวนพาหนะยานยนต์	ขบวนรถยนต์
08429167-n	กลุ่มผู้ติดตาม	คณะผู้ติดตาม
08434259-n	เครือข่าย	เน็ตเวิร์ก
08436759-n	พรรณพืช	พฤกษชาติ	พืชพันธุ์
08437515-n	พุ่มไม้หนา	หมู่ไม้เตี้ยๆ
08438223-n	ป่าละเมาะ	สุมทุมพุ่มไม้
08438533-n	ป่า	ป่าไม้
08439955-n	ทีม	ทีมงาน	ทีมสต๊าฟ	สต๊าฟ
08440630-n	การปกครองแบบเผด็จการ	การปกครอบแบบเผด็จการ	ลัทธิสตาลิน
08441039-n	ระบบรัฐตำรวจ	รัฐตำรวจ
08455829-n	กฎหมายมุสลิม	กฎหมายอิสลาม
08458504-n	ชุด	ซีรีส์
08461172-n	การก้าวหน้าเรขาคณิต	อนุกรมเรขาคณิต
08462320-n	กลุ่มข้อมูล	ข้อมูล	ชุดข้อมูล
08462534-n	ข้อมูลทางการบัญชี	ข้อมูลทางบัญชี
08463063-n	ไปรษณียภัณฑ์	ไปรษณีย์
08463345-n	จดหมายจากแฟนๆ	ไปรษณีย์จากแฟนๆ
08464601-n	ขบวนการทางสังคม	ขบวนการเคลื่อนไหวทางสังคม
08466010-n	กลุ่มอนุตรนิยม	ซูพรีมาติสม์	อนุตรนิยม	อนุตรศิลป์
08466412-n	คติดาดา	ลัทธิดาดานิยม	ศิลปะลัทธิดาดา
08468261-n	สำนักแม่น้ำฮัดสัน	โรแมนติคเรียลิสม์
08469233-n	ลัทธิจุลนิยม	ลัทธิมินิมัลลิสม์
08469457-n	ลัทธิสัจนิยม	ลัทธิเรียลิสม์	สัจนิยม	เรียลิสม์
08469678-n	ผู้ขัดสน	ผู้ขาดแคลน
08470210-n	ลัทธิเหนือจริง	ศิลปะแนวเหนือจริง	เซอร์เรียลิสม์
08470507-n	ลัทธิสัญลักษณ์นิยม	สัญลักษณ์นิยม
08470928-n	ลูกเสือ	สมาคมลูกเสือแห่งอเมริกา
08471185-n	ผู้บำเพ็ญ	ผู้บำเพ็ญประโยชน์	ยุวกาชาด	เนตรนารี
08472335-n	กลุ่มการเมือง	กลุ่มเคลื่อนไหวทางการเมือง
08477307-n	กลุ่มคนว่างงาน	คนตกงาน	คนว่างงาน	คนไม่มีงาน	ผู้ว่างงาน	ผู้ไม่มีงาน
08477912-n	สตรีเพศ	เพศหญิง
08479407-n	ราชวงศ์โจว	โจว
08479795-n	กลุ่มแร็พ	วงแร็พ
08480135-n	ผู้ร่วมรับประทานอาหาร	ผู้ร่วมโต๊ะ
08481832-n	กองกลาง	หน่วยงานกลาง
08482271-n	กองหน้า	แนวหน้า
08482700-n	กองหลัง	แนวหลัง
08483136-n	กลุ่มผู้ถูกเลือก	ผู้ถูกเลือก	ผู้ได้รับเลือก
08483935-n	ชาวอิสราเอล	ชาวฮีบรู
08486971-n	ดับบลิวทีโอ	องค์การการค้าโลก
08487504-n	กลุ่มประเทศอาเซียน	กลุ่มประเทศเอเชียตะวันออกเฉียงใต้	สมาคมประชาชาติแห่งเอเชียตะวันออกเฉียงใต้	อาเซียน
08490199-n	บ้าน	บ้านเกิด
08492461-n	ตลาดกลางแจ้ง	แอโกรา
08492747-n	กระสวนการบิน	รูปแบบการบิน
08493064-n	ดินแดน	อาณาเขต
08493261-n	อันดาลูเซีย	แคว้นอันดาลูเซีย
08493705-n	ทิศทางการบิน	ทิศทางบิน	แนวบิน
08493825-n	ด้านปีก	ปีก
08493961-n	การบินเครื่องร่อน	ทาง	เส้นทางร่อนลง
08494782-n	ชายฝั่งอเดลี	ดินแดนอเดลี
08495617-n	จุดโคจรไกลสุดจากดาวเคราะห์	อะโพแอปซิส
08495908-n	จุดอะฟีเลียน	จุดไกลดวงอาทิตย์ที่สุด
08496199-n	จุดไกลดวงจันทร์	แอโพลูน
08497294-n	ถิ่น	ท้องที่	พท.	พื้นที่	เขต	เขตพื้นที่	เนื้อที่
08498580-n	จุดบัพ	บัพ
08498732-n	จุดปฏิบัพ	ปฏิพับ
08501565-n	สุริยมณฑล	ฮีลีโอสเฟียร์
08502317-n	น่านฟ้า	เขตน่านฟ้า
08502672-n	ที่ทุรกันดาร	ที่ห่างไกลความเจริญ
08506641-n	สนามรบ	สมรภูมิ	สมรภูมิรบ
08507558-n	ต้นกำเนิด	แหล่งกำเนิด
08508449-n	ต้นธาร	ต้นน้ำ	ต้นน้ำลำธาร
08508629-n	ต้นน้ำ	ต้นแม่น้ำ
08510169-n	ถิ่นกำเนิด	บ้านเกิดเมืองนอน	มาตุภูมิ
08510350-n	ถิ่นฐานบ้านเกิด	บ้านเกิด	สถานที่เกิด
08510456-n	สถานที่เกิด	แหล่งกำเนิด
08511241-n	ก้น	ด้านล่าง	ส่วนล่าง
08511570-n	ตีน	เชิง
08512259-n	ขอบ	ขอบเขต	เส้นบอกเขต	เส้นแบ่งเขต	แนวแบ่งเขต
08516431-n	พื้นที่ถูกทำลาย	พื้นที่ถูกระเบิด
08517554-n	เส้นทางเดินรถ	เส้นทางเดินรถโดยสารประจำทาง
08517676-n	ป้ายรถเมล์	ป้ายรถโดยสารประจำทาง
08518374-n	วิทยาเขต	แคมปัส
08518940-n	บริเวณลุ่มน้ำ	พื้นที่รับน้ำ	ลุ่มน้ำ	ลุ่มแม่น้ำ
08519624-n	รัฐคอเคซัส	รัฐคอเคเซีย
08521267-n	ขอบเขตท้องฟ้า	ท้องฟ้า	นภากาศ
08521623-n	ที่ฝังศพ	ป่าช้า	สถานที่ฝังศพ	สุสาน
08521816-n	จุดกึ่งกลาง	ตรงกลาง
08522518-n	จุดศูนย์ถ่วง	ศูนย์ถ่วง
08523483-n	ศูนย์กลาง	ใจกลาง
08538917-n	หน่วยลงคะแนนเสียงเลือกตั้ง	หน่วยเลือกตั้ง
08539072-n	ดาวน์ทาวน์	ย่านการค้า	ย่านดาวน์ทาวน์	ย่านธุรกิจ	เขตดาวน์ทาวน์
08542403-n	เครือจักรภพ	เครือรัฐ
08543496-n	ดาว์นทาวน์	ใจกลางเมือง
08544719-n	ทุ่งข้าวโพด	ไร่ข้าวโพด
08544813-n	ปท.	ประเทศ
08548924-n	บัพขาลง	โนดขาลง
08551628-n	พื้นที่ปฏิบัติการ	สนามรบ	สมรภูมิ
08552138-n	เขต	เขตปกครอง
08553535-n	ย่านอยู่อาศัย	เขตที่อยู่อาศัย
08554440-n	ชานเมือง	เขตชานเมือง	แถบชานเมือง
08555102-n	ตำบลฟอเบิร์ก	ฟอเบิร์ก
08560027-n	กองขยะ	ที่ทิ้งขยะ
08562067-n	โลก	โลกมนุษย์
08562620-n	ประเทศตะวันออก	โลกตะวันออก
08565214-n	สุริยวิถี	เส้นสุริยวิถี
08565506-n	สรวงสวรรค์	สวรรค์	เมืองฟ้า	เมืองสวรรค์	แดนสวรรค์	แดนสุขาวดี
08566028-n	จุดปลาย	ด้านปลาย
08566554-n	ที่หมาย	ปลายทาง	สถานที่ปลายทาง
08567877-n	จุดหมายปลายทาง	ที่หมาย	หลักชัย
08569482-n	พื้นที่ทำการเกษตร	พื้นที่เรือกสวนไร่นา
08570758-n	สนาม	สนามแข่ง	สนามแข่งขัน
08573140-n	เบสไลน์	เส้นหลัง
08574216-n	ที่ชุมนุม	ที่รวมตัว	สถานที่ชุมนุม	สถานที่รวมตัว	แหล่งชุมนุม	แหล่งรวมตัว
08581503-n	สถานที่ที่ไปบ่อย	สถานที่ที่ไปเป็นประจำ
08581699-n	ข้างเตาผิง	ข้างเตาผิงไฟ
08583554-n	แถบบริเวณแนวสะโพก	แนวสะโพก
08584218-n	ซ่องโจร	ที่กบดาน	ที่ซ่อนตัว
08584449-n	ที่ซ่อน	สถานที่ซ่อน
08585056-n	ที่ศักดิ์สิทธิ	สถานที่ศักดิ์สิทธิ
08585158-n	ต้นกำเนิด	ถิ่นกำเนิด	แหล่งกำเนิด
08591399-n	ถ้ำสัตว์	รัง
08596214-n	ที่ขนถ่ายสินค้า	สถานที่ขนถ่ายสินค้า
08598823-n	เส้นลองจิจูด	เส้นเมอริเดียน
08599292-n	เส้นเมอริเดียนหลัก	เส้นเมอริเดียนเริ่มแรก	เส้นไพรม์เมอริเดียน
08599662-n	เมอริเดียนแม่เหล็ก	เส้นเมอริเดียนแม่เหล็ก
08599976-n	ที่ทำการตรวจสอบทางอุตุนิยมวิทยา	สถานีลมฟ้าอากาศ
08600992-n	วนอุทยาน	วนอุทยานแห่งชาติ	อุทยาน	อุทยานแห่งชาติ
08610023-n	ด้านที่หันเข้าหาลม	ด้านรับลม
08610975-n	ที่ทำรัง	ที่สร้างรัง	สถานที่สร้างรัง
08611421-n	พื้นที่ห้ามจอด	พื้นที่ห้ามจอดรถ
08612049-n	ทางโคจร	วงโคจร	วิถีโคจร
08612340-n	วงโคจร	วงโคจรอิเล็กตรอน
08612644-n	วงโคจรค้างฟ้า	วงโคจรประจำที่
08614104-n	จุดชมทิวทัศน์	จุดชมวิว	สถานที่ชมวิว
08615149-n	ปาร์ก	สวนสาธารณะ
08615374-n	ทุ่ง	ทุ่งหญ้า
08615810-n	ที่จอดรถ	ลานจอดรถ
08616050-n	ทุ่งหญ้า	ทุ่งหญ้าเลี้ยงสัตว์
08617516-n	วิถีกระสุน	วิถีการยิง
08619620-n	จัตุรัส	จัตุรัสสาธารณะ
08620061-n	จุด	ตำแหน่ง
08620881-n	ขั้ว	ขั้วโลก
08621393-n	คูหาเลือกตั้ง	สถานที่ลงคะแนน	สถานที่เลือกตั้ง
08622763-n	มุมกวาด	อะนอมาลี
08624891-n	ที่หมายเด่น	เครื่องหมายเด่นในภูมิประเทศ	แลนด์มาร์ค
08625073-n	ด้านขวา	ทางขวา	ทางขวามือ
08625297-n	ทางขวาของเวที	เวทีด้านขวา
08625462-n	ด้านซ้าย	ทางซ้าย	ทางซ้ายมือ
08625684-n	ทางซ้ายของเวที	เวทีด้านซ้าย
08627805-n	ส่วนโค้งหนึ่งในสี่ของวงกลม	เส้นโค้งหนึ่งในสี่ของวงกลม
08627919-n	บริเวณ	ย่าน
08629508-n	ข้างหลัง	ด้านหลัง
08640531-n	บ้านพักตากอากาศ	รีสอร์ท	สถานที่พักตากอากาศ
08640739-n	เขตบ้านพักตากอากาศ	เขตรีสอร์ท
08642870-n	จุดนัดพบ	สถานที่นัดพบ	สถานที่พบปะ
08643933-n	ที่ปลอดภัย	สถานที่ปลอดภัย
08644722-n	ชนบท	ต่างจังหวัด	บ้านนอก
08645420-n	ซาฟารีเวิลด์	สวนสัตว์เปิด
08645847-n	ทุ่งหญ้าซาวันน่า	ทุ่งหญ้าซาว้นนาห์
08648781-n	จุดแวะพัก	พื้นที่บริการ
08648917-n	จุดเยี่ยมชม	จุดแวะชม	ที่แวะชม
08651247-n	ทำเล	ที่ตั้ง
08651832-n	ชุมชนแออัด	ย่านชุมชนแออัด	ย่านสลัม	สลัม	เขตสลัม
08652480-n	ที่ปลีกวิเวก	สถานที่ปลีกวิเวก	สถานที่วิเวก
08652970-n	ที่ว่าง	สเปซ
08653706-n	จุดที่ยืน	ตำแหน่งที่ยืน
08653873-n	เส้นสตาร์	เส้นสตาร์ต
08654127-n	ยาร์ดไลน์	เส้นบอกหลา
08654360-n	จังหวัด	มลรัฐ	รัฐ
08655464-n	มลรัฐ	รัฐ
08657249-n	ชั้นสตราตัม	สตราตัม
08663860-n	ด้านบน	ยอด
08664443-n	จุด	ที่	สถานที่
08671293-n	เมืองที่มั่งคั่ง	เมืองที่รุ่งเรือง
08671644-n	บ้านเกิด	บ้านเกิดเมืองนอน
08674739-n	แปลง	แปลงปลูกต้นไม้	แปลงปลูกพืช
08676622-n	พื้นที่ก่อสร้าง	เขตก่อสร้าง
08677628-n	สถานที่ชุมนุม	สถานที่เกิดเหตุ
08677801-n	จุดยอด	จุดสูงสุด
08682389-n	ซีกโลกตะวันตก	โลกใหม่
08682575-n	ประเทศตะวันตก	โลกตะวันตก
08682819-n	ภาคตะวันตก	ภาคตะวันตกของสหรัฐอเมริกา
08683548-n	ผืนป่า	พื้นที่ป่า
08684191-n	พื้นที่ทำงาน	เวิร์กสเปซ
08686495-n	ราศีคนคู่	ราศีเมถุน
08686658-n	กรกฎ	ราศีกรกฏ
08687345-n	ราศีพิจิก	ราศีแมงป่อง
08688247-n	บริเวณ	เขต	โซน
08689873-n	เขตอันตราย	โซนอันตราย
08690352-n	คิลลิ่งโซน	เขตสังหาร
08690479-n	คิลเลอร์ฟีลด์	ทุ่งสังหาร
08690792-n	ชานเมือง	เขตชานเมือง
08691276-n	เขตเวลา	ไทม์โซน
08691669-n	กรุง	เมืองหลวง
08696931-n	ชาติยุโรป	ประเทศยุโรป	ประเทศในทวีปยุโรป
08697827-n	ประเทศสแกนดิเนเวีย	ประเทศแถบสแกนดิเนเวีย
08698126-n	ประเทศแถบบอลข่าน	ประเทศในคาบสมุทรบอลข่าน
08698379-n	ประเทศแอฟริกา	ประเทศในทวีปแอฟริกา
08699654-n	นามิเบีย	ประเทศนามิเบีย	ประเทศแอฟริกาตะวันตกเฉียงใต้	สาธารณรัฐนามิเบีย
08700255-n	ประเทศเอเชีย	ประเทศในทวีปเอเชีย
08701161-n	ประเทศแคปปาโดเซีย	แคปปาโดเซีย
08701296-n	กาลาเทีย	ประเทศกาลาเทีย
08702402-n	ประเทศลาติน	ประเทศลาตินอเมริกา	ประเทศอเมริกาใต้	ประเทศในทวีปอเมริกาใต้
08702805-n	ประเทศอเมริกาเหนือ	ประเทศในทวีปอเมริกาเหนือ
08703454-n	ประเทศอัฟกานิสถาน	รัฐอิสลามอัฟกานิสถาน
08704237-n	กรุงคาบูล	เมืองหลวงประเทศอัฟกานิสถาน
08707917-n	ประเทศแองโกลา	สาธารณรัฐแองโกลา	แองโกลา
08708304-n	กรุงลูอันดา	เมืองหลวงประเทศแองโกลา
08711974-n	สาธารณรัฐอาร์เจนตินา	อาร์เจนตินา
08712876-n	กรุงบัวโนสไอเรส	เมืองหลวงประเทศอาร์เจนตินา
08713136-n	เมืองคอร์โดบา	เมืองคอร์โดวา
08715110-n	อุษาคเนย์	เอเชียตะวันออกเฉียงใต้
08715390-n	ประเทศพม่า	สหภาพพม่า
08716517-n	กรุงบูจุมบูรา	เมืองหลวงประเทศบูจุมบูรา
08716738-n	กัมพูชา	ประเทศกัมพูชา	ประเทศเขมร	ราชอาณาจักรกัมพูชา	เขมร
08717510-n	กรุงยาอุนเด	เมืองหลวงประเทศแคเมอรูน
08718094-n	กรุงไปรอา	เมืองหลวงประเทศเคปเวิร์ด
08718801-n	กรุงบังกี	เมืองหลวงประเทศแอฟริกากลาง
08719465-n	กรุงโคลัมโบ	เมืองหลวงประเทศศรีลังกา
08720280-n	กรุงเอ็นจาเมนา	เมืองหลวงประเทศชาด
08723006-n	จีนแดง	ดินแดนหลังม่านไม้ไผ่	ประเทศจีน	สาธารณรัฐประชาชนจีน	เมืองจีน	แผ่นดินใหญ่
08725454-n	กวางตุ้ง	เมืองกวางโจว	เ้มืองกวางโจว
08726463-n	มณฑลยูนนาน	มณฑลยูนาน
08730550-n	จีนไต้หวัน	ประเทศจีนไต้หวัน	ประเทศไต้หวัน	เกาะไต้หวัน	ไต้หวัน
08730895-n	กรุงไทเป	เมืองหลวงประเทศไตหวัน	เมืองหลวงประเทศไต้หวัน	ไทเป
08732979-n	กรุงโบโกทา	เมืองหลวงประเทศโคลอมเบีย
08733897-n	ประเทศคอโมโรส	สหพันธ์สาธารณรัฐอิสลามคอโมโรส
08734044-n	ประเทศคองโก	สาธารณรัฐคองโก
08734385-n	ประเทศคองโก	สาธารณรัฐประชาธิปไตยคองโก
08736376-n	กรุงซันโฮเซ	เมืองหลวงประเทศคอสตาริกา
08736517-n	ประเทศไอเวอรีโคสต์	สาธารณรัฐโกตดิวัวร์
08737376-n	กรุงกัวเตมาลาซิตี	เมืองหลวงประเทศกัวเตมาลา
08737521-n	ประเทศบริติชฮอนดูรัส	ประเทศเบลีซ
08738014-n	กรุงเตกูซิกัลปา	เมืองหลวงประเทศฮอนดูรัส
08738531-n	กรุงซันซัลวาดอร์	เมืองหลวงประเทศเอลซัลวาดอร์
08739047-n	กรุงมานากัว	เมืองหลวงประเทศนิการากัว
08740875-n	ประเทศเม็กซิโก	สหรัฐเม็กซิโก
08744236-n	กรุงเม็กซิโกซิตี	เมืองหลวงประเทศเม็กซิโก
08750612-n	กรุงฮาวานา	เมืองหลวงประเทศคิวบา
08751885-n	กรุงปอร์โตแปรงซ์	เมืองหลวงประเทศเฮติ
08752293-n	กรุงซันโตโดมิงโก	เมืองหลวงสาธารณรัฐโดมินิกา
08752974-n	เครือรัฐเปอร์โตริโก	เปอร์โตริโก
08754238-n	กรุงคิงส์ตัน	เมืองหลวงประเทศจาเมกา
08755003-n	หมู่เกาะอเมริกันเวอร์จิน	หมู่เกาะเวอร์จิน
08756511-n	พอร์ต-ออฟ-สเปน	พอร์ตออฟสเปน	เมืองหลวงประเทศตรินิแดดและโตเบโก
08757926-n	กรุงปราก	เมืองหลวงประเทศเช็ก
08759013-n	ประเทศสโลวะเกีย	สาธารณรัฐสโลวัก
08759263-n	กรุงบราติสลาวา	เมืองหลวงประเทศสโลวะเกีย
08759986-n	ประเทศโตโก	สาธารณรัฐโตโก
08760228-n	กรุงโลเม	เมืองหลวงประเทศโตโก
08760856-n	คาบสมุทรสแกนดิเนเวีย	คาบสมุทรสแกนดิเนเวียน
08761244-n	ประเทศเดนมาร์ก	ราชอาณาจักรเดนมาร์ก	เดนมาร์ก
08761868-n	กรุงโคเปนเฮเกน	เมืองหลวงประเทศเดนมาร์ก
08762823-n	กรุงจิบูตี	เมืองหลวงประเทศจิบูตี
08763193-n	ประเทศโดมินิกา	เครือรัฐโดมินิกา
08764107-n	ดินแดนพระอาทิตย์เที่ยงคืน	ประเทศนอร์เวย์	ราชอาณาจักรนอร์เวย์
08765069-n	กรุงออสโล	เมืองหลวงประเทศนอร์เวย์
08765890-n	ประเทศสวีัเดน	ราชอาณาจักรสวีเดน	แดนฟรีเซ็ก
08766236-n	กรุงสตอกโฮล์ม	เมืองหลวงประเทศสวีเดน
08766988-n	ประเทศเยอรมนี	ประเทศเยอรมัน	สหพันธ์สาธารณรัฐเยอรมนี
08769645-n	กรุงเบอร์ลิน	เมืองหลวงประเทศเยอรมัน
08772922-n	เมืองแฟรงก์เฟิร์ต	เมืองแฟรงค์เฟิร์ต
08773679-n	เมืองแฮนโนเวอร์	เมืองแฮโนเวอร์
08775297-n	รีเนอแลนด์	ไรน์แลนด์
08777233-n	กรุงกีโต	เมืองหลวงประเทศเอกวาดอร์
08777544-n	ประเทศเอริเทรีย	รัฐเอริเทรีย
08778061-n	ประเทศเอธิโอเปีย	สหพันธ์สาธารณรัฐประชาธิปไตยเอธิโอเปีย
08778401-n	เมืองหลวงประเทศเอธิโอเปีย	แอดดิสอาบาบา
08780018-n	กรุงเฮลซิงกิ	เมืองหลวงประเทศฟินแลนด์
08780510-n	หมู่เกาะอาแลนด์	หมู่เกาะอแลนด์
08780881-n	ประเทศกรีซ	สาธารณรัฐเฮลเลนิก
08782319-n	กรีซ	นครรัฐกรีซ
08785343-n	กรุงเอเธนส์	เมืองหลวงประเทศกรีซ	้เมืองหลวงประเทศกรีซ
08786283-n	ดินแดนแอตติกา	แอตติกา
08792548-n	ประเทศอิสราเอล	รัฐอิสราเอล
08793489-n	เขตเวสต์แบงก์	เขตเวสต์แบงค์
08794798-n	กรุงเยรูซาเลม	เมืองหลวงประเทศอิสราเอล
08796219-n	เนินเขากอลโกทา	เนินเขาคัลวารี
08798062-n	เมืองฮีฟา	เมืองไฮฟา
08800676-n	อาณาจักรไบเซนไทน์	อาณาจักรไบแซนเทียม
08804319-n	กรุงอะควิลา	กรุลอะควิลา
08806897-n	กรุงโรม	เมืองหลวงประเทศอิตาลี
08810999-n	เกาะซิซิลี	เกาะซิซิเลีย
08811215-n	แคว้นซิซิลี	แคว้นซิซิเลีย
08813156-n	เมืองพาดัว	เมืองพาโดวา
08814474-n	กรุงบูคาเรสต์	กรุงบูคาเรสต์๋	เมืองหลวงประเทศโรมาเนีัย
08815046-n	ประเทศรวันดา	สาธารณรัฐรวันดา
08815346-n	กรุงคิกาลี	เมืองหลวงประเทศรวันดา
08816236-n	ประเทศยูโกสลาเวีย	ประเทศเซอร์เบียและมอเตเนโกร	สหพันธ์สาธารณรัฐยูโกสลาเวีย	สหภาพเซอร์เบียและมอนเตเนโกร
08817418-n	กรุงเบลเกรด	เมืองหลวงประเทศเซอร์เบียและมอเตเนโกร
08817630-n	ประเทศบอสเนีย	ประเทศบอสเนียและเฮอร์เซโกวีนา	ประเทศบอสเ่นียและเฮอร์เซโกวีนา
08827486-n	กรุงออตตาวา	เมืองหลวงประเทศแคนาดา
08831004-n	ประเทศออสเตรเลีย	เครือรัฐออสเตรเลีย	แดนจิงโจ้
08832269-n	กรุงแคนเบอร์รา	เมืองหลวงประเทศออสเตรเลีย
08845053-n	กรุงพอร์ตมอร์สบี	เมืองหลวงประเทศปาปัวนิวกินี
08845555-n	ประเทศออสเตรีย	สาธารณรัฐออสเตรีย
08846135-n	จังหวัดไทโรล	เมืองทิโรล
08846324-n	กรุงเวียนนา	เมืองหลวงประเทศออสเตรีย
08846739-n	เมืองลินซ์	เมืองเลนเทีย
08847268-n	ประเทศบาฮามาส	หมู่เกาะบาฮามาส	เครือรัฐบาฮามาส
08847570-n	กรุงแนสซอ	เมืองหลวงประเทศบาฮามาส
08847694-n	คาบสมุทรอาระเบียน	อาระเบีย
08848094-n	ประเทศบาห์เรน	รัฐบาห์เรน
08848731-n	บังคลาเทศ	ประเทศบังกลาเทศ	สาธารณรัฐประชาชนบังกลาเทศ
08849226-n	กรุงธากา	เมืองหลวงของบังกลาเทศ
08849753-n	ราชวงศ์เบลจิค	ราชวงศ์เบลเยี่ยม	ราชอาณาจักรเบลเยียม
08850450-n	กรุงบรัสเซลส์	เมืองหลวงประเทศเบลเยียม
08851500-n	เมืองเกนด์	เมืองเกนต์
08852209-n	ประเทศภูฏาน	ภูฏาน	ราชอาณาจักรภูฏาน
08852685-n	กรุงกาโบโรเน	เมืองหลวงประเทศบอตสวานา
08853741-n	บราซิล	ประเทศบราซิล	เมืองกาแฟ	แดนแซมบ้า
08854855-n	เมืองพารา	เมืองเบเลม
08855308-n	กรุงบราซิเลีย	เมืองหลวงประเทศบราซิล
08860123-n	บริเทน	สหราชอาณาจักร
08871007-n	ประเทศอังกฤษ	อังกฤษ	เมืองผู้ดีอังกฤษ
08873622-n	กรุงลอนดอน	เมืองหลวงประเทศอังกฤษ
08879680-n	เมืองพอมปีย์	เมืองพอร์ตสมัท
08888479-n	กรุงเบลฟาสต์	เมืองหลวงประเทศไอร์แลนด์เหนือ
08889191-n	กรุงดับลิน	เมืองหลวงประเทศไอร์แลนด์	เมืองหลวงประเทศไอร์์แลนด์
08890097-n	ประเทศสกอตแลนด์	ประเทศสก็อตแลนด์	สกอตแลนด์	สก็อตแลนด์
08894456-n	เวลส์	แคว้นเวลส์
08896092-n	ประเทศบรูไน	เนการาบรูไนดารุสซาลาม
08897065-n	ประเทศอียิปต์	สหรัฐอาหรับอียิปต์	สาธารณรัฐอาหรับอียิปต์
08898633-n	กรุงไคโร	เมืองหลวงประเทศอียิปต์
08899577-n	เมืองลุกซอร์	เมืองเอลอักเซอร์
08900535-n	ประเทศอินเดีย	อินเดีย	แดนภารตะ
08903049-n	กรุงนิวเดลี	เมืองหลวงประเทศอินเดีย
08903220-n	เมืองเดลิ	เมืองเดลิเก่า
08903872-n	เมืองบอมเบย์	เมืองมุมไบ
08906809-n	กรุงกาฏมัณฑุ	กรุงกาฏมาณฑุ	เมืองกาฏมัณฑุ
08906952-n	ทิเบต	หลังคาโลก	แคว้นทิเบต
08907377-n	กรุงลาซา	เมืองหลวงทิเบต
08907606-n	ประเทศอินโดนีเซีย	อินโดนีเซีย	แดนอิเหนา
08909107-n	หมูเกาะเซเลเบส	หมู่เกาะสุลาเวสี
08909719-n	กรุงจาการ์ตา	เมืองหลวงประเทศอินโดนีเซีย
08910668-n	ประเทศอิหร่าน	สาธารณรัฐอิสลามอิหร่าน	เปอร์เซีย
08911421-n	กรุงเตหะราน	เมืองหลวงประเทศอิหร่าน
08912012-n	เมืองอิสฟาฮาน	เมืองเอสปาดานา	เมืองเอสฟาฮาน
08912842-n	อาณาจักรเปอร์เซีย	เปอร์เซีย
08914193-n	กรุงแบกแดด	เมืองหลวงประเทศอิรัก
08916111-n	เมืองอะเดรียโนเปิล	เมืองอะเดรียโนโปลิส	เมืองเอเดิร์น
08918248-n	ซูเมอร์	ดินแดนซูเมอร์
08920924-n	เมืองฮอนชู	เมืองฮอนโด
08921850-n	ดินแดนอาทิตย์อุทัย	ประเทศญี่ปุ่น	แดนอาทิตย์อุทัย
08923348-n	กรุงโตเกียว	เมืองหลวงประเทศญี่ปุ่น
08927186-n	ประเทศจอร์แดน	ราชอาณาจักรฮัชไมต์จอร์แดน
08928582-n	กรุงไนโรบี	เมืองหลวงประเทศเคนยา
08929243-n	ประเทศคูเวต	รัฐคูเวต
08929555-n	กรุงคูเวตซิตี้	เมืองหลวงประเทศคูเวต
08929922-n	ประเทศฝรั่งเศส	สาธารณรัฐฝรั่งเศส	แดนน้ำหอม
08932568-n	กรุงปารีส	เมืองหลวงของฝรั่งเศส	เมืองหลวงประเทศฝรั่งเศส
08941057-n	แคว้นเบอกันดี	แคว้นเบอร์กันดี
08945529-n	ประเทศกาบอง	สาธารณรัฐกาบอง
08945705-n	กรุงลีเบรอวิล	เมืองหลวงประเทศกาบอง
08946042-n	กรุงบันจูล	เมืองหลวงประเทศแกมเบีย
08946564-n	กรุงอักกรา	เมืองหลวงประเทศกานา
08947180-n	กรุงเซนต์จอร์เจส	เมืองหลวงประเทศเกรเนดา
08947617-n	กรุงโกนากรี	เมืองหลวงประเทศกินี
08948027-n	กรุงบิสเซา	เมืองหลวงประเทศกินี-บิสเซา
08948346-n	ประเทศกายอานา	สาธารณรัฐสหกรณ์กายอานา
08949093-n	ประเทศฮอลแลนด์	ประเทศเนเธอร์แลนด์	ราชอาณาจักร์เนเธอร์แลนด์
08951385-n	จังหวัดฟรีสแลนด์	ฟรีสแลนด์
08952423-n	กรุงบูดาเปสต์	เมืองหลวงประเทศฮังการี
08952628-n	หมู่เกาะฟาโร	หมู่เกาะฟาโรส์
08952856-n	หมู่เกาะฟาโร	หมู่เกาะฟาโรส์
08953596-n	กรุงเรคยาวิก	เมืองหลวงประเทศไอซ์แลนด์
08955082-n	ประเทศเกาหลีเหนือ	เกาหลีเหนือ	โสมแดง
08955397-n	กรุงเปียงยาง	เมืองหลวงประเทศเกาหลีเหนือ
08955626-n	ประเทศเกาหลีใต้	เกาหลีใต้	แดนโสม
08955951-n	กรุงโคโลเนีย	เมืองหลวงประเทศเกาหลีใต้
08956760-n	ประเทศลาว	สาธารณรัฐประชาธิปไตยประชาชนลาว
08957064-n	กรุงเวียงจันทน์	เมืองหลวงประเทศลาว
08957806-n	กรุงเบรุต	เมืองหลวงประเทศเลบานอน
08958830-n	ประเทศเลโซโท	ราชอาณาจักรเลโซโท
08959105-n	กรุงมาเซรู	เมืองหลวงประเทศเลโซโท
08959495-n	กรุงมันโรเวีย	เมืองหลวงประเทศไลบีเรีย
08960099-n	กรุงตริโปลี	เมืองหลวงประเทศลิเบีย
08960843-n	กรุงวาดุซ	เมืองหลวงประเทศลิกเตนสไตน์
08960987-n	ประเทศลักเซมเบิร์ก	ราชรัฐลักเซมเบิร์ก
08961402-n	กรุงลักเซมเบิร์ก	เมืองหลวงประเทศลักเซมเบิร์ก
08962187-n	ประเทศมาดากัสการ์	สาธารณรัฐมาดากัสการ์
08962465-n	กรุงอันตานานาริโอ	เมืองหลวงประเทศมาดากัสการ์
08963095-n	กรุงลิลองเว	เมืองหลวงประเทศมาลาวี
08963969-n	กรุงปุตราจายา	เมืองหลวงประเทศมาเลเซีย
08966647-n	กรุงวัลเลตตา	เมืองหลวงประเทศมอลตา
08969123-n	กรุงอูลานบาตอร์	เมืองหลวงประเทศมองโกเลีย
08969291-n	กรุงมอร็อกโก	ประเทศโมร็อกโก	ราชอาณาจักรโมร็อกโก
08970445-n	กรุงราบัต	เมืองหลวงประเทศโมร็อกโก
08971554-n	กรุงมาปูโต	เมืองหลวงประเทศโมซัมบิก
08972521-n	นิวซีแลนด์	ประเทศนิซีแลนด์	แดนกีวี
08973202-n	กรุงเวลลิงตัน	เมืองหลวงประเทศนิวซีแลนด์
08973647-n	กรุงนีอาเม	เมืองหลวงประเทศไนเจอร์
08973776-n	ประเทศไนจีเรีย	สหพันธ์สาธารณรัฐไนจีเรีย
08974171-n	กรุงอาบูจา	เมืองหลวงประเทศไนจีเรีย
08975106-n	ประเทศโอมาน	รัฐสุลต่านโอมาน
08975435-n	กรุงมัสกัต	เมืองหลวงประเทศโอมาน
08977035-n	กรุงอิสลามาบัด	เมืองหลวงประเทศปากีสถาน
08978667-n	กรุงอะซุนซิออง	เมืองหลวงประเทศปารากวัย
08979878-n	กรุงลิมา	เมืองหลวงประเทศเปรู
08981746-n	กรุงมะนิลา	เมืองหลวงประเทศฟิลิปปินส์
08983105-n	กรุงวอร์ซอ	เมืองหลวงประเทศโปแลนด์
08984788-n	ประเทศโปรตุเกส	สาธารณรัฐโปรตุเกส
08985345-n	หมู่เกาะอะคอเรส	หมู่เกาะอะซอเรส
08986066-n	กรุงลิสบอน	กรุงลิสบัว	เมืองหลวงประเทศโปรตุเกส
08986905-n	ประเทศกาตาร์	รัฐกาตาร์
08987262-n	กรุงโดฮา	เมืองหลวงประเทศกาตาร์
08987879-n	หมู่เกาะเซนต์คริสโตเฟอร์	หมู่เกาะเซนต์คิตส์
08989031-n	ประเทศเซนต์วินเซนต์และเกรนาดีนส์	ประเ่ทศเซนต์วินเซนต์และเกรนาดีนส์
08989697-n	เฟรนช์โปลินีเซีย	เฟรนช์โอเชียเนีย
08991491-n	ประเทศซามัว	รัฐเอกราชซามัว
08991752-n	กรุงอาปีอา	เมืองหลวงประเทศซามัว
08992508-n	กรุงซานมารีโน	เมืองหลวงประเทศซานมารีโน
08993288-n	ประเทศซาอุดีอาระเบีย	ราชอาณาจักรซาอุดีอาระเบีย
08993871-n	กรุงริยาด	เมืองหลวงประเทศซาอุดีอาระเบีย
08996118-n	กรุงดาการ์	เมืองหลวงประเทศเซเนกัล
08996714-n	กรุงวิกตอเรีย	เมืองหลวงประเทศเซเชลล์
08997132-n	กรุงฟรีทาวน์	เมืองหลวงประเทศเซียร์ราลีโอน
08997801-n	สิงคโปร์	เมืองหลวงประเทศสิงคโปร์
08998853-n	กรุงโมกาดิชู	เมืองหลวงประเทศโซมาเลีย
09000272-n	กรุงพริทอเรีย	เมืองหลวงประเทศแอฟริกาใต้
09003284-n	ดินแดนหลังม่านเหล็ก	ประเทศสหภาพโซเวียต	รัสเซีย	สหภาพโซเวียต	แดนหมีขาว
09004068-n	กรุงมอสโก	เมืองหลวงประเทศรัสเซีย
09006413-n	ประเทศรัสเซีย	สหพันธ์รัฐรัสเซีย
09008130-n	เมืองกอร์กี	เมืองกอร์กีย์
09008454-n	เมืองปีเตอร์เบิร์ก	เมืองเซนต์ปีเตอร์สเบิร์ก	เมืองเซนต์ปีเตอร์เบิร์ก	เมืองเลนินกราด
09011518-n	กรุงมินสก์	เมืองหลวงประเทศเบลารุส
09012530-n	กรุงทาลลินน์	เมืองหลวงประเทศเอสโตเนีย
09013353-n	กรุงริกา	เมืองหลวงประเทศลัตเวีย
09014273-n	กรุงวิลนีอุส	กรุงวิลโน	เมืองหลวงประเทศลิทัวเนีย
09014850-n	กรุงคีชีเนา	เมืองหลวงประเทศมอลโดวา
09015907-n	กรุงเคียฟ	เมืองหลวงประเทศยูเครน
09017526-n	สาธารณรัฐอาร์เมเนีย	อาร์มีเนีย
09018030-n	กรุงเยเรวาน	เมืองหลวงประเทศอาร์เมเนีย
09019194-n	กรุงทบิลิซิ	เมืองหลวงประเทศจอร์เจีย
09020440-n	คีร์กีซสถาน	สาธารณรัฐคีร์กีซสถาน
09020792-n	กรุงบิชเคก	เมืองหลวงคีร์กีซสถาน
09021313-n	กรุงดูชานเบ	เมืองหลวงประเทศทาจิกิสถาน
09021503-n	ประเทศเติรก์เมนิสถาน	ประเทศเติร์กเมนิสถาน
09021812-n	อาชกาบัต	เมืองหลวงเติร์กเมนิสถาน
09022538-n	กรุงทาชเคนต์	เมืองหลวงประเทศอุซเบกิสถาน
09022831-n	ภูมิภาคละตินอเมริกา	ละตินอเมริกา
09023321-n	ประเทศสเปน	ราชอาณาจักรสเปน	เอสปันญา
09024467-n	กรุงมาดริด	เมืองหลวงประุเทศสเปน	เมืองหลวงประเทศสเปน
09025728-n	เมืองคอร์โดบา	เมืองคอร์โดวา
09028841-n	ยิบรอลตา	ยิบรอลตาร์
09030210-n	กรุงคาร์ทูม	เมืองหลวงประเทศซูดาน
09030752-n	ประเทศซูรินัม	ประเทศซูรินาเม
09031061-n	กรุงปารามาริโบ	เมืองหลวงประเทศซูรินาเม
09031233-n	ประเทศสวาซิแลนด์	ราชอาณาจักรสวาซิแลนด์
09031501-n	กรุงอัมบาบาเน	เมืองหลวงประเทศสวาซิแลนด์
09031653-n	ประเทศสวิส	ประเทศสวิสเซอร์แลนด์	สมาพันธรัฐสวิส
09032321-n	กรุงเบิร์น	เมืองหลวงประเทศสวิสเซอร์แลนด์
09032483-n	เมืองบาเซิล	เมืองเบล
09033333-n	ประเทศซีเรีย	สาธารณรัฐอาหรับซีเรีย
09033936-n	เมืองดามัสกัส	เมืองหลวงประเทศซีเรีย
09034550-n	ประเทศแทนซาเนีย	สหสาธารณรัฐแทนซาเนีย
09034967-n	กรุงดาเอสซาลาม	เมืองหลวงประเทศแทนซาเนีย
09036452-n	ประเทศสยาม	ประเทศไทย	ราชอาณาจักรไทย	สยามประเทศ
09036880-n	กทม.	กรุงเทพมหานคร	กรุงเทพฯ	เมืองหลวงประเทศไทย
09037133-n	ประเทศตองกา	ราชอาณาจักรตองกา
09037838-n	กรุงตูนิส	เมืองหลวงประเทศตูนิเซีย
09042213-n	เมืองบรูซา	เืมืองเบอร์ซา
09043926-n	กรุงกัมปาลา	เมืองหลวงประเทศยูกันดา
09044536-n	กรุงอาบูดาบี	เมืองหลวงประเทศสหรัฐอาหรับเอมิเรตส์
09044862-n	ประเทศสหรัฐ	ประเทศสหรัฐอเมริกา	ยูเอส	ยูเอสเอ	เมืองลุงแซม
09050089-n	มลรัฐอิสระ	รัฐอิสระ
09050244-n	รัฐทางใต้	สมาพันธรัฐ
09053185-n	มลรัฐอลาบามา	มลรัฐแอละแบมา	รัฐอลาบามา	อลาบามา
09053801-n	เมืองมอนต์กอเมอรี	เมืองหลวงมลรัฐแอละแบมา
09055015-n	มลรัฐอลาสกา	มลรัฐอะแลสกา	รัฐอลาสกา	อลาสกา
09055786-n	เมืองจูโน	เมืองหลวงมลรัฐอะแลสกา
09057311-n	มลรัฐอริโซนา	มลรัฐแอริโซนา	รัฐอริโซนา	อริโซนา
09058376-n	เมืองฟีนิกซ์	เมืองหลวงมลรัฐแอริโซนา
09059274-n	มลรัฐอาร์คันซอ	รัฐอาร์คันซอ	อาร์คันซอ
09060280-n	เมืองลิตเทิลร็อก	เมืองหลวงมลรัฐอาร์คันซอ
09060768-n	มลรัฐแคลิฟอร์เนีย	รัฐแคลิฟอเนีย	แคลิฟอเนีย
09065557-n	ซานฟรานซิสโก	เมืองซานฟรานซิสโก
09067277-n	มลรัฐโคโลราโด	รัฐโคโลราโด	โคโลราโด
09068107-n	เมืองหลวงมลรัฐโคโลราโด	เมืองเดนเวอร์
09068444-n	คอนเน็กติกัต	มลรัฐคอนเน็กติกัต	รัฐคอนเน็กติกัต
09069190-n	เมืองหลวงมลรัฐคอนเนตทิคัต	เมืองฮาร์ตฟอร์ด
09069862-n	มลรัฐเดลาแวร์	รัฐเดลาแวร์	เดลาแวร์
09070233-n	เมืองหลวงมลรัฐเดลาแวร์	เมืองโดเวอร์
09070793-n	กรุงวอชิงตัน	เมืองหลวงประเทศสหรัฐอเมริกา
09071690-n	ฟลอริดา	มลรัฐฟลอริดา	รัฐฟลอริดา
09075170-n	เมืองหลวงมลรัฐฟลอริดา	เมืองแทลลาแฮสซี
09075842-n	จอร์เจีย	มลรัฐจอร์เจีย	รัฐจอร์เจีย
09076421-n	จอร์เจีย	อาณานิคมจอร์เจีย
09076675-n	เมืองหลวงมลรัฐจอร์เจีย	เมืองแอตแลนตา
09078231-n	มลรัฐฮาวาย	รัฐฮาวาย	ฮาวาย
09078784-n	เมืองหลวงมลรัฐฮาวาย	เมืองโฮโนลูลู
09079505-n	ฮาวาย	เกาะฮาวาย
09081213-n	มลรัฐไอดาโฮ	รัฐไอดาโฮ	ไอดาโฮ
09081560-n	กรุงบอยซิ	เมืองหลวงมลรัฐไอดาโฮ
09082540-n	มลรัฐอิลลินอยส์	รัฐอิลลินอยส์	อิลลินอยส์
09084483-n	เมืองสปริงฟีลด์	เมืองหลวงมลรัฐอิลลินอยส์
09084750-n	มลรัฐอินเดียน่า	รัฐอินเดียน่า	อินเดียน่า
09085593-n	เมืองหลวงมลรัฐอินดีแอนา	เมืองอินเีดียแนโพลิส
09086173-n	มลรัฐไอโอวา	รัฐไอโอวา	ไอโอวา
09086995-n	เมืองดิมอยส์	เมืองหลวงมลรัฐไอโอวา
09087599-n	มลรัฐแคนซัส	รัฐแคนซัส	แคนซัส
09088815-n	เมืองหลวงมลรัฐแคนซัส	เมืองโทพีกา
09089139-n	มลรัฐเคนตักกี้	มลรัฐเคนทักกี	รัฐเคนตักกี้	เคนตักกี้
09089631-n	เมืองมลรัฐเคนทักกี	เมืองแฟรงก์เฟิร์ต
09090825-n	มลรัฐลุยเซียนา	รัฐลุยเซียนา	รัฐหลุยเซียนา	หลุยเซียนา
09091398-n	เมืองหลวงมลรัฐลุยเซียนา	เมืองแบตันรูช
09092497-n	มลรัฐเมน	รัฐเมน
09092822-n	กรุงออกัสตา	เมืองหลวงมลรัฐเมน
09093608-n	มลรัฐแมริแลนด์	รัฐแมรีแลนด์	แมรีแลนด์
09095023-n	มลรัฐแมสซาชูเซตส์	รัฐแมสซาชูเซตส์	แมสซาชูเซตส์
09095751-n	กรุงบีนทาวน์	เมืองบอสตัน	เมืองบีนทาวน์	เมืองหลวงมลรัฐแมสซาชูเซตส์
09099526-n	มลรัฐมิชิแกน	มิชิแกน	รัฐมิชิแกน
09100394-n	ดีทรอยท์	เมืองมอเตอร์ซิตี้	เมืองโมทาวน์
09101318-n	เมืองหลวงมลรัฐมิชิแกน	เมืองแลนซิง
09102016-n	มลรัฐมินนิโซตา	มินนิโซต้า	รัฐมินนิโซต้า
09103217-n	เมืองเซนต์เคลาด์	เ้มืองเซนต์เคลาด์
09103377-n	เมืองหลวงมลรัฐมินนิโซตา	เมืองเซนต์ปอล	เมืองเซนต์พอล
09103943-n	มลรัฐมิสซิสซิปปี	มิสซิสซิปปี	รัฐมิสซิสซิปปี
09105003-n	เมืองหลวงมลรัฐมิสซิสซิปปี	เมืองแจ็กสัน
09105821-n	มลรัฐมิสซูรี	มิสซูรี	รัฐมิสซูรี
09106912-n	เจฟเฟอร์สันซิตี	เมืองหลวงมลรัฐมิสซูรี
09107626-n	ประตูสู่ตะวันตก	เมืองเซนต์หลุยส์
09108164-n	มลรัฐมอนทานา	มลรัฐมอนแทนา	มอนทานา	รัฐมอนทานา
09109180-n	เมืองหลวงมลรัฐมอนแทนา	เมืองเฮเลนา
09109444-n	มลรัฐเนแบรสกา	รัฐเนบราสก้า	เนบราสก้า
09109882-n	เมืองลิงคอล์น	เมืองหลวงมลรัฐเนแบรสกา
09110422-n	มลรัฐเนวาดา	รัฐเนวาดา	เนวาดา
09110784-n	เมืองคาร์สันซิตี	เมืองหลวงมลรัฐเนวาดา
09111366-n	นิวแฮมป์เชียร์	มลรัฐนิวแฮมป์เชียร์	รัฐนิวแฮมป์เชียร์
09111754-n	เมืองคองคอร์ด	เมืองหลวงมลรัฐนิวแฮมป์เชียร์
09112282-n	นิวเจอร์ซีย์	มลรัฐนิวเจอร์ซีย์	รัฐนิวเจอร์ซีย์
09113022-n	เมืองหลวงมลรัฐนิวเจอร์ซีย์	เมืองเทรนตัน
09114696-n	นิวเม็กซิโก	มลรัฐนิวเม็กซิโก	รัฐนิวเม็กซิโก
09116318-n	เมืองหลวงมลรัฐนิวเม็กซิโก	เมืองแซนตาเฟ
09117351-n	นิวยอร์ก	มลรัฐนิวยอร์ก	รัฐนิวยอร์ก
09119277-n	มหานครนิวยอร์ก	เมืองนิวยอร์ก
09121619-n	จตุรัสโซโห	โซโห
09122542-n	จัตุรัสไทมส์	ไทมส์สแควร์
09126305-n	นอร์ทแคโรไลนา	มลรัฐนอร์ทแคโรไลนา	รัฐนอร์ทแคโรไลนา
09127844-n	เมืองราลี	เมืองหลวงมลรัฐนอร์ทแคโรไลนา
09129719-n	เมืองบิสมาร์ก	เมืองหลวงมลรัฐนอร์ทดาโคตา
09130076-n	มลรัฐโอไฮโอ	รัฐโอไฮโอ	โอไฮโอ
09131001-n	เมืองหลวงมลรัฐโอไฮโอ	เมืองโคลัมบัส
09131654-n	มลรัฐโอคลาโฮมา	รัฐโอคลาโฮมา	โอคลาโฮมา
09132597-n	เมืองหลวงมลรัฐโอคลาโฮมา	เมืองโอคลาโฮมาซิตี
09133010-n	มลรัฐออริกอน	มลรัฐโอเรกอน	รัฐโอเรกอน	โอเรกอน
09134202-n	เมืองหลวงมลรัฐออริกอน	เมืองเซเลม
09134386-n	มลรัฐเพนซิลเวเนีย	รัฐเพนซิลวาเนีย	เพนซิลวาเนีย
09134882-n	อาณานิคมเพนซิลวาเนีย	เพนซิลวาเนีย
09135733-n	เมืองหลวงมลรัฐเพนซิลเวเนีย	เมืองแฮร์ริสเบิร์ก
09137032-n	มลรัฐโรดไอแลนด์	รัฐโรดไอแลนด์	โรดไอแลนด์
09137451-n	เมืองพรอวิเดนซ์	เมืองหลวงมลรัฐโรดไอแลนด์
09137869-n	มลรัฐเซาท์คาโรไลนา	รัฐเซาท์คาโรไลนา	เซาท์คาโรไลนา
09138358-n	เมืองหลวงมลรัฐเซาท์แคโรไลนา	เมืองโคลัมเบีย
09138935-n	มลรัฐเซาท์ดาโคตา	รัฐเซาท์ดาโคตา	เซาท์ดาโคตา
09139508-n	เมืองปิแอร์	เมืองหลวงมลรัฐเซาท์ดาโคตา
09140148-n	มลรัฐเทนเนสซี	รัฐเทนเนสซี	เทนเนสซี
09141297-n	เมืองหลวงมลรัฐเทนเนสซี	แนชวิลล์
09141526-n	มลรัฐเทกซัส	รัฐเท็กซัส	เท็กซัส
09143017-n	กรุงออสติน	เมืองหลวงมลรัฐเทกซัส
09147046-n	มลรัฐยูทาห์	ยูทาห์	รัฐยูทาห์
09147737-n	เมืองซอลต์เลกซิตี	เมืองหลวงมลรัฐยูทาห์
09147964-n	มลรัฐเวอร์มอนต์	รัฐเวอร์มอนต์	เวอร์มอนต์
09148259-n	เมืองมอนต์เพเลียร์	เมืองหลวงมลรัฐเวอร์มอนต์
09148970-n	มลรัฐเวอร์จิเนีย	รัฐเวอร์จิเนีย	เวอร์จิเนีย
09149934-n	อาณานิคมเวอร์จิเนีย	เวอร์จิเนีย
09150047-n	เมืองริชมอนด์	เมืองหลวงมลรัฐเวอร์จิเนีย
09152944-n	มลรัฐวอชิงตัน	รัฐวอชิงตัน	วอชิงตัน
09154000-n	เมืองหลวงมลรัฐวอชิงตัน	เมืองโอลิมเปีย
09155306-n	มลรัฐเวสต์เวอร์จิเนีย	รัฐเวสต์เวอร์จิเนีย	เวสต์เวอร์จิเนีย
09155798-n	เมืองชาร์ลสตัน	เมืองหลวงมลรัฐเวสต์เวอร์จิเนีย
09157163-n	มลรัฐวิสคอนซิน	รัฐวิสคอนซิน	วิสคอนซิน
09158024-n	เมืองหลวงมลรัฐวิสคอนซิน	เมืองแมดิสัน
09159003-n	มลรัฐไวโอมิง	รัฐไวโอมิง	ไวโอมิง
09159675-n	เมืองชีย์เอนเน	เมืองหลวงมลรัฐไวโอมิง
09160571-n	กรุงมอนเตวิเดโอ	เมืองหลวงประเทศอุรุกวัย
09160775-n	ประเทศวานูอาตู	สาธารณรัฐอานูวาตู
09160968-n	กรุงพอร์ตวิลลา	เมืองหลวงประเทศวานูอา่ตู
09162276-n	กรุงการากัส	เมืองหลวงประเทศเวเนซูเอลา
09164095-n	กรุงฮานอย	เมืองหลวงประเทศเวียดนาม
09164241-n	เมืองโฮจิมินห์ซิตี้	ไซง่อน
09165294-n	เมืองมูกัลลา	เมืองมูลกัลลา
09165996-n	ลูซากา	เมืองหลวงประเทศแซมเบีย
09167101-n	ประเทศซิมบับเว	สาธารณรัฐซิมบับเว
09167505-n	กรุงฮาราเร	เมืองหลวงประเทศซิมบับเว
09172480-n	ซับซาฮารันแอฟริกา	แอฟริกาซับซาฮารัน
09174718-n	ภูเขาเอตนา	ภูเขาไฟเอตนา
09175016-n	ภูเขาไฟฟูจิ	ภูเขาไฟฟูจิยามา
09178141-n	อัฟริกาเหนือ	แอฟริกาเหนือ
09178310-n	อัฟริกาตะวันตก	แอฟริกาตะวันตก
09183693-n	จริยธรรม	ศีลธรรม
09184543-n	ความระลึกในหน้าที่	ความรู้สึกละอายใจ
09184834-n	พลังงานทางจิต	พลังจิต
09187594-n	ยอดเขาของอดัม	ยอดเขาสามานาลา
09187923-n	เทือกเขาอาดิรอนเดก	เทือกเขาอาอิรอนเดกส์
09188609-n	ทะเลอีเจียน	ทะเลเอเจียน
09189157-n	รังนกอินทรี	รังนกเหยี่ยว
09189411-n	กาฬทวีป	ทวีปอัฟริกา	ทวีปแอฟริกา	อัฟริกา	แอฟริกา
09199904-n	ปฏิยานุภาค	อนุภาคตรงข้าม
09200317-n	แอนติควอร์ก	แอนติควาร์ก
09201840-n	กลุ่มดาวกุมภ์	กลุ่มดาวคนแบกหม้อน้ำ
09201998-n	ชั้นน้ำ	ชั้นหินอุ้มน้ำ
09203827-n	กลุ่มเกาะ	หมู่เกาะ
09206133-n	กลุ่มดาวเมษ	กลุ่มดาวแกะ
09206985-n	การค่อยๆเพิ่ม	ชันขึ้น
09207288-n	ทวีปเอเชีย	เอเชีย
09209263-n	มหาสมุทรแอตแลนติก	มหาสมุทรแอตแลนติค
09210236-n	ชายฝั่งมหาสมุทรแอตแลนติก	ชายฝั่งแอตแลนติก
09210862-n	อะทอลล์	เกาะที่เกิดจากหินปะการัง	เกาะปะการังวงแหวน
09212935-n	ทะเลสาบบาลาตัน	ทะเลสาบาลาตัน
09213828-n	การลาดเอียง	ความลาด
09215023-n	อนุภาคหนัก	อนุภาพแบริออน	แบริออน
09217230-n	ชายทะเล	ชายหาด	ริมทะเล	ริมหาด	หาด
09217638-n	ก้น	พื้นดินใต้ทะเลลึก
09218159-n	รวงผึ้ง	รวงรัง	รังผึ้ง
09219731-n	ดาวบีเทลจุส	ดาวบีเทิลจูส
09219858-n	กลุ่มดาวไถ	กลุ่มดาวไถใหญ่
09221070-n	ดาวคู่	ดาวแฝด
09222051-n	การแกะสลัก	ชิ้นส่วนเล็กๆ	เศษ
09224566-n	ท้องฟ้าสีคราม	ฟ้าสีคราม
09224828-n	บี-มีซอน	บี-เมซอน
09225943-n	พรุ	ห้วยหนอง
09229709-n	ฟองก๊าซ	ฟองสบู่
09232687-n	กลุ่มดาวกรกฎ	กลุ่มดาวปู
09233446-n	หุบผาชัน	หุบเขา	หุบเขาลึก	แคนยอน
09235713-n	กลุ่มดาวมกร	กลุ่มดาวแพะทะเล
09236957-n	น้ำตกเล็กๆ	หลั่นน้ำตก
09237918-n	น้ำตกแก่งใหญ่	แก่งน้ำตก
09239740-n	วัตถุท้องฟ้า	เทห์ฟ้า	เทห์วัตถุ
09243906-n	ขี้วัวแห้ง	เศษขี้วัว
09245212-n	กาก	คลิงเกอร์
09247410-n	ก้อนเมฆ	ขี้เมฆ	ปุยเมฆ	เมฆ
09251832-n	ยอดเขาคอมมูนิสม์	ยอดเขาสตาลิน
09252078-n	แม่น้ำคองโก	แม่น้ำซาอีร์
09252273-n	แม่น้ำคอนเนคติกัท	แม่น้ำคอนเนตทิคัต
09260218-n	การบุ	เปลือก
09260466-n	คริสตัล	ผลึก	ผลึกคริสตัล
09262955-n	ขี้รังแค	รังแค
09264599-n	หุบเขา	หุบเขาเล็กมีป่า
09265620-n	การตก	การตกลง
09266790-n	เนบิวลาสว่าง	เนบิวลาแบบแพร่กระจาย
09268480-n	กับระเบิด	ขี้หมา
09275335-n	ดาวบริวารยูโรปา	ดาวยูโรปา
09280380-n	ปากแม่น้ำ	เฟิร์ท
09280995-n	ดาวประจำที่	ดาวฤกษ์
09281104-n	ฟยอร์ด	ฟีออร์ด
09282724-n	ฟอง	โฟม
09284015-n	ป่า	ป่าดง	ป่าดงพงพี	พงไพร	พนาลัย	วนาลัย
09284589-n	ซากดึกดำบรรพ์	ซากฟอสซิล	ฟอสซิล
09287613-n	กลุ่มดาวคนคู่	กลุ่มดาวเมถุน
09287817-n	หินจาว	หินโพรง
09288635-n	กีย์เซอร์	น้ำพุร้อน
09289331-n	กลาเซียร์	ธารน้ำแข็ง
09292348-n	เกรตบาร์ริเออร์รีฟ	แนวปะการังใหญ่
09294599-n	ป่าดงดิบ	ป่าทึบ	ป่าเขียวชอุ่ม
09295210-n	ก้อนภูเขาน้ำแข็ง	ภูเขาน้ำแข็งขนาดเล็ก
09295338-n	สิ่งที่เจริญเติบโต	สิ่งที่เติบโต
09297584-n	ทะเลคอร์เทส	อ่าวแคลิฟอร์เนีย
09300030-n	อ่าวสยาม	อ่าวไทย
09302804-n	ทะเลหลวง	น่านน้ำสากล
09306257-n	แม่น้ำฮวงเหอ	แม่น้ำฮวงโห	แม่น้ำเหลือง
09308572-n	ก้อนน้ำแข็ง	ภูเขาน้ำแข็ง
09311067-n	ซากดึกดำบรรพ์ดัชนี	ฟอสซิลดัชนี
09316454-n	เกาะ	เกาะแก่ง
09321180-n	เเม่น้ำเจมส์	แม่น้ำเจมส์
09323660-n	อนุภาคเคออน	เคออน
09325824-n	ก้อนนิ่วในไต	นิ่วในไต
09326662-n	เนินเขา	โคก
09328746-n	ทะเลสาบน้ำเค็ม	ทะเลสาบน้ำเค็มชายฝั่ง	ลากูน
09330233-n	ทะเลสาบอารัล	ทะเลอารัล
09334396-n	ผืนดิน	พื้น	พื้นดิน	แผ่นดิน
09335240-n	ดิน	ที่
09335693-n	ฝั่ง	แผ่นดิน
09337833-n	กลุ่มดาวสิงห์	กลุ่มดาวสิงโต
09338453-n	แม่น้ำลีธี	แม่น้ำล้างความทรงจำ	แม่น้ำแห่งความลืม
09339109-n	กลุ่มดาวคันชั่ง	กลุ่มดาวตุลย์
09342563-n	ดาวนำทาง	ดาวเหนือ
09351408-n	ดาวพุธ	พุธ
09351905-n	เนินยอดราบ	เนินเมซา
09353109-n	ดาวตก	ผีพุ่งไต้	หินอุกาบาต	อุกาบาต
09358226-n	จันทรา	จันทร์	ดวงจันทร์	ดวงเดือน	พระจันทร์	เดือน
09358751-n	ทุ่งมัวร์	ทุ่งหญ้า
09359471-n	ดาวประกายพรึก	ดาวศุกร์
09359803-n	ขุนเขา	ภูเขา	เขา
09363214-n	มิวออน	อนุภาคมิวออน
09371816-n	แม่น้ำนิโอบรารา	แม่น้ำไนโอแบรรา
09372313-n	รอยเลื่อนแบบปกติ	รอยเลื่อนแบบปกติื
09373333-n	กลุ่มดาวกางเขนเหนือ	กางเขนเหนือ
09375085-n	นิวเคลียส	นิวเคลียสอะตอม
09376526-n	ก้นทะเล	ก้นมหาสมุทร
09382191-n	ทะเลสาบรูปแอก	ทะเลสาบรูปแอกวัว
09382570-n	ช่องโหว่โอโซน	ช่องโอโซน	รูโอโซน
09382990-n	มหาสมุทรแปซิฟิก	มหาสมุทรแปซิฟิค
09383793-n	ชายฝั่งมหาสมุทรแปซิฟิก	ชายฝั่งแปซิฟิก
09385416-n	แม่น้ำพาร์นาฮิบา	แม่น้ำพาร์ไนบา
09385586-n	พาร์นาสซัส	ภูเขาพาร์นาสซัส
09388530-n	กลุ่มดาวม้าบิน	กลุ่มดาวเปกาซัส
09392824-n	กลุ่มดาวปลา	กลุ่มดาวมีน
09394007-n	ดาวพระเคราะห์	ดาวเคราะห์	ดาวเคราะห์ใหญ่
09397607-n	แอ่ง	แอ่งน้ำ
09397896-n	อนุภาคต้านอิเล็กตรอน	โพซิตรอน
09401834-n	ควาร์ก	อนุภาคควาร์ก
09403427-n	รุ้ง	รุ้งกินน้ำ	สายรุ้ง
09403734-n	เทือก	เทือกเขา
09405169-n	ยอดเขาทาโคมา	ยอดเขาเรเนียร์
09408540-n	แม่น้ำรีเนอ	แม่น้ำไรน์
09416076-n	ก้อนหิน	ศิลา	หิน
09419112-n	กลุ่มดาวคนถือธนู	กลุ่มดาวคนยิงธนู	กลุ่มดาวธนู
09419536-n	เเม่น้ำเซนต์จอห์น	แม่น้ำเซนต์จอห์น
09419783-n	เเม่น้ำเซนต์จอห์นส์	เเม่น้ำเซนต์่จอห์นส์	แม่น้ำเซนต์จอห์นส์
09420030-n	แม่น้ำลอว์เรนซ์	แม่น้ำเซนต์ลอว์เรนซ์
09425607-n	ขี้รังแค	ขี้ไคล
09426143-n	กลุ่มดาวพิจิก	กลุ่มดาวแมงป่อง
09428628-n	ชายทะเล	ชายหาด	ริมทะเล
09435232-n	ซิลล์	พนังแทรกชั้น
09436708-n	ท้องฟ้า	นภา	ฟากฟ้า	ฟ้า
09439213-n	ฟอง	ฟองสบู่
09442341-n	ประกายไฟ	สะเก็ดไฟ
09442838-n	เศษ	เสี้ยน
09444100-n	ดวงดาว	ดาว
09444783-n	ดวงดาว	ดาว
09445088-n	เทือกเขาเซนต์เอเลียส	เืทือกเขาเซนต์เอเลียส
09448090-n	ชั้นสตราโทสเฟียร์	สตราโทสเฟียร์
09448361-n	ธารน้ำ	สายน้ำ
09450163-n	ดวงตะวัน	ดวงอาทิตย์	ตะวัน	พระอาทิตย์	สุริยัน	อาทิตย์
09450454-n	ดวงตะวัน	ดวงอาทิตย์	ตะวัน	พระอาทิตย์	อาทิตย์
09451103-n	ส่วนลอย	ส่วนเหนือตะกอน
09451864-n	แม่น้ำซูรินัม	แม่น้ำซูรินาเม
09452395-n	พรุ	หนองน้ำ
09455306-n	กลุ่มดาวพฤษภ	กลุ่มดาววัว
09456614-n	น่านน้ำอาณาเขต	เขตน่านน้ำ
09457367-n	ชั้นเทอร์โมสเฟียร์	บรรยากาศชั้นเทอร์โมสเฟียร์	เทอร์โมสเฟียร์
09461315-n	ความลึก	ร่องลึกในทะเล
09462600-n	ชั้นโทรโพสเฟียร์	บรรยากาศชั้นโทรโพสเฟียร์	โทรโพสเฟียร์
09464335-n	น้ำตกคู่แฝด	น้ำตกทวิน
09466280-n	จักรวาล	สรรพสิ่ง	สิ่งมีชีวิต
09470222-n	ทางแร่	สายแร่
09471976-n	กลุ่มดาวกันย์	กลุ่มดาวหญิงสาว
09479238-n	เกาะไอสล์ออฟไวท์	ไอสล์ออฟไวท์
09481523-n	แม่น้ำแยงซี	แม่น้ำแยงซีเกียง
09481958-n	ทะเลหวางไห่	ทะเลเหลือง
09482330-n	แม่น้ำเยนิเซ	แม่น้ำเยนิไซ
09483340-n	แม่น้ำเพิร์ล	แม่น้ำแคนตัน
09483738-n	สัตว์ในจินตนาการ	สิ่งมีชีวิตในจินตนาการ
09484465-n	มนุษย์ต่างดาว	สิ่งมีชีวิตต่างดาว	สิ่งมีชีวิตที่มาจากนอกโลก	สิ่งมีชีวิตนอกโลก	เอเลี่ยน
09484664-n	สัตว์ในตำนาน	สัตว์ในเทพนิยาย
09486639-n	แอลไซโอนี	แฮลเซียน
09487252-n	มนุษย์หิมะ	เยติ
09487385-n	บิ๊กฟุต	ไอ้ตีนโต
09487821-n	สัตว์ประหลาดแห่งทะเลสาบล็อคเนส	เนสซี
09488711-n	ยักษ์	ไจแอนท์
09489601-n	นางเงือก	เงือก	เงือกตัวเมีย
09489697-n	นายเงือก	เงือกตัวผู้
09489889-n	ยักษ์ร้อยตา	อาร์กัส
09490210-n	คาลิปโซ่	นางคาลิปโซ่
09490572-n	ยักษ์ตาเดียว	ไซคลอปส์
09490756-n	นางยักษ์	ยักขิณี
09490825-n	ยักษ์โอเกอร์	โอเกอร์
09490961-n	นางยักษ์โอเกรส	โอเกรส
09491966-n	มอนสเตอร์	สัตว์ประหลาด
09492877-n	งูบาซิลิสก์	บาซิลิสก์
09494149-n	ครอกกาไทรส์	มังกรไก่
09494388-n	ดรากอน	มังกร
09495103-n	กอร์กอน	นางกอร์กอน	นางพญากอร์กอน
09495962-n	กริฟฟิน	นกกริฟฟิน
09496099-n	นกฮาร์พี	ฮาร์พี
09496802-n	ลีไวอาซัน	ลีไวอาธัน
09497913-n	นางเมดูซ่า	เมดูซ่า
09499657-n	คนแคระนิเบลุง	นิเบลุง
09500217-n	ปารีส	เจ้าชายปารีส
09500625-n	ม้าบิน	ม้ามีปีก	ม้าเปกาซัส	เปกาซัส
09500936-n	นกฟีนิกซ์	นกไฟอมตะ	ฟีนิกซ์
09501198-n	มังกรไพธอน	ไพธอน
09502700-n	อสูรกายไทเฟียส	ไทเฟียส
09502906-n	อสูรกายไทฟอน	ไทฟอน
09503486-n	มังกรไวเวิร์น	ไวเวิร์น
09504915-n	พรหมลิขิต	เทพีแห่งโชคชะตา
09505153-n	ผู้นำทางจิตวิญญาณ	ผู้นำลัทธิ	ผู้นำศาสนา
09505418-n	เทพ	เทพเจ้า
09508666-n	ดักดา	เทพดักดา
09509375-n	ฟอมอร์	ฟอมอเรียน
09509678-n	กวีน	เทพกวีน
09510643-n	เทพีมอร์ริกิว	เทพีมอร์ริแกน
09511519-n	เทพรา	เทพอาเมน-รา
09511712-n	อานูบิส	เทพอานูบิส
09512157-n	เก็บ	เทพเก็บ
09512266-n	ฮอรัส	เทพฮอรัส
09512516-n	เคเปรา	เทพเจ้าเคเปรา
09512913-n	เทพโอซิริส	โอซิริส
09516323-n	เทพีแอสตาร์เต	แอสตาร์เต
09516498-n	อิชตาร์	เทพีอิชตาร์
09519075-n	นางลิลิธ	ลิลิธ
09525579-n	ธรรม	พระธรรม
09525746-n	พระแม่ทุรกา	เจ้าแม่ทุรกา
09527185-n	พระมารุต	มารุต
09529999-n	พระนารายณ์	พระวิษณุ
09530238-n	พระอวตาร	อวตาร	เทพอวตาร
09530629-n	กัลกยาวตาร	กัลกี
09532214-n	พระพุทธเจ้า	พระศากยมุนี	พระสมณะโคดม	สมเด็จพระสัมมาสัมพุทธเจ้า	เจ้าชายสิทธัตถะ
09532384-n	พระโพธิสัตว์	โพธิสัตว์
09532691-n	พระอวโลกิเตศวร	พระโพธิสัตว์อวโลกิเตศวร
09532942-n	ผู้ตรัสรู้	พุทธะ
09533301-n	เจียงกั๋วเล้า	เซียนเจียงกั๋วเล้า
09535622-n	พระแม่	เจ้าแม่	เทพี	เทวี
09535708-n	เทพธรณี	เทพเจ้าแห่งความอุดมสมบูรณ์
09536058-n	พระผู้เป็นเจ้า	พระเจ้า
09536363-n	พระผู้เป็นเจ้า	พระเจ้า	พระเจ้าผู้สร้างโลก
09536584-n	พลังเอออน	เอออน
09537502-n	เมสสิยาห์	เมสไซยาห์
09537660-n	คริสต์	เมสสิยาห์	เมสไซยาห์
09538318-n	พระยะโฮวาห์	ยาหเวห์
09538544-n	พระอัลเลาะห์	อัลเลาะห์
09538633-n	ดีิมิเิอิร์จ	เทพดีิมิเิอิร์จ
09538915-n	นางฟ้า	นางสวรรค์	เทพธิดา
09540430-n	นางฟ้า	นางฟ้านางสวรรค์	นางสวรรค์	เทพี
09540739-n	ตัวเอลฟ์	เกรมลิน	เอลฟ์
09541125-n	คนแขวน	มนุษย์จิ๋ว
09541346-n	อันดีน	เทพีอันดีน
09541919-n	วิญญาณชั่ว	วิญญาณชั่วร้าย	วิญญาณร้าย
09542339-n	ปีศาจ	วิญญาณร้าย
09543021-n	ซัคคิวบัส	ปิศาจแฝงฝัน
09543353-n	ซาตาน	ลูซิเฟอร์
09544109-n	ผีดิบ	แวมไพร์
09546772-n	ผีพราย	พราย	พรายน้ำ	ภูตน้ำ
09547111-n	ผี	ภูตผี
09548111-n	เทพแห่งป่า	แซทเทอร์
09549047-n	นางเอคโค	เอคโค
09549983-n	สเตโรพี	อัสเตโรพี
09550585-n	นางเนเรียด	เนเรียด
09556697-n	ซินเธีย	อาร์เตมิส
09559769-n	เทพีน็อกซ์	เทพีแห่งรัตติกาล
09560061-n	กามเทพ	คิวพิด
09565999-n	มิวส์	เทพีมิวส์
09568051-n	ยูเรนัส	เทพยูเรนัส
09568241-n	เทพเจ้าแพน	เทพเจ้าแห่งแพะ
09570298-n	พญามัจจุราช	พญายม	ยมราช	ฮาเดส
09577155-n	นางยักษ์นิโมซินี	นางยักษ์นีโมซินี
09577833-n	นางเลโต	เลโต
09582122-n	นจอร์ด	เทพนจอร์ด
09582726-n	เทพีเวอร์ดานดดี	เทพีเวอร์ดานดี
09584405-n	หมาป่าเฟนเรอ	เฟนเรอ
09586743-n	อีฟ	อีวา	เอวา
09587565-n	ตัวละคร	บท
09590495-n	บรุนฮิลด์	พระราชินีบรุนฮิลด์
09594756-n	กษัตริย์อาทรีอุส	อาทรีอุส
09595545-n	นางไคลเทมเนสตรา	ไคลเทมเนสตรา
09596733-n	ราชินีโจคัสต้า	โจคัสต้า
09597478-n	กษัตริย์ไลอัส	ไลอัส
09600188-n	เฮเลน	เฮเลนแห่งกรุงทรอย
09604981-n	ตนเอง	ตัวเอง
09605110-n	นัมเบอร์วัน	หมายเลขหนึ่ง	เบอร์หนึ่ง
09606009-n	นักผจญภัย	ผู้รักการผจญภัย
09606873-n	คนเกิดผิดยุค	ผู้เกิดก่อนกาล
09607280-n	คนสมัคร	ผู้สมัคร
09607903-n	ชาวยิวอัชเคนาซิ	ชาวยิวแห่งอัชเคนาซ
09608002-n	คนเข้าร่วม	ผู้เข้าประชุม	ผู้เข้าร่วมประชุม
09608709-n	คนให้ความช่วยเหลือ	ผู้ช่วยเหลือ	ผู้สนับสนุนทางการเงิน	ผู้อุปถัมภ์	ผู้ให้ความช่วยเหลือ
09610255-n	คนตาบอดสี	ผู้ตาบอดสี
09613191-n	ผู้ร่วมการแข่งขัน	ผู้ร่วมแข่งขัน	ผู้เข้าร่วมการแข่งขัน	ผู้เข้าร่วมแข่งขัน	ผู้เข้าแข่งขัน	ผู้แข่งขัน
09614047-n	คนขลาด	คนขี้ขลาด
09614315-n	นักสร้างสรรค์	ผู้สร้างสรรค์
09614684-n	ผู้ปกป้อง	ผู้ป้องกัน
09615211-n	ผู้ป้องกัน	ฝ่ายตั้งรับ
09615807-n	นักวิทยาศาสตร์ประยุกต์	วิศวกร
09616722-n	ร.ต.	เรือตรี
09616922-n	คนบันเทิง	คนวงการบันเทิง	ผู้สร้างความบันเทิง
09619168-n	คนเพศหญิง	สตรีเพศ	เพศหญิง
09619824-n	ปัจเจก	ปัจเจกบุคคล	ป้จเจกชน
09620078-n	ผู้อยู่อาศัย	ผู้อาศัย
09620794-n	คนพื้นเมือง	ชนพื้นเมือง	ชนพื้นเมืองดั้งเดิม
09621359-n	คนที่อ่อนต่อโลก	คนไร้เดียงสา
09622049-n	คนรุ่นใหม่	ยช.	ยุวชน	เด็กรุ่นใหม่	เยาวชน
09622302-n	คนมีความรัก	คนรัก	คู่รัก
09622745-n	คนรัก	คู่รัก	คู่เลิฟ
09623038-n	ผู้นำ	ลีดเดอร์	หัวหน้า
09624168-n	ชาย	บุรุษ	บุรุษเพศ	ผู้ชาย	เพศชาย
09626031-n	คนที่ไม่ทำงาน	คนไม่ทำงาน	คนไม่ทำงานทำการ
09626589-n	ผู้รับรู้	ผู้สังเกตการณ์
09627462-n	คนยุคดึกดำบรรพ์	มนุษย์ดึกดำบรรพ์
09627807-n	คนถูกรางวัล	คนถูกล็อตเตอรี่	คนถูกหวย	ผู้ถูกรางวัล	ผู้ถูกล็อตเตอรี่
09628382-n	ผู้นับถือศาสนา	ผู้เชื่อในศาสนา	ศาสนิกชน
09629477-n	คนขายตั๋ว	พนักงานขายตั๋ว
09629752-n	คนเดินทาง	นักเดินทาง	ผู้เดินทาง
09630641-n	คนดวงตก	คนตกอับ	คนมีกรรม	คนอับโชค	คนโชคร้าย	ผู้ประสบเคราะห์กรรม
09631129-n	คนที่ไม่มีใครต้องการ	ผู้ไม่เป็นที่ต้องการ
09632274-n	คนขาดการฝึกฝน	คนขาดทักษะ
09632518-n	คนงาน	คนทำงาน	พนักงาน	แรงงาน
09633969-n	คนทำความผิด	คนทำผิด	คนทำผิดกฎหมายและศีลธรรม	คนผิด	ผู้ทำความผิด
09634494-n	คนอัฟริกา	คนแอฟริกา	ชาวอัฟริกา	ชาวแอฟริกัน	ชาวแอฟริกา
09636106-n	คนผิวสี	ชาวผิวสี
09636339-n	คนนิโกร	คนผิวดำ	คนผิวหมึก	ชาวนิโกร	ชาวผิวดำ	นิโกร
09637013-n	คนอเมริกันเชื้อสายแอฟริกัน	ชาวอเมริกันเชื้อสายแอฟริกัน	อเมริกันผิวดำ
09637339-n	ผู้หญิงผิวดำ	สตรีผิวดำ	หญิงผิวดำ	หญิงผิวสี
09637512-n	คนผิวสี	พวกคนผิวดำ
09638245-n	ทอม	ลุงทอม
09638875-n	คนผิวขาว	ชาวผิวขาว
09639237-n	กลุ่มคนผิวขาว	คนผิวขาว	ชนเผ่าคอเคเซียน
09641130-n	สตรีผิวขาว	หญิงผิวขาว
09641422-n	คนขาว	ฝรั่งตาน้ำขาว
09641757-n	คนเอเชีย	ชาวเอเชีย
09642917-n	กุลี	ไอ้กุลีผิวเหลือง
09643078-n	คนตะวันออก	ชาวตะวันออก
09644657-n	ชาวตาตาร์	ชาวมองโกลตาตาร์
09644820-n	คนพื้นเมืองอเมริกัน	คนอเมริกันพื้นเมือง	ชนพื้นเมืองอเมริกัน	ชาวอเมริกันพื้นเมือง
09645091-n	คนพื้นเมืองอินเดียแดง	ชนพื้นเมืองอินเดียแดง	ชาวอินเดียแดง	อินเดียนแดง
09646432-n	ชาวอัลกองกิน	ชาวอัลกองเกียน
09647680-n	ชาวอะตาคาปา	ชาวแอตตาคาปัน
09673495-n	คนอินเดีย	ชาวอินเดีย
09676490-n	ชนพื้นเมืองออสเตรเลีย	ชาวออสเตรเลียพื้นเมือง	ชาวอะบอริจิน
09678009-n	คริสตศาสนิกชน	ชาวคริสต์
09679316-n	คริสเตียน	ชาวคริสเตียน	ชาวโปรเตสสแตนต์
09679925-n	คาทอลิก	ชาวคาทอลิก
09681351-n	คนยิว	ชาวยิว	ชาวอิสราเอล	ชาวฮีบรู
09682291-n	ชาวมุสลิม	ชาวอิสลาม	ผู้นับถือศาสนาอิสลาม	มุสลิม
09683180-n	จีฮัด	พวกจีฮัด
09683757-n	ชาวพุทธ	ญาติโยม	ผู้นับถือศาสนาพุทธ	พุทธบริษัท	พุทธศาสนิกชน
09683924-n	ผู้นับถือพุทธศาสนานิกายเซน	ผู้นับถือลัทธิเซน
09684082-n	ผู้นับถือพุทธศาสนานิกายมหายาน	พุทธศาสนิกชนนิกายมหายาน
09684226-n	ผู้นับถือนิกายเถรวาท	ผู้นับถือพุทธศาสนานิกายเถรวาท
09684609-n	ชาวฮินดู	ผู้นับถือศาสนาฮินดู
09686262-n	ลูกครึ่งยุโรปแอฟริกัน	ลูกครึ่งแอฟริกันยุโรป
09686401-n	ลูกครึ่งยุโรปเอเชีย	ลูกครึ่งเอเชียยุโรป
09686536-n	คนยุโรป	ชาวยุโรป
09688804-n	ชาวแฟรงก์	ชาวแฟรงค์
09689435-n	คนอัฟกานิสถาน	ชาวอัฟกานิสถาน
09691149-n	คนอาร์เจนตินา	ชาวอาร์เจนตินา
09691279-n	คนออสเตรเลีย	ชาวออสเตรเลีย
09691604-n	คนออสเตรีย	ชาวออสเตรีย
09691994-n	คนบังกลาเทศ	ชาวบังกลาเทศ
09694109-n	คนเบลเยี่ยม	ชาวเบลเยี่ยม
09694529-n	ชาวภูฏาน	ชาวภูฐาน
09694894-n	ชาวบราซิล	ชาวบราซิเลี่ยน	ชาวเมืองแซมบ้า
09695747-n	คนพม่า	ชาวพม่า
09695979-n	ชาวเบลารุส	ชาวเบลโลรัสเชียน
09696280-n	คนกัมพูชา	ชาวกัมพูชา
09698108-n	คนจีน	คนจีนแผ่นดินใหญ่	ชาวจีน	ชาวจีนแผ่นดินใหญ่
09699200-n	ชาวเชโกสโลวะเกีย	ชาวเช็กโกสโลวะเกีย
09699536-n	ชาวสโลวัก	ชาวสโลวาเกีย
09699642-n	คนเดนมาร์ก	ชาวเดนมาร์ก
09699763-n	คนดัทช์	ชาวดัตช์	ชาวเนเธอร์แลนด์	ประชาชนชาวดัตช์	ประชาชนชาวเนเธอร์แลนด์
09701148-n	คนอังกฤษ	ชาวอังกฤษ	ชาวเมืองผู้ดี
09701603-n	ชายชาวอังกฤษ	ผู้ชายอังกฤษ
09701833-n	ผู้หญิงอังกฤษ	หญิงชาวอังกฤษ
09704630-n	ชาวลอนดอน	ชาวเมืองลอนดอน
09704876-n	ชาวเมืองแมนเชสเตอร์	ชาวแมนเชสเตอร์
09708405-n	คนฝรั่งเศส	ชาวฝรั่งเศส	ชาวเมืองน้ำหอม
09709155-n	ชาวซาวอย	ชาวเซอวอย
09709531-n	คนคริโอล	ชาวครีโอ
09710619-n	ภาษาอาคีอัน	ภาษาอาเคียน
09712696-n	คนมาเลย์	ชาวมาเลย์
09713108-n	คนฮอลแลนด์	คนเนเธอร์แลนด์	ชาวดัช	ชาวฮอลแลนด์	ชาวเนเธอร์แลนด์
09713501-n	คนฮินดู	ชาวฮินดู
09713764-n	ชาวม้ง	ชาวแม้ว
09714264-n	คนอินโดนีเซีย	ชาวอินโดนีเซีย
09714429-n	ชาวอิหร่าน	ชาวเปอร์เซีย
09716047-n	คนอิตาลี	ชาวอิตาลี
09718217-n	คนญี่ปุ่น	ชาวญี่ปุ่น	ชาวอาทิตย์อุทัย
09718936-n	คนเกาหลี	ชาวเกาหลี
09719653-n	คนคูเวต	ชาวคูเวต
09719794-n	คนลาว	ชาวลาว
09720033-n	ชาวแลพพ์	ชาวแลพแลนด์
09721883-n	คนมาเลเซีย	ชาวมาเลเซีย
09723067-n	ชาวอเมริกันแม็กซิกัน	ชาวแม็กซิกาโน
09724066-n	คนเนปาล	ชาวเนปาล
09724533-n	ชาวกีวี	ชาวนิวซีแลนด์
09725402-n	คนนอร์เวย์	ชาวนอร์เวย์
09725772-n	คนปากีสถาน	ชาวปากีสถาน
09726811-n	ชาวคาริบ	ชาวคาริบอินเดียน
09727323-n	ผู้ปกครองชาวอินคา	อินคา
09727440-n	ชาวตากาล็อก	ชาวฟิลิปปินส์
09727747-n	ผู้มีเชื้อสายโปแลนด์	โพแล็ก
09729387-n	คนซาอุ	ชาวซาอุดิอาระเบีย
09729530-n	ชาวอาระเบีย	ชาวอาหรับ
09730533-n	คนสก็อตแลนด์	ชาวสกอต	ชาวสกอตแลนด์	ชาวสก็อต	ชาวสก็อตแลนด์
09730732-n	ผู้หญิงสกอต	ผู้หญิงสก็อต
09731571-n	คนอเมริกาใต้	ชาวอเมริกาใต้
09731906-n	คนสเปน	ชาวสเปน
09732544-n	ชาวสหราชอาณาจักร	บริทิช	ประชาชนแห่งสหราชอาณาจักร
09732668-n	คนอังกฤษ	ชาวอังกฤษ	ประชาชนชาวอังกฤษ
09732778-n	คนไอริช	ชาวไอริช	ประชาชนชาวไอริช
09732903-n	คนฝรั่งเศส	ชาวฝรั่งเศส	ประชาชนชาวฝรั่งเศส
09733243-n	คนสเปน	ชาวสเปน	ประชาชนชาวสเปน
09733333-n	คนสวิสเซอร์แลนด์	ชาวสวิส	ชาวสวิสเซอร์แลนด์	ประชาชนชาวสวิสเซอร์แลนด์
09733707-n	คนเขมร	ชาวเขมร
09733899-n	คนไต้หวัน	ชาวไต้หวัน
09734294-n	คนไทย	ชาวสยาม	ชาวไทย
09734450-n	คนทิเบต	ชาวทิเบต
09734885-n	ชาวตุรกี	ชาวเติร์ก
09738708-n	คนอเมริกัน	ชาวอเมริกัน
09745229-n	ชาวบีเวอร์	ชาวออริกอน
09746819-n	คนอเมริกัน	ชาวอเมริกัน
09747191-n	คนญวน	คนเวียดนาม	ชาวเวียดนาม
09747722-n	คนเยอรมัน	ชาวเยอรมัน
09749614-n	คนสิงคโปร์	ชาวสิงคโปร์
09750046-n	คนศรีลังกา	ชาวศรีลังกา
09751076-n	ชาวเซอร์เบีย	ชาวเซิร์บ
09752246-n	ชาวราศีเมษ	ชาวเมษ
09752381-n	ชาวพฤษภ	ชาวราศีพฤษภ	ผู้ที่เกิดราศีพฤษภ
09752519-n	ชาวราศีเมถุน	ชาวเมถุน
09752657-n	ชาวกรกฏ	ชาวราศีกรกฏ
09752795-n	ชาวราศีสิงห์	ชาวสิงห์
09752927-n	ชาวกันย์	ชาวราศีกันย์
09753065-n	ชาวตุล	ชาวราศีตุล
09753204-n	ชาวราศีพิจิก	ชาวราศีแมงป่อง
09753348-n	ชาวธนู	ชาวราศีธนู
09753498-n	ชาวมังกร	ชาวราศีมังกร
09753642-n	ชาวกุมภ์	ชาวราศีกุมภ์
09753792-n	ชาวมีน	ชาวราศีมีน
09757944-n	คนไม่กินเหล้า	ผู้ไม่ดื่มสุรา
09758424-n	ศิลปินแนวนามธรรม	ศิลปินแอ็บสแตรค
09759069-n	นักวิชาการ	อาจารย์มหาลัย	อาจารย์มหาวิทยาลัย	อาจารย์วิทยาลัย
09759875-n	ผู้ร่วมกระทำความผิด	ผู้ร่วมก่ออาชญากรรม	ผู้สมรู้ร่วมคิด
09761403-n	นักบัญชี	พนักงานบัญชี	สมุหบัญชี
09762011-n	จำเลยคดีอาญา	จำเลยในคดีอาญา	ผู้ต้องหา
09762509-n	ซุปเปอร์สตาร์	ดาวรุ่ง	ผู้เชี่ยวชาญ	ผู้เชี่ยวชาญเฉพาะด้าน	อัจฉริยบุคคล	อัจฉริยะ
09763349-n	ผู้ช่วยบาทหลวง	ผู้ช่วยพระ	แอ็กโคไลต์
09764381-n	นักกายกรรม	นักแสดงกายกรรม
09765278-n	ดารา	ดารานักแสดง	นักแสดง	ศิลปินนักแสดง
09767700-n	ดาราหญิง	นักแสดงหญิง
09768753-n	คนบวกเลข	ผู้บวกเลข
09770179-n	นายทหารฝ่ายธุรการ	นายทหารฝ่้ายธุรการ
09770949-n	ผู้บริหาร	ผู้มีอำนาจตัดสินใจ
09771204-n	พล.ร.อ.	พลเรือเอก
09772029-n	คนวัยมันส์	วัยมันส์	วัยรุ่น	วัยสะรุ่น	วัยเริ่มหนุ่มสาว	วัยใส	เด็กวัยทีน	เด็กวัยรุ่น
09772330-n	บุตรบุญธรรม	เด็กในอุปการะ
09772930-n	หญิงชู้	หญิงโสเภณี
09773245-n	ปรปักษ์	ฝ่ายตรงข้าม
09773962-n	นักโฆษณา	นักโฆษณาประชาสัมพันธ์
09774266-n	ที่ปรึกษา	ผู้ให้คำแนะนำ
09776642-n	ผู้มั่งคั่ง	ผู้มั่งมี
09777012-n	นายหน้า	เอเยนต์
09779623-n	แรงงานภาคเกษตร	แรงงานเกษตร	แรงงานเกษตรกรรม
09779790-n	กสิกร	เกษตรกร
09780676-n	ลูกเรือ	ลูกเรือบนเครื่องบิน
09780984-n	คนสมองกลวง	คนหัวขี้เลื่อย
09782167-n	ขี้เมา	ขี้เหล้า	คนขี้เมา	คนขี้เหล้า	ผู้ติดสุราเรื้อรัง	ผู้ป่วยสุราเรื้อรัง
09782730-n	ชาวอเล็กซานเดรีย	ชาวเมืองอเล็กซานเดรีย
09783884-n	คนไม่ชอบอ่าน	คนไม่ชอบอ่านหนังสือ	ผู้ไม่ชอบอ่าน	ผู้ไม่ชอบอ่านหนังสือ
09785409-n	คนจัดเรียงตามลำดับพยัญชนะ	ผู้จัดเรียงตามลำดับพยัญชนะ
09785580-n	คนให้ของบริจาค	ผู้ให้ของบริจาค
09786338-n	คนจบการศึกษา	คนเรียนจบ	ผู้จบการศึกษา	ผู้สำเร็จการศึกษา
09786760-n	นักกีฬาสมัครเล่น	มือสมัครเล่น
09787293-n	ผู้หญิงแข็งแรง	หญิงร่างกำยำ
09790047-n	คนไม่รู้พยัญชนะ	ผู้ไม่รู้พยัญชนะ
09792237-n	นักกายวิภาค	นักกายวิภาคศาสตร์
09792555-n	บรรพชน	ปู่ยาตายาย	เทือกเถาเหล่ากอ
09792896-n	บรรพชนหญิง	บรรพบุรุษหญิง
09793141-n	คนยุคบรรพกาล	คนยุคโบราณ
09793946-n	คนตกปลา	นักตกปลา	พรานเบ็ด
09794426-n	คนชอบเลี้ยงสัตว์	คนบ้าสัตว์เลี้ยง	คนรักสัตว์เลี้ยง
09795556-n	ผู้รับเงินประจำปี	ผู้รับเงินรายปี
09797742-n	คนต่อต้านยิว	คนแอนตี้ยิว
09801371-n	นักดำน้ำ	นักประดาน้ำ
09805324-n	นักยิงธนู	โรบินฮู้ด
09805475-n	นักออกแบบ	สถาปนิก
09807754-n	คนชั้นนำ	คนชั้นสูง	ชนชั้นสูง	ผู้ดี
09810707-n	คนลอบวางเพลิง	คนวางเพลิง	มือวางเพลิง	มือเพลิง	โจรลอบวางเพลิง
09811414-n	นักประวัติศาสตร์ศิลปะ	นักประวัติศาสตร์ศิลป์
09811568-n	คนเป็นโรคข้ออักเสบ	ผู้เป็นโรคข้ออักเสบ
09811852-n	ทหารปืนใหญ่	ทหารปืนใหญ่ชั้นประทวน
09812068-n	คนวาดภาพประกอบ	คนวาดรูปประกอบ	นักวาดภาพประกอบ	ผู้วาดภาพประกอบ
09812338-n	คนทำงานสร้างสรรค์	คนผลิตงานสร้างสรรค์	ศิลปิน	อาร์ติสต์
09813441-n	ครูศิลปะ	ครูสอนวาดรูป	ครูสอนศิลปะ
09813696-n	ฆาตกรลอบสังหาร	นักฆ่าลอบสังหาร	ผู้ลอบสังหาร
09814381-n	ผู้แทน	ผู้แทนราษฎร	ส.ส.	สมาชิกสภานิติบัญญัติ	สมาชิกสภาผู้แทนราษฎร
09814488-n	ส.ส.หญิง	สมาชิกสภาผู้แทนราษฎรหญิง
09815188-n	คนเลวทราม	คนโง่	ไอ้สารเลว
09815677-n	ผู้โอน	ผู้โอนสิทธิ์
09815790-n	ผช.	ผู้ช่วย	ผู้สนับสนุน
09816654-n	ผศ.	ผู้ช่วยศาสตราจารย์
09817386-n	รศ.	รองศาสตราจารย์
09817536-n	คนเป็นหอบหืด	คนเป็นโรคหอบหืด
09817816-n	โหร	โหราจารย์
09821831-n	คนคอยช่วยเหลือ	คนรับใช้	ผู้คอยช่วยเหลือ
09824065-n	นักประพันธ์หญิง	นักเขียนหญิง
09824135-n	ผู้ปกครองเผด็จการ	ผู้ใช้อำนาจเผด็จการ
09824609-n	จนท.	เจ้าหน้าที่
09825939-n	วิศวกรยานยนต์	วิศวกรรถยนต์
09826204-n	คนขับเครื่องบิน	นักบิน
09827246-n	นาย	บาบู
09827363-n	น้อง	น้องสาว
09827519-n	น้องเล็ก	เด็กน้อย
09827683-n	ทารก	ลูกอ่อน	ลูกเด็กเล็กแดง	เจ้าเนื้ออ่อน	เด็กทารก	เด็กอ่อน	เด็กแดงๆ	เด็กแบเบาะ
09828216-n	ทารกในครรภ์	เด็ก	เด็กในครรภ์	เด็กในท้อง
09828403-n	ผู้ที่เกิดหลังสงครามโลกครั้งที่สอง	เบบี้บูมเมอร์
09829923-n	ชายโสด	ผู้ชายโสด	หนุ่มโสด
09830080-n	ผู้หญิงโสด	สาวโสด	หญิงโสด
09830194-n	กองหลัง	ผู้เล่นกองหลัง	แบ็ก
09831303-n	นักว่ายท่ากรรเชียง	นักว่ายน้ำท่ากรรเชียง
09831962-n	คนชั่ว	คนเลว
09832456-n	ผู้หญิงไร้ค่า	หญิงไร้ค่า
09832538-n	คนดูแลกระเป๋าเดินทาง	ผู้ดูแลกระเป๋าเดินทาง
09833111-n	เจ้าพนักงานยึดทรัพย์สิน	เจ้าพนักงานศาล
09833536-n	คนทำขนม	คนอบขนม
09833896-n	คนหัวล้าน	คนหัวโล้น
09835506-n	นักกีฬาเบสบอล	นักเบสบอล	ผู้เล่นเบสบอล
09836160-n	นักสู้วัว	นักสู้วัวกระทิง
09837201-n	ผู้นำวง	วาทยากร
09838200-n	ผู้จัดการธนาคาร	ผู้จัดการแบงค์
09838295-n	โจรปล้นธนาคาร	โจรปล้นแบงค์
09838370-n	คนล้มละลาย	บุคคลล้มละลาย	ผู้ล้มละลาย
09838895-n	กัลบก	คนตัดผม	ช่างตัดผม	ช่างตัดผมชาย
09839085-n	คนเที่ยวบาร์	นักเที่ยวบาร์
09839774-n	คนเผายุ้งฉาง	โจรเผายุ้งฉาง
09840050-n	คณะนักแสดง	คณะผู้แสดง
09840217-n	นักธุรกิจชั้นนำ	บุคคลผู้มีอำนาจ	ผู้นำธุรกิจ
09840435-n	ท่านบารอน	บารอน
09840520-n	ท่านบารอน	บารอน
09840639-n	บารอเนต	บาร์ท
09841188-n	คนชงเหล้า	บาร์เทนเดอร์
09841515-n	ผู้จัดการทีมเบสบอล	โค้ชเบสบอล
09842047-n	นักกีฬาบาส	นักกีฬาบาสเกตบอล	นักบาส	นักบาสเกตบอล	นักยัดห่วง	ผู้เล่นบาสเกตบอล
09842288-n	คนสานตะกร้า	ช่างสานตะกร้า
09843602-n	คนอาบน้ำ	ผู้อาบน้ำ
09843956-n	ผู้ตีลูกเบสบอล	ผู้ตีเบสบอล	เบ็ตเตอร์
09845589-n	คนดุร้ายเหมือนสัตว์	คนโหดร้าย
09846755-n	คนเลี้ยงผึ้ง	เกษตรกรผู้เลี้ยงผึ้ง
09846894-n	คนกินเบียร์	คนชอบกินเบียร์	คนดื่มเบียร์	นักดื่มเบียร์
09847010-n	ขอทาน	คนขอทาน
09847727-n	คนที่นับถือ	ผู้บูชา	ผู้มีความเชื่อ	ผู้มีศรัทธา
09849012-n	ดาว	ดาวเด่น	สาวสวย
09849256-n	มือสั่นกระดิ่ง	มือเคาะกระดิ่ง
09849349-n	ผู้นำ	แกนนำ
09849598-n	ที่รัก	บุคคลอันเป็นที่รักยิ่ง
09849801-n	คนทำเข็มขัด	ช่างทำเข็มขัด	ช่างเข็มขัด
09849990-n	ผู้ชายที่เพิ่งสละโสด	ผู้ชายที่เพิ่งแต่งงาน
09850457-n	ผู้สูญเสีย	ผู้สูญเสียคนที่ตนรัก
09851371-n	เกลอ	เพื่อนซี้	เพื่อนตาย	เพื่อนยาก	เพื่อนสนิท	เพื่อนเกลอ
09852679-n	คนรักหนังสือ	คนสะสมหนังสือ
09854421-n	นักกีฬาบิลเลียด	นักบิลเลียด	นักสอยคิว	นักแม่นรู
09854510-n	คนติดโปสเตอร์	ผู้ปิดประกาศ
09856401-n	คนชอบเลี้ยงนก	คนรักนก
09857852-n	คนกัด	ผู้กัด
09858299-n	คนร้ายที่ขู่กรรโชกทรัพย์	โจรขู่กรรโชกทรัพย์	โจรแบล็กเมล์
09859152-n	ช่างตีเหล็ก	ช่างเหล็ก
09860130-n	คนตาบอด	ผู้พิการทางสายตา	ผู้มีดวงตาพิการ
09860248-n	บล็อกเกอร์	ผู้เล่นที่เป็นตัวกัน
09860813-n	คนบริจาคเลือด	คนบริจาคโลหิต	ผู้บริจาคเลือด	ผู้บริจาคโลหิต
09861946-n	คนขับเรือ	คนขับเรือจ้าง	เรือจ้าง
09862845-n	นักเพาะกล้าม	นักเพาะกาย
09863031-n	บอดี้การ์ด	ผู้คุ้มกัน	ผู้อารักขา	องครักษ์
09863238-n	คนรับใช้ส่วนตัว	คนใช้ส่วนตัว
09863749-n	ผู้ที่นิยมลัทธิมาร์กซ	หัวคอมมิวนิสต์
09863936-n	ชาวบอลเชอวิก	พวกบอลเชวิก
09865068-n	ทาสหญิง	นางทาส
09865547-n	หมอกระดูก	แพทย์กระดูก
09865744-n	คนเข้าเล่มหนังสือ	คนเย็บเล่มหนังสือ	ช่างทำหนังสือ
09866222-n	คนรับแทง	เจ้ามือ	เจ้ามือรับแทง	เจ้ามือรับแทงม้า
09866354-n	คนทำหนังสือ	ช่างทำหนังสือ	ช่างหนังสือ
09866559-n	คนชอบอ่านหนังสือ	คนรักการอ่าน	นักอ่าน	หนอนหนังสือ
09866661-n	คนขโมยของในร้าน	คนจิ๊กของ
09867069-n	ช่างทำรองเท้าบูท	ช่างรองเท้าบูท
09867956-n	นาย	นายจ้าง	บอส
09868703-n	ลูกกระจ็อก	ลูกน้องปลายแถว
09869961-n	นักกีฬาโบว์ลิ่ง	นักทอยแก่น	นักโบว์ลิ่ง
09871229-n	เด็กชาย	เด็กหนุ่ม
09871364-n	เพื่อนชาย	เพื่อนผู้ชาย	แฟนหนุ่ม
09871580-n	อดีตแฟนหนุ่ม	แฟนเก่า
09871681-n	ลส.	ลูกเสือ	ลูกเสือสามัญ
09871952-n	หนุ่มน้อยมหัศจรรย์	หนุ่มมหัศจรรย์
09872464-n	ผู้มีศีรษะสั้นกว้าง	ผู้มีศีรษะแบบบราคีเซอฟาลิก
09872557-n	คนวรรณะพราหมณ์	พราหมณ์
09874118-n	คนต้มเบียร์	คนต้มเหล้า
09875353-n	ผู้เล่นไพ่บริดจ์	มือ
09875540-n	พล.จ.	พลจัตวา
09877288-n	น้องเขย	พี่เขย
09877750-n	ชาวเบอร์มิงแฮม	ชาวเมืองเบอร์มิงแฮม
09877951-n	คู่หู	บั๊ดดี้	เพื่อนคู่หู
09878275-n	บริษัทก่อสร้าง	บริษัทรับเหมา	บริษัทรับเหมาก่อสร้าง	ผู้รับเหมา	ผู้รับเหมาก่อสร้าง	ผู้สร้าง
09878702-n	นักเลง	ยักษ์
09879144-n	ตำรวจ	ไอ้หัวปิงปอง
09879297-n	อันธพาล	ฮูลิแกน
09879744-n	คนงุ่มง่าม	คนซุ่มซ่าม	คนผิด	คนมักง่าย	คนระยำ	คนสะเพร่า	คนโง่เง่า
09880741-n	โจรงัดแงะ	โจรยกเค้า
09881265-n	เจ้าหน้าที่การเงินในมหาวิทยาลัย	เหรัญญิก
09882716-n	คนทำธุรกิจ	คนทำมาค้าขาย	คนทำมาหากิน	ผู้ทำธุรกิจ	ผู้ประกอบการ	ผู้ประกอบธุรกิจ
09883362-n	คนขับรถบัส	คนขับรถประจำทาง	คนขับรถโดยสาร	พนักงานขับรถบัส	พนักงานขับรถประจำทาง
09883740-n	เด็กจอมพลัง	เด็กแกร่ง	เด็กแข็งแรง
09883947-n	ทอม	อีทอม
09884133-n	คนขายเนื้อ	คนฆ่าสัตว์
09884391-n	คนขายเนื้อ	พ่อค้าเนื้อสัตว์
09884509-n	พ่อบ้าน	หัวหน้าคนใช้
09885145-n	คนซื้อ	ผู้ซื้อ	ผู้อุดหนุน
09885866-n	คนทำเฟอร์นิเจอร์	ช่างทำเฟอร์นิเจอร์	ช่างเฟอร์นิเจอร์
09886010-n	รมต.	รัฐมนตรี
09886220-n	คนถ่อย	คนเลว	คนไร้สกุลรุนชาติ	อันธพาล
09886700-n	คนติดกาแฟ	ผู้ติดกาแฟ	ผู้ติดคาเฟอีน
09887034-n	นักคำนวณ	นักคิดเลข
09887496-n	กาลิฟ	กาหลิบ
09888017-n	คนโทร	คนโทรศัพท์	ผู้โทร	ผู้โทรศัพท์
09889539-n	ช่างกล้องภาพยนตร์	ตากล้อง
09889691-n	นอมินี	ผู้ลงสมัครรับเลือกตั้ง	ผู้สมัคร	ผู้สมัครรับเลือกตั้ง
09892262-n	นายทุนหัวอนุรักษ์	พวกทุนนิยม
09892513-n	หัวหน้าบริกร	หัวหน้าพนักงานเสิร์ฟ
09892831-n	กัปตันเรือ	น.อ.	นาวาเอก
09893191-n	ร.อ.	ร้อยเอก
09893344-n	กัปตัน	หัวหน้ากลุ่ม
09893746-n	ทหารปืนคาร์บิน	พลปืนคาร์บิน
09893916-n	คนถือไพ่	ผู้ถือไพ่
09894445-n	ศัลยแพทย์โรคหัวใจ	แพทย์โรคหัวใจ
09894654-n	ขาไพ่	คนเล่นไพ่	ผู้เล่นไพ่
09894909-n	คนจัดไพ่	คนโกงไพ่	เซียนไพ่
09895902-n	คนรักษาการ	ผู้รักษาการ	รักษาการ	เจ้าหน้าที่รักษาการ
09897350-n	พาหะ	พาหะนำโรค
09897603-n	คนส่งหนังสือพิมพ์	เด็กส่งหนังสือพิมพ์
09897696-n	คนยกของ	คนแบกหาม	เด็กยกของ
09898020-n	คาร์ทีเซียน	ผู้นิยมแนวคิดคาร์ทีเซียน
09898797-n	คาสซาโนวา	หนุ่มเจ้าสำราญ	เสือผู้หญิง
09898892-n	กรณศึกษา	เคส
09899671-n	ผู้บาดเจ็บ	ผู้ประสบอุบัติเหตุ
09901921-n	คนชอบเลี้ยงแมว	คนบ้าแมว	คนรักแมว
09902128-n	คาวาเลียร์	ผู้สนับสนุนกษัตริย์	พวกรอยัลลิสต์	แคเวอเลียร์
09902256-n	สุภาพบุรุษ	แคเวอเลียร์
09903153-n	คนมีชื่อเสียง	ผู้มีชื่อเสียง
09903367-n	ผู้ถือพรหมจรรย์	ผู้ประพฤติพรหมจรรย์
09903501-n	คนเล่นเชลโล	นักเชลโล
09903639-n	กองเซ็นเซอร์	ฝ่ายตรวจสอบ	ฝ่ายเซ็นเซอร์
09904057-n	ผู้แจงนับ	เจ้าหน้าที่สำรวจสำมะโนครัว
09904708-n	ผู้เล่นตำแหน่งเซ็นเตอร์	เซ็นเตอร์
09904837-n	ผู้เป็นกลาง	ผู้ไม่ฝักใฝ่ฝ่ายใด	ผู้ไม่ฝักใฝ่ีฝ่ายใด
09905697-n	คนสูบบุหรี่มวนต่อมวน	คนสูบหรี่จัด	ผู้สูบบุหรี่จัด	ผู้สูบบุหรี่มวนต่อมวน
09906538-n	นักต่อสู้	นักสู้
09906704-n	ผู้ชนะ	แชมป์	แชมเปี้ยน
09906986-n	นายก	นายกรัฐมนตรี	หัวหน้ารัฐบาล
09907196-n	นายก	นายกรัฐมนตรี
09908025-n	พ่อ	พ่อหนุ่ม	หนุ่ม	เจ้าหนุ่ม
09908853-n	คนขับรถ	พ.ข.ร.	พขร.	พนักงานขับรถ	พลขับ	โชเฟอร์
09908986-n	พนักงานขับรถหญิง	โชเฟอร์หญิง
09909363-n	ตัวรอง	นักแสดงสนับสนุน
09910222-n	คนขับรถม้าศึก	คนขับรถศึก	สารถี
09911226-n	หญิงทำความสะอาด	เมต	แม่บ้าน
09911570-n	คนช่างพูด	คนพูดไม่ชัด
09913110-n	คนดูแลสัมภาระ	ผู้ดูแลสัมภาระ
09913329-n	กองเชียร์	คนเชียร์
09913455-n	ผู้นำเชียร์	เชียร์ลีดเดอร์
09915834-n	คนเล่นหมากรุก	นักกีฬาหมากรุก	นักหมากรุก	นักโขก	นักโขกหมากรุก	ผู้เล่นหมากรุก
09915964-n	คนเคี้ยว	ผู้เคี้ยว
09916348-n	ซีอีโอ	ผู้บริหาร
09917593-n	ผู้เยาว์	เด็ก
09918248-n	บุตร	บุตรธิดา	พยานรัก	ลูก	เด็ก	เลือดเนื้อเชื้อไข	เลือดในอก	โซ่ทองคล้องใจ
09918867-n	เด็กมหัศจรรย์	เด็กอัจฉริยะ
09919297-n	ผู้ชำนาญในทางรักษาโรคเท้า	ผู้ชำนาญในทางรักษาโรคเ้ท้า	หมอรักษาโรคเท้า
09919771-n	นักร้องนำ	ผู้นำกลุ่มนักร้องประสานเสียง
09921409-n	คนซื่อ	คนหลอกง่าย	คนเชื่อคนง่าย
09922485-n	ผู้เข้าโบสถ์	สมาชิกโบสถ์
09922799-n	เจ้าหน้าที่ประจำโบสถ์	เจ้าหน้าที่โบสถ์
09923101-n	คนสูบบุหรี่	ผู้สูบบุหรี่
09923186-n	คนสูบซิการ์	ผู้สูบซิการ์
09923418-n	คนไม่มีเสน่ห์	คนไม่สำคัญ	คนไม่สำคัุญ
09923673-n	ประชาชาติ	พลเมือง
09927089-n	คนทำความสะอาด	พนักงานทำความสะอาด
09927451-n	บาทหลวง	มัคทายก
09929298-n	นักกีฬาปีนเขา	นักปีน	นักปีนเขา	นักไต่เขา
09929861-n	ช่างตัดเสื้อขนสัตว์	ช่างเสื้อขนสัตว์
09930102-n	ช่างซ่อมนาฬิกา	ช่างทำนาฬิกา	ช่างนาฬิกา
09930257-n	ฟินิสเชอร์	โคลเซอร์
09930772-n	คนขายเสื้อผ้าบุรุษ	คนขายเสื้อผ้าผู้ชาย
09930876-n	จำอวด	ตัวตลก	ตัวตลกหยาบคาย
09931418-n	ครูพิเศษ	ติวเตอร์	ผู้ฝึกสอน
09931640-n	กุนซือ	ผู้จัดการทีม	โค้ช
09932227-n	คนต่อตัวถังรถยนต์	ช่างประกอบตัวถังรถ	ช่างประกอบตัวถังรถยนต์
09932508-n	กรรมกรขุดถ่านหิน	กรรมกรเหมืองถ่านหิน	คนงานเหมืองถ่านหิน
09932892-n	นักเขียนร่วม	ผู้ร่วมเขียน
09933098-n	คนซ่อมรองเท้า	ช่างซ่อมรองเท้า	ช่างรองเท้า
09933235-n	คนติดโคเคน	คนเสพโคเคน	ผู้ติดโคเคน	ผู้เสพโคเคน
09934213-n	นักศึกษาหญิง	นิสิตนักศึกษาหญิง	นิสิตหญิง
09935107-n	ผู้ประดิษฐ์คำ	ผู้สร้างคำใหม่
09935793-n	คนทรยศ	ไส้ศึก
09935990-n	คนระดับเดียวกัน	สมาชิก	เพื่อนร่วมงาน
09936362-n	ผู้เก็บเงิน	พนักงานจัดเก็บภาษี
09936825-n	คอลีน	ผู้หญิงไอริช
09936892-n	นักศึกษา	นิสิต	นิสิตนักศึกษา
09937056-n	นักศึกษาวิทยาลัย	นักเรียนวิทยาลัย
09937250-n	พ.อ.	พันเอก
09937688-n	ชาวอาณานิคม	ผู้อยู่อาศัยในอาณานิคม
09938991-n	บุคคลสำคัญ	ผู้ยิ่งใหญ่	รุ่นใหญ่
09939827-n	นักบินกองทัพอากาศ	นักบินเครื่องบินรบ
09940146-n	นักแสดงตลก	ศิลปินตลก
09940725-n	ดาราตลก	ดาวตลก	นักแสดงตลก
09940818-n	ตัวตลกหญิง	ศิลปินตลกหญิง
09940987-n	ดาราตลกหญิง	นักแสดงตลกหญิง
09941383-n	ผู้บังคับบัญชา	ผู้บัญชาการ
09941571-n	น.ท.	นาวาโท
09941964-n	ผู้บัญชาการ	เจ้าหน้าที่หน่วยทหาร
09942275-n	คอมมานโด	สมาชิกหน่วยคอมมานโด
09942431-n	นักเขียนวิเ่คราะห์เหตุการณ์	ผู้เขียนเหตุการณ์
09944160-n	สมาชิกของคณะกรรมการ	สมาชิกคณะกรรมการ
09945021-n	พล.ร.จ.	พลเรือจัตวา
09945319-n	คอมมิวนิสต์	พวกคอมมิวนิสต์
09945905-n	คนคุ้นเคย	เพื่อน
09946278-n	ผู้ร่วมทาง	ผู้ร่วมเดินทาง	เพื่อนร่วมทาง	เพื่อนเดินทาง
09946957-n	ผู้รวบรวม	ผู้แปล
09951274-n	ผู้ใช้คอมพิวเตอร์	ยูสเซอร์
09951616-n	คนดูคอนเสิร์ต	ผู้ชมคอนเสิร์ต	มิตรรักแฟนเพลง	แฟนเพลง
09952393-n	บ้านเล็ก	อนุภรรยา	อีหนู	เมียน้อย
09952539-n	คอนดักเตอร์	ผู้อำนวยการเพลง	ผู้อำนวยเพลง	วาทยากร
09953052-n	กระเป๋ารถเมล์	พนักงานเก็บค่าโดยสาร
09953275-n	กระเป๋ารถเมล์หญิง	พนักงานเก็บค่าโดยสารหญิง
09953350-n	คนทำขนม	คนทำขนมหวาน	คนทำลูกกวาด
09953483-n	ผู้ช่วย	ผู้ติดตาม
09953965-n	ผู้เข้าประชุม	ผู้เข้าร่วมประชุม
09954479-n	ผู้รับสารภาพ	ผู้สารภาพ
09954639-n	เพื่อนที่ไว้วางใจ	เพื่อนที่ไว้ใจได้	เพื่อนรัก
09957156-n	นักอนุรักษ์นิยม	พวกคอนเซอร์เวทีฟ	พวกหัวอนุรักษ์	พวกอนุรักษ์นิยม
09957523-n	สมาชิกของพรรคอนุรักษ์นิยม	สมาชิกพรรคอนุรักษ์นิยม
09959258-n	ตำรวจชั้นประทวน	พลตำรวจ
09959527-n	คนงานก่อสร้าง	คนทำงานก่อสร้าง	ช่างก่อสร้าง
09960001-n	คนเป็นวัณโรค	ผู้ป่วยวัณโรค
09961198-n	นักร้องเสียงคอนตราลโต	นักร้องเสียงคอนทรัลโต
09961605-n	ผู้ป่วยระยะพักฟื้น	ผู้พักฟื้น
09961999-n	นักสนทนา	นักเจรจา
09962966-n	ผู้ต้องขัง	ผู้ถูกตัดสินจำคุก
09963159-n	นักโทษ	ผู้ต้องโทษ
09963320-n	กุ๊ก	คนครัว	คนทำกับข้าว	คนทำครัว	คนทำอาหาร	คนประกอบอาหาร	คนปรุงอาหาร	พ่อครัว	แม่ครัว
09963574-n	หัวหน้าครัว	หัวหน้าพ่อครัว	เชฟ
09964411-n	คนชอบเลียนแบบ	นักเลียนแบบ
09964805-n	ผู้คัดลอกเอกสาร	ผู้ทำสำเนาเอกสาร
09965134-n	ดาวยั่ว	นางแมวยั่วสวาท
09966139-n	ส.อ.	สิบโท
09966554-n	คนเขียนจดหมาย	ผู้เขียนจดหมาย
09967063-n	คนขายเครื่องสำอาง	พนักงานขายเครื่องสำอาง
09967816-n	นักบัญชีต้นทุน	พนักงานบัญชีต้นทุน
09967967-n	ดาราแสดงนำคู่	นักแสดงนำคู่
09969218-n	ท่านเคานต์	เคานต์
09969869-n	การปฎิวัติซ้อน	นักปฏิวัติ
09970402-n	ท่านเคาน์เตส	เคาน์เตส
09972157-n	ช่างตัดเสื้อ	ช่างตัดเสื้อสตรี	ช่างออกแบบเสื้อผ้า	ดีไซเนอร์
09972458-n	นางแบบ	นางแบบปกนิตยาสาร
09972661-n	คาวบอย	โคบาล
09973749-n	ชุดปฏิบัติการพิเศษดับไฟป่า	หน่วยเสือไฟ
09973903-n	คนลักลอบเข้าเมือง	ไคโอตี
09974177-n	ผู้ติดแคร็ก	ผู้เสพแคร็ก
09974496-n	คนบ้าๆบอๆ	คนฝันเฟื่อง
09974648-n	ช่าง	ช่างฝีมือ	ช่างศิลป์	นายช่าง
09976024-n	คนเล่นเกมพนันแคร็ปส์	นักเล่นพนันแคร็ปส์
09976551-n	คนที่ถูกหลอกใช้	หุ่นเชิด	เครื่องมือ
09976917-n	คนประหลาด	คนแปลกพิกล
09977326-n	นักกีฬาคริกเก็ต	นักคริกเก็ต
09977660-n	คนทำผิดกฎหมาย	คนนอกกฎหมาย	คนร้าย	ผู้กระทำความผิด	ผู้ร้าย	อาชญากร
09978889-n	คนพิการ	ผู้พิการ
09980985-n	พนักงานเก็บจ่ายเงินพนัน	พนักงานเก็บจ่ายเงินในบ่อนคาสิโน
09981278-n	ชายา	พระชายา	พระมเหสี	มเหสี
09981365-n	นักรบศักดิ์สิทธิ์	นักรบเพื่อศาสนา
09981540-n	นักถอดรหัสปริศนา	นักถอดรหัสลับ	ผู้ถอดรหัส
09981939-n	ลูกเสือสามัญรุ่นเล็ก	ลูกเสือสำรอง
09982152-n	คนถูกสวมเขา	ผู้ชายที่ถูกสวมเขา
09982525-n	สาวก	สาวกลัทธิ
09984187-n	ช่างทำเครื่องหนัง	ช่างเครื่องหนัง
09984298-n	ผู้ดูแล	ผู้มีหน้าที่ดูแล
09984659-n	ผู้ซื้อสินค้าและบริการ	ลูกค้า
09985577-n	ฆาตกรฆ่าตัดคอ	ฆาตกรฆ่าตัดหัว
09985809-n	นักเขียนนวนิยายวิทยาศาสตร์	นักเขียนนิยายวิทยาศาสตร์
09986189-n	คนถีบจักรยาน	นักขี่จักรยาน	นักปั่น
09986450-n	คนตีฉาบ	มือตีฉาบ
09987239-n	พระเจ้าซาร์	เจ้าชายแห่งราชวงศ์ซาร์
09988063-n	คุณพ่อ	ป่ะป๊า	ป๊ะป๋า	ป๋า	พ่อ	เตี่ย
09988216-n	คนงานหญิงฟาร์มโคนม	หญิงรีดนมวัว
09988392-n	เกษตรกรฟาร์มโคนม	เจ้าของฟาร์มโคนม
09988703-n	คนปล่อยเวลาไปโดยเปล่าประโยชน์	คนผัดวันประกันพรุ่ง
09989045-n	น้องนาง	สาวน้อย
09989290-n	คุณผู้หญิง	สุภาพสตรี
09989502-n	นักเต้นรำ	นักเต้นอาชีพ
09990904-n	คู่เต้น	คู่เต้นรำ
09991026-n	คนขี้โอ่	หนุ่มสำรวย	หนุ่มสำอาง
09991740-n	ม้านอกสายตา	ม้ามืด
09992138-n	คนปะชุน	คนปะชุนเสื้อผ้า
09992538-n	คู่นัด	คู่นัดหมาย
09992837-n	กุลธิดา	ธิดา	บุตรสาว	บุตรหญิง	บุตรี	พระธิดา	ลูกสาว	ลูกหญิง
09993040-n	ลูกสะใภ้	สะใภ้
09993901-n	คนคิดฝัน	คนฝันกลางวัน	คนฝันเฟื่อง
09994943-n	คนตาย	ผู้เสียชีวิต
09996636-n	คนแจกไพ่	ผู้แจกไพ่
09997068-n	ผู้อาวุโส	สมาชิกอาวุโส
09998101-n	คนคดโกง	คนหลอกลวง	คนโกง	นักต้มตุ๋น
09999532-n	ผู้ค้างชำระหนี้	ผู้ไม่ชำระหนี้	ผู้ไม่ชำระเงิน
10000158-n	ทนายความจำเลย	ทนายจำเลย
10000945-n	ผู้เยาว์ผู้กระทำผิด	เยาวชนผู้กระทำผิด
10001217-n	คนส่งของ	เด็กส่งของ
10002760-n	ผู้ประท้วง	ผู้แสดง
10002982-n	ผู้สาธิตผลิตภัณฑ์	พนักงานสาธิตสินค้า
10003120-n	ครู	ผู้สาธิตวิธีการ
10004282-n	ทันตแพทย์	หมอฟัน
10004718-n	หัวหน้าฝ่าย	หัวหน้าแผนก
10004804-n	ผู้พึ่งพิงอาศัย	ผู้อาศัย
10008716-n	คนทำลาย	ผู้ทำลาย
10009276-n	ตำรวจสายสืบ	พนักงานสอบสวน	พนักงานสืบสวน
10010864-n	คนกินทุกอย่างที่ขวางหน้า	จอมเขมือบ
10010977-n	คนเป็นเบาหวาน	คนเป็นโรคเบาหวาน	ผู้ป่วยโรคเบาหวาน
10011902-n	จอมเผด็จการ	ผู้อยู่เหนือกฎหมาย	เผด็จการ
10013114-n	คนไม่เต็ม	คนไม่เต็มบาท
10013242-n	คนรับประทานอาหาร	ผู้รับประทานอาหาร
10013614-n	บริกร	ผู้ให้บริการในภัตตาคาร	ผู้ให้บริการในร้านอาหาร
10013927-n	ทูต	นักการทูต
10014939-n	กรรมการผู้จัดการ	ผจก.	ผู้จัดการ
10015215-n	ผู้กำกับ	ผู้กำกับการแสดง
10017272-n	ดีเจ	นักจัดรายการวิทยุ
10018861-n	ผู้จำหน่าย	ผู้แทนจำหน่าย
10019406-n	นักดำน้ำ	นักประดาน้ำ
10019552-n	นักประดาน้ำ	นัำกประดาน้ำ	มนุษย์กบ
10020366-n	แม่ม่าย	แม่หม้าย
10020533-n	อดีตภรรยา	เมียเก่า
10020890-n	ดร.	หมอ	หมอฝึกหัด	แพทย์	แพทย์ฝึกหัด
10021892-n	คนเรียนจบปริญญาเอก	ดร.	ด็อกเตอร์	ผู้จบการศึกษาระดับปริญญาเอก	ผู้เรียนจบปริญญาเอก
10022908-n	คนคร่ำครึ	ไดโนเสาร์
10023039-n	หมอ	ไอ้หมอนี่
10024119-n	นางแจ๋ว	แม่บ้าน
10025295-n	ดอน	ฟาเตอร์	หัวหน้ามาเฟีย
10025730-n	คนให้	ผู้ให้
10026058-n	คนบริจาค	ผู้บริจาค
10026553-n	พนักงานรักษาความปลอดภัย	ยาม	ยามเฝ้าประตู
10027590-n	คนกลับกลอก	คนตลบตะแลง	คนพูดกลับกลอก	คนพูดอย่างทำอย่าง	คนสับปลับ	คนไม่รักษาคำพูด
10028765-n	การถูกเกณฑ์ทหาร	ทหารเกณฑ์
10029068-n	คนเขียนรูป	ช่างวาดเขียน
10029269-n	คนเขียนแบบ	ช่างเขียนแบบ
10032342-n	คนเซ็นเช็ค	ผู้สั่งจ่าย	ผู้สั่งจ่ายเช็ค
10032987-n	คนที่กำลังฝัน	คนนอนฝัน
10033412-n	คนเย็บปะเสื้อ	ช่างเย็บปะเสื้อ
10034201-n	คนกินเหล้า	คนดื่มแอลกอฮอล์	นักดื่ม
10034614-n	คนดื่ม	ผู้ดื่ม
10034906-n	คนขับ	คนขับรถ
10035809-n	กุลี	จับกัง
10035952-n	คนติดยา	คนเสพยา	ผู้ติดยา	ผู้ติดยาเสพติด
10036266-n	คนเสพยา	ผู้เสพยา	ผู้ใช้ยา
10036929-n	คนตีกลอง	คนเล่นกลอง	มือกลอง
10037194-n	คนเมาหาเรื่อง	คนเมาอาละวาด
10037385-n	คนชอบกินเหล้า	คนติดสุรา	คนติดเหล้า	ผู้ติดสุรา	ผู้ติดเหล้า
10038778-n	ดยุค	ท่านดยุค
10039391-n	คนปล่อยไก่	คนเปิ่น
10039663-n	คนสมองทึบ	คนโง่	หัวขี้เลื่อย	ไอ้ควาย
10042074-n	คนภาคตะวันออก	ชาวภาคตะวันออก
10042300-n	คนกิน	คนกินอาหาร	ผู้กิน	ผู้กินอาหาร	ผู้รับประทาน
10042690-n	คนแอบฟัง	ผู้แอบฟัง
10043643-n	นักเศรษฐกิจ	นักเศรษฐศาสตร์	ผู้เชียวชาญเศรษฐศาสตร์
10044763-n	คนเย็บชายผ้า	ช่างเย็บชายผ้า
10044879-n	บ.ก.	บรรณาธิการ	สาราณียกร
10045713-n	นักการศึกษา	ผู้ประสาทวิชา	ผู้ประสิทธิ์ประสาทวิชา	ผู้ให้การศึกษา
10048117-n	คนหลั่งน้ำกาม	คนหลั่งน้ำอสุจิ	ผู้หลั่งน้ำอสุจิ
10048218-n	ซีเนียร์	พี่	รุ่นพี่
10048612-n	รัฐบุรุษ	รัฐบุรุษอาวุโส	ราษฎรอาวุโส	องคมนตรี
10048836-n	เจ้าหน้าที่ผู้ชนะการเลือกตั้ง	เจ้าหน้าที่ผู้ได้รับเลือก
10049363-n	ช่างไฟ	ช่างไฟฟ้า
10051337-n	คนยักยอกทรัพย์	คนยักยอกเงิน	ผู้ยักยอก	ผู้ยักยอกทรัพย์	ผู้ยักยอกเงิน
10051552-n	คนปักผ้า	คนปักลายผ้า	ช่างปักผ้า	ช่างปักลวดลาย	ช่างปักลายผ้า
10051683-n	หญิงปักผ้า	หญิงปักลายผ้า
10053591-n	นักคิดสายประจักษ์นิยม	นักปรัชญาลัทธิประจักษ์นิยม
10053808-n	พนง.	พนักงาน	ลูกจ้าง
10055847-n	ข้าศึก	ศัตรู
10057714-n	พนักงานขับรถไฟ	พนักงานเดินรถ
10058585-n	ชายที่ขึ้นทะเบียนทหาร	ชายที่ลงทะเบียนทหาร
10058962-n	หญิงที่ขึ้นทะเบียนทหาร	หญิงที่ลงทะเบียนทหาร
10059162-n	คนลงทะเบียนเรียน	ผู้ลงทะเบียนเรียน
10061656-n	คนเจ้าสำราญ	นักกิน	นักชิม	หนุ่มเจ้าสำราญ
10062176-n	คนเป็นลมบ้าหมู	คนเป็นโรคลมบ้าหมู	ผู้ป่วยโรคลมบ้าหมู
10062785-n	คนปีนบันได	คนไต่บันได
10062996-n	คนฝันหวาน	คนวาดวิมานในอากาศ	นักฝัน
10064669-n	นักปรัชญาสุนทรียศาสตร์	นักสุนทรียศาสตร์
10067011-n	ผู้สอนประวัติพระเยซู	ผู้เขียนประวัติพระเยซู
10068928-n	พณหัวเจ้าท่าน	ฯพณฯ
10070563-n	ผู้จัดนิทรรศการ	ผู้แสดงผลงาน
10070942-n	คนชอบอวดอวัยวะเพศ	คนชอบโชว์อวัยวะเพศ
10071139-n	การถูกเนรเทศ	ผู้ถูกเนรเทศ
10071332-n	คนต่างด้าว	คนพลัดถิ่น
10071557-n	นักปรัชญาอัตถภาวะนิยม	นักปรัชญาอัตถิภาวนิยม
10072187-n	หมอผี	หมอผีเอ็กโซซิสต์	เอ็กโซซิสต์
10073634-n	ผู้ส่งออก	ผู้ส่งออกสินค้า
10073851-n	พวกเอ็กซ์เพรสชันนิสม์	ศิลปินเอ็กซ์เพรสชันนิสม์	ศิลปินแนวเอ็กซ์เพรสชันนิสม์
10074735-n	พวกความคิดสุดโต่ง	พวกสุดโต่ง
10075185-n	คนสวมแว่น	คนสวมแว่นตา	คนสวมแว่นสายตา	ผู้สวมแว่นตา
10075299-n	ผู้อยู่ในเหตุการณ์	ผู้เ็ห็นเหตุการณ์	พยานผู้เห็นเหตุการณ์	พยานเ็ห็นเหตุการณ์
10075416-n	พวกเฟเบียน	สมาชิกของสมาคมเฟเบียน
10077394-n	คนรักครอบครัว	แฟมิลี่แมน
10077593-n	ผู้นับถือ	สาวก	แฟน
10078529-n	นักอนาคตศาสตร์	ผู้ทำนายอนาคต
10078643-n	ผู้จ่ายค่าโดยสาร	ผู้ชำระค่าโดยสาร
10078806-n	ชาวนา	เกษตรกร
10079310-n	เด็กหญิงชาวนา	เด็กหญิงชาวไร่
10079399-n	คนงานในฟาร์ม	คนงานในไร่	ชาวไร่
10079677-n	ช่างตีเกือกม้า	ช่างใส่เกือกม้า
10079893-n	ผู้นิยมลัทธิฟาสซิสต์	พวกฟาสซิสต์
10080869-n	บิดา	พ่อ
10082043-n	พ่อตา	พ่อผัว	พ่อสามี
10082562-n	ขวัญใจคนท้องถิ่น	ขวัญใจมหาชน
10083358-n	พ่อหนุ่ม	ไอ้หนุ่ม
10083823-n	สตรีชั้นสูง	สตรีสูงศักดิ์	หญิงสูงศักดิ์
10084043-n	ลูกผู้หญิง	ลูกเพศหญิง
10084295-n	หญิง	เด็กผู้หญิง	เด็กหญิง
10084635-n	นักสิทธิสตรี	ผู้สนับสนุนสิทธิสตรี
10085101-n	คนรับซื้อของโจร	พ่อค้ารับซื้อของโจร
10085449-n	คนขับเรือข้ามฝาก	คนขับเรือเฟอร์รี่
10085970-n	คู่หมั้น	คู่หมั้นหญิง
10087080-n	นายพัน	ผู้พัน	พัน
10088200-n	ผู้กำกับ	ผู้กำกับการแสดง	ผู้กำกับภาพยนตร์	ผู้กำกับหนัง
10089484-n	ดารานำจอเงิน	ดารานำภาพยนตร์	นักแสดงนำจอเงิน	นักแสดงนำภาพยนตร์
10091256-n	คนทำงานภาคสนาม	นักวิจัยภาคสนาม
10091651-n	นักดับเพลิง	นักผจญเพลิง	พนักงานดับเพลิง	เจ้าหน้าที่ดับเพลิง
10092098-n	นักดับไฟป่า	เจ้าหน้าที่ดับไฟป่า
10092643-n	คนโต	ลูกคนโต	ลูกหัวปี
10092978-n	ร.ต.	ร้อยตรี
10093167-n	ผู้กระทำความผิดครั้งแรก	ผู้ต้องโทษเป็นครั้งแรก
10093658-n	คนหาปลา	ชาวตังเก	ชาวประมง
10095265-n	แฟล็งเกอร์	แฟล็งเกอร์แบ็ก
10095769-n	เพื่อนร่วมอพาร์ตเมนท์	แฟลตเมต
10096126-n	ผู้หญิงโง่	หญิงโง่
10098388-n	คนชักดาบ	คนเบี้ยวหนี้	คนเบี้ยวเงิน
10098710-n	คู่ปรปักษ์	ปรปักษ์	ฝ่ายตรงข้าม	ศัตรู	อริ
10099093-n	นักร้องหญิง	นักร้องเพลงพื้นบ้าน
10099375-n	ผู้ติดตาม	ผู้ติดสอยห้อยตาม	ลูกสมุน	สมุน
10100124-n	ผู้ติดตาม	ผู้ติดสอยห้อยตาม
10100761-n	คนโง่	คนโง่เขลา
10101634-n	นักกีฬาอเมริกันฟุตบอล	นักอเมริกันฟุตบอล
10102800-n	ต้นตระกูล	ต้นสกุล	ผู้ก่อตั้งตระกูล
10103485-n	คนต่างชาติ	คนต่างประเทศ	คนต่างแดน	ชาวต่างชาติ	ชาวต่างประเทศ	ชาวต่างแดน
10104064-n	นาย	บอส
10104209-n	หัวหน้า	หัวหน้าคนงาน	เจ้านาย	โฟร์แมน
10105085-n	นักก็อปปี้	นักปลอมแปลง	ผู้ทำเลียนแบบ
10106080-n	บุตรบุญธรรม	ลูกบุญธรรม
10106242-n	ธิดาบุญธรรม	ลูกสาวบุญธรรม
10106752-n	พ่อแม่บุญธรรม	พ่อแม่อุปถัมภ์
10107303-n	บิดา	ผู้ก่อตั้ง
10107883-n	ทารกกำพร้า	ทารกถูกทิ้ง	เด็กทารกกำพร้า
10108606-n	ช่างกรอบรูป	ช่างทำกรอบรูป
10110421-n	คนทำงานอิสระ	ฟรีแลนซ์
10111023-n	อิสระชน	เสรีชน
10111688-n	นักศึกษาชั้นปีที่หนึ่ง	นักศึกษาปีหนึ่ง	น้องใหม่	เด็กปีหนึ่ง	เฟรชชี่
10111779-n	นักจิตวิเคราะห์	ผู้นิยมแนวคิดฟรอยเดียน
10112129-n	บรรพชิต	พระ	พระภิกษุ	พระภิกษุสงฆ์	พระสงฆ์	ภิกขุ	ภิกษุ	สงฆ์
10112591-n	พรรคพวก	พรรคพวกเพื่อนฝูง	พวก	พวกพ้อง	มิตร	มิตรสหาย	สหาย	เพื่อน
10113753-n	ตัวเก็ง	ตัวเต็ง
10114384-n	คนทอดอาหาร	พ่อครัวทำอาหารทอด
10115082-n	ผู้ลี้ภัย	ผู้อพยพลี้ภัย
10118208-n	คนที่สมควรตาย	คนที่สมควรถูกแขวนคอ	คนหนักแผ่นดิน
10118844-n	คนเล่นการพนัน	คนเล่นพนัน	นักการพนัน	นักพนัน	นักเล่นพนัน	ผีพนัน	เซียนพนัน
10119200-n	นักพนัน	นักเสี่ยงโชค
10119351-n	คนดูแลสัตว์	ผู้ดูแลสัตว์ป่า
10120085-n	พวกแก๊งอันธพาล	สมาชิกแก๊ง
10120671-n	คนดูแลสวน	คนสวน
10120816-n	คนตัดเย็บเสื้อผ้า	ช่างตัดเย็บเสื้อผ้า
10123026-n	ช่างอัญมณี	ช่างเจียรนัย
10123214-n	นักวงศาวิทยา	นักวงศ์ตระกูลวิทยา
10123844-n	พล.อ.	พลเอก
10125786-n	นายพล	พล
10126177-n	ผู้มีความคิดริเริ่ม	ผู้ริเริ่ม
10126926-n	จีเนียส	อัจฉริยบุคคล	อัจฉริยะ
10127273-n	ชายผู้ดี	สุภาพบุรุษ	เจนเทิลแมน
10128909-n	มนุษย์ยักษ์	ยักษ์	ยักษ์มหึมา
10129133-n	มนุษย์ยักษ์	ไจแอนต์
10129464-n	คนเกาะผู้หญิงกิน	คนให้ผู้หญิงเลี้ยง	แมงดา
10129825-n	ทรามวัย	สาว	หญิงสาว	เด็กสาว
10130686-n	หญิงคนรัก	เพื่อนหญิง	แฟนสาว
10131016-n	ผู้บำเพ็ญประโยชน์	ยุวกาชาด	เนตรนารี
10131151-n	สาวน้อยมหัศจรรย์	สาวมหัศจรรย์
10132035-n	คนเป่าแก้ว	ช่างเป่าแก้ว
10132305-n	คนตัดแก้ว	ช่างตัดแก้ว
10132422-n	คนทำเครื่องแก้ว	ช่างทำเครื่องแก้ว	ช่างเครื่องแก้ว	ช่างแก้ว
10132988-n	คนกินจุ	คนตะกละ	คนตายอดตายอยาก	นักกินแหลก
10133850-n	จีแมน	พนักงานสืบสวน	พนักงานสืบสวนอาชญากรรม
10134001-n	นายทวาร	นายประตู	ผู้รักษาประตู	โกล
10134552-n	ธิดาอุปถัมภ์	ลูกสาวทูนหัว
10135842-n	ช่างทอง	ช่างทำทอง
10135953-n	คนไม่เอาถ่าน	คนไม่เอาไหน
10136615-n	ช่างทอง	ช่างทำทอง	ช่างเครื่องทอง
10136959-n	นักกอล์ฟ	นักหวดวงสวิง	นักเล่นกอล์ฟ
10137367-n	นักกอล์ฟมืออาชีพ	นักกอล์ฟอาชีพ
10137825-n	คนพายเืรือกอนโดลา	คนแจวเรือกอนโดลา
10138767-n	คนดี	คนทำความดี
10139347-n	ขาเมาท์	คนชอบนินทา
10141590-n	นัดดา	พระนัดดา	พระราชนัดดา	หลาน
10142391-n	ตา	ปู่	พ่ออุ๊ย	พ่อเฒ่า
10142747-n	ยาย	ย่า	แม่อุ๊ย	แม่เฒ่า
10143172-n	ปู่ยาตายาย	พ่ออุ๊ยแม่อุ๊ย	พ่อเฒ่าแม่เฒ่า
10143530-n	คุณยาย	ยาย
10144055-n	กราฟิคดีไซเนอร์	เจ้าหน้าที่กราฟฟิคดีไซด์
10145590-n	ยายทวด	ย่าทวด
10145682-n	ตาทวด	ปู่ทวด
10145774-n	ชวด	ทวด
10146416-n	กรีนเบเร่ต์	ทหารกรีนเบเร่ต์
10147488-n	คนจับภาพ	ตากล้องจับภาพ
10147849-n	เด็กส่งของร้านขายของชำ	เด็กส่งของร้านชำ
10148305-n	คนขี้หงุดหงิด	คนอารมณ์ร้าย
10149527-n	ผู้ค้ำประกัน	ผู้รับรอง
10149867-n	ผู้ควบคุมนักโทษ	ผู้คุม	ผู้คุมนักโทษ
10150071-n	การ์ด	ยาม
10150281-n	กองหลัง	การ์ด
10150415-n	การ์ด	ทหารองครักษ์
10150556-n	สมาชิกกลุ่มกองโจร	สมาชิกกองโจร
10150940-n	แขก	แขกรับเชิญ	แขกเหรื่อ
10151133-n	ผู้เข้าพัก	แขก
10151261-n	แขกผู้ทรงเกียรติ	แขกผู้ใหญ่
10151570-n	คนนำเที่ยว	มัคคุเทศก์	ไกด์
10151760-n	นักกีตาร์	มือกีตาร์
10152083-n	มือปืน	มือปืนรับจ้าง
10152763-n	กูรู	คุรุ
10153414-n	ชายหนุ่ม	พ่อหนุ่ม	หนุ่ม
10153594-n	นักกีฬายิมนาสติก	นักยิมนาสติก
10154186-n	คนยิปซี	ชาวยิปซี
10155222-n	แฮกเกอร์	แฮคเกอร์
10155485-n	ยายเฒ่า	ยายแก่	ยายแม่มด	แม่มด
10155849-n	ช่างทำผม	ช่างเสริมสวย	ช่างแต่งผม	สไตลิสต์
10156284-n	หะยี	หัญจี
10157744-n	คนโง่	คนโง่เซ่อ	ตัวตลก
10161363-n	คนงานเก็บเกี่ยวผลผลิต	คนเก็บเกี่ยว	คนเก็บเกี่ยวผลผลิต
10162016-n	นักฆ่ามืออาชีพ	นักฆ่าอาชีพ
10162354-n	คนทำหมวก	ช่างทำหมวก
10162991-n	ลูกพี่	ห.น.	หน.	หัวหน้า	เฮด
10164605-n	ผู้นำครอบครัว	หัวหน้าครอบครัว
10164747-n	ผู้นำประเทศ	ผู้บริหารประเทศ
10165448-n	ผู้ฟัง	ผู้เข้าฟัง
10166394-n	คนนอกรีต	คนนอกศาสนา	คนไร้วัฒนธรรม
10169419-n	เด็กนรก	เด็กอันธพาล	เด็กเปรต
10169796-n	คนถือท้ายเรือ	นายท้าย
10170359-n	นักจุลกายวิภาค	นักจุลกายวิภาคศาสตร์	นักมิิิิิญชวิทยา
10170681-n	ผู้เชี่ยวชาญโลหิตวิทยา	แพทย์ทางโลหิตวิทยา
10170989-n	ผู้ป่วยโรคเลือดออกไม่หยุด	ผู้ป่วยโรคเลือดไหลออกไม่หยุด
10171567-n	คนต้อนสัตว์	คนเลี้ยงสัตว์
10172080-n	กระเทย	ตุ๊ด	แต๋ว
10172668-n	นักวิทยาสัตว์เลื้อยคลาน	นักวิทยาสัตว์เลื้อยคลานและนักสะเทินน้ำสะเทินบก
10173305-n	ตัวนาง	นางเอก
10173579-n	คนติดผง	คนติดผงขาว	คนติดเฮโรอีน	คนเสพเฮโรอีน	ผู้ติดเฮโรอีน	ผู้เสพเฮโรอีน
10173895-n	ผู้รักต่างเพศ	ผู้ใฝ่ต่างเพศ
10174253-n	นักการเมืองคอร์รัปชั่น	นักการเมืองฉ้อราษฎร์บังหลวง	นักการเมืองทุจริต
10175725-n	สลัดอากาศ	สลัดเวหา
10176475-n	บุปผาชน	ฮิปปี้
10176913-n	คนรับจ้าง	ลูกจ้าง
10177150-n	นักประวัติศาสตร์	นักวิชาการด้านประวัติศาสตร์	นักวิชาการประวัติศาสตร์
10178077-n	คนโบกรถ	นักเดินทางโดยการโบกรถ	นักโบกรถ
10179291-n	นักกีฬาฮอกกี้	นักกีฬาฮอกกี้น้ำแข็ง	นักฮอกกี้	นักฮอกกี้น้ำแข็ง
10181656-n	บริษัทรับเหมาสร้างบ้าน	ผู้รับเหมาสร้างบ้าน
10181799-n	คนซื้อบ้าน	ผู้ซื้อบ้าน
10182499-n	เจ้าของบ้าน	เจ้าบ้าน
10182913-n	คนรักร่วมเพศ	ชาวรักร่วมเพศ	เกย์
10184081-n	กุ๊ย	นักเลง	นักเลงหัวไม้	นักเลงโต	อันธพาล	โจ๋อันธพาล
10185682-n	คนชอบเลี้ยงม้า	คนเลี้ยงม้า
10185793-n	คนขี่ม้า	นักขี่ม้า
10186216-n	คนเลี้ยงม้า	เด็กเลี้ยงม้า
10186350-n	ชาวสวน	นักวิชาการพืชสวน
10186774-n	ผู้จัดการโรงแรม	เจ้าของโรงแรม
10187130-n	เจ้าบ้าน	เจ้าภาพ
10187491-n	เจ้าบ้านหญิง	เจ้าภาพหญิง
10188226-n	ตีนแมว	ย่องเบา	โจรงัดบ้าน
10189179-n	ช่างทาสี	ช่างทาสีบ้าน
10189776-n	แม่บ้าน	แม่ศรีเรือน
10191001-n	คนกอด	ผู้กอด
10191943-n	ตลก	นักแสดงตลก
10192412-n	คนหลังค่อม	คนหลังโกง	คนหลังโก่ง
10192926-n	ผู้ถูกตามล่า	ผู้ถูกล่า	ผู้ถูกล่าตัว
10193026-n	คนล่าสัตว์	นายพราน	พราน
10193864-n	นักกีฬาวิ่งกระโดดข้ามรั้ว	นักวิ่งกระโดดข้ามรั้ว
10193967-n	ผัว	ฝาละมี	พระภัสดา	พระสวามี	พระสามี	สวามี	สามี
10194231-n	ผัวเก่า	อดีตสามี
10195155-n	ผู้ป่วยความดันโลหิตสูง	ผู้ป่วยโรคความดันโลหิตสูง
10195942-n	คนเป็นความดันโลหิตสูง	ผู้ป่วยความดันโลหิตต่ำ	ผู้ป่วยโรคความดันโลหิตต่ำ
10196845-n	คนทำลายรูปสักการะ	คนทำลายรูปเคารพ	คนทำลายเทวรูป
10196965-n	คนมีอุดมการณ์	คนมีอุดมคติ	นักอุดมคติ
10197182-n	แฝดจากไข่ใบเดียว	แฝดแท้
10197392-n	นักทฤษฎี	ผู้มีอุดมคติ
10197525-n	คนปัญญาอ่อน	คนสติไม่สมประกอบ
10197967-n	คนขี้เกียจ	คนเกียจคร้าน	คนไม่ชอบทำงาน	คนไม่ทำงานทำการ
10198958-n	คนไม่มีการศึกษา	คนไร้การศึกษา
10199103-n	คนอ่านหนังสือไม่ออก	คนไม่รู้หนังสือ	ผู้อ่านหนังสือไม่ออก	ผู้ไม่รู้หนังสือ
10200047-n	คนพาล	ลูกลิง	เด็กซน
10200781-n	บุคคลสำคัญ	ผู้ทรงอิทธิพล	ผู้หลักผู้ใหญ่
10201366-n	ผู้นำเข้า	ผู้นำเข้าสินค้า
10201535-n	คนหลอกลวง	คนโกง
10201956-n	จิตรกรแนวอิมเพรสชั่นนิสต์	ศิลปินอิมเพรสชั่นนิสต์
10204921-n	ทหารราบ	ทหารเลว	พลทหารราบ
10205138-n	ทหารราบอเมริกัน	โดบอย
10206173-n	คนทรยศ	สาย
10206506-n	เด็กสาวบริสุทธิ์	เด็กสาวใสซื่อบริสุทธิ์
10206763-n	คนอกตัญญู	คนเนรคุณ	ผู้ไม่รู้คุณคน
10207681-n	คนไข้ใน	ผู้ป่วยใน
10208748-n	คนนอนไม่หลับ	คนเป็นโรคนอนไม่หลับ
10209539-n	ครูหญิง	อาจารย์หญิง	แม่พิมพ์
10209731-n	คนขายประกัน	ตัวแทนประกันชีวิต
10210137-n	กบฏ	ผู้ก่อกบฏ	ผู้ก่อการกบฏ
10210648-n	นักออกแบบตกแต่งภายใน	มัณฑนากร
10214062-n	ผู้บุกรุก	ผู้รุกราน
10216928-n	ช่างเครื่องเหล็ก	ช่างเหล็ก
10221656-n	อัญมณี	เพชร
10221777-n	คนขายเพชรพลอย	ผู้จำหน่ายอัญมณี
10223459-n	คนจ็อกกิ้ง	คนวิ่งจ็อกกิ้ง
10225219-n	ตุลาการ	ผู้พิพากษา	ศาล
10226413-n	จักเกลอร์	นักโยนรับสิ่งของ
10226803-n	นักกระโดด	นักกีฬากระโดด
10227393-n	นักศึกษาชั้นปีที่สาม	นักศึกษาปีสาม	เด็กปีสาม
10227490-n	จูเนียร์	เจอาร์
10230801-n	โจรลักพาตัว	โจรเรียกค่าไถ่
10231087-n	คนฆ่า	ผู้ฆ่า
10231515-n	กษัตริย์	พระมหากษัตริย์	พระราชา	พระเจ้าอยู่หัว	พระเจ้าแผ่นดิน	ราชา
10235024-n	ราชินี	เจ้า
10235142-n	ตัวพ่อ	ตัวแม่
10235549-n	ญาติ	ญาติพี่น้อง	ญาติโกโหติกา	พี่น้อง	วงศาคณาญาติ	เครือญาติ
10237196-n	คนจูบ	ผู้จุมพิต	ผู้จูบ
10239619-n	คนถักนิตติ้ง	คนถักไหมพรม	ช่างถักนิตติ้ง	ช่างถักไหมพรม
10240514-n	คนประหลาด	มนุษย์ประหลาด
10241300-n	กรรมกร	คนงาน	เลเบอร์	แรงงาน
10242032-n	ผู้นำกรรมกร	ผู้นำแรงงาน
10242791-n	สุภาพสตรี	เลดี้
10243384-n	แม่ยอดขมองอิ่ม	แม่ยอดยาหยี
10243988-n	หมู	แมงเม่า	แมลงเม่า
10244359-n	คนจุดตะเกียง	คนจุดไฟตะเกียง
10244665-n	ส.ต.	สิบตรี
10245156-n	เจ้าที่ดินหญิง	แลนด์เลดี้
10245236-n	เจ้าที่ดิน	แลนด์ลอร์ด
10245639-n	ผู้ถือครองที่ดิน	เจ้าของที่ดิน
10245863-n	นักจัดสวน	นักภูมิสถาปัตย์
10247358-n	สาวรุ่น	สาววัยรุ่น	สาวแรกรุ่น	สาวแรกแย้ม	หญิงสาววัยรุ่น
10249459-n	ผู้รักษากฎหมาย	เจ้าหน้าที่กฎหมาย
10249869-n	นักศึกษากฎหมาย	นักศึกษาวิชากฎหมาย
10249950-n	ทนาย	ทนายความ	นักกฎหมาย	นิติกร	หมอกฎหมาย	หมอความ
10251417-n	ดารานำหญิง	นักแสดงนำหญิง	นางเอก
10251517-n	ดารานำชาย	นักแสดงนำชาย
10251779-n	นักเรียน	ผู้ศึกษา	ผู้เรียน
10252674-n	กาฝาก	เพื่อนกิน
10253703-n	ทหารต่างด้าว	ทหารโรมัน
10254392-n	คนให้ยืมเงิน	ผู้ให้กู้	ผู้ให้ยืมเงิน	ผู้ให้สินเชื่อ
10254670-n	คนเป็นโรคเรื้อน	ผู้ป่วยโรคเรื้อน
10256537-n	คนพูดปด	คนโกหก
10257948-n	บณ.	บรรณารักษ์	เจ้าหน้าที่ห้องสมุด
10259348-n	นายร้อย	ร้อย
10259527-n	ร.อ.	เรือเอก
10259997-n	น.ต.	นาวาตรี
10260166-n	พล.ท.	พลโท
10260473-n	ร.ท.	เรือโท
10261624-n	นักชกรุ่นไลต์เวท	นักชกรุ่นไลต์เฮวี่เวท
10263259-n	กรรมการกำกับเส้น	ผู้กำกับเส้น
10263931-n	ผู้กำกับเส้น	ไลน์แมน
10266328-n	คนรู้หนังสือ	คนอ่านออกเขียนได้
10266848-n	คู่กรณี	คู่ความ	คู่พิพาท
10268629-n	นักล็อบบี้	ลอบบี้ยิสต์
10269785-n	นักตรรกวิทยา	นักตรรกศาสตร์
10271216-n	คนเฝ้ายาม	ทหารยาม
10272782-n	คนเสียเดิมพัน	คนแพ้พนัน	ผู้เสียพนัน	ผู้แพ้พนัน
10272913-n	ผู้ปราชัย	ผู้พ่ายแพ้	ผู้แพ้
10273064-n	คนพ่ายแพ้	คนล้มเหลว	ผู้พ่ายแพ้
10273572-n	คนเสียเปรียบ	ผู้เสียเปรียบ
10274474-n	ชายขายตัว	ผู้ชายขายตัว
10274639-n	คนเซ่อซ่า	คนโง่
10275395-n	นักจารีตนิยม	ผู้จงรักภักดี
10276238-n	ผู้เป็นกลาง	ผู้เป็นแสงสว่างทางปัญญา
10276764-n	คนบ้า	คนวิกลจริต	คนเสียจริต	ผู้วิกลจริต
10277132-n	คนกินข้าวเที่ยง	คนกินอาหารกลางวัน	ผู้รับประทานอาหารกลางวัน
10277638-n	คนเล่นลูท	นักเล่นลูท
10278128-n	มามี้	มาม้า	ม่าม้า	แม่
10278568-n	ผู้นิยมแนวคิดแมคคิเวลลิ	ผู้นิยมแนวคิดแมคคิเวลเลียน
10279392-n	นักเศรษฐศาสตร์มหภาค	ผู้เชียวชาญเศรษฐศาสตร์มหภาค	ผู้เชี่ยวชาญด้านเศรษฐกิจมหภาค
10279964-n	หญิงบ้า	หญิงวิกลจริต
10280364-n	พวกมาเฟีย	สมาชิกมาเฟีย
10280674-n	นักมายากล	นักเล่นกล
10281276-n	คนคุ้ยขยะ	คนเก็บขยะ
10282672-n	สาวใช้	หญิงรับใช้	เมด
10283037-n	คุณไปรษณีย์	บุรุษไปรษณีย์	พนักงานไปรษณีย์
10283170-n	พ.ต.	พันตรี
10283663-n	พล.ต.	พลตรี
10284064-n	คนทำงานฝีมือ	ช่าง	ช่างฝีมือ
10285135-n	ชายสูงศักดิ์	บุรุษชั้นสูง	บุรุษสูงศักดิ์
10285313-n	เด็กชาย	เด็กผู้ชาย
10285938-n	ลูกผู้ชาย	ลูกเพศชาย
10287213-n	ชาย	บุรุษ	ผู้ชาย
10288763-n	ชายชาตรี	ลูกผู้ชาย
10291240-n	นางแบบ	นางแบบแฟชั่น
10292052-n	คนมั่งมี	คนรวย
10292192-n	คนรับใช้ชาย	คนใช้ชาย
10292316-n	คนทำ	คนผลิต	ผู้ผลิต
10292622-n	ผู้นิยมลัทธิเหมา	ผู้นิยมลัทธิเหมาเจ๋อตุง
10292714-n	คนอ่านแผนที่	ผู้อ่านแผนที่
10292969-n	นักกีฬาวิ่งมาราธอน	นักวิ่งมาราธอน	นักวิ่งระยะไกล
10294602-n	กะลาสี	กะลาสีเรือ	ลูกเรือ
10296832-n	ผู้ยอมตายเพื่อความเชื่อ	ผู้ยอมสังเวยชีวิต
10297140-n	ผู้สนับสนุนลักธิมาร์กซ	พวกมาร์กซิส
10297531-n	ช่างปูน	ช่างอิฐ
10298482-n	ผู้เชี่ยวชาญ	มืออาชีพ
10298798-n	คนจบปริญญาโท	ผู้จบการศึกษาระดับปริญญาโท	ผู้จบปริญญาโท	ผู้เรียนจบปริญญาโท
10298912-n	กัปตัน	กัปตันเรือ	กัปตันเรือสินค้า
10299250-n	ผู้ดำเนินรายการ	พิธีกร	โฆษก
10299875-n	พ่อสื่อ	แม่สื่อ	แม่สื่อแม่ชัก
10300654-n	คนที่เหมาะสม	ผู้เหมาะสม
10300963-n	คนเห็นแก่วัตถุ	พวกวัตถุนิยม
10302446-n	ครูคณิตศาสตร์	ครูสอนเลข	อาจารย์คณิตศาสตร์	อาจารย์สอนเลข
10303310-n	พัศดีหญิง	พัศดีหญิงในเรือนจำ
10305062-n	ผู้ได้รับเหรียญรางวัล	ผู้ได้เหรียญรางวัล
10305635-n	หมอทหาร	แพทย์ทหาร
10306181-n	นักศึกษาแพทย์	นักเรียนแพทย์
10306279-n	คนทรง	ร่างทรง
10307234-n	สมาชิก	เมมเบอร์
10308394-n	สมาชิกคลับ	สมาชิกสโมสร
10308732-n	ช่างซ่อม	ช่างซ่อมแซม
10309147-n	พวกเมนเชวิก	เมนเชวิก
10309896-n	ผู้ค้าปลีก	ผู้ประกอบการค้าปลีก	พ่อค้า	พ่อค้าแม่ขาย	พ่อค้าแม่ค้า	แม่ค้า
10311021-n	คนนำสาร	คนส่งเอกสาร
10314054-n	ชายวัยกลางคน	ผู้ชายวัยกลางคน	หนุ่มใหญ่
10316862-n	ผู้นำกองทัพ	ผู้นำเหล่าทัพ	ผู้บัญชาการ	ผู้บัญชาการกองทัพ	แม่ทัพ
10318193-n	ฉันทนา	สาวโรงงาน
10318293-n	คนงาน	คนทำงานโรงงาน
10319796-n	กรรมกรเหมืองแร่	คนงานเหมือง	คนงานเหมืองแร่
10320863-n	ร.ม.ต.	รมต.	รัฐมนตรี
10322546-n	คนเกลียดการแต่งงาน	ผู้เกลียดการแต่งงาน
10322957-n	นักการศาสนา	ผู้เผยแพร่ศาสนา
10323182-n	ผู้เผยแพร่ศาสนา	มิสชันนารี	หมอสอนศาสนา
10323634-n	นายหญิง	หัวหน้าหญิง	เจ๊
10323752-n	กิ๊ก	ภรรยาลับ	เมียเก็บ
10323999-n	ลูกครึ่ง	เลือดผสม
10324560-n	แบบ	โมเดล
10324851-n	ตัวอย่าง	แบบอย่าง
10325013-n	วีรบุรุษ	ฮีโร่
10325243-n	ตัวอย่างที่ดี	แบบอย่างที่ดี
10326643-n	พวกโมเดิร์นนิสม์	ศิลปินแนวโมเดิร์น	ศิลปินโมเดิร์นนิสม์
10327002-n	ชาวมุสลิม	ผู้นับถือศาสนาอิสลาม
10327333-n	คนวิตถาร	คนโรคจิต	พวกโรคจิต
10327475-n	หญิงเสเพล	แฟนนักเลง
10327824-n	ผู้นิยมราชาธิปไตย	พวกนิยมเจ้า	พวกรอยัลลิสต์
10329945-n	คนเลวทราม	ผีสาง	มอนสเตอร์	อมนุษย์
10330189-n	ขอทาน	คนลักเล็กขโมยน้อย
10330722-n	คนงานถูพื้น	คนถูพื้น	พนักงานถูพื้น
10330835-n	ทารก	หนูน้อย
10331258-n	คู่อาฆาต	คู่แค้น	ศัตรูคู่อาฆาต
10332385-n	มารดา	เเม่
10332861-n	คุณแม่	มาเธอร์	แม่
10332953-n	แม่	แม่อุ๊ย	แม่เฒ่า
10333317-n	แม่ผัว	แม่ยาย
10333439-n	ลูกติดแม่	ลูกแหง่
10334009-n	คนขี่จักรยานยนต์	นักบิด	ผู้ขับขี่	ผู้ขับขี่ยวดยาน
10334101-n	นักขับ	ผู้ขับขี่ยานยนต์
10334567-n	นักปีนเขา	นักไต่เขา
10337020-n	ผู้ชี้ขาดทางศาสนาอิสลาม	มุฟตี
10338231-n	ครูสอนศาสนาอิสลาม	มุลลาห์
10338628-n	ผู้ถูกฆาตกรรม	ผู้ถูกฆ่า
10338707-n	ฆาตกร	นักฆ่า
10339966-n	คีตกวี	นักดนตรี
10340312-n	คนดนตรี	นักดนตรี
10341343-n	ครูดนตรี	ครูสอนดนตรี
10342367-n	คนหูหนวกเป็นใบ้	คนใบ้
10343211-n	คนกินเห็ด	ผู้กินเห็ด
10345015-n	ยาย	ย่า
10345100-n	คนดูแลเด็ก	คนเลี้ยงเด็ก	พี่เลี้ยง	พี่เลี้ยงเด็ก
10345804-n	ผู้บรรยาย	ผู้เล่า
10346015-n	นักชาตินิยม	พวกชาตินิยม
10347883-n	นักเดินทางสำรวจทะเล	นักเดินเรือ	นักเดินเรือโบราณ
10350220-n	นาซี	นาซีเยอรมัน
10351281-n	คนเย็บปักถักร้อย	ช่างเย็บปักถักร้อย
10352663-n	พวกนีโอคอน	พวกอนุรักษ์นิยมใหม่
10353016-n	ทารกแรกคลอด	ทารกแรกเกิด	เด็กแรกคลอด	เด็กแรกเกิด
10354265-n	นักประสาทวิทยา	ผู้เชี่ยวชาญด้านประสาทวิทยา
10354754-n	ศัลยแพทย์ประสาท	ศัลยแพทย์สมอง
10354898-n	คนเป็นโรคประสาท	ผู้ป่วยโรคประสาท
10355449-n	คนอ่อนประสบการณ์	คนอ่อนหัด	ผู้เข้าร่วมคนใหม่	ผู้เข้าใหม่
10355942-n	ชาวนิวอิงแลนด์	แยงกี้
10356066-n	คู่ข้าวใหม่ปลามัน	คู่ใหม่ปลามัน
10356344-n	ผู้ประกาศข่าว	ผู้รายงานข่าว	ผู้แถลงข่าว
10356877-n	คนอ่านข่าว	ผู้อ่านข่าว
10362682-n	คนเหนือ	ชาวภาคเหนือ	ชาวเหนือ
10362765-n	คนกินของว่าง	คนกินอาหารว่าง
10362917-n	คนอู้งาน	คนเลี่ยงงาน
10363573-n	นักประพันธ์นวนิยาย	นักเขียนนวนิยาย	นักเขียนนิยาย
10365399-n	คนเปลือย	คนเปลือยกาย
10365701-n	นักนิยมธรรมชาติ	ผู้เปลือยกายอาบแดด
10366966-n	นางพยาบาล	พยาบาล
10368009-n	ชี	นางชี	แม่ชี
10368920-n	คนพายเรือ	คนแจวเรือ	ฝีพาย
10369528-n	ผู้สังเกตการณ์	ผู้ให้ทัศนะ
10369699-n	เเพทย์ผดุงครรภ์	แพทย์ผดุงครรภ์
10369845-n	ชาวตะวันตก	ฝรั่ง
10370603-n	นางบำเรอ	สาวฮาเร็ม
10372076-n	กรรมการ	ผู้ชี้ขาด	ผู้ตัดสิน	ผู้ตัดสินชี้ขาด
10372373-n	พนักงาน	เจ้าหน้าที่
10374415-n	คนเติมน้ำมัน	พนักงานเติมน้ำมัน
10375402-n	พ่ออุ๊ย	พ่อเฒ่า
10375506-n	ชายชรา	พ่อเฒ่า
10376523-n	คนชรา	คนเฒ่าคนแก่	คนแก่	ผู้ชราภาพ	ผู้สูงวัย	ผู้สูงอายุ	ผู้อาวุโส	ผู้เฒ่า	ผู้เฒ่าผู้แก่	ไม้ใกล้ฝั่ง
10376890-n	คนแก่	ผู้เฒ่า
10377021-n	หญิงชรา	หญิงสูงวัย	หญิงสูงอายุ
10377291-n	นักกีฬาโอลิมปิก	ผู้แข่งขันกีฬาโอลิมปิก
10378213-n	คนเข้าชมโอเปร่า	ผู้เข้าชมโอเปร่า
10378290-n	นักร้องโอเปร่า	ผู้แสดงโอเปร่า
10379073-n	จักษุเเพทย์	จักษุแพทย์
10379278-n	คนติดฝิ่น	คนสูบฝิ่น	คนเสพฝิ่น	ผู้ติดฝิ่น	ผู้เสพฝิ่น
10379620-n	คู่ต่อสู้	คู่แข่ง
10380000-n	ช่างตัดแว่น	ช่างตัดแว่นตา	ช่างแว่นตา
10380305-n	ช่างประกอบแว่นตา	ผู้ชำนาญด้านสายตา
10381698-n	ผู้สั่งซื้อ	ผู้สั่งซื้อสินค้า	ผู้สั่งสินค้า
10382597-n	คนบริจาคอวัยวะ	ผู้บริจาคอวัยวะ
10384392-n	เด็กกำพร้า	เด็กไม่มีพ่อมีแม่	เด็กไม่มีพ่อแม่
10385159-n	ศัลยแพทย์กระดูก	หมอกระดูก
10388192-n	ม้านอกสายตา	ม้ามืด
10388647-n	ผู้พักค้างคืน	แขกพักค้างคืน
10389398-n	ผู้ครอบครอง	ผู้เป็นเจ้าของ	เจ้าของ
10389865-n	เจ้าของที่พักอาศัย	เจ้าของที่อยู่อาศัย	เจ้าของบ้าน
10390199-n	นักสันติวิธี	ผู้ยึดถือลัทธิสันติภาพ	ผู้เรียกร้องสันติภาพ
10390427-n	พนักงานบรรจุกล่อง	พนักงานบรรจุหีบห่อ
10391653-n	จิตรกร	นักวาดภาพ	นักวาดรูป
10393909-n	ช่างทาสี	ช่างสี
10397001-n	ช่างติดวอลล์เปเปอร์	ช่างวอลล์เปเปอร์
10397392-n	ทารกอินเดียแดง	ปาปูส
10398370-n	คนไข้โรคจิตพารานอยด์	ผู้ป่วยโรคพารานอยด์
10399019-n	ทหารพลร่ม	พลร่ม
10399491-n	บิดรมารดา	บิดามารดา	บุพการี	ผู้บังเกิดเกล้า	ผู้ปกครอง	พ่อแม่
10402417-n	ผู้เป็นหุ้นส่วน	พาร์ตเนอร์	หุ้นส่วน
10402709-n	คนทำงานพาร์ตไทม์	พนักงานพาร์ตไทม์	เจ้าหน้าที่พาร์ตไทม์
10403162-n	หัวหน้าพรรค	หัวหน้าพรรคการเมือง
10404426-n	ผู้ผ่านการสอบ	ผู้สอบผ่าน
10405320-n	คนทำขนมอบ	พ่อครัว
10405694-n	คนป่วย	ผู้ป่วย
10407310-n	นักชาตินิยม	ผู้รักชาติ
10407726-n	ผู้มีอุปการะคุณ	ผู้อุปการะคุณ
10408809-n	ช่างเขียนลาย	ช่างแกะลาย
10409011-n	กระยาจก	คนยากจนข้นแค้น	ยาจก
10409459-n	ผู้ประกอบธุรกิจรับจำนำ	เจ้าของโรงจำนำ	เจ้าของโรงรับจำนำ
10409752-n	ผู้จ่ายเงิน	ผู้ชำระเงิน
10410440-n	ตัวเล็ก	น้องเล็ก
10410815-n	คนงุ่มง่าม	คนชั้นต่ำ	คนเถื่อน	คนไร้การศึกษา
10411551-n	ผู้เร่ขาย	พ่อค้าเร่	หาบเร่	หาบเร่แผงลอย
10411867-n	คนข่มขืน	คนข่มขืนเด็ก
10412554-n	ผู้เชี่ยวชาญด้านทันตกรรมเด็ก	ผู้เชี่ยวชาญทันตกรรมสำหรับเด็ก
10412784-n	คนงานปอกเปลือกผักผลไม้	คนปอกเปลือก
10414239-n	นักทัณฑวิทยา	นักทัณฑศาสตร์
10414379-n	เพื่อนทางจดหมาย	เพ็นเฟรนด์
10415037-n	คนตีเพอร์คัสชั่น	มือเพอร์คัสชั่น
10415638-n	นักศิลปะการแสดง	ผู้แสดง
10421470-n	คนปรุงยา	ภก.	หมอยา	เภสัชกร
10423589-n	นักปรัชญา	นักปราชญ์	ปราชญ์
10425946-n	นักปรัชญา	ปราชญ์
10426749-n	ช่างถ่ายรูป	ช่างภาพ	ตากล้อง
10431122-n	คนทำเปียโน	ช่างทำเปียโน	ช่างเปียโน
10431224-n	ครูสอนเปียโน	ครูเปียโน
10431514-n	คนงานเก็บผลผลิต	คนเก็บผลผลิต
10431907-n	คนล้วงกระเป๋า	นักล้วงกระเป๋า	โจรล้วงกระเป๋า
10432532-n	นักธุดงค์	นักแสวงบุญ	ผู้จาริกแสวงบุญ	ผู้แสวงบุญ
10432674-n	พวกพิลกริม	พิลกริม
10433164-n	คนขับเครื่องบิน	น.บ.	นักบิน
10433737-n	คนคุมซ่อง	นักเลงคุมซ่อง	พ่อเล้า	แมงดา
10434725-n	นักคิดค้น	ผู้บุกเบิก	ผู้ริเริ่ม
10435169-n	คนสูบไปป์	ผู้สูบไปป์
10437852-n	ผู้ฟ้องคดี	ผู้ร้องทุกข์	โจทก์
10438172-n	คนวางแผน	นักวางแผน
10438728-n	คนปลูกต้นไม้	คนปลูกพืช
10440717-n	คนดูละคร	ผู้ชมละคร
10440886-n	ตัวทำเกม	ห้องเครื่อง	เพลย์เมกเกอร์
10442093-n	พ่อค่าเร่	พ่อค้าเร่
10442417-n	คนทำงานเฉื่อย	คนอู้งาน
10442815-n	คนงานไถดิน	คนงานไถพรวน	คนไถดิน
10443032-n	ช่างซ่อมท่อประปา	ช่างประปา
10443170-n	โจรปล้นสดมภ์	โจรห้าร้อย
10444194-n	กวี	นักกลอน	นักกวี
10447359-n	กวีประจำราชสำนัก	กวีราชสำนัก
10448568-n	คนวางยา	คนวางยาพิษ	ผู้วางยาพิษ
10448983-n	ตร.	ตำรวจ	นายตำรวจ	ผู้พิทักษ์สันติราษฎร์	เจ้าหน้าที่ตำรวจ
10449412-n	ตำรวจสาว	ตำรวจหญิง
10449845-n	ผู้กำหนดนโยบาย	ผู้วางนโยบาย
10450038-n	นักโทษการเมือง	นักโทษทางการเมือง
10450303-n	คนทำงานทางการเมือง	คนเล่นการเมือง	นักการเมือง	ผู้นำทางการเมือง
10451858-n	คนก่อปัญหาสิ่งแวดล้อม	คนก่อมลภาวะ
10452024-n	ขี้ขลาด	คนขี้ขลาดตาขาว
10453184-n	นักพูล	นักเล่นพูล	ผู้เล่นพูล
10453357-n	คนจน	คนยากคนจน	คนยากจน
10453533-n	พระสันตะปาปา	สันตะปาปา	โป๊ป
10456950-n	เด็กด้อยโอกาส	เด็กในภาพโปสเตอร์รับบริจาค
10459414-n	ศิลปินโพสต์อิมเพรสชันนิสม์	ศิลปินโพสท์อิมเพรสชันนิสม์
10460193-n	คนติดกัญชา	คนสูบกัญชา	ผู้สูบกัญชา
10460806-n	คนปั้นหม้อ	ช่างปั้นเครื่องดินเผา	ช่างปั้นเซรามิก	ช่างเครื่องปั้นดินเผา
10461060-n	พ่อค้าสัตว์ปีก	พ่่อค้าสัตว์ปีก
10462429-n	คนมีไฟ	คนไฟแรง
10462751-n	คนงานโรงไฟฟ้า	พนักงานการไฟฟ้า
10463714-n	คนชอบแกล้ง	คนที่ชอบเล่นตลก	คนหลอกลวง	ตัวตลก
10464178-n	นักเทศน์	ผู้เทศนา
10467179-n	ปธน.	ประธานาธิบดี
10469346-n	ประธานในที่ประชุม	ผู้นำการประชุม	หัวหน้าในที่ประชุม
10469611-n	ประชาสัมพันธ์	พีอาร์
10470460-n	เป้าหมาย	เหยื่อ
10474446-n	ดีลเลอร์	ผู้ซื้อขายในตลาดหุ้น
10474645-n	ครูใหญ่	ผู้อำนวยการโรงเรียน	อาจารย์ใหญ่
10476086-n	นักโทษ	ผู้ถูกคุมขัง
10476331-n	เชลย	เชลยศึก	เชลยสงคราม
10476467-n	ทหารเลว	พลทหาร
10476671-n	นักสืบ	นักสืบเอกชน
10479493-n	มาม่าซัง	แม่เล้า
10479561-n	คนฟุ่มเฟือย	คนสุรุ่ยสุร่าย
10479783-n	คนมีพรสวรรค์	ผู้มีพรสวรรค์
10480583-n	นักกีฬาอาชีพ	มือโปร
10480730-n	ศ.	ศาสตราจารย์	โปรเฟสเซอร์
10481268-n	นักเขียนโปรแกรม	นักเขียนโปรแกรมคอมพิวเตอร์	โปรแกรมเมอร์
10482054-n	ผู้ให้คำมั่นสัญญา	ผู้ให้สัญญา
10482768-n	คนตรวจปรู๊ฟ	นักพิสูจน์อักษร
10484858-n	พนักงานอัยการ	อัยการ
10485440-n	กะหรี่	นางกลางเมือง	นางคณิกา	นางโลม	ผู้หญิงขายตัว	ผู้หญิงหากิน	หญิงขายตัว	หญิงขายบริการ	หญิงขายบริการทางเพศ	หญิงงามเมือง	หญิงบริการ	อีตัว	โสเภณี	ไก่
10487710-n	กระเทยเทียม	กระเทยไม่แท้
10490141-n	คนเป็นโรคจิต	ผู้ป่วยโรคจิต
10490699-n	นักประชาสัมพันธ์	ประชาสัมพันธ์
10491309-n	ผู้จัดพิมพ์	ผู้พิมพ์โฆษณา
10492894-n	ชาวพังก์	นักดนตรีพังก์
10493685-n	คนเชิดหุ่น	นักเชิดหุ่น	นักเชิดหุ่นกระบอก
10494373-n	พวกเพียวริตัน	พิวริตัน
10495555-n	ผู้ค้ายาเสพติด	พ่อค้ายา	พ่อค้ายาเสพติด	เอเยนต์ค้ายาเสพติด
10499355-n	พระราชินี	ราชินี
10499857-n	ควีน	ราชินี
10501453-n	คนหัวดี	คนหัวไว
10501908-n	หนึ่งในแฝดห้า	แฝดห้า
10502329-n	นักบวชในศาสนายิว	แรบบาย
10502576-n	นักแข่ง	นักแข่งรถ
10503452-n	คนหัวรุนแรง	พวกหัวรุนแรง
10504206-n	นักรังสีวิทยา	แพทย์ผู้เชี่ยวชาญรังสีวิทยา
10504805-n	คนคุ้ยขยะ	คนเก็บขยะ
10505942-n	คนที่ใช้จ่ายสุรุ่ยสุร่าย	ผู้ชายเจ้าชู้
10506642-n	ราชินี	รานี
10507230-n	คนข่มขืน	นักข่มขืน	ผู้ข่มขืน
10507482-n	นักร้องเพลงแร็ป	แร็ปเปอร์
10508710-n	คนอ่าน	ผู้อ่าน
10508862-n	คนอ่าน	ผู้อ่าน
10509810-n	ตัวแทนขายบ้าน	นายหน้า	นายหน้าที่ดิน
10510245-n	พล.ร.ต.	พลเรือตรี
10510974-n	ผู้รับลูก	ผู้รับลูกเสิร์ฟ
10511069-n	พนักงานต้อนรับ	รีเซฟชั่น
10515194-n	นักต่อสู้เพื่อความดี	นักปฏิรูป	นักปฏิรูปสังคม
10516874-n	นายทะเบียน	พนักงานทะเบียน
10517405-n	ขาประจำ	แขกประจำ
10518602-n	นักบวช	สาวก
10520675-n	คนเก็บค่าเช่าบ้าน	ผู้เก็บค่าเช่าบ้าน
10521662-n	นักข่าว	ผู้สื่อข่าว	สื่อ	สื่อมวลชน
10521853-n	นักข่าวหญิง	ผู้สื่อข่าวหญิง
10523076-n	คนทำงานวิจัย	นักวิจัย
10523519-n	ผู้พักอาศัย	ผู้อยู่อาศัย	ผู้อาศัย
10525436-n	นักธุรกิจขายปลีก	พ่อค้าขายปลีก
10525617-n	คนเกษียณอายุ	ผู้เกษียณอายุ
10527334-n	นักปฏิวัติ	ผู้อภิวัฒน์
10529231-n	ผู้มั่งคั่ง	ผู้มีทรัพย์สิน
10529823-n	มหาเศรษฐี	อภิมหาเศรษฐี
10529965-n	คนขี่สัตว์	ผู้เดินทางด้วยสัตว์
10530571-n	ทหารปืนไรเฟิล	พลปืนไรเฟิล	มือไรเฟิล
10531948-n	พิธีกรคณะละครสัตว์	โฆษกคณะละครสัตว์
10532058-n	ผู้ก่อการจราจล	ผู้ก่อจราจล
10533013-n	คู่ต่อสู้	คู่แข่ง	ผู้ท้าชิง
10534277-n	คนอบย่างอาหาร	พ่อครัวทำอาหารปิ้งย่าง	พ่อครัวปิ้งย่าง
10534586-n	โจรจี้ชิงทรัพย์	โจรจี้ปล้น	โจรปล้นทรัพย์
10535604-n	นักปีนหน้าผา	นักไต่ผา
10535706-n	ชาวร็อค	ร็อคเกอร์
10535881-n	นักดนตรีร็อค	ร็อคเกอร์
10536728-n	คนพาล	คนสารเลว	คนโกง	คนไม่เอาถ่าน	นักเลงหัวไม้
10537240-n	จักรพรรดิแห่งโรมัน	จักรพรรดิโรมัน
10537906-n	นักจินตนิยม	ศิลปินโรแมนติก
10538272-n	ช่างซ่อมหลังคา	ช่างมุงหลังคา
10538518-n	รูมเมท	เพื่อนร่วมห้อง	เมท
10539715-n	คนน่ารังเกียจ	คนโง่	คนไม่เอาไหน	คนไร้ค่า
10540984-n	ลูกเสือชาวบ้าน	ลูกเสือสามัญรุ่นใหญ่	เสือป่า
10542761-n	คนวิ่ง	ผู้วิ่ง
10542888-n	นักกีฬาวิ่ง	นักวิ่ง	ลมกรด
10544480-n	โจรขโมยวัวควาย	โจรปล้นปศุสัตว์
10544748-n	ผู้ก่อวินาศกรรม	ผู้ก่อเหตุวินาศกรรม
10545296-n	ผู้บวงสรวง	ผู้เซ่นไหว้
10545415-n	คนทำอานม้า	ช่างทำอานม้า	ช่างอานม้า
10546062-n	โจรงัดตู้เซฟ	โจรเปิดตู้เซฟ
10546561-n	คนทำใบเรือ	ช่างทำใบเรือ	ช่างใบเรือ
10546850-n	นักบุญ	เซนต์
10547145-n	นักบุญ	เซนต์
10548537-n	พนักงานขายชาย	เซลส์เเมน
10548681-n	ตัวแทนจำหน่าย	พนักงานขาย	เซลส์
10550673-n	ซานตา	ซานตาคอส
10552980-n	คนตัณหาจัด	เพลย์บอย
10553402-n	คนป่าเถื่อน	คนเถื่อน	บาร์บาเรียน
10553627-n	คนออมเงิน	คนเก็บเงิน
10553805-n	คนช่วยชีวิต	ผู้ช่วยชีวิต	เจ้าหน้าที่กู้ภัย
10555311-n	แพะ	แพะรับบาป
10555679-n	คนปล่อยข่าว	คนยุแหย่
10555825-n	คนขี้ลืม	คนขี้หลงขี้ลืม
10556704-n	คนเป็นโรคจิตเภท	ผู้ป่วยโรคจิตเภท
10557854-n	นักวิชาการ	นักศึกษา	นักเรียน
10559192-n	ด.ช.	นักเรียนชาย	เด็กนักเรียนชาย
10559288-n	นร.	นักเรียน	เด็กนักเรียน
10559508-n	เพื่อนเก่า	เพื่อนโรงเรียนเก่า
10559603-n	ด.ญ.	นักเรียนหญิง	เด็กนักเรียนหญิง
10560548-n	ครูวิทยาศาสตร์	อาจารย์วิทยาศาสตร์
10561613-n	คนกินมูมมาม	คนตะกละตะกลาม
10562391-n	ผู้ทำประตู	ผู้ทำประตูชัย	ผู้ยิงประตู
10563940-n	คนลายมือหวัด	คนเขียนหวัด
10564098-n	ดาราจอเงิน	ดาราภาพยนตร์	ดาราหนัง	นักแสดงจอเงิน	นักแสดงภาพยนตร์
10564400-n	นักเขียนบทภาพยนตร์	ໍนักเขียนบทภาพยนตร์
10566072-n	ช่างแกะสลัก	ประติมากร
10567096-n	ราชาโจรสลัด	ราชาโจรสลัดไวกิ้ง
10567722-n	คนงานตามฤดูกาล	แรงงานตามฤดูกาล
10569011-n	ร.ท.	ร้อยโท
10569744-n	เจ้าหน้าที่เลขานุการ	เลขา	เลขานุการ
10574958-n	หัวหน้าฝ่ายรักษาความปลอดภัย	หัวหน้าแผนกรักษาความปลอดภัย
10575463-n	ดาวยูเรนัส	นักกีฬาดาวรุ่ง	นักกีฬาดีเด่น
10575787-n	นักเเสวงหา	ผู้ค้นหา
10576071-n	คนดู	ผู้ชม
10577284-n	คนขาย	คนขายของ	ผู้ขาย
10578021-n	ผู้เข้ารอบรองชนะเลิศ	ผู้เข้ารอบเซมิไฟนอล
10578656-n	ผู้รับข้อความ	ผู้รับแมสเซจ
10578762-n	ผู้ส่ง	ผู้ส่งข้อความ	ผู้ส่งแมสเซจ
10579062-n	นักศึกษาปีสุดท้าย	นิสิตปีสุดท้าย
10579549-n	รองประธานระดับอาวุโส	รองประธานอาวุโส
10580772-n	ส.อ.	สิบเอก
10581464-n	ฆาตกรต่อเนื่อง	ฆาตกรโรคจิต
10582154-n	คนรับใช้	คนใช้	เด็กรับใช้
10582507-n	คนรับใช้หญิง	คนใช้หญิง	หญิงรับใช้
10582604-n	ผู้เสิร์ฟ	ผู้เสิร์ฟลูก
10582746-n	ทหาร	ทหารกองประจำการ	ทหารชาย	ทหารประจำกองทัพ
10583387-n	ชาวอาณานิคม	ผู้ตั้งรกราก	ผู้อพยพ
10584318-n	คนเย็บผ้า	ช่างเย็บผ้า
10584501-n	คนเย็บจักร	ช่างเย็บจักร
10584729-n	ดาวยั่ว	นางแบบวาบหวิว	เซ็กซ์บอมบ์
10584973-n	ผู้กระทำความผิดทางเพศ	ผู้ต้องโทษคดีทางเพศ	อาชญากรทางเพศ
10585077-n	ดาวยั่ว	ดาวโป๊	เซ็กซิมโบล
10585496-n	พระเจ้าชาร์	พระเจ้าชาร์แห่งอิหร่าน
10589140-n	นอ.	นายอำเภอ
10589566-n	คนปูกระเบื้องหลังคา	คนมุงกระเบื้องหลังคา
10589930-n	บริษัทต่อเรือ	ผู้ผลิตเรือ
10590903-n	คนตัดเสื้อเชิ้ต	ช่างตัดเสื้อเชิ้ต
10591481-n	ผู้ทำประตู	ผู้ยิงประตู
10591678-n	คนทอดลูกเต๋า	คนทอยลูกเต๋า
10592152-n	ผู้จัดการร้าน	เจ้าของร้าน
10592397-n	คนซื้อของ	นักช็อป
10593392-n	คนยิงปืน	ผู้ยิงปืน
10594523-n	คนสับไพ่	ผู้สับไพ่
10595012-n	ฝาแฝดอินจัน	เเฝดสยาม
10595647-n	คนป่วย	คนเจ็บไข้ได้ป่วย	คนเป็นโรค	คนไข้	คนไม่สบาย	ผู้ป่วย	ผู้เป็นโรค
10596689-n	ผู้เที่ยวชม	ผู้เยี่ยมชม
10596899-n	คนให้สัญญาณ	ผู้ให้สัญญาณ
10598349-n	ชาวซิกข์	ผู้นับถือศาสนาซิกข์
10598749-n	ช่างเครื่องเงิน	ช่างเงิน
10599354-n	คนไม่มีสติปัญญา	คนไร้สติปัญญา
10599806-n	นักร้อง	ผู้ขับร้อง
10601840-n	นางไซเรน	ไซเรน
10602985-n	น้องสาว	พี่สาว
10603528-n	คนขี้ลังเล	คนลังเล
10603766-n	น้องสะใภ้	พี่สะใภ้
10604634-n	ผู้คิดสงสัย	ผู้สงสัย
10605985-n	แรงงานฝีมือ	แรงงานมีฝีมือ
10607291-n	นักดำน้ำ	นักประดาน้ำ
10607706-n	คนลอกหนังสัตว์	ช่างลอกหนังสัตว์
10607824-n	คนเรียนซ้ำชั้น	นักเรียนซ้ำชั้น	เด็กเรียนซ้ำชั้น
10609198-n	หญิงสกปรกเกียจคร้าน	หญิงสำส่อน
10609325-n	ขี้ข้า	ข้าทาส	ข้าเก่าเต่าเลี้ยง	ทาส
10609556-n	กรรมกร	ทาส
10609871-n	คนคุมทาส	คนบังคับทาส
10610096-n	นายทาส	เจ้าของทาส
10610465-n	คนนอนหลับ	คนหลับ
10611361-n	คนเดินละเมอ	ผู้เดินละเมอ
10611613-n	นักสืบ	นักสืบแกะรอย
10612518-n	คนขายเสื้อผ้า	คนขายเสื้อผ้าราคาถูก
10613996-n	คนสวย	ความมีเสน่ห์	สาวงาม
10614629-n	คนตีเหล็ก	ช่างโลหะ
10614976-n	คนสูบ	คนสูบยา	ผู้สูบ
10615334-n	คนขายของหนีภาษี	ผู้ค้าของหนีภาษี	ผู้ค้าของเถื่อน
10615808-n	พรานทำบ่วงแร้ว	พรานวางกับดัก
10615929-n	พวกฉกชิงวิ่งราว	โจรวิ่งราว	โจรวิ่งราวทรัพย์
10616204-n	ตีนแมว	โจรย่องเบา
10616899-n	พลซุ่มยิง	พลแม่นปืน	สไนเปอร์
10617814-n	คนสูด	ผู้สูด
10618342-n	ขุนพลนักเตะ	ขุนพลแข้ง	นักกีฬาฟุตบอล	นักฟุตบอล	นักเตะ
10618465-n	นักมานุษยวิทยาวัฒนธรรม	นักมานุษยวิทยาสังคม
10619176-n	ฝ่ายซ้าย	พวกปีกซ้าย
10619642-n	นักวิจัยทางสังคมศาสตร์	นักวิทยาศาสตร์สังคม	นักสังคมศาสตร์
10621847-n	คนพักแรม	ผู้อยู่อาศัยชั่วคราว
10622053-n	ทหาร	ทหารหาญ	พลทหาร	รั้วของชาติ
10623806-n	บริกรเสิร์ฟไวน์	พนักงานเสิร์ฟไวน์
10623949-n	คนที่ละเมอพูด	คนพูดละเมอ	ผู้พูดละเมอ
10624074-n	กุลบุตร	บุตรชาย	พระโอรส	ราชบุตร	ราชโอรส	ลูกชาย	โอรส
10624310-n	คนร้องเพลง	ผู้ร้องเพลง
10624915-n	ลูกเขย	เขย
10625438-n	นักศึกษาชั้นปีที่สอง	นักศึกษาปีสอง	เด็กปีสอง
10625860-n	จอมขมังเวทย์	ผู้วิเศษ	พ่อมด	หมอผี
10628368-n	จอห์นนี่	รีเบล
10628644-n	ประมุข	พระประมุข
10629545-n	ผู้ส่งจดหมายขยะ	ผู้ส่งสแปม
10630188-n	คนพูด	ผู้พูด
10631941-n	ผู้ชำนาญการพิเศษ	ผู้เชี่ยวชาญ
10633450-n	คนดู	ผู้ชม
10634596-n	คนขับรถเร็ว	ตีนผี
10635149-n	คนสะกดคำ	นักสะกดคำ	ผู้สะกดคำ
10635275-n	ผู้จับจ่าย	ผู้จับจ่ายใช้สอย	ผู้ใช้จ่าย
10635460-n	ผู้ใช้เงินมือเติบ	ผู้ใช้เงินสุรุ่ยสุร่าย
10636340-n	คนปั่นฝ้าย	ช่างปั่นด้าย	ช่างปั่นฝ้าย
10636488-n	สาวขึ้นคาน	สาวทึนทึก	สาวแก่
10636874-n	คนถุยน้ำลาย	คนถ่มน้ำลาย	คนบ้วนน้ำลาย	ผู้ถ่มน้ำลาย	ผู้บ้วนน้ำลาย
10639469-n	คนเล่นพนันกีฬา	นักพนันกีฬา
10640620-n	คู่	คู่ครอง	คู่ชีวิต	คู่ผัวตัวเมีย	คู่สามมีภรรยา
10641755-n	สปาย	สายลับ
10642151-n	นักสืบ	สปาย	สายสืบ
10642705-n	คนซื่อตรง	คนซื่อสัตย์
10644301-n	เด็กดูแลม้า	เด็กเลี้ยงม้า
10646780-n	คนติดอ่าง	คนพูดติดอ่าง
10646942-n	คนเดินกระแทกเท้า	คนเดินเท้าหนัก
10648237-n	ตัวสำรอง	ตัวแสดงแทน	สแตนด์อิน
10648696-n	ดารานำ	ตัวเอก	นักแสดงนำ
10648909-n	คนจ้องมอง	ผู้จ้องมอง
10649308-n	กรรมการให้สัญญาณ	ผู้ให้สัญญาณการแข่งขัน
10649724-n	คนอดอยาก	ผู้หิวโหย
10649962-n	อัยการของรัฐ	อัยการประจำรัฐ	อัยการมลรัฐ
10652703-n	คนขายเครื่องเขียน	คนขายเครื่องใช้สำนักงาน
10652954-n	นักคำนวนค่าสถิติ	นักสถิติ
10653238-n	นักคณิตศาสตร์สถิติ	นักสถิติ
10653679-n	ช่างทำเครื่องเหล็ก	ช่างเหล็ก
10654461-n	ลูกติด	ลูกเลี้ยง
10655169-n	กรรมกรท่าเรือ	คนงานท่าเรือ
10655594-n	พนักงานต้อนรับบนเครื่องบิน	สจ๊วต
10655875-n	พนักงานต้อนรับบนเครื่องบิน	แอร์โฮสเตส
10657835-n	นักซื้อขายหุ้น	นักลงทุน	เทรดเดอร์
10658676-n	พวกสโตอิก	สโตอิก
10660333-n	คนขี้จุ๊	คนพูดโกหก
10660883-n	ตัวรับมุข	ลูกคู่ตัวตลก
10661002-n	คนต่างถิ่น	คนต่างเมือง	คนแปลกหน้า
10661732-n	ผู้ช่วย	ผู้ช่วยหัวหน้า
10662306-n	คนวิ่งเปลือย	คนแก้ผ้าวิ่ง
10662474-n	คนกวาดถนน	พนักงานกวาดถนน
10663137-n	เด็กจรจัด	เด็กเร่ร่อน
10663659-n	ผู้นำการประท้วยหยุดงาน	แกนนำผู้ประท้วงหยุดงาน	แกนนำสไตรก์
10663745-n	คนที่หยุดงานประท้วง	คนหยุดงานประท้วง
10664340-n	นักเต้นระบำเปลื้องผ้า	นักเต้นระบำโป๊
10665698-n	นร.	นศ.	นักศึกษา	นักเรียน	นิสิต	นิสิตนักศึกษา
10666846-n	ตัวแสดงแทน	นักแสดงแทน	นักแสดงแทนหญิง	สตั๊นแมน
10667187-n	คนสมองทึบ	คนโง่
10670885-n	คนให้เงินสนับสนุน	ผู้ให้เงินสนับสนุน
10671042-n	ตัวสำรอง	นักกีฬาตัวสำรอง	ผู้เล่นสำรอง
10671300-n	คนลบเลข	ผู้ลบเลข
10672066-n	คนดูด	ผู้ดูด
10672662-n	สตรีที่เรียกร้องสิทธิเลือกตั้ง	สตรีผู้เรียกร้องสิทธิทางการเมือง
10673669-n	คนฆ่าตัวตาย	ผู้ฆ่าตัวตาย	ผู้ทำอัตวินิบาตกรรม
10673776-n	มือระเบิดฆ่าตัวตาย	มือระเบิดพลีชีพ
10676319-n	ซูเปอร์โมเดล	นางแบบชั้นนำ
10676569-n	ดาราประกอบฉาก	ตัวประกอบฉาก	ตัวแสดงประกอบฉาก
10677271-n	ซัปพลายเออร์	ผู้จัดหาสินค้า
10677713-n	ผู้สนับสนุน	ผู้หนุนหลัง	ผู้ให้การสนับสนุน
10679054-n	นักเล่นเซิร์ฟบอร์ด	นักโต้คลื่น
10679174-n	ศัลยแพทย์	หมอผ่าตัด
10679845-n	จิตรกรแนวเหนือจริง	พวกเซอร์เรียลิสม์	ศิลปินเซอร์เรียลลิสม์
10679998-n	คนแพ้	ผู้พ่ายแพ้	ผู้แพ้
10682169-n	คนจรจัด	คนพเนจร
10682953-n	คนพิเศษ	หวานใจ
10683349-n	ฉลาม	นักกีฬาว่ายน้ำ	นักว่ายน้ำ	เงือก
10684827-n	คนประจบสอพลอ	คนสอพลอ
10685480-n	นางไม้	รุกขเทวดา	เจ้าที่เจ้าทาง
10685685-n	พวกสัญลักษณ์นิยม	ศิลปินสัญลักษณ์นิยม
10687427-n	คนเป็นซิฟิลิส	คนเป็นหนองใน	คนเป็นโรคซิฟิลิส	ผู้ป่วยโรคซิฟิลิส
10687516-n	ผู้ดูแลระบบ	เจ้าหน้าที่ดูแลระบบคอมพิวเตอร์	เจ้าหน้าที่บริหารระบบ
10687826-n	ผู้ร่วมรับประทานอาหาร	ผู้ร่วมโต๊ะ
10688356-n	นักกลยุทธ์	นักวางกลยุทธ์	นักวางแผนกลยุทธ์
10689104-n	คนลอบติดตาม	ผู้ลอบติดตาม
10689429-n	คนชอบขับจ่อท้าย	คนชอบขับรถจ่อท้าย
10689564-n	คนตัดเสื้อ	ช่างตัดเสื้อ	ช่างเสื้อ
10690648-n	พลขับรถถัง	พลรถถัง
10690742-n	คนฟอกหนัง	ช่างฟอกหนัง
10691318-n	คนดักฟังโทรศัพท์	ผู้ดักฟังโทรศัพท์
10692090-n	ทาร์ซาน	เจ้าป่า
10692696-n	คนปากพล่อย	คนปากเปราะ	คนปากโป้ง
10693459-n	คนสตาฟสัตว์	ช่างสตาฟ
10693646-n	คนขับรถเท็กซี่	คนขับแท็กซี่
10694163-n	คนเสียภาษี	ผู้เสียภาษี
10694258-n	ครู	ครูบาอาจารย์	ผู้สอน	ผู้ให้ความรู้	อ.	อาจารย์
10695050-n	เพื่อนร่วมงาน	เพื่อนร่วมทีม
10695192-n	คนขับรถบรรทุก	คนขับรถสิบล้อ	สิงห์รถบรรทุก
10696251-n	ช่างเทคนิค	เทคนิเชียน
10696508-n	ช่าง	ช่างเทคนิก	เทคนิเชี่ยน
10696755-n	ขุนนางนักวิชาการ	เทคโนแครต
10696888-n	คนบ้าเทคโนโลยี	ผู้คลั่งไคล้เทคโนโลยี
10698368-n	ผู้รายงานข่าวสถานนีโทรทัศน์	ผู้สื่อข่าวสถานนีโทรทัศน์	ผู้สื่อข่าวโทรทัศน์
10698550-n	ดาราจอแก้ว	ดาราโทรทัศน์	นักแสดงจอแก้ว	นักแสดงละครโทรทัศน์	นักแสดงโทรทัศน์
10699262-n	ชาวโลก	ผู้อยู่บนโลก	มนุษย์โลก
10700201-n	คนเช่า	ผู้จ่ายค่าเช่า	ผู้เช่า
10700840-n	ลูกนา	เกษตรกรผู้เช่าไร่นา
10701180-n	นักกีฬาเทนนิส	นักหวดลูกสักหลาด	นักเทนนิส
10702077-n	คนทำเต็นท์	ช่างทำเต็นท์	ช่างเต็นท์
10702483-n	เด็กสารเลว	เด็กเลว
10703692-n	ผู้สอบ	ผู้เข้าสอบ
10704238-n	ทารกหลอดแก้ว	เด็กหลอดแก้ว
10705615-n	นักวิชาการเทววิทยา	นักเทววิทยา	ผู้ศึกษาเทววิทยา
10707233-n	นักบำบัด	อายุรแพทย์
10707804-n	ขี้ขโมย	ขโมย	ขโมยขโจร	คนขี้ขโมย	คนลักขโมย	หัวขโมย	โจรลักขโมย
10710259-n	คนเก็บตั๋ว	พนักงานเก็บตั๋ว
10711483-n	ผู้กำกับเวลา	ผู้จับเวลา
10714684-n	คนเก็บค่าทางด่วน	พนักงานเก็บค่าทางด่วน
10714851-n	คนตีระฆังโบสถ์	คนลั่นระฆังโบสถ์
10715030-n	ทอม	ทอมบอย
10715347-n	ช่างซ่อมเครื่องมือ	ช่างประดิษฐ์เครื่องมือ
10715789-n	ผู้นำการต่อสู้	ผู้นำการรณรงค์	ผู้นำการเคลื่อนไหว
10717772-n	คนพิมพ์ดีดสัมผัส	ผู้พิมพ์ดีดสัมผัส
10718040-n	ไกด์ทัวร์	ไกด์นำเที่ยว
10718131-n	คนมาเที่ยว	ทัวริสต์	นักท่องเที่ยว
10719972-n	นักแกะรอย	ผู้ตามรอย
10720197-n	นักวิ่งดาวรุ่ง	ลมกรดดาวรุ่ง
10721321-n	ตจร.	ตำรวจจราจร
10721470-n	ดีลเลอร์	เอเยนต์
10722575-n	ครูฝึก	ผู้ฝึกสอน	เทรนเนอร์	โค้ช
10722758-n	พนักงานรถไฟ	เจ้าหน้าที่การรถไฟ	เจ้าหน้าที่รถไฟ
10722965-n	คนขายชาติ	คนทรยศ	คนทรยศชาติ	ผู้ทรยศ
10723230-n	หญิงขายชาติ	หญิงทรยศ
10723984-n	คนถอดเทป	คนถอดเทปบันทึกเสียง	คนถอดเทปเสียง
10724132-n	ผู้ถ่ายถอดเสียง	ผู้เขียนสัทอักษร
10724272-n	ผู้ถ่ายถอดอักษร	ผู้ปริวรรตอักษร
10726233-n	คนดักสัตว์	คนวางกับดัก
10726669-n	ผู้จัดทัวร์	ผู้จัดทัวร์ท่องเที่ยว
10727256-n	เจ้าหน้าที่การเงิน	เหรัญญิก
10727818-n	นักพฤกษศาสตร์	นักศัลยกรรมต้นไม้
10728233-n	ผู้นำเทรนด์	ผู้นำเทรนด์แฟชั่น
10729330-n	คนหยิบโหย่ง	คนไม่ทำงานจริงจัง
10730416-n	คนเป่าทรอมโบน	นักเป่าทรอมโบน
10731244-n	คนก่อปัญหา	คนก่อเรื่อง	ตัวก่อกวน	ตัวปัญหา
10733117-n	ช่างจูนเปียโน	ช่างตั้งสายเปียโน
10733705-n	พรานล่าเต่า	พรานเต่า
10733820-n	นักเรียนกวดวิชา	นักเรียนติว
10734394-n	คู่แฝด	ฝาแฝด	แฝด
10735173-n	คนพิมพ์ดีด	พนักงานพิมพ์ดีด
10735298-n	ทรราช	ผู้มีอำนาจเด็ดขาด
10735984-n	กรรมการเบสบอล	ผู้ตัดสินเบสบอล
10736602-n	นักศึกษาปริญญาตรี	นักศึกษาระดับปริญญาตรี	นิสิตปริญญาตรี
10736926-n	คนขายของถูก	ผู้ขายสินค้าราคาถูก
10737103-n	ตัวแสดงแทน	นักแสดงแทน
10737860-n	คนตกงาน	คนว่างงาน
10737964-n	ม้ามีเขา	ม้ายูนิคอร์น	ยูนิคอร์น
10739512-n	ผู้หญิงโสด	สาวโสด	หญิงโสด
10740482-n	ช่างทำเบาะ	ช่างเบาะ
10742384-n	เจ้าหนี้	เจ้าหนี้หน้าเลือด
10743941-n	ภริยา	อ็อกซอร์
10744078-n	ผัวที่ฆ่าเมีย	สามีที่ฆาตกรรมภรรยา
10744456-n	ผู้ฉีดวัคซีน	ผู้รับวัคซีน
10744544-n	คนจรจัด	คนพเนจร	คนเร่รอน	คนเร่ร่อน
10746056-n	คนทำลายทรัพย์สินทางราชการ	ผู้ทำลายทรัพย์สินทางราชการ
10746346-n	ผู้สาบสูญ	ผู้สูญหาย
10746931-n	นักกระโดดค้ำถ่อ	นักกีฬากระโดดค้ำถ่อ
10747119-n	คนกินผัก	คนกินผักผลไม้	นักมังสวิรัติ
10748506-n	กาฝากสังคม	คนเหลวไหล
10748620-n	คนสำคัญ	คนใหญ่คนโต	บุคคลระดับวีไอพี	ผู้มียศถาบรรดาศักดิ์
10749715-n	สัตวแพทย์	หมอรักษาสัตว์	หมอสัตว์
10750788-n	พล.ร.ท.	พลเรือโท
10752093-n	ผู้ประสบภัย	เหยื่อ
10752480-n	ผู้รับเคราะห์	ผู้เคราะห์ร้าย	เหยื่อ
10752719-n	ผู้ทำให้คนอื่นตกเป็นเหยื่อ	ผู้ทำให้คนอื่นรับเคราะห์
10752930-n	นักสู้ผู้ชนะ	ผู้ชนะ
10753442-n	คนในหมู่บ้าน	ชาวบ้าน
10753779-n	ตัวร้าย	ตัวโกง	ผู้ร้าย
10753989-n	คนงานเก็บองุ่น	คนเก็บองุ่น
10754088-n	คนทำไวน์	ผู้ผลิตไวน์
10754449-n	ผู้ละเมิดกฎหมาย	ผู้ไม่เคารพกฎหมาย
10754578-n	นักไวโอลิน	มือสีไวโอลิน	มือไวโอลิน
10754920-n	คนทำไวโอลิน	ช่างทำไวโอลิน	ช่างไวโอลิน
10755257-n	หญิงสาวบริสุทธิ์	หญิงสาวพรหมจรรย์
10755512-n	นักดนตรีอัจฉริยะ	ยอดนักดนตรี
10756433-n	ผู้มองเห็น	ผู้มีวิสัยทัศน์
10757193-n	ผู้มาเยี่ยม	ผู้มาเยือน	อาคันตุกะ
10758445-n	วิเซียร์	เสนาบดี
10759047-n	นักกีฬาวอลเลย์	นักกีฬาวอลเลย์บอล	นักตบลูกยาง	นักวอลเลย์บอล
10759151-n	จิตอาสา	พนักงานอาสา	พนักงานอาสาสมัคร	อส.	อาสาสมัคร
10759331-n	ทหารอาสาสมัคร	พลทหารอาสาสมัคร
10759702-n	คนอาเจียน	คนอ้วก	ผู้อาเจียน
10760340-n	ผู้ออกเสียงเลือกตั้ง	ผู้เลือกตั้ง	ผู้ใช้สิทธิ
10761326-n	คนถ้ำมอง	ถ้ำมอง	พวกถ้ำมอง
10763075-n	เด็กขอทาน	เด็กข้างถนน	เด็กเร่ร่อน	เด็กไร้บ้าน
10763383-n	บ๋อย	พนักงานเสิร์ฟ	เด็กเสิร์ฟ
10763620-n	บริกรหญิง	พนักงานเสิร์ฟหญิง
10765305-n	คนทึ่ม	เจ้าทึ่ม
10765587-n	นักเต้นจังหวะวอลซ์	นักเต้นวอลซ์
10766025-n	ผู้ต้องการ	ผู้มีความประสงค์
10767154-n	ผู้คุม	ผู้คุมนักโทษ	พัศดี	พัศดีเรือนจำ
10767265-n	ผู้คุม	พัศดี
10767432-n	ผู้คุมหญิง	พัศดีหญิง
10768022-n	ผู้เตือนภัย	ผู้แจ้งเตือน
10768585-n	นักรบ	ผู้ทำสงคราม
10769782-n	คนเฝ้าไข้	ผู้เฝ้าไข้
10769905-n	คนซ่อมนาฬิกา	ช่างซ่อมนาฬิกา	ช่างนาฬิกา
10770059-n	พนักงานรักษาความปลอดภัย	ยาม	รปภ.
10770545-n	ศิลปินสีน้ำ	ศิลปินสีำน้ำ
10770767-n	คนงานรดน้ำ	คนรดน้ำ
10772190-n	คนทอผ้า	ช่างทอผ้า
10772289-n	คนทำเว็บ	คนทำเว็บไซต์	ผู้ดูแลเว็บไซต์	เว็บมาสเตอร์
10772392-n	ผู้ร่วมพิธี	แขกงานแต่งงาน	แขกในงานแต่งงาน
10772937-n	คนกำจัดวัชพืช	คนงานกำจัดวัชพืช	ผู้กำจัดวัชพืช
10773394-n	นักกีฬายกน้ำหนัก	นักยกน้ำหนัก	นักยกลูกเหล็ก
10774329-n	คนภาคตะวันตก	ชาวภาคตะวันออก
10775128-n	คนล่าปลาวาฬ	นักล่าปลาวาฬ	ผู้ล่าปลาวาฬ
10776339-n	คนขี้บ่น	คนขี้แย
10778345-n	บาทหลวงผู้ใส่ชุดสีดำ	พระนิกายโดมินิกัน
10778553-n	บาทหลวงนิกายฟรานซิสกัน	บาทหลวงนิืกายฟรานซิสกัน
10779504-n	พ่อเล้า	แมงดา	แม่เล้า
10779995-n	คนซื้อบริการทางเพศ	คนเที่ยว	คนเที่ยวผู้หญิง	คนเที่ยวหญิง	ผู้ซื้อบริการทางเพศ	แขก
10780105-n	ผู้เชื่อแม่มด	ผู้เชื่อแม่มดหมอผี
10780284-n	หญิงหม้าย	แม่ร้าง	แม่หม้าย
10780632-n	ภรรยา	ภริยา	เมีย	แม่บ้าน
10781460-n	คนทำวิกผม	ช่างทำวิก	ช่างทำวิกผม	ช่างวิกผม
10781684-n	คนดง	คนป่า
10782135-n	ปีก	ผู้เล่นตำแหน่งปีก
10782248-n	ปีก	ปีกหลัง	วิงแบ็ก
10782471-n	ปีก	ผู้เล่นตำแหน่งปีก
10782791-n	คนชนะพนัน	ผู้ชนะการพนัน	ผู้ชนะพนัน
10782940-n	ผู้ชนะ	ผู้ชนะการแข่งขัน	ผู้ได้รับชัยชนะ	เดอะวินเนอร์
10783145-n	คนทำความสะอาดหน้าต่าง	พนักงานทำความสะอาดหน้าต่าง
10783539-n	คนขยิบตา	ผู้ขยิบตา
10783646-n	คนถู	คนเช็ด	คนเช็ดถู
10784015-n	คนส่งโทรเลข	ผู้ส่งโทรเลข
10784113-n	คนรู้มาก	คนอวดรู้
10786033-n	ผู้อยู่ในเหตุการณ์	ผู้เห็นเหตุการณ์	พยาน
10787364-n	ลูกหมาป่า	เมาคลี
10787470-n	นารี	ผู้หญิง	สตรี	อิตถี	อิสตรี
10789118-n	คนเจ้าชู้	คนเจ้าชู้ประตูดิน	คนเจ้าชู้ไก่แจ้	ชายเจ้าชู้	พ่อปลาไหล
10789820-n	ผู้หญิงมหัศจรรย์	ผู้หญิงเหล็ก	ผู้หญิงแกร่ง	ผู้หญิงแถวหน้า	หญิงเหล็ก	หญิงแกร่ง
10789963-n	ช่างสลักไม้	ช่างแกะไม้
10791115-n	ลูกจ้างหญิง	สาวลูกจ้าง
10791221-n	คนงาน	คนทำงาน	ผู้ใช้แรงงาน
10791820-n	คนร่วมงาน	เพื่อนร่วมงาน
10791890-n	ปุถุชน	ปุถุชนคนธรรมดา	มนุษย์ปุถุชน
10792178-n	คนขี้กังวล	คนวิตกจริต
10794014-n	นักประพันธ์	นักเขียน	ผู้รจนา	ผู้แต่ง	ผู้แต่งหนังสือ
10801291-n	คนเขียน	ผู้เขียน
10801697-n	คนตีไซโลโฟน	มือไซโลโฟน
10801802-n	พวกยากูซ่า	ยากูซ่า	สมาชิกยากูซ่า
10802283-n	คนภาคเหนือ	แยงกี้
10803282-n	หญิงปากมาก	หญิงพูดมาก
10804287-n	ชายหนุ่ม	วัยโจ๋	หนุ่ม	หนุ่มวัยทีน	หนุ่มวัยรุ่น	หนุ่มวัยโจ๋	เด็กหนุ่ม	โจ๋
10804406-n	หนุ่ม	หนุ่มน้อย	เด็กหนุ่ม
10805783-n	เทพซอมบี้	เทพเจ้างู
10810215-n	นางอะกริปปินา	อะกริปปินา
10813374-n	พระเจ้าอัลเฟรด	พระเจ้าอัลเฟรดมหาราช
10818088-n	นักบุญเเอนดรูว์	เซนต์เเอนดรูว์
10818860-n	นักบุญแอนเซลม	นักบุญแอนแซลม
10819533-n	พระเจ้าแอนติโกนัส	พระเจ้าแอนติโกนัสมหาราช
10820790-n	อไควนัส	เซนต์โทมัส
10824888-n	กษัตริย์อาร์เธอร์	พระเจ้าอาร์เธอร์
10828573-n	นักบุญออกัสติน	ออกัสติน	เซนต์ออกัสติน
10837023-n	กัปตันบ๊อบ	บาร์ตเล็ต
10840769-n	นักบุญบีด	เซนต์บีด
10842730-n	เบลลาร์มิโน	เบลลาร์ไมน์
10843858-n	นักบุญเบเนดิกต์	เซนต์เบเนดิกต์	เบเนดิกต์
10858872-n	บอสเวลล์	เจมส์บอสเวลล์
10864204-n	เซนต์บริจิด	เซนต์บริด	เซนต์บริดเจต	เซนท์บริดเจท
10864635-n	บริตเตน	ลอร์ดบริตเตนแห่งอัลเดอเบิร์ก
10868738-n	บรูโน	บูรโน
10868980-n	นักบุญบรูโน	บรูโน	เซนต์บรูโน
10869931-n	บูชานัน	ประธานาธิบดีบูชานัน
10875468-n	บุช	ประธานาธิบดีบุช
10879551-n	กายุส	จักรพรรดิคาลิกูลา
10882089-n	คาราวัจโจ	มิเคลันเจโล
10887420-n	พระนางเจ้าแคเธอรีนมหาราช	พระราชินีแคทเธอรีน
10887593-n	พระนางเจ้าแคเธอรีนแห่งอารากอน	แคทเธอรีน
10891981-n	พระเจ้าชาร์ลส์	พระเจ้าชาร์ลส์มหาราช	พระเจ้าชาร์เลอมาญ
10892416-n	เจ้าชายชาร์ลส์	เจ้าฟ้าชายชาร์ลส์
10902051-n	คลีฟแลนด์	ประธานาธิบดีคลีฟแลนด์
10907962-n	จักรพรรดิคอนสแตนติน	พระเจ้าคอนสแตนตินมหาราช
10910769-n	คอร์โดบา	คอร์โดวา
10912243-n	กอร์เตส	คอร์เตส
10924231-n	นักบุญเดวิด	เซนต์เดวิด	เดวิด
10925402-n	ดาวิส	เดวี่ย์
10929116-n	ดีลิลา	ดีลิลาห์
10933084-n	ดิวอี้	พลเรือเอกดิวอี้
10933658-n	เจ้าหญิงแห่งเวลส์	ไดอานา
10938363-n	ดอมินิก	นักบุญดอมินิก	เซนต์ดอมินิก
10951697-n	ดยุคแห่งวินด์เซอร์	พระเจ้าเอ็ดเวิร์ด
10954966-n	ประธานาธิบดีไอเซนฮาวร์	ไอเซนฮาวร์
10958885-n	เอนดิคอตต์	เอนเดอคอตต์
10960772-n	ดอกเตอร์เจ	เออร์วิง
10962423-n	ยูจีน	เจ้าชายยูจีนแห่งซาวอย
10970864-n	ประธานาธิบดีฟิลมอร์	ฟิลล์มอร์
10974740-n	ประธานาธิบดีฟอร์ด	ฟอร์ด
10978842-n	นายพลฟรังโก	ฟรังโก
10987176-n	เซอร์กาลาฮัด	เซอร์กาลาฮาด	เซอร์กาลาแฮด
10989339-n	คานธี	มหาตมะคานธี
10989610-n	คานธี	นางคานธี
10990733-n	การ์ฟีลด์	ประธานาธิบดีการ์ฟิลด์
10994308-n	เจงกิสข่าน	เตมูจิน
10996285-n	จอร์จ	เซนต์จอร์จ
11003276-n	เลดี้โกไดวา	โกไดวา
11011123-n	ประธานาธิบดีแกรนต์	แกรนต์
11013876-n	พระสันตะปาปาเกรกอรี	เกรกอรี
11014212-n	พระสันตะปาปาเกรกอรี	เกรกอรี
11014450-n	พระสันตะปาปาเกรกอรี	เกรกอรี
11014652-n	พระสันตะปาปาเกรกอรี	เกรกอรี
11014833-n	พระสันตะปาปาเกรกอรี	เกรกอรี
11018439-n	นางกุยนิเวียร์	พระราชินีกุยนิเวียร์
11021342-n	จักรพรรดิเฮเดรียน	แอเดรียน
11031420-n	ประธานาธิบดีแฮร์ริสัน	แฮร์ริสัน
11031668-n	ประธานาธิบดีแฮร์ริสัน	แฮร์ริสัน
11036140-n	ประธานธิบดีเฮย์	เฮย์ส
11045106-n	เฮรอน	เฮรอนแห่งอเล็กซานเดรีย	เฮโร
11045353-n	พระเจ้าเฮรอด	พระเจ้าเฮรอดมหาราช
11058633-n	ประธานาธิบดีฮูเวอร์	ฮูเวอร์
11067885-n	ฮัส	ฮัสส์
11078982-n	เจมส์	เซนต์เจมส์
11081353-n	เซนต์โจน	โจนออฟอาร์ก
11081828-n	ประธานาธิบดีเจฟเฟอร์สัน	เจฟเฟอร์สัน
11082652-n	กษัตริย์เจโรโบแอม	เจโรโบแอม
11083064-n	นักบุญเจอโรม	เจอโรม	เซนต์เจอโรม
11083656-n	จีซัส	พระเยซูคริสต์
11085924-n	นักบุญจอห์น	เซนต์จอห์น
11088059-n	จอห์นสัน	ประธานาธิบดีจอห์นสัน
11088346-n	จอห์นสัน	ประธานาธิบดีจอนห์สัน
11094055-n	จูดัส	จูดาส
11095123-n	จักรพรรดิจัสติเนียน	มหาจักรพรรดิจัสติเนียน
11096192-n	กษัตริย์กาเมฮาเมฮา	กาเมฮาเมฮา	พระเจ้ากาเมฮาเมฮามหาราช
11104458-n	กัปตันคิดด์	คิดด์
11115293-n	ลานซล็อต	เซอร์ลานซล็อต
11120834-n	ลอว์เรนซ์	ลอว์เรนซ์แห่งอาระเบีย
11121108-n	ลอว์เรนซ์	เซนต์ลอว์เรนซ์
11132462-n	ประธานาธิบดีลิงคอล์น	ลิงคอล์น
11134895-n	บารอนลิสเตอร์	ลิสเตอร์
11143600-n	ลูคัลลัส	ลูซูลลัส
11144604-n	ลุค	เซนต์ลุค
11146914-n	มาเคาเลย์	ลอร์ดมาเคาเลย์
11148486-n	ประธานาธิบดีเมดิสัน	แมดิสัน
11150224-n	มาดามเดอเมนเทนอน	เมนเทนอน
11153615-n	แมนเดลชตัม	แมนเดลสตัม
11156812-n	มารินี	มาริโน
11156943-n	มาร์ค	เซนต์มาร์ค
11159595-n	มาร์เชียล	มาเชียล
11160055-n	นักบุญมาติน	มาร์ติน	เซนต์มาร์ติน
11160861-n	ชิโก	มาร์กซ์
11161412-n	พระแม่มาเรีย	มาดอนน่า	แมรี่
11164671-n	เซนต์เเมทธิว	เซนต์แมตทิว	เซนต์แมตธิว	เซนต์แมทธิว	เลวี
11166251-n	เฮอร์คูเลียส	แมกซิเมียน
11169418-n	ประธานนาธิบดีแม็กคินลีย์	แม็กคินลีย์
11173475-n	เมนเดลีฟ	เมนเดเลเยฟ
11177151-n	เมตช์นิคอฟ	เมตช์นิคอฟฟ์
11181438-n	มินุต	มินเนวิต
11183387-n	พระเจ้ามิทริเดเตส	พระเจ้ามิทริเดเตสมหาราช
11183605-n	มิตเตอร์รองด์	มิตเตอร์แรนด์
11186042-n	ประธานาธิบดีมอนโร	มอนโร
11187754-n	มองต์ฟอร์ต	เอิร์ลแห่งเลย์เซสเตอร์
11198375-n	มอสซอรก์สกี	มุสซอรก์สกี
11199394-n	คุรุนานัก	นานัก
11199943-n	นาเอมิ	นาโอมิ
11200276-n	พระเจ้านโปเลียน	โบนาปาร์ต
11201386-n	คาร์ลอส	ซานเชส	ซาลิม
11203059-n	ลอร์ดเนลสัน	เนลสัน
11203795-n	เนรูดา	เรเยส
11207410-n	สตรีผู้ถือตะเกียง	ไนติงเกล
11207929-n	นาวิกโยธินนิมิตซ์	นิมิตซ์
11208172-n	นิกสัน	ประธานาธิบดีนิกสัน
11212226-n	โอดอวาการ์	โอโดเซอร์
11214320-n	บารอนโอลิเวียร์แห่งเบิร์กตัน	โอลิเวียร์
11224877-n	ปาสเตอร์	พาสเตอร์
11225469-n	เซนต์แพทริก	แพทริค
11225661-n	เซนต์ปอล	เซนต์พอล
11231683-n	เปตราก	เปตรากา
11231943-n	ฟิเดียส	เฟเดียส
11232475-n	ดยุคแห่งเอดินเบิร์ก	เจ้าชายฟิลิป
11233595-n	ฟินเทียส	ฟีเทียส
11234813-n	ประธานาธิบดีเพียร์ซ	เพียร์ซ
11240733-n	ประธานาธิบดีโพก	โพก
11241455-n	เซนต์โพลีคาร์พ	โพลีคาร์พ
11253248-n	พระเจ้ารามเซสมหาราช	พระเจ้าราเมสเซส	พระเจ้าราเมสเซสมหาราช	พระเจ้าราเมเซสมหาราช
11269236-n	รอลฟ์	รอลโล
11270023-n	ประธานาธิบดีรูสเวลต์	รูสเวลต์
11271720-n	รอสซินี	โรสซินิ
11274103-n	รูเพิร์ต	เจ้าชายรูเพิร์ต
11279433-n	ซาโลมอน	โซโลมอน
11291824-n	เซลเครก	เซลเคิร์ก
11293334-n	เซอร์กิน	เซอร์คิน
11297756-n	เชอร์แมน	โรเจอร์เชอร์แมน
11301809-n	ซิมป์สัน	นางซิมป์สัน
11311959-n	มาดามเดอสเตล	สเตล
11313726-n	สตาร์	สตาร์คีย์
11314969-n	สไตน์เบิร์ก	สไตน์แบร์ก
11326433-n	สเวนสัน	สแวนสัน
11326591-n	สวีดเบิร์ก	สวีเดนเบิร์ก
11328714-n	ประธานาธิบดีแทฟต์	แทฟต์
11330026-n	ตามเบอร์เลน	ตาเมอร์เลน	ติเมอร์
11331804-n	ทาร์ควิน	ทาร์ควินเนียส
11333237-n	ประธานาธิบดีเทย์เลอร์	เทย์เลอร์
11334003-n	ทีช	ไอ้เคราดำ
11334428-n	เทคัมธา	เทคัมเซห์
11336176-n	เซนต์เทเรซ่าแห่งอะวิลา	เทเรซ่าแห่งอะวิลา
11337331-n	เทเลส	เทเลสแห่งมิเลตัส
11338172-n	พระเจ้าทิวดอเซียส	พระเจ้าทิวดอเซียสมหาราช
11344549-n	ทอดด์	ลอร์ดทอดด์
11348812-n	ซูเปอร์แมกซ์	เทรวิโน
11349739-n	ทรูแมน	ประธานาธิบดีทรูแมน
11353510-n	ทัสเซาด์	มาดามทัสเซาด์
11354145-n	ประธานาธิบดีไทเลอร์	ไทเลอร์
11354333-n	ทินดอล	ทินเดล	ไทน์เดล
11355669-n	บิชอปวัลฟิลา	บิชอปอัลฟิลัส	บิชอปอัลฟิลา	วัลฟิลา	อัลฟิลัส	อัลฟิลา
11356636-n	โอโด	โอโดแห่งลาเกรี่	โอโธ	โอโธแห่งลาเกรี่
11363930-n	เวอร์ราซซาโน	เวอร์ราซาโน
11367725-n	วิตุส	เซนต์วิตุส
11374281-n	บาร์บาร่าวาร์ด	บาโรเนสแจ็คสันแห่งลอดสเวิร์ธ	วาร์ด
11375418-n	ประธานาธิบดีวอชิงตัน	วอชิงตัน
11380923-n	ดยุกที่หนึ่งแห่งเวลลิงตัน	ดยุกแห่งเวลลิงตัน
11381684-n	เวอร์นิค	เวอร์นิคเก
11390855-n	ประธานาธิบดีวิลสัน	วิลสัน
11399446-n	ไวแอต	ไวแอตต์
11400230-n	วิลเลี่ยมแห่งไวก์แฮม	ไวก์แฮม
11404666-n	ซาฮาเรียส	ดิดริคสัน
11405684-n	ซีโน	ซีโนแห่งซีเธียม
11405826-n	ซีโน	ซีโนแห่งอีเลีย
11406023-n	เซฟาเนียฮ์	โซโฟเนียส
11408559-n	ปรากฏการณ์ทางธรรมชาติ	ปรากฏการณ์ธรรมชาติ
11408914-n	การกลับชาติมาเกิด	การกลับมาเกิดใหม่
11414041-n	ผลกระทบต่อเนื่อง	ผลกระทบแบบโดมิโน
11415842-n	ผล	ผลที่เกิด	ผลที่ได้
11417672-n	ปรากฏการณ์ทางธรณี	ปรากฏการณ์ทางธรณีวิทยา
11418460-n	วาสนา	โชค
11419404-n	ปรากฏการณ์ทางกายภาพ	ปรากฏการณ์ทางฟิสิกส์
11420139-n	การผิดสัดส่วน	ความคลาดเคลื่อน
11423471-n	เนินตะกอนน้ำพารูปกรวย	เนินตะกอนน้ำพารูปพัด
11425989-n	พลังงานนิวเคลียร์	พลังงานอะตอม
11427067-n	แสงรอบดวงอาทิตย์	โคโรนา
11427241-n	แสงออโรรา	แสงเหนือ-แสงใต้	แสงเหนือแสงใต้
11427501-n	แสงออโรราใต้	แสงใต้
11427619-n	แสงออโรราเหนือ	แสงเหนือ
11427842-n	เคราะห์ร้าย	โชคร้าย
11428023-n	รังสี	รัศมี	ลำแสง
11429458-n	ความกดอากาศ	ความดันบรรยากาศ
11431754-n	ลม	ลมโชย	สายลมอ่อนๆ
11433546-n	กำลังไฟ	ความจุำไฟฟ้า	ปริมาณความจุไฟฟ้า
11434150-n	นิวเคลียร์เหมันต์	ฤดูหนาวนิวเคลียร์
11434747-n	แรงสู่ศูนย์กลาง	แรงเข้าสู่ศูนย์กลาง
11436283-n	พันธะ	พันธะเคมี
11437344-n	พันธะอิออนิก	พันธะอิเล็กโทรเวเลนต์
11440691-n	รัศมี	โคโรน่า
11443532-n	กระแสไฟ	กระแสไฟฟ้า
11443721-n	พายุหมุนไซโคลน	พายุไซโคลน
11445395-n	การตกตะกอน	การตกตะกอนน้ำพา
11445753-n	การผลัดเซลล์ผิวเก่า	การหลุดลอกเป็นแผ่น
11447153-n	ดีซี	ไฟฟ้ากระแสตรง
11448153-n	พายุทราย	พายุฝุ่น
11449907-n	กระแสไฟฟ้า	ไฟฟ้า
11450566-n	กระแสไฟฟ้า	พลังงานไฟฟ้า	ไฟ
11452218-n	พลังงาน	พลังงานเสรี
11453016-n	กำลัง	พลัง
11454591-n	น้ำท่วม	ภัยน้ำท่วม	อุทกภัย
11455386-n	น้ำท่วมโลก	มหาอุทกภัย
11455695-n	จุดโฟกัส	โฟกัส
11456273-n	วงจรอาหาร	สายใยอาหาร
11457841-n	แสงจากเปลวไฟ	แสงไฟ
11460063-n	การสึกกร่อน	การเสียดสี
11464143-n	แรงดึงดูด	แรงโน้มถ่วง
11465888-n	ฟ้าหลัว	หมอกแดด
11467018-n	พายุเฮอร์ริเคน	เฮอร์ริเคน
11468172-n	การเหนี่ยวนำ	การเหนี่ยวนำไฟฟ้า
11475682-n	แรงของลอเรนส์	แรงลอเรนซ์
11476939-n	พลังงานการส่องสว่าง	พลังงานในการส่องสว่าง
11477921-n	การสั่นพ้อง	เรโซแนนซ์
11478299-n	การสั่นพ้อง	เรโซแนนซ์
11481209-n	คลื่นเสียงความถี่สูง	อัลตราซาวด์
11482312-n	คลื่นจุลภาค	คลื่นไมโครเวฟ	ไมโครเวฟ
11483990-n	แสงดาวตก	แสงอุกกาบาต
11484861-n	แสงจันทร์	แสงเดือน
11484975-n	แสงจันทร์	แสงเดือน
11485367-n	แดด	แสงตะวัน	แสงอาทิตย์	แสงแดด
11485582-n	ลำแสงอาทิตย์	แสงตะวัน	แสงอาทิตย์
11485681-n	ลำแสงเลเซอร์	แสงเลเซอร์
11486381-n	การตายของเซลล์แบบอะพอพโทซิส	อะพอพโทซิส
11489536-n	กระแสน้ำกัลฟ์สตรีม	กระแสน้ำอุ่นกัลฟ์สตรีม
11489686-n	กระแสน้ำคุโรชิโอ	กระแสน้ำคุโรชิโอะ	กระแสน้ำญี่ปุ่น
11492833-n	ภาวะพหุสัณฐาน	ภาวะหลากรูป
11493827-n	ความต่างศักย์	ศักย์ไฟฟ้า
11501381-n	น้ำฝน	ฝน	สายฝน
11503287-n	การหักเห	การหักเหของคลื่น
11503968-n	ความต้านทานไฟฟ้า	ความต้านทานไฟฟ้ากระแสสลับ
11505952-n	ความละเอียดของภาพ	รีโซลูชัน
11508092-n	ควัน	หมอกควัน
11511004-n	จุดดับบนดวงอาทิตย์	จุดมืดดวงอาทิตย์	จุดมืดบนดวงอาทิตย์	จุดสริยะ
11511523-n	การปล่อยประจุไฟฟ้า	ประกายไฟ	อาร์กไฟฟ้า
11511765-n	การบิดเบี้ยว	การเพี้ยน
11513179-n	ปรากฏการณ์ดอปเพลอร์	ปรากฏการณ์ดอฟเพลอร์
11515849-n	แสงคบเพลิง	แสงคบไฟ
11519121-n	สายฟ้า	สายฟ้าฟาด
11519450-n	ทวิสเตอร์	ทอร์นาโด
11519702-n	ทอร์ก	แรงบิด
11521145-n	พายุไต้ฝุ่น	ไต้ฝุ่น
11521940-n	รังสียูวี	รังสีอุลตร้าไวโอเลต	รังสีเหนือม่วง
11522730-n	กระแสลมลง	ลม
11524324-n	พวยน้ำ	พายุงวงช้าง	พายุนาคเล่นน้ำ
11525955-n	กระแสลม	พระพาย	ลม	สายลม
11528225-n	ความคลาดต่างมุมมอง	ความแตกต่างระหว่างมุมมอง	แพรัลแลกซ์
11531916-n	กระดุม	กระดุมเห็ด
11542640-n	ต้นลิเวอร์เวิร์ต	ลิเวอร์เวิร์ต
11551211-n	ดิวิชันสปอร์มาโตไฟตา	พืชมีเมล็ด
11551659-n	พืชมีดอก	พืชมีเมล็ด
11553522-n	พืชที่พบในอากาศชุ่มชื้น	พืชไวต่ออากาศแห้ง
11562747-n	พืชตระกูลใบเลี้ยงคู่	วงศ์ดิคอต
11596108-n	จิมโนสเปิร์ม	พืชเมล็ดเปลือย
11598886-n	มาฮวง	สมุนไพรจีนมาฮวง	สมุนไพรมาฮวง
11599324-n	ต้นปีศาจทะเลทราย	ปีศาจทะเลทราย
11601333-n	ปรง	มะพร้าวสีดา
11602873-n	ดิโอออน	ต้นดิโอออน
11607739-n	วงศ์สน	วงศ์สนเขา
11608250-n	ต้นสน	สน
11608885-n	ไม้สน	ไม้ไพน์
11620912-n	ไม้ต้นเฟอร์	ไม้เฟอร์
11621547-n	ต้นคริสต์มาส	ต้นยูโรเปียนซิลเวอร์เฟอร์
11630489-n	ต้นสน	สนไซเปรส
11631159-n	ต้นโกเวนไซเปรส	ต้นไซเปรสโกเวน
11636835-n	จูนิเปอร์เบอร์รี่	ผลจูนิเปอร์
11658331-n	ต้นมิโร	ต้นแบล็คไพน์
11664929-n	ชั้นแอนจิโอสเปอร์แม	ส่วนพืชดอก
11666854-n	พืชดอกใบเลี้ยงคู่	พืชใบเลี้ยงคู่
11668117-n	พืชดอกใบเลี้ยงเดี่ยว	พืชใบเลี้ยงเดี่ยว
11669335-n	ดอก	ดอกไม้	บุปผา	มาลี
11669921-n	ดอก	ไม้ดอก
11674019-n	ดอกไม้ที่ไม่มีกลีบดอก	ดอกไม้ที่ไร้กลีบดอก
11675537-n	ละอองเกสรเพศผู้	เรณู
11678377-n	ซีกผลแบบผักชี	เสี้ยวผล
11680995-n	การเกาะของรก	การเกิดของรก
11684739-n	ผนังผลชั้นใน	เม็ด
11688199-n	สปอร์เพศเมีย	แมโครสปอร์
11690455-n	กลีบ	กลีบดอกไม้
11691332-n	กะบังรอบ	มงกุฎ
11698042-n	ต้นบาร์เบอร์รี่ธรรมดา	ต้นยูโรเปียนบาร์เบอร์รี่
11698245-n	ต้นบาร์เบอร์รี่ญี่ปุ่น	ต้นเจแปนิสบาร์เบอร์รี่
11706761-n	ต้นอาโวกาโด	อาโวกาโด
11710136-n	ต้นเซาเทิร์นแมกโนเลีย	ต้นแมกโนเลียดอกใหญ่
11712282-n	ต้นทิวลิปทรี	ต้นทิวลิปป็อปลาร์
11715810-n	ดอกบัวขาว	บัวขาว
11717399-n	ดอกบัว	ต้นบัว	บัว
11719286-n	ดอกโบตั๋น	ต้นโบตั๋น	โบตั๋น
11719468-n	วงศ์พวงแก้วกุดั่น	วงศ์พวงแก้วมณี
11723986-n	ลูกเบนเบอรี่	เบนเบอรี่
11724529-n	จีนัสอะดอนิส	ต้นอะดอนิส
11727091-n	ดอกโคลัมไบน์	ต้นโคลัมไบน์
11733054-n	ดอกเดลฟีเนียม	ต้นเดลฟีเนียม
11733312-n	ดอกลาร์กสเปอร์	ต้นลาร์กสเปอร์
11741797-n	ต้นเบย์เบอร์รี่	ต้นเบเบอรี่
11745817-n	ต้นซีบราวู้ด	ต้นม้าลาย
11747468-n	ต้นลีกูม	พืชตระกูลถั่ว
11753143-n	ต้นคริมสันโคลเวอร์	ต้นอิตาเลียนโคลเวอร์
11753355-n	ต้นเพอร์เพิลโคลเวอร์	ต้นเรดโคลเวอร์	ต้นโคลเวอร์แดง
11753700-n	ต้นดัชโคลเวอร์	ต้นโคลเวอร์ขาว	ต้นไวต์โคลเวอร์
11759853-n	ก้ามปู	ต้นก้ามปู	ต้นจามจุรี
11769176-n	ชวนชม	ดอกชวนชม	ต้นชวนชม
11776511-n	พุด	พุดจีบ
11781301-n	น้ำมันคาลามัส	น้ำมันหวาย
11783488-n	ดอกบุก	ดอกบุกยักษ์
11784825-n	ต้นกรีนดราก้อน	ต้นมังกรเขียว
11786843-n	หัวเผือก	เผือก
11788727-n	ต้นพลูด่าง	พลูด่าง
11789962-n	ต้นเงินไหลมา	ต้นเนฟไทติส
11791341-n	ต้นฟิโลเดนดรอน	ต้นมรกตแดง
11791819-n	สกุลซินแดปซัส	สกุลโพทอส
11798978-n	ต้นไอวี่	ต้นไอวี่ธรรมดา
11799732-n	จินเซง	โสม
11802212-n	ต้นขิงป่า	ต้นไวลด์จินเจอร์
11802410-n	ต้นขิงแคนาดา	ต้นแคนาดาจินเจอร์
11807108-n	ต้นชิควีดหูหนู	ต้นหูหนู
11808721-n	ต้นเรนโบว์พิงค์	ต้นไชน่าพิงค์
11815491-n	ต้นแคมเปียน	ต้นไซลีน
11835568-n	ปวยเล้ง	ผักปวยเล้ง
11839167-n	ต้นเฟื่องฟ้า	เฟื่องฟ้า
11842204-n	กระบองเพชร	แค็กตัส
11845913-n	ต้นโกลเด้นบาร์เรลแค็กตัส	ถังทอง
11866248-n	ดอกเสี้ยนฝรั่ง	ต้นเสี้ยนฝรั่ง
11873182-n	รากฮอร์สราดิช	ฮอร์สราดิช
11876204-n	กะหล่ำปลีซาวอย	กะหล่ำปลีใบย่น
11878808-n	ผักกาดขาว	ผักกาดขาวปลี
11880032-n	น้ำมันเมล็ดเรพ	น้ำมันเรพซีด
11894327-n	ต้นหัวไชเท้า	หัวไชเท้า
11900569-n	ดอกป๊อปปี้	ต้นป๊อปปี้	ป๊อบปี้
11902389-n	ต้นฝิ่น	ฝิ่น
11927509-n	ยาอาร์นิกา	อาร์นิกา
11935330-n	ต้นซีแอสเตอร์	ต้นแอสเตอร์ทะเล
11939699-n	ดอกเดซีธรรมดา	ต้นอิงลิชเดซี่
11943660-n	ดอกดาวเรืองหม้อ	ต้นมาริโกลด์ธรรมดา
11947802-n	ดอกข้าวโพด	ดอกคอร์นฟลาวเวอร์
11949402-n	ต้นคาโมมายล์	ต้นคา์โมมายล์
11956850-n	ต้นติกวี้ด	ต้นโครีออปซิส
11957678-n	ดอกตาเสือ	ดอกไม้ไหว
11971406-n	ดอกพระจันทร์ทรงกลด	ต้นทรีเชอร์ฟลาเวอร์
11980318-n	ดอกกระดาด	ต้นสตรอว์ฟลาเวอร์
12020507-n	ดอกดาวเรือง	ดาวเรือง	ต้นดาวเรือง
12020941-n	ดาวเรืองฝรั่งเศส	ดาวเรืองเล็ก	ต้นดาวเรืองฝรั่งเศส
12033504-n	ซีแรนทีมัม	ซีแรนทีมุม
12035064-n	วงศ์โลซา	สกุลโลซา
12036368-n	ผลหนามรูปตะขอ	เมล็ดพืชมีหนาม
12075495-n	สกุลพาฟิโอพิดิลัม	สกุลพาฟิโอพีดิลัม	สกุลพาฤโอพีดิลัม
12077062-n	สกุลลิ่น	สกุลโฟลิโดตา
12112609-n	หญ้าบัฟฟาโล	หญ้าบัฟฟาโลแกรส
12117695-n	หญ้าคอมมิวนิสต์	หญ้าพุ่มพวง
12124627-n	หญ้าข้าวไร	หญ้าไรย์
12127768-n	หญ้าตีนกา	หญ้าปากควาย
12147226-n	ต้นไผ่	ไผ่
12163824-n	ต้นเมลอน	เมลอน
12164065-n	ต้นแตงโม	แตงโม
12164363-n	ต้นเมลอนหวาน	เมลอนหวาน
12164656-n	ต้นแคนตาลูป	แคนตาลูป
12164881-n	ต้นเมลอนเปอร์เซีย	เมลอนเปอร์เซีย
12165384-n	ต้นแตงกวา	แตงกวา
12166128-n	ต้นน้ำเต้า	น้ำเต้า
12166929-n	บวบหอม	บวบเหลี่ยม
12169776-n	วงศ์ฝ้าย	วงศ์มัลวาเซีย
12171503-n	ต้นชีส	ต้นแมลโลว์สูง
12185254-n	ต้นริบบิ้นทรี	ต้นริบบิ้นวู้ด
12190869-n	ต้นทุเรียน	ทุเรียน
12191813-n	ไม้บัลซา	ไม้บัลซาวู้ด
12199790-n	ต้นบราวน์โอ๊ก	ต้นเรดบีช
12203331-n	ไม้ลินเดน	ไม้เบสวู้ด
12205694-n	พืชล้มลุก	พืชสมุนไพร	ไม้ล้มลุก
12229651-n	ต้นบอกโรสมารี่	ต้นมัวร์วอร์ต
12230540-n	ต้นมาโดรนา	ต้นมาโดรโน	ต้นแมนซานิตา
12260799-n	ต้นบีช	ต้นไม้จำพวกมะเดื่อ
12261179-n	ไม้บีช	ไม้บีชวู้ด	ไม้มะเดื่อ
12267677-n	ผลต้นโอ๊ค	ลูกเอคอร์น
12267931-n	กาบรูปถ้วย	กาบหุ้มผล
12268246-n	ต้นโอ๊ก	ต้นโอ๊ค
12283542-n	ต้นเบิร์ชน้ำ	ต้นเบิร์ชหนองน้ำ
12300840-n	ต้นมะกอก	ต้นโอลีฟ	โอลีฟทรี
12301180-n	ต้นยูโรเปียนโอลีฟ	ต้นโอลีฟ	ต้นโอลีฟยุโรป	โอลีฟ
12301445-n	ผลโอลีฟ	มะกอก	ลูกโอลีฟ	โอลีฟ
12301613-n	ต้นแบล็กแมร์	แบล็กแมร์
12301766-n	ต้นไวต์แมร์	ไวต์แมร์
12304286-n	ต้นสวอมป์แอช	ต้นแอชหนองน้ำ
12304572-n	ต้นฟลาเวอริ่งแอช	ต้นแอชที่มีดอก
12306717-n	ต้นมะลิ	มะลิ
12307076-n	ต้นมะลิฤดูหนาว	มะลิฤดูหนาว
12318378-n	ต้นวอลนัต	วอลนัต
12318782-n	ต้นแคลิฟอร์เนียแบล็กวอลนัต	แคลิฟอร์เนียแบล็กวอลนัต
12318965-n	ต้นบัตเตอร์นัต	ต้นไวต์วอลนัต	บัตเตอร์นัต	ไวต์วอลนัต
12319204-n	ต้นแบล็กวอลนัต	แบล็กวอลนัต
12319414-n	ต้นอิงลิชวอลนัต	อิงลิชวอลนัต
12322887-n	อันดับมีร์ทาเลส	อันดับหว้า
12327528-n	ต้นแองโชวีแพร์	แองโชวีแพร์
12327846-n	ต้นบราซิลนัต	บราซิลนัต
12331415-n	ต้นแดงคลอง	สกุลยูจีเนีย
12331655-n	ต้นเชอร์รี่เปรี้ยว	เชอร์รี่เปรี้ยว
12332030-n	ต้นพิแทงกา	พิแทงกา
12332218-n	ชมพู่	ต้นชมพู่
12333053-n	องุ่นต้น	องุ่นต้นบราซิล
12333530-n	ต้นฝรั่ง	ฝรั่ง
12333961-n	ต้นฝรั่งเชอรี่	ฝรั่งเชอรี่
12334153-n	ต้นฝรั่งบราซิล	ฝรั่งบราซิล
12335351-n	ยูคาลิปตัส	ไม้ยูคาลิปตัส
12339526-n	ต้นกานพลู	ต้นกานพูล
12352287-n	กล้วย	ต้นกล้วย
12360108-n	ต้นบีโกเนีย	บีโกเนีย
12366675-n	ต้นมังคุด	มังคุด
12371439-n	ต้นกีวี	ต้นไชนีสกูสเบอร์รี่
12373100-n	ต้นมะละกอ	มะละกอ
12397210-n	กัญชา	ต้นกัญชา
12399899-n	ต้นบาววู้ด	ต้นส้มม็อค	ต้นส้มโอเสจ
12400720-n	ขนุน	ต้นขนุน
12405714-n	ต้นเอ็ลม์	ต้นเอ็ล์ม
12406155-n	ไม้เอล์ม	ไม้เอล์มวู้ด
12426248-n	ต้นลิลลี่	ลิลลี่
12440385-n	สกุลอฟีลแลนเทส	สกุลอะฟีลแลนเทส
12467433-n	ต้นคามัสมีพิษ	ต้นพอยซันคามัส
12476510-n	ต้นอะกาวี	ต้นอะกาเว
12489268-n	ต้นบราซิลวู้ด	ต้นพิชวู้ด	ต้นเปอร์แนมบูโกวู้ด
12492106-n	ชัยพฤกษ์	ชัียพฤกษ์
12501202-n	ต้นมะขาม	มะขาม
12510343-n	ต้นทองธรรมชาติ	ต้นทองพรหมชาติ
12510774-n	ต้นถั่วแระ	ถั่วแระ
12516165-n	ต้นเยลโลว์วู้ดเคนตักกี้	ต้นเยลโลว์เคนตักกี้	ต้นโกเฟอร์วู้ด
12543186-n	ต้นชมพูนุช	ต้นนีออนฟิลิปปินส์
12556307-n	ต้นถั่ว	พืชตระกูลถั่ว
12560016-n	ต้นถั่ว	ถั่ว
12560420-n	ต้นถั่วลันเตา	ถั่วลันเตา
12563281-n	ไม้ควิรา	ไม้ปานามาเรดวู้ด
12566627-n	ไม้รูบีวู้ด	ไม้เรดแซนดัลวู้ด
12578255-n	ต้นถั่วเขียว	ถั่วเขียว
12585629-n	ต้นตาลโตนด	ต้นตาลโ่ตนด
12593689-n	สกุลฟีนิโคโฟเรียม	สกุลโฟนิโคโฟเรียม
12607456-n	ต้นสับปะรด	สับปะรด
12620196-n	กุหลาบ	ดอกกุหลาบ	ต้นกุหลาบ
12633638-n	ต้นแอปเปิ้ล	แอปเปิ้ล
12641413-n	ต้นเชสต์นัต	ต้นเชอร์รี่
12644283-n	มาราสก้า	มาราสก้าเชอร์รี่
12651821-n	ต้นผลไม้	ผลไม้	ไม้ผล
12656229-n	ต้นราสเบอร์รี่แดง	ราสเบอร์รี่แดง
12663359-n	ต้นกาแฟพันธุ์โรบัสต้า	ต้นกาแฟโรบัสต้า
12663804-n	ต้นควินิน	ต้นซิงโคนา
12695144-n	ต้นมะฮอกกานี	มะฮอกกานี
12704343-n	ต้นมะเฟือง	มะเฟือง
12704513-n	ตะลิงปลิง	ต้นตะลิงปลิง
12708293-n	ต้นส้ม	ส้ม
12708654-n	ต้นส้มเปรี้ยว	ส้มเปรี้ยว
12708941-n	ต้นมะกรูด	มะกรูด
12709901-n	ต้นส้มจีน	ต้นส้มแมนดาริน
12710693-n	ต้นส้มเช้ง	ส้มเช้ง
12710917-n	ต้นส้มแก้ว	ส้มแก้ว
12711596-n	ต้นมะนาว	ต้นเลมอน
12717644-n	ต้นมะม่วงป่า	มะม่วงป่า
12720532-n	วงศ์แก้วเจ้าจอม	วงศ์โคกกระสุน
12733647-n	ต้นแอสเพน	ต้นไป่หยาง
12735452-n	ไม้จันทน์	ไม้แซนดัลวู้ด
12740196-n	อันดับซาปินดาเลส	อันดับเงาะ
12743352-n	ต้นลำไย	ลำไย
12744387-n	ต้นลิ้นจี่	ลิ้นจี่
12745386-n	ต้นเงาะ	เงาะ
12746106-n	ต้นบ็อกซ์	ต้นบ็อกซ์วู้ด
12754174-n	ต้นดวอร์ฟเมเปิล	ต้นเมเปิลแคระ
12755876-n	ต้นเจแปนิสเมเปิล	ต้นเมเปิลญี่ปุ่น
12757816-n	ต้นคริสต์มาสฮอลลี่	ต้นอเมริกันฮอลลี่
12759273-n	ต้นมะม่วงหิมพานต์	มะม่วงหิมพานต์
12761284-n	ต้นมะม่วง	มะม่วง
12761702-n	ต้นพิสตาชิโอ	พิสตาชิโอ
12765846-n	ต้นฮ็อกพลัม	ฮ็อกพลัม
12773651-n	ต้นสตาร์แอปเปิ้ล	ลูกน้ำนม	สตาร์แอปเปิ้ล
12809626-n	ต้นกรีกวาลีเรียน	ต้นจาค็อบแลดเดอร์
12815925-n	วงศ์โบราจ	วงศ์โบราจินาเซีย
12826516-n	ต้นมอร์นิ่งกลอรี่	ผักบุ้งฝรั่ง
12832315-n	กล็อกซิเนีย	ต้นกล๊อกซิเนีย
12864545-n	ซัลเวีย	พืชสกุลซัลเวีย
12896000-n	ต้นมะเขือ	มะเขือ
12901264-n	ต้นพริกหวาน	พริกหวาน
12915140-n	ดอกขี้ไก่	ต้นผกากรอง
12916723-n	ไม้ทีกวู้ด	ไม้สัก
12921868-n	ดอกโป๊ยเซียน	ต้นโป๊ยเซียน	โป๊ยเซียน
12926039-n	ต้นยาง	ต้นยางพารา	ยาง	ยางพารา
12974826-n	รากเทียม	ไรซอยด์
12990938-n	สกุลคลาโดเนีย	สกุลคลาโนเนีย
12992868-n	เชื้อรา	เห็ดรา
13001529-n	เห็ดทุ่ง	เห็ดท้องนา
13004423-n	เห็ดชันเตอเร็ล	เห็ดชัลเตอเร็ล
13007034-n	เห็ดวงแหวนเทวดา	เห็ดแฟรีริง
13063269-n	เชื้อราสีสนิม	เ้ชื้อราสีสนิม
13072031-n	เห็ดไฮโกรโฟรัสคอฟมานี	ไฮโกรโฟรัสคอฟมานี
13085864-n	ผลผลิตพืชในฤดู	ผลผลิตในฤดูเก็บเกี่ยว
13090871-n	ปุยหุ้มเมล็ด	เยื่อหุ้มเมล็ด
13093852-n	จินเนเซียม	ไกนีเซียม
13096035-n	เนื้อ	เนื้อผลไม้
13097752-n	แก่นไม้	แ่ก่นไม้
13098420-n	เส้นกลางใบ	เส้นแกนหลังใบไม้
13098648-n	ท่อลำเลียงน้ำ	ไซเลม
13103136-n	ต้นไม้ยืนต้น	พืชยืนต้น	ไม้ยืนต้น
13104059-n	ต้น	ต้นไม้	รุกขชาติ	ไม้
13111881-n	ต้นไม้แคระ	บอนไซ
13121104-n	พืชทนแล้ง	พืชทะเลทราย
13122985-n	พืชอากาศ	พืชอิงอาศัย
13127473-n	กิ่งชำ	กิ่งตอน
13128582-n	ลำต้นใต้ดิน	หัวราก
13131883-n	แผ่นใบ	ใบหญ้า
13133613-n	ฝัก	รวง
13134947-n	ผล	ผลไม้	ลูก	ลูกไม้
13135692-n	ผลเล็ก	ลูกเล็ก
13135832-n	เมล็ด	เม็ด
13136316-n	ถั่ว	เมล็ดถั่ว
13137409-n	ลูกเบอรี่	เบอรี่
13137672-n	ช่อ	พวง
13138842-n	ผลไม้จำพวกแอปเปิ้ล	ผลไม้ตระกูลแอปเปิ้ล
13139482-n	ไพซิส	ไพซิเดียม
13143285-n	ต้นพุทรา	พุทรา
13148791-n	พืชตระกูลพริกไทย	วงศ์พิพีราเซีย
13152742-n	ใบ	ใบไม้
13161506-n	พู	หยัก	แฉก
13165815-n	ต้น	ลำต้น
13219422-n	หญ้าหางม้า	ฮอร์สเทล
13221529-n	คลับมอส	ต้นคลับมอส
13222477-n	วงศ์คลับมอส	วงศ์ไลโคโพเดียเซีย
13226135-n	สกุลไอโซดีเตส	สกุลไอโซอีเตส
13238375-n	ดอกปลาดาว	ต้นสเตพีเลีย
13246079-n	ข้าวของ	ข้าวของเครื่องใช้
13251424-n	กองมรดกสุทธิ	ทรัพย์มรดกสุทธิ
13253612-n	ของที่ซื้อ	สิ่งที่ซื้อ
13254805-n	กำไร	ผลกำไร
13255145-n	รายได้	อินคัม
13256303-n	เงินกู้ถูก	เงินคล่อง
13257098-n	จีเอ็นพี	ผลิตภัณฑ์มวลรวมประชาชาติ
13257354-n	ผลิตภัณฑ์มวลรวมประชาชาติ	ผลิตภัณฑ์มวลรวมประชาชาติที่แท้จริง
13257511-n	จีดีพี	ผลิตภัณฑ์มวลรวมภายในประเทศ
13258362-n	กำไร	กำไรสุทธิ	ผลกำไร	รายได้สุทธิ	รายได้สุทธิื
13259013-n	ขาดทุนทางตัวเลข	ขาดทุนบัญชี
13259797-n	กำไรมหาศาล	กำไรเป็นกอบเป็นกำ
13260190-n	ผลกำไร	ผลตอบแทน	รายได้
13262335-n	ทรัพย์สินที่ถูกขโมย	ทรัพย์สินที่ถูกโจรกรรม
13262663-n	ของโจร	ทรัพย์สินที่ปล้นมา
13263540-n	ที่งอกชายฝั่ง	ที่งอกริมตลิ่ง
13264688-n	มรดกตกทอด	สมบัติเก่า	สมบัติเจ้าคุณปู่
13265425-n	สินเดิมของภรรยา	สินเดิมของภริยา
13265603-n	สินสอด	สินสอดทองหมั้น
13265749-n	ของบริจาค	ของแจก
13265904-n	เงินช่วยเหลือ	เงินช่วยเหลือทางเศรษฐกิจ
13268020-n	ค่าตอบแทน	เงินบำเหน็จ	เงินรางวัล
13268842-n	ของกำนัล	ของขวัญ
13269186-n	ของขวัญคริสต์มาส	ของขวัญวันคริสต์มาส
13269459-n	ของขวัญงานแต่ง	ของขวัญแต่งงาน
13271498-n	การได้ลาภงอกขึ้น	การได้ลาภงอกเงย	การได้เป็นลาภ
13272059-n	ค่าหัว	เงินค่าหัว
13272545-n	ของฟรี	ของแจกฟรี
13273154-n	เงินโบนัส	โบนัส
13275495-n	ค่าใช้จ่าย	รายจ่าย
13275847-n	คอสต์	ต้นทุน
13277056-n	ค่าย้ายบ้าน	ค่าใช้จ่ายในการย้ายบ้าน
13277644-n	ค่าใช้จ่ายส่วนตัว	ค่าใช้จ่ายส่วนบุคคล
13277789-n	ค่าประชาสัมพันธ์	ค่าพีอาร์	ค่าโฆษณา	ค่าโปรโมท
13279262-n	ค่าจ้าง	ค่าแรง
13280515-n	ค่าจ้างขั้นต่ำ	ค่าแรงขั้นต่ำ
13280795-n	ค่าจ้างในระหว่างลาป่วย	ค่าจ้างในวันที่ลาป่วย
13283764-n	รางวัล	สินน้ำใจ	เงินรางวัล
13284048-n	ค่าไถ่	ค่าไถ่ตัว	เงินเรียกค่าไถ่
13284184-n	รางวัลนำจับ	รางวัลแจ้งเบาะแส
13286801-n	ดอกเบี้ย	ผลประโยชน์	ส่วนได้เสีย
13287540-n	มูลประกันภัย	ส่วนได้เสียที่เอาประกันภัย
13290991-n	การช่วยเหลือ	การบรรเทาทุกข์
13294302-n	ค่าใช้จ่ายส่วนพระองค์	รายจ่ายส่วนพระองค์
13296270-n	ค่าเช่า	ค่าเช่าทางเศรษฐกิจ
13296593-n	ค่างวด	เงินค่างวด	เงินผ่อน	เงินผ่อนชำระ
13297254-n	ผลประโยชน์เมื่อตาย	ผลประโยชน์เมื่อถึงแก่กรรม
13301835-n	ค่าใช้จ่ายที่สูงกว่างบประมาณ	ต้นทุนเกินงบ	ต้นทุนเกินงบประมาณ
13303315-n	ค่าใช้จ่าย	ราคา
13304186-n	ราคาที่ผู้ซื้อเสนอ	ราคาประมูล
13306346-n	ค่าขนส่ง	ต้นทุนการขนส่ง
13308147-n	ค่าตั๋ว	ค่าตั๋วโดยสาร	ค่าพาหนะ	ค่ารถ	ค่าเดินทาง	ค่าโดยสาร
13308336-n	ค่าตั๋วเครื่องบิน	ค่าเครื่องบิน
13308432-n	ค่าตั๋วรถประจำทาง	ค่าตั๋วรถเมล์	ค่ารถเมล์
13308543-n	ค่ามิเตอร์	ค่าแท็กซี่
13308650-n	ค่าตั๋วรถไฟใต้ดิน	ค่ารถไฟใต้ดิน
13308750-n	ค่าตั๋วรถไฟ	ค่ารถไฟ	ค่าโดยสารรถไฟ
13308999-n	ภาษี	ภาษีอากร
13314226-n	ภาษีรายบุคคล	ภาษีรายหัว
13315999-n	พิกัดอัตรา	อากร
13316722-n	ภาษีมูลค่าเพิ่ม	แวต
13317002-n	พิกัดอัตราภาษีอากร	พิกัดอัตราภา่ษีอากร	ภาษีอากร
13318584-n	ดบ.	ดอก	ดอกเบี้ย
13321495-n	ค่าธรรมเนียมในการเข้า	ค่าผ่านประตู
13323313-n	ค่าคงที่บริการ	ค่าตอบแทน
13323749-n	ค่าทางด่วน	ค่าผ่านทาง
13323988-n	ค่าสอน	ค่าสอนพิเศษ
13324826-n	ค่าบริการไปรษณีย์	ค่าไปรษณียากร
13325010-n	ราคาต่อหน่วย	อัตรา	เรต
13325382-n	ค่าน้ำ	ค่าน้ำประปา	อัตราค่าน้ำประปา
13327231-n	ตัวแดง	เงินขาดทุน
13328357-n	การเสื่อมค่า	การเสื่อมราคา
13329641-n	ทรัพย์สิน	สินทรัพย์
13332500-n	ทรัพยากรที่รื้อฟื้นได้	ทรัพยากรที่สามารถทดแทนใหม่ได้	ทรัพยากรที่สามารถนำมาใช้ใหม่ได้	ทรัพยากรที่สามารถฟื้นฟูสภาพได้	ทรัพยากรที่สามารถสร้างทดแทนใหม่ได้	ทรัพยากรที่ใช้ไม่หมดสิ้น
13332670-n	สินทรัพย์ที่ไม่มีตัวตน	สินทรัพย์ไร้สภาพ
13334767-n	หุ้นชั้นดี	หุ้นบริษัทชั้นดี
13335808-n	หุ้นที่ไม่มีมูลค่าตราไว้	หุ้นที่ไม่มีมูลค่าตั้งไว้
13336770-n	หุ้นที่กำลังเติบโต	หุ้นในความนิยม
13343526-n	เงินพนัน	เงินเดิมพัน	เงินเล่นการพนัน
13354769-n	ทุนที่ใช้ในการดำเนินงาน	ทุนในการดำเนินงาน
13356402-n	เงินบ่อนการพนัน	เงินบ่อนคาสิโน
13365698-n	กองทุนสนับสนุน	เงินทุน
13372262-n	ทับทิม	รูบี้
13372403-n	มุก	ไข่มุก
13372812-n	ซัปไฟร์	ไพลิน
13372961-n	สื่อกลางแลกเปลี่ยน	สื่อกลางในการแลกเปลี่ยน
13374597-n	เงินกู้	เงินกู้ธนาคาร
13376012-n	บัตรสินเชื่อ	บัตรเครดิส	เครดิตการ์ด
13377268-n	ดราฟท์	ตั๋วแลกเงิน
13378518-n	สินเชื่อ	เงินสินเชื่อ
13379753-n	ตราสารเครดิต	หนังสือเครดิต	เลตเตอร์ออฟเครดิต
13382614-n	เคาน์เตอร์เช็ค	เช็คสำรอง
13384164-n	บำนาญ	เงินบำนาญ	เบี้ยบำนาญ
13384557-n	ตัวเงิน	เงิน
13385216-n	ตังค์	ปัจจัย	สตางค์	สะตุ้งสตางค์
13387209-n	ธนบัตร	เงินกระดาษ
13388245-n	เงินเหรียญ	เหรียญ
13390626-n	เซนต์	เหรียญเพนนี
13392262-n	เหรียญซิลเวอร์ดอลลาร์	เหรียญเงินดอลลาร์
13392357-n	เหรียญดับเบิ้ลอีเกิล	เหรียญยี่สิบดอลลาร์
13392472-n	เหรียญสิบดอลลาร์	เหรียญอีเกิล
13392580-n	เหรียญห้าดอลลาร์	เหรียญฮาล์ฟอีเกิล
13393762-n	ธนบัตร	เงินกระดาษ	แบงค์
13395074-n	ธนบัตรร้อยดอลลาร์	แบงค์ร้อยดอลลาร์
13395187-n	ธนบัตรห้าสิบดอลลาร์	แบงค์ห้าสิบดอลลาร์
13395296-n	ธนบัตรยี่สิบดอลลาร์	แบงค์ยี่สิบดอลลาร์
13395407-n	ธนบัตรสิบดอลลาร์	แบงค์สิบดอลลาร์
13395515-n	ธนบัตรห้าดอลลาร์	แบงค์ห้าดอลลาร์
13395799-n	ธนบัตรสองดอลลาร์	แบงค์สองดอลลาร์
13395897-n	ดอลลาร์	ธนบัตรหนึ่งดอลลาร์	หนึ่งดอลล่าร์	แบงค์หนึ่งดอลลาร์
13397174-n	หนี้	หนี้สิน
13404248-n	บัญชี	สมุดบัญชี	สมุดบันทึก
13413493-n	มูลค่า	มูลค่าทางเศรษฐกิจ
13417410-n	พันธบัตร	ใบแทนพันธบัตร
13422234-n	งบประมาณดำเนินการ	งบประมาณดำเนินงาน
13423489-n	การเสียดกร่อน	การเสียดละลาย
13423615-n	การครูดไถ	การสึกกร่อน
13428308-n	ภาวะไม่งอก	ภาวะไม่สร้าง	ภาวะไม่เจริญ
13430074-n	วิธีแบ่งเซลล์โดยตรง	อะไมโทซิส
13430262-n	การสร้างแอมโมเนีย	การใส่แอมโมเนีย
13437495-n	การยับยั้งการเจริญเติบโตของแบคทีเรีย	การยับยั้งแบคทีเรีย	การหยุดยั้งแบคทีเรีย
13440935-n	การดำเนินการฐานสอง	การดำเนินการทวิภาค
13441812-n	การกก	การกกไข่	การฟัก	การฟักไข่
13442998-n	การเกิดคาร์บอเนต	คาร์บอเนชัน
13444703-n	การแบ่งของเซลล์	การแบ่งเซลล์
13446390-n	กระบวนการทางเคมี	การเปลี่ยนแปลงทางเคมี
13447923-n	การดูดซับทางเคมี	การดูดแนบทางเคมี
13448334-n	การคลอดบุตร	การคลอดลูก
13449156-n	การแตก	การแยก
13449450-n	การเปลี่ยนแปลงสภาพภูมิอากาศ	การเปลี่ยนแปลงสภาพภูมิอากาศโลก	การเปลี่ยนแปลงสภาพอากาศโลก
13449892-n	ฟิวชั่นเย็น	ฟิวชั่นแบบเย็น
13451804-n	การบริโภค	กา่รบริโภคสินค้าและบริการ
13453160-n	การลดอุณหภูมิ	การเกิดความเย็น
13453737-n	ภาวะเงินเฟ้อที่เกิดจากต้นทุนสูงขึ้น	เงินเฟ้อที่เกิดจากต้นทุนสูงขึ้น
13454318-n	การเพาะปลูก	การเพาะเลี้ยง
13454479-n	การจับก้อน	การทำให้ข้นเป็นลิ่ม
13456367-n	การกำจัดหมู่คาร์บอกซิล	ดีคาร์บอกซีเลชัน
13457378-n	การลด	ความถดถอย
13459322-n	กลไกป้องกันตนเอง	กลไกในการป้องกันตนเอง
13460568-n	การขจัดน้ำ	การระเหย
13461390-n	ภาวะเงินเฟ้อที่เกิดจากอุปสงค์มวลรวมเพิ่มขึ้น	เงินเฟ้อที่เกิดจากอุปสงค์มวลรวมเพิ่มขึ้น
13462191-n	การทับถม	การทับถมตามธรรมชาติ
13469526-n	การเพิ่มเท่าตัว	การเิพิ่มขึ้นสองเท่า
13472125-n	การสลายด้วยไฟฟ้า	การแยกสลายด้วยไฟฟ้า
13472341-n	การประมวลผลด้วยเครื่องอิเล็กทรอนิกส์	ประมวลผลข้อมูลอิเล็กทรอนิกส์
13473097-n	การขับถ่าย	การขับออก
13475205-n	การกำจัดขน	การถอนขน
13477023-n	วิวัฒนาการ	ไฟโลเจนี
13479380-n	ผล	ผลลัพธ์
13479889-n	การกลัดหนอง	การเป็นหนอง
13480848-n	การลุกเป็นไฟ	การลุกไหม้
13483726-n	การกลายเป็นซากดึกดำบรรพ์	การกลายเป็นฟอสซิล
13484644-n	การกลายเป็นน้ำแข็ง	การทำให้เยือกแข็ง	การเปลี่ยนเป็นน้ำแข็ง
13491464-n	การกกไข่	การฟัก	การฟักไข่
13491876-n	การเกิดความร้อน	การเพิ่มความร้อน	การเพิ่มอุณหภูมิ
13492453-n	การสร้างเลือด	การสร้างโลหิต
13495209-n	ภาวะหลั่งเหงื่อมาก	ภาวะเหงื่อท่วม
13497928-n	กระบวนการทางอุตสาหกรรม	กระบวนการอุตสาหกรรม
13498828-n	ภาวะเงินเฟ้อ	เงินเฟ้อ
13501548-n	การบวม	การพองขึ้น
13505249-n	กระบวนการสร้างชั้นเคราติน	เคราติไนเซชั่น
13508651-n	การกลายเป็นของเหลว	การเปลี่ยนเป็นของเหลว
13512725-n	การแบ่งเซลล์สืบพันธุ์	การแบ่งเซลล์แบบไมโอซิส
13513747-n	ประจำเดือน	รอบเดือน	ระดู	เมนส์
13518279-n	การทำงานแบบหลายโปรแกรม	มัลติโปรแกรมมิง
13524399-n	การละ	การละเสียง
13528100-n	การออสโมซิส	ออสโมซิส
13528750-n	การกลายเป็นกระดูก	การสร้างกระดูก
13530408-n	การรวมกับก๊าซออกซิเจน	ออกซิเดชั่น
13530799-n	ปฏิกิริยารีด็อกซ์	ปฏิกิริยาออกซิเดชัน-รีดักชัน
13534098-n	เปปไตเซชัน	เปปไทเซชัน
13535261-n	การออกเหงื่อ	อาการเหงื่อออก
13537429-n	การสังเคราะห์ด้วยแสง	การสังเคราะห์แสง
13538080-n	การเกาะของรก	การเกิดของรก
13541975-n	การงอกขยาย	การเพิ่มจำนวน
13542688-n	การสลายโปรตีน	การแยกสลายโปรตีน
13545184-n	การปล่อยกัมมันตภาพรังสี	การแผ่รังสี
13546169-n	การหาข้ออ้าง	การหาเหตุผลเข้าข้างตัวเอง
13547048-n	การประมวลผลแบบทันที	การประมวลผลแบบเวลาจริง
13554984-n	การประมวลผลตามลำดับ	การประมวลผลแบบลำดับ
13555775-n	การขี้	การอึ
13556509-n	การลดราคา	การลดลง
13556893-n	การเกิดควัน	ควัน	ควันไฟ
13565940-n	ระยะเทโลเฟส	เทโลเฟส
13566041-n	ระยะเทโลเฟส	เทโลเฟส
13572436-n	การกลายเป็นไอ	การเปลี่ยนเป็นไอ
13574804-n	การขยายให้กว้าง	การทำให้กว้าง
13577171-n	ระบบการวัด	ระบบเมตริก
13578140-n	ซีจีเอส	ระบบซีจีเอส
13578267-n	ระบบหน่วยระหว่างประเทศ	ระบบเอสไอ	หน่วยเอสไอ
13579679-n	บอดเรท	หน่วยวัดอัตราการส่งข้อมูล
13579933-n	ค่าออกเทน	เลขออกเทน
13583724-n	มาตราวัด	หน่วย	หน่วยของการวัด	หน่วยวัด
13586122-n	ค่าสัมประสิทธิ์	สัมประสิทธิ์
13587236-n	ค่าความเหนี่ยวนำร่วม	สัมประสิทธิ์ความเหนี่ยวนำร่วม
13588819-n	สัมประสิทธิ์การขยายตัว	สัมประสิทธิ์แห่งความยืดตัว
13589546-n	ค่าคงที่ของจักรวาล	ค่าคงที่เอกภพ
13589957-n	ค่าคงที่การแตกตัว	ค่าคงที่การแยกสลาย
13590079-n	ค่าคงที่ของก๊าซ	อาร์
13590327-n	ค่าคงที่ของแรงโน้มถ่วง	จี
13591123-n	ค่าคงตัวของพลังค์	เอช
13592219-n	จำนวนทหารที่เสียชีวิต	จำนวนศพทหาร
13593219-n	ตัวประกอบ	แฟกเตอร์
13593634-n	ค่าคงที่ของสัดส่วน	ค่าคงที่ปฏิภาค	ค่าคงที่สัดส่วน
13594005-n	จำนวนจริง	จำนวนเฉพาะ
13594585-n	คะแนน	สกอร์	แต้ม
13595968-n	อีเกิล	อีเกิ้ล
13596422-n	คะแนนทิ้งห่าง	คะแนนนำ
13597280-n	จำนวนเชิงอันดับที่	เลขลำดับ
13600404-n	มาตราวัดพื้นที่	หน่วยพื้นที่
13600822-n	หน่วยความจุ	หน่วยลูกบาศก์
13601483-n	คิวบิกฟุต	คิวฟุต	ลูกบาศก์ฟุต
13601596-n	หน่วยความจำ	หน่วยความจำคอมพิวเตอร์
13602526-n	หน่วยแม่เหล็กไฟฟ้า	อีเอ็มยู
13603305-n	มาตราวัดความยาว	หน่วยวัดเชิงเส้น
13604718-n	สกุลเงิน	หน่วยสกุลเงิน	หน่วยเงิน	หน่วยเงินตรา
13608788-n	หน่วยชั่งน้ำหนัก	หน่วยวัดน้ำหนัก
13610162-n	คะแนน	พอยต์
13614679-n	รอด	เพิร์ช	โพล
13618076-n	คิวบิกหลา	หลา
13620404-n	ดรายพินต์	พินต์
13623636-n	ซีซี	มล.	มิลลิลิตร
13624190-n	ล.	ลิตร	แอล
13624705-n	เฮกโตลิตร	เฮคโตลิตร
13624873-n	ก.ล.	กล.	กิโลลิตร
13625482-n	บิตภาวะคู่หรือคี่	ภาวะคู่หรือคี่
13628761-n	กิกะไบต์	จี	จีบี
13636286-n	ฟาเรด	เอฟ
13636648-n	คูลอมบ์	ซี	แอมแปร์-เซคันด์
13640050-n	หน่วยความเข้มของการส่องสว่าง	หน่วยแรงเทียน
13640520-n	แลมเบิร์ต	แอล
13641534-n	กำลังแรงเทียน	แคนเดลา
13642000-n	กิลเบิร์ต	จีบี	จีไอ
13646031-n	อาร์	เรินต์เกน
13648596-n	จี	แรงจี
13650045-n	ฟ.	ฟุต
13654093-n	ฝ่ามือ	แฮนด์
13655262-n	ไมล์	ไมล์สวีเดน
13655414-n	ไมล์	ไมล์โรมัน
13655570-n	ก้าวโรมัน	ระยะก้าวโรมัน
13658496-n	ไมครอน	ไมโครเมตร
13658657-n	ม.ม.	มิลลิเมตร
13658828-n	ซม.	เซนติเมตร
13659162-n	ม.	เมตร
13659760-n	ก.ม.	กม.	กิโล	กิโลวัตต์ต่อชั่วโมง	กิโลเมตร	โล
13660337-n	ไมล์	ไมล์ทะเล
13660619-n	ไมล์	ไมล์ทะเล
13660868-n	ไมล์	ไมล์ทะเล
13661273-n	ดอล	ดอลลาร์	สกุลเงินดอลลาร์	เหรียญ
13661820-n	ยูโร	สกุลเงินยูโร
13662190-n	ฟรังก์	สกุลเงินฟรังก์
13663694-n	สกุลเงินบาท	หน่วยเงินตราไทย	หน่วยเงินบาท
13663820-n	บ.	บาท
13663933-n	ส.ต.	สตางค์
13667372-n	คอสตาริกันโคลอน	โคลอน
13667643-n	เอลซาวาดอรันโคลอน	โคลอน
13668266-n	บูทุต	บูแทต
13668491-n	ดินาร์	แอลจีเรียนดินาร์
13668864-n	ดินาร์	บาห์เรนดินาร์
13675218-n	กรีกดรัคมา	ดรัคมา
13681993-n	โครน่า	ไอซ์แลนดิคโครน่า
13682330-n	สวีดิชโครน่า	โครน่า
13682740-n	โครน	โครนเดนมาร์ก
13682971-n	โครนนอร์เวย์	โ่ครน
13684735-n	คินดาร์กา	คินทาร์
13686376-n	ลีรา	ลีราอิตาลี
13686660-n	ปอนด์	ปอนด์สเตอร์ลิง
13686877-n	ชิลลิง	บ็อบ
13687160-n	ลีรา	ลีราตุรกี
13691509-n	เปโซ	เปโซชิลี
13691764-n	เปโซ	เปโซโคลัมเบีย
13692014-n	เปโซ	เปโซคิวบา
13692278-n	เปโซ	เปโซโดมินิกัน
13692559-n	เปโซ	เปโซกินีบิสเซา
13692822-n	เปโซ	เปโซเม็กซิกัน
13693084-n	เปโซ	เปโซฟิลิปปินส์
13693349-n	เปโซ	เปโซอุรุกวัย
13695189-n	ลีรา	ลีรามอลต้า
13698327-n	ริยาล	ริยาลกาตาร์
13698706-n	ซาอุดิอาระเบียนริยาล	ริยาล
13703804-n	รูปี	รูปีอินเดีย
13704274-n	รูปี	รูปีปากีสถาน
13704643-n	รูปี	รูปีมอริเชียส
13704897-n	รูปี	รูปีเนปาล
13705153-n	รูปี	รูปีเซเชลส์
13705415-n	รูปี	ศรีลังการูปี
13705929-n	ชิลลิ่ง	ออสเตรียชิลลิ่ง
13709591-n	สกุลเงินเยน	หน่วยเงินตราญี่ปุ่น
13709819-n	สกุลเงินจีน	สกุลเงินหยวน	หน่วยเงินตราจีน
13711060-n	หน่วยวัดความดันบรรยากาศ	เอทีเอ็ม
13713521-n	บี	เบล
13713633-n	เดซิืเบล	เดซิเบล
13714184-n	ระดับ	องศา
13714491-n	องศาเซลเซียส	เซลเซียส
13714641-n	ฟาเรนไฮต์	องศาฟาเรนไฮต์	เอฟ
13714756-n	เคลวิน	เควิน
13715755-n	มาตรชั่งน้ำหนัก	มาตราชั่งน้ำหนัก
13723061-n	ม.ก.	มก.	มิลลิกรัม
13724582-n	ก.ก.	กก.	กิโล	กิโลกรัม	โล
13725588-n	ตัน	เมตริกตัน
13726562-n	กิโลแคลอรี	แคลอรี่
13729031-n	ตัวตั้ง	ตัวตั้งลบ
13729428-n	จำนวนจินตภาพ	จำนวนเชิงซ้อน
13733979-n	ตัวตั้ง	เลขที่ถูกคูณ
13734085-n	ตัวประกอบมาตราส่วน	สเกลแฟกเตอร์
13734992-n	ตัวประกอบร่วม	ตัวหารร่วม
13735163-n	ห.ร.ม.	หารร่วมมาก
13736057-n	เศษส่วนเชิงซ้อน	เศษส่วนเชิงประกอบ
13736197-n	เลขทศนิยม	เศษส่วนทศนิยม
13737480-n	ยี่สิบห้าเปอร์เซนต์	หนึ่งส่วนสี่
13737830-n	ยี่สิบเปอร์เซนต์	ร้อยละยี่สิบ	หนึ่งส่วนห้า
13738327-n	สิบเปอร์เซนต์	หนึ่งส่วนสิบ
13739051-n	หนึ่งส่วนหนึ่งร้อย	หนึ่งเปอร์เซนต์
13740168-n	ความว่างเปล่า	เล็กๆน้อยๆ
13741022-n	ตัวเลข	เลข
13741512-n	เลขฐานสอง	เลขโดดฐานสอง
13742358-n	ศูนย์	เลขศูนย์	ไข่เป็ด	๐
13742573-n	1	หนึ่ง	๑
13743269-n	2	สอง	๒
13743605-n	คู่	คู่เหมือนกัน
13744044-n	3	ตรี	สาม	ไตร	๓
13744304-n	4	สี่	๔
13744521-n	5	ห้า
13744722-n	6	ครึ่งโหล	หก	๖
13744916-n	7	เจ็ด
13745086-n	8	แปด	๘
13745270-n	9	เก้า	๙
13746512-n	10	สิบ	๑๐
13746672-n	11	สิบเอ็ด	๑๑
13746785-n	12	สิบสอง	หนึ่งโหล	๑๒
13747199-n	13	สิบสาม	๑๓
13747348-n	14	สิบสี่	๑๔
13747469-n	15	สิบห้า	๑๕
13747606-n	16	สิบหก	๑๖
13747725-n	17	สิบเจ็ด	๑๗
13747865-n	18	สิบแปด	๑๘
13747989-n	19	สิบเก้า	๑๙
13748128-n	20	ยี่สิบ	๒๐
13748246-n	21	ยี่สิบเอ็ด	๒๑
13748367-n	22	ยี่สิบสอง	๒๒
13748493-n	23	ยี่สิบสาม	๒๓
13748622-n	24	ยี่สิบสี่	๒๔
13748763-n	25	ยี่สิบห้า	๒๕
13748890-n	26	ยี่สิบหก	๒๖
13749017-n	27	ยี่สิบเจ็ด	๒๗
13749146-n	28	ยี่สิบแปด	๒๘
13749278-n	29	ยี่สิบเก้า	๒๙
13749407-n	30	สามสิบ	๓๐
13749527-n	40	สี่สิบ	๔๐
13749644-n	50	ห้าสิบ	๕๐
13749778-n	60	หกสิบ	๖๐
13749894-n	70	เจ็ดสิบ	๗๐
13750033-n	78	๗๘
13750164-n	80	แปดสิบ	๘๐
13750297-n	90	เก้าสิบ	๙๐
13750415-n	100	ร้อย	หนึ่งร้อย	๑๐๐
13750504-n	144	สิบสองโหล	๑๔๔
13750574-n	120	หนึ่งร้อยยี่สิบ	๑๒๐
13750712-n	500	ห้าร้อย	๕๐๐
13750844-n	1000	พัน	หนึ่งพัน	๑๐๐๐
13751158-n	1728	หนึ่งพันเจ็ดร้อยยี่สิบแปด	๑๗๒๘
13751265-n	10000	หนึ่งหมื่น	หมื่น	๑๐๐๐๐
13751404-n	100000	สิบหมื่น	หนึ่งแสน	๑๐๐๐๐๐
13751533-n	1000000	ล้าน	หนึ่งล้าน	๑๐๐๐๐๐๐
13751829-n	1000000000	พันล้าน	หนึ่งพันล้าน	๑๐๐๐๐๐๐๐๐๐
13752172-n	1000000000000	ล้านล้าน	หนึ่งล้านล้าน	๑๐๐๐๐๐๐๐๐๐๐๐๐
13752443-n	1000000000000	ล้านล้าน	หนึ่งล้านล้าน	๑๐๐๐๐๐๐๐๐๐๐๐๐
13756125-n	ความจุ	ปริมาณความจุ
13758745-n	ปริมาณการผลิต	ปริมาณผลผลิต	ผลผลิต
13765306-n	ถัง	เต็มถัง
13765396-n	ขวด	ปริมาณเต็มขวด
13765624-n	กล่อง	จำนวนเต็มกล่อง
13766166-n	คัน	คันรถ
13766337-n	กล่อง	จำนวนหนึ่งกล่อง
13766436-n	ปริมาณหนึ่งหีบ	หีบ
13766547-n	ถังไม้	ปริมาณหนึ่งถัง
13766733-n	ถ้วย	ปริมาณหนึ่งถ้วย
13767350-n	กำ	กำมือ
13767691-n	บ้าน	หลัง
13767822-n	ขวดโหล	เหยือก
13767956-n	ปริมาณหนึ่งเหยือก	เหยือก
13768064-n	ถัง	ถังเบียร์สด
13770529-n	แทงค์	แท็งค์
13770635-n	จอก	ถ้วยชา
13774404-n	กลุ่ม	จำนวนมาก	จำนวนมากมายก่ายกอง	มากมาย
13775093-n	กอง	จำนวนมากมาย
13778671-n	ที่จอดรถ	ลานจอดรถ
13781670-n	ความสัมพันธ์ระหว่างบุคคล	ความสัมพันธ์ส่วนบุคคล
13781820-n	ความผูกพัน	พันธะ
13783816-n	ฟังก์ชัน	ฟังก์ชันคณิตศาสตร์
13784537-n	ฟังก์ชันผกผัน	ฟังก์ชันอินเวิร์ส
13786960-n	ตรีโกณ	ตรีโกณมิติ	ฟังก์ชันตรีโกณมิติ	ฟังก์ชันเชิงวงกลม
13787723-n	คอส	โคไซน์
13788369-n	โคแทน	โคแทนเจนต์
13789002-n	โคเซค	โคเซแคนต์
13792692-n	การเชื่อมโยง	การเชื่อมโ่ยง
13801937-n	ปริกัลมาลา	สมมุติมาลา
13803782-n	การผันคำ	การลงวิภัตติปัจจัย
13809207-n	ส่วนประกอบ	องค์ประกอบ
13809920-n	รายละเอียด	ส่วนย่อย
13810323-n	ยูนิต	หน่วย
13813898-n	ความสัมพันธ์ระหว่างพ่อลูก	ความเป็นพ่อ
13814041-n	ความสัมพันธ์ระหว่างแม่ลูก	ความเป็นแม่
13815449-n	สัดส่วน	อัตราส่วน
13816862-n	มาตราส่วน	สเกล
13817066-n	สัดส่วนทอง	สัดส่วนทองคำ	อัตราส่วนทอง
13817526-n	ร้อยละ	เปอร์เซนต์
13820432-n	อัตราส่วนสะท้อน	อัตราส่วนสะ้ท้อน
13830305-n	ตำแหน่งบนเข็มทิศ	ทิศ
13831176-n	ทิศเหนือ	น.	เหนือ
13831441-n	ทิศเหนือ	ทิศเหนือเข็มทิศ
13832355-n	ต.อ.	ตะวันออก	ทิศตะวันออก
13832841-n	ตะวันออกเฉียงใต้	ทิศตะวันออกเฉียงใต้
13833375-n	ต.	ทิศใต้	ใต้
13833886-n	ตะวันตกเฉียงใต้	ทิศตะวันตกเฉียงใต้
13834399-n	ต.ต	ตะวันตก	ทิศตะวันตก
13834885-n	ตะวันตกเฉียงเหนือ	ทิศตะวันตกเฉียงเหนือ
13835427-n	ทิศเหนือ	เหนือ
13835546-n	ตะวันออกเฉียงเหนือ	ทิศตะวันออกเฉียงเหนือ
13835664-n	ตะวันออก	ทิศตะวันออก
13835781-n	ตะวันออกเฉียงใต้	ทิศตะวันออกเฉียงใต้
13835899-n	ทิศใต้	ใต้
13836018-n	ตะวันตกเฉียงใต้	ทิศตะวันตกเฉียงใต้
13836136-n	ตะวันตก	ทิศตะวันตก
13836253-n	ตะวันตกเฉียงเหนือ	ทิศตะวันตกเฉียงเหนือ
13836550-n	มุมตั้ง	มุมเงย	ระยะความสูงจากฟ้า
13837439-n	ความสัมพันธ์เชิงวิชาชีพ	สัมพันธภาพเชิงวิชาชีพ
13846199-n	ที่หนึ่ง	อันดับหนึ่ง
13847402-n	ที่หก	อันดับหก
13847858-n	ที่สิบ	อันดับสิบ
13848249-n	ที่สิบสี่	อันดัีบสิบสี่
13848565-n	ที่สิบเจ็ด	อันดับสิบเจ็ด
13848884-n	ที่ยี่สิบ	อัีนดับยี่สิบ
13848983-n	ที่สามสิบ	อันดับสามสิบ
13849082-n	ที่สี่สิบ	อันดับสี่สิบ
13849180-n	ที่ห้าสิบ	อันดับห้าสิบ
13849512-n	ที่แปดสิบ	อันดับแปดสิบ
13849611-n	ที่เก้าสิบ	อันดับเก้าสิบ
13849810-n	ที่หนึ่งพัน	อันดับหนึ่งพัน
13849913-n	ที่หนึ่งล้าน	อันดับหนึ่งล้าน
13850019-n	ที่หนึ่งพันล้าน	อันดับหนึ่งพันล้าน
13850148-n	ที่สุดท้าย	อันดับสุดท้าย
13850304-n	ระบบการวัด	สเกล
13852395-n	มาตรวัดอุณหภูมิ	หน่วยวัดอุณหภูมิ
13853002-n	องศาสัมบูรณ์	องศาเคลวิน
13854649-n	ความเป็นคู่ตรงกันข้าม	ความเป็นคู่ตรงข้าม	ความเป็นปฏิปักษ์
13858604-n	ด้านตรงข้าม	ทางตรงข้าม
13860548-n	สภาวะตรงกันข้าม	สภาวะปฏิปักษ์
13860793-n	ทรงตัน	รูปทรงตัน
13861050-n	ตาราง	ระนาบ
13861686-n	เส้นกลาง	แนวกลาง
13862780-n	รูป	รูปทรง
13864153-n	ทรงโค้งนูน	รูปทรงนูน	รูปโค้งนูน
13864965-n	ทรงโค้งเว้า	รูปทรงเว้า	รูปโค้งเว้า
13865298-n	ทรงกระบอก	รูปกระบอก	รูปทรงกระบอก
13865483-n	ทรงกลม	รูปทรงกลม
13867641-n	รูปโค้ง	เส้นโค้ง	โค้ง
13868371-n	เส้นโค้งจอร์แดน	เส้นโค้งปิดอย่างง่าย
13868515-n	รูปตัวเอส	โค้งตัวเอส	โค้งรูปตัวเอส
13869327-n	ความโค้ง	ส่วนโค้ง
13871452-n	เส้นรอบพื้นที่	เส้นรอบรูป
13871538-n	รัศมี	เส้นรัศมี
13871717-n	เส้นผ่านศูนย์กลาง	เส้นผ่าศูนย์กลาง
13871967-n	เซ็นเตอร์ไลน์	เส้นเซ็นเตอร์ไลน์
13872072-n	รูปทรงโดม	โดม
13872211-n	ร่อง	หลุม	แอ่ง
13872592-n	กรวย	โคน	โคนอยด์
13873361-n	รูปสี่เหลี่ยมผืนผ้า	สี่เหลี่ยมผืนผ้า
13873502-n	วง	วงกลม
13874251-n	ครึ่งวงกลม	รูปครึ่งวงกลม
13874927-n	คอร์ด	เส้นคอร์ด
13875392-n	ทรงหูสมอ	รูปโดนัท
13878634-n	รูปสี่เหลี่ยมจัตุรัส	รูปสี่เหลี่ยมด้านเท่า
13878951-n	จัตุรัส	รูปสี่เหลี่ยมจัตุรัส	สี่เหลี่ยมจัตุรัส
13879126-n	รูปสี่เหลี่ยม	สี่เหลี่ยม
13879320-n	รูปสามเหลี่ยม	สามเหลี่ยม
13879816-n	รูปสามเหลี่ยมมุมแหลม	สามเหลี่ยมมุมแหลม
13879947-n	รูปสามเหลี่ยมด้านเท่า	สามเหลี่ยมด้านเท่า
13880199-n	รูปสามเหลี่ยมหน้าจั่ว	สามเหลี่ยมหน้าจั่ว
13880295-n	รูปสามเหลี่ยมมุมเฉียง	สามเหลี่ยมมุมเฉียง
13880415-n	รูปสามเหลี่ยมมุมป้าน	สามเหลี่ยมมุมป้าน
13880551-n	รูปสามเหลี่ยมมุมฉาก	สามเหลี่ยมมุมฉาก
13880704-n	รูปสามเหลี่ยมด้านไม่เท่า	สามเหลี่ยมด้านไม่เท่า	สามเหลี่ยมใดใด
13881381-n	รูปสี่เหลี่ยมด้านไม่ขนาน	สี่เหลี่ยมใดใด
13881512-n	คางหมู	สี่เหลี่ยมคางหมู
13881644-n	ดาว	รูปดาว
13881810-n	ดอกจัน	รูปเครื่องหมายดอกจัน
13882961-n	รูปสี่เหลี่ยมขนมเปียกปูน	สี่เหลี่ยมขนมเปียกปูน
13886133-n	อาร์ช	โค้ง
13886260-n	รูปกรวย	รูปกระดิ่ง	รูประฆัง
13886371-n	พาราโบลา	พาลาโบลา	เส้นโค้งพาราโบลา	โค้งพาลาโบลา
13886575-n	เส้นโค้งไฮเปอร์โบลา	ไฮเปอร์โบลา
13887319-n	รูปซิกแซก	รูปฟันปลา	หยักฟันปลา
13893786-n	ร่อง	ร่องน้ำ
13894434-n	รอยนูน	ส่วนนูน
13896100-n	วัตถุรูปโค้ง	โค้ง
13897198-n	รูปวงรี	วงรี
13897657-n	ระดับความสูง	ระดับความสูงเชิงมุม	อัลติจูด
13897996-n	การรักษาสมดุล	ความสมดุล	ความเท่าเทียมกัน
13898645-n	ทรงคล้ายทรงกลม	สเฟียรอยด์
13899404-n	ก้อนกลม	ก้อนกลมๆ	บอล	ลูก
13900422-n	รูปทรงยาวบาง	รูปร่างเหมือนเสา
13901858-n	รูปหยดน้ำ	หยดน้ำ
13901925-n	รูปหยดน้ำตา	หยดน้ำตา
13903387-n	ขอทาน	เส้นแบ่งเขต
13905792-n	รอย	เส้น
13906345-n	ตีนกา	รอยตีนกา
13906484-n	ลายมือ	ลายเท้า	ลายเส้นบนฝ่ามือ	เส้นลายบนผิวหนัง	เส้นลายมือ
13906669-n	เส้นขมวดคิ้ว	เส้นระหว่างคิ้ว
13906936-n	เส้นความรัก	เส้นจิตใจ	เส้นหัวใจ	เส้นใจ
13907104-n	เส้นวาสนา	เส้นโชค
13907272-n	รอยยุบตัว	รอยแตก	รอยแตกบนพื้นผิว
13907415-n	รอยพับ	ลอน
13910384-n	ที่ว่าง	สเปซ
13912115-n	รูฝอย	รูเล็ก
13912260-n	ทรีไดอะแกรม	แผนภูมิต้นไม้
13913566-n	รูปทรงเฉพาะ	รูปแบบเฉพาะตัว
13914608-n	รูปทรงสี่เหลี่ยม	ลูกบาศก์
13914837-n	ปิระมิด	พีระมิด
13920169-n	ภาวะตรงกลาง	สายกลาง
13920835-n	ภาวะ	สภาพ	สภาวะ
13923440-n	สภาพ	สภาวะ
13924863-n	ความชื่นชม	ความเทิดทูน
13926786-n	ตำแหน่ง	สถานการณ์	สภาพ
13927383-n	สถานการณ์	สภาพการณ์
13929852-n	ความมั่นใจ	ความไว้ใจ
13931145-n	ความเป็นเพื่อน	มิตรภาพ
13931627-n	ความเป็นสมาชิก	สมาชิกภาพ
13931889-n	ความสัมพันธ์ฉันชู้สาว	ควาสัมพันธ์ทางเพศ
13932045-n	ยูโทเปีย	อุตมรัฐ
13933560-n	ภาวะวิกฤต	วิกฤต	วิกฤตการณ์
13934596-n	สภาพแวดล้อม	สภาวะแวดล้อม	สิ่งแวดล้อม
13939892-n	ขั้น	ระยะ	เลเวล
13940456-n	จุดสูงสุด	ระดับสูงสุด
13941337-n	จุดยุติ	จุดสิ้นสุด
13945919-n	ฐานะ	ตำแหน่ง	สถานภาพ	สถานะ
13946760-n	ความทัดเทียม	ความเท่าเทียมกัน	ความเท่่าเทียม	ความเสมอภาค
13947174-n	คะแนนเท่ากัน	คะแนนเสมอกัน
13947415-n	ฐานะทางสังคม	สถานภาพทางสังคม
13948136-n	ฐานะทางสังคม	สถานภาพทางสังคม
13948912-n	ความเป็นผู้ชนะ	ตำแหน่งชนะเลิศ
13953215-n	ความเป็นบุตรนอกกฎหมาย	ความเป็นลูกนอกสมรส
13953787-n	ชาติ	สัญชาติ
13954253-n	การเป็นอยู่	เป็น
13963757-n	สถานภาพ	สถานภาพการสมรส
13963970-n	การสมรส	การออกเรือน	ชีวิตคู่	ชีวิตสมรส
13966007-n	การมีคู่ครองคนเดียว	การมีคู่สมรสคนเดียว
13966795-n	การมีสามีหลายคน	พหุสามี
13968973-n	หลักนิติธรรม	หลักบังคับแห่งกฎหมาย
13969243-n	ความกลมกลืน	ความสอดคล้องกัน
13970912-n	การสงบศึกชั่วคราว	สัญญาสงบศึก
13974317-n	ภูมิคุ้มกันบกพร่อง	โรคขาดภูมิคุ้มกัน
13976322-n	ความวิกลจริต	ความสับสน	ความโกลาหล
13977366-n	ความชุลมุน	ความวุ่นวาย	ความสับสนวุ่นวาย	ความสับสนอลหม่าน
13981403-n	ภาวะสงคราม	สงคราม
13982357-n	ความขัดแย้ง	ความแตกต่าง
13983807-n	ความมืด	ความมืดดำ
13984082-n	การมืดลง	ความมืดมน
13984613-n	ร่ม	ร่มเงา
13990064-n	การปราศจากมลทิน	ความบริสุทธิ์
13990502-n	การพ้นข้อกล่าวหา	การพ้นมลทิน	การเป็นผู้บริสุทธิ์
13991346-n	การก่ออาชญากรรม	การผิดกฏหมาย
13998966-n	กรง	กรงขัง
14001348-n	การพึ่งพาอาศัย	การพึ่งพาอา่ศัย
14006945-n	กระฉับกระเฉง	กิจกรรม
14008342-n	กิริยา	พฤติกรรม
14010927-n	การหยุด	การหยุดชะงัก
14012667-n	ความหงอยเหงา	ความเงียบหงอย
14013368-n	ภาวะเศรษฐกิจถดถอย	เศรษฐกิจถดถอย
14015361-n	การหาทางออกไม่ได้	ทางตัน	สภาพจนตรอก	สภาพเข้าตาจน
14015996-n	กรณี	เคส
14018567-n	ความมึนเมา	ความเมา
14020753-n	ภาวะความเป็นกรดในเลือดสูง	ภาวะเลือดเป็นกรด
14020936-n	ภาวะเลือดเป็นด่าง	สภาวะความเป็นด่างในเลือดสูง
14022959-n	การนอนไม่หลับ	การอดนอน
14024882-n	การนอน	การนอนหลับ	การหลับ
14025258-n	ฝันร้าย	อาการหวาดผวา
14025755-n	การนอนฝัน	การหลับฝัน
14030435-n	อาการง่วงนอน	อาการง่วงเหงาหาวนอน
14031108-n	การพร้อมเพรียง	ความพร้อม	สภาพความพร้อม
14031523-n	สภาพพร้อมใช้	สภาพพร้อมใช้งาน
14032100-n	การพร้อมรับมือการโจมตี	เรดอเลิร์ต
14034177-n	ภาวะร่างกาย	สภาพร่างกาย	สภาวะร่างกาย
14035695-n	ท้องอืด	ท้องเฟ้อ
14037011-n	ความตื่นตัว	ความตื่นเต้น
14044174-n	ภาวะอุณหภูมิกายสูง	ไฮเปอร์เทอร์เมีย
14048441-n	การคลอดบุตร	ความเจ็บปวดในการคลอดบุตร
14050143-n	ความแข็งแรง	พละกำลัง
14050559-n	ชี่	พลังชีวิต	ลมปราณ
14050871-n	ความเปล่งปลั่ง	สีแดงระเรื่อ
14055408-n	ความเจ็บป่วย	โรคภัยไข้เจ็บ
14061805-n	ความเจ็บป่วย	ความเจ็บไข้
14062725-n	การติด	การเสพติด
14064408-n	การติดยา	การติดยาเสพติด
14064644-n	การติดสุรา	โรคพิษสุรา	โรคพิษสุราเรื้อรัง
14064984-n	การติดโคเคน	การเสพติดโคเคน
14065071-n	การติดเฮโรอีน	การเสพติดเฮโรอีน
14065156-n	การติดคาเฟอีน	การเสพติดคาเฟอีน	ภาวะเสพติดคาเฟอีน
14065243-n	การติดนิโคติน	การเสพติดนิโคติน
14066492-n	การหมดกำลังใจ	อาการสติฟั่นเฟือน
14067076-n	ช็อค	ภาวะช็อค
14068177-n	ช็อกเหตุอินซูลิน	ช็อคน้ำตาล
14068344-n	โรคเคซอง	โรคเคซองชนิดปวดแขนขาและท้อง
14068685-n	ภาวะอาหารเป็นพิษ	อาหารเป็นพิษ
14073331-n	อาการปัสสาวะเป็นสีดำ	ไข้น้ำดำ	ไข้ปัสสาวะดำ
14079156-n	กลุ่มอาการอีตัน-แลมเบิร์ต	กลุ่มอาการแลมเบิร์ต-อีตัน
14079493-n	โรคจากอุตสาหกรรม	โรคเหตุอาชีพ
14080836-n	รำมะนาด	เหงือกเป็นหนอง
14082303-n	โรคลมปัจจุบัน	โรคลมเหตุร้อน
14094350-n	อัมพาตชนิดสั่นรัว	โรคพาร์กินสัน
14099643-n	ความบกพร่องด้านการอ่าน	ความบกพร่องในการอ่าน	ภาวะเสียการอ่านรู้ความ
14101801-n	ภาวะลิ่มเลือดอุดตันในหลอดเลือดแดงปอด	หลอดเลือดแดงพัลโมนารีอุดตันจากลิ่มเลือด
14102631-n	โรคหลอดเลือดหัวใจตีบ	โรคเส้นเลือดหัวใจตีบ
14105504-n	ความดันโลหิตสูงปลอม	ภาวะความดันโลหิตสูงปลอม
14110411-n	การกระด้าง	การแข็ง
14111715-n	ลิ้นหัวใจไมทรัลหย่อน	ลิ้นไมทรัลปลิ้น
14116908-n	โรคต่อมหมวกไตพิการ	โรคแอดดิสัน
14117805-n	เบาหวาน	โรคเบาหวาน
14123510-n	คอตีบ	โรคคอตีบ
14124423-n	โรคฝีดาษ	ไข้ทรพิษ
14126293-n	เชื้อราที่ศีรษะ	โรคกลากที่ศีรษะ
14127782-n	เอดส์	โรคภูมิคุ้มกันบกพร่อง	โรคเอดส์
14129579-n	อหิวาตกโรค	อหิวา่ตกโรค
14133159-n	กามโรค	โรคผู้หญิง
14133985-n	ซิฟิลิส	โรคซิฟิลิส
14138178-n	คางทูม	โรคคางทูม
14140176-n	โปลิโอ	โรคโปลิโอ
14144064-n	วัณโรค	วัณโรคปอด
14145501-n	หวัด	ไข้หวัด
14145911-n	โรคหืด	โรคหืดหลอดลม
14151139-n	ความบกพร่องทางพันธุกรรม	โรคถ่ายทอดทางพันธุกรรม	โรคพันธุกรรม
14153285-n	การเห็นซ้อนสอง	การเห็นภาพซ้อน
14158179-n	โรคท้าวแสนปม	โรคเนื้องอกเส้นประสาททั่วกาย
14159623-n	กลุ่มอาการดาวน์	โรคเอ๋อ
14160365-n	โรคกล้ามเนื้อลีบ	โรคกล้ามเนื้ออ่อนแรง
14161795-n	โรคกล้ามเนื้อลีบดูเชน	โรคกล้ามเนื้อเสื่อมดูเชน
14162943-n	ภาวะไลซินีเมีย	ไลซินีเมีย
14169897-n	โรคไทโรซินิเมีย	ไทโรซินิเมีย
14175165-n	บิดมีตัว	บิดอะมีบา
14175313-n	โรคบิดมีตัว	โรคบิดอะมีบา
14178077-n	โรคริ้นฝอยทรายกัด	โรคลิชมาเนีย
14183210-n	ฝี	พระยอด
14189204-n	ความผิดปกติของเลือด	โรคเกี่ยวกับเลือด
14193571-n	กล่อนน้ำ	น้ำขังเฉพาะที่
14197468-n	เพอร์พิวรา	โรคกาฬม่วง
14199477-n	โรคคอพอก	โรคคอหอยพอก
14204763-n	เยื่อบุมดลูกต่างที่	เยื่อบุโพรงมดลูกเจริญผิดที่
14237148-n	คาร์ซินอยด์	มะเร็งชนิดคาร์ซินอยด์
14237818-n	เนื้อเยื่อผิวมะระ	เนื้อเยื่อแกรนูเลชัน
14239918-n	มะเร็ง	โรคมะเร็ง
14242922-n	มะเร็งเม็ดเลือดขาว	โรคมะเร็งในโลหิต
14243268-n	มะเร็งเม็ดเลือดขาวชนิดเฉียบพลัน	ลูคีเมียชนิดเฉียบพลัน
14243877-n	มะเร็งเม็ดเลือดขาวชนิดเรื้อรัง	ลิวคีเมียชนิดเรื้อรัง
14246359-n	ซาร์โคมา	มะเร็งเนื้อเยื่อเกี่ยวพัน
14248669-n	มิกโซมา	เนื้องอกมิกโซม่า
14251174-n	มะเร็งตับ	เนื้องอกที่ตับ
14260774-n	โรคบากัสโซสิส	โรคปอดชานอ้อย
14262882-n	ฝีดาษวัว	โรคฝีดาษวัว
14270016-n	ภาวะเลือดมีโพแทสเซียมมาก	ภาวะโพแทสเซียมในเลือดสูง
14271667-n	โรคกลัวน้ำ	โรคพิษสุนัขบ้า
14280639-n	โรคแก่นไม้ผุ	โรคไส้หัก	โรคไส้เน่า
14285662-n	การบาดเจ็บ	อาการบาดเจ็บ
14287113-n	แผล	แผลถูกฟัน	แผลมีดบาด
14287408-n	รอยกัด	รอยแผล
14288235-n	การตกเลือด	การมีเลือดออกมาก	อาการตกเลือด
14288561-n	โรคหลอดเลือดสมองแตก	โรคเส้นเลือดในสมองแตก
14288871-n	บาดแผลฟกช้ำ	รอยฟกช้ำ	รอยฟกช้ำดำเขียว	แผลฟกช้ำ
14289387-n	ตาบวมปูด	ตาฟกช้ำ	ตาเขียว
14290534-n	การอาบแดด	ผิวคล้ำแดด
14292090-n	กระดูกแตก	การหัก
14294117-n	กระดูกหักรอยเดียว	กระดูกหักแบบปิด
14295389-n	การเลื่อนผิดปรกติของอวัยวะ	ไส้เลื่อน
14297150-n	ลำไส้ส่วนปลายหย่อน	ไส้ตรงยื่นย้อย
14298620-n	ตุ่มนูน	รอยหวาย
14299336-n	อาการเคล็ด	เท้าแพลง
14299480-n	อิมเมอร์ชั่นฟุต	เท้าแช่เย็น
14299637-n	อาการ	อาการป่วย	อาการเจ็บป่วย
14302005-n	ชีวนิมิต	ชีวสัญญาณ	อาการแสดงชีพ
14303647-n	ภาวะประจำเดือนไม่เคยมา	อาการขาดประจำเดือนระดับปฐมภูมิ
14303877-n	อาการบอกล่วงหน้าโรค	อาการบอกเหตุ	อาการบอกเหตุโรค
14304060-n	กลุ่มอาการ	ซินโดรม
14315897-n	การบวมทั้งตัว	มานทะลุน
14317433-n	เลือดระดูขังในช่องคลอด	เลือดระดูขังในมดลูก
14321953-n	ผื่น	ผื่นสีชมพู
14322699-n	ความปวด	ความเจ็บปวด	อาการปวด
14326190-n	อาการปวดประจำเดือน	อาการปวดระดู
14326607-n	อาการปวดศีรษะ	อาการปวดหัว
14327125-n	ริดสีดวงทวาร	โรคริดสีดวงทวาร
14327707-n	โรคปวดหัวข้างเดียว	ไมเกรน
14333136-n	ความร้อน	ความร้อนจากการเสียดสี
14333575-n	อาการปวดเหงือก	อาการเจ็บเหงือก
14340287-n	ความรู้สึกหนาวสะท้าน	ความหนาวเย็น
14342132-n	สมองอักเสบ	โรคสมองอักเสบ	โรคเยื่อหุ้มสมองอักเสบ	ไข้สมองอักเสบ
14356044-n	ปากอักเสบ	ปากเปื่อย
14359459-n	การสะอึก	การสะือึก	อาการสะอึก
14359952-n	อาการคลื่นเหียน	อาการคลื่นไส้
14363483-n	รอยแผล	แผลเป็น
14364217-n	รอยกรีด	รอยคมดาบ	รอยแผลคมดาบ
14365619-n	ไข้ขึ้นสูง	ไข้สูงมาก	ไข้สูงเกิน
14365741-n	การฝ่อ	การลีบ
14371913-n	อาการท้องเสีย	โรคท้องร่วง
14373582-n	สภาพจิตใจ	สภาวะจิต
14375761-n	ความตื่นเต้นสุดขีด	ความประหม่าสุดขีด
14380140-n	อาการป่วยทางจิต	โรคทางจิต
14381840-n	ความกลัวฝูงชน	อาการกลัวที่โล่ง
14386022-n	ความรังเกียจชาวต่างชาติ	อาการกลัวคนต่างชาติ	อาการกลัวคนแปลกหน้า
14393161-n	โรคจิตประสาท	โรควิตกจริต
14400507-n	เสียงแหบ	เสียงแห้ง
14401512-n	กระเพาะปัสสาวะพิการจากระบบประสาท	ภาวะกระเพาะปัสสาวะพิการจากระบบประสาท
14413993-n	การขับไล่ออก	การแยกออก
14420464-n	การเกาะเกี่ยวกัน	การเชื่อมโยงกัน
14433001-n	ตำแหน่งพระมหากษัตริย์	ตำแหน่งพระราชา
14435670-n	จ้าว	ราชา
14436875-n	ศักดิ์ศรี	เกียรติ	เกียรติยศ
14437386-n	กิตติศัพท์	ความมีชื่อเสียง	ชื่อเสียง
14437552-n	ความน่านับถือ	ความน่าเคารพ
14439447-n	ความเสื่อมยศ	ความเสื่อมเกียรติ	ความเสื่อมเสีย
14440875-n	ความเสื่อม	ความเสื่อมโทรม
14442530-n	การมีอำนาจเหนือ	ความได้เปรียบ
14445226-n	สิ่งที่ทำให้ตาย	เหตุแห่งความหายนะ
14449126-n	ความต้องการ	ความปรารถนา
14449405-n	ความขาดแคลน	ความไม่เพียงพอ
14454450-n	โรคเหา	โรคแมลงปรสิต
14456435-n	สภาพล่อนจ้อน	สภาพเปลือยกาย
14459422-n	ความสมบูรณ์แบบ	ความเพอร์เฟ็ค
14459824-n	การพัฒนา	ความละเอียดปราณีต
14461231-n	ความสมบูรณ์	ทั้งหมด
14463471-n	การขาดคุณสมบัติ	ความไม่สามารถ
14464203-n	ข้อผิดพลาด	ความบกพร่อง
14464675-n	การรวน	ความติดขัด
14470754-n	กลุ่มอาการวิลเลี่ยม	วิลเลี่ยมส์ซินโดรม
14471224-n	กระดูกสันหลังแยกมาแต่กำเนิด	กระดูกสันหลังโหว่
14474264-n	คุณประโยชน์	บุญกุศล
14478291-n	การมีหนี้สินล้นพ้นตัว	ความไม่สามารถชำระหนี้
14478433-n	การล้มราชบัลลังก์	การล้มละลาย
14486274-n	ภาวะที่สิ้นหวัง	ภาวะสิ้นหวัง
14488317-n	ฐานะทางการเงิน	ภาวะทางการเงิน	สถานภาพทางการเงิน	สถานะทางการเงิน
14488594-n	ภาวะเศรษฐกิจ	สภาพเศรษฐกิจ	สภาวะเศรษฐกิจ
14488813-n	ความรุ่งโรจน์	ความเจริญรุ่งเรืองทางเศรษฐกิจ	เศรษฐกิจบูม
14489113-n	ภาวะเศรษฐกิจตกต่ำ	วิกฤตเศรษฐกิจ	เศรษฐกิจตกต่ำ
14489699-n	ภาวะเศรษฐกิจรุ่งเรือง	เศรษฐกิจรุ่งเรือง
14490110-n	ข้อผูกพัน	ข้อผูกมัด	พันธกรณี
14490564-n	การติดหนี้	การมีหนี้สิน	การเป็นหนี้
14491271-n	ความมั่งคั่ง	ความมั่งมี	ความมั่งมีศรีสุข	ความมีอันจะกิน
14491625-n	ความรวย	ความร่ำรวย	ความล่ำซำ
14492373-n	ความหรูหรา	ความโก้หรู
14493145-n	ความยากจน	ความยากจนข้นแค้น
14493426-n	ความขาดแคลน	ภาวะขาดแคลน
14493716-n	ความยากจน	ความสิ้นเนื้อประดาตัว	ความอดอยากยากจน
14494186-n	ความขัดสน	ความไม่มีเงิน
14497511-n	ความเพรียว	ึความเพรียว
14500908-n	สภาพปกติ	สภาพปรกติ
14501726-n	ความผิดปกติ	ความผิดปกติของร่างกาย
14505069-n	ภาวะหลังโก่ง	หลังค่อม	หลังโกง	หลังโก่ง	หลังโก่งผิดรูป
14507375-n	ฟีนิลคีโตนูเรีย	ภาวะฟีนิลคีโตนูเรีย
14507651-n	โรคผีดูดเลือด	โรคโพรพีเรีย
14508149-n	การอุดกั้นลำไส้	ลำไส้อืด
14509712-n	ภาวะถูกพิษ	ภาวะเป็นพิษ
14510104-n	ภาวะพิษจากอัลคาไล	ภาวะพิษอัลคาไล
14512817-n	สถานการณ์แวดล้อม	เหตุการณ์แวดล้อม
14519366-n	ภูมิสถาปัตย์	สภาพอากาศ
14521648-n	ความมืด	ความอึมครึม
14527171-n	ภูมิุคุ้มกัีน	ภูิมิต้านทาน
14528571-n	ภูมิคุ้มกันธรรมชาติ	ภูมิคุ้มกันสืบทอด
14528873-n	ความมีอิสระ	อิสระ
14540564-n	ฆาตรกร	สาเหตุการตาย
14547643-n	ความอ่อนเพลีย	ความอ่อนแอ
14548343-n	ความทุพพลภาพ	ความบกพร่อง	ความพิการ
14549937-n	การเดินกะโผลกกะเผลก	ความพิการขา
14554345-n	บอดกลางวัน	อาการบอดกลางวัน
14554853-n	ตาบอดแสง	ตาฟางกลางคืน
14555214-n	สายตาชรา	สายตาผู้สูงอายุ
14558226-n	อัมพาต	โรคอัมพาต
14562142-n	การพังทลาย	สภาพปรักหักพัง
14564165-n	สภาพการซื้อขาย	สภาพตลาด
14565196-n	โรคผิวหนังกระด้าง	โรคหนังแข็ง
14566308-n	กรวยไตอักเสบ	ไตและกรวยไตอักเสบ
14567812-n	การหยุดไหล	การไหลช้า
14572854-n	ท่อปัสสาวะหย่อน	ท่อปัสสาวะเลื่อนลอด
14573713-n	หลอดน้ำเหลืองขอด	หลอดเลือดขอด
14577753-n	การฉายรังสี	การอาบรังสี
14578634-n	การกลายเป็นมัมมี่	สภาพมัมมี่
14578792-n	ความเป็นบิดา	ความเป็นพ่อ
14579365-n	การเกิดสนิม	ความเป็นสนิม
14579489-n	การก่อเรื่องอื้อฉาว	การทำเรื่องอื้อฉาว
14580897-n	วัตถุ	วัสดุ
14583066-n	สารตั้งต้น	สารต้น
14584110-n	แอกตินอน	แอกตินอยด์	แอกติไนด์
14584502-n	สารก่อไข้	ไพโรเจน
14584765-n	อัลดีไฮด์	แอลดีไฮด์
14585048-n	กรดโฮโมเจนติซิก	อัลแคปตอน	โฮโมเจนติซิกแอซิด
14585519-n	อนุภาค	อะตอม	โมเลกุล
14585960-n	ฟล็อก	ฟล็อกกูล	ฟล็อค
14586769-n	อัลลอย	โลหะผสม
14592028-n	อะคริโลไนไตรล์-บิวทาไดอีน-สไตรีน	เอบีเอส
14597413-n	ตัวดูดกลืน	วัสดุดูดกลืน
14599168-n	กรดน้ำส้ม	กรดอะซีติก	กรดเอทาโนอิก	อะซีติกแอซิด	เอทาโนอิกแอซิด
14601829-n	กรดอะมิโน	กรดอะมิโนอัลคาโนอิก	อะมิโนอัลคาโนอิกแอซิด	อะมิโนแอซิด
14602851-n	กรดอะมิโนแอสพาราจีน	แอสพาราจีน
14602987-n	กรดแอสพาร์ติก	แอสพาร์ติกแอซิด
14603143-n	กรดอะมิโนคานาวานีน	คานาวานีน
14603497-n	คลอโรฟลูโรคาร์บอน	สารซีเอฟซี
14604184-n	ซิเตรต	เกลือซิเตรต
14604286-n	กรดอะมิโนซิตรูลลีน	ซิตรูลลีน
14604959-n	กรดอะมิโนไดไฮดรอกซีฟีนิลอะลานีน	ไดไฮดรอกซีฟีนิลอะลานีน
14605787-n	กรดแอมิโนจำเป็น	อะมิโนแอซิดจำเป็น
14606290-n	กรดแกมมาอะมิโนบิวทีริก	แกมมาอะมิโนบิวทีริกแอซิด
14606482-n	กรดกลูตามิก	กลูตามินิกแอซิด
14606704-n	กรดอะมิโนกลูตามีน	กลูตามีน
14606993-n	กรดไกลซีน	ไกลซีน
14607131-n	กรดอะมิโนไฮดรอกซิโพรลีน	ไฮดรอกซิโพรลีน
14607250-n	กรดไอโอโดอะมิโน	ไอโอโดอะมิโนแอซิด
14607378-n	กรดอะมิโนออร์นิทีน	ออร์นิทีน
14607521-n	กรด	แอซิด
14610347-n	กรดอาร์ซีนิก	อาร์ซีนิกแอซิด
14610548-n	กรดเฮกซาโคซาโนอิก	ซีโรติกแอซิด	เฮกซาโคซาโนอิกแอซิด
14610782-n	กรดคลอริก	คลอริกแอซิด
14610914-n	กรดคลอรัส	คลอรัสแอซิด
14611031-n	กรดโมโนเบสิก	โมโนเบสิกแอซิด
14611158-n	กรดไดเบสิก	กรดไดเบสิค	ไดเบสิกแอซิด
14611397-n	กรดไตรเบสิกแอซิด	กรดไตรเบสิค	ไตรเบสิกแอซิด
14611521-n	ธาตุไทรเทียม	ไทรเทียม
14611679-n	กรดเตตระเบสิก	กรดเตตระเบสิค	เตตระเบสิกแอซิด
14611804-n	กรดฟัลมินิก	กรดฟัลมินิค	ฟัลมินิกแอซิด
14611980-n	กรดแกมมา	แกมมาแอซิด
14612317-n	กรดอะดิพิก	กรดเฮกซานีดิโออิก	อะดิพิกแอซิด	เฮกซานีดิโออิกแอซิด
14612972-n	กรดไฮดริโอดิก	กรดไฮดริโอดิค	ไฮดริโอดิกแอซิด
14613130-n	สารเอชซีเอฟซี	ไฮโดรคลอโรฟลูออโรคาร์บอน
14613643-n	กรดพรัสซิก	กรดไฮโดรซีอะนิก	กรดไฮโดรซีอะนิค	พรัสซิกแอซิด	ไฮโดรซีอะนิกแอซิด
14613922-n	กรดไฮดรอกซี	ไฮดรอกซีแอซิด
14614139-n	กรดไฮดรอกซีเบนโซอิัค	กรดไฮดรอกซีแบนโซอิก	ไฮดรอกซีแบนโซอิกแอซิด
14614378-n	กรดไฮโปไนเตรียส	ไฮโปไนเตรียสแอซิด
14614490-n	กรดไฮโปฟอสฟอริก	กรดไฮโปฟอสฟอริค	ไฮโปฟอสฟอริกแอซิด
14614594-n	กรดฟอสฟอรัส	กรดออร์โทฟอสฟอรัส	กรดไฮโปฟอสฟอรัส	ฟอสฟอรัสแอซิด	ออร์โทฟอสฟอรัสแอซิด	ไฮโปฟอสฟอรัสแอซิด
14614744-n	กรดจูนิเปอริก	กรดจูนิเปอริค	จูนิเปอริกแอซิด
14614864-n	กรดไลเซอร์จิก	ไลเซอร์จิกแอซิด
14615006-n	กรดแมงกานิก	แมงกานิกแอซิด
14615135-n	กรดเมตาฟอสฟอริก	เมตาฟอสฟอริกแอซิด
14615264-n	กรดโพลีฟอสฟอริก	โพลีฟอสฟอริกแอซิด
14615602-n	กรดไพโรฟอสฟอริก	ไพโรฟอสฟอริกแอซิด
14615822-n	2-เมทีลโพรพีโนอิกแอซิด	กรดเมทาครีลิก	เมทาครีลิกแอซิด
14615971-n	กรดมิวซิก	มิวซิกแอซิด
14616073-n	กรดซีลีนิก	กรดซีลีนิค	ซีลีนิกแอซิด
14616181-n	กรดซูบีริก	กรดออกตานีดิโออิก	ซูบีริกแอซิด	ออกตานีดิโออิกแอซิด
14616292-n	กรดซักซินิก	กรดซัคซินิก	ซักซินิกแอซิด
14616508-n	กรดซัลโฟนิก	ซัลโฟนิกแอซิด
14616620-n	กรดไททานิก	ไททานิกแอซิด
14616740-n	ไททานิกออกไซด์	ไททาเนีย	ไททาเนียมออกไซด์	ไททาเนียมไดออกไซด์
14619033-n	คีเลต	สารประกอบคีเลต
14622350-n	บัคกี้บอล	บัคมินสเตอร์ฟูลเลอรีน
14622893-n	ธาตุ	ธาตุทางเคมี
14624369-n	ก๊าซมีตระกูล	ก๊าซหายาก	ก๊าซเฉื่อย	อาร์โกนอน	แก๊สมีตระกูล	แก๊สหายาก	แก๊สเฉื่อย
14624743-n	กลุ่มธาตุแลนทาไนด์	ธาตุแลนทานอน	ธาตุแลนทานอยด์	ธาตุแลนทาไนด์
14625110-n	กลุ่มธาตุแอกทิไนด์	คาบแอกทิไนด์	อนุกรมแอกทิไนด์
14625297-n	กลุ่มธาตุแลนทาไนด์	คาบแลนทาไนด์	อนุกรมแลนทาไนด์
14625458-n	ธาตุโลหะ	โลหะ
14627081-n	โลหะมีตระกูล	โลหะมีสกุล
14627373-n	ทรานแซกติไนด์	ธาตุทรานแซกติไนด์
14627655-n	ธาตุแอกทิเนียม	แอกทิเนียม
14627820-n	ธาตุอะลูมิเนียม	อะลูมิเนียม
14628119-n	แอลัม	โปรแตสเซียมแอลัม
14628494-n	ธาตุอะเมริเซียม	อะเมริเซียม
14628668-n	ธาตุพลวง	พลวง
14628920-n	ก๊าซอาร์กอน	อาร์กอน
14629149-n	ธาตุอาร์ซีนิก	สารหนู
14629561-n	ธาตุแอสทาทีน	แอสทาทีน
14629998-n	ธาตุแบเรียม	แบเรียม
14631134-n	ธาตุเบอร์คีเลียม	เ่บอร์คีเลียม
14631295-n	ธาตุเบริลิเลียม	เบริลเลียม
14631502-n	ธาตุบิสมัท	บิสมัท
14631757-n	ธาตุโบห์เรียม	โบห์เรียม
14631871-n	ธาตุโบรอน	โบรอน
14632129-n	ธาตุโบรมีน	โบรมีน
14632444-n	ธาตุแคดเมียม	แคดเมียม
14632648-n	ธาตุแคลเซียม	แคลเซียม
14633037-n	ธาตุแคลิฟอร์เนียม	แคลิฟอร์เนียม
14633206-n	คาร์บอน	ธาตุคาร์บอน
14633957-n	ซีเรียม	ธาตุซีเรียม
14634232-n	ซีเซียม	ธาตุซีเซียม
14634591-n	ก๊าซคลอรีน	คลอรีน
14635092-n	ธาตุโครเมียม	โครเมียม
14635290-n	ธาตุโคบอลต์	โคบอลต์
14635722-n	คอปเปอร์	ทองแดง	ธาตุทองแดง
14636220-n	คูเรียม	ธาตุคูเรียม
14636392-n	ดาร์มสตาดเทียม	ธาตุดาร์มสตาดเทียม
14636523-n	ดุบเนียม	ธาตุดุบเนียม
14636647-n	ดิสโพรเซียม	ธาตุดิสโพรเซียม
14636822-n	ธาตุไอน์สไตเนียม	ไอน์สไตเนียม
14636988-n	ธาตุเออร์เบียม	เออร์เบียม
14637176-n	ธาตุยูโรเพียม	ยูโรเพียม
14637339-n	ธาตุเฟอร์เมียม	เฟอร์เมียม
14637507-n	ธาตุฟลูโอรีน	ฟลูโอรีน
14637864-n	ธาตุแฟรนเซียม	แฟรนเซียม
14638041-n	ธาตุแกโดลิเนียม	แกโดลิเนียม
14638256-n	ธาตุแกลเลียม	แกลเลียม
14638517-n	ธาตุเจอร์เมเนียม	เจอร์เมเนียม
14638799-n	ทอง	ทองคำ	ธาตุทองคำ
14639467-n	ทองคำบริสุทธิ์	ทองบริสุทธิ์
14639556-n	ธาตุแฮฟเนียม	แฮฟเนียม
14639795-n	ธาตุฮาสเซียม	ฮาสเซียม
14639921-n	ก๊าซฮีเลียม	ฮีเลียม
14640222-n	ธาตุโฮลเมียม	โฮลเมียม
14640434-n	ก๊าซไฮโดรเจน	ไฮโดรเจน
14641046-n	ดูทีเรียม	ไฮโดรเจนหนัก
14641223-n	ธาตุอินเดียม	อินเดียม
14641397-n	ธาตุไอโอดีน	ไอโอดีน
14642219-n	ธาตุอิริเนียม	อิริเนียม
14642417-n	ธาตุเหล็ก	เหล็ก
14642916-n	ก๊าซคริปทอน	คริปทอน
14643118-n	ธาตุแลนทานัม	แลนทานัม
14643323-n	ธาตุลอว์เรนเซียม	ลอว์เรนเซียม
14643467-n	ตะกั่ว	ธาตุตะกั่ว
14643793-n	ธาตุลิเทียม	ลิืเทียม
14644063-n	ธาตุลูทีเชียม	ลูทีเชียม
14644249-n	ธาตุแมกนีเซียม	แมกนีเซียม
14644654-n	ธาตุแมงกานีส	แมงกานีส
14645092-n	ธาตุเมนเดลีเวียม	เมนเดลีเวียม
14645346-n	ธาตุปรอท	ปรอท
14645661-n	ธาตุโมลิบดินัม	โมลิบดินัม
14645882-n	ธาตุนีโอดิเมียม	นีโอดิเมียม
14646152-n	ก๊าซนีออน	นีออน
14646403-n	ธาตุเนปทูเนียม	เนปทูเนียม
14646610-n	ธาตุนิเกิล	นิกเกิล
14646942-n	ธาตุไนโอเบียม	ไนโอเบียม
14647235-n	ก๊าซไนโตรเจน	ไนโตรเจน
14647722-n	ธาตุโนเบเลียม	โนเบเลียม
14647907-n	ธาตุออสเมียม	ออสเมียม
14648100-n	ก๊าซออกซิเจน	ออกซิเจน
14648754-n	ธาตุแพลเลเดียม	แพลเลเดียม
14649197-n	ธาตุฟอสฟอรัส	ฟอสฟอรัส
14649543-n	ธาตุแพลตินัม	แพลตินัม
14649775-n	ธาตุพลูโตเนียม	พลูโตเนียม
14650556-n	ธาตุพอโลเนียม	พอโลเนียม
14650807-n	ธาตุโปแตสเซียม	โปแตสเซียม	โพแทสเซียม
14651212-n	ธาตุเพรซีโอดิเมียม	เพรซีโอดิเมียม
14651479-n	ธาตุโพรมีเทียม	โพรมีเทียม
14651708-n	ธาตุโพรแทกทิเนียม	โพรแทกทิเนียม
14651921-n	ธาตุเรเดียม	เรเดียม
14652104-n	ธาตุเรดอน	เรดอน
14652390-n	ธาตุรีเนียม	รีเนียม
14652623-n	ธาตุโรเดียม	โรเดียม
14652824-n	ธาตุเรินต์เกเนียม	เรินต์เกเนียม
14652954-n	ธาตุรูบิเดียม	รูบิเดียม
14653242-n	ธาตุรูทีเนียม	รูทีเนียม
14653416-n	ธาตุรัทเทอร์ฟอร์เดียม	รัทเทอร์ฟอร์เดียม
14653596-n	ซาแมเรียม	ธาตุซาแมเรียม
14653831-n	ธาตุสแกนเดียม	สแกนเดียม
14654058-n	ซีบอร์เกียม	ธาตุซีบอร์เกียม
14654175-n	ซีลีเนียม	ธาตุเซเลเนียม
14654541-n	ซิลิกอน	ธาตุซิลิกอน
14654954-n	ธาตุเงิน	เงิน
14655371-n	ธาตุโซเดียม	โซเดียม
14655731-n	ธาตุสตอรนเชียม	สตอรนเชียม
14656219-n	กำมะถัน	ซัลเฟอร์	ธาตุซัลเฟอร์
14656666-n	ธาตุแทนทาลัม	แทนทาลัม
14656926-n	ทอรีน	เทารีน
14657047-n	ธาตุเทกนีเทียม	เทกนีเทียม
14657228-n	ธาตุเทลลูเรียม	เทลลูเรียม
14657566-n	ธาตุเทอร์เบียม	เทอร์เบียม
14657818-n	ธาตุแทลเลียม	แทลเลียม
14658109-n	ทอเรียม	ธาตุทอเรียม
14658546-n	ทูเลียม	ธาตุทูเลียม
14658855-n	ดีบุก	ธาตุดีบุก
14659211-n	ธาตุไททาเนียม	ไททาเนียม
14659512-n	ทังสเตน	ธาตุทังสเตน	ธาตุวุลแฟรม	วุลแฟรม
14659794-n	ธาตุอูนอูนเบียม	อูนอูนเบียม
14659922-n	ธาตุอูนอูนเฮกเซียม	อูนอูนเฮกเซียม
14660052-n	ธาตุอูนอูนเพนเทียม	อูนอูนเพนเทียม
14660183-n	ธาตุอูนอูนควอเดียม	อูนอูนควอเดียม
14660314-n	ธาตุอูนอูนเทรียม	อูนอูนเทรียม
14660443-n	ธาตุยูเรเนียม	ยูเรเนียม
14661020-n	ธาตุวานาเดียม	วาเนเดียม
14661274-n	ก๊าซซีนอน	ซีนอน
14661482-n	ธาตุอิตเทอร์เบียม	อิตเทอร์เบียม
14661740-n	ธาตุอิตเทรียม	อิตเทรียม
14661977-n	ซิงก์	ธาตุสังกะสี	สังกะสี
14662281-n	ธาตุเซอร์โคเนียม	เซอร์โคเนียม
14662574-n	แร่	แร่ธาตุ
14665102-n	แร่โอโซซีไรต์	โอโซซีไรต์	โอโซเซอไรต์
14665469-n	อะลาบาสเทอร์	แร่อะลาบาสเทอร์
14665605-n	แร่แอมบลีโกไนต์	แอมบลีโกไนต์
14665767-n	แร่แอมฟิโบล	แอมฟิโบล
14666012-n	กลุ่มแร่แอมฟิโบล	กลุ่มแอมฟิโบล
14666510-n	อะพาไทต์	แร่อะพาไทต์
14666758-n	อะราโกไนต์	แร่อะราโกไนต์
14666885-n	อาร์เจนไทต์	แร่อาร์เจนไทต์
14667181-n	อาร์จีโรไดต์	แร่อาร์จีโรไดต์
14667328-n	อาร์ซิโนไพไรต์	แร่อาร์ซิโนไพไรต์
14667455-n	ยางมะตอย	แอสฟัลต์
14667668-n	ออไจต์	แร่ออไจต์
14667949-n	แบดเดเลย์ไอต์	แร่แบดเดเลย์ไอต์
14668065-n	แบสต์เนไซต์	แร่แบสต์เนไซต์
14668277-n	บอกไซต์	แร่บอกไซต์	แร่อะลูมิเนียม
14668539-n	เบอรีล	แร่เบอรีล
14669084-n	บอแรกซ์	แร่บอแรกซ์
14669242-n	บอร์ไนต์	สินแร่สีนกยูง	แร่บอร์ไนต์
14669413-n	คาร์นัลไลต์	แร่คาร์นัลไลต์
14669927-n	แคสซิเทอไรต์	แร่แคสซิเทอไรต์
14670061-n	เซลีสไทต์	แร่เซลีสไทต์
14670178-n	เซรัสไซต์	แร่ตะกั่วขาว	แร่เซรัสไซต์
14670344-n	ชาลโคไซต์	แร่ชาลโคไซต์
14670481-n	ชาลโคไพไรต์	แร่ชาลโคไพไรต์
14670954-n	คลอไรต์	แร่คลอไรต์
14671125-n	แร่โครไมต์	โครไมต์
14671372-n	ครีโซเบรีล	แร่ครีโซเบรีล
14671587-n	ซินนาบาร์	แร่ซินนาบาร์	โลหะปรอท
14671895-n	แร่โคบอลไทต์	โคบอลไทต์
14672224-n	เกลือสินเธาว์	เกลือหิน	แร่แฮไลต์	แฮไลต์
14672373-n	แร่โคลแทน	โคลัมไบต์-แทนทาไลต์	โคลแทน
14672544-n	คอร์เดียไรต์	แร่คอร์เดียไรต์
14672717-n	กากกะรุน	คอรันดัม	แร่คอรันดัม
14672893-n	คริสโตบาไลต์	แร่คริสโตบาไลต์
14673032-n	ครอโคไลต์	แร่ครอโคไลต์
14673150-n	แร่ไคลโอไลต์	ไคลโอไลต์
14673325-n	คูไพรต์	แร่คูไพรต์
14673747-n	แร่โดโลไมต์	โดโลไมต์
14674143-n	เอเมอรี่	แร่สำหรับขัด	แร่เอเมอรี่
14674776-n	เอรีไทรต์	แร่เอรีไทรต์
14675012-n	เฟอร์กูโซไนต์	แร่เฟอร์กูโซไนต์
14675216-n	ฟลูโอราพาไทต์	แร่ฟลูโอราพาไทต์
14675356-n	ฟลูออไรต์	ฟลูออไรท์	แร่ฟลูออไรต์
14675569-n	กาโดลิไนต์	แร่กาโดลิไนต์
14675910-n	กาเลนา	แร่กาเลนา
14676326-n	การ์เนียไรต์	แร่การ์เนียไรต์
14676486-n	แอลมันไดต์	แอลมันไดน์
14676608-n	เกอร์มาไนต์	แร่เกอร์มาไนต์
14676943-n	กิบบ์ไซต์	แร่กิบบ์ไซต์
14677144-n	กลอโคไนต์	ทรายเขียว	แร่กลอโคไนต์
14677610-n	แคดเมียมซัลไฟด์	แร่แคดเมียมซัลไฟด์
14677778-n	ยิปซัม	เกลือจืด	แร่ยิปซัม
14678068-n	ฮาวส์แมนไนต์	แร่ฮาวส์แมนไนต์
14678230-n	แบไรต์	แร่แบไรต์
14678406-n	คาลาไมน์	เฮมิมอร์ไฟต์	แร่คาลาไมน์	แร่เฮมิมอร์ไฟต์
14678551-n	อิลเมไนต์	แร่อิลเมไนต์
14678762-n	หยก	แร่เจไดต์
14678952-n	แร่ไคไนต์	ไคไนต์
14679147-n	คาโอลิไนต์	แร่คาโอลิไนต์
14679267-n	เคอร์ไนต์	แร่เคอร์ไนต์
14679447-n	คีเซไรต์	แร่คีเซไรต์
14679584-n	แร่ไคยาไนต์	ไคยาไนต์
14679780-n	เกลือของกรดน้ำนม	แลคแตต
14679882-n	แร่แลงเบไนต์	แลงเบไนต์
14680514-n	แมกนีไซต์	แร่แมกนีไซต์
14680661-n	มาลาไคต์	แร่มาลาไคต์
14681100-n	แมงกาไนต์	แร่แมงกาไนต์
14681445-n	เซพิโอไลท์	เมียร์สชอม	เมียส์ชอม
14683085-n	มัสโคไวต์	แร่กลีบหินขาว
14683204-n	เนฟิลีน	เนฟิไลต์
14683595-n	เนไฟรต์	แร่เนไฟรต์
14684690-n	กรดเปอร์คลอริก	เปอร์คลอริกแอซิด
14684798-n	กรดอะมิโนโพรลีน	โพรลีน
14685017-n	ก๊าซบิวเทน	บิวเทน
14685296-n	ถ่าน	ถ่านไม้
14685881-n	ดีเซล	น้ำมันดีเซล
14686186-n	พระเพลิง	อัคคี	เปลวเพลิง	เปลวไฟ	เพลิง	ไฟ
14686913-n	น้ำมัน	น้ำมันเบนซิน	เบนซิน
14687633-n	คีโรซีน	น้ำมันก๊าด	น้ำมันตะเกียง
14687818-n	เมทานอล	เมทิลแอลกอฮอล์
14688234-n	พลอยมุกดา	แร่โอปอล
14689817-n	น้ำตาลไตรโอส	ไตรโอส
14689940-n	น้ำตาลเทโตรส	เทโตรส
14690063-n	น้ำตาลเพนโตส	เพนโตส
14690186-n	น้ำตาลเฮกโซส	เฮกโซส
14690938-n	แร่ไพไนต์	ไพไนต์
14691686-n	ก๊าซโพรเพน	โพรเพน
14692026-n	เชื้อเพลิงจรวด	เ้ชื้อเพลิงขับเคลื่อนจรวด
14693575-n	พิโรไทน์	แร่พิโรไทต์
14694910-n	รีอัลการ์	แร่รีอัลการ์
14695069-n	ดินเหนียวแดง	ตมทะเลสีแดง
14696035-n	แร่โรโดโครไซท์	โรโดโครไซท์
14696180-n	แร่โรโดไนท์	โรโดไนท์
14696331-n	น้ำตาลไรโบส	ไรโบส
14698568-n	มาร์ลสโตน	หินมาร์ล
14699752-n	รัตนชาติ	หินมีค่า	อัญมณี
14700438-n	พัมมิซ	หินพัมมิซ
14701628-n	เชลแลค	เชลแล็ค
14702416-n	กาว	สารยึดติด
14702875-n	กาว	แป้งเปียก
14704640-n	ซีเมนต์	วัตถุประสาน
14707361-n	เอดีเอ	เอนไซม์อะดีโนซีนดีอะมิเนส
14707903-n	อะดีโนซีนไดฟอสเฟต	เอดีพี
14708042-n	อะดีโนซีนไทรฟอสเฟต	เอทีพี
14709265-n	เอทานอล	เอทิลแอลกอฮอล์
14710501-n	น้ำตาลอัลโดเฮกโซส	อัลโดเฮกโซส
14710662-n	น้ำตาลอัลโดส	อัลโดส
14711008-n	อะเซทัลดิไฮด์	เอทานอล
14712036-n	อัลคาไล	แอลคาไล
14715453-n	ยาสูบพันธุ์เตอร์กิช	ยาสูบเตอร์กิช	ใบยาเตอร์กิช
14715601-n	ใบยาลาตาเกีย	ใบยาสูบลาตาเกีย
14715679-n	อเล็กซานไดรต์	แร่อเล็กซานไดรต์
14716550-n	อะมัลกัม	โลหะเจือปรอท
14721236-n	สารแคโรทีน	แคโรทีน
14721635-n	รงควัตถุในพืชที่มีสีเหลือง	ลูทีน	แซนโธฟีล
14722589-n	อะเมทิสต์	แอเมทิสต์
14723079-n	ตัวปลุกฤทธิ์	สารปลุกฤทธิ์
14723628-n	ตัวเร่งปฎิกิริยา	ตัวเร่งปฏิกิริยา
14725217-n	แร่แอกติโนไลต์	แอกติโนไลต์
14725444-n	แร่แอนโทฟีลไลต์	แอนโทฟีลไลต์
14726124-n	ฮอร์นเบลนด์	แร่ฮอร์นเบลนด์
14727355-n	ตัวลดความแรง	มอเดอเรเตอร์
14730955-n	มูซิน	สารมูซิน
14732472-n	เคราติน	เคอราทิน
14737639-n	คะตะเลส	เอนไซต์คะตะเลส
14739360-n	กรดคาร์บอกซิลิก	คาร์บอกซิลิกแอซิด
14739734-n	กรดแซกคาริก	กรดแซคคาริก	แซกคาริกแอซิด
14739861-n	กรดเซบาซิก	กรดเดคานีไดโออิก	เซบาซิกแอซิก	เดคานีไดโออิกแอซิด
14739978-n	กรดซอร์บิก	ซอร์บิกแอซิด
14740094-n	กรดวาเลอริก	กรดเพนตาโนอิก	วาเลอริกแอซิด	เพนตาโนอิกแอซิด
14743289-n	กรดอะมิโนเบนโซอิก	อะมิโนเบนโซอิกแอซิด
14744120-n	แอมโมเนียม	แอมโมเนียมไอออน
14745057-n	ออกซิน	ฮอร์โมนออกซิน
14746270-n	เมเกสตรอล	เมเกสตรอลอาซิเตต
14747168-n	เมดร็อกซีโปรเจสเตอโรน	โปรวีร่า
14747587-n	ฮอร์โมนแอนโดรเจน	แอนโดรเจน
14749030-n	ฮอร์โมนฮิวแมนโคริโอนิคโกนาโดโทรพิน	ฮิวแมนโคริโอนิคโกนาโดโทรพิน
14749794-n	เอสโตรเจน	เอสโทรเจน
14750622-n	ฮอร์โมนเอสตริออล	เอสตริออล
14752057-n	กลูโคคอร์ติคอยด์	ฮอร์โมนกลูโคคอร์ติคอยด์
14752702-n	ฮอร์โมนไฮโดรคอร์ติโซน	ไฮโดรคอร์ติโซน
14753188-n	พรีโลน	ยาพรีโลน	ยาเพรดนิโซโลน	เพรดนิโซโลน
14754505-n	อะนิลีน	อะมิโนเบนซีน
14757547-n	งา	งาช้าง
14761122-n	คาเฟอีน	สารคาเฟอีน
14764617-n	ขนของตัวบีเวอร์	ขนบีเวอร์
14766532-n	กรดไนตริก	ไนตริกแอซิด
14766725-n	กรดไนตรัส	ไนตรัสแอซิด
14767087-n	ก๊าซไนโตรเจนไดออกไซด์	ไนโตรเจนไดออกไซด์
14767477-n	กรดไนโตรไฮโดรคลอลิก	ไนโตรไฮโดรคลอลิกแอซิด
14769160-n	ขี้เถ้า	เถ้า	เถ้าถ่าน
14769331-n	ขี้เถ้าลอย	เถ้าลอย
14772716-n	กรดบาร์บิทูริก	บาร์บิทูริกแอซิด
14773865-n	กรดอิเล็กโตรไลต์	กรดแบตเตอรี่	อิเล็กโตรไลต์แอซิด
14774228-n	นมผึ้ง	รอยัลเยลลี่
14774894-n	วงเบนซีน	วงแหวนเบนซีน
14775321-n	กรดเบนโซอิก	เบนโซอิกแอซิด
14780605-n	ดินฟอกสีน้ำมัน	แป้งฟอกสี
14781225-n	น้ำยาล้างแผล	ไฮโดรเจนเพอร์ออกไซด์
14781631-n	ดอกไม้ที่หันเข้าหาแสงอาทิตย์	หินบลัดสโตน	หินเลือดพระลักษณ์
14782529-n	กรมธรรม์	กระดาษคุณภาพดี
14782689-n	อัฐิ	เถ้ากระดูก
14783670-n	กรดบอริก	บอริกแอซิด
14783808-n	กรดบอริก	กรดออร์โทบอริก	บอริกแอซิด	ออร์โทบอริกแอซิด
14785524-n	กรดโบรมิก	โบรมิกแอซิด
14785941-n	บัฟเฟอร์	สารละลายบัฟเฟอร์
14787093-n	บิวทิลีน	บูทีลีน
14789220-n	แคลเซียม-ไซยานาไมด์	ไซยานาไมด์
14789885-n	ปูนขาว	แคลเซียมออกไซด์
14792389-n	กรดคาร์บามิก	คาร์บามิกแอซิด
14792703-n	คาร์โบไฮเดรต	เเป้งและน้ำตาล
14793393-n	คาร์บอนาโด	หินเพชรดำ
14793533-n	ขี้เขม่า	เขม่า
14794203-n	คาร์บอกซีเมทิลเซลลูโลส	คารบอกซีเมทิลเซลลูโลส
14795263-n	คอลโลเดียน	สารละลายคอลโลเดียน
14796575-n	ตะกั่วดำ	แกรไฟต์
14796969-n	ก๊าซคาร์บอนไดออกไซด์	คาร์บอนไดออกไซด์
14797813-n	กระดาษก๊อปปี้	กระดาษคาร์บอน
14799084-n	กรดคาร์บอนิก	คาร์บอนิกแอซิด
14799244-n	ของมีคม	สารขัดถู
14800034-n	กระดาษการ์ด	การ์ด
14801493-n	สตรอว์บอร์ด	ไม้อัดฟางข้าว
14804175-n	ปูน	ปูนซีเมนต์
14804487-n	ซิเมนต์	ปูน	ปูนซิเมนต์
14809057-n	สารเอ็นโดฟิน	เอ็นดอร์ฟิน
14809247-n	สารเบต้าเอ็นโดฟิน	เบต้าเอ็นโดฟิน
14811706-n	กรดโครมิก	โครมิกแอซิด
14811932-n	ตะกั่วโครเมต	เลดโครเมต
14812872-n	กรดซิตริก	กรดมะนาว	ซิตริกแอซิด
14813709-n	ดินเบนโทไนต์	เบนโทไนต์
14814419-n	หินดินเหนียว	หินเคลย์
14815086-n	ถ่านหิน	ถ่านหินบิทูมินัส
14816899-n	คอมพลีเมนทารีดีเอ็นเอ	ซีดีเอ็นเอ
14818238-n	สารประกอบ	สารประกอบเคมี
14821043-n	คอนดักเตอร์	ตัวนำ
14821248-n	สารกึ่งตัวนำ	เซมิคอนดักเตอร์
14821590-n	ฉนวน	วัสดุไม่นำไฟฟ้า
14825243-n	กรดอะมิโนครีเอทีน	ครีเอทีน
14826613-n	กรดไซยานิก	ไซยานิกแอซิด
14827680-n	กรดไซยานูริก	ไซยานูริกแอซิด
14828511-n	ซี	ไซโตซีน
14828815-n	ดีคาร์บอกซีเลส	เอนไซม์ดีคาร์บอกซีเลส
14830364-n	กรดดีออกซิไรโบนิวคลิอิก	กรดออกซิไรโบนิวคลิอิก	ดีเอ็นเอ
14831812-n	ยีนกระโดด	ยีนสัญจร
14832193-n	กรดไรโบนิวคลีอิก	อาร์เอ็นเอ
14833143-n	ทีอาร์เอ็นเอ	อาร์เอ็นเอถ่ายโอน
14835333-n	ตัวละลาย	ตัวเจือจาง
14837678-n	ไม้ที่ลอยตามน้ำ	ไม้ที่ลอยน้ำ
14839846-n	ขี้ฝุ่น	ฝุ่น
14840755-n	ธาตุ	องค์ประกอบ
14841770-n	ลมหายใจ	ลมหายใจเข้าออก
14842703-n	ธาตุลม	ลม
14842847-n	ธาตุไฟ	ไฟ
14844414-n	ดิน	ธาตุดิน
14847357-n	ธาตุน้ำ	น้ำ
14849540-n	อีลาสเทส	เอนไซม์อีลาสเทส
14850190-n	เอนเตอโรไคเนส	เอนไซม์เอนเตอโรไคเนส
14852450-n	ของที่ปล่อยออก	ของที่ปล่อยออกมา
14853947-n	ของเสีย	ของเสียในร่างกาย
14854262-n	พระบังคนหนัก	มูล	อาจม	อุจจาระ
14854581-n	กับระเบิด	ขี้	อึ
14854764-n	ขี้นก	มูลนก
14854847-n	ขี้	มูลสัตว์
14855066-n	ขี้วัว	มูลโค
14855512-n	ขี้ไส้เดือน	มูลไส้เดือน
14855724-n	ฉี่	น้ำปัสสาวะ	น้ำเยี่ยว	ปัสสาวะ	พระบังคนเบา	เยี่ยว
14855992-n	อาเจียน	อ้วก
14856263-n	ขยะ	ของเสีย	ปฏิกูล	เศษขยะ
14856893-n	ของเสีย	น้ำเสีย	สิ่งปฏิกูล
14857021-n	น้ำทิ้ง	น้ำเสีย
14857897-n	ซากปรักหักพัง	เศษซาก
14858637-n	กากสารพิษ	ขยะพิษ	ขยะสารพิษ
14858950-n	ฝุ่นกัมมันตรังสี	ละอองกัมมันตภาพรังสี
14859838-n	ปุ๋ยออร์แกนิค	ออร์แกนิค
14860603-n	โซดาไนเตอร์	โซเดียมไนเตรต
14861355-n	ดินประสิว	โปแตสเซียมไนเตรต	โปแตสเซียมไนเตรท
14862753-n	กรดโพรพาโนอิก	กรดโพรไพโอนิก	โพรพาโนอิกแอซิด	โพรไพโอนิกแอซิด
14864731-n	โกโก้บัตเตอร์	ไขมันโกโก้
14865533-n	อัลไบท์	แร่อัลไบท์
14865934-n	กรดเฟอร์ริไซยานิก	เฟอร์ริไซยานิกแอซิด
14866490-n	กรดเฟอร์โรไซยานิก	เฟอร์โรไซยานิกแอซิด
14866769-n	ใยแก้ว	ไฟเบอร์กลาส
14869035-n	น้ำมันตับปลา	น้ำมันปลา
14869829-n	แฟลกซ์	ใยแฟลกซ์
14870078-n	ฝ้าย	ใยฝ้าย
14871464-n	ขี้ผึ้งขัดพื้น	แว็กซ์ขัดพื้น
14871791-n	กรดฟลูโอโรโบริก	ฟลูโอโรโบริกแอซิด
14872408-n	กรดฟลูโอซิลิซิก	กรดไฮโดรฟลูซิลิซิก	ฟลูโอซิลิซิกแอซิด	ไฮโดรฟลูซิลิซิกแอซิด
14873196-n	ก๊าซฟอร์มัลดิไฮด์	ก๊าซเมทานอล	ฟอร์มัลดิไฮด์	เมทานอล
14873344-n	กรดฟอร์มิก	ฟอร์มิกแอซิด
14875077-n	เชื้อเพลิง	เชื้อไฟ
14876066-n	กรดฟูมาริก	ฟูมาริกแอซิด
14876993-n	กรดกอลลิก	กอลลิกแอซิด
14877100-n	สังกะสี	เหล็กเคลือบสังกะสี
14877585-n	ก๊าซ	แก๊ส
14878980-n	กระดาษคราฟท์	กระดาษเหนียว
14879750-n	ควอตซ์	ผลึกแก้ว	แร่เขี้ยวหนุมาน
14880690-n	อุลกมณี	เทกไทต์
14883517-n	ผลึกคู่	ผลึกแฝด
14884963-n	กรดกลีเซอริก	กลีเซอริกแอซิด
14886579-n	น้ำมันกลีเซอรีน	ไนโตรกลีเซอรีน
14888124-n	กรดกลีโคลลิก	กรดกลีโคลิก	กรดไฮดรอกไซยาซีติก	กลีโคลลิกแอซิด	กลีโคลิกแอซิด	ไฮดรอกไซยาซีติกแอซิด
14891255-n	ปืนไฟกรีก	ไฟกรีก
14891581-n	หินไกรเซน	ไกรเซน
14892138-n	กวานีน	จี
14894140-n	ยางไม้	เรซิน
14894481-n	ของเหลวขับจากพืช	เรซินธรรมชาติ
14899152-n	ตัวกลาง	สารตัวกลาง
14899687-n	สารตัวกลางทึบแสง	สารทึบรังสี
14900963-n	ยางไม้อะราบิก	ยางไม้อะเคเชีย
14901265-n	ยางคิโนเบงกอล	ยางทองกวาว
14902733-n	กาวอีพ็อกซี่	อีพ็อกซี	เรซินอิพอกซี
14904661-n	ธาตุฮาโลเจน	ฮาโลเจน
14908146-n	กรดอะมิโนฮิสทิดีน	ฮิสทิดีน
14909584-n	ไฮยาซินท์	ไฮยาซินธ์
14910926-n	กรดไฮโดรโบรมิก	ไฮโดรโบรมิกแอซิด
14911057-n	สารประกอบไฮโดรคาร์บอน	ไฮโดรคาร์บอน
14912092-n	ก๊าซบิวตะไดอีน	ก๊าซบูทาเดียน	ก๊าซบูทาไดอีน
14912387-n	กรดคลอโรไฮดริก	กรดเกลือ	กรดไฮโดรคลอริก	คลอโรไฮดริกแอซิด	ไฮโดรคลอริกแอซิด
14913136-n	กรดไฮโดรฟลูโอริก	ไฮโดรฟลูโอริกแอซิด
14913403-n	กรดไฮโดรไอโอดิก	ไฮโดรไอโอดิกแอซิด
14914014-n	กรดไฮโปคลอเรียส	ไฮโปคลอเรียสแอซิด
14915622-n	น้ำค้างแข็ง	เกล็ดน้ำค้าง
14917635-n	น้ำหมึก	หมึก
14919272-n	เชื้อปลูก	เชื้อใช้ปลูก
14919948-n	ยาฆ่าแมลง	อินเซกติไซด์
14920844-n	ฉนวน	ฉนวนกันความร้อน
14921272-n	สารตัวกลาง	สารมัธยันตร์
14922252-n	กรดไอโอดิก	ไอโอดิกแอซิด
14923962-n	กรดไอโซไซยานิก	ไอโซยานิกแอซิด
14924067-n	กรดอะมิโนไอโซลิวซีน	ไอโซลิวซีน
14924473-n	กรดไอตาโคนิก	ไอตาโคนิกแอซิด
14925645-n	ปอ	ปอกระเจา
14927739-n	คีโตส	น้ำตาลคีโตส
14928885-n	เอนไซม์แล็กเทส	แล็กเทส
14929062-n	กรดน้ำนม	กรดแล็กติก	แล็กติกแอซิด
14931795-n	หินหนืด	แมกมา
14932741-n	หินเพกมาไทต์	เพกมาไทต์
14932943-n	หินเพริโดไทต์	เพริโดไทต์
14933755-n	แมสซิคอต	แมสซิโคไทต์
14935751-n	แคลไซต์	แร่แคลไซต์
14936010-n	ปูนขาว	แคลเซียมไฮดรอกไซด์
14940952-n	น้ำผสมน้ำยาซักผ้า	น้ำผสมผงซักฟอก
14942762-n	ซุง	ท่อนซุง	ไม้ซุง
14946424-n	กรดมาเลออิก	มาเลอิกแอซิด
14946618-n	น้ำตาลมอลต์	มอลโทส
14951377-n	พาราฟฟิน	สารพาราฟฟิน
14952290-n	กรดอะมิโนเมไทโอนีน	เมไทโอนีน
14957057-n	กรดมูเรียติก	มูเรียติกแอซิด
14957152-n	กระดาษเขียนโน้ตดนตรี	กระดาษโน้ตดนตรี
14957270-n	ก๊าซมัสตาร์ด	แก๊สมัสตาร์ด	ไดคลอโรเอทิลซัลไฟด์
14959234-n	เส้นใยจากธรรมชาติ	เส้นใยธรรมชาติ
14960090-n	ก๊าซธรรมชาติ	แก๊สธรรมชาติ
14960721-n	ก๊าซทำลายประสาท	ก๊าซทำลายระบบประสาท	แก๊สทำลายประสาท	แก๊สทำลายระบบประสาท
14962387-n	เงินนิกเกล	เงินเยอรมัน
14966667-n	น้ำมัน	ออยล์
14967577-n	น้ำมันฟูเซล	ฟูเซลออยล์
14970752-n	กรดออกซาลาซีติก	กรดออกซาโลอะซีติก	ออกซาลาซีติกแอซิด	ออกซาโลอะซีติกแอซิด
14971022-n	กรดออกซาลิก	ออกซาลิกแอซิด	เอทานีดิโออิกแอซิด
14972184-n	ออกซีอะเซทิลีน	แก๊สออกซีอะเซทิลีน
14972359-n	กรดออกซิเจน	ออกซิเจนแอซิด	ออกไซยาซิด
14972582-n	กรดพีริออดิก	กรดพีริโอดิก	พีริโอดิกแอซิด
14972807-n	ก๊าซโอโซน	โอโซน
14973585-n	กรดแพนโตทีนิก	เพนโตทีนิกแอซิด	เพนโตเทน
14973965-n	กรดพาราอะมิโนเบนโซอิก	พาราอะมิโนเบนโซอิกแอซิด
14977075-n	มาคาแดม	มาแคดัม
14978114-n	กรดเพกติก	เพกติกแอซิด
14979052-n	กรดเปอร์บอริก	เปอร์บอริกแอซิด
14979132-n	เปอร์ฟลูออโรคาร์บอ	เปอร์ฟลูออโรคาร์บอน
14979588-n	กรดเพอร์แมงกานิก	เพอร์แมงกานิกแอซิด
14980910-n	ปิโตรลาตัม	วุ้นปิโตรเลียม
14981847-n	ก๊าซฟอสจีน	ฟอสจีน
14982907-n	กรดฟอสโฟริก	ฟอสโฟริกแอซิด	ออร์โทฟอสโฟริกแอซิด
14983036-n	กรดทาลิก	ทาลิกแอซิด
14983326-n	กรดพิกริก	พิกริกแอซิด
14983491-n	เหล็กดิบ	เหล็กหลอม
14984066-n	พลาสมิโนเจนแอคติเวเตอร์	สารกระตุ้นพลาสมิโนเจน
14984687-n	อาร์เอ็นเอโพลีเมอเรส	เอนไซม์อาร์เอ็นเอโพลีเมอเรส
14987025-n	สีโคชินิล	โคชินิล
14987150-n	สารย้อมสีวาวแสง	ไซยานีน
14987341-n	สีย้อมฝ้าย	สีไดเร็กท์
14987695-n	ฟลูออเรสซีน	สีฟลูออเรสซีน	สีย้อมเรืองแสง
14988502-n	ยาย้อมผม	สีย้อมผม
14989820-n	พิกเมนต์	รงควัตถุ	สารสี
14993378-n	ก๊าซพิษ	แก๊สพิษ
14994328-n	สารเกาะกลุ่ม	โพลิเมอร์
14997529-n	สารกันบูด	สารกันเสีย
14998522-n	กรดอะครีลิก	กรดโพรพีโนอิก	อะครีลิกแอซิด	โพรพีโนอิกแอซิด
14998826-n	ก๊าซโพรพีลีน	ก๊าซโพรเพน	โพรพีลีน	โพรเพน
15000334-n	กรดไพรูวิก	ไพรูวิกแอซิด
15000973-n	ควิโนน	เบนโซควิโนน
15004317-n	เอนไซม์เรนนิน	เอนไซม์ไคโมซิน
15006789-n	ยางสังเคราะห์	ยางเทียม
15008399-n	รูไทล์	แร่รูไทล์
15010038-n	2-ไฮดรอกไซเบนโซอิกแอซิด	กรดซาลิไซลิก	ซาลิไซลิกแอซิด
15010277-n	น้ำมันปลาแซลมอน	น้ำมันแซลมอน
15012668-n	ซามาร์สไกต์	แร่ซามาร์สไกต์
15012810-n	แซปไฟรีน	แร่แซฟไฟรีน
15013577-n	กรดไดโครมิก	ไดโครมิกแอซิด
15013764-n	ไดโครเมต	ไบโครเมต
15014529-n	คอสติก	สารละลาย
15014990-n	โซดาไฟ	โซเดียมไฮดรอกไซด์
15019030-n	ดินทราย	ทราย
15019357-n	วอเตอร์ซัปไฟร์	แร่วอเตอร์ซัปไฟร์
15019645-n	กรดอะมิโนซาร์โคซีน	ซาร์โคซีน
15020107-n	ขี้กบ	ขี้เลื้อย
15020794-n	ชีไรต์	แร่ชีไรต์
15021189-n	กระดาษทด	สมุดฉีก
15022035-n	กรดอะมิโนเซอรีน	เซอรีน
15024997-n	สีของฮีโมโกลบิน	สีของฮี่โมโกลบิน
15025571-n	ไซโตโครม	ไำซโทโครม
15027189-n	สารภูมิต้านทาน	แอนติบอดี
15029147-n	แอนติเจนไอโซแอกกลูติโนเจน	ไอโซแอกกลูติโนเจน
15029781-n	โมโนคลอนอล	โมโนคลอนอลแอนติบอดี้
15036638-n	สารพิษจากพืช	ไฟโตทอกซิน
15038987-n	น้ำมันฉลาม	น้ำมันตับปลาฉลาม
15039568-n	ครีมขัดรองเท้า	น้ำยาขัดรองเท้า
15039827-n	ซิเดอไรท์	แร่ซิเดอไรท์
15039935-n	กรดซิลิซิก	ซิลิซิกแอซิด
15041277-n	ซิลิกา	ซิลิคอนออกไซด์	ทรายซิลิกา
15042856-n	กากแร่	ขี้โลหะ	ฟองขี้แร่
15043118-n	สมอลไทต์	แร่สมอลไทต์
15044327-n	สตีไทต์	หินสบู่
15044648-n	แร่โซดาไลต์	โซดาไลต์
15044844-n	โซดาแอช	โซเดียมคาร์บอเนต
15049594-n	ของเหลวที่หก	น้ำที่หก
15057558-n	สารทำให้จาม	สิ่งทำให้จาม
15062468-n	ไขมันสัตว์	ไขสัตว์
15063358-n	กรดซัลฟานิลิก	ซัลฟานิลิกแอซิด
15067025-n	กรดแทนนิน	แทนนิน
15067576-n	กรดทาแทริก	ทาร์ทาริกแอซิด
15067739-n	กรดราซีมิก	ราซีมิกแอซิด
15069161-n	เตตระแซกคาไรด์	เททระแซ็กคาไรด์
15069584-n	เททรีล	ไนตรามีน
15070234-n	กรดทิโอไซยานิก	ไทโอไซยานิกแอซิด
15070550-n	ทอร์ตเวไตต์	แร่ทอร์ตเวไตต์
15070699-n	กรดอะมิโนทรีโอนีน	ทรีโอนีน
15073424-n	ดีออกซีไทมิดีน	ไทมิดีน
15074456-n	กรดอะมิโนไทโรนีน	ไทโรนีน
15074772-n	ดินหินคละธารน้ำแข็ง	ตะกอนธารน้ำแข็งปนก้อนหิน
15075596-n	กรดโตลูอิก	โตลูอิกแอซิด
15076349-n	แร่โทแพส	โทแพส
15076619-n	ทัวร์มาลีน	แร่ทัวร์มาลีน
15079310-n	กรดไตรคลอราซีิติก	กรดไตรคลอโรอะซีติก	ไตรคลอราซีิติกแอซิด	ไตรคลอโรอะซีิติกแอซิด
15079557-n	แร่ไทรดิไมต์	ไทรดิไมต์
15080382-n	กรดไตรฟอสโฟริก	ไตรฟอสโฟริกแอซิด
15081417-n	กรดอะมิโนทริปโตเฟน	ทริปโตเฟน
15081595-n	น้ำมันทูน่า	น้ำมันปลาทูน่า
15082036-n	กรดทังสติก	ทังสติกแอซิด
15082198-n	เทอร์ควอยส์	แร่เทอร์ควอยส์
15082382-n	กระดาษพิมพ์งาน	กระดาษพิมพ์ดีด
15082524-n	กรดอะมิโนไทรามีน	ไทรามีน
15082766-n	กรดอะมิโนไทโรซีน	ไทโรซีน
15083713-n	กรดอันดีไซลินิก	อันดีไซลินิกแอซิด
15084999-n	ยูเรนิล	หมู่ยูเรนิล
15085682-n	กรดยูริก	ยูริกแอซิด
15085836-n	ยูเรต	เกลือยูเรต
15086939-n	วานาดิไนต์	แร่วานาดิไนต์
15087090-n	กรดวานาดิก	วานาดิกแอซิด	วานาเดียมเพนทอกไซด์
15087384-n	กระดาษเวลลัม	เวลลัม
15087486-n	เวอร์มิคูไลต์	แร่เวอร์มิคูไลต์
15087632-n	วีเอลดีเอล	ไลโปโปรตีนที่มีความหนาแน่นต่ำมาก
15087904-n	วีซูเวียไนต์	แร่วีซูเวียไนต์
15089104-n	รงควัตถุในการสังเคราะห์แสง	โฟโตพิกเมนต์
15089258-n	วิตามิน	ไวตามิน
15090379-n	สารต้นของวิตามิน	โปรวิตามิน
15093482-n	กรดซัลฟิวริก	ซัลฟิวริกแอซิด
15094294-n	ขี้ผึ้ง	แว็กซ์
15097722-n	ตะกั่วขาว	ตะกั่วคาร์บอเนต
15098161-n	เนื้อไม้	ไม้
15100257-n	ไม้สน	ไม้เนื้ออ่อน
15100644-n	ฟืน	ไม้ฟืน
15102712-n	ตา	ตาไม้
15103226-n	วูลฟราไมต์	แร่วูลฟราไมต์
15103485-n	วอลลาสโตไนต์	แร่วอลลาสโตไนต์
15105122-n	กระดาษห่อ	กระดาษห่อของ
15105733-n	วุลฟีไนต์	แร่วุลฟีไนต์
15105849-n	เวิร์ต์ไซต์	แร่เวิร์ตไซต์
15105955-n	ซีโนไทม์	แร่ซีโนไทม์
15106271-n	ยีสต์	เชื้อหมัก
15106867-n	ซีโอไลต์	แร่ซีโอไลต์
15107876-n	ซิงค์เบลนด์	เบลนด์	แร่สฟาเลอไรต์
15108745-n	ซิงก์ไวต์	ไชนีสไวต์
15108897-n	ซิงเคไนต์	แร่ซิงเคไนต์
15109127-n	เซอร์คอน	เซอร์โคเนียมซิลิเกต	แร่เซอร์คอน	แร่เซอร์โคเนียมซิลิเกต
15109391-n	เซอร์โคเนีย	เซอร์โคเนียมออกไซด์	เซอร์โคเนียมไดออกไซด์
15109586-n	เอนไซม์ไซเมส	ไซเมส
15110796-n	สารในกระบวนการสร้างและสลาย	เมตาโบไลต์
15112425-n	สารเวอร์นิกซ์	เวอร์นิกซ์	ไขหุ้มทารก
15112932-n	กรดแซนทิก	แซนทิกแอซิด
15113229-n	ช่วงเวลา	ระยะเวลา
15116095-n	กรอบของเวลา	กรอบเวลา
15116283-n	ช่วงระยะเวลาทางธรณีวิทยา	ระยะเวลาทางธรณีวิทยา
15116910-n	เวลาท้องถิ่น	เวลามาตรฐาน
15117246-n	เวลาออมแสง	เวลาออมแสงแดด
15118228-n	เวลางาน	เวลาทำงาน
15119185-n	ช่วงเวลารักษาตัวในโรงพยาบาล	ระยะเวลารักษาตัวในโรงพยาบาล
15119374-n	ช่วงเวลาเดินทาง	ระยะเวลาเดินทาง
15119536-n	ปัจจุบัน	เวลาปัจจุบัน
15119919-n	ตอนนี้	เดี๋ยวนี้
15120050-n	ขณะนี้	ตอนนี้
15120346-n	ยุค	ยุคสมัย	สมัย
15120528-n	ยุคสมัยใหม่	ยุคโมเดิร์น	ยุคใหม่
15120715-n	ยุคโรมัน	สมัยโรมัน
15120823-n	วันวาน	อดีต
15122648-n	ยุคอลิซาเบธ	สมัยอลิซาเบธ
15124361-n	ยุคสัตว์เลี้ยงลูกด้วยนม	ยุคเซโนโซอิค
15126175-n	ยุคสัตว์เลื้อยคลาน	ยุคเมโสโซอิค
15126361-n	ยุคครีเตเซียส	ยุคพืชมีดอก
15127982-n	ยุคปลา	ยุคเดโวเนียน
15129220-n	ยุคอาร์ชีน	ยุคอาร์ชีโอโซอิค
15129572-n	ยุคเฮดีน	ยุคไพรสโคอัน
15129927-n	เวลา	เวลาบนหน้าปัด
15130205-n	เวลากรีนิช	เวลามัชณิมกรีนิช	เวลามาตรฐานกรีนิช	เวลามาตรฐานโลก
15131734-n	เวลามาตรฐานแอตแลนติก	เวลาแอตแลนติก
15132408-n	เวลาด้านภูเขา	เวลามาตรฐานของภูเขา
15132638-n	เวลามาตรฐานแปซิฟิก	เวลาแปซิฟิก
15132865-n	เวลามาตรฐานอลาสก้า	เวลาอลาสก้า
15133069-n	เวลามาตรฐานฮาวาย	เวลาฮาวาย
15133289-n	เวลาบีริง	เวลามาตรฐานบีริง
15135996-n	วีค	สัปดาห์
15136147-n	วีก	สัปดาห์	อาทิตย์
15137194-n	งานล่วงเวลา	โอที
15138600-n	เวลาพักผ่อน	เวลาเล่น
15138903-n	วันดื่มน้ำผึ้งพระจันทร์	วันฮันนีมูน
15141375-n	ช่วงเวลาสองพันปี	เวลาสองพันปี
15141693-n	ชีวิตในอดีต	อดีต
15142452-n	เวลาตกฟาก	เวลาเกิด
15143477-n	การตาย	การสิ้นสุด	มรณกรรม
15145171-n	ชันษา	พรรษา	พระชนมพรรษา	พระชนมายุ	พระชันษา	วัย	อายุ	อายุขัย
15145499-n	ระยะแบเบาะ	วัยแรกเกิด
15145782-n	ขั้นทวารหนัก	ระยะขับถ่าย	ระยะทวารหนัก
15147097-n	ช่วงเป็นเด็ก	วัยเด็ก
15147330-n	ช่วงวัยของเด็กหญิง	วัยเด็กหญิง
15147504-n	ช่วงวัยของเด็กชาย	วัยเด็กชาย
15147713-n	วัยหนุ่มสาว	วัยเยาว์
15148467-n	ช่วงวัยรุ่น	วัยรุ่น
15151641-n	ความอ่อนเยาว์	วัยแรกแย้ม
15152062-n	วัยผู้ใหญ่	อายุที่กฎหมายกำหนด	อายุในทางกฎหมาย
15153787-n	วัยชรา	วัยแก่ชรา	วัยแก่เฒ่า
15154376-n	ช่วงสุดท้ายของชีวิต	วาระสุดท้าย
15154462-n	วัยรอบเดือน	วัยหมดประจำเดือน	วัยหมดระดู
15154774-n	หน่วยของเวลา	หน่วยเวลา
15155220-n	ยี่สิบสี่ชั่วโมง	วัน
15155891-n	พรุ่งนี้	วันพรุ่งนี้
15156187-n	วานนี้	เมื่อวานนี้
15158691-n	วันรับปริญญา	วันรับปริญญาบัตร
15159583-n	วัน	วันที่
15163797-n	วันอาทิตย์	อา	อาทิตย์
15163979-n	จ.	จันทร์	วันจันทร์
15164105-n	วันอังคาร	อ.	อังคาร
15164233-n	พ.	พุธ	วันพุธ
15164354-n	พฤ.	พฤหัส	วันพฤหัส	วันพฤหัสบดี
15164463-n	วันศุกร์	ศ.	ศุกร์
15164570-n	วันเสาร์	ส.	เสาร์
15164957-n	กลางวัน	ช่วงวัน	วัน
15165637-n	เวลากิน	เวลารับประทานอาหาร	เวลาอาหาร
15165805-n	เวลาข้าวเช้า	เวลาอาหารเช้า
15165917-n	เวลาข้าวเที่ยง	เวลาอาหารเที่ยง
15166070-n	เวลาข้าวเย็น	เวลาอาหารเย็น
15167027-n	กลางคืน	ค่ำคืน	ค่ำมืด	ยามวิกาล	รัตติกาล
15167349-n	กลางคืน	คืน	ตอนกลางคืน
15167474-n	กลางคืน	คืน
15168185-n	สองยาม	เที่ยงคืน
15168475-n	เวลานอน	เวลาเข้านอน
15168790-n	ตอนเช้า	ยามเช้า	รุ่งอรุณ	รุ่งเช้า	รุ่งแจ้ง	เช้าตรู่
15169136-n	หัวรุ่ง	เช้ามืด
15169421-n	ช่วงโพล้เพล้	พลบค่ำ	ยามสนธยา	ยามเย็น	หัวค่ำ
15170504-n	วันสุดสัปดาห์	วันหยุดสุดสัปดาห์	วีกเอนด์	สุดสัปดาห์
15171307-n	วันพิพากษา	วันพิพากษาโลก
15172782-n	วันจ่ายเงินเดือน	วันเงินออก	วันเงินเดือนออก
15173064-n	ค.ศ.	ปีคริสตศักราช
15177396-n	เดือนเมสซิดอร์	เดือนแห่งการเก็บเกี่ยว
15177705-n	ฟรุกติดอร์	เดือนฟรุกติดอร์
15180082-n	เดดไลน์	เส้นตาย
15183266-n	วันเต๊ต	เต๊ต
15183428-n	ช่วงหยุดงาน	วันหยุด	วันหยุดพักผ่อน	ฮอลิเดย์
15184170-n	วันสำคัญทางคริสตศาสนา	วันสำคัญทางศาสนาคริสต์
15187250-n	วันวาเลนไทน์	วันแห่งความรัก
15188154-n	วันอีสเตอร์	อีสเตอร์
15191233-n	วันปล่อยผี	วันฮัลโลวีน
15191401-n	วันปัสกา	วันปาสกา
15191494-n	วันปัสกา	วันปาสกา
15191661-n	วันอาทิตย์ใบลาน	อาทิตย์ใบลาน
15196537-n	ช่วงคริสต์มาส	เทศกาลคริสต์มาส
15199592-n	วันนักขัตฤกษ์	วันหยุดนักขัตฤกษ์	วันหยุดราชการ
15202806-n	ปีทางสุริยคติ	ปีสุริยคติ
15203791-n	ขวบ	ปี	พรรษา
15206296-n	ด.	เดือน
15206590-n	สามเดือน	ไตรมาส
15206744-n	ข้างขึ้นข้างแรม	ข้างขึ้นข้างแรมของดวงจันทร์
15206943-n	คืนเดือนมืด	เดือนดับ
15207556-n	วันพระจันทร์เต็มดวง	วันเพ็ญ
15207872-n	จันทรมาส	เดือนทางจันทรคติ
15209316-n	สุริยมาส	เดือนทางสุริยคติ
15209413-n	เดือน	เดือนตามปฏิทิน
15210045-n	ม.ค.	มกรา	เดือนมกราคม
15210486-n	ก.พ.	กุมภา	กุมภาพันธ์	เดือนกุมภาพันธ์
15210870-n	มี.ค.	มีนา	เดือนมีนาคม
15211484-n	พ.ค.	พฤษภา	เดือนพฤษภาคม
15211806-n	มิ.ย.	มิถุนา	มิถุนายน	เดือนมิถุนายน
15212167-n	ก.ค.	กรกฏา	กรกฏาคม	เดือนกรกฏาคม
15212455-n	ส.ค.	สิงหา	สิงหาคม	เดือนสิงหาคม
15212739-n	ก.ย.	กันยา	เดือนกันยายน
15213115-n	ต.ค.	ตุลา	ตุลาคม	เดือนตุลาคม
15213406-n	พ.ย.	พฤศจิกา	พฤศจิกายน	เดือนพฤศจิกายน
15213774-n	ธ.ค.	ธันวา	ธันวาคม	เดือนธันวาคม
15218448-n	วันตรุษอีดิลฟิตรี	วันอีดิลฟิตรี	วันไบรบาน
15219022-n	วันกุรบาน	วันอีดิลอัดฮา
15222012-n	ครีษมายัน	วันครีษมายัน
15222951-n	วันมงคลสมรส	วันวิวาห์	วันสมรส	วันสละโสด	วันแต่งงาน
15223190-n	วันเหมายัน	เหมายัน
15223574-n	วสันตวิษุวัต	วันวสันตวิษุวัต
15223750-n	วันศารทวิษุวัต	ศารทวิษุวัต
15224486-n	ภาคเรียน	เทอม
15225249-n	ภาคเรียน	เทอม
15225668-n	กลางเทอม	มิดเทอม
15227846-n	ชม.	ชั่วโมง
15232406-n	ยุคหิน	ยุคหินเก่า
15233778-n	ช่วงเวลาแข่งขัน	ระยะเวลาการแข่งขัน
15233989-n	ช่วงต่อเวลา	ช่วงต่อเวลาพิเศษ	ช่วงทดเวลา
15234348-n	ช่วงต่อเวลา	ช่วงต่อเวลาพิเศษ
15234469-n	ช่วงไทเบรก	ไทเบรก
15234587-n	ช่วงซัดเดนเดท	ซัดเดนเดท
15234764-n	นท.	นาที
15235126-n	วิ	วินาที
15236475-n	ฤดู	ฤดูกาล
15237250-n	ฤดูร้อน	หน้าร้อน
15237782-n	ฤดูหนาว	หน้าหนาว
15238895-n	ฤดูฝน	หน้าฝน
15239033-n	ฤดูมรสุม	หน้ามรสุม
15239174-n	ฤดูแล้ง	หน้าแล้ง
15242029-n	ช่วงฤดูถือบวช	ฤดูถือบวช
15243590-n	กัลปาวสาน	ระยะเวลายาวนาน
15243730-n	บรมยุค	ยุคเอออน	ระยะเวลาทางธรณีวิทยา
15243976-n	ชั่วกัปชั่วกัลป์	ชั่วกัลปาวสาน	ชั่วกาลนาน	ชั่วนิจนิรันดร์	ชั่วนิรันดร	ชั่วนิรันดร์	ชั่วฟ้าดินสลาย
15244200-n	ดวงจันทร์สีน้ำเงิน	บลูมูน
15245144-n	ช่วงเวลาที่เผชิญกับความจริง	ช่วงเวลาที่เผชิญความจริง
15248020-n	มหายุค	ยุค
15249799-n	วันครบรอบ	วาระครบรอบ
15250178-n	ชาตะ	วันคล้ายวันเกิด	วันประสูติ	วันพระราชสมภพ	วันเกิด
15250312-n	จูบิลี่	วาระครบรอบพิเศษ
15250468-n	พัชราภิเษก	วาระครบรอบหกสิบปี
15250580-n	รัชดาภิเษก	วาระครบรอบยี่สิบห้าปี
15251336-n	วันครบรอบหนึ่งร้อยปี	วาระครบรอบหนึ่งร้อยปี
15251489-n	วันครบรอบหนึ่งร้อยห้าสิบปี	วาระครบรอบหนึ่งร้อยห้าสิบปี
15252422-n	วันที่ลืมตาดูโลก	วันเกิด	เวลาตกฟาก
15259284-n	ยุคกลาง	ยุคมืด
15262921-n	ทุกวันนี้	ยุคนี้	ยุคปัจจุบัน
15264010-n	อัตราจังหวะสามัญ	อัตรา่จังหวะสามัญ
15264363-n	ความเร็วจังหวะ	แทมโป
15265518-n	ครั้งแรก	ช่วงเริ่มต้น	ยุคแรก
15266164-n	จุดสตาร์ท	จุดเริ่ม	จุดเริ่มต้น
15269513-n	ช่วง	ช่วงเวลา
15272571-n	ช่วงพักครึ่ง	เวลาพักครึ่ง
15273101-n	ระยะซ่อนเร้น	ระยะแฝงของโรค
15276427-n	อัตราเกิด	อัตราเจริญพันธุ์
15277926-n	คาร์ดิแอกเอาต์พุต	อัตราการไหลของเลือดออกจากหัวใจ
15279104-n	รอบความถี่	รอบต่อวินาที	เฮิร์ตซ์
15279596-n	กฮ.	กิโลเฮิรตซ์
15284285-n	ซี	อัตราเร็วของแสง
15287073-n	ความจุของช่องสัญญาณ	ความจุช่องสัญญาณ
15288111-n	รอบประจำเดือน	รอบเดือน
15289779-n	ช่วง	ระยะเวลา
15289944-n	คาบการโคจร	คาบดาราคติ	ระยะเวลาโคจร
15291498-n	วาระ	วาระการดำรงตำแหน่ง
15291801-n	กะ	ชั่วโมงทำงาน	ช่วงเวลาทำงาน	เวลาทำงาน
15292722-n	กะกลางวัน	กะเช้า
15292960-n	กะกลางคืน	กะดึก
15293227-n	ช่วงสันติภาพ	ช่วงเวลาอันสงบสุข	ช่วงเวลาแห่งสันติภาพ
15295045-n	ช่วงเวลาที่ออกดอกสะพรั่ง	ช่วงเวลาออกดอกออกผล
15295267-n	ยุคทอง	ยุครุ่งเรือง	ยุครุ่งโรจน์
15295778-n	ช่วงเวลาของรายการทีวี	ระยะเวลาที่รายการทีวีออกอากาศ
15295884-n	เวลาออกอากาศ	โชว์ไทม์
15296039-n	ช่วงปลอดภัย	ระยะปลอดภัย
15296687-n	ยุค	สมัย
15297472-n	ช่วงทดลองงาน	โปร
15298695-n	เรียลไทม์	เวลาจริง
15298852-n	เรียลไทม์	เวลาจริง
