ก	๒๕๔๒	พยัญชนะตัวต้น เป็นพวกอักษรกลาง ใช้เป็นตัวสะกดในแม่กก.
ก	๒๕๕๔	พยัญชนะตัวที่ ๑ เรียกว่า กอ ไก่ เป็นอักษรกลาง ใช้เป็นพยัญชนะต้น และเป็นตัวสะกดในมาตรากกหรือแม่กก เช่น กก ปาก สัก.
ก	๒๕๖๙	พยัญชนะตัวที่ ๑ เรียกว่า กอ หรือ กอ ไก่ เป็นอักษรกลาง ใช้เป็นพยัญชนะต้น และเป็นตัวสะกดในมาตรากกหรือแม่กก เช่น กก ปาก สัก.
ก กา	๒๕๔๒	น. เรียกแม่บทแจกลูกพยัญชนะต้นกับสระโดยไม่มีตัวสะกดว่า แม่ ก กา หรือ มาตรา ก กา.
ก กา	๒๕๕๔	เรียกแม่บทแจกลูกพยัญชนะต้นกับสระโดยไม่มีตัวสะกด ว่า มาตรา ก กา หรือแม่ ก กา.
ก กา	๒๕๖๙	ดู มาตรา ก กา หรือ แม่ ก กา.
ก ข	๒๕๔๒	[โบ อ่านว่า กอข้อ] น. พยัญชนะแต่ ก ถึง ฮ.
ก ข	๒๕๕๔	พยัญชนะแต่ ก ถึง ฮ.
ก ข	๒๕๖๙	พยัญชนะแต่ ก ถึง ฮ.
ก ข ไม่กระดิกหู	๒๕๔๒	[โบ อ่านว่า กอข้อ-] (สํา) น. ผู้ที่เรียนหนังสือแล้วไม่รู้ อ่านไม่ออกเขียนไม่ได้.
ก ข ไม่กระดิกหู	๒๕๕๔	ผู้ที่เรียนหนังสือแล้วไม่รู้ อ่านไม่ออกเขียนไม่ได้.
ก ข ไม่กระดิกหู	๒๕๖๙	(สํา) เรียนหนังสือแล้วไม่รู้, อ่านไม่ออก เขียนไม่ได้.
ก หัน	๒๕๔๒	น. อักษร ก คู่ ในหนังสือโบราณใช้แทนไม้หันอากาศตัวหนึ่ง เป็นตัวสะกดตัวหนึ่ง เช่น จกก = จัก หลกก = หลัก.
ก หัน	๒๕๕๔	อักษร ก คู่ ในหนังสือโบราณใช้แทนไม้หันอากาศตัวหนึ่ง เป็นตัวสะกดตัวหนึ่ง เช่น จกก = จัก หลกก = หลัก.
กก	๒๕๔๒	น. เรียกคำหรือพยางค์ที่มีตัว ก ข ค ฆ สะกดว่า แม่กก หรือ มาตรากก.
กก	๒๕๕๔	เรียกคำหรือพยางค์ที่มีตัว ก ข ค ฆ สะกด ว่า มาตรากกหรือแม่กก.
กก	๒๕๖๙	ดู มาตรากก หรือ แม่กก.
กกขนาก	๒๕๔๒	ดู กก ๓.
กกช้าง	๒๕๔๒	น. ชื่อไม้ล้มลุกชนิด Typha angustifolia L. ในวงศ์ Typhaceae ขึ้นในนํ้า ช่อดอกคล้ายธูปขนาดใหญ่, กกธูป ธูปฤๅษี ปรือ หรือ เฟื้อ ก็เรียก.
กกช้าง	๒๕๕๔	ชื่อไม้ล้มลุกชนิด Typha angustifolia L. ในวงศ์ Typhaceae ขึ้นในนํ้า ช่อดอกคล้ายธูปขนาดใหญ่, กกธูป ธูปฤๅษี ปรือ หรือ เฟื้อ ก็เรียก.
กกช้าง	๒๕๖๙	ไม้ล้มลุกชนิด Typha angustifolia L. ในวงศ์ Typhaceae ขึ้นในนํ้า ช่อดอกคล้ายธูปขนาดใหญ่, กกธูป ธูปฤๅษี ปรือ หรือ เฟื้อ ก็ว่า.
กกธูป	๒๕๔๒	ดู กกช้าง.
กกธูป	๒๕๕๔	ดู กกช้าง.
กกธูป	๒๕๖๙	ดู กกช้าง.
กกหู	๒๕๔๒	น. บริเวณหลังใบหู.
กกหู	๒๕๕๔	บริเวณโคนหูส่วนหลังที่ติดกับศีรษะ.
กกหู	๒๕๖๙	บริเวณโคนหูส่วนหลังที่ติดกับศีรษะ.
กกุธภัณฑ์	๒๕๔๒	[กะกุดทะ-] น. เครื่องหมายความเป็นพระราชาธิบดีตามที่แสดงไว้ในบรมราชาภิเษก ร. ๗ คือ ๑. พระมหาพิชัยมงกุฎ ๒. พระแสงขรรค์ชัยศรี ๓. ธารพระกร ๔. วาลวีชนี (พัดกับแส้จามรี) ๕. ฉลองพระบาท รวมเรียกว่า เบญจราชกกุธภัณฑ์. (ป. กกุธ ว่า เครื่องหมายความเป็นพระราชา + ภณฺฑ ว่า ของใช้; ระบุไว้ในอภิธานัปปทีปิกา คาถาที่ ๓๕๘ ว่า พระขรรค์ ฉัตร อุณหิส ฉลองพระบาท วาลวีชนี คือ มีฉัตรแทนธารพระกร; ในจดหมายเหตุบรมราชาภิเษก รัชกาลที่ ๒ มีทั้งฉัตรและธารพระกร พระแสงขรรค์ พระแสงดาบ วาลวีชนี พระมหาพิชัยมงกุฎ และฉลองพระบาท รวมเป็น ๗ สิ่ง. วาลวีชนี ที่ปรากฏวัตถุเป็นพัดกับแส้จามรีนั้น แต่ก่อนเป็นพัดใบตาลอย่างที่เรียกว่า พัชนีฝักมะขาม ต่อมาท่านเห็นควรเป็นแส้จามรีจะถูกกว่า เพราะศัพท์ว่าวาลวีชนี หมายความเป็นแส้ขนโคชนิดหนึ่ง จึงสร้างแส้จามรีขึ้น แต่ก็ไม่อาจเลิกพัดใบตาลของเก่า เป็นอันรวมไว้ทั้ง ๒ อย่างในเครื่องที่เรียกว่า วาลวีชนี).
กกุธภัณฑ์	๒๕๕๔	สัญลักษณ์สำคัญแห่งความเป็นพระมหากษัตริย์ คือ ๑. พระมหาพิชัยมงกุฎ ๒. พระแสงขรรค์ชัยศรี ๓. ธารพระกรชัยพฤกษ์ ๔. วาลวีชนี (พัดกับแส้) ๕. ฉลองพระบาท รวมเรียกว่าเบญจราชกกุธภัณฑ์ ทั้งนี้ บางสมัยใช้เครื่องราชกกุธภัณฑ์แตกต่างกัน เช่น ใช้ฉัตรแทนพระมหาพิชัยมงกุฎ.(ป. กกุธ ว่า เครื่องหมายความเป็นพระราชา + ภณฺฑ ว่า ของใช้; ระบุไว้ในอภิธานัปปทีปิกา คาถาที่ ๓๕๘ ว่า พระขรรค์ ฉัตร อุณหิส ฉลองพระบาท วาลวีชนี คือ มีฉัตรแทนธารพระกร; ในจดหมายเหตุบรมราชาภิเษก รัชกาลที่ ๒ มีทั้งฉัตรและธารพระกร พระแสงขรรค์ พระแสงดาบ วาลวีชนี พระมหาพิชัยมงกุฎ และฉลองพระบาท รวมเป็น ๗ สิ่ง.วาลวีชนี ที่ปรากฏวัตถุเป็นพัดกับแส้จามรีนั้น แต่ก่อนเป็นพัดใบตาลอย่างที่เรียกว่า พัชนีฝักมะขาม ต่อมาท่านเห็นควรเป็นแส้จามรีจะถูกกว่า เพราะศัพท์ว่าวาลวีชนี หมายความเป็นแส้ขนโคชนิดหนึ่ง จึงสร้างแส้จามรีขึ้น แต่ก็ไม่อาจเลิกพัดใบตาลของเก่า เป็นอันรวมไว้ทั้ง ๒ อย่างในเครื่องที่เรียกว่า วาลวีชนี).
กกุธภัณฑ์	๒๕๖๙	(ราชา) เครื่องใช้ที่เป็นเครื่องหมายแสดงความเป็นพระมหากษัตริย์ เรียกว่า เครื่องราชกกุธภัณฑ์ สัญลักษณ์สำคัญแห่งความเป็นพระมหากษัตริย์ คือ ๑. พระมหาพิชัยมงกุฎ ๒. พระแสงขรรค์ชัยศรี ๓. ธารพระกรชัยพฤกษ์ ๔. วาลวีชนี (พัดกับแส้) ๕. ฉลองพระบาทเชิงงอน รวมเรียกว่าเบญจราชกกุธภัณฑ์ ทั้งนี้ บางสมัยใช้เครื่องราชกกุธภัณฑ์แตกต่างกัน เช่น ใช้ฉัตรแทนพระมหาพิชัยมงกุฎ. (ป. กกุธ ว่า เครื่องหมายความเป็นพระราชา + ภณฺฑ ว่า ของใช้).
กกเสา	๒๕๕๔	ส่วนของเสาที่อยู่ติดกับพื้นเรือน เช่น นั่งพิงกกเสา.
กกเสา	๒๕๖๙	ส่วนของเสาที่อยู่ติดกับพื้นเรือน เช่น นั่งพิงกกเสา .
กง	๒๕๔๒	น. เรียกคำหรือพยางค์ที่มีตัว ง สะกด ว่า แม่กง หรือ มาตรากง.
กง	๒๕๕๔	เรียกคำหรือพยางค์ที่มีตัว ง สะกด ว่า มาตรากงหรือแม่กง.
กง	๒๕๖๙	วง, ส่วนรอบของล้อเกวียนหรือล้อรถม้าเป็นต้น, บางทีก็ใช้คู่กับคำ วง ว่า เป็นวงเป็นกง.
กงกอน	๒๕๔๒	ดู โกงกาง.
กงกอน	๒๕๕๔	ดู โกงกาง.
กงกอน	๒๕๖๙	ดู โกงกาง.
กงการ	๒๕๔๒	(ปาก) น. กิจการ, หน้าที่, ธุระ, เช่น กงการอะไรของคุณ ไม่ใช่กงการของฉัน.
กงการ	๒๕๕๔	กิจการ, หน้าที่, ธุระ, เช่น กงการอะไรของคุณ ไม่ใช่กงการของฉัน.
กงการ	๒๕๖๙	(ปาก) กิจการ, หน้าที่, ธุระ, เช่น กงการอะไรของคุณ, ไม่ใช่กงการของฉัน , ในบทประพันธ์ใช้ว่า กนการ ก็มี เช่น กนการอะไรของเจ้าเฝ้าแสบร้อน (ขุนช้างขุนแผน-แจ้ง).
กงข้าง	๒๕๔๒	น. กงที่ตรึงข้างไม่ถึงท้องเรือสลับกับกงวาน. (ตํานานภาษีอากร).
กงข้าง	๒๕๕๔	กงที่ตรึงข้างไม่ถึงท้องเรือสลับกับกงวาน.
กงข้าง	๒๕๖๙	(โบ) กงที่ตรึงข้างไม่ถึงท้องเรือสลับกับกงวาน. (ตํานานภาษีอากร).
กงค้าง	๒๕๕๔	กงที่ตรึงข้างไม่ถึงท้องเรือสลับกับกงวาน.
กงจักร	๒๕๔๒	น. สิ่งที่มีรูปเป็นวงกลม มีริมเป็นแฉก&#160;ๆ โดยรอบ.
กงจักร	๒๕๕๔	สิ่งที่มีรูปเป็นวงกลม มีริมเป็นแฉกๆ โดยรอบ.
กงจักร	๒๕๖๙	สิ่งที่มีรูปเป็นวงกลม มีริมเป็นแฉก ๆ โดยรอบ.
กงฉาก	๒๕๔๒	น. เครื่องยึดมุมฉาก.
กงฉาก	๒๕๕๔	เครื่องมือทางช่างชนิดหนึ่ง สำหรับหามฉากในการปักผังหรือกำหนดผังเสา โดยใช้ไม้แบนที่มีความยาวพอสมควรมาประกอบให้เป็นมุม ๙๐ องศา แล้วยึดปลายทั้ง ๒ ข้างด้วยไม้อีกชิ้นหนึ่ง.
กงฉาก	๒๕๖๙	ไม้สำหรับยึดขาทั้งสองของไม้ฉากซึ่งเป็นเครื่องมือทางช่างชนิดหนึ่ง สำหรับทาบมุมฉากในการปักผังหรือกำหนดระดับฝังเสา.
กงพัด	๒๕๔๒	น. กงสําหรับพัด เป็นรูปใบพัดที่หมุนได้ เช่น กงพัดสีลม กงพัดเครื่องสีฝัด กงพัดเครื่องระหัด; ประตูหมุน; เครื่องมือชนิดหนึ่งเป็นไม้ยาวประมาณ ๕๐ เซนติเมตร เจาะรูหัวท้าย ใส่ไม้ขวาง สําหรับพัดด้าย.
กงพัด	๒๕๕๔	กงสำหรับพัด เป็นรูปใบพัดที่หมุนได้ เช่น กงพัดสีลม กงพัดเครื่องสีฝัด กงพัดเครื่องระหัด
กงพัด	๒๕๖๙	กงสำหรับพัด เป็นรูปใบพัดที่หมุนได้ เช่น กงพัดสีลม, กงพัดเครื่องสีฝัด, กงพัดเครื่องระหัด .
กงวาน	๒๕๔๒	น. กงที่มีรูสําหรับนํ้าเดินที่ท้องเรือ. (ม. ร่ายยาว กุมาร).
กงวาน	๒๕๕๔	กงที่มีรูสำหรับนํ้าเดินที่ท้องเรือ เช่น สำเภาลำใดของพาณิชซึ่งจะตกแต่งต่อติดเป็นกงวาน (ม. ร่ายยาว กุมาร).
กงวาน	๒๕๖๙	กงที่มีรูสําหรับนํ้าไหลผ่านที่ท้องเรือ เช่น สำเภาลำใดของพาณิชซึ่งจะตกแต่งต่อติดเป็นกงวาน . (ม. ร่ายยาว กุมาร).
กงสี	๒๕๔๒	น. ของกองกลางที่ใช้รวมกันสําหรับคนหมู่หนึ่ง&#160;ๆ, หุ้นส่วน, บริษัท. (จ. กงซี ว่า บริษัททําการค้า, กิจการที่จัดเป็นสาธารณะ).
กงสี	๒๕๕๔	ของกองกลางที่ใช้รวมกันสำหรับคนหมู่หนึ่งๆ, หุ้นส่วน, บริษัท.
กงสี	๒๕๖๙	ของกองกลางที่ใช้รวมกันสําหรับคนหมู่หนึ่ง ๆ, หุ้นส่วน, บริษัท. (จ. กงซี ว่า บริษัททําการค้า, กิจการที่จัดเป็นสาธารณะ).
กงสุล	๒๕๔๒	(กฎ) น. ชื่อตําแหน่งของบุคคลซึ่งรัฐบาลของประเทศหนึ่งแต่งตั้งให้เป็นผู้แทนประจําอยู่ในเมืองต่าง&#160;ๆ ของอีกประเทศหนึ่ง เพื่อทําหน้าที่ช่วยเหลือคนชาติของประเทศผู้แต่งตั้งกงสุลที่ไปอยู่ในเมืองต่างประเทศนั้น&#160;ๆ และเพื่อดูแลผลประโยชน์ทั่วไปของประเทศผู้แต่งตั้ง โดยเฉพาะอย่างยิ่งในด้านการพาณิชย์ กงสุลมี ๒ ประเภท คือ (๑) กงสุลโดยอาชีพ ได้แก่ ผู้ที่เป็นข้าราชการของประเทศผู้แต่งตั้ง และ (๒) กงสุลกิตติมศักดิ์ ได้แก่ ผู้ได้รับแต่งตั้งซึ่งมิใช่ข้าราชการและไม่ได้รับเงินเดือน ซึ่งอาจเป็นคนชาติของประเทศผู้แต่งตั้ง หรือคนชาติอื่นก็ได้ กงสุลที่มีตําแหน่งเป็นหัวหน้าสถานกงสุลมี ๔ ระดับ คือ กงสุลใหญ่ กงสุล รองกงสุล และตัวแทนฝ่ายกงสุล.<2t>ว. เกี่ยวกับกงสุล เช่น สถานกงสุล เขตกงสุล พนักงานฝ่ายกงสุล. (ฝ. consul).
กงสุล	๒๕๕๔	ชื่อตำแหน่งของบุคคลซึ่งรัฐบาลของประเทศหนึ่งแต่งตั้งให้เป็นผู้แทนประจำอยู่ในเมืองต่างๆ ของอีกประเทศหนึ่ง เพื่อทำหน้าที่ช่วยเหลือคนชาติของตนและดูแลผลประโยชน์ทั่วไปของประเทศของตน.
กงสุล	๒๕๖๙	ตำแหน่งของบุคคลซึ่งรัฐบาลของประเทศหนึ่งแต่งตั้งให้เป็นผู้แทนประจำอยู่ในเมืองต่าง ๆ ของอีกประเทศหนึ่ง เพื่อทำหน้าที่ช่วยเหลือคนชาติของตนและดูแลผลประโยชน์ทั่วไปของประเทศของตน (อ. consul).
กงเกวียน	๒๕๔๒	น. ล้อเกวียน.
กงเกวียน	๒๕๕๔	ล้อเกวียน.
กงเกวียน	๒๕๖๙	ล้อเกวียน.
กงเกวียนกำเกวียน	๒๕๔๒	(สํา) ใช้เป็นคําอุปมาหมายความว่า เวรสนองเวร, กรรมสนองกรรม, เช่น ทําแก่เขาอย่างไร ตนหรือลูกหลานเป็นต้นของตนก็อาจจะถูกทำในทำนองเดียวกันอย่างนั้นบ้าง เป็นกงเกวียนกําเกวียน.
กงเกวียนกำเกวียน	๒๕๕๔	ใช้เป็นคำอุปมาหมายความว่า เวรสนองเวร, กรรมสนองกรรม, เช่น ทำแก่เขาอย่างไร ตนหรือลูกหลานเป็นต้นของตนก็อาจจะถูกทำในทำนองเดียวกันอย่างนั้นบ้าง เป็นกงเกวียนกำเกวียน.
กงเกวียนกำเกวียน	๒๕๖๙	(สำ) กงล้อเกวียนหมุนไป ซี่ล้อเกวียนก็หมุนตามไปด้วย, เกิดตามกันไป เช่น อันทุกข์โศกโรคภัยในมนุษย์ ไม่รู้สุดสิ้นลงที่ตรงไหน เป็นกงเกวียนกำเกวียนเวียนระไว จงหักใจเสียเถิดเจ้าเยาวมาลย์ (อภัย).
กงเต้ก	๒๕๖๙	การทําบุญให้แก่ผู้ตายตามพิธีของนักบวช นิกายจีนและญวน มีการสวดและเผากระดาษที่ทําเป็นรูปต่าง ๆ มีบ้านเรือน คนใช้ เป็นต้น. (จ. ว่า บุญ, บุญคุณ).
กงเต๊ก	๒๕๔๒	น. การทําบุญให้แก่ผู้ตายตามพิธีของนักบวชนิกายจีนและญวน มีการสวดและเผากระดาษที่ทําเป็นรูปต่าง&#160;ๆ มีบ้านเรือน คนใช้ เป็นต้น. (จ.).
กงเต๊ก	๒๕๕๔	การทำบุญให้แก่ผู้ตายตามพิธีของนักบวชนิกายจีนและญวน มีการสวดและเผากระดาษที่ทำเป็นรูปต่างๆ มีบ้านเรือน คนใช้ เป็นต้น.
กงเวียน	๒๕๔๒	(โบ) น. เครื่องมือสำหรับเขียนวงกลม ส่วนโค้งของวงกลม หรือกะระยะ ทำด้วยโลหะ มี ๒ ขา ปลายข้างหนึ่งแหลม ปลายอีกข้างหนึ่งมีดินสอเป็นต้น อีกแบบหนึ่งมีปลายแหลมทั้ง ๒ ข้าง แบบหลังนี้ใช้สำหรับเขียนบนโลหะก็ได้, กางเวียน หรือ วงเวียน ก็ว่า.
กงเวียน	๒๕๕๔	เครื่องมือสำหรับเขียนวงกลม ส่วนโค้งของวงกลม หรือกะระยะ ทำด้วยโลหะ มี ๒ ขา ปลายข้างหนึ่งแหลม ปลายอีกข้างหนึ่งมีดินสอเป็นต้น อีกแบบหนึ่งมีปลายแหลมทั้ง ๒ ข้าง แบบหลังนี้ใช้สำหรับเขียนบนโลหะก็ได้, กางเวียน ก็ว่า, ปัจจุบันเรียกว่า วงเวียน.
กงเวียน	๒๕๖๙	(โบ) เครื่องมือสำหรับเขียนวงกลม ส่วนโค้งของวงกลม หรือกะระยะ ทำด้วยโลหะ มี ๒ ขา ปลายข้างหนึ่งแหลม ปลายอีกข้างหนึ่งมีดินสอเป็นต้น อีกแบบหนึ่งมีปลายแหลมทั้ง ๒ ข้าง แบบหลังนี้ใช้สำหรับเขียนบนโลหะก็ได้, กางเวียน ก็ว่า, ปัจจุบันเรียกว่า วงเวียน.
กงโก้	๒๕๔๒	(ปาก) ว. โก่ง&#160;ๆ โค้ง&#160;ๆ เช่น ยืนกงโก้, หลังโกงไม่น่าดู เช่น ผอมกงโก้; เกะกะไม่เรียบร้อย เช่น กงโก้กงกก, โกงโก้ ก็ว่า.
กงโก้	๒๕๕๔	โก่งๆ โค้งๆ เช่น ยืนกงโก้, หลังโกงไม่น่าดู เช่น ผอมกงโก้
กงโก้	๒๕๖๙	(ปาก) โก่ง ๆ โค้ง ๆ เช่น ยืนกงโก้ , หลังโกงไม่น่าดู เช่น ผอมกงโก้ , โโกงโก้ ก็ว่า.
กงโก้กงกก	๒๕๖๙	เกะกะ ยืนก็ไม่ยืน นั่งก็ไม่นั่ง เช่น ยืนกงโก้กงกก .
กงไฉ่	๒๕๔๒	น. ผักกาดเค็มชนิดหนึ่งของจีน. (จ. ก้งไฉ่ ว่า ผักดองเค็ม).
กช	๒๕๔๒	[กด, กดชะ-] (กลอน; ตัดมาจาก บงกช) น. ดอกบัว เช่น ดุจบัวอันบานชู กชกรรณิกามาศ. (สมุทรโฆษ), โดยมากใช้เข้าคู่กับคํา กร เป็น กรกช เช่น กรกชชุลีคัล. (อิเหนาคําฉันท์). (ป. ปงฺกช).
กช	๒๕๕๔	ดอกบัว เช่น ดุจบัวอันบานชู กชกรรณิกามาศ (สมุทรโฆษ), โดยมากใช้เข้าคู่กับคำ กร เป็น กรกช เช่น กรกชชุลีคัล
กช	๒๕๖๙	(วรรณ) นอกเหนือจากความหมายทั่วไป ดอกบัว เช่น ดุจบัวอันบานชู กชกรรณิกามาศ (สมุทรโฆษ), โดยมากใช้คู่กับคํา กร เป็น กรกช เช่น กรกชชุลีคัล (อิเหนาคําฉันท์). (ส. กช ว่า เกิดในน้ำ หมายถึง ดอกบัว).
กช-	๒๕๕๔	ดอกบัว เช่น ดุจบัวอันบานชู กชกรรณิกามาศ (สมุทรโฆษ), โดยมากใช้เข้าคู่กับคำ กร เป็น กรกช เช่น กรกชชุลีคัล
กชกร	๒๕๔๒	[กดชะกอน] (กลอน) น. &#147;ดอกบัวคือมือ&#148; คือ กระพุ่มมือ เช่น กชกรต่างแต่งตั้ง ศิรสา. (หริภุญชัย).
กชกร	๒๕๕๔	“ดอกบัวคือมือ” คือ กระพุ่มมือ เช่น กชกรต่างแต่งตั้ง ศิรสา
กชกร	๒๕๖๙	(แบบ) มือที่กระพุ่มเหมือนดอกบัว.
กฎ	๒๕๔๒	[กด] (โบ) ก. จดไว้เป็นหลักฐาน เช่น ให้นายยกกระบัตรกฎปากหลากคําไว้. (กฎหมายอายัดทาส), ตรา เช่น ตรัสแก่ขุนศรีภูริปรีชาให้กฎเป็นตําราไว้. (อัยการเบ็ดเสร็จ), &#147;พระมหาธรรมราชาก็ตรัสให้กฎลงมาให้เอาพระยารามเป็นพระยาพิชัย&#148;. (พงศ. ๑๑๓๖). (เทียบ ข. กต่ ว่า จด).<2t>น. คําบังคับ เช่น จึ่งสมเด็จพระมหินทราธิราชเจ้าแผ่นดินก็ตรัสให้ทําตามกฎให้ลงมานั้นทุกประการ. (พงศ. ๑๑๓๖); (กฎ) ข้อกําหนดหรือข้อบัญญัติที่บังคับให้ต้องมีการปฏิบัติตาม เช่น กฎกระทรวง กฎหมาย; (วิทยา) ข้อกําหนดในเรื่องธรรมชาติตามที่ค้นคว้าได้. (อ. law).
กฎ	๒๕๕๔	จดไว้เป็นหลักฐาน เช่น ให้นายยกกระบัตรกฎปากหลากคำไว้ (กฎหมายอายัดทาส), ตรา เช่น ตรัสแก่ขุนศรีภูริปรีชาให้กฎเป็นตำราไว้ (อัยการเบ็ดเสร็จ), พระมหาธรรมราชาก็ตรัสให้กฎลงมาให้เอาพระยารามเป็นพระยาพิชัย (เทียบ ข. กต่ ว่า จด).
กฎ	๒๕๖๙	(โบ) จดไว้เป็นหลักฐาน เช่น ให้นายยกกระบัตรกฎปากหลากคำไว้ (กฎหมายอายัดทาส), ตรา เช่น ตรัสแก่ขุนศรีภูริปรีชาให้กฎเป็นตำราไว้ (สามดวง เบ็ดเสร็จ), พระมหาธรรมราชาก็ตรัสให้กฎลงมาให้เอาพระยารามเป็นพระยาพิชัย (พงศ. ๑๑๓๖). (เทียบ ข. กต่ ว่า จด).
กฎกระทรวง	๒๕๔๒	(กฎ) น. บทบัญญัติที่รัฐมนตรีว่าการกระทรวงออกโดยอาศัยอํานาจตามพระราชบัญญัติ หรือบทบัญญัติแห่งกฎหมายที่มีฐานะเท่าพระราชบัญญัติ เป็นต้นว่า ประมวลกฎหมาย พระราชกําหนด, เดิมเรียกว่า กฎเสนาบดี.
กฎกระทรวง	๒๕๕๔	ข้อกำหนดที่รัฐมนตรีว่าการกระทรวงออกโดยอาศัยอำนาจตามกฎหมายที่ให้ออกกฎกระทรวง, เดิมเรียกว่า กฎเสนาบดี ถ้าเป็นข้อกำหนดที่นายกรัฐมนตรีออก เรียกว่า กฎสำนักนายกรัฐมนตรี.
กฎกระทรวง	๒๕๖๙	(กฎ) ข้อกำหนดที่รัฐมนตรีออกโดยอาศัยอำนาจตามกฎหมายที่ให้ออกกฎกระทรวง, เดิมเรียกว่า กฎเสนาบดี ถ้าเป็นข้อกำหนดที่นายกรัฐมนตรีออกในฐานะเจ้ากระทรวงของสำนักนายกรัฐมนตรี เรียกว่า กฎสำนักนายกรัฐมนตรี.
กฎข้อบังคับ	๒๕๔๒	(กฎ) น. บทบัญญัติที่เป็นชั้นข้อบังคับซึ่งกําหนดขึ้นไว้เป็นระเบียบในการปฏิบัติหรือดําเนินการตามกฎหมาย, ปัจจุบันนิยมใช้ว่า ข้อบังคับ.
กฎข้อบังคับ	๒๕๕๔	ข้อกำหนดที่กำหนดไว้เป็นแนวทางหรือระเบียบในการปฏิบัติหรือดำเนินการตามกฎหมาย.
กฎข้อบังคับ	๒๕๖๙	(กฎ) ข้อกำหนดที่กำหนดไว้เป็นแนวทางหรือระเบียบในการปฏิบัติหรือดำเนินการตามกฎหมาย.
กฎจราจร	๒๕๖๙	(กฎ) กฎเกณฑ์ในการใช้รถหรือใช้ทางสัญจรที่กฎหมายหรือที่เจ้าพนักงานผู้มีอำนาจกำหนดขึ้น ซึ่งอาจกำหนดขึ้นใช้เฉพาะในท้องที่ หรือกำหนดขึ้นตามข้อตกลงสากล ทั้งนี้เพื่อประโยชน์แห่งความสะดวก ปลอดภัยของผู้ใช้รถหรือใช้ทางสัญจร.
กฎทบวง	๒๕๔๒	(กฎ) น. ข้อบัญญัติที่รัฐมนตรีว่าการทบวงออกโดยอาศัยอํานาจตามบทบัญญัติแห่งกฎหมายเช่นเดียวกับกฎกระทรวง.
กฎทบวง	๒๕๕๔	ข้อกำหนดที่รัฐมนตรีว่าการทบวงออกโดยอาศัยอำนาจตามกฎหมายที่ให้ออกกฎทบวง.
กฎทบวง	๒๕๖๙	(กฎ) ข้อกำหนดที่รัฐมนตรีว่าการทบวงออกโดยอาศัยอำนาจตามกฎหมายที่ให้ออกกฎทบวง.
กฎธรรมชาติ	๒๕๔๒	น. กฎในเรื่องธรรมชาติ.
กฎธรรมชาติ	๒๕๕๔	ความเป็นไปตามธรรมชาติของสิ่งทั้งหลาย.
กฎธรรมชาติ	๒๕๖๙	ความเป็นไปตามธรรมชาติของสิ่งทั้งหลาย.
กฎธรรมดา	๒๕๔๒	น. ข้อกําหนดระเบียบการปฏิบัติเนื่องจากธรรมดาวิสัยของมนุษย์และสังคม.
กฎธรรมดา	๒๕๕๔	ความเป็นไปตามปรกติวิสัยของมนุษย์และสังคม.
กฎธรรมดา	๒๕๖๙	ความเป็นไปตามปรกติวิสัยของมนุษย์และสังคม.
กฎบัตร	๒๕๔๒	(กฎ) น. ตราสารที่จัดตั้ง จัดระเบียบ และกําหนดอํานาจหน้าที่ขององค์การ.
กฎบัตร	๒๕๕๔	ตราสารที่จัดตั้ง จัดระเบียบ และกำหนดอำนาจหน้าที่ขององค์การ.
กฎบัตร	๒๕๖๙	(กฎ) ตราสารที่จัดตั้ง จัดระเบียบ และกำหนดอำนาจหน้าที่ขององค์การ.
กฎบัตรกฎหมาย	๒๕๔๒	(ปาก) น. กระบวนกฎหมาย, เชิงกฎหมาย.
กฎบัตรกฎหมาย	๒๕๕๔	กระบวนกฎหมาย, เชิงกฎหมาย.
กฎบัตรกฎหมาย	๒๕๖๙	(ปาก) กระบวนกฎหมาย.
กฎบัตรสหประชาชาติ	๒๕๔๒	น. ตราสารที่สถาปนาและจัดระเบียบองค์การระหว่างประเทศที่เรียกว่า องค์การสหประชาชาติ.
กฎบัตรสหประชาชาติ	๒๕๕๔	ตราสารที่สถาปนาและจัดระเบียบองค์การสหประชาชาติ.
กฎบัตรสหประชาชาติ	๒๕๖๙	(กฎ) ตราสารที่สถาปนาและจัดระเบียบองค์การสหประชาชาติ.
กฎมณเฑียรบาล	๒๕๔๒	(โบ) น. กฎมนเทียรบาล.
กฎมณเฑียรบาล	๒๕๕๔	กฎมนเทียรบาล.
กฎมณเฑียรบาล	๒๕๖๙	(กฎ) ข้อบัญญัติพิเศษเกี่ยวกับพระราชฐาน พระราชวงศ์ และระเบียบการปกครองในราชสำนัก, โบราณใช้ว่า กฎมณเทียรบาล หรือ กฎมนเทียรบาล ก็มี.
กฎมณเฑียรบาลว่าด้วยการสืบราชสันตติวงศ์	๒๕๕๔	กฎหมายที่วางหลักเกณฑ์เกี่ยวกับการสืบราชสมบัติ.
กฎมณเฑียรบาลว่าด้วยการสืบราชสันตติวงศ์	๒๕๖๙	(กฎ) กฎหมายที่วางหลักเกณฑ์เกี่ยวกับการสืบราชสมบัติ.
กฎมณเทียรบาล	๒๕๕๔	กฎมนเทียรบาล.
กฎมนเทียรบาล	๒๕๔๒	(กฎ) น. ข้อบัญญัติพิเศษเกี่ยวกับพระราชฐาน พระราชวงศ์ และระเบียบการปกครองในราชสํานัก, โบราณใช้ว่า กฎมณเฑียรบาล หรือ กฎมณเทียรบาล ก็มี.
กฎมนเทียรบาล	๒๕๕๔	ข้อบัญญัติพิเศษเกี่ยวกับพระราชฐาน พระราชวงศ์ และระเบียบการปกครองในราชสำนัก, โบราณใช้ว่า กฎมณเฑียรบาล หรือ กฎมณเทียรบาล ก็มี.
กฎมนเทียรบาล	๒๕๖๙	(โบ) กฎมณเฑียรบาล.
กฎยุทธวินัย	๒๕๔๒	(กฎ; เลิก) น. ชื่อย่อของกฎว่าด้วยยุทธวินัยและการลงอาญาทหารบกฐานละเมิดยุทธวินัย.
กฎศีลธรรม	๒๕๔๒	น. กฎว่าด้วยการกระทำที่ถูกต้องและไม่ถูกต้องทางศีลธรรม.
กฎศีลธรรม	๒๕๕๔	กฎว่าด้วยการกระทำที่ถูกต้องและไม่ถูกต้องทางศีลธรรม.
กฎศีลธรรม	๒๕๖๙	กฎว่าด้วยการกระทำที่ถูกต้องและไม่ถูกต้องทางศีลธรรม.
กฎหมาย	๒๕๔๒	(กฎ) น. กฎที่สถาบันหรือผู้มีอํานาจสูงสุดในรัฐตราขึ้น หรือที่เกิดขึ้นจากจารีตประเพณีอันเป็นที่ยอมรับนับถือ เพื่อใช้ในการบริหารประเทศ เพื่อใช้บังคับบุคคลให้ปฏิบัติตาม หรือเพื่อกําหนดระเบียบแห่งความสัมพันธ์ระหว่างบุคคลหรือระหว่างบุคคลกับรัฐ.<2t>(โบ) ก. จดบันทึกไว้เป็นหลักฐาน เช่น สั่งให้นายอินกฎหมายผู้มีชื่อทั้งนี้ไว้. (พงศ. อยุธยา), ทําหนังสือเป็นหลักฐาน เช่น อนึ่ง มีผู้ทําหนังสือร้องเรียนกฎหมายว่า.... (พระราชกําหนดเก่า); ออกหมายกําหนด เช่น ให้มหาดไทยกลาโหมกฎหมายบอกแก่ตระลาการ ถ้ากฎหมายมิทั่ว จะเอาตัวผู้กฎหมายลงโทษ. (พระราชกําหนดเก่า); กฎหมายงานพระบรมศพครั้งกรุงเก่า; ตราสั่ง เช่น จึ่งกฎหมายให้สามไป เดือนหนึ่งจอมไตร ดํารัสให้เร่งคืนมา. (พากย์); กําหนดขีดขั้น เช่น ให้ปลูกโรงรจนาใน นอกหน้าศาลชัย ให้ตั้งพิกัดกฎหมาย. (พากย์).
กฎหมาย	๒๕๕๔	กฎเกณฑ์ที่ผู้มีอำนาจตราขึ้นเพื่อใช้บังคับบุคคลให้ปฏิบัติตามเป็นการทั่วไป ผู้ใดไม่ปฏิบัติตามย่อมได้รับผลร้าย กฎหมายอาจตราขึ้นเพื่อกำหนดระเบียบแห่งความสัมพันธ์ระหว่างบุคคลหรือระหว่างบุคคลกับรัฐ หรือเพื่อใช้ในการบริหารประเทศ กฎหมายอาจเกิดจากจารีตประเพณีอันเป็นที่ยอมรับนับถือกันก็ได้.
กฎหมาย	๒๕๖๙	(กฎ) กฎเกณฑ์ที่ผู้มีอำนาจตราขึ้นเพื่อใช้บังคับบุคคลให้ปฏิบัติตามเป็นการทั่วไป ผู้ใดไม่ปฏิบัติตามย่อมได้รับผลร้าย กฎหมายอาจตราขึ้นเพื่อกำหนดระเบียบแห่งความสัมพันธ์ระหว่างบุคคลหรือระหว่างบุคคลกับรัฐ หรือเพื่อใช้ในการบริหารประเทศ กฎหมายอาจเกิดจากจารีตประเพณีอันเป็นที่ยอมรับนับถือกันก็ได้.
กฎหมายจารีตประเพณี	๒๕๖๙	กฎเกณฑ์ที่มิได้มีการกำหนดไว้เป็นลายลักษณ์อักษร แต่เป็นที่ยอมรับกันทั่วไปในสังคมว่ามีผลบังคับเสมือนเป็นกฎหมายได้, กฎหมายประเพณี ก็ว่า.
กฎหมายตราสามดวง	๒๕๕๔	ประมวลกฎหมายโบราณของไทยซึ่งพระบาทสมเด็จพระพุทธยอดฟ้าจุฬาโลกมหาราช ได้โปรดเกล้าฯ ให้ชำระและปรับปรุงแก้ไขตัวบทกฎหมายต่าง ๆ ที่ใช้กันมาตั้งแต่สมัยอยุธยาจนถึงต้นรัตนโกสินทร์ เมื่อทำเสร็จแล้วได้ประทับดวงตราพระราชสีห์ พระคชสีห์ และบัวแก้ว ไว้เป็นสำคัญ จึงเรียกว่า กฎหมายตราสามดวง.
กฎหมายตราสามดวง	๒๕๖๙	(กฎ) ประมวลกฎหมายโบราณของไทยซึ่งพระบาทสมเด็จพระพุทธยอดฟ้าจุฬาโลกมหาราช ได้โปรดเกล้าฯ ให้ชำระและปรับปรุงแก้ไขตัวบทกฎหมายต่าง ๆ ที่ใช้กันมาตั้งแต่สมัยอยุธยาจนถึงต้นรัตนโกสินทร์ เมื่อทำเสร็จแล้วได้ประทับดวงตราพระราชสีห์ พระคชสีห์ และบัวแก้ว ไว้เป็นสำคัญ จึงเรียกว่า กฎหมายตราสามดวง.
กฎหมายนานาประเทศ	๒๕๔๒	(กฎ; โบ) น. ชื่อเดิมของกฎหมายระหว่างประเทศ. (ดู กฎหมายระหว่างประเทศ).
กฎหมายนิรโทษกรรม	๒๕๖๙	(กฎ) กฎหมายที่บัญญัติให้ผู้กระทำการใดที่กฎหมายกำหนดว่าเป็นความผิด พ้นจากความผิดและความรับผิดทั้งปวง.
กฎหมายปกครอง	๒๕๔๒	(กฎ) น. กฎหมายสาขาหนึ่งของกฎหมายมหาชนที่วางหลักเกี่ยวกับการจัดระเบียบในทางปกครองของรัฐ และการดำเนินกิจกรรมของฝ่ายปกครองในการจัดทำบริการสาธารณะรวมทั้งวางหลักความเกี่ยวพันในทางปกครองระหว่างฝ่ายปกครองกับเอกชน. (อ. administrative law).
กฎหมายปกครอง	๒๕๕๔	กฎหมายสาขาหนึ่งของกฎหมายมหาชนที่วางหลักเกี่ยวกับการจัดระเบียบในทางปกครองของรัฐ และการดำเนินกิจกรรมของฝ่ายปกครองในการจัดทำบริการสาธารณะ รวมทั้งวางหลักความเกี่ยวพันในทางปกครองระหว่างฝ่ายปกครองกับเอกชน.
กฎหมายปกครอง	๒๕๖๙	(กฎ) กฎหมายสาขาหนึ่งของกฎหมายมหาชนที่วางหลักเกี่ยวกับการจัดระเบียบในทางปกครองของรัฐ และการดำเนินกิจกรรมของฝ่ายปกครองในการจัดทำบริการสาธารณะ รวมทั้งวางหลักความเกี่ยวพันในทางปกครองระหว่างฝ่ายปกครองกับเอกชน.
กฎหมายประเพณี	๒๕๖๙	ดู กฎหมายจารีตประเพณี.
กฎหมายปิดปาก	๒๕๔๒	(กฎ) น. หลักกฎหมายที่ไม่ยอมให้อ้างหรือพิสูจน์ข้อเท็จจริงให้ผิดไปจากข้อเท็จจริงที่ปรากฏตามพฤติการณ์ ไม่ว่าข้อเท็จจริงที่ปรากฏนั้นจะเป็นจริงหรือไม่ก็ตาม. (อ. estoppel).
กฎหมายปิดปาก	๒๕๕๔	หลักกฎหมายที่ไม่ยอมให้อ้างหรือพิสูจน์ข้อเท็จจริงให้ผิดไปจากข้อเท็จจริงที่ปรากฏตามพฤติการณ์ ไม่ว่าข้อเท็จจริงที่ปรากฏนั้นจะเป็นจริงหรือไม่ก็ตาม.
กฎหมายปิดปาก	๒๕๖๙	(กฎ) หลักกฎหมายที่ไม่ยอมให้อ้างหรือพิสูจน์ข้อเท็จจริงให้ผิดไปจากข้อเท็จจริงที่ปรากฏตามพฤติการณ์ ไม่ว่าข้อเท็จจริงที่ปรากฏนั้นจะเป็นจริงหรือไม่ก็ตาม.
กฎหมายพาณิชย์	๒๕๔๒	(กฎ) น. กฎหมายที่วางระเบียบความเกี่ยวพันทางการค้าหรือธุรกิจระหว่างบุคคล เช่น กฎหมายว่าด้วยการซื้อขาย การเช่าทรัพย์ การจํานอง การจํานํา ตั๋วเงิน หุ้นส่วน บริษัท. (อ. commercial law).
กฎหมายพาณิชย์	๒๕๕๔	กฎหมายที่วางระเบียบความเกี่ยวพันทางการค้าหรือธุรกิจระหว่างบุคคล เช่น กฎหมายว่าด้วยการซื้อขาย การเช่าทรัพย์ การจำนอง การจำนำ ตั๋วเงิน หุ้นส่วน บริษัท.
กฎหมายพาณิชย์	๒๕๖๙	(กฎ) กฎหมายที่กำหนดสิทธิ หน้าที่ และความสัมพันธ์ทางการค้าหรือธุรกิจระหว่างบุคคล เช่น กฎหมายว่าด้วยการซื้อขาย ประกันภัย ตั๋วเงิน หุ้นส่วน บริษัท.
กฎหมายมหาชน	๒๕๔๒	(กฎ) น. กฎหมายที่วางระเบียบความเกี่ยวพันระหว่างรัฐกับเอกชน ในฐานะที่รัฐมีอำนาจปกครองเอกชนที่อยู่ในดินแดนของรัฐนั้น เช่น กฎหมายรัฐธรรมนูญ กฎหมายอาญา. (อ. public law).
กฎหมายมหาชน	๒๕๕๔	กฎหมายที่วางระเบียบโครงสร้างและการปกครองของรัฐหรือการบริหารราชการแผ่นดิน รวมตลอดทั้งความเกี่ยวพันระหว่างรัฐกับเอกชน เช่น กฎหมายรัฐธรรมนูญ กฎหมายอาญา กฎหมายปกครอง.
กฎหมายมหาชน	๒๕๖๙	(กฎ) กฎหมายที่วางระเบียบความสัมพันธ์ระหว่างรัฐกับเอกชน ในฐานะที่รัฐมีอำนาจปกครองเอกชนที่อยู่ในดินแดนของรัฐนั้น หรือวางระเบียบเกี่ยวกับรูปแบบการปกครองประเทศ การบริหารกิจการของรัฐหรือหน่วยงานของรัฐ เช่น กฎหมายรัฐธรรมนูญ กฎหมายอาญา กฎหมายปกครอง กฎหมายระเบียบบริหารราชการแผ่นดิน กฎหมายปรับปรุงกระทรวง ทบวง กรม.
กฎหมายระหว่างประเทศ	๒๕๔๒	(กฎ) น. หลักกฎหมายหรือหลักปฏิบัติที่ยอมรับกันว่าด้วยรัฐและความเกี่ยวพันระหว่างรัฐ รวมทั้งความเกี่ยวพันระหว่างรัฐกับองค์การระหว่างประเทศและประชาคมระหว่างประเทศ, เดิมเรียกว่า กฎหมายนานาประเทศ. (อ. international law).
กฎหมายระหว่างประเทศ	๒๕๕๔	หลักกฎหมายหรือหลักปฏิบัติที่ยอมรับกันว่าด้วยรัฐและความเกี่ยวพันระหว่างรัฐ รวมทั้งความเกี่ยวพันระหว่างรัฐกับองค์การระหว่างประเทศและประชาคมระหว่างประเทศ.
กฎหมายระหว่างประเทศ	๒๕๖๙	(กฎ) หลักกฎหมายหรือหลักปฏิบัติที่นานาประเทศยอมรับกัน เกี่ยวกับรัฐและความเกี่ยวพันระหว่างรัฐ รวมทั้งความเกี่ยวพันระหว่างรัฐกับองค์การระหว่างประเทศและประชาคมระหว่างประเทศ.
กฎหมายรัฐธรรมนูญ	๒๕๔๒	(กฎ) น. กฎหมายสาขาหนึ่งของกฎหมายมหาชนที่มีวัตถุประสงค์ในการวางระเบียบการปกครองรัฐในทางการเมือง โดยกำหนดโครงสร้างของรัฐ ระบอบการปกครอง การใช้อำนาจอธิปไตยและการดำเนินงานของสถาบันสูงสุดของรัฐที่ใช้อำนาจอธิปไตย. (อ. constitutional law).
กฎหมายรัฐธรรมนูญ	๒๕๕๔	กฎหมายที่วางระเบียบการปกครองรัฐในทางการเมือง โดยกำหนดโครงสร้างของรัฐ ระบอบการปกครอง การใช้อำนาจอธิปไตย การคุ้มครองสิทธิและเสรีภาพของประชาชน และความสัมพันธ์ระหว่างสถาบันที่ใช้อำนาจอธิปไตย.
กฎหมายรัฐธรรมนูญ	๒๕๖๙	(กฎ) กฎหมายสาขาหนึ่งของกฎหมายมหาชนที่วางหลักเกี่ยวกับโครงสร้างของรัฐ ระบอบการปกครอง ที่มาและการใช้อำนาจอธิปไตย ความสัมพันธ์ระหว่างองค์กรหรือสถาบันต่าง ๆ ที่ใช้อำนาจอธิปไตย การคุ้มครองสิทธิและเสรีภาพ และหน้าที่ของประชาชน ประกอบไปด้วยรัฐธรรมนูญและรัฐธรรมนูญที่ไม่เป็นลายลักษณ์อักษร เช่น ขนบธรรมเนียม จารีตประเพณี คำพิพากษา คำวินิจฉัยหรือคำชี้ขาดของศาล สถาบันหรือองค์กรที่มีอำนาจพิจารณาวินิจฉัยปัญหาเกี่ยวกับรัฐธรรมนูญ ธรรมเนียมปฏิบัติต่าง ๆ ที่วางหลักในเรื่องที่กล่าวมาข้างต้น.
กฎหมายวิธีสบัญญัติ	๒๕๖๙	(กฎ) บทบัญญัติของกฎหมายหรือกฎที่กำหนดวิธีพิจารณาและพิพากษาของศาล และวิธี ปฏิบัติขององค์กรที่มีหน้าที่และอำนาจดำเนินการเรื่องต่าง ๆ.
กฎหมายสารบัญญัติ	๒๕๖๙	(กฎ) บทบัญญัติของกฎหมายหรือกฎที่กำหนดกฎเกณฑ์ สิทธิ หน้าที่อำนาจ และความสัมพันธ์ของผู้ที่เกี่ยวข้อง.
กฎหมายอาญา	๒๕๔๒	(กฎ) น. กฎหมายที่กําหนดลักษณะของการกระทําที่ถือว่าเป็นความผิด และกําหนดบทลงโทษทางอาญาสําหรับความผิดนั้น. (อ. criminal law).
กฎหมายอาญา	๒๕๕๔	กฎหมายที่กำหนดลักษณะของการกระทำที่ถือว่าเป็นความผิด และกำหนดบทลงโทษทางอาญาสำหรับความผิดนั้น.
กฎหมายอาญา	๒๕๖๙	(กฎ) กฎหมายที่กำหนดลักษณะของการกระทำที่ถือว่าเป็นความผิด และกำหนดบทลงโทษทางอาญาสำหรับความผิดนั้น.
กฎหมายเหตุ	๒๕๔๒	น. จดหมายเหตุ. (พงศ. ประเสริฐ); (กฎ; โบ) กฎเกณฑ์การปฏิบัติที่ตราขึ้นหรือเนื่องจากประเพณีซึ่งมีค่าบังคับ.
กฎหมายเหตุ	๒๕๕๔	จดหมายเหตุ. (พงศ. ประเสริฐ)
กฎหมายเหตุ	๒๕๖๙	(โบ) จดหมายเหตุ เช่น ให้เอากฎหมายเหตุของพระโหราเขียนไว้แต่ก่อน แลกฎหมายเหตุซึ่งหาได้แต่หอหนังสือ (พงศ. ประเสริฐ).
กฎหมายเอกชน	๒๕๔๒	(กฎ) น. กฎหมายที่วางระเบียบความเกี่ยวพันระหว่างเอกชนหรือระหว่างเอกชนกับรัฐ ในฐานะที่รัฐดำเนินการอย่างเอกชนเกี่ยวกับสถานภาพของบุคคลตามกฎหมาย สิทธิและหน้าที่ของเอกชน รวมทั้งวางระเบียบเกี่ยวกับทรัพย์สินของเอกชน เช่น กฎหมายแพ่ง กฎหมายพาณิชย์. (อ. private law).
กฎหมายเอกชน	๒๕๕๔	กฎหมายที่วางระเบียบความเกี่ยวพันระหว่างเอกชนหรือระหว่างเอกชนกับรัฐ ในฐานะที่รัฐดำเนินการอย่างเอกชนเกี่ยวกับสถานภาพของบุคคลตามกฎหมาย สิทธิและหน้าที่ของเอกชน รวมทั้งวางระเบียบเกี่ยวกับทรัพย์สินของเอกชน เช่น กฎหมายแพ่ง กฎหมายพาณิชย์.
กฎหมายเอกชน	๒๕๖๙	(กฎ) กฎหมายที่วางระเบียบความเกี่ยวพันระหว่างเอกชนหรือระหว่างเอกชนกับรัฐ ในฐานะที่รัฐดำเนินการอย่างเอกชนเกี่ยวกับสถานภาพของบุคคลตามกฎหมาย สิทธิและหน้าที่ของเอกชน รวมทั้งวางระเบียบเกี่ยวกับทรัพย์สินของเอกชน เช่น กฎหมายแพ่ง กฎหมายพาณิชย์.
กฎหมายแพ่ง	๒๕๔๒	(กฎ) น. กฎหมายที่วางระเบียบความเกี่ยวพันระหว่างบุคคลเกี่ยวกับสถานภาพ สิทธิ และหน้าที่ของบุคคลตามกฎหมาย เช่น กฎหมายว่าด้วยนิติกรรม ละเมิด ทรัพย์สิน ครอบครัว มรดก. (อ. civil law).
กฎหมายแพ่ง	๒๕๕๔	กฎหมายที่วางระเบียบความเกี่ยวพันระหว่างบุคคลเกี่ยวกับสถานภาพ สิทธิ และหน้าที่ของบุคคลตามกฎหมาย เช่น กฎหมายว่าด้วยนิติกรรม ละเมิด ทรัพย์สิน ครอบครัว มรดก.
กฎหมายแพ่ง	๒๕๖๙	(กฎ) กฎหมายที่กำหนดสถานภาพของบุคคล ความสัมพันธ์ระหว่างบุคคล และสิทธิ หน้าที่ ความรับผิดเมื่อเกี่ยวข้องกับบุคคลอื่น เช่น การเริ่มต้นของสภาพบุคคล นิติกรรม ละเมิด ทรัพย์สิน ครอบครัว มรดก.
กฎหมู่	๒๕๔๒	น. อํานาจกดดันที่บุคคลจํานวนมากนํามาใช้บีบบังคับให้อีกฝ่ายหนึ่งกระทําหรือเว้นกระทําสิ่งที่บุคคลจำนวนนั้นต้องการ (มักไม่เป็นไปตามตัวบทกฎหมาย).
กฎหมู่	๒๕๕๔	การกดดันที่บุคคลจำนวนมากนำมาใช้บีบบังคับให้อีกฝ่ายหนึ่งกระทำหรือเว้นกระทำอย่างใดอย่างหนึ่ง (มักไม่เป็นไปตามตัวบทกฎหมาย).
กฎหมู่	๒๕๖๙	การกระทำอย่างใดอย่างหนึ่งที่บุคคลจำนวนมากนำมาใช้บีบบังคับให้อีกฝ่ายหนึ่งกระทำหรือเว้นกระทำ (มักไม่เป็นไปตามตัวบทกฎหมาย).
กฎอัยการศึก	๒๕๔๒	(กฎ) น. กฎหมายซึ่งได้ตราขึ้นไว้สําหรับประกาศใช้เมื่อมีเหตุจําเป็น เพื่อรักษาความสงบเรียบร้อยในบ้านเมือง เช่น ในกรณีเกิดสงคราม การจลาจล ในเขตที่ประกาศใช้กฎอัยการศึกเจ้าหน้าที่ฝ่ายทหารมีอํานาจหน้าที่เหนือเจ้าหน้าที่ฝ่ายพลเรือนในส่วนที่เกี่ยวกับการยุทธ์ การระงับปราบปราม หรือการรักษาความสงบเรียบร้อย และศาลทหารมีอํานาจพิจารณาพิพากษาคดีอาญาบางอย่างที่ประกาศระบุไว้แทนศาลพลเรือน.
กฎอัยการศึก	๒๕๕๔	กฎหมายที่ให้อำนาจเจ้าหน้าที่ฝ่ายทหารลิดรอนสิทธิเสรีภาพบางประการของประชาชนได้ตามความจำเป็น ทั้งให้มีอำนาจหน้าที่เหนือเจ้าหน้าที่ฝ่ายพลเรือนในส่วนที่เกี่ยวกับการยุทธ การระงับปราบปรามหรือการรักษาความสงบเรียบร้อย และศาลทหารมีอำนาจพิจารณาพิพากษาคดีอาญาบางอย่างที่ประกาศระบุไว้แทนศาลพลเรือน การใช้กฎอัยการศึกจะกระทำได้เมื่อมีเหตุจำเป็นเพื่อรักษาความสงบเรียบร้อยในบ้านเมือง เช่น ในกรณีเกิดสงคราม การจลาจล โดยจะให้มีผลบังคับทุกท้องที่หรือบางท้องที่ก็ได้ตามความจำเป็น.
กฎอัยการศึก	๒๕๖๙	(กฎ) กฎหมายที่ให้อำนาจเจ้าหน้าที่ฝ่ายทหารริดรอนสิทธิเสระภาพบางประการของประชาชนได้ตามความจำเป็น ทั้งให้มีอำนาจหน้าที่เหนือเจ้าหน้าที่ฝ่ายพลเรือนในส่วนที่เกี่ยวกับการยุทธ การระงับปราบปรามหรือการรักษาความสงบเรียบร้อย และศาลทหารมีอำนาจพิจารณาพิพากษาคดีอาญาบางอย่างที่ประกาศระบุไว้แทนศาลพลเรือนการใช้กฎอัยการศึกจะกระทำได้เมื่อมีเหตุจำเป็นเพื่อรักษาความสงบเรียบร้อยในบ้านเมือง เช่น ในกรณีเกิดสงคราม การจลาจล โดยจะให้มีผลบังคับทุกท้องที่หรือบางท้องที่ก็ได้ตามความจำเป็น.
กฎเกณฑ์	๒๕๔๒	น. ข้อกําหนดที่วางไว้เป็นหลัก, หลักเกณฑ์.
กฎเกณฑ์	๒๕๕๔	ข้อกำหนดที่วางไว้เป็นหลักให้ปฏิบัติ, หลักเกณฑ์.
กฎเกณฑ์	๒๕๖๙	ข้อกำหนดที่วางไว้เป็นหลักให้ปฏิบัติ, หลักเกณฑ์.
กฎเสนาบดี	๒๕๔๒	(เลิก) ดู กฎกระทรวง.
กฎเสนาบดี	๒๕๕๔	ดู กฎกระทรวง.
กฎเสนาบดี	๒๕๖๙	ดู กฎกระทรวง.
กฎแห่งกรรม	๒๕๔๒	น. กฎว่าด้วยกรรมและผลแห่งกรรมที่ผู้กระทําจักต้องได้รับ.
กฎแห่งกรรม	๒๕๕๔	กฎว่าด้วยกรรมและผลแห่งกรรมที่ผู้กระทำจักต้องได้รับ.
กฎแห่งกรรม	๒๕๖๙	กฎว่าด้วยกรรมและผลแห่งกรรมที่ผู้กระทำจักต้องได้รับ.
กฏิ	๒๕๔๒	(แบบ) น. สะเอว. (ป.).
กฏิ	๒๕๕๔	สะเอว.
กฏิ	๒๕๖๙	(แบบ) สะเอว, สะโพก. (ป., ส.).
กฏุก	๒๕๔๒	[กะตุก, กะตุกะ-] ว. เผ็ด, เผ็ดร้อน, เช่น ตรีกฏุก หมายถึงเครื่องยาที่เผ็ดร้อนรวม ๓ อย่าง คือ พริกไทย ดีปลี ขิงแห้ง. (ป.).
กฏุก	๒๕๕๔	เผ็ด, เผ็ดร้อน, เช่น ตรีกฏุก หมายถึงเครื่องยาที่เผ็ดร้อนรวม ๓ อย่าง คือ พริกไทย ดีปลี ขิงแห้ง.
กฏุก	๒๕๖๙	เผ็ด, เผ็ดร้อน, เช่น ตรีกฏุก หมายถึงเครื่องยาที่เผ็ดร้อนรวม ๓ อย่าง คือ พริกไทย ดีปลี ขิงแห้ง. (ป., ส.).
กฏุก-	๒๕๕๔	เผ็ด, เผ็ดร้อน, เช่น ตรีกฏุก หมายถึงเครื่องยาที่เผ็ดร้อนรวม ๓ อย่าง คือ พริกไทย ดีปลี ขิงแห้ง.
กฏุกผล	๒๕๔๒	[กะตุกะผน] (แบบ) น. ผลอันเผ็ดร้อน. (ชุมนุมตํารากลอน ปาราชิตฉันท์).
กฏุกผล	๒๕๕๔	ผลอันเผ็ดร้อน.
กฏุกผล	๒๕๖๙	(แบบ) ผลอันเผ็ดร้อน.
กฐิน	๒๕๔๒	[กะถิน, กะถินนะ-] น. ผ้าพิเศษที่พระพุทธเจ้าทรงอนุญาตแก่ภิกษุสงฆ์เฉพาะกฐินกาล, ตามศัพท์แปลว่า ไม้สะดึง คือ กรอบไม้สำหรับขึงผ้าที่จะเย็บเป็นจีวร; คํา กฐิน นี้ ใช้ประกอบกับคําอื่นอันเนื่องด้วยพิธีกฐิน ผ้าที่ถวายแก่ภิกษุสงฆ์ในพิธีนี้ เรียกว่า ผ้ากฐิน ในฤดูกาลเรียกว่า กฐินกาล [กะถินนะกาน] คือระยะเวลาตั้งแต่แรมคํ่าหนึ่ง เดือน ๑๑ ถึงกลางเดือน ๑๒ ระยะเวลานี้เรียกเป็นสามัญว่า เทศกาลกฐิน [เทดสะกานกะถิน] ฤดูกฐิน หรือ หน้ากฐิน ก็มี ก่อนจะถึงกฐินกาลผู้ประสงค์จะถวายผ้ากฐินแก่ภิกษุสงฆ์วัดใดจะต้องไปแจ้งความจํานงว่าจะนำผ้ากฐินไปทอดที่วัดนั้นเป็นการล่วงหน้า การแสดงความจํานงล่วงหน้านี้ เรียกว่า จองกฐิน การทําพิธีถวายผ้ากฐิน เรียกว่า ทอดกฐิน พระภิกษุผู้ได้รับมอบผ้ากฐินจากสงฆ์โดยวิธีที่กําหนดไว้ในพระวินัย เรียกว่า ผู้กรานกฐิน ผู้ครองกฐิน หรือ องค์ครองกฐิน เฉพาะผ้ากฐิน บางทีก็เรียกว่า องค์กฐิน ถ้าพร้อมกับของอื่นอันเป็นบริวารสําหรับถวายภิกษุสงฆ์ เรียกว่า เครื่องกฐิน หรือ บริวารกฐิน [บอริวานกะถิน] เมื่อนําผ้ากฐินไปทอดโดยมีขบวนแห่ เรียกว่า แห่กฐิน ถ้ามีพิธีฉลอง เรียกว่า ฉลองกฐิน การที่ภิกษุสงฆ์ผู้ร่วมอยู่ในพิธีอนุโมทนาต่อองค์ครองกฐินตามพระวินัย หรือการที่บุคคลแสดงความยินดีในการที่เขาทอดกฐิน เรียกว่า อนุโมทนากฐิน [อะนุโมทะนากะถิน] ภิกษุสงฆ์ผู้ได้อนุโมทนากฐินแล้วนั้น ย่อมได้ชื่อว่าเป็น ผู้กรานกฐิน ด้วย ผลของการทอดกฐิน เรียกว่า อานิสงส์กฐิน, ในทางวินัยสิทธิพิเศษ ๕ ประการซึ่งมีแก่ภิกษุผู้ได้กรานกฐินแล้ว ก็เรียกว่า อานิสงส์กฐิน เช่นกัน. (ดู กรานกฐิน และ จุลกฐิน).
กฐิน	๒๕๕๔	ผ้าพิเศษที่พระพุทธเจ้าทรงอนุญาตแก่ภิกษุสงฆ์เฉพาะกฐินกาล, ตามศัพท์แปลว่า ไม้สะดึง คือ กรอบไม้สำหรับขึงผ้าที่จะเย็บเป็นจีวร
กฐิน	๒๕๖๙	ผ้าพิเศษที่พระพุทธเจ้าทรงอนุญาตแก่ภิกษุสงฆ์เฉพาะกฐินกาล. (ป.).
กฐิน-	๒๕๕๔	ผ้าพิเศษที่พระพุทธเจ้าทรงอนุญาตแก่ภิกษุสงฆ์เฉพาะกฐินกาล, ตามศัพท์แปลว่า ไม้สะดึง คือ กรอบไม้สำหรับขึงผ้าที่จะเย็บเป็นจีวร
กฐินทาน	๒๕๔๒	[กะถินนะทาน] น. การทอดกฐิน.
กฐินทาน	๒๕๕๔	การทอดกฐิน.
กฐินทาน	๒๕๖๙	การทอดกฐิน.
กฐินัตถารกรรม	๒๕๔๒	[กะถินัดถาระกํา] น. การกรานกฐิน. (ป. ก&#xf700;&#x0e34;น + อตฺถาร + ส. กรฺม).
กฐินัตถารกรรม	๒๕๕๔	การกรานกฐิน.
กฐินัตถารกรรม	๒๕๖๙	การกรานกฐิน.
กณิกนันต์	๒๕๔๒	[กะนิกนัน] (แบบ) ว. ละเอียดยิ่ง เช่น ลวดหลายลายกณิกนันต์. (ม. คําหลวง ทานกัณฑ์). (ป. กณิก ว่า น้อย + อนนฺต ว่า ไม่มีที่สุด).
กณิกนันต์	๒๕๕๔	ละเอียดยิ่ง เช่น ลวดหลายลายกณิกนันต์ (ม. คำหลวง ทานกัณฑ์).
กณิกนันต์	๒๕๖๙	(วรรณ) ละเอียดยิ่ง เช่น ลวดหลายลายกณิกนันต์ (ม. คําหลวง ทานกัณฑ์).
กณิการ์	๒๕๔๒	น. ไม้กรรณิการ์. (ม. ร่ายยาว ทานกัณฑ์).
กณิการ์	๒๕๕๔	ไม้กรรณิการ์ เช่น งามดั่งดอกกณิการ์กาญจนสุหร่ายรดเบิกบานน่าชมเชย (ม. ร่ายยาว ทานกัณฑ์).
กณิการ์	๒๕๖๙	ไม้กรรณิการ์.
กด	๒๕๔๒	น. เรียกคำหรือพยางค์ที่มีตัว จ ฉ ช ซ ฌ ฎ ฏ ฐ ฑ ฒ ด ต ถ ท ธ ศ ษ ส สะกด ว่า แม่กด หรือ มาตรากด.
กด	๒๕๕๔	เรียกคำหรือพยางค์ที่มีตัว จ ฉ ช ซ ฌ ฎ ฏ ฐ ฑ ฒ ด ต ถ ท ธ ศ ษ ส สะกด ว่า มาตรากดหรือแม่กด.
กด	๒๕๖๙	ดู มาตรากด หรือ แม่กด.
กดขาว	๒๕๔๒	ดู กดเหลือง.
กดขาว	๒๕๕๔	ดู กดเหลือง.
กดขี่	๒๕๔๒	ก. ข่มให้อยู่ในอํานาจตน, ใช้บังคับเอา, ทําอํานาจเอา, บางทีใช้เข้าคู่กับคำ ข่มเหง เป็น กดขี่ข่มเหง.
กดขี่	๒๕๕๔	ข่มให้อยู่ในอำนาจตน, ใช้บังคับเอา, ทำอำนาจเอา, บางทีใช้เข้าคู่กับคำ ข่มเหง เป็น กดขี่ข่มเหง.
กดขี่	๒๕๖๙	ข่มให้อยู่ในอํานาจตน, ทําอํานาจเอา, บางทีใช้คู่กับคำ ข่มเหง เป็น กดขี่ข่มเหง.
กดคอ	๒๕๔๒	(ปาก) ก. บังคับเอา.
กดคอ	๒๕๕๔	บังคับเอา.
กดคอ	๒๕๖๙	(ปาก) บังคับเอา.
กดคอยอกำด้น	๒๕๖๙	(สำ)บังคับ.
กดจุด	๒๕๕๔	ใช้นิ้วกดตามตำแหน่งหรือจุดต่าง ๆ บนร่างกายเพื่อบำบัดโรคหรือเพื่อผ่อนคลายเป็นต้น.
กดจุด	๒๕๖๙	ใช้นิ้วกดตามตำแหน่งหรือจุดต่าง ๆ บนร่างกายเพื่อบำบัดโรคหรือเพื่อผ่อนคลายเป็นต้น.
กดดัน	๒๕๔๒	ก. บีบคั้น.
กดดัน	๒๕๕๔	บีบคั้น.
กดดัน	๒๕๖๙	บีบคั้น.
กดน้ำ	๒๕๔๒	(ปาก) ก. ใช้กําลังกดสิ่งใดสิ่งหนึ่งให้มิดลงไปในนํ้า ในความว่า จับกดน้ำ จับหัวกดน้ำ.
กดน้ำ	๒๕๕๔	ใช้กำลังกดสิ่งใดสิ่งหนึ่งให้มิดลงไปในนํ้า ในความว่า จับกดน้ำ จับหัวกดน้ำ.
กดหัว	๒๕๔๒	(ปาก) ก. ทําให้หือไม่ขึ้น.
กดหัว	๒๕๕๔	บังคับให้อยู่ใต้อำนาจ.
กดหัว	๒๕๖๙	(ปาก) บังคับให้อยู่ใต้อำนาจ.
กดเหลือง	๒๕๔๒	น. ชื่อปลาน้ำจืดชนิด Mystus nemurus ในวงศ์ Bagriidae ไม่มีเกล็ด หัวแบน หนวดยาวถึงครีบก้น ข้างลำตัวสีเหลือง ด้านหลังสีน้ำตาลดำ มีชุกชุมทั่วไปแม้ในเขตน้ำกร่อยใกล้ปากแม่น้ำ, กดขาว หรือ ชงโลง ก็เรียก.
กดเหลือง	๒๕๕๔	ชื่อปลาน้ำจืดชนิด Hemibagrus nemurus (Valenciennes) ในวงศ์ Bagridae ไม่มีเกล็ด หัวแบน หนวดยาวถึงครีบก้น ข้างลำตัวสีเหลือง ด้านหลังสีน้ำตาลดำ มีชุกชุมทั่วไป แม้ในเขตน้ำกร่อยใกล้ปากแม่น้ำ ขนาดยาวได้ถึง ๖๕ เซนติเมตร, กดขาว หรือ ชงโลง ก็เรียก.
กตัญชลี	๒๕๔๒	[กะตันชะลี] (แบบ) ก. ยกมือไหว้. (ป. กต ว่า อันเขาทําแล้ว + อญฺชลี ว่า กระพุ่มมือ).
กตัญชลี	๒๕๕๔	ยกมือไหว้.
กตัญชลี	๒๕๖๙	(แบบ) ยกมือไหว้.
กตัญญุตา	๒๕๔๒	[กะตัน-] น. ความกตัญญู, ความเป็นผู้รู้อุปการคุณที่ท่านทำให้, ความเป็นผู้รู้คุณท่าน. (ป.).
กตัญญุตา	๒๕๕๔	ความกตัญญู, ความเป็นผู้รู้อุปการคุณที่ท่านทำให้, ความเป็นผู้รู้คุณท่าน, เป็นคำคู่กันกับ กตเวทิตา.
กตัญญุตา	๒๕๖๙	ความกตัญญู, ความเป็นผู้รู้อุปการคุณที่ท่านทำให้, ความเป็นผู้รู้คุณท่าน, เป็นคําคู่กันกับ กตเวทิตา. (ป.).
กตัญญู	๒๕๔๒	[กะตัน-] น. (ผู้) รู้อุปการะที่ท่านทําให้, (ผู้) รู้คุณท่าน, เป็นคําคู่กันกับ กตเวที. [ป. กต ว่า (อุปการคุณ) ที่ท่านทําแล้ว + ญู ว่า ผู้รู้].
กตัญญู	๒๕๕๔	ซึ่งรู้อุปการะที่ท่านทำให้, ซึ่งรู้คุณท่าน, เป็นคำคู่กันกับ กตเวที. [ป. กต ว่า อันเขาทำแล้ว + ญู ว่า ซึ่งรู้].
กตัญญู	๒๕๖๙	รู้อุปการะที่ท่านทําให้, รู้คุณท่าน, เช่น เขากตัญญูต่อผู้มีพระคุณ , ใช้เป็นคำวิเศษณ์ก็ได้ เช่น เขาเป็นคนกตัญญู , ใช้คู่กับคำ กตเวที เช่น เขากตัญญูกตเวทีต่อผู้มีพระคุณ, เขาเป็นคนกตัญญูกตเวที. (ป.).
กตาธิการ	๒๕๔๒	[กะตาทิกาน] (แบบ) น. อธิการ (บารมีอันยิ่ง) ที่ทําไว้.<2t>ว. มีอธิการที่ทําไว้, มีบารมีที่สั่งสมไว้. (ป. กต ว่า อันเขาทําแล้ว + อธิการ).
กตาธิการ	๒๕๕๔	การอันยิ่งที่ทำแล้ว.
กตาธิการ	๒๕๖๙	(แบบ) การอันยิ่งที่ทำแล้ว.
กตาภินิหาร	๒๕๔๒	[กะตาพินิหาน] (แบบ) น. อภินิหาร (บุญอันยิ่ง) ที่ทําไว้.<2t>ว. มีอภินิหารที่ทําไว้. (ป. กต ว่า อันเขาทําแล้ว + อภินิหาร).
กตาภินิหาร	๒๕๕๔	อภินิหารที่ทำไว้.
กตาภินิหาร	๒๕๖๙	(แบบ) อภินิหารที่ทําไว้, กฤดาภินิหาร ก็ว่า.
กติกา	๒๕๔๒	[กะ-] น. กฎเกณฑ์หรือข้อตกลงที่บุคคลตั้งแต่ ๒ ฝ่ายขึ้นไปกําหนดขึ้นเป็นหลักปฏิบัติ เช่น กติกาชกมวย กติกาฟุตบอล; (กฎ) หนังสือสัญญา; ข้อตกลง. (ป.; อ. covenant).
กติกา	๒๕๕๔	กฎเกณฑ์หรือข้อตกลงที่บุคคลตั้งแต่ ๒ ฝ่ายขึ้นไปกำหนดขึ้นเป็นหลักปฏิบัติ เช่น กติกาชกมวย กติกาฟุตบอล
กติกา	๒๕๖๙	กฎเกณฑ์หรือข้อตกลงที่บุคคลตั้งแต่ ๒ ฝ่ายขึ้นไปกําหนดขึ้นเป็นหลักปฏิบัติ เช่น กติกาชกมวย, กติกาฟุตบอล.
กติกาสัญญา	๒๕๔๒	(กฎ) น. ความตกลงระหว่างประเทศ. (อ. pact).
กติกาสัญญา	๒๕๕๔	ความตกลงระหว่างประเทศ.
กติกาสัญญา	๒๕๖๙	(กฎ) ความตกลงระหว่างประเทศ. (อ. pact).
กตเวทิตา	๒๕๔๒	[กะตะ-] น. ความเป็นผู้ประกาศคุณท่าน, ความเป็นผู้สนองคุณท่าน, เป็นคําคู่กันกับ กตัญญุตา. (ป.).
กตเวทิตา	๒๕๕๔	ความเป็นผู้ประกาศคุณท่าน, ความเป็นผู้สนองคุณท่าน, เป็นคำคู่กันกับ กตัญญุตา.
กตเวทิตา	๒๕๖๙	ความเป็นผู้ประกาศคุณท่าน, ความเป็นผู้สนองคุณท่าน, เป็นคําคู่กันกับ กตัญญุตา. (ป.).
กตเวที	๒๕๔๒	[กะตะ-] ว. (ผู้) ประกาศคุณท่าน, (ผู้) สนองคุณท่าน, เป็นคําคู่กันกับ กตัญญู. [ป. กต ว่า (อุปการคุณ) ที่ท่านทําแล้ว + เวที ว่า ผู้ให้รู้, ผู้ประกาศ].
กตเวที	๒๕๕๔	ซึ่งประกาศคุณท่าน, ซึ่งสนองคุณท่าน, เป็นคำคู่กันกับ กตัญญู. [ป. กต ว่า อันเขาทำแล้ว + เวที ว่า ซึ่งรู้, ซึ่งประกาศให้รู้].
กตเวที	๒๕๖๙	ประกาศคุณท่าน, สนองคุณท่าน, ใช้คู่กับ กตัญญู เป็น กตัญญูกตเวที.
กถา	๒๕๔๒	[กะ-] น. ถ้อยคํา, เรื่อง, คําอธิบาย, คํากล่าว. (ป.).
กถา	๒๕๕๔	ถ้อยคำ, เรื่อง, คำอธิบาย, คำกล่าว.
กถา	๒๕๖๙	ถ้อยคํา, เรื่อง, คําอธิบาย, คํากล่าว. (ป., ส.).
กถามรรค	๒๕๔๒	[-มัก] น. ลาดเลาแห่งกถา ได้แก่เรื่องที่แต่งตามอัตโนมัติของผู้แต่งว่าด้วยธรรมนั้น&#160;ๆ. (ส. กถา + มรฺค ว่า ทาง).
กถามรรค	๒๕๕๔	ลาดเลาแห่งกถา ได้แก่เรื่องที่แต่งตามอัตโนมัติของผู้แต่งว่าด้วยธรรมนั้นๆ.
กถามรรค	๒๕๖๙	ลาดเลาแห่งกถา ได้แก่เรื่องที่แต่งตามความเห็นของผู้แต่งเองว่าด้วยธรรมนั้น ๆ.
กถามรรคเทศนา	๒๕๔๒	[-มักคะเทดสะหฺนา] น. เทศนาฝ่ายกถามรรค, คู่กับ สุตตันตเทศนา. (ส. -เทศนา ว่า การแสดง).
กถามรรคเทศนา	๒๕๕๔	เทศนาฝ่ายกถามรรค, คู่กับ สุตตันตเทศนา.
กถามรรคเทศนา	๒๕๖๙	เทศนาฝ่ายกถามรรค, คู่กับ สุตตันตเทศนา.
กถามุข	๒๕๔๒	น. เบื้องต้นของเนื้อเรื่อง. (ป.; ส. -มุข ว่า หน้า).
กถามุข	๒๕๕๔	เบื้องต้นของเนื้อเรื่อง, ข้อความนำเรื่อง.
กถามุข	๒๕๖๙	เบื้องต้นของเนื้อเรื่อง, ข้อความนำเรื่อง. (ส.).
กถิกาจารย์	๒๕๔๒	[กะถิกาจาน] (แบบ) น. อาจารย์ผู้กล่าว. (ป., ส. กถิก + ส. อาจารฺย).
กถิกาจารย์	๒๕๕๔	อาจารย์ผู้กล่าว.
กถิกาจารย์	๒๕๖๙	(แบบ) อาจารย์ผู้กล่าว. (ป. กถิก ว่า ผู้กล่าว).
กทรรป	๒๕๔๒	[กะทับ] (แบบ) ก. กําหนัด เช่น ตรูกามกทรรปหฤทัย. (สมุทรโฆษ). (ส. กนฺทรฺป ว่า กามเทพ).
กทรรป	๒๕๕๔	กำหนัด เช่น ตรูกามกทรรปหฤทัย
กทรรป	๒๕๖๙	(แบบ) กําหนัด เช่น ตรูกามกทรรปหฤทัย (สมุทรโฆษ). (ส. กนฺทรฺป ว่า กามเทพ).
กทลี	๒๕๔๒	[กะทะ-] (แบบ) น. กล้วย. (ป.).
กทลี	๒๕๕๔	กล้วย.
กทลี	๒๕๖๙	(แบบ) กล้วย. (ป., ส.).
กน	๒๕๔๒	น. เรียกคำหรือพยางค์ที่มีตัว ญ ณ น ร ล ฬ สะกด ว่า แม่กน หรือ มาตรากน.
กน	๒๕๕๔	เรียกคำหรือพยางค์ที่มีตัว ญ ณ น ร ล ฬ สะกด ว่า มาตรากนหรือแม่กน.
กน	๒๕๖๙	ดู มาตรากน หรือ แม่กน.
กนก	๒๕๔๒	[กะหฺนก] (แบบ) น. ทองคํา เช่น มาลากนก = มาลัยทอง, โดยมากใช้ประกอบเป็นส่วนหน้าของสมาสเช่น กนกนัครา. (สมุทรโฆษ). (ป.; ส.).
กนก	๒๕๕๔	ทองคำ เช่น มาลากนก = มาลัยทอง, โดยมากใช้ประกอบเป็นส่วนหน้าของสมาส เช่น กนกนัครา
กนก	๒๕๖๙	(วรรณ) ทองคํา เช่น กุแก้วกนกนา นัตวเนกอำไพรู (สรรพสิทธิ์). (ป., ส.).
กนิษฐ	๒๕๔๒	[กะนิดถะ-, กะนิด] ว. &#147;น้อยที่สุด&#148;. (ส.; ป. กนิฏฺ&#xf700;), (ราชา) ถ้าใช้ว่า พระกนิษฐภคินี หมายถึง น้องสาว, ถ้าใช้ว่า พระกนิษฐภาดา หมายถึง น้องชาย, ถ้าใช้ว่า พระกนิษฐา หมายถึง น้องสาว. (ส.; ป. กนิฏฺ&#xf700;).
กนิษฐ-	๒๕๕๔	“น้อยที่สุด”, (ราชา) ถ้าใช้ว่า พระกนิษฐภคินี หมายถึง น้องสาว, ถ้าใช้ว่า พระกนิษฐภาดา หมายถึง น้องชาย, ถ้าใช้ว่า พระกนิษฐา หมายถึง น้องสาว.
กนิษฐภคินี	๒๕๔๒	น. น้องหญิง. (-ป., ส. ภคินี ว่า น้องหญิง).
กนิษฐภคินี	๒๕๕๔	น้องสาว, ราชาศัพท์ใช้ว่า พระกนิษฐภคินี.
กนิษฐภคินี	๒๕๖๙	น้องสาว. (ป., ส. ภคินี ว่า พี่สาว, น้องสาว).
กนิษฐภาดา	๒๕๔๒	น. น้องชาย. (-ป. ภาตา ว่า น้องชาย).
กนิษฐภาดา	๒๕๕๔	น้องชาย, ราชาศัพท์ใช้ว่า พระกนิษฐภาดา.
กนิษฐภาดา	๒๕๖๙	น้องชาย. (ป. ภาตา ว่า พี่ชาย, น้องชาย).
กนิษฐา	๒๕๔๒	(กลอน) น. น้องสาว, คู่กับ เชษฐา คือ พี่ชาย; (ราชา) นิ้วก้อย ใช้ว่า พระกนิษฐา. (ส.).
กนิษฐา	๒๕๕๔	น้องสาว
กนิษฐา	๒๕๖๙	น้องสาว. (ส.).
กนิษฐ์	๒๕๕๔	“น้อยที่สุด”, (ราชา) ถ้าใช้ว่า พระกนิษฐภคินี หมายถึง น้องสาว, ถ้าใช้ว่า พระกนิษฐภาดา หมายถึง น้องชาย, ถ้าใช้ว่า พระกนิษฐา หมายถึง น้องสาว.
กนิษฐ์	๒๕๖๙	“น้อยที่สุด”, (ราชา) ถ้าใช้ว่า พระกนิษฐภคินี หมายถึง น้องสาว, ถ้าใช้ว่า พระกนิษฐภาดา หมายถึง น้องชาย, ถ้าใช้ว่า พระกนิษฐา หมายถึง น้องสาว. (ส.).
กบ	๒๕๔๒	น. เรียกคำหรือพยางค์ที่มีตัว บ ป พ ฟ ภ สะกด ว่า แม่กบ หรือ มาตรากบ.
กบ	๒๕๕๔	เรียกคำหรือพยางค์ที่มีตัว บ ป พ ฟ ภ สะกด ว่า มาตรากบหรือแม่กบ.
กบ	๒๕๖๙	ดู มาตรากบ หรือ แม่กบ .
กบกระดี่	๒๕๖๙	กบสําหรับไสตกแต่งบังใบของบานประตูหรือบานหน้าต่าง.
กบฏ	๒๕๔๒	[กะบด] ก. ประทุษร้ายต่อทางอาณาจักร, ทรยศ.<2t>น. การประทุษร้ายต่อทางอาณาจักร, ความทรยศ; ผู้ประทุษร้ายต่อทางอาณาจักร, ผู้ทรยศ, ขบถ ก็ว่า; (กฎ) ชื่อความผิดอาญาฐานกระทําความผิดต่อความมั่นคงของรัฐภายในราชอาณาจักร โดยใช้กําลังประทุษร้ายหรือขู่เข็ญว่าจะใช้กําลังประทุษร้ายเพื่อล้มล้างหรือเปลี่ยนแปลงรัฐธรรมนูญ หรือล้มล้างอํานาจนิติบัญญัติ อํานาจบริหาร หรืออํานาจตุลาการ หรือแบ่งแยกราชอาณาจักร หรือยึดอํานาจปกครองในส่วนใดส่วนหนึ่งแห่งราชอาณาจักร เรียกว่า ความผิดฐานเป็นกบฏ. (ส. กปฏ ว่า ความคด, ความโกง).
กบฏ	๒๕๕๔	ประทุษร้ายต่อทางอาณาจักร, ทรยศ, ขบถ ก็ว่า.
กบฏ	๒๕๖๙	ประทุษร้ายต่อทางอาณาจักร, ทรยศ, ขบถ ก็ว่า.
กบดาน	๒๕๔๒	ก. นอนพังพาบกับพื้นใต้นํ้า เป็นอาการของจระเข้, โดยปริยายหมายถึงหลบซ่อนตัวไม่ออกมา.
กบดาน	๒๕๕๔	นอนพังพาบกับพื้นใต้นํ้า เป็นอาการของจระเข้, โดยปริยายหมายถึงหลบซ่อนตัวไม่ออกมา.
กบดาน	๒๕๖๙	นอนพังพาบกับพื้นใต้นํ้า เป็นอาการของจระเข้.
กบดำกบแดง	๒๕๕๔	ชื่อการพนันชนิดหนึ่ง เช่น เล่นไพ่กบดำกบแดง.
กบดำกบแดง	๒๕๖๙	การเล่นไพ่ชนิดหนึ่ง เช่น เล่นไพ่กบดำกบแดง.
กบทู	๒๕๔๒	น. สันแห่งหลังคาเรือน, ไม้ข่มข้างกลอน.
กบทู	๒๕๕๔	ไม้ข่มหัวกลอนที่พาดบนแป.
กบทู	๒๕๖๙	ไม้ข่มหัวกลอนที่พาดบนแป.
กบทูด	๒๕๔๒	น. ชื่อกบภูเขาขนาดใหญ่ชนิด Rana blythii ในวงศ์ Ranidae ขนาดใหญ่ที่สุดที่พบในประเทศไทย ตัวยาวประมาณ ๓๐ เซนติเมตร อาศัยในป่าดงดิบชื้นตามลําธารบนภูเขา.
กบทูด	๒๕๕๔	ชื่อกบภูเขาขนาดใหญ่ที่สุดชนิด Rana blythii Boulenger ในวงศ์ Ranidae ปากค่อนข้างแหลมเมื่อเทียบกับชนิดอื่น กระดูกขากรรไกรบนยาวแหลมออกมาคล้ายเขี้ยว ขนาดลำตัวอาจยาวถึง ๓๐ เซนติเมตร อาศัยในป่าดงดิบชื้นตามลำธารบนภูเขา, พายัพเรียก เขียดแลว.
กบทูด	๒๕๖๙	กบภูเขาขนาดใหญ่ที่สุดในไทยชนิด Limnonectes blythii (Boulenger) ในวงศ์ Dicroglossidae ปากค่อนข้างแหลมเมื่อเทียบกับชนิดอื่น บริเวณส่วนปลายของกระดูกขากรรไกรล่างมีกระดูกยาวแหลมยื่นออกมาคล้ายเขี้ยว ขนาดลำตัวอาจยาวถึง ๓๐ เซนติเมตร อาศัยในป่าดงดิบชื้นตามลำธารบนภูเขา.
กบนา	๒๕๔๒	น. ชื่อกบชนิด Rana tigerina ในวงศ์ Ranidae ตัวสีเขียว มีลายสีเข้ม มักอาศัยในรูตามคันนา นิยมนำมาทำเป็นอาหาร.
กบนา	๒๕๕๔	ชื่อกบขนาดกลางถึงขนาดใหญ่ชนิด Hoplobatrachus rugulosus (Wiegmann) หรือ Rana rugulosus (Wiegmann) ก็มีใช้กัน ในวงศ์ Ranidae หลังสีน้ำตาลอมเขียวมีจุดสีน้ำตาลเข้มถึงดำกระจายทั่วไป ท้องสีขาวนวล กินแมลง เป็นชนิดที่มีแพร่หลายมากที่สุดในประเทศไทย.
กบนา	๒๕๖๙	กบขนาดกลางถึงขนาดใหญ่ชนิด Hoplobatrachus chinensis (Osbeck) ในวงศ์ Dicroglossidae หลังสีน้ำตาลอมเขียวมีจุดสีน้ำตาลเข้มถึงดำกระจายทั่วไป ท้องสีขาวนวล กินแมลงและไส้เดือน เป็นชนิดที่มีแพร่กระจายมากที่สุดในประเทศไทย.
กบบังใบ	๒๕๖๙	กบสำหรับไสคิ้วไม้.
กบบัว	๒๕๔๒	น. ชื่อกบชนิด Rana erythraea ในวงศ์ Ranidae ตัวสีเขียว ขนาดเล็กกว่ากบนา มักอาศัยอยู่ตามกอบัว จึงมีผู้เรียกว่า เขียดบัว และร้องเสียงจิ๊ก&#160;ๆ บางครั้งจึงเรียกว่า เขียดจิก.
กบบัว	๒๕๕๔	ชื่อกบขนาดเล็กชนิด Rana erythraea (Schlegel) ในวงศ์ Ranidae ตัวสีเขียวมีแถบสีขาวพาดตามยาวลำตัว อาศัยอยู่ตามกอบัว จึงมีผู้เรียกว่า เขียดบัว และร้องเสียง “จิ๊ก ๆ” บางครั้งจึงเรียกว่า เขียดจิก.
กบบัว	๒๕๖๙	กบขนาดกลางชนิด Hylarana erythraea (Schlegel) ในวงศ์ Ranidae ตัวสีเขียวมีแถบสีขาวพาดตามยาวลำตัว อาศัยอยู่ตามกอบัว จึงมีผู้เรียกว่า เขียดบัว และร้องเสียง “จิ๊ก ๆ” บางครั้งจึงเรียกว่า เขียดจิก.
กบปากจะขาบ	๒๕๖๙	กบสำหรับไสไม้ ปลายใบกบเป็นง่ามคล้ายปากตะขาบหรือหางเหยี่ยวสำหรับไสไม้ให้เป็นลวดบัวอย่างบัวอกไก่.
กบาล	๒๕๔๒	[กะบาน] น. ส่วนกลางของกะโหลกศีรษะ, หัว, (คําไม่สุภาพ) เช่น ตีกบาล เขกกบาล; แผ่นกระเบื้อง; ลานกลางหมู่บ้าน เรียกว่า กบาลบ้าน; เครื่องเซ่นผีที่ใส่ภาชนะกับตุ๊กตาแล้วนําไปทิ้งที่ทางสามแพร่ง และต่อยหัวตุ๊กตาเสีย เรียกว่า เสียกบาล, เรียกภาชนะที่ใส่เครื่องเช่นนั้น เช่น เอาเหล้าข้าวใส่กบาลออกเซ่นวัก. (ขุนช้างขุนแผน), บางทีใช้ว่า กระบาล เช่น ปรุตรุเคลือบกระบาลหิน. (จารึกวัดโพธิ์). (ป., ส. กปาล ว่า กะโหลกหัว).
กบาล	๒๕๕๔	ส่วนกลางของกะโหลกศีรษะ, หัว, (คำไม่สุภาพ) เช่น ตีกบาล เขกกบาล
กบาล	๒๕๖๙	ส่วนกลางของกะโหลกศีรษะ, หัว, (คําไม่สุภาพ) เช่น ตีกบาล เขกกบาล , กระบาล ก็ว่า .
กบินทร์	๒๕๔๒	[กะ-] (แบบ) น. พญาลิง, กเบนทร์ ก็ว่า. (ป., ส. กปิ = ลิง + ส. อินฺทฺร = ผู้เป็นใหญ่).
กบินทร์	๒๕๕๔	พญาลิง, กเบนทร์ ก็ว่า.
กบินทร์	๒๕๖๙	(วรรณ) พญาลิง เช่น เกียกกายกบินทร์นิลนนท์ คุมพลวานรสิบสมุทร (รามเกียรติ์ ร. ๑), กเบนทร์ ก็ว่า. (ส. กปีนฺทฺร).
กบิล	๒๕๔๒	[กะบิน] (แบบ) น. ลิง. (ส. กปิล).
กบิล	๒๕๕๔	ลิง.
กบิล	๒๕๖๙	(แบบ) ลิง. (ส. กปิล).
กบี่	๒๕๔๒	[กะ-] น. ลิง, นิยมเขียนเป็น กระบี่. (ป., ส. กปิ).
กบี่	๒๕๕๔	ลิง, นิยมเขียนเป็น กระบี่.
กบี่	๒๕๖๙	(วรรณ) กระบี่, ลิง, เช่น ทรงพาหะองคต กบี่ยศโยธิน (คำพากย์ ร. ๖). (ป., ส. กปิ).
กบี่ธุช	๒๕๔๒	ดู กระบี่ธุช.
กบี่ธุช	๒๕๕๔	ดู กระบี่ธุช ที่ กระบี่ ๑ และ ธงชัยราชกระบี่ธุช, ธงชัยราชกระบี่ธุชใหญ่ ที่ ธง.
กบี่ธุช	๒๕๖๙	ดู ธงชัยราชกระบี่ธุช, ธงชัยราชกระบี่ธุชใหญ่ ที่ ธง.
กบูร	๒๕๔๒	[กะบูน] (แบบ) ว. แต่ง, ประดับ, งาม, เช่น ก็ใช้สาวสนมอนนกบูร. (ม. คําหลวง นครกัณฑ์), คํานี้บางทีเขียนเป็น กระบูร กระบวร ขบูร ขบวร.
กบูร	๒๕๕๔	แต่ง, ประดับ.
กบูร	๒๕๖๙	(วรรณ) แต่ง, ประดับ, ทำให้งาม, เช่น ก็ใช้สาวสนมอนนกบูร (ม. คําหลวง นครกัณฑ์), เขียนเป็น กระบูร กระบวร ขบูร ขบวร ก็มี.
กบเต้น	๒๕๔๒	น. ชื่อเพลงไทยร้องรํา ๒ ชั้นสมัยกรุงศรีอยุธยา หน้าทับสองไม้ คือ ชั้นต้นมีทํานองช้าก่อนแล้วก็เร็วเข้ากํากับกันไป ใช้กับบทโศกหรือรัญจวน เช่นตอนรจนาครํ่าครวญน้อยใจที่สังข์ทองจะไม่ช่วยตีคลี. (ดึกดําบรรพ์).
กบเต้น	๒๕๕๔	ชื่อเพลงไทย อัตรา ๒ ชั้น สมัยอยุธยาใช้ขับร้องและบรรเลงตอนโศกเศร้า ต่อมามีผู้นำไปทำเป็นเพลงเถา.
กบเต้น	๒๕๖๙	เพลงไทย อัตรา ๒ ชั้น สมัยอยุธยาใช้ขับร้องและบรรเลงตอนโศกเศร้า ต่อมามีผู้นำไปทำเป็นเพลงเถา.
กบเต้นกลางสระบัว	๒๕๔๒	น. ชื่อกลบทชนิดหนึ่ง ตัวอย่างว่า หมายชิดมิตรเชือนไม่เหมือนหมาย.
กบเต้นกลางสระบัว	๒๕๕๔	ชื่อกลบทชนิดหนึ่ง ตัวอย่างว่า หมายชิดมิตรเชือนไม่เหมือนหมาย.
กบเต้นกลางสระบัว	๒๕๖๙	กลอนกลบทชนิดหนึ่ง ใช้เสียงพยัญชนะที่ต่างกัน ๒ เสียง ซ้ำกันเป็นคู่ระหว่าง ๒ คำแรกกับ ๒ คำที่สอง และซ้ำคำแรกกับคำสุดท้ายของวรรค เช่น หมายชิดมิตร์เชือนไม่เหมือนหมาย (จารึกวัดโพธิ์).
กบเต้นต่อยหอย	๒๕๔๒	น. ชื่อกลบทชนิดหนึ่ง ตัวอย่างว่า คิดยิ่งแสนแค้นยิ่งศรเสียบทรวงหมอง.
กบเต้นต่อยหอย	๒๕๕๔	ชื่อกลบทชนิดหนึ่ง ตัวอย่างว่า คิดยิ่งแสนแค้นยิ่งศรเสียบทรวงหมอง.
กบเต้นต่อยหอย	๒๕๖๙	กลอนกลบทชนิดหนึ่ง ใช้เสียงพยัญชนะต่างกัน ๓ เสียง ซ้ำกันระหว่าง ๓ คำแรกกับ ๓ คำที่สอง เช่น คิดยิ่งแสนแค้นยิ่งศรเสียบทรวงหมอง (จารึกวัดโพธิ์).
กบเต้นสลักเพชร	๒๕๔๒	น. ชื่อกลบทชนิดหนึ่ง ตัวอย่างว่า เจ็บเรียมห่างจางรักให้ใจเรียมหวน.
กบเต้นสลักเพชร	๒๕๕๔	ชื่อกลบทชนิดหนึ่ง ตัวอย่างว่า เจ็บเรียมห่างจางรักให้ใจเรียมหวน.
กบเต้นสลักเพชร	๒๕๖๙	กลอนกลบทชนิดหนึ่ง ใช้เสียงพยัญชนะต่างกัน ๓ เสียง ซ้ำกันระหว่าง ๓ คำแรกกับ ๓ คำที่สอง และ ๓ คำที่สาม เช่น เจ็บเรียมห่างจางรักให้ใจเรียมหวน (จารึกวัดโพธิ์).
กบเต้นสามตอน	๒๕๔๒	น. ชื่อกลบทชนิดหนึ่ง ตัวอย่างว่า เจ็บคําจําคิดจิตขวย.
กบเต้นสามตอน	๒๕๕๔	ชื่อกลบทชนิดหนึ่ง ตัวอย่างว่า เจ็บคำจำคิดจิตขวย.
กบเต้นสามตอน	๒๕๖๙	กลอนกลบทชนิดหนึ่ง ใช้เสียงพยัญชนะต่างกัน ๒ เสียง ซ้ำกันระหว่าง ๒ คำแรกกับ ๒ คำที่สอง และ ๒ คำที่สาม เช่น เจ็บคําจําคิดจิตร์ขวย (จารึกวัดโพธิ์).
กบเลือกนาย	๒๕๔๒	(สํา) น. ผู้ที่ต้องการเปลี่ยนผู้บังคับบัญชาอยู่เรื่อย&#160;ๆ.
กบเลือกนาย	๒๕๕๔	ผู้ที่ต้องการเปลี่ยนผู้บังคับบัญชาอยู่เรื่อย ๆ.
กบเลือกนาย	๒๕๖๙	(สำ) ผู้ที่ไม่พอใจผู้บังคับบัญชา ต้องการเปลี่ยนอยู่เรื่อย ๆ.
กบแจะ	๒๕๔๒	(ปาก) ก. แตะ, กระทบ, ประกบกัน, (ใช้เฉพาะการเล่นอย่างเล่นโยนหลุม โดยโยนสตางค์หรือเบี้ยให้ไปแตะหรือประกบกัน), แจะ ก็ว่า.
กบแจะ	๒๕๕๔	แตะ, กระทบ, ประกบกัน, (ใช้เฉพาะการเล่นอย่างเล่นโยนหลุม โดยโยนสตางค์หรือเบี้ยให้ไปแตะหรือประกบกัน), แจะ ก็ว่า.
กบแจะ	๒๕๖๙	(ปาก) แตะ, กระทบ, ประกบกัน, (ใช้เฉพาะการเล่นอย่างเล่นโยนหลุม โดยโยนสตางค์หรือเบี้ยให้ไปแตะหรือประกบกัน), แจะ ก็ว่า.
กบในกะลาครอบ	๒๕๔๒	(สำ) น. ผู้มีความรู้และประสบการณ์น้อยแต่สำคัญตนว่ามีความรู้มาก.
กบในกะลาครอบ	๒๕๕๔	ผู้มีความรู้และประสบการณ์น้อยแต่สำคัญตนว่ามีความรู้มาก.
กบในกะลาครอบ	๒๕๖๙	(สำ) ผู้มีความรู้และประสบการณ์น้อย เห็นแต่สิ่งที่อยู่ใกล้ตัว.
กปณ	๒๕๔๒	[กะปะนะ] ว. อนาถา, ไร้ญาติ, น่าสงสาร, (กลอน) เขียนเป็น กปนา ก็มี เช่น แม้มนุษยกปนาจํานง ขอสิ่งประสงค์ประสาททาน. (ม. คําหลวง มัทรี). (ป.).
กปณ	๒๕๕๔	อนาถา, ไร้ญาติ, น่าสงสาร, (กลอน) เขียนเป็น กปนา ก็มี เช่น แม้มนุษยกปนาจำนง ขอสิ่งประสงค์ประสาททาน (ม. คำหลวง มัทรี).
กปณ	๒๕๖๙	(วรรณ) อนาถา, ไร้ญาติ, น่าสงสาร, เขียนเป็น กปนา ก็มี เช่น แม้มนุษยกปนาจํานง ขอสิ่งประสงค์ประสาททาน (ม. คําหลวง มัทรี). (ป. กปณ ว่า กำพร้า อนาถา, ไร้ญาติ, ยากไร้, น่าสงสาร).
กปณก	๒๕๔๒	[กะปะนก] น. ผู้อนาถา, ผู้ไร้ญาติ, ผู้น่าสงสาร, เขียนเป็น กปนก ก็มี เช่น เถ้ากปนกแพนกพล้าว มีแม่ย้าวสาวศรหนึ่งน้นน. (ม. คำหลวง ชูชก). (ป. กปณ).
กปณก	๒๕๕๔	ผู้อนาถา, ผู้ไร้ญาติ, ผู้น่าสงสาร, เขียนเป็น กปนก ก็มี เช่น เถ้ากปนกแพนกพล้าว มีแม่ย้าวสาวศร หนึ่งน้นน (ม. คำหลวง ชูชก).
กปณก	๒๕๖๙	(วรรณ) ผู้อนาถา, ผู้ไร้ญาติ, ผู้น่าสงสาร, เขียนเป็น กปนก ก็มี เช่น เถ้ากปนกแพนกพล้าว มีแม่ย้าวสาวศร หนึ่งน้นน (ม. คำหลวง ชูชก). (ป.).
กปณา	๒๕๔๒	[กะปะนา] ว. อนาถา, ไร้ญาติ, น่าสงสาร, เขียนเป็น กปนา ก็มี เช่น แม้มนุษยกปนาจำนง ขอสิ่งประสงค์ประสาททาน. (ม. คำหลวง มัทรี). (ป. กปณ).
กปณา	๒๕๕๔	อนาถา, ไร้ญาติ, น่าสงสาร, (กลอน) เขียนเป็น กปนา ก็มี เช่น แม้มนุษยกปนาจำนง ขอสิ่งประสงค์ประสาททาน (ม. คำหลวง มัทรี).
กปิ	๒๕๔๒	[กะ-] (แบบ) น. ลิง เช่น ทรงพาหะองคต กปิยศโยธิน. (พากย์). (ป., ส.).
กปิ	๒๕๕๔	ลิง เช่น ทรงพาหะองคต กปิยศโยธิน
กปิ	๒๕๖๙	(วรรณ) ลิง เช่น ทรงพาหะองคต กปิยศโยธิน (พากย์). (ป., ส.).
กปิตัน	๒๕๔๒	(โบ) น. กัปตัน, นายเรือ; หัวหน้าหมู่ชน.
กปิตัน	๒๕๕๔	กัปตัน, นายเรือ
กปิตัน	๒๕๖๙	(โบ; วรรณ) กัปตัน, นายเรือ, หัวหน้า, เช่น พลางสั่งพวกกปิตันวิลันดา แต่งเภตราไว้ให้เสร็จในเจ็ดวัน (อภัย).
กม	๒๕๔๒	น. เรียกคำหรือพยางค์ที่มีตัว ม สะกด ว่า แม่กม หรือ มาตรากม.
กม	๒๕๕๔	เรียกคำหรือพยางค์ที่มีตัว ม สะกด ว่า มาตรากมหรือแม่กม.
กม	๒๕๖๙	ดู มาตรากม หรือ แม่กม.
กมณฑลาภิเษก	๒๕๔๒	[กะมนทะ-] (แบบ) น. หม้อนํ้าสรง เช่น อนนเต็มในกมณฑลาภิเษก. (ม. คําหลวง มหาราช). (ป., ส. กมณฺฑลุ = หม้อนํ้า + ส. อภิเษก = รด).
กมณฑลาภิเษก	๒๕๕๔	หม้อนํ้าสรง เช่น อนนเต็มในกมณฑลาภิเษก (ม. คำหลวง มหาราช).
กมณฑลาภิเษก	๒๕๖๙	(วรรณ) หม้อนํ้าสรง เช่น อนนเต็มในกมณฑลาภิเษก (ม. คําหลวง มหาราช). (ป., ส. กมณฺฑลุ ว่า หม้อนํ้า).
กมณฑโลทก	๒๕๔๒	[กะมนทะ-] (แบบ) น. นํ้าในหม้อ เช่น ชําระพระองค์ด้วยกมณฑโลทก. (ม. คําหลวง มหาราช). (ป., ส. กมณฺฑลุ = หม้อน้ำ + อุทก = นํ้า).
กมณฑโลทก	๒๕๕๔	นํ้าในหม้อ เช่น ชำระพระองค์ด้วยกมณฑโลทก (ม. คำหลวง มหาราช).
กมณฑโลทก	๒๕๖๙	(วรรณ) นํ้าในหม้อ เช่น ชําระพระองค์ด้วยกมณฑโลทก (ม. คําหลวง มหาราช). (ป., ส. กมณฺฑลุ ว่า หม้อน้ำ).
กมล	๒๕๔๒	[กะมน] (แบบ) น. บัว เช่น บาทกมล. (สมุทรโฆษ); ใจ เช่น ดวงกมล.<2t>ว. เหมือนบัว เช่น เต้าสุวรรณกมลคนที. (ม. คําหลวง หิมพานต์), บางทีใช้ว่า กระมล. (ป., ส.).
กมล	๒๕๕๔	บัว เช่น บาทกมล (สมุทรโฆษ)
กมล	๒๕๖๙	(วรรณ) บัว เช่น บาทกมล (สมุทรโฆษ), ใช้ว่า กระมล ก็มี. (ป., ส.).
กมล-	๒๕๕๔	ชื่อฉันท์วรรณพฤติ กำหนดด้วย ๔ คณะสลับกัน คือ ส คณะ ย คณะ ส คณะ ย คณะ (ตามแบบว่า กมลาติ เณยฺยา สยเสหิ โย เจ) ตัวอย่างว่า จะวิสัชนาสาร พิสดารก็หลายเลบง เรียกว่า กมลฉันท์ หรือ กมลาฉันท์.
กมลา	๒๕๕๔	ชื่อฉันท์วรรณพฤติ กำหนดด้วย ๔ คณะสลับกัน คือ ส คณะ ย คณะ ส คณะ ย คณะ (ตามแบบว่า กมลาติ เณยฺยา สยเสหิ โย เจ) ตัวอย่างว่า จะวิสัชนาสาร พิสดารก็หลายเลบง เรียกว่า กมลฉันท์ หรือ กมลาฉันท์.
กมลา	๒๕๖๙	นางงาม, พระลักษมี. (ป. กมลา ว่า นางงาม; ส. กมลา ว่า นางงาม, พระลักษมี).
กมลาศ	๒๕๔๒	[กะมะลาด] (กลอน) น. บัว; ใจ. (ป., ส. กมล + ศ เข้าลิลิต).
กมลาศ	๒๕๕๔	บัว
กมลาศ	๒๕๖๙	(แบบ) บัว, กมเลศ ก็ว่า.
กมลาสน์	๒๕๔๒	[กะมะลาด] (แบบ) น. ผู้มีบัวเป็นที่นั่ง คือ พระพรหม. (ป., ส. กมล = บัว + อาสน = ที่นั่ง).
กมลาสน์	๒๕๕๔	“ผู้มีบัวเป็นที่นั่ง” คือ พระพรหม.
กมลาสน์	๒๕๖๙	(วรรณ) “ผู้มีบัวเป็นที่นั่ง” คือพระพรหม เช่น ประมาณคู่กมลาสน์ครรไลหงส์ (อุณรุท). (ส. กมลาสน).
กมัณฑลุ	๒๕๔๒	[กะมันทะ-] (แบบ) น. กะโหลกนํ้าเต้า, เต้านํ้า, หม้อนํ้า, ภาชนะใส่นํ้าเล็ก&#160;ๆ เป็นบริขารเครื่องใช้ประจําของนักบวชนอกพระพุทธศาสนา ทําด้วยไม้หรือดิน, เช่น กมัณฑลุภาชน์ = ภาชนะใส่น้ำ คือ เต้านํ้า. (ม. ร่ายยาว วนปเวสน์), ใช้ว่า กมัณฑลู ก็มี เช่น บัดนี้คาวียุพราชาชัยลีลา ก็เอากมัณฑลูลง. (เสือโค). (ป., ส.).
กมัณฑลุ	๒๕๕๔	กะโหลกนํ้าเต้า, เต้านํ้า, หม้อนํ้า, ภาชนะใส่นํ้าเล็กๆ เป็นบริขารเครื่องใช้ประจำของนักบวชนอกพระพุทธศาสนา ทำด้วยไม้หรือดิน, เช่น กมัณฑลุภาชน์ ว่า ภาชนะใส่น้ำ คือ เต้านํ้า (ม. ร่ายยาว วนปเวสน์), ใช้ว่า กมัณฑลู ก็มี เช่น บัดนี้คาวียุพราชาชัยลีลา ก็เอากมัณฑลูลง
กมัณฑลุ	๒๕๖๙	(วรรณ) กะโหลกนํ้าเต้า, เต้านํ้า, หม้อนํ้า, ภาชนะใส่นํ้าเล็ก ๆ เป็นบริขารเครื่องใช้ประจําของนักบวชนอกพระพุทธศาสนา ทําด้วยไม้หรือดิน เช่น กุมกมัณฑลุแก้ว เทธาร (โคลงสุภาพงานพระเมรุ พระบรมอัสถิสมเด็จพระเจ้าปฐมบรมมหาชนก), ใช้ว่า กมัณฑลู ก็มี เช่น บัดนี้คาวียุพราชาชัยลีลา ก็เอากมัณฑลูลง (เสือโค). (ป., ส.).
กมุท	๒๕๔๒	[กะมุด] (แบบ) น. บัว เช่น ส่งดวงกมุทให้กัณหา. (ม. คําหลวง มัทรี). (ป., ส. กุมุท ว่า บัวสายดอกขาว).
กมุท	๒๕๕๔	บัว เช่น ส่งดวงกมุทให้กัณหา (ม. คำหลวง มัทรี).
กมุท	๒๕๖๙	(วรรณ) บัว เช่น ส่งดวงกมุทให้กัณหา (ม. คำหลวง มัทรี). (ป., ส. กุมุท ว่า บัวสายดอกขาว).
กมเลศ	๒๕๔๒	[กะมะเลด] (กลอน) น. บัว; ใจ; พระนารายณ์ เช่น ดุจองค์สมเด็จกมเลศอันลีลาศ ลงจากชั้นสุทธาวาสบวรวิมาน. (ม. ร่ายยาว ฉกษัตริย์). (ป., ส. กมล + ศ เข้าลิลิต; ในสันสกฤตหมายความว่า ผู้เป็นใหญ่แห่งพระลักษมี คือ พระนารายณ์ มาจาก กมลา = พระลักษมี + อีศ = เป็นใหญ่).
กมเลศ	๒๕๕๔	บัว
กมเลศ	๒๕๖๙	(แบบ) บัว, กมลาศ ก็ว่า.
กร	๒๕๔๒	[กอน] น. ผู้ทํา, ใช้ประกอบเป็นส่วนหลังของสมาส เช่น กรรมกร เกษตรกร. (ป.).
กร	๒๕๕๔	ผู้ทำ, ใช้ประกอบเป็นส่วนหลังของสมาส เช่น กรรมกร เกษตรกร.
กร	๒๕๖๙	ผู้ทำ เช่น กรรมกร, เกษตรกร, รัชนีกร, นิศากร . (ป., ส.).
กรก	๒๕๔๒	[กะหฺรก, กะระกะ-] (แบบ) น. ลูกเห็บ เช่น กรกวรรษ = ฝนลูกเห็บ. (ป., ส.).
กรก	๒๕๕๔	ลูกเห็บ เช่น กรกวรรษ ว่า ฝนลูกเห็บ.
กรก	๒๕๖๙	(แบบ) ลูกเห็บ เช่น กรกวรรษ คือฝนลูกเห็บ. (ป., ส.).
กรก-	๒๕๕๔	ลูกเห็บ เช่น กรกวรรษ ว่า ฝนลูกเห็บ.
กรกช	๒๕๔๒	[กอระกด] (กลอน) น. &#147;ดอกบัวคือมือ&#148; คือ กระพุ่มมือ เช่น ธก็ยอกรกชประนม. (ลอ).<2t>ก. ไหว้ เช่น เอกภูธรกรกช ทศนัขสมุชลิต. (ยวนพ่าย). (ดู กช).
กรกช	๒๕๕๔	“ดอกบัวคือมือ” คือ กระพุ่มมือ เช่น ธก็ยอกรกชประนม
กรกช	๒๕๖๙	(วรรณ) “ดอกบัวคือมือ” หมายถึง กระพุ่มมือ เช่น ธก็ยอกรกชประนม (ลอ).
กรกฎ	๒๕๔๒	[กอระกด] (แบบ) น. ปู เช่น กรกฎกุ้งกั้งมังกร. (ม. ร่ายยาว มหาพน); ชื่อกลุ่มดาวรูปปู เรียกว่า ราศีกรกฎ เป็นราศีที่ ๓ ในจักรราศี. (ส. กรฺกฏ; ป. กกฺกฏ).
กรกฎ	๒๕๕๔	ปู เช่น กรกฎกุ้งกั้งมังกร (ม. ร่ายยาว มหาพน)
กรกฎ	๒๕๖๙	(วรรณ) ปู เช่น กรกฎกุ้งกั้งมังกร (ม. ร่ายยาว มหาพน).
กรกฎาคม	๒๕๔๒	[กะระกะ-, กะรักกะ-] น. ชื่อเดือนที่ ๗ ตามสุริยคติ ซึ่งเริ่มด้วยเดือนมกราคม มี ๓๑ วัน. (ส. กรฺกฏ = ปู + อาคม = มา = เดือนที่อาทิตย์มาสู่ราศีกรกฎ); (เลิก) ชื่อเดือนที่ ๔ ตามสุริยคติ ซึ่งเริ่มด้วยเดือนเมษายน.
กรกฎาคม	๒๕๕๔	ชื่อเดือนที่ ๗ ตามสุริยคติ ซึ่งเริ่มด้วยเดือนมกราคม มี ๓๑ วัน, (เลิก) ชื่อเดือนที่ ๔ ตามสุริยคติ ซึ่งเริ่มด้วยเดือนเมษายน.
กรกฎาคม	๒๕๖๙	เดือนที่ ๗ ตามสุริยคติ ซึ่งเริ่มด้วยเดือนมกราคม มี ๓๑ วัน.
กรกฏ	๒๕๕๔	ปู เช่น กรกฎกุ้งกั้งมังกร (ม. ร่ายยาว มหาพน)
กรกัติ	๒๕๔๒	[กฺระกัด] (โบ) ก. กระกัด, ใคร่, อยาก, ยินดี, เช่น กรกัติกามา. (สรรพสิทธิ์).
กรกัติ	๒๕๕๔	กระกัด, ใคร่, อยาก, ยินดี, เช่น กรกัติกามา
กรกัติ	๒๕๖๙	(วรรณ) กระกัด, ใคร่, อยาก, ยินดี, เช่น กรกัติกามา (สรรพสิทธิ์).
กรง	๒๕๔๒	[กฺรง] น. สิ่งที่ทําเป็นซี่&#160;ๆ สําหรับขังนกเป็นต้น ตั้งอยู่กับที่หรือยกไปได้; ในบทกลอนใช้หมายความว่า เปล ก็มี เช่น ถนอมในพระกรงทอง. (เห่กล่อม). (เทียบมลายู กุรง; ข. ทฺรุง).
กรง	๒๕๕๔	สิ่งที่ทำเป็นซี่ๆ ล้อมรอบสำหรับขังนกเป็นต้น ตั้งอยู่กับที่หรือยกไปได้
กรง	๒๕๖๙	สิ่งที่ทําเป็นซี่ ๆ ล้อมรอบสําหรับขังนกเป็นต้น.
กรงทอง	๒๕๔๒	(ราชา) น. เรียกเปลที่ทําเป็นลูกกรง ว่า พระกรงทอง.
กรงทอง	๒๕๕๔	เรียกกรงที่ใช้กั้นพระราชพิธีลงสรงเจ้าฟ้า ว่า พระกรงทอง.
กรงเล็บ	๒๕๔๒	น. กลุ่มเล็บของแมวหรือนกเป็นต้นเมื่อขยุ้มเหยื่อ มีเค้าคล้ายกรง.
กรงเล็บ	๒๕๕๔	กลุ่มเล็บของแมวหรือนกเป็นต้นเมื่อขยุ้มเหยื่อ มีเค้าคล้ายกรง.
กรงเล็บ	๒๕๖๙	กลุ่มเล็บของแมวหรือนกเป็นต้นเมื่อขยุ้มเหยื่อ มีเค้าคล้ายกรง.
กรชกาย	๒๕๔๒	[กะระชะ-] (แบบ) น. ร่างกาย. (ดู กรัชกาย).
กรชกาย	๒๕๕๔	ร่างกาย.
กรชกาย	๒๕๖๙	(แบบ) ร่างกาย. (ดู กรัชกาย) . (ป. กรชกาย ว่า กายเกิดจากกรรมคือการกระทำ).
กรณฑ์	๒๕๔๒	[กฺรน] น. ภาชนะมีฝาปิด, ภาชนะใส่นํ้า เช่น หม้อกรณฑ์, กรัณฑ์ หรือ กรัณฑก ก็เรียก; ผอบ เช่น บรรจุพระบรมธาตุในสุวรรณกรณฑ์. (เทศนาพระราชประวัติ). (ป., ส. กรณฺฑ, กรณฺฑก ว่า ขวด).
กรณฑ์	๒๕๕๔	ภาชนะมีฝาปิด, ภาชนะใส่นํ้า เช่น หม้อกรณฑ์, กรัณฑ์ หรือ กรัณฑก ก็เรียก
กรณฑ์	๒๕๖๙	ภาชนะมีฝาปิด, ภาชนะใส่นํ้า, เช่น หม้อกรณฑ์ , กรัณฑ์ หรือ กรัณฑก ก็ว่า. (ป., ส. กรณฺฑ, กรณฺฑก).
กรณิการ์	๒๕๔๒	[กะระ-] น. กรรณิการ์.
กรณิการ์	๒๕๕๔	กรรณิการ์.
กรณิการ์	๒๕๖๙	กรรณิการ์. (เทียบ ส. กรฺณิการ เป็นชื่อดอกไม้อีกชนิดหนึ่ง).
กรณี	๒๕๔๒	[กะระ-, กอระ-] น. คดี, เรื่อง, เหตุ, เช่น ในกรณีนี้ = ในเรื่องนี้. (ป., ส. กรณี ว่า ที่เป็นเหตุกระทํา).
กรณี	๒๕๕๔	คดี, เรื่อง, เหตุ, เช่น ในกรณีนี้ = ในเรื่องนี้.
กรณี	๒๕๖๙	คดี, เรื่อง, เหตุ, เช่น ในกรณีนี้ คือในเรื่องนี้. (ป., ส.).
กรณีย	๒๕๔๒	[กะระ-, กอระ-] น. กิจ.<2t>ว. อันควรทํา, อันพึงทํา. (ป.).
กรณีย-	๒๕๕๔	กิจ.
กรณียกิจ	๒๕๔๒	น. กิจที่พึงทำ, หน้าที่อันพึงทํา.
กรณียกิจ	๒๕๕๔	กิจที่พึงทำ, หน้าที่อันพึงทำ.
กรณียกิจ	๒๕๖๙	กิจที่พึงทำ, หน้าที่อันพึงทํา, ราชาศัพท์ใช้ว่า พระราชกรณียกิจ พระกรณียกิจ.
กรณียะ	๒๕๕๔	กิจ.
กรณีย์	๒๕๕๔	กิจ.
กรณีย์	๒๕๖๙	กิจ.
กรด	๒๕๔๒	[กฺรด] น. สารอย่างหนึ่ง มีรสเปรี้ยว โดยปรกติกัดหรือทําให้สิ่งอื่นแปรไป; (เคมี) มีความหมายหลายอย่าง สุดแล้วแต่ทฤษฎีที่ใช้เป็นหลักกําหนด คือ เป็นสารเคมีที่ประกอบด้วยธาตุไฮโดรเจน และเมื่อสารนี้ละลายนํ้าเป็นสารละลายแล้ว ไฮโดรเจนที่มีอยู่ทั้งหมดหรือบางส่วนต้องแปรสภาพออกมาเป็นไฮโดรเนียมไอออน (H3O+) สารละลายที่ได้มีรสเปรี้ยวเปลี่ยนสีลิตมัสสีนํ้าเงินเป็นสีแดงได้; สารเคมีที่มีสมบัติจ่ายโปรตอนให้แก่สารอื่นได้; สารเคมีที่มีสมบัติรับอิเล็กตรอนคู่หนึ่งมาจากสารอื่นได้. (อ. acid).
กรด	๒๕๕๔	สารอย่างหนึ่ง มีรสเปรี้ยว โดยปรกติกัดหรือทำให้สิ่งอื่นแปรไป
กรด	๒๕๖๙	สารอย่างหนึ่ง มีรสเปรี้ยว โดยปรกติกัดหรือทําให้สิ่งอื่นแปรไป.
กรดยูริก	๒๕๖๙	กรดอินทรีย์ชนิดหนึ่ง มีสูตร C5H4N4O3 ลักษณะเป็นของแข็ง ไม่มีสี ละลายน้ำได้เล็กน้อย มีปรากฏอยู่เป็นจำนวนน้อยในปัสสาวะและในโลหิต ผู้ที่ป่วยเป็นโรคเกาต์ คือมีอาการบวมปวดบริเวณข้อกระดูก จะปรากฏมีเกลือโซเดียมและโพแทสเซียมของกรดนี้เกาะอยู่ที่ข้อกระดูกนั้น ๆ. (อ. uric acid).
กรน	๒๕๔๒	[กฺรน] ก. หายใจมีเสียงดังในลําคอขณะหลับ เหตุลิ้นตกจุกคอหอยหรือลิ้นตกจุกคอหอยและลิ้นไก่กับเพดานอ่อนสั่น.
กรน	๒๕๕๔	หายใจมีเสียงดังในลำคอขณะหลับ เหตุลิ้นตกจุกคอหอยหรือลิ้นตกจุกคอหอยและลิ้นไก่กับเพดานอ่อนสั่น.
กรน	๒๕๖๙	หายใจมีเสียงดังในลําคอขณะหลับ เหตุลิ้นตกจุกคอหอยหรือลิ้นตกจุกคอหอยและลิ้นไก่กับเพดานอ่อนสั่น.
กรนทา	๒๕๔๒	[กฺรน-] (โบ) น. ไม้คนทา (ลิปิ) เช่น กรนทาดาษดวงพรายก็มี. (ม. คําหลวง มหาพน).
กรนทา	๒๕๕๔	ไม้คนทา (ลิปิ) เช่น กรนทาดาษดวงพรายก็มี (ม. คำหลวง มหาพน).
กรนทา	๒๕๖๙	(วรรณ) ไม้คนทา เช่น กรนทาดาษดวงพรายก็มี (ม. คําหลวง มหาพน).
กรนนเช้า	๒๕๔๒	[กฺรัน-] (โบ) น. กระเช้า เช่น คร้นนเช้าก็หิ้วกรนนเช้า ชายป่าเต้าไปหาชาย. (ม. คําหลวง มัทรี).
กรนนเช้า	๒๕๕๔	กระเช้า เช่น คร้นนเช้าก็หิ้วกรนนเช้า ชายป่าเต้าไปหาชาย (ม. คำหลวง มัทรี).
กรบ	๒๕๔๒	[กฺรบ] น. เครื่องแทงปลา ทําด้วยไม้ ๓ อัน มัดติดกัน มีลักษณะคล้าย ๓ เส้า สวมเหล็กแหลมที่ปลาย ด้ามรูปงอคล้ายไม้เท้า.
กรบ	๒๕๕๔	เครื่องแทงปลา ใช้ไม้ไผ่เหลาเป็นซี่ ๓ ซี่ ปลายสวมด้วยเหล็กแหลม โคนรวบเข้าด้วยกัน ต่อด้ามเป็นอย่างรูปคอม้า.
กรบ	๒๕๖๙	เครื่องแทงปลา ใช้ไม้ไผ่เหลาเป็นซี่ ๓ ซี่ ปลายสวมด้วยเหล็กแหลม โคนรวบเข้าด้วยกัน ต่อด้ามเป็นอย่างรูปคอม้า.
กรบูร	๒๕๔๒	[กะระบูน] น. การบูร.
กรบูร	๒๕๕๔	ดู การบูร.
กรบูร	๒๕๖๙	การบูร. (ส. กรฺปูร).
กรพินธุ์	๒๕๔๒	[กอระ-] น. ทับทิม เช่น จงแต่งเขนแต่งขันธ์ ผ้าเกราะพรรณรายแพร้ว ดยรดาษแก้วกรพินธุ์. (ม. คําหลวง มหาราช). (บางทีจะเพี้ยนมาจาก กุรุพินท์ ซึ่งตรงกับคำสันสกฤตว่า กุรุวินฺท = ทับทิม).
กรพินธุ์	๒๕๕๔	ทับทิม เช่น จงแต่งเขนแต่งขันธ์ ผ้าเกราะพรรณรายแพร้ว ดยรดาษแก้วกรพินธุ์ (ม. คำหลวง มหาราช).
กรพินธุ์	๒๕๖๙	(วรรณ) พลอยทับทิม เช่น จงแต่งเขนแต่งขันธ์ ผ้าเกราะพรรณรายแพร้ว ดยรดาษแก้วกรพินธุ์ (ม. คําหลวง มหาราช). (เลือนมาจาก กุรุพินท์ ซึ่งตรงกับคำสันสกฤตว่า กุรุวินฺท ว่า พลอยทับทิม).
กรภุม	๒๕๔๒	[กอระ-] (โบ) น. กระพุ่ม เช่น สนธยากรภุมบุษปบังคมบําบวงสรณ. (อนิรุทธ์).
กรภุม	๒๕๕๔	กระพุ่ม เช่น สนธยากรภุมบุษ ปบังคมบำบวงสรณ
กรภุม	๒๕๖๙	(วรรณ) กระพุ่ม เช่น สนธยากรภุมบุษ ปบังคมบําบวงสรณ (อนิรุทธ์).
กรม	๒๕๔๒	[กฺรม] ก. ระทม, เจ็บอยู่ภายในเรื่อยไป, เช่น กรมใจ; กลัด เช่น กรมหนอง. [ข. กฺรุ&#160:&#x0e4d; (กฺรม) ว่า ลำบาก เช่น กฺรุ&#160;&#x0e4d;จิต = ลำบากใจ], ตรม ก็ว่า.
กรม	๒๕๕๔	ระทม, เจ็บอยู่ภายในเรื่อยไป, เช่น กรมใจ
กรม	๒๕๖๙	ระทม, เจ็บอยู่ภายในเรื่อยไป, เช่น กรมใจ , ตรม ก็ว่า. ข. กฺรุ (กฺรม) ว่า ลำบาก เช่น กฺรุจิต = ลำบากใจ.
กรมกรอม	๒๕๔๒	ก. ระทมใจจนเหี่ยวแห้ง, ตรมตรอม ก็ว่า.
กรมกรอม	๒๕๕๔	ระทมใจจนเหี่ยวแห้ง, ตรมตรอม ก็ว่า.
กรมกรอม	๒๕๖๙	ระทมใจจนเหี่ยวแห้ง, ตรมตรอม ก็ว่า.
กรมการ	๒๕๔๒	[กฺรมมะ-] (กฎ; โบ) น. ตำแหน่งพนักงานปกครองที่มีมาแต่สมัยโบราณ และได้กำหนดไว้ในข้อบังคับลักษณะการปกครองหัวเมือง ร.ศ. ๑๑๖ เรียกว่า กรมการเมือง ซึ่งแบ่งออกเป็น ๒ พวก คือ กรมการในทำเนียบ และกรมการนอกทำเนียบ. (ส. กรฺม + การ).
กรมการ	๒๕๕๔	ตำแหน่งพนักงานปกครองที่มีมาแต่สมัยโบราณ และได้กำหนดไว้ในข้อบังคับลักษณะการปกครองหัวเมือง ร.ศ. ๑๑๖ เรียกว่า กรมการเมือง ซึ่งแบ่งออกเป็น ๒ พวก คือ กรมการในทำเนียบ และกรมการนอกทำเนียบ.
กรมการ	๒๕๖๙	(กฎ; โบ) ตำแหน่งพนักงานปกครองที่มีมาแต่สมัยโบราณ และได้กำหนดไว้ในข้อบังคับลักษณะการปกครองหัวเมือง ร.ศ. ๑๑๖ เรียกว่า กรมการเมือง แบ่งออกเป็น ๒ พวก คือ กรมการในทำเนียบ และกรมการนอกทำเนียบ.
กรมการจังหวัด	๒๕๔๒	น. คณะกรมการจังหวัด; กรมการจังหวัดแต่ละคนที่เป็นองค์ประกอบของคณะกรมการจังหวัด. (ดู คณะกรมการจังหวัด).
กรมการจังหวัด	๒๕๕๔	คณะกรมการจังหวัด
กรมการจังหวัด	๒๕๖๙	(กฎ) บุคคลที่ประกอบกันขึ้นเป็นคณะกรมการจังหวัด.
กรมการนอกทำเนียบ	๒๕๔๒	(กฎ; โบ) น. กรมการเมืองพวกหนึ่ง เป็นตำแหน่งกิตติมศักดิ์ ทำหน้าที่ให้คำปรึกษาแก่ผู้ว่าราชการเมืองในการบริหารราชการในเมืองนั้น&#160;ๆ แต่งตั้งจากบุคคลผู้ทรงคุณวุฒิหรือคหบดีในเมืองนั้น&#160;ๆ โดยไม่จำกัดจำนวน และถือว่าเป็นกรมการชั้นผู้ใหญ่, กรมการพิเศษ ก็ว่า.
กรมการนอกทำเนียบ	๒๕๕๔	กรมการเมืองพวกหนึ่ง เป็นตำแหน่งกิตติมศักดิ์ ทำหน้าที่ให้คำปรึกษาแก่ผู้ว่าราชการเมืองในการบริหารราชการในเมืองนั้นๆ แต่งตั้งจากบุคคลผู้ทรงคุณวุฒิหรือคหบดีในเมืองนั้นๆ โดยไม่จำกัดจำนวน และถือว่าเป็นกรมการชั้นผู้ใหญ่, กรมการพิเศษ ก็ว่า.
กรมการนอกทำเนียบ	๒๕๖๙	(กฎ; โบ) ตำแหน่งข้าราชการกิตติมศักดิ์ ทำหน้าที่ให้คำปรึกษาแก่ผู้ว่าราชการเมืองในการบริหารราชการในเมืองนั้น ๆ แต่งตั้งจากบุคคลผู้ทรงคุณวุฒิหรือคหบดีในเมืองนั้น ๆ โดยไม่จำกัดจำนวน และถือว่าเป็นกรมการชั้นผู้ใหญ่, กรมการพิเศษ ก็ว่า.
กรมการพิเศษ	๒๕๔๒	(กฎ; โบ) น. กรมการเมืองพวกหนึ่ง เป็นตำแหน่งกิตติมศักดิ์ ทำหน้าที่ให้คำปรึกษาแก่ผู้ว่าราชการเมืองในการบริหารราชการในเมืองนั้น&#160;ๆ แต่งตั้งจากบุคคลผู้ทรงคุณวุฒิหรือคหบดีในเมืองนั้น&#160;ๆ โดยไม่จำกัดจำนวน และถือว่าเป็นกรมการชั้นผู้ใหญ่, กรมการนอกทำเนียบ ก็ว่า.
กรมการพิเศษ	๒๕๕๔	กรมการเมืองพวกหนึ่ง เป็นตำแหน่งกิตติมศักดิ์ ทำหน้าที่ให้คำปรึกษาแก่ผู้ว่าราชการเมืองในการบริหารราชการในเมืองนั้นๆ แต่งตั้งจากบุคคลผู้ทรงคุณวุฒิหรือคหบดีในเมืองนั้นๆ โดยไม่จำกัดจำนวน และถือว่าเป็นกรมการชั้นผู้ใหญ่, กรมการนอกทำเนียบ ก็ว่า.
กรมการพิเศษ	๒๕๖๙	(กฎ; โบ) กรมการเมืองพวกหนึ่ง เป็นตำแหน่งกิตติมศักดิ์ ทำหน้าที่ให้คำปรึกษาแก่ผู้ว่าราชการเมืองในการบริหารราชการในเมืองนั้น ๆ แต่งตั้งจากบุคคลผู้ทรงคุณวุฒิหรือคหบดีในเมืองนั้น ๆ โดยไม่จำกัดจำนวน และถือว่าเป็นกรมการชั้นผู้ใหญ่, กรมการนอกทำเนียบ ก็ว่า.
กรมการอำเภอ	๒๕๔๒	(เลิก) น. คณะกรมการอำเภอ; กรมการอำเภอแต่ละคนที่เป็นองค์ประกอบของคณะกรมการอำเภอ.
กรมการอำเภอ	๒๕๕๔	คณะพนักงานปกครองซึ่งประกอบด้วยนายอำเภอ ปลัดอำเภอ และสมุห์บัญชีอำเภอ มีหน้าที่ร่วมกันในการดำเนินการให้การปกครองอำเภอเรียบร้อย ในปัจจุบันอำนาจหน้าที่ของกรมการอำเภอถูกโอนไปเป็นของนายอำเภอ.
กรมการอำเภอ	๒๕๖๙	(กฎ) คณะพนักงานปกครองซึ่งประกอบด้วยนายอำเภอ ปลัดอำเภอ และสมุห์บัญชีอำเภอ มีหน้าที่ร่วมกันในการดำเนินการให้การปกครองอำเภอเรียบร้อย ในปัจจุบันอำนาจหน้าที่ของกรมการอำเภอถูกโอนไปเป็นของนายอำเภอ.
กรมการในทำเนียบ	๒๕๔๒	(กฎ; โบ) น. กรมการเมืองพวกหนึ่ง เป็นตำแหน่งข้าราชการที่มีเงินเดือน ซึ่งจัดเป็น ๒ พวก กรมการชั้นผู้ใหญ่ ประกอบด้วย ปลัด ยกกระบัตร และผู้ช่วยราชการ กับกรมการชั้นผู้น้อย ประกอบด้วย จ่าเมือง สัสดี แพ่ง ศุภมาตรา และสารเลข.
กรมการในทำเนียบ	๒๕๕๔	กรมการเมืองพวกหนึ่ง เป็นตำแหน่งข้าราชการที่มีเงินเดือน ซึ่งจัดเป็น ๒ พวก กรมการชั้นผู้ใหญ่ ประกอบด้วย ปลัด ยกกระบัตร และผู้ช่วยราชการ กับกรมการชั้นผู้น้อย ประกอบด้วย จ่าเมือง สัสดี แพ่ง ศุภมาตรา และสารเลข.
กรมการในทำเนียบ	๒๕๖๙	(กฎ; โบ) กรมการเมืองพวกหนึ่ง เป็นตำแหน่งข้าราชการที่มีเงินเดือน จัดเป็น ๒ พวก กรมการชั้นผู้ใหญ่ ประกอบด้วย ปลัด ยกกระบัตร และผู้ช่วยราชการ กับกรมการชั้นผู้น้อย ประกอบด้วย จ่าเมือง สัสดี แพ่ง ศุภมาตรา และสารเลข.
กรมท่า	๒๕๔๒	[กฺรมมะ-] (กฎ; โบ) น. ส่วนราชการในสมัยก่อนซึ่งอยู่ในสังกัดกรมพระคลัง มีหน้าที่เกี่ยวกับการต่างประเทศและปกครองเมืองท่า.<2t>ว. สีขาบ, สีนํ้าเงินแก่, เรียกว่า สีกรมท่า.
กรมท่า	๒๕๕๔	กรมพระคลังส่วนที่ทำหน้าที่ติดต่อกับต่างชาติเรื่องการค้าขายและการต่างประเทศ ต่อมาเพิ่มหน้าที่ปกครองหัวเมืองชายทะเล, พระคลัง หรือ พระคลังกรมท่า ก็เรียก. (ดู กรมพระคลัง ประกอบ).
กรมท่า	๒๕๖๙	(โบ) ส่วนราชการในสมัยก่อนซึ่งอยู่ในสังกัดกรมพระคลัง มีหน้าที่เกี่ยวกับการต่างประเทศ ปกครองเมืองท่า และการติดต่อค้าขายกับต่างประเทศ, พระคลัง หรือ พระคลังกรมท่า ก็ว่า. ( ดู กรมพระคลัง ประกอบ ).
กรมท่ากลาง	๒๕๕๔	ส่วนราชการในสังกัดกรมพระคลัง ที่ตั้งขึ้นภายหลังกรมท่าซ้าย กรมท่าขวา ทำหน้าที่รวมงานการติดต่อกับชาติตะวันตกเรื่องการค้าขายและการต่างประเทศ เช่น โปรตุเกส ฮอลันดา อังกฤษ สเปน ฝรั่งเศส สหรัฐอเมริกา.
กรมท่ากลาง	๒๕๖๙	(เลิก) ส่วนราชการในสังกัดกรมพระคลังที่ตั้งขึ้นภายหลังกรมท่าซ้าย กรมท่าขวา ทำหน้าที่รวมงานการติดต่อกับชาติตะวันตกเรื่องการค้าขายและการต่างประเทศ เช่น โปรตุเกส ฮอลันดา อังกฤษ สเปน ฝรั่งเศส สหรัฐอเมริกา.
กรมท่าขวา	๒๕๔๒	[กฺรมมะ-] (กฎ; โบ) น. ส่วนราชการที่มีหน้าที่เกี่ยวกับชนชาวแขก.
กรมท่าขวา	๒๕๕๔	ส่วนราชการในสังกัดกรมพระคลัง ทำหน้าที่ติดต่อกับต่างชาติเรื่องการค้าขายและการต่างประเทศ กับชาติที่อยู่ทางด้านขวาหรือทางตะวันตกของอ่าวไทย เช่น อินเดีย อิหร่าน รวมทั้งชาติที่เข้ามาติดต่อทางด้านนั้น.
กรมท่าขวา	๒๕๖๙	(เลิก) ส่วนราชการในสังกัดกรมพระคลัง ทำหน้าที่ติดต่อเรื่องการค้าขายและการต่างประเทศกับชาติที่อยู่ทางด้านขวาหรือทางตะวันตกของอ่าวไทย เช่น อินเดีย อิหร่าน รวมทั้งชาติที่เข้ามาติดต่อทางด้านนั้น.
กรมท่าซ้าย	๒๕๔๒	[กฺรมมะ-] (กฎ; โบ) น. ส่วนราชการที่มีหน้าที่เกี่ยวกับชนชาวจีน.
กรมท่าซ้าย	๒๕๕๔	ส่วนราชการในสังกัดกรมพระคลัง ทำหน้าที่ติดต่อกับต่างชาติเรื่องการค้าขายและการต่างประเทศกับชาติที่อยู่ทางด้านซ้ายหรือทางตะวันออกของอ่าวไทย เช่น จีน ญี่ปุ่น เกาหลี รวมทั้งชาติที่เข้ามาติดต่อทางด้านนั้น.
กรมท่าซ้าย	๒๕๖๙	(เลิก) ส่วนราชการในสังกัดกรมพระคลัง ทำหน้าที่ติดต่อเรื่องการค้าขายและการต่างประเทศกับชาติที่อยู่ทางด้านซ้ายหรือทางตะวันออกของอ่าวไทย เช่น จีน ญี่ปุ่น เกาหลี รวมทั้งชาติที่เข้ามาติดต่อทางด้านนั้น.
กรมธรรม์	๒๕๔๒	[กฺรมมะทัน] (กฎ; โบ) น. เอกสารซึ่งทาส ลูกหนี้ยินยอมให้กรมการอำเภอทำให้ไว้แก่เจ้าหนี้นายเงิน, คำนี้เรียกเต็มว่า สารกรมธรรม์ หรือย่อว่า สารกรม, บางทีเรียกเพียงคำเดียวว่า กรม ก็มี เช่น กู้หนี้ถือสีนกันเข้าชื่อในกรมหลายคน. (สามดวง); กรมธรรม์ประกันภัย. (ส. กรฺม + ธรฺม).
กรมธรรม์	๒๕๕๔	เอกสารสัญญาซึ่งทำขึ้นตามที่กฎหมายกำหนด เช่น เอกสารที่ทาสลูกหนี้ยินยอมให้กรมการอำเภอทำให้ไว้แก่เจ้าหนี้นายเงิน สัญญาขายฝากที่ไร่ที่สวน, คำนี้เรียกเต็มว่า สารกรมธรรม์ หรือย่อว่า สารกรม, บางทีเรียกเพียงคำเดียวว่า กรม ก็มี เช่น กู้หนี้ถือสีนกันเข้าชื่อในกรมหลายคน
กรมธรรม์	๒๕๖๙	(โบ) เอกสารสัญญาซึ่งทำขึ้นตามที่กฎหมายกำหนด เช่น เอกสารที่ทาสลูกหนี้ยินยอมให้กรมการอำเภอทำให้ไว้แก่เจ้าหนี้นายเงิน สัญญาขายฝากที่ไร่ที่สวน, คำนี้เรียกเต็มว่า สารกรมธรรม์ หรือย่อว่า สารกรม, บางทีเรียกเพียงคำเดียวว่า กรม ก็มี เช่น กู้หนี้ถือสีนกันเข้าชื่อในกรมหลายคน (สามดวง กู้หนี้).
กรมธรรม์ประกันภัย	๒๕๔๒	(กฎ) น. ตราสารที่มีลายมือชื่อของผู้รับประกันภัยและมีรายการแสดงวัตถุที่เอาประกันภัย จำนวนเงินเอาประกันภัย ชื่อผู้เอาประกันภัย ชื่อผู้รับประกันภัย วันที่สัญญาเริ่มต้นและสิ้นสุด และอื่น&#160;ๆ ตามที่กฎหมายบังคับ ตลอดจนเงื่อนไขเกี่ยวกับประโยชน์ สิทธิ และหน้าที่ของผู้เอาประกันภัย และผู้รับประกันภัย, มักเรียกสั้น&#160;ๆ ว่า กรมธรรม์. (อ. policy of insurance).
กรมธรรม์ประกันภัย	๒๕๕๔	ตราสารที่ผู้รับประกันภัยออกให้แก่ผู้เอาประกันภัยเป็นหลักฐานการรับประกันภัย.
กรมธรรม์ประกันภัย	๒๕๖๙	(กฎ) เอกสารที่ผู้รับประกันภัยออกให้แก่ผู้เอาประกันภัยเป็นหลักฐานการรับประกันภัย.
กรมนา	๒๕๔๒	[กฺรมมะ-] ดู กรม ๓.
กรมนา	๒๕๕๔	กรมใหญ่กรมหนึ่งในจตุสดมภ์ มีเสนาบดีเป็นผู้บังคับบัญชา มีอำนาจหน้าที่ดูแลรักษานาหลวง เก็บหางข้าวขึ้นฉางหลวง ทำนุบำรุงอาชีพเกษตรกรรมและเก็บค่าภาษีอากรเกี่ยวกับการนั้น รวมทั้งบังคับบัญชาศาลในสังกัดซึ่งมีอำนาจพิจารณาคดีพิพาทเกี่ยวกับที่นาและโคกระบือเป็นต้น
กรมนา	๒๕๖๙	(เลิก) กรมใหญ่กรมหนึ่งในจตุสดมภ์ มีเสนาบดีเป็นผู้บังคับบัญชา มีอำนาจหน้าที่ดูแลรักษานาหลวง เก็บหางข้าวขึ้นฉางหลวง ทำนุบำรุงอาชีพเกษตรกรรมและเก็บค่าภาษีอากรเกี่ยวกับการนั้น รวมทั้งบังคับบัญชาศาลในสังกัดซึ่งมีอำนาจพิจารณาคดีพิพาทเกี่ยวกับที่นาและโคกระบือเป็นต้น.
กรมพระคลัง	๒๕๕๔	กรมใหญ่กรมหนึ่งในจตุสดมภ์ มีเสนาบดีเป็นผู้บังคับบัญชา มีอำนาจหน้าที่เกี่ยวกับการคลัง การต่างประเทศ และการค้ากับต่างประเทศ รวมทั้งบังคับบัญชาศาลในสังกัดซึ่งมีอำนาจพิจารณาคดีความเกี่ยวข้องด้วยพระราชทรัพย์หลวง และคดีความต่างประเทศ, พระคลัง หรือ พระคลังกรมท่า ก็เรียก
กรมพระคลัง	๒๕๖๙	(เลิก) กรมใหญ่กรมหนึ่งในจตุสดมภ์ มีเสนาบดีเป็นผู้บังคับบัญชา มีอำนาจหน้าที่เกี่ยวกับการคลัง การต่างประเทศ และการค้ากับต่างประเทศ รวมทั้งบังคับบัญชาศาลในสังกัดซึ่งมีอำนาจพิจารณาคดีความเกี่ยวข้องด้วยพระราชทรัพย์หลวง และคดีความต่างประเทศ, พระคลัง หรือ พระคลังกรมท่า ก็ว่า.
กรมพระนครบาล	๒๕๕๔	ดู กรมเมือง.
กรมวัง	๒๕๔๒	[กฺรมมะ-] น. แผนกราชการที่บริหารกิจการในพระราชสํานัก; ข้าราชการแผนกนี้ เช่น กรมวังรับสั่งใส่เกศี. (อิเหนา).
กรมวัง	๒๕๕๔	กรมใหญ่กรมหนึ่งในจตุสดมภ์ มีเสนาบดีเป็นผู้บังคับบัญชา มีอำนาจหน้าที่รักษาพระราชมนเทียร พระราชวังชั้นนอก พระราชวังชั้นใน บริหารกิจการในพระราชสำนัก และบังคับบัญชาศาลในสังกัดซึ่งมีอำนาจพิจารณาคดีที่เกี่ยวข้องกับสมใน ได้แก่ ศาลแพ่งวัง ศาลอาชญาวัง และศาลนครบาลวัง รวมทั้งบังคับบัญชาศาลมรดก
กรมวัง	๒๕๖๙	(เลิก) กรมใหญ่กรมหนึ่งในจตุสดมภ์ มีเสนาบดีเป็นผู้บังคับบัญชา มีอำนาจหน้าที่รักษาพระราชมนเทียร พระราชวังชั้นนอก พระราชวังชั้นใน บริหารกิจการในพระราชสำนัก และบังคับบัญชาศาลในสังกัดซึ่งมีอำนาจพิจารณาคดีที่เกี่ยวข้องกับสมใน ได้แก่ ศาลแพ่งวัง ศาลอาชญาวัง และศาลนครบาลวัง รวมทั้งบังคับบัญชาศาลมรดก.
กรมวังผู้ใหญ่	๒๕๖๙	ข้าราชการในพระองค์ สังกัดสำนักพระราชวัง มีหน้าที่เฉพาะกิจตามพระราชประสงค์.
กรมศักดิ์	๒๕๔๒	[กฺรมมะสัก] (กฎ; โบ) น. ชื่อกฎหมายลักษณะหนึ่ง ซึ่งกําหนดระวางโทษปรับตามศักดินา อายุ และความร้ายแรงหนักเบาของความผิดที่กระทํา. (สามดวง).
กรมศักดิ์	๒๕๕๔	ชื่อกฎหมายลักษณะหนึ่ง ซึ่งกำหนดระวางโทษปรับตามศักดินา อายุของฝ่ายที่ชนะคดีหรือฝ่ายที่แพ้คดี และความร้ายแรงหนักเบาของความผิดที่กระทำ. (สามดวง), พรมศักดิ หรือ พรหมศักดิ ก็ว่า.
กรมศักดิ์	๒๕๖๙	(กฎ; โบ) น. กฎหมายลักษณะหนึ่ง ซึ่งกําหนดระวางโทษปรับตามศักดินา อายุ และความร้ายแรงหนักเบาของความผิดที่กระทํา, พรมศักดิ์ ก็ว่า.
กรมเกรียม	๒๕๔๒	ก. ระทมใจจนหม่นไหม้, ใช้ว่า เกรียมกรม ตรมเตรียม หรือ เตรียมตรม ก็มี เช่น จักขานความที่เกรียมกรม. (กฤษณา).
กรมเกรียม	๒๕๕๔	ระทมใจจนหม่นไหม้, ใช้ว่า เกรียมกรม ตรมเตรียม หรือ เตรียมตรม ก็มี เช่น จักขานความที่เกรียมกรม
กรมเกรียม	๒๕๖๙	(วรรณ) ระทมใจจนหม่นไหม้, ใช้ว่า เกรียมกรม ตรมเตรียม หรือ เตรียมตรม ก็มี เช่น จักขานความที่เกรียมกรม (กฤษณา).
กรมเมือง	๒๕๕๔	กรมใหญ่กรมหนึ่งในจตุสดมภ์ มีเสนาบดีเป็นผู้บังคับบัญชา มีอำนาจหน้าที่ในการรักษาความสงบเรียบร้อยในราชธานีและปริมณฑล ปราบปรามโจรผู้ร้าย รวมทั้งบังคับบัญชาศาลในสังกัดซึ่งมีอำนาจพิจารณาคดีความอุกฉกรรจ์และดูแลคุก (เรือนจำ) มหันตโทษ, เวียง หรือ กรมพระนครบาล ก็เรียก
กรมเมือง	๒๕๖๙	(เลิก) กรมใหญ่กรมหนึ่งในจตุสดมภ์ มีเสนาบดีเป็นผู้บังคับบัญชา มีอำนาจหน้าที่ในการรักษาความสงบเรียบร้อยในราชธานีและปริมณฑล ปราบปรามโจรผู้ร้าย รวมทั้งบังคับบัญชาศาลในสังกัดซึ่งมีอำนาจพิจารณาคดีความอุกฉกรรจ์และดูแลคุก (เรือนจำ) มหันตโทษ, เวียง หรือ กรมพระนครบาล ก็ว่า.
กรร	๒๕๔๒	[กัน] (โบ) ก. จับ เช่น กรกรรนฤบดี. (สมุทรโฆษ). (ข. กาน่ ว่า ถือ).
กรร	๒๕๕๔	จับ เช่น กรกรรนฤบดี
กรร	๒๕๖๙	(วรรณ) จับ เช่น กรกรรนฤบดี (สมุทรโฆษ). (ข. กาน่ ว่า ถือ).
กรร-	๒๕๕๔	ใช้เป็นพยางค์หน้า (ซึ่งโบราณเขียนเป็น กนน หรือ กัน ก็มี) แทน กระ เช่น กรรชิง-กันชิง-กระชิง, กรรเช้า-กรนนเช้า-กระเช้า, กรรเชอ-กนนเชอ- กระเชอ, กรรโชก-กันโชก-กระโชก, กรรพุ่ม-กระพุ่ม, กรรลึง-กระลึง.
กรรกง	๒๕๔๒	[กัน-] (เลิก) น. ที่ล้อมวง เช่น จําเนียรกรรกงรอบนั้น. (ม. คําหลวง นครกัณฑ์), ใช้เป็น กงกรร ก็มี เช่น แลสับสังกัดกงกรร. (สมุทรโฆษ).
กรรกง	๒๕๕๔	ที่ล้อมวง เช่น จำเนียรกรรกงรอบนั้น (ม. คำหลวง นครกัณฑ์), ใช้เป็น กงกรร ก็มี เช่น แลสับสังกัดกงกรร
กรรกง	๒๕๖๙	(วรรณ) ที่ล้อมวง เช่น จําเนียรกรรกงรอบนั้น (ม. คําหลวง นครกัณฑ์), ใช้เป็น กงกรร ก็มี เช่น แลสับสังกัดกงกรร (สมุทรโฆษ).
กรรกฎ	๒๕๔๒	[กันกด] (แบบ) น. ปู เช่น จริวจราวจรัลชลจรมกรกรรกฎกูรม์. (สมุทรโฆษ). (ส. กรฺกฏ; ป. กกฺกฏ).
กรรกฎ	๒๕๕๔	ปู เช่น จริวจราวจรัลชลจรมกรกรรกฎกูรม์
กรรกฎ	๒๕๖๙	(วรรณ) ปู เช่น จริวจราวจรัลชลจรมกรกรรกฎกูรม์ (สมุทรโฆษ). (ส. กรฺกฏ).
กรรกศ	๒๕๔๒	[กันกด] (แบบ) ว. หยาบช้า, เขียนเป็น กรรกษก็มี เช่น อันว่าพระญาติท่ววไท้ บมิหวังไหว้พระตถาคต ใจแลไปกรรกษ บารนีฯ. (ม. คําหลวง ทศพร). (ส. กรฺกศ).
กรรกศ	๒๕๕๔	หยาบช้า, เขียนเป็น กรรกษ ก็มี เช่น อันว่าพระญาติท่ววไท้ บมิหวังไหว้พระตถาคต ใจแลไปกรรกษ บารนีฯ (ม. คำหลวง ทศพร).
กรรกศ	๒๕๖๙	(วรรณ) หยาบช้า, เขียนเป็น กรรกษ ก็มี เช่น อันว่าพระญาติท่ววไท้ บมิหวังไหว้พระตถาคต ใจแลไปกรรกษ บารนีฯ (ม. คําหลวง ทศพร). (ส. กรฺกศ).
กรรชิง	๒๕๔๒	[กัน-] น. เครื่องเข้ากระบวนแห่ในการพระราชพิธีบางอย่างเช่นรับช้างเผือกหรือแรกนาขวัญเป็นต้น รูปคล้ายกลด มีคันถือคล้ายร่ม, โบราณใช้เป็นร่มเครื่องยศ คู่กันกับคานหามตามบรรดาศักดิ์ มีชั้นตามที่หุ้มผ้าแดงหรือหุ้มผ้าขาวโรยทอง เรียกว่า พื้นกํามะลอ, ถ้ามีริ้วขาวและนํ้าเงินสลับกันที่ระบาย เรียกว่า กรรชิงเกล็ด, กระชิง กระฉิ่ง กะชิง กันฉิ่ง หรือ กันชิง ก็เรียก.
กรรชิง	๒๕๕๔	เครื่องประกอบยศของเจ้านาย ขุนนาง และราชพาหนะ มีรูปร่างคล้ายสัปทนขนาดเล็ก บุด้วยผ้าต่างสีต่างชนิดกันตามชั้นยศ ระบายรอบอย่างน้อย ๒ ชั้น ยาวปรกลงมามากกว่าสัปทน สำรับหนึ่งมี ๔ คัน ใช้ตั้งแต่งประจำมุมทั้ง ๔ ของผู้ครองยศ หรือถือเข้ากระบวนแห่ เช่น แห่พระยาแรกนา แห่ช้างสำคัญ, กระชิง กระฉิ่ง กะชิง กันฉิ่ง หรือ กันชิง ก็เรียก.
กรรชิง	๒๕๖๙	เครื่องประกอบยศของเจ้านาย ขุนนาง และราชพาหนะ มีรูปร่างคล้ายสัปทนขนาดเล็ก บุด้วยผ้าต่างสีต่างชนิดกันตามั้นยศ ระบายรอบอย่างน้อย ๒ ชั้น ยาวปรกลงมามากกว่าสัปทน สำรับหนึ่งมี ๔ คัน ใช้ตั้งแต่งประจำมุมทั้ง ๔ ของผู้ครองยศ หรือถือเข้ากระบวนแห่ เช่น แห่พระยาแรกนา แห่ช้างสำคัญ, กระฉิ่ง กระชิง กะชิง กันฉิ่ง หรือ กันชิง ก็ว่า.
กรรชิด	๒๕๔๒	[กัน-] (โบ; กลอน) ก. กระชิด เช่น สองกรกลเกียดเกี้ยว กรรชิด. (ลอ).
กรรชิด	๒๕๕๔	กระชิด เช่น สองกรกลเกียดเกี้ยว กรรชิด
กรรชิด	๒๕๖๙	(วรรณ) กระชิด, ชิดทีเดียว, เช่น สองกรกลเกียดเกี้ยว กรรชิด (ลอ).
กรรซ้นน	๒๕๔๒	[กันซั้น] (โบ) ก. ทัน, กระชั้น, เช่น พราหมณ์จะมากรรซ้นน. (ม. คําหลวง กุมาร).
กรรซ้นน	๒๕๕๔	ทัน, กระชั้น, เช่น พราหมณ์จะมากรรซ้นน (ม. คำหลวง กุมาร).
กรรฐา	๒๕๕๔	คอ. (เทียบ ข. กรฺฐ ว่า คอ).
กรรฐ์	๒๕๔๒	[กัน, กันถา] น. คอ. (เทียบ ข. กรฺฐ ว่า คอ). (เลือนมาจาก กัณฐ์).
กรรฐ์	๒๕๕๔	คอ. (เทียบ ข. กรฺฐ ว่า คอ).
กรรฐ์	๒๕๖๙	คอ. (เทียบ ข. กรฺฐ ว่า คอ; เลือนมาจาก กัณฐ์).
กรรณ	๒๕๔๒	[กัน, กันนะ-] น. หู, ใบหู, กลอน ใช้เป็น กรรณา ก็มี เช่น กรรณาคือกลีบกาญจ- นปัทม์. (สมุทรโฆษ), ราชาศัพท์ใช้ว่า พระกรรณ. (ส. กรฺณ).
กรรณ	๒๕๕๔	หู, ใบหู, กลอนใช้เป็น กรรณา ก็มี เช่น กรรณาคือกลีบกาญจ- นปัทม์ (สมุทรโฆษ), ราชาศัพท์ใช้ว่า พระกรรณ.
กรรณ	๒๕๖๙	(วรรณ) หู, ใบหู, เขียนเป็น กรรณา ก็มี เช่น กรรณาคือกลีบกาญจ- นปัทม์ (สมุทรโฆษ), ราชาศัพท์ใช้ว่า พระกรรณ. (ส. กรฺณ).
กรรณ-	๒๕๕๔	หู, ใบหู, กลอนใช้เป็น กรรณา ก็มี เช่น กรรณาคือกลีบกาญจ- นปัทม์ (สมุทรโฆษ), ราชาศัพท์ใช้ว่า พระกรรณ.
กรรณยุคล	๒๕๔๒	[กันนะ-] น. หูทั้ง ๒ ข้าง เช่น ในพระกรรณยุคลท่านนั้น. (ม. คําหลวง มหาราช). (ป., ส. ยุคล ว่า คู่).
กรรณยุคล	๒๕๕๔	หูทั้ง ๒ ข้าง เช่น ในพระกรรณยุคลท่านนั้น (ม. คำหลวง มหาราช).
กรรณยุคล	๒๕๖๙	(วรรณ) หูทั้ง ๒ ข้าง เช่น ในพระกรรณยุคลท่านนั้น (ม. คำหลวง มหาราช). (ป., ส. ยุคล ว่า คู่).
กรรณา	๒๕๔๒	[กัน-] (กลอน) ดู กรรณ, กรรณ-.
กรรณา	๒๕๕๔	ดู กรรณ, กรรณ-.
กรรณา	๒๕๖๙	ดูใน กรรณ, กรรณ- .
กรรณิกา	๒๕๔๒	[กัน-] (แบบ) น. ดอกไม้ เช่น ดุจบัวอันบานชู กชกรรณิกามาศ. (สมุทรโฆษ). (ส. กรฺณิกา ว่า ฝักบัว, ช่อฟ้า; ป. กณฺณิกา).
กรรณิกา	๒๕๕๔	ดอกไม้ เช่น ดุจบัวอันบานชู กชกรรณิกามาศ
กรรณิกา	๒๕๖๙	(วรรณ) ดอกไม้ เช่น ดุจบัวอันบานชู กชกรรณิกามาศ (สมุทรโฆษ). (ส. กรฺณิกมฺ ว่า ฝักบัว).
กรรณิการ์	๒๕๔๒	น. ชื่อไม้ต้นขนาดเล็กชนิด Nyctanthes arbortristis L. ในวงศ์ Oleaceae ใบคาย ดอกหอม กลีบขาว หลอดดอกสีแสด ใช้ย้อมผ้า, เขียนเป็น กณิการ์ หรือ กรณิการ์ ก็มี.
กรรณิการ์	๒๕๕๔	ชื่อไม้ต้นขนาดเล็กชนิด Nyctanthes arbortristis L. ในวงศ์ Oleaceae ใบคาย ดอกหอม กลีบดอกสีขาว หลอดดอกสีแสด ใช้ย้อมผ้า, เขียนเป็น กณิการ์ หรือ กรณิการ์ ก็มี.
กรรณิการ์	๒๕๖๙	ไม้ต้นขนาดเล็กชนิด Nyctanthes arbortristis L. ในวงศ์ Oleaceae ใบคาย ดอกหอม กลีบดอกสีขาว หลอดดอกสีแสด ใช้ย้อมผ้า, เขียนเป็น กณิการ์ หรือ กรณิการ์ ก็มี. (เทียบ ส. กรฺณิการ เป็นชื่อดอกไม้อีกชนิดหนึ่ง).
กรรดิ	๒๕๔๒	[กัด] ก. ยกย่อง, สรรเสริญ, เช่น ยาคนชี้เทพยผู้ ไกรกรรดิ ก็ดี. (ยวนพ่าย). (เลือนมาจาก ป. กตฺถติ ว่า ยกย่อง, สรรเสริญ).
กรรดิ	๒๕๕๔	ยกย่อง, สรรเสริญ, เช่น ยาคนชี้เทพยผู้ ไกรกรรดิ ก็ดี
กรรดิ	๒๕๖๙	(วรรณ) เฉลียวฉลาด, เชี่ยวชาญ, เช่น ยาคนชี้เทพยผู้ ไกรกรรดิ ก็ดี (ยวนพ่าย). (ส. กฤตินฺ).
กรรดิก	๒๕๔๒	[กัน-] (แบบ) น. เดือน ๑๒. (ดู กัตติกมาส).
กรรดิก	๒๕๕๔	เดือน ๑๒. (ดู กัตติกมาส).
กรรดิก	๒๕๖๙	(แบบ) เดือน ๑๒. (ดู กัตติกมาส) .
กรรดึก	๒๕๕๔	เดือน ๑๒. (ดู กัตติกมาส).
กรรตุ	๒๕๔๒	[กัด, กัดตุ-] (ไว) น. ผู้ทํา. (ป. กตฺตุ; ส. กรฺตฺฤ).
กรรตุ	๒๕๕๔	ผู้ทำ.
กรรตุ	๒๕๖๙	(ไว) ผู้ทํา. (ป. กตฺตุ; ส. กรฺตฤ).
กรรตุ-	๒๕๕๔	ผู้ทำ.
กรรตุการก	๒๕๔๒	[กัดตุ-] (ไว) น. ผู้ทําหรือผู้ใช้ให้ทำ เป็นส่วนสําคัญส่วนหนึ่งใน ๒ ส่วนของประโยคที่ไม่ต้องมีกรรมมารับ เช่น เด็กวิ่ง วิ่ง เป็น กรรตุการก หรือเป็นส่วนสำคัญส่วนหนึ่งใน ๓ ส่วนของประโยคที่กริยาต้องมีกรรมรับ เช่น ตํารวจยิงผู้ร้าย ตํารวจ เป็น กรรตุการก. (ป., ส. การก ว่า ผู้ทำ).
กรรตุการก	๒๕๕๔	ผู้ทำหรือผู้ใช้ให้ทำ เป็นส่วนสำคัญส่วนหนึ่งใน ๒ ส่วนของประโยคที่ไม่ต้องมีกรรมมารับ เช่น เด็กวิ่ง เด็ก เป็น กรรตุการก หรือเป็นส่วนสำคัญส่วนหนึ่งใน ๓ ส่วนของประโยคที่กริยาต้องมีกรรมรับ เช่น ตำรวจยิงผู้ร้าย ตำรวจ เป็น กรรตุการก.
กรรตุการก	๒๕๖๙	(ไว) ผู้ทําหรือผู้ใช้ให้ทำ เป็นส่วนสําคัญส่วนหนึ่งใน ๒ ส่วนของประโยคที่ไม่ต้องมีกรรมมารับ เช่น เด็กวิ่ง เด็ก เป็น กรรตุการก หรือเป็นส่วนสำคัญส่วนหนึ่งใน ๓ ส่วนของประโยคที่กริยาต้องมีกรรมรับ เช่น ตํารวจยิงผู้ร้าย ตํารวจ เป็น กรรตุการก. (ป., ส. การก ว่า ผู้ทำ).
กรรตุวาจก	๒๕๔๒	[กัดตุ-] (ไว) ก. กริยาที่บอกว่าประธานเป็นกรรตุการกคือผู้ทำหรือผู้ใช้ให้ทำ, กริยาของประโยคที่แสดงว่าประธานทําหน้าที่เป็นกรรตุการกคือเป็นผู้ทําหรือผู้ใช้ให้ทํา เช่น ครูเขียนหนังสือ (ประธานเป็นผู้ทํา) ครูให้นักเรียนเขียนหนังสือ (ประธานเป็นผู้ใช้ให้ทํา). (ป., ส. วาจก ว่า ผู้กล่าว).
กรรตุวาจก	๒๕๕๔	กริยาที่บอกว่าประธานเป็นกรรตุการกคือผู้ทำหรือผู้ใช้ให้ทำ, กริยาของประโยคที่แสดงว่าประธานทำหน้าที่เป็นกรรตุการกคือเป็นผู้ทำหรือผู้ใช้ให้ทำ เช่น ครูเขียนหนังสือ (ประธานเป็นผู้ทำ)ครูให้นักเรียนเขียนหนังสือ (ประธานเป็นผู้ใช้ให้ทำ).
กรรตุวาจก	๒๕๖๙	(ไว) ระเบียบของกริยาที่บอกว่าประธานเป็นกรรตุการกคือผู้ทำหรือผู้ใช้ให้ทำ, กริยาของประโยคที่แสดงว่าประธานทําหน้าที่เป็นกรรตุการกคือเป็นผู้ทําหรือผู้ใช้ให้ทํา เช่น ครูเขียนหนังสือ (ประธานเป็นผู้ทํา) ครูให้นักเรียนเขียนหนังสือ (ประธานเป็นผู้ใช้ให้ทํา). (ป., ส. วาจก ว่า ผู้กล่าว).
กรรตุสัญญา	๒๕๔๒	[กัดตุ-] น. นามที่เป็นคําร้องเรียกชื่อลอย&#160;ๆ เช่น แล้วกล่าววาจาอันสุนทร ดูก่อนกุมภกรรณยักษี. (รามเกียรติ์ ร. ๑). (ป. สญฺ&#xf70f;า = นาม, ชื่อ).
กรรตุสัญญา	๒๕๕๔	คำนำหน้านามหรือสรรพนามเป็นเครื่องหมายแสดงว่าคำนามหรือสรรพนามนั้นเป็นอาลปนะ เช่น ดูก่อนอานนท์ ข้าแต่พระคุณเจ้าทั้งหลาย, บางทีอาจเป็นคำร้องเรียกลอย ๆ โดยละเครื่องหมายนั้นไว้ก็ได้ เช่น อานนท์ ท่านผู้ฟังทั้งหลาย.
กรรตุสัญญา	๒๕๖๙	คำนำหน้านามหรือสรรพนามเป็นเครื่องหมายแสดงว่าคำนามหรือสรรพนามนั้นเป็นคำร้องเรียก เช่น ดูก่อนอานนท์ ข้าแต่พระคุณเจ้าทั้งหลาย, บางทีอาจเป็นคำร้องเรียกลอย ๆ โดยละเครื่องหมายนั้นไว้ก็ได้ เช่น อานนท์ ท่านผู้ฟังทั้งหลาย (ป. สญฺา ว่า นาม, ชื่อ).
กรรทบ	๒๕๔๒	[กัน-] (กลอน) ก. กระทบ เช่น ฟองฟัดซัดดล กรรทบนาวี. (สรรพสิทธิ์).
กรรทบ	๒๕๕๔	กระทบ เช่น ฟองฟัดซัดดลกรรทบนาวี
กรรทบ	๒๕๖๙	(วรรณ) กระทบ เช่น ฟองฟัดซัดดลกรรทบนาวี (สรรพสิทธิ์).
กรรบาสิก	๒๕๔๒	[กับบา-, กับปา-] (แบบ) ว. อันทอด้วยฝ้าย. (ส. การฺปาสิก; ป. กปฺปาสิก).
กรรบาสิก	๒๕๕๔	อันทอด้วยฝ้าย.
กรรบาสิก	๒๕๖๙	(แบบ) อันทอด้วยฝ้าย. (ส. การฺปาสิก).
กรรบาสิก-	๒๕๕๔	อันทอด้วยฝ้าย.
กรรบาสิกพัสตร์	๒๕๔๒	[กับบาสิกะ-] น. ผ้าอันทอด้วยฝ้าย คือ ผ้าฝ้าย. (ใน ม. ร่ายยาว นครกัณฑ์ ว่า มาแต่แคว้นกาสี). (ส. วสฺตฺร ว่า ผ้า).
กรรบาสิกพัสตร์	๒๕๕๔	ผ้าอันทอด้วยฝ้าย คือ ผ้าฝ้าย. (ใน ม. ร่ายยาว นครกัณฑ์ ว่า มาแต่แคว้นกาสี).
กรรบาสิกพัสตร์	๒๕๖๙	ผ้าอันทอด้วยฝ้าย คือ ผ้าฝ้าย. (ใน ม. ร่ายยาว นครกัณฑ์ ว่า มาแต่แคว้นกาสี). (ส. วสฺตฺร ว่า ผ้า).
กรรบิด	๒๕๔๒	[กัน-] น. มีด, ราชาศัพท์ว่า พระกรรบิด. (ข. กำบิต ว่า มีด).
กรรบิด	๒๕๕๔	มีด, (ราชา) มีดโกน, มีดเจียนหมาก, ใช้ว่า พระกรรบิด.
กรรบิด	๒๕๖๙	(วรรณ) มีด เช่น แล้วหยิบกรรบิดพระแสงทรง เปลี่ยนปลงเกศเล่มละสามหน (อิเหนา).
กรรบูร	๒๕๔๒	[กันบูน] (แบบ) น. การบูร เช่น กฤษณากระวานการ- บูรกูรกระเหนียดกรร- บูรแกมกำคูนคันธ์ รสจวงกำจรมา. (สมุทรโฆษ).
กรรบูร	๒๕๕๔	การบูร เช่น กฤษณากระวานการ- บูรกูรกระเหนียดกรร- บูรแกมกำคูนคันธ์ รสจวงกำจรมา
กรรบูร	๒๕๖๙	(วรรณ) การบูร เช่น กฤษณากระวานการ- บูรกูรกระเหนียดกรร- บูรแกมกำคูนคันธ์ รสจวงกำจรมา (สมุทรโฆษ). (ส. กรฺปูร).
กรรปาสิก	๒๕๕๔	อันทอด้วยฝ้าย.
กรรปุระ	๒๕๔๒	[กัน-] (กลอน) น. ศอก. (ดู กโบร).
กรรปุระ	๒๕๕๔	ศอก, ข้อศอก.
กรรปุระ	๒๕๖๙	(โบ) ศอก เช่น น่าตักวัดแต่พระชาณุทั้ง ๒ เก้านิ้ว กับ ๔ กระเบียดอัษฎางค์ ระหว่างพระกรรปุระทั้งสอง ๖ นิ้ว ๔ กระเบียดอัษฎางค์ (พงศ. ร. ๒). (ส. กูรฺปร; ป. กปฺปร).
กรรพุม	๒๕๔๒	[กัน-] (โบ; แผลงมาจาก กระพุ่ม) น. มือที่ประนม เช่น ถวายกรกรรพุม. (ม. คําหลวง ทศพร); พุ่ม เช่น กรรพุมมาลย์ = พุ่มดอกไม้.
กรรพุม	๒๕๕๔	มือที่ประนม เช่น ถวายกรกรรพุม (ม. คำหลวง ทศพร)
กรรพุม	๒๕๖๙	มือที่ประนม เช่น ถวายกรกรรพุม (ม. คําหลวง ทศพร).
กรรพุ่ม	๒๕๕๔	มือที่ประนม เช่น ถวายกรกรรพุม (ม. คำหลวง ทศพร)
กรรภิรมย์	๒๕๔๒	[กัน-] น. ฉัตร ๕ ชั้นสํารับหนึ่ง ทําด้วยผ้าขาวลงยันต์เส้นทอง ใช้ถุงปัศตูแดงสวม มี ๓ องค์ด้วยกัน คือ พระเสมาธิปัต พระฉัตรชัย พระเกาวพ่ายหรือพระเกาวพ่าห์ เป็นเครื่องสูง ใช้กางเชิญนําพระราชยานเวลาเสด็จพระราชดําเนินโดยกระบวนพยุหยาตรา และใช้เข้าพิธีคชกรรมเชิญนําช้างเผือกขึ้นจากแพเข้าสู่โรงสมโภช หรือใช้ผูกเสาพระแท่นมณฑลในพระราชพิธีใหญ่, เขียนเป็น กรรม์ภิรมย์ กันภิรมย์ หรือ กันพิรุณ ก็มี.
กรรภิรมย์	๒๕๕๔	ฉัตร ๕ ชั้นและ ๗ ชั้น สำรับหนึ่งมี ๓ องค์ คือ พระเสมาธิปัต พระฉัตรชัย พระเกาวพ่ายหรือพระเกาวพ่าห์ ทำด้วยผ้าขาวลงยันต์เส้นเขียนทอง เป็นเครื่องสูงอันเป็นสิริมงคลยิ่งสำหรับพระมหากษัตริย์ ใช้กางเชิญนำพระราชยานเวลาเสด็จพระราชดำเนินโดยกระบวนพยุหยาตราใหญ่ และใช้เข้าพิธีคชกรรมนำช้างสำคัญขึ้นจากแพเข้าสู่โรงสมโภช หรือใช้ผูกเสาพระแท่นมณฑลในพระราชพิธีใหญ่, เขียนเป็น กรรม์ภิรมย์ กันภิรมย์ หรือ กันพิรุณ ก็มี.
กรรภิรมย์	๒๕๖๙	ฉัตร ๕ ชั้นและ ๗ ชั้น สำรับหนึ่งมี ๓ องค์ คือ พระเสมาธิปัต พระฉัตรชัย พระเกาวพ่ายหรือพระเกาวพ่าห์ ทำด้วยผ้าขาวลงยันต์เส้นเขียนทอง เป็นเครื่องสูงอันเป็นสิริมงคลยิ่งสำหรับพระมหากษัตริย์ ใช้กางเชิญนําพระราชยานเวลาเสด็จพระราชดําเนินโดยกระบวนพยุหยาตราใหญ่ และใช้เข้าพิธีคชกรรมนําช้างสำคัญขึ้นจากแพเข้าสู่โรงสมโภช หรือใช้ผูกเสาพระแท่นมณฑลในพระราชพิธีใหญ่, เขียนเป็น กรรม์ภิรมย์ กันภิรมย์ หรือ กันพิรุณ ก็มี.
กรรม	๒๕๔๒	[กำ, กำมะ-] น. (๑) การ, การกระทำ, การงาน, กิจ, เช่น พลีกรรม ต่างกรรมต่างวาระ, เป็นการดีก็ได้ ชั่วก็ได้ เช่น กุศลกรรม อกุศลกรรม.<2t>(๒) การกระทำที่ส่งผลร้ายมายังปัจจุบัน หรือซึ่งจะส่งผลร้ายต่อไปในอนาคต เช่น บัดนี้กรรมตามทันแล้ว ระวังกรรมจะตามทันนะ.<2t>(๓) บาป, เคราะห์, เช่น คนมีกรรม กรรมของฉันแท้ ๆ.<2t>(๔) ความตาย ในคำว่า ถึงแก่กรรม.
กรรม	๒๕๕๔	การ, การกระทำ, การงาน, กิจ, เช่น พลีกรรม ต่างกรรมต่างวาระ, เป็นการดีก็ได้ ชั่วก็ได้ เช่น กุศลกรรม อกุศลกรรม.
กรรม	๒๕๖๙	การ, การกระทำ, การงาน, กิจ, เช่น พลีกรรม, ต่างกรรมต่างวาระ , เป็นการดีก็ได้ ชั่วก็ได้ เช่น กุศลกรรม, อกุศลกรรม. (ส. กรฺมนฺ).
กรรม-	๒๕๕๔	การ, การกระทำ, การงาน, กิจ, เช่น พลีกรรม ต่างกรรมต่างวาระ, เป็นการดีก็ได้ ชั่วก็ได้ เช่น กุศลกรรม อกุศลกรรม.
กรรม-กรณ์	๒๕๕๔	อาญา, เครื่องสำหรับลงอาญา. ก. ลงโทษ เช่น สามซ้ำควรกรรมกรณ์ นุกิจราชอาชญา
กรรมกร	๒๕๔๒	[กำมะกอน] น. คนงาน, ลูกจ้างที่ใช้แรงงาน. (ส. กฺรม = การงาน + กร = ผู้ทำ; ป. กมฺม + กร).
กรรมกร	๒๕๕๔	คนงาน, ลูกจ้างที่ใช้แรงงาน.
กรรมกร	๒๕๖๙	คนงาน, ลูกจ้างที่ใช้แรงงาน. (ส. กรฺมกร).
กรรมกรณ์	๒๕๔๒	[กำมะกอน] น. อาญา, เครื่องสำหรับลงอาญา.<2t>ก. ลงโทษ เช่น สามซ้ำควรกรรมกรณ์ นุกิจราชอาชญา. (กฤษณา). (ส. กรฺม + กรณ = การกระทำ; ป. กมฺม + กรณ).
กรรมกรณ์	๒๕๖๙	อาญา, เครื่องสำหรับลงอาญา.
กรรมการ	๒๕๔๒	[กำมะกาน] น. บุคคลที่ได้รับเลือกหรือได้รับแต่งตั้งเข้าเป็นคณะร่วมกันทำงานหรือกระทำกิจการบางอย่างซึ่งได้รับมอบหมาย, เมื่อรวมกันเป็นคณะ เรียกว่า คณะกรรมการ เช่น คณะกรรมการกฤษฎีกา. (ส. กรฺม + การ; ป. กมฺม + การ).
กรรมการ	๒๕๕๔	บุคคลซึ่งได้รับเลือกหรือได้รับแต่งตั้งเพื่อกระทำกิจการบางอย่างเป็นคณะ. (ส. กรฺม + การ; ป. กมฺม + การ).
กรรมการ	๒๕๖๙	(กฎ) บุคคลซึ่งได้รับเลือกหรือได้รับแต่งตั้งเพื่อกระทำกิจการบางอย่างเป็นคณะ.
กรรมการก	๒๕๔๒	[กํามะ-] (ไว) น. ผู้ถูกทํา เป็นส่วนสําคัญส่วนหนึ่งใน ๓ ส่วนของประโยคที่กริยาต้องมีกรรมรับ เช่น ตํารวจยิงผู้ร้าย ผู้ร้าย เป็น กรรมการก ถ้าต้องการให้ผู้ถูกทําเด่น ก็เรียงเป็นภาคประธานของประโยค เช่น ผู้ร้ายถูกตํารวจยิง.
กรรมการก	๒๕๕๔	ผู้ถูกทำ เป็นส่วนสำคัญส่วนหนึ่งใน ๓ ส่วนของประโยคที่กริยาต้องมีกรรมรับ เช่น ตำรวจยิงผู้ร้าย ผู้ร้าย เป็น กรรมการก, ถ้าต้องการให้ผู้ถูกทำเด่น ก็เรียงเป็นภาคประธานของประโยค เช่น ผู้ร้ายถูกตำรวจยิง.
กรรมการก	๒๕๖๙	(ไว) ผู้ถูกกระทํา เป็นส่วนสําคัญส่วนหนึ่งใน ๓ ส่วนของประโยคที่กริยาต้องมีกรรมรับ เช่น ตํารวจยิงผู้ร้าย ผู้ร้าย เป็น กรรมการก, ถ้าต้องการให้ผู้ถูกทําเด่น ก็เรียงเป็นภาคประธานของประโยค เช่น ผู้ร้ายถูกตํารวจยิง.
กรรมการิณี	๒๕๔๒	[กํามะ-] น. กรรมการซึ่งเป็นเพศหญิง. (ส. กรฺม + การิณี).
กรรมการิณี	๒๕๕๔	กรรมการซึ่งเป็นเพศหญิง.
กรรมการิณี	๒๕๖๙	(โบ) กรรมการซึ่งเป็นเพศหญิง.
กรรมขัย	๒๕๔๒	[กำมะไข] (โบ) น. การสิ้นอายุเพราะกรรม เช่น อันว่าอายุสม์ยังมิควรตาย แลมาตายดั่งนั้นชื่อว่ากรรมขัยแล. (ไตรภูมิ). (ส. กรฺม + ป. ขย).
กรรมขัย	๒๕๕๔	การสิ้นอายุเพราะกรรม เช่น อันว่าอายุสม์ยังมิควรตายแลมาตายดั่งนั้นชื่อว่ากรรมขัยแล
กรรมขัย	๒๕๖๙	(โบ) น. การสิ้นอายุเพราะกรรม เช่น อันว่าอายุสม์ยังมิควรตายแลมาตายดั่งนั้นชื่อว่ากรรมขัยแล (ไตรภูมิ).
กรรมคติ	๒๕๔๒	[กํามะคะติ] น. ทางดําเนินแห่งกรรม. (ส. กรฺม + ส., ป. คติ ว่า ที่ไป).
กรรมคติ	๒๕๕๔	ทางดำเนินแห่งกรรม.
กรรมคติ	๒๕๖๙	ทางดําเนินแห่งกรรม.
กรรมชรูป	๒๕๔๒	[กํามะชะรูบ] น. รูปของคนและสัตว์. (ส.; ป. กมฺมชรูป ว่า รูปที่เกิดแต่กรรม).
กรรมชรูป	๒๕๕๔	รูป (ของคนและสัตว์) ที่เกิดแต่กรรม.
กรรมชรูป	๒๕๖๙	รูปที่เกิดแต่กรรม. (ส.).
กรรมชวาต	๒๕๔๒	[กำมะชะวาด] น. ลมเกิดแต่กรรม คือ ลมเกิดในครรภ์เวลาคลอดบุตร ได้แก่ ลมเบ่ง เช่น พอถึงพระหัตถ์พระราชเทวีก็ทรงจับเอากิ่งรัง พอเกิดลมกรรมชวาตหวั่นไหวประชวรพระครรภ์. (ปฐมสมโพธิกถา). (สฺ กรฺม + ช = เกิด + วาต = ลม).
กรรมชวาต	๒๕๕๔	ลมเกิดแต่กรรม คือ ลมเกิดในครรภ์เวลาคลอดบุตร ได้แก่ ลมเบ่ง เช่น พอถึงพระหัตถ์พระราชเทวีก็ทรงจับเอากิ่งรัง พอเกิดลมกรรมชวาตหวั่นไหวประชวรพระครรภ์ (ปฐมสมโพธิกถา), เขียนเป็น กรรมัชวาต ก็มี.
กรรมชวาต	๒๕๖๙	ลมที่เกิดแต่กรรม คือ ลมเกิดในครรภ์เวลาคลอดบุตร ได้แก่ ลมเบ่ง, เขียนเป็น กรรมัชวาต ก็มี.
กรรมฐาน	๒๕๔๒	[กำมะถาน] น. ที่ตั้งแห่งการงาน หมายเอาอุบายทางใจ มี ๒ ประการ คือ สมถกรรมฐาน เป็นอุบายสงบใจ และวิปัสสนากรรมฐาน เป็นอุบายเรืองปัญญา. (ส.; ป. กมฺมฏฺ&#xf700;าน).
กรรมฐาน	๒๕๕๔	ที่ตั้งแห่งการงาน หมายเอาอุบายทางใจ มี ๒ ประการ คือ สมถกรรมฐาน เป็นอุบายสงบใจ และวิปัสสนากรรมฐาน เป็นอุบายเรืองปัญญา.
กรรมฐาน	๒๕๖๙	ที่ตั้งแห่งการงาน หมายเอาอุบายทางใจ มี ๒ ประการ คือ สมถกรรมฐาน เป็นอุบายสงบใจ และวิปัสสนากรรมฐาน เป็นอุบายเรืองปัญญา, กัมมัฏฐาน ก็ว่า. (ป. กมฺมฏฺาน).
กรรมบถ	๒๕๔๒	[กำมะบด] น. ทางแห่งกรรม มี ๒ อย่าง ตามลักษณะ คือ กุศลกรรมบถและอกุศลกรรมบถ. (ส. กรฺม + ปถ = ทาง; ป. กมฺมปถ).
กรรมบถ	๒๕๕๔	ทางแห่งกรรม มี ๒ อย่างตามลักษณะ คือ กุศลกรรมบถและอกุศลกรรมบถ.
กรรมบถ	๒๕๖๙	ทางแห่งกรรม มี ๒ อย่างตามลักษณะ คือ กุศลกรรมบถและอกุศลกรรมบถ.
กรรมพันธุ์	๒๕๔๒	[กำมะพัน] ว. มีกรรมเป็นเผ่าพันธุ์ คือ เกี่ยวเนื่องด้วยกรรมของตนเอง.<2t>น. ลักษณะ นิสัย ตลอดจนโรคหรือความวิกลวิการบางอย่างที่ลูกหลานสืบมาจากบรรพบุรุษ ปู่ย่าตายาย หรือพ่อแม่, พันธุกรรม ก็ว่า. (ส. กรฺม + พนฺธุ; ป. กมฺมพนฺธุ = &#147;มีกรรมเป็นเผ่าพันธุ์&#148; เกี่ยวเนื่องด้วยกรรมของตนเอง).
กรรมพันธุ์	๒๕๕๔	ลักษณะ นิสัย ตลอดจนโรคหรือความวิกลวิการบางอย่างที่ลูกหลานสืบมาจากบรรพบุรุษ ปู่ย่าตายาย หรือพ่อแม่, พันธุกรรม ก็ว่า
กรรมพันธุ์	๒๕๖๙	ลักษณะ นิสัย ตลอดจนโรคหรือความวิกลวิการบางอย่างที่ลูกหลานสืบมาจากบรรพบุรุษ ปู่ย่าตายาย หรือพ่อแม่, พันธุกรรม ก็ว่า.
กรรมวาจก	๒๕๔๒	[กํามะ-] (ไว) ก. กริยาที่บอกว่าประธานเป็นกรรมการกหรือผู้ถูกทํา, กริยาของประโยคที่แสดงว่าประธานทําหน้าที่เป็นกรรมการก คือ ผู้ถูกทํา, กริยาของประโยคกรรมวาจกต้องใช้สกรรมกริยา คือ กริยาที่ต้องมีกรรมรับ บางทีก็มีกริยานุเคราะห์ &#147;ถูก&#148; นำ และใช้หมายไปในทางไม่ดี เช่น เด็กถูกตี ผู้ทำความผิดถูกลงโทษ, แต่บางทีก็ไม่ปรากฏกริยานุเคราะห์ &#147;ถูก&#148; เช่น หนังสือเล่มนี้แต่งดีมาก.
กรรมวาจก	๒๕๕๔	ระเบียบของกริยาที่บอกว่าประธานเป็นกรรมการกหรือผู้ถูกทำ, กริยาของประโยคที่แสดงว่าประธานทำหน้าที่เป็นกรรมการก คือ ผู้ถูกทำ, กริยาของประโยคกรรมต้องใช้สกรรมกริยา คือ กริยาที่ต้องมีกรรมรับ, บางทีก็มีกริยานุเคราะห์ “ถูก” นำ และใช้หมายไปในทางไม่ดี เช่น เด็กถูกตี ถูกตี เป็นกริยา กรรมวาจก เด็กเป็นกรรมการก แต่บางทีก็ไม่ปรากฏกริยานุเคราะห์ “ถูก” เช่น หนังสือเล่มนี้แต่งดีมาก.
กรรมวาจก	๒๕๖๙	(ไว) ระเบียบของกริยาที่บอกว่าประธานเป็นกรรมการกหรือผู้ถูกกระทํา, กริยาของประโยคที่แสดงว่าประธานทําหน้าที่เป็นกรรมการก คือ ผู้ถูกทํา, กริยาของประโยคกรรมต้องใช้สกรรมกริยา คือกริยาที่ต้องมีกรรมรับ บางทีก็มีกริยานุเคราะห์ “ถูก” นำ และใช้หมายไปในทางไม่ดี เช่น เด็กถูกตี ถูกตี เป็นกริยากรรมวาจก เด็กเป็นกรรมการก แต่บางทีก็ไม่ปรากฏกริยานุเคราะห์ “ถูก” เช่น หนังสือเล่มนี้แต่งดีมาก.
กรรมวาจา	๒๕๔๒	[กำมะ-] น. คำประกาศกิจการในท่ามกลางสงฆ์. (ส. กรฺม + วาจา = คำ; ป. กมฺม + วาจา).
กรรมวาจา	๒๕๕๔	คำประกาศกิจการในท่ามกลางสงฆ์.
กรรมวาจา	๒๕๖๙	คำประกาศกิจการในท่ามกลางสงฆ์. (ป. กมฺมวาจา).
กรรมวาจาจารย์	๒๕๔๒	[กํามะวาจาจาน] น. อาจารย์ผู้ให้สําเร็จกรรมวาจา คือ คู่สวด. (ส. กรฺมวาจา + อาจารฺย = อาจารย์).
กรรมวาจาจารย์	๒๕๕๔	อาจารย์ผู้ให้สำเร็จกรรมวาจา คือ คู่สวด.
กรรมวาจาจารย์	๒๕๖๙	ภิกษุผู้ทำหน้าที่สวดประกาศในท่ามกลางสงฆ์เวลาทำพิธีอุปสมบท เพื่อให้สงฆ์ทราบรายละเอียดเกี่ยวกับผู้ขอบวช.
กรรมวิธี	๒๕๔๒	[กํามะวิที] น. ลักษณะอาการหรือวิธีการที่ผันแปรหรือเปลี่ยนแปลงไปตามธรรมชาติหรือที่มนุษย์ทําขึ้น อันดําเนินติดต่อกันเรื่อยไปเป็นลําดับ, กระบวนวิธีดําเนินการในประดิษฐกรรม.
กรรมวิธี	๒๕๕๔	ลักษณะอาการหรือวิธีการที่ผันแปรหรือเปลี่ยนแปลงไปตามธรรมชาติหรือที่มนุษย์ทำขึ้น อันดำเนินติดต่อกันเรื่อยไปเป็นลำดับ, กระบวนวิธีดำเนินการในประดิษฐกรรม.
กรรมวิธี	๒๕๖๙	ลักษณะอาการหรือวิธีการที่ผันแปรหรือเปลี่ยนแปลงไปตามธรรมชาติหรือที่มนุษย์ทําขึ้น อันดําเนินติดต่อกันเรื่อยไปเป็นลําดับ, กระบวนวิธีดําเนินการในประดิษฐกรรม. (ส. กรฺมวิธิ).
กรรมวิบาก	๒๕๔๒	[กํามะวิบาก] น. ผลของกรรม. (ส. กรฺม + วิปาก = ผล; ป. กมฺม + วิปาก).
กรรมวิบาก	๒๕๕๔	ผลของกรรม.
กรรมวิบาก	๒๕๖๙	ผลของกรรม. (ส. กรฺมวิปาก).
กรรมศาลา	๒๕๔๒	[กํามะ-] น. โรงงาน. (ส. กรฺม + ศาลา = โรง).
กรรมศาลา	๒๕๕๔	โรงงาน.
กรรมศาลา	๒๕๖๙	โรงงาน.
กรรมสัมปาทิก	๒๕๔๒	[กํามะสําปาทิก] น. ผู้ยังการงานให้ถึงพร้อม; (กฎ; เลิก) บุคคลที่ได้รับเลือกหรือแต่งตั้งให้ทําหน้าที่กรรมการของสมาคม. (ส. กรฺม + สมฺปาทิก = ผู้ให้ถึงพร้อม).
กรรมสัมปาทิก	๒๕๕๔	ผู้ยังการงานให้ถึงพร้อม
กรรมสัมปาทิก	๒๕๖๙	(เลิก) บุคคลที่ได้รับเลือกหรือแต่งตั้งให้ทำหน้าที่กรรมการของสมาคม.
กรรมสิทธิ์	๒๕๔๒	[กํามะสิด] น. ความเป็นเจ้าของทรัพย์; (กฎ) สิทธิทั้งปวงที่ผู้เป็นเจ้าของมีอยู่เหนือทรัพย์สิน อันได้แก่ สิทธิใช้สอย จําหน่าย ได้ดอกผล กับทั้งสิทธิติดตามและเอาคืนซึ่งทรัพย์สินของตน และสิทธิขัดขวางมิให้ผู้อื่นสอดเข้าเกี่ยวข้องกับทรัพย์สินนั้นโดยมิชอบด้วยกฎหมาย. (ส. กรฺม + สิทฺธิ = ความสำเร็จ; ป. กมฺมสิทฺธิ).
กรรมสิทธิ์	๒๕๕๔	ความเป็นเจ้าของทรัพย์
กรรมสิทธิ์	๒๕๖๙	ความเป็นเจ้าของทรัพย์. (ส. กรฺมสิทฺธิ ว่า ความสำเร็จในการงาน).
กรรมสิทธิ์รวม	๒๕๔๒	(กฎ) น. กรรมสิทธิ์ของบุคคลหลายคนร่วมกันในทรัพย์สินอันใดอันหนึ่ง.
กรรมสิทธิ์รวม	๒๕๕๔	กรรมสิทธิ์ของบุคคลหลายคนที่มีอยู่เหนือทรัพย์สินร่วมกัน.
กรรมสิทธิ์รวม	๒๕๖๙	(กฎ) กรรมสิทธิ์ของบุคคลหลายคนที่มีร่วมกันในทรัพย์สินเดียวกัน.
กรรมัชวาต	๒๕๔๒	[กํามัดชะ-] ดู กรรมชวาต.
กรรมัชวาต	๒๕๕๔	ดู กรรมชวาต ที่ กรรม ๑, กรรม- ๑.
กรรมัชวาต	๒๕๖๙	ดู กรรมชวาต ที่ กรรม ๑, กรรม- ๑.
กรรมาชีพ	๒๕๔๒	[กํา-] น. คําเรียกชนชั้นกรรมกรหรือลูกจ้างผู้หาเลี้ยงชีพด้วยค่าจ้างแรงงานว่า ชนกรรมาชีพ. (อ. proletariat).
กรรมาชีพ	๒๕๕๔	คำเรียกชนชั้นกรรมกรหรือลูกจ้างผู้หาเลี้ยงชีพด้วยค่าจ้างแรงงาน ว่า ชนชั้นกรรมาชีพ.
กรรมาชีพ	๒๕๖๙	ชนชั้นกรรมกรหรือลูกจ้างผู้หาเลี้ยงชีพด้วยค่าจ้างแรงงานเรียกว่า ชนชั้นกรรมาชีพ. (อ. proletariat).
กรรมาธิการ	๒๕๔๒	[กํา-] น. บุคคลที่สภาผู้แทนราษฎรหรือวุฒิสภาเลือกและตั้งเป็นคณะกรรมาธิการ เพื่อกระทำกิจการ พิจารณาสอบสวน หรือศึกษาเรื่องใด ๆ อันอยู่ในอำนาจหน้าที่ของแต่ละสภา แล้วรายงานต่อสภาคณะกรรมาธิการมี ๒ ประเภท คือ คณะกรรมาธิการสามัญ และคณะกรรมาธิการวิสามัญ คณะกรรมาธิการสามัญประกอบด้วยบุคคลซึ่งเป็นสมาชิกของสภาล้วน ๆ คณะกรรมาธิการวิสามัญประกอบด้วยบุคคลผู้เป็นสมาชิกและบุคคลที่มิได้เป็นสมาชิกของสภารวมกัน หรือบุคคลที่มิได้เป็นสมาชิกของสภาทั้งหมดที่สภาเลือกและตั้งเป็นคณะกรรมาธิการวิสามัญ.
กรรมาธิการ	๒๕๕๔	บุคคลที่สภาผู้แทนราษฎรหรือวุฒิสภาเลือกและตั้งเป็นคณะกรรมาธิการ เพื่อกระทำกิจการ พิจารณาสอบสวน หรือศึกษาเรื่องใด ๆ อันอยู่ในอำนาจหน้าที่ของแต่ละสภา แล้วรายงานต่อสภา คณะกรรมาธิการมี ๒ ประเภท คือ คณะกรรมาธิการสามัญ และคณะกรรมาธิการวิสามัญ คณะกรรมาธิการสามัญประกอบด้วยบุคคลซึ่งเป็นสมาชิกของสภาล้วน ๆ คณะกรรมาธิการวิสามัญประกอบด้วยบุคคลผู้เป็นสมาชิกและบุคคลที่มิได้เป็นสมาชิกของสภารวมกัน หรือบุคคลที่มิได้เป็นสมาชิกของสภาทั้งหมดที่สภาเลือกและตั้งเป็นคณะกรรมาธิการวิสามัญ.
กรรมาธิการ	๒๕๖๙	บุคคลที่สภาผู้แทนราษฎรหรือวุฒิสภาเลือกและตั้งเป็นคณะกรรมาธิการ เพื่อกระทำกิจการ พิจารณาสอบสวน หรือศึกษาเรื่องใด ๆ อันอยู่ในอำนาจหน้าที่ของแต่ละสภา แล้วรายงานต่อสภา คณะกรรมาธิการมี ๒ ประเภท คือ คณะกรรมาธิการสามัญ และคณะกรรมาธิการวิสามัญ คณะกรรมาธิการสามัญประกอบด้วยบุคคลซึ่งเป็นสมาชิกของสภาล้วน ๆ คณะกรรมาธิการวิสามัญประกอบด้วยบุคคลผู้เป็นสมาชิกและบุคคลที่มิได้เป็นสมาชิกของสภารวมกัน หรือบุคคลที่มิได้เป็นสมาชิกของสภาทั้งหมดที่สภาเลือกและตั้งเป็นคณะกรรมาธิการวิสามัญ.
กรรมาร	๒๕๔๒	[กํามาน] (แบบ) น. ช่างทอง เช่น กรรมารบุตร. (ส. กรฺมาร; ป. กมฺมาร).
กรรมาร	๒๕๕๔	ช่างทอง, ช่างเหล็ก, เช่น กรรมารบุตร.
กรรมาร	๒๕๖๙	(แบบ) ช่างฝีมือ, ช่างเหล็ก, ช่างทอง . (ส. กรฺมาร).
กรรมเวร	๒๕๔๒	[กําเวน] น. การกระทําที่สนองผลร้ายซึ่งทําไว้แต่ปางก่อน; คำแสดงความรู้สึกเดือดร้อนเพราะกรรมหรือชะตากรรมในอดีต เช่น อายุตั้ง ๗๐ ปีแล้วยังต้องมาหาบขนมขายอีก กรรมเวรแท้ ๆ, เวร หรือ เวรกรรม ก็ว่า.
กรรมเวร	๒๕๕๔	การกระทำที่สนองผลร้ายซึ่งทำไว้แต่ปางก่อน, เวรกรรม ก็ว่า
กรรมเวร	๒๕๖๙	การกระทําแต่ปางก่อนที่ทำให้เกิดผลร้ายตามมา, เวรกกรรม ก็ว่า.
กรรม์	๒๕๔๒	[กัน] (กลอน) น. กรรม.
กรรม์	๒๕๕๔	กรรม.
กรรม์ภิรมย์	๒๕๔๒	ดู กรรภิรมย์.
กรรม์ภิรมย์	๒๕๕๔	ดู กรรภิรมย์.
กรรม์ภิรมย์	๒๕๖๙	ดู กรรภิรมย์ .
กรรลี	๒๕๔๒	[กัน-] น. โทษ. (ส. กลี แผลงเป็น กระลี และแผลง กระลี เป็น กรรลี).
กรรลี	๒๕๕๔	โทษ.
กรรลี	๒๕๖๙	โทษ. (ส. กลี แผลงเป็น กระลี และแผลง กระลี เป็น กรรลี).
กรรลึง	๒๕๔๒	[กัน-] (กลอน; แผลงมาจาก กระลึง)<2t>ก. จับ.
กรรลึง	๒๕๕๔	จับ, ถือ.
กรรลึง	๒๕๖๙	(วรรณ) จับ, ถือ. (แผลงมาจาก กระลึง).
กรรษก	๒๕๔๒	[กัดสก] (แบบ) น. ชาวนา. (ส. กรฺษก; ป.กสฺสก).
กรรษก	๒๕๕๔	ชาวนา.
กรรษก	๒๕๖๙	(แบบ) ชาวนา. (ส. กรฺษก).
กรรสะ	๒๕๔๒	[กัน-] (ราชา) ก. ไอ, ใช้ว่า ทรงพระกรรสะ. (ป. กาส; ส. กาศ).
กรรสะ	๒๕๕๔	ไอ, ใช้ว่า ทรงพระกรรสะ.
กรรสะ	๒๕๖๙	ไอ, ราชาศัพท์ว่า ทรงพระกรรสะ, ทรงพระกาสะ ก็ว่า. (ป., ส. กาส).
กรรหาย	๒๕๔๒	[กัน-] (โบ; กลอน) ก. อยากได้, หิวโหย, เช่น กามกรรหายยั่วข้าง. (ลอ), ให้หยุดพลพักร้อน กรรหายผ่อนเอาทับ. (นิ. พลเสพย์).
กรรหาย	๒๕๕๔	กระหาย, อยากเป็นกำลัง, หิวโหย, เช่น กามกรรหายยั่วข้าง (ลอ), ให้หยุดพลพักร้อน กรรหายผ่อนเอาทับ
กรรหาย	๒๕๖๙	(วรรณ) กระหาย, อยากเป็นกำลัง, หิวโหย, เช่น กามกรรหายยั่วข้าง (ลอ), ให้หยุดพลพักร้อน กรรหายผ่อนเอาทับ (นิ. พลเสพย์).
กรรุณา	๒๕๔๒	[กฺระ-] (โบ) น. กรุณา เช่น ถ้าทรงพระกรรุณา. (สามดวง).
กรรุณา	๒๕๕๔	กรุณา เช่น ถ้าทรงพระกรรุณา (สามดวง), แม้นทรงธรรม์กรรุณาประชาราษฎร์
กรรุณา	๒๕๖๙	(วรรณ) ความกรุณา เช่น เป็นสัจธรรม์กรรุณาสานุศิษย์ (นิ. พระแท่นดงรัง).
กรรเกด	๒๕๔๒	[กัน-] (กลอน) น. การะเกด เช่น จงกลกรรเกดแก้ว กรองมาลย์. (ทวาทศมาส).
กรรเกด	๒๕๕๔	การะเกด เช่น จงกลกรรเกดแก้ว กรองมาลย์ (ทวาทศมาส).
กรรเกด	๒๕๖๙	(วรรณ) การะเกด เช่น จงกลกรรเกดแก้ว กรองมาลย์ (ทวาทศมาส).
กรรเจียก	๒๕๔๒	[กัน-] น. เครื่องประดับหูมีรูปเป็นกระหนก เช่น กรรเจียกซ้อนจอนแก้วแพรวพราว. (อิเหนา). [ข. ตฺรเจียก ว่าหู].
กรรเจียก	๒๕๕๔	เครื่องประดับหูมีรูปเป็นกระหนก ใช้ประกอบกับพระมหามงกุฎ พระชฎา หรือรัดเกล้า เช่น กรรเจียกซ้อนจอนแก้วแพรวพราว
กรรเจียก	๒๕๖๙	เครื่องประดับหูมีรูปเป็นกระหนก ใช้ประกอบกับพระมหามงกุฎ พระชฎา หรือรัดเกล้า. ข. ตฺรเจียก ว่า หู.
กรรเจียกจอน	๒๕๔๒	น. เครื่องประดับหู, เขียนเป็น กรรเจียกจร ก็มี เช่น กรรเจียกจอนจําหลักลายซ้ายขวา. (สังข์ทอง).
กรรเจียกจอน	๒๕๕๔	เครื่องประดับหู เช่น กรรเจียกจอนจำหลักลายซ้ายขวา (สังข์ทอง), เขียนเป็น กรรเจียกจร ก็มี.
กรรเจียกจอน	๒๕๖๙	เครื่องประดับหู, เขียนเป็น กรรเจียกจร ก็มี.
กรรเชอ	๒๕๔๒	[กัน-] (โบ) น. กระเชอ.
กรรเชอ	๒๕๕๔	กระเชอ.
กรรเชอ	๒๕๖๙	(โบ) กระเชอ.
กรรเชียง	๒๕๔๒	[กัน-] น. เครื่องพุ้ยนํ้าให้เรือเดิน รูปคล้ายแจว มีหลักสําหรับพาด ใช้เหนี่ยว; อาการที่พุ้ยเช่นนั้น เรียกว่า ตีกรรเชียง, ใช้ว่า กระเชียง ก็มี.
กรรเชียง	๒๕๕๔	เครื่องพุ้ยนํ้าให้เรือเคลื่อนไป รูปคล้ายแจวแต่ไม่มีหมวกแจว พาดกับหูกรรเชียงบนหลักที่อยู่ข้างแคมเรือข้างละอันคู่กัน ใช้เหนี่ยวด้ามให้พุ้ยน้ำ, ใช้ว่า กระเชียง ก็มี, ท่าว่ายน้ำโดยนอนหงายแล้วใช้แขนทั้ง ๒ พุ้ยน้ำให้ตัวเลื่อนไป, ตีกรรเชียง ก็ว่า. ก. กิริยาที่นั่งหันหน้าไปทางท้ายเรือแล้วใช้มือเหนี่ยวกรรเชียงพุ้ยน้ำให้เรือเคลื่อนไป, ตีกรรเชียง ก็ว่า.
กรรเชียง	๒๕๖๙	เครื่องพุ้ยนํ้าให้เรือเคลื่อนไป รูปคล้ายแจวแต่ไม่มีหมวกแจว พาดกับหูกรรเชียงบนหลักที่อยู่ข้างแคมเรือข้างละอันคู่กัน ใช้เหนี่ยวด้ามให้พุ้ยน้ำ, ใช้ว่า กระเชียง ก็มี.
กรรเชียงปู	๒๕๔๒	[กัน-] น. เรียกขาคู่สุดท้ายของปูในวงศ์ Portunidae เช่น ปูม้า ปูทะเล ซึ่งปล้องปลายมีลักษณะแบนคล้ายใบพาย, กระเชียงปู ก็เรียก.
กรรเชียงปู	๒๕๕๔	เรียกขาคู่สุดท้ายของปูในวงศ์ Portunidae เช่น ปูม้า ปูทะเล ซึ่งปล้องปลายมีลักษณะแบนคล้ายใบพาย, กระเชียงปู ก็เรียก.
กรรเชียงปู	๒๕๖๙	ขาคู่สุดท้ายของปูในวงศ์ Portunidae เช่น ปูม้า ปูทะเล ปล้องปลายมีลักษณะแบนคล้ายใบพาย, กระเชียงปู ก็ว่า.
กรรเช้า	๒๕๔๒	[กัน-] (โบ) น. กระเช้า.
กรรเช้า	๒๕๕๔	กระเช้า.
กรรเช้า	๒๕๖๙	(โบ) กระเช้า.
กรรเหิม	๒๕๔๒	[กัน-] (โบ; กลอน) ก. เหิม เช่น กรรเหิมหายหว่นนหว่า. (ม. คําหลวง ฉกษัตริย์).
กรรเหิม	๒๕๕๔	เหิม เช่น กรรเหิมหายหว่นนหว่า (ม. คำหลวง ฉกษัตริย์).
กรรเหิม	๒๕๖๙	(วรรณ) เหิม เช่น กรรเหิมหายหว่นนหว่า (ม. คําหลวง ฉกษัตริย์).
กรรเอา	๒๕๔๒	[กัน-] (โบ; กลอน; แผลงมาจาก กระเอา) ว. กลมกล่อม เช่น ไพเราะรสหวาน บรรสานกรรเอาเอาใจ. (สมุทรโฆษ).
กรรเอา	๒๕๕๔	กลมกล่อม เช่น ไพเราะรสหวาน บรรสานกรรเอาเอาใจ
กรรเอา	๒๕๖๙	(วรรณ) กลมกล่อม เช่น ไพเราะรสหวาน บรรสานกรรเอาเอาใจ (สมุทรโฆษ). (แผลงมาจาก กระเอา).
กรรแซง	๒๕๔๒	[กัน-] (เลิก) น. กองทําหน้าที่แซงในกระบวนพยุหยาตราเพื่อป้องกันจอมทัพ, คู่กันกับ กรรแทรก คือ กองทําหน้าที่แทรกเพื่อป้องกันจอมทัพ. (ดู กันแซง).
กรรแซง	๒๕๕๔	เจ้าพนักงานทำหน้าที่แซงในกระบวนพยุหยาตราเพื่อป้องกันจอมทัพ, คู่กันกับ กรรแทรก คือ เจ้าพนักงานทำหน้าที่แทรกในกระบวนพยุหยาตราเพื่อป้องกันจอมทัพ. (ดู กันแซง ๑ ที่ กัน ๓).
กรรแซง	๒๕๖๙	(เลิก) เจ้าพนักงานทําหน้าที่แซงในกระบวนพยุหยาตราเพื่อป้องกันจอมทัพ, คู่กันกับ กรรแทรก คือ เจ้าพนักงานทําหน้าที่แทรกเพื่อป้องกันจอมทัพ. (ดู กันแซง ที่ กัน ๓).
กรรแทก	๒๕๔๒	[กัน-] ก. กระแทก, เขียนเป็น กันแทก ก็มี เช่น หัวล้านชาวไร่ไล่ปาม เข้าขวิดติดตาม กันแทกก็หัวไถดินฯ. (สมุทรโฆษ).
กรรแทก	๒๕๕๔	กระแทก, เขียนเป็น กันแทก ก็มี เช่น หัวล้านชาวไร่ไล่ปาม เข้าขวิดติดตาม กันแทกก็หัวไถดินฯ
กรรแทก	๒๕๖๙	(วรรณ) กระแทก, เขียนเป็น กันแทก ก็มี เช่น หัวล้านชาวไร่ไล่ปาม เข้าขวิดติดตาม กันแทกก็หัวไถดิน (สมุทรโฆษ).
กรรแทรก	๒๕๔๒	[กันแซก] (เลิก) น. กองทําหน้าที่แทรกในกระบวนพยุหยาตราเพื่อป้องกันจอมทัพ, คู่กันกับ กรรแซง คือ กองทำหน้าที่แซงเพื่อป้องกันจอมทัพ. (ดู กันแทรก).
กรรแทรก	๒๕๕๔	เจ้าพนักงานทำหน้าที่แทรกในกระบวนพยุหยาตราเพื่อป้องกันจอมทัพ, คู่กันกับ กรรแซง คือ เจ้าพนักงานทำหน้าที่แซงในกระบวนพยุหยาตราเพื่อป้องกันจอมทัพ. (ดู กันแทรก ที่ กัน ๓).
กรรแทรก	๒๕๖๙	(เลิก) เจ้าพนักงานทําหน้าที่แทรกในกระบวนพยุหยาตราเพื่อป้องกันจอมทัพ, คู่กันกับ กรรแซง คือ เจ้าพนักงานทำหน้าที่แซงในกระบวนพยุหยาตราเพื่อป้องกันจอมทัพ. (ดู กันแทรก ที่ กัน ๓) .
กรรแสง	๒๕๔๒	[กัน-] (กลอน; แผลงมาจาก กระแสง) ก. ส่งเสียงร้อง เช่น เทพฤๅษีสรรเสริญแชรง ชัยชัยรบแรง กรรแสงแลสาธุการา. (สมุทรโฆษ).
กรรแสง	๒๕๕๔	ส่งเสียงร้อง เช่น เทพฤๅษีสรรเสริญแชรง ชัยชัยรบแรง กรรแสงแลสาธุการา
กรรแสง	๒๕๖๙	(วรรณ) ส่งเสียงร้อง เช่น เทพฤๅษีสรรเสริญแชรง ชัยชัยรบแรง กรรแสงแลสาธุการา (สมุทรโฆษ). (แผลงมาจาก กระแสง).
กรรโชก	๒๕๔๒	[กัน-] ก. ขู่เอาด้วยกิริยาหรือวาจาให้กลัว, เขียนเป็น กันโชก หรือ กําโชก ก็มี. (แผลงมาจาก กระโชก).<2t>(กฎ) น. ชื่อความผิดอาญาฐานข่มขืนใจผู้อื่นให้ยอมให้หรือยอมจะให้ตนหรือผู้อื่นได้ประโยชน์ในลักษณะที่เป็นทรัพย์สิน โดยใช้กําลังประทุษร้ายหรือโดยขู่เข็ญว่าจะทําอันตรายต่อชีวิต ร่างกาย เสรีภาพ ชื่อเสียง หรือทรัพย์สินของผู้ถูกขู่เข็ญ หรือของบุคคลที่สาม จนผู้ถูกข่มขืนใจยอมเช่นว่านั้น เรียกว่า ความผิดฐานกรรโชก.
กรรโชก	๒๕๕๔	ขู่เอาด้วยกิริยาหรือวาจาให้กลัว เช่น ผู้ใดกรานกรรโชกราษฎรแลตรัสถามตนฯ อำพรางพระเจ้าอยู่หัว มิได้กราบทูลตามสัจตามจริงก็ดี (สามดวง), โบราณเขียนเป็น กันโชก หรือ กำโชก ก็มี. (แผลงมาจาก กระโชก).
กรรโชก	๒๕๖๙	ขู่เอาด้วยกิริยาหรือวาจาให้กลัว, โบราณเขียนเป็น กันโชก หรือ กำโชก ก็มี เช่น เอาพวกพ้องข้าคนถือหอกดาบเขนเสโล่ หลาวแหลนเครื่องสาสตราอาวุธ ไปกันโชกบ้านท่านสับฟันเรือนท่าน (สามดวง อาชญาหลวง). (แผลงมาจาก กระโชก).
กรรโหย	๒๕๔๒	[กัน-] (โบ; กลอน) ก. โหย, คร่ำครวญ, เช่น มีกระเรียนร้องก้องกรรโหย. (สมุทรโฆษ).
กรรโหย	๒๕๕๔	โหย, คร่ำครวญ, เช่น มีกระเรียนร้องก้องกรรโหย
กรรโหย	๒๕๖๙	(วรรณ) โหย, คร่ำครวญ, เช่น มีกระเรียนร้องก้องกรรโหย (สมุทรโฆษ).
กรรไกร	๒๕๔๒	[กันไกฺร] น. ตะไกร. (เลือนมาจาก กรรไตร). (ดู ตะไกร ๑).
กรรไกร	๒๕๕๔	ตะไกร. (เลือนมาจาก กรรไตร). (ดู ตะไกร ๑).
กรรไกร	๒๕๖๙	ตะไกร. (เลือนมาจาก กรรไตร). (ดู ตะไกร ๑).
กรรไตร	๒๕๔๒	[กันไตฺร] น. ตะไกร. (ข. กนฺไตฺร; ส. กรฺตริ).
กรรไตร	๒๕๕๔	ตะไกร. (ข. กนฺไตฺร; ส. กรฺตริ). (ดู ตะไกร ๑).
กรรไตร	๒๕๖๙	ตะไกร. (ข. กนฺไตฺร; ส. กรฺตริ). (ดู ตะไกร ๑).
กรลุมพาง	๒๕๔๒	[กระ-] (โบ) น. กระลุมพาง, กลองหน้าเดียว, เช่น ปี่จีนโสดสรในใดต่าง ทงงกรลุมพางพอฟงง. (ม. คำหลวง มหาราช).
กรลุมพาง	๒๕๕๔	กระลุมพาง, กลองหน้าเดียว, เช่น ปี่จีนโสดสรในใดต่าง ทงงกรลุมพางพอฟงง (ม. คำหลวง มหาราช).
กรลุมพาง	๒๕๖๙	(วรรณ) กระลุมพาง, กลองหน้าเดียว, เช่น ปี่จีนโสดสรในใดต่าง ทงงกรลุมพางพอฟงง (ม. คำหลวง มหาราช).
กรวด	๒๕๔๒	[กฺรวด] น. ก้อนหินเล็ก ๆ เขื่องกว่าเม็ดทราย. (ข. คฺรัวสฺ).
กรวด	๒๕๕๔	ก้อนหินเล็ก ๆ เขื่องกว่าเม็ดทราย.
กรวด	๒๕๖๙	ก้อนหินเล็ก ๆ เขื่องกว่าเม็ดทราย. (ข. คฺรัวสฺ).
กรวดน้ำ	๒๕๔๒	ก. แผ่ส่วนบุญด้วยวิธีหลั่งนํ้า; (ปาก) โดยปริยายหมายความว่า ตัดขาดไม่ขอเกี่ยวข้องด้วย, มักใช้ว่า กรวดนํ้าควํ่ากะลา หรือ กรวดนํ้าควํ่าขัน.
กรวดน้ำ	๒๕๕๔	แผ่ส่วนบุญด้วยวิธีหลั่งนํ้า.
กรวดน้ำคว่ำกะลา	๒๕๕๔	ตัดขาดไม่ขอเกี่ยวข้องด้วย.
กรวดน้ำคว่ำกะลา	๒๕๖๙	(สำ) ตัดขาด ไม่ขอเกี่ยวข้องด้วย เช่น แทบกรวดน้ำคว่ำกะลาใจปรารภ (นิทานเก่าเล่าโอ้เหมือนโกหก วชิรญาณ ร.ศ. ๑๑๖), จะกรวดน้ำคว่ำขันจนวันตาย แม้นเจ้านายท่านไม่ใช้แล้วไม่มา (นิ. เมืองแกลง), กูจะกรวดน้ำคว่ำคะนน (สังข์ทอง).
กรวดน้ำคว่ำขัน	๒๕๕๔	ตัดขาดไม่ขอเกี่ยวข้องด้วย.
กรวน	๒๕๔๒	[กฺรวน] (ถิ่น-ภูเก็ต) น. กลอยทําเป็นชิ้นเล็ก ๆ. (วิทยาจารย์ ล. ๑๖ ต. ๒).
กรวน	๒๕๕๔	กลอยทำเป็นชิ้นเล็ก ๆ.
กรวบ	๒๕๔๒	[กฺรวบ, กฺร๊วบ] ว. เสียงดังเช่นเคี้ยวถูกของแข็ง.
กรวบ	๒๕๕๔	เสียงดังอย่างเคี้ยวถูกของแข็งหรือของกรอบ.
กรวบ	๒๕๖๙	ที่มีเสียงอย่างเสียงเคี้ยวถูกของแข็งหรือของกรอบ.
กรวม	๒๕๔๒	[กฺรวม] ก. สวม เช่น วงแหวนกรวมหัวเสา, ครอบ เช่น เอากรวยกรวมพนมดอกไม้, คร่อม เช่น ปลูกเรือนกรวมตอ ปลูกเรือนกรวมทาง; รวมความหมายหลายอย่าง เช่น กรวมความ; กํากวม เช่น พูดกรวมข้อ. (ปาเลกัว).
กรวม	๒๕๕๔	สวม เช่น วงแหวนกรวมหัวเสา, ครอบ เช่น เอากรวยกรวมพนมดอกไม้, คร่อม เช่น ปลูกเรือนกรวมตอ ปลูกเรือนกรวมทาง
กรวม	๒๕๖๙	สวม เช่น วงแหวนกรวมหัวเสา , ครอบ เช่น เอากรวยกรวมพนมดอกไม้ , คร่อม เช่น ปลูกเรือนกรวมตอ, ปลูกเรือนกรวมทาง .
กรวย	๒๕๔๒	น. ของมีรูปกลม กลวง ยาวเรียวแหลม, เรียกขนมชนิดหนึ่ง ทำด้วยแป้งข้าวเจ้า กะทิ น้ำตาลปีบ เป็นต้น หยอดในกรวยใบตองว่า ขนมกรวย, กระทงมีฝาเป็นกรวยครอบ ข้างในใส่หมากหรือเมี่ยงสําหรับถวายพระอุปัชฌาย์และคู่สวดในการบวชนาค เรียกว่า กรวยอุปัชฌาย์และกรวยคู่สวด; (วิทยา) รูปตันมีลักษณะฐานกลมและแหลมเรียวไปโดยลําดับ เรียกว่า รูปกรวย. (อ. cone).
กรวย	๒๕๕๔	ของมีรูปกลม กลวง ยาวเรียวแหลม, เรียกขนมชนิดหนึ่ง ทำด้วยแป้งข้าวเจ้า กะทิ น้ำตาลปีบ เป็นต้น หยอดในกรวยใบตอง ว่า ขนมกรวย, กระทงมีฝาเป็นกรวยครอบ ข้างในใส่หมากหรือเมี่ยงสำหรับถวายพระอุปัชฌาย์และคู่สวดในการบวชนาค เรียกว่า กรวยอุปัชฌาย์และกรวยคู่สวด
กรวย	๒๕๖๙	ของมีรูปกลม กลวง ยาวเรียวแหลม, ขนมทำด้วยแป้งข้าวเจ้า กะทิ น้ำตาลปีบ เป็นต้น หยอดในกรวยใบตอง เรียกว่า ขนมกรวย, กระทงมีฝาเป็นกรวยครอบ ข้างในใส่หมากหรือเมี่ยงสําหรับถวายพระอุปัชฌาย์และคู่สวดในการบวชนาค เรียกว่า กรวยอุปัชฌาย์และกรวยคู่สวด.
กรวยบ้าน	๒๕๔๒	ดู กรวย ๒ (๑).
กรวยบ้าน	๒๕๕๔	ดู กรวย ๒ (๑).
กรวยบ้าน	๒๕๖๙	ดู กรวย ๒ (๑).
กรวยป่า	๒๕๔๒	ดู กรวย ๒ (๒).
กรวยป่า	๒๕๕๔	ดู กรวย ๒ (๒).
กรวยป่า	๒๕๖๙	ดู กรวย ๒ (๒).
กรวยเชิง	๒๕๔๒	น. ลายที่ทําเป็นรูปกรวย ใช้เป็นลายชายผ้าและปลายเสา เรียกชื่อต่าง&#160;ๆ กันแล้วแต่ลายอยู่ที่ไหน เช่น ถ้าอยู่ที่เชิงผ้า เรียกว่า กรวยเชิง, ถ้าอยู่ที่เชิงผ้าเกี้ยว เรียกว่า เชิงเกี้ยว, ถ้าอยู่ที่ด้ามหอก เรียกว่า เชิงหอก.
กรวยเชิง	๒๕๕๔	ลายที่ทำเป็นรูปกรวย ใช้เป็นลายชายผ้าและปลายเสา เรียกชื่อต่างๆ กันแล้วแต่ลายอยู่ที่ไหน เช่น ถ้าอยู่ที่เชิงผ้า เรียกว่า กรวยเชิง, ถ้าอยู่ที่เชิงผ้าเกี้ยว เรียกว่า เชิงเกี้ยว, ถ้าอยู่ที่ด้ามหอก เรียกว่า เชิงหอก.
กรวยเชิง	๒๕๖๙	ลายที่ทําเป็นรูปกรวย ใช้เป็นลายชายผ้าและปลายเสา เรียกชื่อต่าง ๆ กันแล้วแต่ลายอยู่ที่ใด เช่น ถ้าอยู่ที่เชิงผ้า เรียกว่า กรวยเชิง, ถ้าอยู่ที่เชิงผ้าเกี้ยว เรียกว่า เชิงเกี้ยว, ถ้าอยู่ที่ด้ามหอก เรียกว่า เชิงหอก.
กรวิก	๒๕๔๒	[กะระ-, กอระ-] (แบบ) น. นกการเวก. (ไตรภูมิ). (ป., ส. กรวีก).
กรวิก	๒๕๕๔	นกการเวก.
กรวิก	๒๕๖๙	(วรรณ) นกการเวก เช่น เสียงนกอันชื่อว่านกกรวิกนั้นไสร้ แลมีเสียงอันไพเราะ (ไตรภูมิ). (ป. กรวีก; ส. กลวิงฺก). ( ดู การเวก ๑ ).
กรสานต์	๒๕๔๒	[กฺระ-] (โบ; กลอน) ว. กระสานติ์, สงบ, ราบคาบ, เช่น ดำรงกรษัตรให้กรสานต์. (ยวนพ่าย).
กรสานต์	๒๕๕๔	กระสานติ์, สงบ, ราบคาบ, เช่น ดำรงกรษัตรให้กรสานต์
กรสานต์	๒๕๖๙	(วรรณ) กระสานติ์, สงบ, ราบคาบ, เช่น ดำรงกรษัตรให้กรสานต์ (ยวนพ่าย).
กรสาปน	๒๕๔๒	[กฺระสาบ] (แบบ) น. กระษาปณ์ เช่น แลพราหมณ์น้นนได้ทองร้อยกรสาปน เปนลาภด้วยเดอรขอทานทุกวันวารแก่มหาชนทงงหลายบมิขาดเลย. (ม. คําหลวง ชูชก). (ส. การฺษาปณ).
กรสาปน	๒๕๕๔	กระษาปณ์ เช่น แลพราหมณ์น้นนได้ทองร้อยกรสาปน เปนลาภด้วยเดอรขอทานทุกวันวารแก่มหาชนทงงหลายบมิขาดเลย (ม. คำหลวง ชูชก).
กรสาปน	๒๕๖๙	(วรรณ) กระษาปณ์ เช่น แลพราหมณ์น้นนได้ทองร้อยกรสาปน เปนลาภด้วยเดอรขอทานทุกวันวารแก่มหาชนทงงหลายบมิขาดเลย (ม. คําหลวง ชูชก). (ส. การฺษาปณ).
กรสาปน์	๒๕๕๔	กระษาปณ์ เช่น แลพราหมณ์น้นนได้ทองร้อยกรสาปน เปนลาภด้วยเดอรขอทานทุกวันวารแก่มหาชนทงงหลายบมิขาดเลย (ม. คำหลวง ชูชก).
กรสุทธิ์	๒๕๔๒	[กะระ-] น. &#147;การชําระมือให้หมดจด&#148;, พิธีอย่างหนึ่งของพราหมณ์ ก่อนที่จะประกอบพิธีใด&#160;ๆ จะต้องชำระมือให้สะอาดเสียก่อน, กระสูทธิ์ ก็ว่า. (ส. กรศุทฺธิ).
กรสุทธิ์	๒๕๕๔	“การชำระมือให้หมดจด”, พิธีอย่างหนึ่งของพราหมณ์ ก่อนที่จะประกอบพิธีใดๆ จะต้องชำระมือให้สะอาดเสียก่อน, กระสูทธิ์ ก็ว่า.
กรสุทธิ์	๒๕๖๙	“การชำระมือให้หมดจด”, พิธีอย่างหนึ่งของพราหมณ์ ก่อนที่จะประกอบพิธีใด ๆ จะต้องชำระมือให้สะอาดเสียก่อน, กระสูทธิ์ ก็ว่า. (ส. กรศุทฺธิ).
กรอ	๒๕๔๒	ก. ม้วนด้ายเข้าหลอดด้วยไนหรือเครื่องจักร; ควง เช่น กรเกาะขอกรอธาร เงือดง้าง. (ลิลิตพยุหยาตรา).
กรอ	๒๕๕๔	ม้วนด้ายเข้าหลอดด้วยไนหรือเครื่องจักร
กรอ	๒๕๖๙	ม้วนด้ายเข้าหลอดด้วยไนหรือเครื่องจักร.
กรอก	๒๕๔๒	[กฺรอก] ก. เทลงในช่องแคบ เช่น กรอกหม้อ กรอกขวด, หรือใช้โดยปริยายก็ได้ เช่น พูดกรอกหู; ลงข้อความหรือจํานวนเลข เช่น กรอกบัญชี.<2t>ว. แห้งจนคลอน, ใช้แก่หมากและฝักมะขาม ว่า หมากกรอกมะขามกรอก.
กรอก	๒๕๕๔	เทลงในช่องแคบ เช่น กรอกหม้อ กรอกขวด, หรือใช้โดยปริยายก็ได้ เช่น พูดกรอกหู
กรอก	๒๕๖๙	เทลงในช่องแคบ เช่น กรอกหม้อ, กรอกขวด .
กรอกรุย	๒๕๔๒	ก. ทําท่าเจ้าชู้ เช่น ห่มเพลาะกรูมกรอกรุยฉุยเฉิดฉัน. (มณีพิชัย).
กรอกรุย	๒๕๕๔	ทำท่าเจ้าชู้ เช่น ห่มเพลาะกรูมกรอกรุยฉุยเฉิดฉัน
กรอกรุย	๒๕๖๙	(วรรณ) ทําท่าเจ้าชู้ เช่น ห่มเพลาะกรูมกรอกรุยฉุยเฉิดฉัน (มณีพิชัย).
กรอกหู	๒๕๖๙	พูดเข้าไปในหูให้ได้ยินชัด, ส่งเสียงหรือทำให้ได้ยินซ้ำ ๆ เพื่อให้ซึมซับหรือจดจำได้เป็นต้น, เช่น ครูกรอกหูทุกวันแต่ก็ไม่จำ , ใช้เป็นคำวิเศษณ์ก็ได้ เช่น พูดกรอกหู.
กรอกแกรก	๒๕๔๒	[กฺรอกแกฺรก] ว. เสียงอย่างเสียงใบไม้แห้งกระทบกัน.
กรอกแกรก	๒๕๕๔	เสียงอย่างเสียงใบไม้แห้งกระทบกัน.
กรอกแกรก	๒๕๖๙	ที่มีเสียงอย่างเสียงใบไม้แห้งกระทบกัน.
กรอง	๒๕๔๒	[กฺรอง] ก. ร้อย เช่น กรองมาลัย = ร้อยดอกไม้; ถัก, ทอ, เช่น กรองแฝก กรองคา.
กรอง	๒๕๕๔	ร้อย เช่น กรองมาลัย = ร้อยดอกไม้
กรอง	๒๕๖๙	ร้อย เช่น กรองมาลัย คือร้อยดอกไม้.
กรองกรอย	๒๕๔๒	ว. ไม่ชุ่มชื่น, ไม่สมบูรณ์; ซอมซ่อ (มักใช้แก่การแต่งกาย), ตองตอย ก็ใช้; (กลอน; ถิ่น-ปักษ์ใต้) ตกอับ, แร้นแค้น, เช่น ผัวเมียสองคนจนกรองกรอย. (สังข์ทอง).
กรองกรอย	๒๕๕๔	ไม่ชุ่มชื่น, ไม่สมบูรณ์
กรองกรอย	๒๕๖๙	(วรรณ) ตกอับ, แร้นแค้น, เช่น ผัวเมียสองคนจนกรองกรอย (สังข์ทอง), ตองตอย ก็ว่า.
กรองทอง	๒๕๔๒	น. ผ้าโปร่งอันทอหรือถักด้วยเส้นลวดทองหรือไหมทอง.
กรองทอง	๒๕๕๔	ผ้าโปร่งอันทอหรือถักด้วยเส้นลวดทองหรือไหมทอง.
กรองทอง	๒๕๖๙	ผ้าโปร่งอันทอหรือถักด้วยเส้นลวดทองหรือไหมทอง.
กรอด	๒๕๔๒	[กะหฺรอด] ดู ปรอด.
กรอด	๒๕๕๔	ดู ปรอด.
กรอด	๒๕๖๙	ดู นกปรอด .
กรอบ	๒๕๔๒	[กฺรอบ] น. สิ่งที่ประกอบตามริมวัตถุมีรูปภาพเป็นต้น, โดยปริยายหมายความว่า ขอบเขตกําหนด เช่น ทํางานอยู่ในกรอบ.
กรอบ	๒๕๕๔	สิ่งที่ประกอบตามริมวัตถุมีรูปภาพเป็นต้น, โดยปริยายหมายความว่า ขอบเขตกำหนด เช่น ทำงานอยู่ในกรอบ.
กรอบ	๒๕๖๙	สิ่งที่ประกอบตามริมวัตถุมีรูปภาพเป็นต้น.
กรอบหน้า	๒๕๔๒	น. เครื่องประดับขอบหน้าผากเป็นรูปกระจังเป็นต้น.
กรอบหน้า	๒๕๕๔	เครื่องประดับขอบหน้าผากเป็นรูปกระจังเป็นต้น.
กรอบหน้า	๒๕๖๙	เครื่องประดับขอบหน้าผากเป็นรูปกระจังเป็นต้น.
กรอบเกรียบ	๒๕๔๒	(โบ) ว. มีเสียงดังอย่างเสียงเหยียบถูกของแห้งหรือกรอบ, เกรียบกรอบ ก็ว่า.
กรอบเกรียบ	๒๕๕๔	มีเสียงดังอย่างเสียงเหยียบถูกของแห้งหรือกรอบ, เกรียบกรอบ ก็ว่า.
กรอบเกรียบ	๒๕๖๙	ที่มีเสียงอย่างเสียงเหยียบของแห้งหรือกรอบ, เกรียบกรอบ ก็ว่า.
กรอบเค็ม	๒๕๕๔	ชื่อขนมทำด้วยแป้งหมี่นวดกับน้ำมัน ตัดเป็นแผ่นรูปสี่เหลี่ยมขนมเปียกปูน ริมเป็นจัก ๆ ทอดให้กรอบ เคล้ากับน้ำตาลเคี่ยว ใส่เกลือ และรากผักชี กระเทียมพริกไทยโขลก มีรสหวานเค็ม.
กรอบเค็ม	๒๕๖๙	ขนมทำด้วยแป้งหมี่นวดกับน้ำมัน ตัดเป็นแผ่นรูปสี่เหลี่ยมขนมเปียกปูน ริมเป็นจัก ๆ ทอดให้กรอบ เคล้ากับน้ำตาลเคี่ยว ใส่เกลือ และรากผักชีกระเทียมพริกไทยโขลก มีรสหวานเค็ม.
กรอบเช็ดหน้า	๒๕๔๒	น. กรอบประตูหรือหน้าต่าง, เช็ดหน้า หรือ วงกบ ก็เรียก.
กรอบเช็ดหน้า	๒๕๕๔	กรอบประตูหรือหน้าต่างโบสถ์ วิหาร หรือเรือนไทย เป็นต้น, เช็ดหน้า.
กรอบเช็ดหน้า	๒๕๖๙	กรอบประตูหรือหน้าต่างโบสถ์ วิหาร หรือเรือนไทย เป็นต้น, เช็ดหน้า ก็ว่า.
กรอบแกรบ	๒๕๔๒	ว. เต็มที เช่น แห้งกรอบแกรบ จนกรอบแกรบ; มีเสียงดังอย่างเสียงเหยียบถูกของแห้งหรือกรอบ.
กรอบแกรบ	๒๕๕๔	เต็มที เช่น แห้งกรอบแกรบ จนกรอบแกรบ
กรอบแกรบ	๒๕๖๙	ที่มีเสียงอย่างเสียงเหยียบของแห้งหรือกรอบ.
กรอม	๒๕๔๒	[กฺรอม] ว. ปกหรือคลุมยาวลงมาเกินควร เช่น นุ่งผ้าซิ่นกรอมส้น.
กรอม	๒๕๕๔	ปกหรือคลุมยาวลงมาเกินควร เช่น นุ่งผ้าซิ่นกรอมส้น.
กรอม	๒๕๖๙	ปกหรือคลุมยาวลงมาเกินควร เช่น นุ่งผ้าซิ่นกรอมส้น.
กระ	๒๕๔๒	น. ชื่อเต่าทะเลชนิด Eretmochelys imbricata ในวงศ์ Cheloniidae หลังเป็นเกล็ดแผ่นโต ๆ ดูเหมือนซ้อนเหลื่อมกันอย่างกระเบื้องมุงหลังคาสีนํ้าตาลลายเหลือง ปากงุ้มคล้ายปากเหยี่ยว ขาแบนเป็นพาย มีไข่กลมเปลือกนิ่มเหนียว ไข่ตามหาดทรายครั้งละ ๑๕๐-๒๕๐ ฟอง. (ข. กราส่).
กระ	๒๕๕๔	ชื่อเต่าทะเลขนาดใหญ่ชนิด Eretmochelys imbricata Rüppell ในวงศ์ Cheloniidae ปากยาวงุ้มคล้ายปากเหยี่ยว หลังเป็นเกล็ดแผ่นโต ๆ ซ้อนเหลื่อมกันอย่างกระเบื้องมุงหลังคา สีนํ้าตาลลายเหลือง ขาแบนเป็นพาย มีไข่กลมเปลือกนิ่มเหนียว เรียก ไข่จะละเม็ด ไข่ตามหาดทรายครั้งละ ๑๕๐-๒๕๐ ฟอง.
กระ	๒๕๖๙	ดู เต่ากระ.
กระกร	๒๕๔๒	(กลอน) ก. ฉายรัศมี เช่น ทินกรกระกรจามี- กรกรรัศมี ดุรงครัตน์พรรณราย. (สมุทรโฆษ). (กระ + ส. กร = รัศมี).
กระกร	๒๕๕๔	ฉายรัศมี เช่น ทินกรกระกรจามี- กรกรรัศมี ดุรงครัตน์พรรณราย
กระกร	๒๕๖๙	(วรรณ) ฉายรัศมี เช่น ทินกรกระกรจามี- กรกรรัศมี ดุรงครัตน์พรรณราย (สมุทรโฆษ). (ส. กร ว่า รัศมี, แสง).
กระกรับกระเกรียบ	๒๕๔๒	(โบ; กลอน) ว. กระด้าง, หยาบ, เช่น หนงงหยาบสุรเสียงศัพท์ ดูก็กระกรับกระเกรียบ. (ม. คําหลวง กุมาร).
กระกรับกระเกรียบ	๒๕๕๔	กระด้าง, หยาบ, เช่น หนงงหยาบสุรเสียงศัพท์ ดูก็กระกรับกระเกรียบ (ม. คำหลวง กุมาร).
กระกรับกระเกรียบ	๒๕๖๙	(วรรณ) กระด้าง, หยาบ, เช่น หนงงหยาบสุรเสียงศัพท์ ดูก็กระกรับกระเกรียบ (ม. คําหลวง กุมาร).
กระกรี๊ด	๒๕๔๒	(กลอน) ว. เสียงกรีด&#160;ๆ ดั่งเสียงหญิงร้องด้วยความตกใจ เช่น แต่ร้องจนสุดสิ้นพระสุรเสียงสำเนียงกระกรี๊ดกรีด. (ม. ร่ายยาว กุมาร).
กระกรี๊ด	๒๕๕๔	เสียงกรีดๆ ดั่งเสียงหญิงร้องด้วยความตกใจ เช่น แต่ร้องจนสุดสิ้นพระสุรเสียงสำเนียงกระกรี๊ดกรีด (ม. ร่ายยาว กุมาร).
กระกรี๊ด	๒๕๖๙	(วรรณ) ที่มีเสียงอย่างเสียงผู้หญิงกรีดร้องด้วยความตกใจ เช่น แต่ร้องจนสุดสิ้นพระสุรเสียงสำเนียงกระกรี๊ดกรีด (ม. ร่ายยาว กุมาร).
กระกรุ่น	๒๕๔๒	(กลอน) ว. กรุ่น ๆ เช่น ไฟฟุนกระกรุ่นเกรียม. (สรรพสิทธิ์).
กระกรุ่น	๒๕๕๔	กรุ่น ๆ เช่น ไฟฟุนกระกรุ่นเกรียม
กระกรุ่น	๒๕๖๙	(วรรณ) กรุ่น ๆ เช่น ไฟฟุนกระกรุ่นเกรียม (สรรพสิทธิ์).
กระกลับกลอก	๒๕๔๒	(กลอน) ก. กลับกลอก เช่น มีตาดุจแก้วแสงสาย กระกลับกลอกพราย ชื่อรัตนจักษุมงคล. (ตําราช้างคําฉันท์).
กระกลับกลอก	๒๕๕๔	กลับกลอก เช่น มีตาดุจแก้วแสงสาย กระกลับกลอกพราย ชื่อรัตนจักษุมงคล
กระกลับกลอก	๒๕๖๙	(วรรณ) กลับกลอก เช่น มีตาดุจแก้วแสงสาย กระกลับกลอกพราย ชื่อรัตนจักษุมงคล (ตําราช้างคําฉันท์).
กระกวด	๒๕๔๒	(โบ; กลอน) ว. สูงชัน, กรวด, กรกวด ก็ว่า เช่น อยู่จอมด้วยกรกวด กิ่งก้านรวดรยงงามอยู่น้นน. (ม. คําหลวง มัทรี).
กระกวด	๒๕๕๔	สูงชัน, กรวด, เขียนเป็น กรกวด ก็มี เช่น อยู่จอมด้วยกรกวด กิ่งก้านรวดรยงงามอยู่น้นน (ม. คำหลวง มัทรี).
กระกวด	๒๕๖๙	(วรรณ) กรวด, สูงชัน, ใช้ว่า กรกวด จรวด หรือ ตรวด ก็มี เช่น อยู่จอมด้วยกรกวด กิ่งก้านรวดรยงงามอยู่น้นน (ม. คําหลวง มัทรี).
กระกอง	๒๕๔๒	(แบบ) ก. กอด, เกี่ยวพัน, เช่น เกษแก้วกระกองกลม แลกทดกทันงาม. (เสือโค).
กระกอง	๒๕๕๔	กอด, เกี่ยวพัน, เช่น เกษแก้วกระกองกลม แลกทดกทันงาม
กระกอง	๒๕๖๙	ดู ตระกอง.
กระกัด	๒๕๔๒	(โบ) ก. ใคร่, อยาก, ยินดี, เช่น ด้วยกระกัดศรัทธา. (มาลัยคําหลวง), ใช้ว่า ตระกัด ก็มี, เขียนเป็น กรกัติ หรือ กระกัติ ก็มี.
กระกัด	๒๕๕๔	ใคร่, อยาก, ยินดี, เช่น ด้วยกระกัดศรัทธา (มาลัยคำหลวง), ใช้ว่า ตระกัด ก็มี, โบราณเขียนเป็น กรกัติ หรือ กระกัติ ก็มี.
กระกัด	๒๕๖๙	(วรรณ) ใคร่, อยาก, ยินดี, เช่น ด้วยกระกัดศรัทธา (มาลัยคําหลวง), ใช้ว่า ตระกัด ก็มี, เขียนเป็น กรกัติ หรือ กระกัติ ก็มี.
กระกัติ	๒๕๔๒	(โบ) ก. กระกัด, ใคร่, อยาก, ยินดี, เช่น อย่ายักษ์มลักกรีฑาดล ด้าวอำเภอพลลการกระกัติกามา. (สรรพสิทธิ์).
กระกัติ	๒๕๕๔	กระกัด, ใคร่, อยาก, ยินดี, เช่น อย่ายักษ์มลักกรีฑาดล ด้าวอำเภอพลลการกระกัติกามา
กระกัติ	๒๕๖๙	(วรรณ) กระกัด, ใคร่, อยาก, ยินดี, เช่น อย่ายักษ์มลักกรีฑาดล ด้าวอำเภอพล ลการกระกัติกามา (สรรพสิทธิ์).
กระกี้	๒๕๔๒	น. ต้นตะเคียน. (ข.).
กระกี้	๒๕๕๔	ต้นตะเคียน.
กระกี้	๒๕๖๙	ต้นตะเคียน. (ข.).
กระกูล	๒๕๔๒	(เลิก) น. ตระกูล. (อัยการเบ็ดเสร็จ).
กระกูล	๒๕๕๔	ตระกูล.
กระกูล	๒๕๖๙	(โบ) น. ตระกูล.
กระคน	๒๕๔๒	(กลอน) น. ประโคน คือ สายรัดจากใต้สัปคับไปที่อกช้างหลังขาหน้าแล้วลอดมาบรรจบกัน โยงใต้ท้องช้างและที่หน้าขาหน้าไปจากสายชนักที่คอช้าง.
กระคน	๒๕๕๔	ประโคน คือ สายรัดจากใต้สัปคับไปที่อกช้างหลังขาหน้า แล้วลอดมาบรรจบกันโยงใต้ท้องช้างและที่หน้าขาหน้าไปจากสายชนักที่คอช้าง.
กระคน	๒๕๖๙	ดู ประโคน ๒.
กระคาย	๒๕๔๒	(กลอน) ว. ระคาย เช่นบุกแฝกกระคายคา ละเลาะลัดลดาดอน. (ม. ฉันท์ มหาราช).
กระคาย	๒๕๕๔	ระคาย เช่น บุกแฝกกระคายคา ละเลาะลัดลดาดอน (ม. ฉันท์ มหาราช).
กระคาย	๒๕๖๙	(วรรณ) ระคาย เช่น บุกแฝกกระคายคา ละเลาะลัดลดาดอน (ม. ฉันท์ มหาราช).
กระคุก	๒๕๔๒	(โบ) ก. คุกคลาน เช่น ทั้งล้มทั้งลุกกระคุกหัวเข่า. (ไตรภูมิ).
กระคุก	๒๕๕๔	คุกคลาน เช่น ทั้งล้มทั้งลุกกระคุกหัวเข่า
กระคุก	๒๕๖๙	(วรรณ) คุกคลาน เช่น ทั้งล้มทั้งลุกกระคุกหัวเข่า (ไตรภูมิ).
กระงกกระงัน	๒๕๔๒	(โบ) ว. งก ๆ งัน ๆ เช่น ถึงว่าจะกระงกกระงันงมเงื่อนเหงาหง่อยพี่ก็ไม่คิด. (ม. ร่ายยาว ชูชก).
กระงกกระงัน	๒๕๕๔	งก ๆ งัน ๆ เช่น ถึงว่าจะกระงกกระงันงมเงื่อนเหงาหง่อยพี่ก็ไม่คิด (ม. ร่ายยาว ชูชก).
กระงกกระงัน	๒๕๖๙	(วรรณ) งก ๆ งัน ๆ เช่น ถึงว่าจะกระงกกระงันงมเงื่อนเหงาหง่อยพี่ก็ไม่คิด (ม. ร่ายยาว ชูชก).
กระงกกระเงิ่น	๒๕๔๒	ว. งก ๆ เงิ่น ๆ.
กระงกกระเงิ่น	๒๕๕๔	งก ๆ เงิ่น ๆ.
กระงกกระเงิ่น	๒๕๖๙	งก ๆ เงิ่น ๆ.
กระงอด	๒๕๔๒	ใช้เข้าคู่กับคำ กระเง้า เป็น กระเง้ากระงอด.
กระงอดกระแงด	๒๕๕๔	งอดแงด, กระเง้ากระงอด, กะบึงกะบอน.
กระงอดกระแงด	๒๕๖๙	งอดแงด, กระเง้ากระงอด, กะบึงกะบอน.
กระง่องกระแง่ง	๒๕๔๒	ว. อาการที่ร่างกายไม่แข็งแรง ทําให้เดินหรือเคลื่อนไหวไม่ถนัด, กระย่องกระแย่ง หรือ ง่องแง่ง ก็ว่า.
กระง่องกระแง่ง	๒๕๕๔	ง่องแง่ง.
กระง่องกระแง่ง	๒๕๖๙	ดู ง่องแง่ง .
กระง่อนกระแง่น	๒๕๔๒	ว. คลอนแคลน, ไม่แน่น, ไม่มั่นคง, ง่อนแง่น ก็ว่า.
กระง่อนกระแง่น	๒๕๕๔	คลอนแคลน, ไม่แน่น, ไม่มั่นคง, ง่อนแง่น ก็ว่า.
กระง่อนกระแง่น	๒๕๖๙	คลอนแคลน, ไม่แน่น, ไม่มั่นคง, ง่อนแง่น ก็ว่า.
กระจก	๒๕๔๒	น. แก้วที่ทําเป็นแผ่น; โรคต้อชนิดหนึ่ง เรียกว่า ต้อกระจก. (ป., ส. กาจ = แก้ว, ดินที่ใช้ทำแก้ว).
กระจก	๒๕๕๔	แก้วที่ทำเป็นแผ่น
กระจก	๒๕๖๙	แก้วที่ทําเป็นแผ่น. (ป., ส. กาจ ว่า แก้ว).
กระจกตา	๒๕๔๒	น. ส่วนใสของตา มีรูปกลมแบน สีใส พื้นหน้านูนออกพื้นหลังหวำ หนาประมาณ ๑ มิลลิเมตร ประกอบอยู่เบื้องหน้าของดวงตา.
กระจกตา	๒๕๕๔	ส่วนใสของตา มีรูปกลมแบน สีใส พื้นหน้านูนออกพื้นหลังหวำ หนาประมาณ ๑ มิลลิเมตร ประกอบอยู่เบื้องหน้าของดวงตา.
กระจกตา	๒๕๖๙	ส่วนใสของตา มีรูปกลมแบน สีใส พื้นหน้านูนออกพื้นหลังหวำ หนาประมาณ ๑ มิลลิเมตร ประกอบอยู่เบื้องหน้าของดวงตา.
กระจกนูน	๒๕๔๒	น. วัตถุที่มีผิวมัน ลักษณะกลีบบัวควํ่า สามารถสะท้อนแสงให้เกิดภาพเสมือนหัวตั้งมองเห็นได้ที่ผิวกระจกนั้น.
กระจกนูน	๒๕๕๔	วัตถุที่มีผิวมัน ลักษณะกลีบบัวควํ่า สะท้อนแสงให้เกิดภาพเสมือนหัวตั้งมองเห็นได้ที่ผิวกระจกนั้น.
กระจกนูน	๒๕๖๙	วัตถุที่มีผิวมัน ลักษณะกลีบบัวควํ่า สะท้อนแสงให้เกิดภาพเสมือนหัวตั้งมองเห็นได้ที่ผิวกระจกนั้น.
กระจกฝ้า	๒๕๔๒	น. กระจกโปร่งแสงคือแสงลอดผ่านได้บ้าง แต่ตาไม่สามารถมองทะลุผ่านไปเห็นวัตถุอีกข้างหนึ่งได้.
กระจกฝ้า	๒๕๕๔	กระจกโปร่งแสงคือแสงลอดผ่านได้บ้าง แต่ตาไม่สามารถมองทะลุผ่านไปเห็นวัตถุอีกข้างหนึ่งได้.
กระจกฝ้า	๒๕๖๙	กระจกโปร่งแสงคือแสงลอดผ่านได้บ้าง แต่ตาไม่สามารถมองทะลุผ่านไปเห็นวัตถุอีกข้างหนึ่งได้.
กระจกหุง	๒๕๔๒	น. กระจกสีชนิดบาง ลักษณะเป็นสี่เหลี่ยมมีสีต่าง ๆ ใช้ประดับอาคาร วัตถุ หรือเครื่องใช้เป็นต้น.
กระจกหุง	๒๕๕๔	กระจกสีชนิดบาง เป็นแผ่นสี่เหลี่ยมมีสีต่าง ๆ ใช้ประดับอาคาร วัตถุ หรือเครื่องใช้เป็นต้น.
กระจกหุง	๒๕๖๙	กระจกสีชนิดบาง เป็นแผ่นสี่เหลี่ยม มีสีต่าง ๆ ใช้ประดับอาคาร วัตถุ หรือเครื่องใช้เป็นต้น.
กระจกเงา	๒๕๔๒	น. แผ่นกระจกฉาบด้านหลังด้วยแผ่นบาง ๆ ของโลหะเงินหรือโลหะเจือปรอทแล้วทาสีทับ ใช้สําหรับส่องหน้าเป็นต้น, มักเรียกสั้น ๆ ว่า กระจก, ลักษณนามว่า บาน, ราชาศัพท์ว่า พระฉาย; (วิทยา) วัตถุที่มีผิวมันสามารถส่งภาพหรือแสงสะท้อนกลับได้.
กระจกเงา	๒๕๕๔	แผ่นกระจกฉาบด้านหลังด้วยแผ่นบาง ๆ ของโลหะเงินหรือโลหะเจือปรอทแล้วทาสีทับ ใช้สำหรับส่องหน้าเป็นต้น, มักเรียกสั้น ๆ ว่า กระจก, ลักษณนามว่า บาน, ราชาศัพท์ว่า พระฉาย
กระจกเงา	๒๕๖๙	แผ่นกระจกฉาบด้านหลังด้วยแผ่นบาง ๆ ของโลหะเงินหรือโลหะเจือปรอทแล้วทาสีทับ ใช้สําหรับส่องหน้าเป็นต้น, มักเรียกสั้น ๆ ว่า กระจก, ลักษณนามว่า บาน, ราชาศัพท์ว่า พระฉาย.
กระจกเว้า	๒๕๔๒	น. วัตถุที่มีผิวมัน ลักษณะกลีบบัวหงาย สามารถสะท้อนแสงให้เกิดภาพจริงหัวกลับได้บนจอที่ขวางรับแสงสะท้อน.
กระจกเว้า	๒๕๕๔	วัตถุที่มีผิวมัน ลักษณะกลีบบัวหงาย สะท้อนแสงให้เกิดภาพจริงหัวกลับได้บนจอที่ขวางรับแสงสะท้อน.
กระจกเว้า	๒๕๖๙	วัตถุที่มีผิวมัน ลักษณะกลีบบัวหงาย สะท้อนแสงให้เกิดภาพจริงหัวกลับได้บนจอที่ขวางรับแสงสะท้อน.
กระจง	๒๕๔๒	น. ชื่อสัตว์เคี้ยวเอื้องในวงศ์ Tragulidae ที่เล็กที่สุด รูปร่างคล้ายกวาง แต่ไม่มีเขา ตัวผู้มีเขี้ยวแหลมคมงอกออกมาซึ่งมีผู้นิยมใช้เป็นเครื่องราง มี ๒ ชนิด คือ กระจงควาย (Tragulus napu) สูงราว ๓๕ เซนติเมตร และกระจงเล็ก (T. javanicus) สูงราว ๒๕ เซนติเมตร, พายัพเรียก ไก้. (มลายู กันจิล).
กระจง	๒๕๕๔	ชื่อสัตว์เลี้ยงลูกด้วยนม ในวงศ์ Tragulidae เป็นสัตว์เคี้ยวเอื้องที่เล็กที่สุด กระเพาะมี ๓ ส่วน รูปร่างคล้ายกวาง แต่ไม่มีเขา ตัวผู้มีเขี้ยวบนที่แหลมคมงอกออกมาซึ่งมีผู้นิยมใช้เป็นเครื่องราง มี ๒ ชนิด คือ กระจงควาย [ Tragulus napu (Cuvier)] สูงประมาณ ๓๕ เซนติเมตร และกระจงเล็ก [ T. javanicus (Osbeck)] สูงประมาณ ๒๐ เซนติเมตร, พายัพเรียก ไก้.
กระจง	๒๕๖๙	สัตว์เลี้ยงลูกด้วยนม ในวงศ์ Tragulidae เป็นสัตว์เคี้ยวเอื้องที่เล็กที่สุด รูปร่างคล้ายกวาง แต่ไม่มีเขา ตัวผู้มีเขี้ยวบนที่แหลมคมงอกออกมา ๑ คู่ มีผู้นิยมใช้เขี้ยวนี้เป็นเครื่องราง กระจงมี ๒ ชนิด คือ กระจงควาย Tragulus napu (Cuvier) สูงประมาณ ๓๕ เซนติเมตร และกระจงเล็ก T. Javanicus (Osbeck) สูงประมาณ ๒๐ เซนติเมตร. (ม. กันจิล).
กระจร	๒๕๔๒	(กลอน) น. ต้นสลิด เช่น กระทุ่มกระจรแล้ คชน้าวกาหลง. (พงศ. เหนือ). (แผลงมาจาก ขจร).
กระจร	๒๕๕๔	ต้นสลิด เช่น กระทุ่มกระจรแล้ คชน้าวกาหลง
กระจร	๒๕๖๙	(โบ) ขจร, ต้นสลิด, เช่น กระทุ่มกระจรแล้ คชน้าวกาหลง (พงศ. เหนือ).
กระจอก	๒๕๔๒	น. ชื่อนกขนาดเล็กในวงศ์ Passeridae ตัวลาย มี ๔ ชนิด ชนิดที่มีชุกชุมอาศัยตามชายคาบ้านเรือน เรียก กระจอกบ้าน (Passer montanus) อีก ๓ ชนิด คือ กระจอกตาล (P. flaveolus) กระจอกป่าท้องเหลือง (P. rutilans) และกระจอกใหญ่ (P. domesticus).
กระจอก	๒๕๕๔	ชื่อนกขนาดเล็ก วงศ์ย่อย Passerinae ในวงศ์ Passeridae ปากหนารูปกรวย ขนตัวลาย ปลายหางเว้าตื้น มี ๔ ชนิด ชนิดที่มีชุกชุมอาศัยตามชายคาบ้านเรือน คือ กระจอกบ้าน [ Passer montanus (Linn.)] และกระจอกใหญ่ [ P. domesticus (Linn.)] อีก ๒ ชนิดอาศัยอยู่ตามป่า คือ กระจอกตาล ( P. flaveolusBlyth) และกระจอกป่าท้องเหลือง[ P. rutilans (Temminck)].
กระจอก	๒๕๖๙	(วรรณ) นกกระจอกเช่น กระจอกก็ซอกซ่อนซอ (สัตวาภิธาน) .
กระจอกงอกง่อย	๒๕๔๒	ว. ยากจนเข็ญใจ.
กระจอกงอกง่อย	๒๕๕๔	ยากจนเข็ญใจ.
กระจอกงอกง่อย	๒๕๖๙	ยากจนเข็ญใจ.
กระจอกชวา	๒๕๔๒	น. ชื่อนกขนาดเล็กชนิด Padda oryzivora ในวงศ์ Estrildidae มีถิ่นกําเนิดในเกาะชวาและเกาะบาหลี ประเทศอินโดนีเซีย เคยนํามาเลี้ยงใช้เสี่ยงทาย จึงเรียกว่า นกหมอดู.
กระจอกชวา	๒๕๕๔	ชื่อนกขนาดเล็กชนิด Lonchura oryzivora (Linn.) วงศ์ย่อย Estrildinae ในวงศ์ Passeridae ปากหนารูปกรวย หัวสีดำ แก้มสีขาว ตัวสีเทาอมฟ้า ท้องสีส้ม หางเว้าตื้น มีถิ่นกำเนิดในเกาะชวาและเกาะบาหลี ประเทศอินโดนีเซีย เคยนำมาเลี้ยงใช้เสี่ยงทาย จึงเรียกว่า นกหมอดู.
กระจอกชวา	๒๕๖๙	ดู นกกระจอกชวา.
กระจอกเทศ	๒๕๔๒	น. ชื่อนกขนาดใหญ่ชนิด Struthio camelus ในวงศ์ Struthionidae ขาใหญ่แข็งแรง ตีนมี ๒ นิ้ว วิ่งเร็ว แต่บินไม่ได้ มีถิ่นกําเนิดในทวีปแอฟริกา.
กระจอกเทศ	๒๕๕๔	ชื่อนกขนาดใหญ่ชนิด Struthio camelus Linn. ในวงศ์ Struthiornidae เป็นนกที่มีขนาดใหญ่ที่สุด ตัวผู้สีดำ ตัวเมียสีน้ำตาล ขาใหญ่แข็งแรง ตีนมี ๒ นิ้ว วิ่งเร็ว แต่บินไม่ได้ มีถิ่นกำเนิดในทวีปแอฟริกา ปัจจุบันนำมาเพาะเลี้ยงในประเทศไทยเพื่อเป็นอาหาร.
กระจอกเทศ	๒๕๖๙	ดู นกกระจอกเทศ.
กระจองงอง	๒๕๔๒	ว. เสียงร้องเช่นนั้นพร้อมตีฆ้องป่าวประกาศว่า กระจองงอง ๆ เจ้าข้าเอ๊ย.
กระจองงอง	๒๕๕๔	เสียงร้องเช่นนั้นพร้อมตีฆ้องป่าวประกาศว่า กระจองงอง ๆ เจ้าข้าเอ๊ย.
กระจองงอง	๒๕๖๙	เสียงร้องเช่นนั้นพร้อมตีฆ้องป่าวประกาศว่า กระจองงอง ๆ เจ้าข้าเอ๊ย.
กระจองงอง ๆ	๒๕๕๔	เสียงร้องเช่นนั้นพร้อมตีฆ้องป่าวประกาศว่า กระจองงอง ๆ เจ้าข้าเอ๊ย.
กระจองหง่อง	๒๕๔๒	ว. อาการที่นั่งยอง ๆ จ้องดู.
กระจองหง่อง	๒๕๕๔	ซึมเซา, หงอยเหงา.
กระจองหง่อง	๒๕๖๙	ซึมเซา, หงอยเหงา.
กระจองอแง	๒๕๔๒	ว. เสียงเด็กที่ร้องไห้ ก่อให้เกิดความรําคาญ, ใช้เรียกลูกเด็กเล็กแดงหรือที่ยังต้องอุ้มต้องจูงอยู่ว่า ลูกกระจองอแง.
กระจองอแง	๒๕๕๔	เสียงเด็กที่ร้องไห้ ก่อให้เกิดความรำคาญ, ใช้เรียกลูกเด็กเล็กแดงหรือที่ยังต้องอุ้มต้องจูงอยู่ว่า ลูกกระจองอแง.
กระจองอแง	๒๕๖๙	ร้องไห้ก่อให้เกิดความรำคาญ, ใช้แก่เด็ก ๆ, เช่น ลูก ๆ กระจองอแงตั้งแต่เช้า , ใช้เป็นคำวิเศษณ์ก็ได้ เช่น น้อง ๆ ร้องไห้กระจองอแง.
กระจอนหู	๒๕๔๒	(ถิ่น) น. ตุ้มหู. (ลัทธิ. ภาค ๑๘ ตอน ๑).
กระจอนหู	๒๕๕๔	ตุ้มหู.
กระจะ	๒๕๔๒	ว. แจ่มแจ้ง, ชัดเจน.
กระจะ	๒๕๕๔	แจ่มแจ้ง, ชัดเจน.
กระจะ	๒๕๖๙	แจ่มแจ้ง, ชัดเจน.
กระจัก	๒๕๔๒	(กลอน) ก. เป็นจัก&#160;ๆ เช่น กระจักกระจังบัลลังก์บัวหงาย ธูปรองทองทราย สลับด้วยแก้วแกมนิล. (พากย์).
กระจัก	๒๕๕๔	เป็นจักๆ เช่น กระจักกระจังบัลลังก์บัวหงาย ธูปรองทองทราย สลับด้วยแก้วแกมนิล
กระจัก	๒๕๖๙	(วรรณ) เป็นจัก ๆ, เป็นแฉก ๆ, เป็นหยัก ๆ, เช่น กระจักกระจังบัลลังก์บัวหงาย ธูปรองทองทราย สลับด้วยแก้วแกมนิล (พากย์).
กระจัง	๒๕๔๒	น. ชื่อลายอย่างหนึ่ง ใช้เป็นลวดลายสําหรับเครื่องประดับที่อยู่บนชั้นหรือตามขอบของสิ่งบางอย่าง เช่น ชั้นฐานธรรมาสน์ กระจังมีหลายแบบ เช่น กระจังตาอ้อย กระจังเจิม กระจังปฏิญาณ, เครื่องประดับที่มีลวดลายชนิดนี้ เรียกว่า ตัวกระจัง ใช้ประดับหลังเฟี้ยมลับแลและอื่น ๆ.
กระจัง	๒๕๕๔	ชื่อลายอย่างหนึ่ง อยู่ในรูปทรงสามเหลี่ยม ใช้เป็นลวดลายสำหรับเครื่องประดับที่อยู่บนชั้นหรือตามขอบของสิ่งบางอย่าง เช่น ชั้นฐานธรรมาสน์ กระจังมีหลายแบบ เช่น กระจังตาอ้อย กระจังเจิม กระจังปฏิญาณ, เครื่องประดับที่มีลวดลายชนิดนี้ เรียกว่า ตัวกระจัง ใช้ประดับบนลับแลและอื่น ๆ.
กระจัง	๒๕๖๙	ลายอย่างหนึ่ง อยู่ในรูปทรงสามเหลี่ยม ใช้เป็นลวดลายสําหรับเครื่องประดับที่อยู่บนชั้นหรือตามขอบสิ่งของบางอย่าง มีชั้นฐานธรรมาสน์เป็นต้น กระจังมีหลายแบบ เช่น กระจังตาอ้อย กระจังเจิม กระจังปฏิญาณ, เครื่องประดับที่มีลายกระจัง เรียกว่า ตัวกระจัง ใช้ประดับบนลับแลและอื่น ๆ.
กระจังหลังเบี้ย	๒๕๔๒	น. ใบไม้เล็ก ๆ เป็นหยัก ๆ. (ปาเลกัว).
กระจังหลังเบี้ย	๒๕๕๔	ชื่อกระจังแบบหนึ่ง ด้านหน้านูนเหมือนเบี้ย.
กระจังหลังเบี้ย	๒๕๖๙	กระจังแบบหนึ่ง ด้านหน้านูนเหมือนเบี้ย.
กระจัด	๒๕๔๒	ก. ขับไล่; แยกย้ายออกไป เช่น ลูกหลานกระจัดพลัดพราย. (คาวี). (แผลงมาจาก ขจัด).
กระจัด	๒๕๕๔	ขับไล่
กระจัด	๒๕๖๙	ขับไล่.
กระจัดกระจาย	๒๕๔๒	ว. เรี่ยรายไป, แตกฉานซ่านเซ็นไป, ไม่รวมอยู่ในพวกเดียวกัน. (แผลงมาจาก ขจัดขจาย).
กระจัดกระจาย	๒๕๕๔	เรี่ยรายไป, แตกฉานซ่านเซ็นไป, ไม่รวมอยู่ในพวกเดียวกัน.
กระจัดกระจาย	๒๕๖๙	เรี่ยรายไป, แตกฉานซ่านเซ็นไป, ไม่รวมอยู่ในพวกเดียวกัน, เช่น ข้าวของกระจัดกระจายเต็มห้อง , ใช้เป็นคำวิเศษณ์ก็ได้ เช่น ทิ้งของไว้กระจัดกระจาย. (แผลงมาจาก ขจัดขจาย).
กระจัดพลัดพราย	๒๕๔๒	ก. แตกฉานซ่านเซ็นไป, ไม่รวมอยู่ในพวกเดียวกัน.
กระจัดพลัดพราย	๒๕๕๔	แตกฉานซ่านเซ็นไป, ไม่รวมอยู่ในพวกเดียวกัน.
กระจัดพลัดพราย	๒๕๖๙	แตกฉานซ่านเซ็นไป, ไม่รวมอยู่ในพวกเดียวกัน เช่น ลูกหลานกระจัดพลัดพราย .
กระจับ	๒๕๔๒	น. ชื่อไม้นํ้าชนิด Trapa bicornis Osbeck ในวงศ์ Trapaceae ขึ้นลอยอยู่ในนํ้าโดยอาศัยก้านใบเป็นทุ่น ฝักแก่สีดําแข็ง มี ๒ เขา คล้ายเขาควาย เนื้อในขาว รสหวานมัน; ชื่อขวากมีรูปคล้ายกระจับ; เรียกพานขนาดเล็ก ปากเป็นรูปวงรี ทําเป็นรูปกลีบบัวคลี่ออกคล้ายฝักกระจับ ว่า พานปากกระจับ; วัตถุที่มีรูปอย่างฝักกระจับสําหรับยันคางศพที่บรรจุโกศ; นวมหรือวัตถุรูปร่างคล้ายฝักกระจับใช้ใส่ป้องกันอวัยวะที่หว่างขาเวลาชกมวยไทย.
กระจับ	๒๕๕๔	ชื่อไม้นํ้าหลายชนิดในสกุล Trapa วงศ์ Trapaceae ขึ้นลอยอยู่ในนํ้าโดยอาศัยก้านใบเป็นทุ่น ฝักแก่สีดำแข็ง มี ๒ เขา คล้ายเขาควาย เนื้อในขาว รสหวานมัน
กระจับ	๒๕๖๙	ไม้นํ้าหลายชนิดในสกุล Trapa วงศ์ Lythraceae ขึ้นลอยอยู่ในนํ้าโดยอาศัยก้านใบเป็นทุ่น ฝักแก่สีดำแข็ง มี ๒ เขา คล้ายเขาควาย เนื้อในขาว รสหวานมัน.
กระจับบก	๒๕๔๒	น. ชื่อไม้เถาชนิดหนึ่งขึ้นในป่าตํ่าตามที่นํ้าท่วม มักขึ้นปะปนกับเถากรด ซึ่งดูผาด ๆ คล้ายคลึงกัน ใบคู่ ขอบใบตอนบนที่ใกล้หรือติดกับก้านมีต่อมข้างละต่อม ผลนัยว่าแบน ๆ รูปสามเหลี่ยม ไม้ใช้ทําฟืน. (พจน. ๒๔๙๓).
กระจับบก	๒๕๕๔	ชื่อไม้เถาชนิดหนึ่งขึ้นในป่าตํ่าตามที่นํ้าท่วม มักขึ้นปะปนกับเถากรด ซึ่งดูผาด ๆ คล้ายคลึงกัน ใบคู่ ขอบใบตอนบนที่ใกล้หรือติดกับก้านมีต่อมข้างละต่อม ผลนัยว่าแบน ๆ รูปสามเหลี่ยม ไม้ใช้ทำฟืน.
กระจับบก	๒๕๖๙	ไม้เถาชนิดหนึ่งขึ้นในป่าตํ่าตามที่นํ้าท่วม มักขึ้นปะปนกับเถากรด ซึ่งดูผาด ๆ คล้ายคลึงกัน ใบคู่ ขอบใบตอนบนที่ใกล้หรือติดกับก้านมีต่อมข้างละต่อม ผลแบน ๆ รูปสามเหลี่ยม ไม้ใช้ทําฟืน. (พจน. ๒๔๙๓).
กระจับปิ้ง	๒๕๔๒	น. เครื่องปิดของลับของเด็กหญิง ทำด้วยเงิน ทอง หรือนากเป็นต้น, จะปิ้ง จับปิ้ง ตะปิ้ง หรือ ตับปิ้ง ก็เรียก. (ม. จะปิ้ง).
กระจับปิ้ง	๒๕๕๔	เครื่องปิดของลับของเด็กหญิง ทำด้วยเงินหรือนากเป็นต้น, จะปิ้ง จับปิ้ง ตะปิ้ง หรือ ตับปิ้ง ก็เรียก.
กระจับปิ้ง	๒๕๖๙	เครื่องปิดของลับของเด็กหญิง ทำด้วยเงินหรือนากเป็นต้น, จะปิ้ง จับปิ้ง ตะปิ้ง หรือ ตับปิ้ง ก็ว่า. (ม. chaping).
กระจับปี่	๒๕๔๒	น. พิณ ๔ สาย. (ช. จาก ส. กจฺฉปี, อธิบายว่า มีรูปคล้ายเต่า).
กระจับปี่	๒๕๕๔	เครื่องดนตรีประเภทเครื่องดีด ลักษณะคล้ายพิณ มี ๔ สาย ตั้งเสียงต่างกันเป็น ๒ คู่ เดิมใช้บรรเลงในวงมโหรีเครื่อง ๔ และมโหรีเครื่อง ๖ ในสมัยอยุธยา ต่อมาในสมัยรัตนโกสินทร์ใช้จะเข้บรรเลงแทน.
กระจับปี่	๒๕๖๙	เครื่องดนตรีประเภทเครื่องดีด ลักษณะคล้ายพิณ มี ๔ สาย ตั้งเสียงต่างกันเป็น ๒ คู่ เดิมใช้บรรเลงในวงมโหรีเครื่อง ๔ และมโหรีเครื่อง ๖ ในสมัยอยุธยา ต่อมาในสมัยรัตนโกสินทร์ใช้จะเข้บรรเลงแทน. (ช. จาก ป., ส. กจฺฉปี ว่า พิณชนิดหนึ่ง; เทียบ ป., ส. กจฺฉพ ว่า เต่า, อธิบายว่า ที่เรียกดังนั้นเพราะมีรูปคล้ายเต่า).
กระจาด	๒๕๔๒	น. ภาชนะสาน รูปเตี้ย ๆ ปากกว้าง ก้นสอบ, โดยปริยายเรียกเครื่องสานที่ทําเป็นตาโต ๆ ขอบปากแบบพานปากกระจับ สําหรับใส่ของเครื่องกัณฑ์เทศน์มหาชาติ.
กระจาด	๒๕๕๔	ภาชนะสาน รูปเตี้ย ๆ ปากกว้าง ก้นสอบ, โดยปริยายเรียกเครื่องสานที่ทำเป็นตาโต ๆ ขอบปากแบบพานปากกระจับ สำหรับใส่ของเครื่องกัณฑ์เทศน์มหาชาติ.
กระจาด	๒๕๖๙	ภาชนะสาน รูปเตี้ย ๆ ปากกว้าง ก้นสอบ.
กระจาน	๒๕๔๒	น. แผ่นตะกั่วหรือโลหะแผ่นเล็ก ๆ บาง ๆ ที่ติดอยู่เหนือเบ็ดสําหรับล่อปลา.
กระจาน	๒๕๕๔	แผ่นตะกั่วหรือโลหะแผ่นเล็ก ๆ บาง ๆ ที่ติดอยู่เหนือเบ็ดสำหรับล่อปลา.
กระจาน	๒๕๖๙	แผ่นตะกั่วหรือโลหะแผ่นเล็ก ๆ บาง ๆ ที่ติดอยู่เหนือเบ็ดสําหรับล่อปลา.
กระจาบ	๒๕๔๒	น. ชื่อนกขนาดเล็กในวงศ์ Ploceidae มี ๓ ชนิด คือ กระจาบธรรมดา หรือ กระจาบอกเรียบ (Ploceus philippinus) กระจาบอกลาย (P. manyar) ทำรังด้วยหญ้าห้อยอยู่กับกิ่งไม้หรือพืชน้ำ ปากรังอยู่ด้านล่าง และ กระจาบทอง (P. hypoxanthus) ทํารังด้วยหญ้าโอบหุ้มกิ่งไม้หรือใบพืชน้ำ ปากรังอยู่ด้านล่าง มักอยู่รวมกันเป็นหมู่ กินเมล็ดพืช.
กระจาบ	๒๕๕๔	ชื่อนกขนาดเล็ก วงศ์ย่อย Ploceinae ในวงศ์ Ploceidae ปากหนารูปกรวย ปลายหางมน ขนหัวและขนตัวลาย ในฤดูผสมพันธุ์ขนหัวเพศผู้เปลี่ยนเป็นสีเหลือง มี ๓ ชนิด คือ กระจาบธรรมดาหรือกระจาบอกเรียบ[ Ploceus philippinus (Linn.)] กระจาบอกลาย [ P. manyar (Horsfield)] ทำรังด้วยหญ้าหรือฟางข้าวห้อยอยู่กับกิ่งไม้หรือต้นพืชน้ำเช่นกก ปากรังอยู่ด้านล่าง และกระจาบทอง [ P. hypoxanthu s (Sparrman)] ทำรังด้วยหญ้าหรือฟางข้าวโอบหุ้มกิ่งไม้หรือใบพืชน้ำ ปากรังอยู่ทางด้านข้าง มักอยู่รวมกันเป็นหมู่ กินเมล็ดพืช.
กระจาบ	๒๕๖๙	(วรรณ) นกกระจาบ เช่น กระจาบไล่กระจิบ (สัตวาภิธาน).
กระจาม	๒๕๔๒	ใช้เข้าคู่กับคำ กระโจม เป็น กระโจมกระจาม.
กระจาย	๒๕๔๒	ก. ทําให้แพร่หรือแตกแยกออกจากกันไปในที่ต่าง ๆ, แพร่หรือแตกแยกออกจากกันไปในที่ต่าง ๆ; แผ่ซ่าน, จางออก, นิยมใช้เข้าคู่กับคํา กระจัด กระจุย เป็น กระจัดกระจาย กระจุยกระจาย. (แผลงมาจาก ขจาย).
กระจาย	๒๕๕๔	ทำให้แพร่หรือแตกแยกออกจากกันไปในที่ต่าง ๆ, แพร่หรือแตกแยกออกจากกันไปในที่ต่าง ๆ
กระจาย	๒๕๖๙	ทําให้แพร่หรือแตกแยกออกจากกันไปในที่ต่าง ๆ, แพร่หรือแตกแยกออกจากกันไปในที่ต่าง ๆ. (แผลงมาจาก ขจาย).
กระจายนะมณฑล	๒๕๔๒	(โบ) น. ชื่อกลบท วรรคต้นใช้อักษรสูงนําหน้า วรรคที่ ๒ ใช้อักษรกลาง วรรคที่ ๓ ใช้อักษรตํ่า ตัวอย่างว่า สมเด็จพระศิริวิบุลกิตติ์ กําจัดจากโศกวิโยคหา ค่อยตรึกตรองฉลองคุณพระชนมา. (ชุมนุมตํารากลอน)
กระจายนะมณฑล	๒๕๕๔	ชื่อกลบท วรรคต้นใช้อักษรสูงนำหน้า วรรคที่ ๒ ใช้อักษรกลาง วรรคที่ ๓ ใช้อักษรตํ่า ตัวอย่างว่า สมเด็จพระศิริวิบุลกิตติ์ กำจัดจากโศกวิโยคหา ค่อยตรึกตรองฉลองคุณพระชนมา
กระจายนะมณฑล	๒๕๖๙	กลอนกลบทชนิดหนึ่ง วรรคต้นใช้อักษรสูงนําหน้า วรรคที่ ๒ ใช้อักษรกลางนำหน้า วรรคที่ ๓ ใช้อักษรตํ่านำหน้า ไปเช่นนี้ตลอดในวรรคต่อ ๆ ไป เช่น หอมระรินกลิ่นรสสุคนธา อบด้วยดอกบุปผาในไพรสณฑ์ ครั้นสั่งเสร็จสมเด็จจอมสากล ให้จัดผ้าเครื่องต้นอำพนงาม (ศิริวิบุลกิติ์)
กระจายหางดอก	๒๕๔๒	น. ชื่อว่านชนิดหนึ่ง ต้นและใบดังเถาผักบุ้งเทศ แต่ไม่มีหัว มีดอกและฝักอย่างผักบุ้งเทศ เชื่อกันว่าว่านชนิดนี้ใช้เมล็ดตําละลายกับเหล้าแก้พิษเสือ พิษจระเข้ และพิษสุนัขบ้า. (กบิลว่าน).
กระจายหางดอก	๒๕๕๔	ชื่อว่านชนิดหนึ่ง ต้นและใบดังเถาผักบุ้งเทศ แต่ไม่มีหัว มีดอกและฝักอย่างผักบุ้งเทศ เชื่อกันว่าว่านชนิดนี้ใช้เมล็ดตำละลายกับเหล้าแก้พิษเสือ พิษจระเข้ และพิษสุนัขบ้า.
กระจายหางดอก	๒๕๖๙	ว่านชนิดหนึ่ง ต้นและใบคล้ายเถาผักบุ้งเทศ แต่ไม่มีหัว มีดอกและฝักอย่างผักบุ้งเทศ เชื่อกันว่าว่านชนิดนี้ใช้เมล็ดตําละลายกับเหล้าแก้พิษเสือ พิษจระเข้ และพิษสุนัขบ้า. (กบิลว่าน).
กระจายเสียง	๒๕๔๒	ก. ส่งเสียงแพร่ไกลออกไป.
กระจายเสียง	๒๕๕๔	ส่งเสียงแพร่ไกลออกไป.
กระจายเสียง	๒๕๖๙	ส่งเสียงแพร่ไกลออกไป.
กระจาว	๒๕๔๒	น. กระเจา. (ดู กระเชา).
กระจาว	๒๕๕๔	กระเจา. (ดู กระเชา).
กระจาว	๒๕๖๙	กระเจา. (ดู กระเชา) .
กระจิก	๒๕๔๒	ใช้เข้าคู่กับคํา กระจุก เป็น กระจุกกระจิก.
กระจิด	๒๕๔๒	ว. เล็กน้อย เช่น ตัวกระจิดนิดกว่าแมว. (ประพาสธารทองแดง).
กระจิด	๒๕๕๔	เล็กน้อย เช่น ตัวกระจิดนิดกว่าแมว
กระจิด	๒๕๖๙	(วรรณ) เล็ก, เล็กน้อย, เช่น ตัวกระจิดนิดกว่าแมว. (ประพาสธารทองแดง), กระจิ๊ด ก็ว่า. (เทียบ ม. เกาะจิลฺ, เกะจิก ว่า เล็ก).
กระจิบ	๒๕๔๒	ใช้เข้าคู่กับคํา กระจุบ เป็น กระจุบกระจิบ.
กระจิบ	๒๕๕๔	ชื่อนกขนาดเล็กในวงศ์ Sylviidae ปากเล็กบาง ปลายแหลมตรง ขายาวเรียวเล็ก ร้องเสียงคล้าย “จิบ ๆ” กินแมลง มีหลายชนิด เช่น กระจิบธรรมดาหรือกระจิบหางยาว [ Orthotomus sutorius (Pennant)] กระจิบคอดำ ( O. atrogularis Temminck) กระจิบหัวแดง ( O. sepiumHorsfield).
กระจิบ	๒๕๖๙	(วรรณ) นกกระจิบเช่น กระจาบไล่กระจิบ (สัตวาภิธาน) .
กระจิริด	๒๕๔๒	[กฺระจิหฺริด] ว. เล็กนิด. (เทียบมลายู เกาะจิลฺ, เกะจิก = เล็ก).
กระจิริด	๒๕๕๔	เล็กนิด.
กระจิริด	๒๕๖๙	เล็กนิด เช่น ต้นไม้นี้ออกดอกสีชมพู ดอกเล็กกระจิริด , (ปาก) กระจิ๊ดริด ก็ว่า .
กระจิ๊ด	๒๕๖๙	เล็ก, เล็กน้อย เช่น หูฟังอันเล็กกระจิ๊ด พกพาสะดวก , (วรรณ) กระจิด ก็ว่า เช่น กระจงกระจิดเตี้ย วิ่งเรี่ยเรี่ยน่าเอนดู (ประพาสธารทองแดง). (เทียบ ม. เกาะจิลฺ, เกะจิก ว่า เล็ก).
กระจิ๊ดริด	๒๕๖๙	(ปาก) เล็กนิด เช่น นกตัวนี้ตัวกระจิ๊ดริดแต่ร้องเสียงดัง , กระจิริด ก็ว่า.
กระจิ๋ง	๒๕๔๒	ใช้เข้าคู่กับคํา กระจุ๋ง เป็น กระจุ๋งกระจิ๋ง.
กระจิ๋ม	๒๕๔๒	ใช้เข้าคู่กับคํา กระจุ๋ม เป็น กระจุ๋มกระจิ๋ม.
กระจิ๋ว	๒๕๔๒	ว. เล็ก ๆ, จิ๋ว.
กระจิ๋ว	๒๕๕๔	เล็ก ๆ, จิ๋ว.
กระจิ๋ว	๒๕๖๙	(ปาก) เล็ก ๆ, จิ๋ว.
กระจิ๋วหลิว	๒๕๔๒	(ปาก) ว. เล็กมาก.
กระจิ๋วหลิว	๒๕๕๔	เล็กมาก.
กระจิ๋วหลิว	๒๕๖๙	(ปาก) เล็กมาก.
กระจี้	๒๕๔๒	(ถิ่น-โคราช) น. เมล็ดของต้นแสลงใจ.
กระจี้	๒๕๕๔	เมล็ดของต้นแสลงใจ.
กระจี๋	๒๕๔๒	ใช้เข้าคู่กับคํา กระจู๋ เป็น กระจู๋กระจี๋.
กระจุก	๒๕๔๒	น. สิ่งที่รวมกันอยู่เป็นกลุ่ม, ลักษณนามเรียกสิ่งที่มัดรวมกันเป็นกลุ่ม เช่น หอม ๒ กระจุก กระเทียม ๓ กระจุก.<2t>ก. รวมกันอยู่เป็นกลุ่ม เช่น ธุรกิจใหญ่&#160;ๆ กระจุกกันอยู่ในตัวเมือง.
กระจุก	๒๕๕๔	สิ่งที่รวมกันอยู่เป็นกลุ่ม, ลักษณนามเรียกสิ่งที่มัดรวมกันเป็นกลุ่ม เช่น หอม ๒ กระจุก กระเทียม ๓ กระจุก.
กระจุก	๒๕๖๙	สิ่งที่รวมกันอยู่เป็นกลุ่ม, ลักษณนามเรียกสิ่งที่มัดรวมกันเป็นกลุ่ม เช่น หอม ๒ กระจุก, กระเทียม ๓ กระจุก.
กระจุกกระจิก	๒๕๔๒	ว. เล็ก&#160;ๆ น้อย&#160;ๆ, เบ็ดเตล็ดคละกัน, เช่น ในกระเป๋าถือมีแต่ของกระจุกกระจิก, จุกจิก ก็ว่า.
กระจุกกระจิก	๒๕๕๔	เล็กๆ น้อยๆ, เบ็ดเตล็ดคละกัน, เช่น ในกระเป๋าถือมีแต่ของกระจุกกระจิก, จุกจิก ก็ว่า.
กระจุกกระจิก	๒๕๖๙	เล็ก ๆ น้อย ๆ, เบ็ดเตล็ดคละกัน, เช่น ในกระเป๋าถือมีแต่ของกระจุกกระจิก , จุกจิก ก็ว่า.
กระจุกกระจุย	๒๕๔๒	ว. กระจายจากกันอย่างสับสนไม่เป็นระเบียบ.
กระจุกกระจุย	๒๕๕๔	กระจายจากกันอย่างสับสนไม่เป็นระเบียบ.
กระจุกกระจุย	๒๕๖๙	กระจายจากกันอย่างสับสนไม่เป็นระเบียบ.
กระจุบ	๒๕๔๒	น. ส่วนของโคมตรงที่สวมหลอด; ส่วนหนึ่งของตะเกียงที่ไส้ผ่านสําหรับจุดไฟ.
กระจุบ	๒๕๕๔	ส่วนของโคมตรงที่สวมหลอด
กระจุบ	๒๕๖๙	ส่วนของโคมตรงที่สวมหลอด.
กระจุบกระจิบ	๒๕๔๒	(โบ) ว. จุบจิบ.
กระจุบกระจิบ	๒๕๕๔	จุบจิบ.
กระจุบกระจิบ	๒๕๖๙	จุบจิบ.
กระจุย	๒๕๔๒	ว. กระจายออกยุ่งไม่เป็นระเบียบ, นิยมใช้เข้าคู่กับ กระจุก เป็น กระจุกกระจุย.
กระจุย	๒๕๕๔	กระจายออกยุ่งไม่เป็นระเบียบ, นิยมใช้เข้าคู่กับ กระจุก เป็น .
กระจุย	๒๕๖๙	กระจายออก, ยุ่งไม่เป็นระเบียบ เช่น นุ่นในหมอนกระจุยออกมา , นิยมใช้คู่กับ กระจุก เป็น กระจุกกระจุย.
กระจุยกระจาย	๒๕๔๒	ว. กระจายยุ่งเหยิง.
กระจุยกระจาย	๒๕๕๔	กระจายยุ่งเหยิง.
กระจุยกระจาย	๒๕๖๙	กระจายยุ่งเหยิง เช่น ข้าวของกระจุยกระจาย , ใช้เป็นคำวิเศษณ์ก็ได้ เช่น รื้อของกระจุยกระจาย.
กระจุ๊บ	๒๕๕๔	ส่วนของโคมตรงที่สวมหลอด
กระจุ๋งกระจิ๋ง	๒๕๔๒	ก. พูดกันเบา ๆ ทําเสียงเล็กเสียงน้อยน่าเอ็นดู, จุ๋งจิ๋ง ก็ว่า.<2t>ว. อาการที่พูดกันเบา&#160;ๆ ทำเสียงเล็กเสียงน้อยน่าเอ็นดู, จุ๋งจิ๋ง ก็ว่า.
กระจุ๋งกระจิ๋ง	๒๕๕๔	พูดกันเบา ๆ ทำเสียงเล็กเสียงน้อยน่าเอ็นดู, จุ๋งจิ๋ง ก็ว่า.
กระจุ๋งกระจิ๋ง	๒๕๖๙	พูดกันเบา ๆ ทําเสียงเล็กเสียงน้อยน่าเอ็นดู, ใช้เป็นคำวิเศษณ์ก็ได้ เช่น หนุ่มสาวคู่นั้นคุยกันกระจุ๋งกระจิ๋ง , จุ๋งจิ๋ง ก็ว่า.
กระจุ๋มกระจิ๋ม	๒๕๔๒	ว. เล็ก ๆ น้อย ๆ น่าเอ็นดู, จุ๋มจิ๋ม ก็ว่า.
กระจุ๋มกระจิ๋ม	๒๕๕๔	เล็ก ๆ น้อย ๆ น่าเอ็นดู, จุ๋มจิ๋ม ก็ว่า.
กระจุ๋มกระจิ๋ม	๒๕๖๙	เล็ก ๆ น้อย ๆ น่าเอ็นดู, จุ๋มจิ๋ม ก็ว่า.
กระจูด	๒๕๔๒	น. ชื่อไม้ล้มลุกชนิด Lepironia articulata (Retz.) Domin ในวงศ์ Cyperaceae ลําต้นกลม ภายในกลวง และมีเยื่ออ่อนหยุ่นคั่นเป็นข้อ ๆ ใช้สานเสื่อหรือกระสอบ. (เทียบมลายู kerchut).
กระจูด	๒๕๕๔	ชื่อไม้ล้มลุกชนิด Lepironia articulata (Retz.) Domin ในวงศ์ Cyperaceae ลำต้นกลม ภายในกลวง และมีเยื่ออ่อนหยุ่นคั่นเป็นข้อ ๆ ใช้สานเสื่อหรือกระสอบ.
กระจูด	๒๕๖๙	ไม้ล้มลุกชนิด Lepironia articulata (Retz.) Domin ในวงศ์ Cyperaceae ลําต้นกลม ภายในกลวง และมีเยื่ออ่อนหยุ่นคั่นเป็นข้อ ๆ ใช้สานเสื่อหรือกระสอบ. (เทียบ ม. kerchut).
กระจู้	๒๕๔๒	น. เครื่องดักปลาไหลชนิดหนึ่ง สานด้วยไม้ไผ่ รูปคล้ายหม้อคอสูง มีงาแซงอยู่ริมก้น ห้อยเหยื่อไว้ภายใน, เรียกว่า อีจู้ หรือ จู้ ก็มี.
กระจู้	๒๕๕๔	เครื่องดักปลาไหลชนิดหนึ่ง สานด้วยไม้ไผ่ รูปคล้ายหม้อคอสูง มีงาแซงอยู่ริมก้น ห้อยเหยื่อไว้ภายใน, จู้ หรือ อีจู้ ก็เรียก.
กระจู้	๒๕๖๙	เครื่องดักปลาไหลชนิดหนึ่ง สานด้วยไม้ไผ่ รูปคล้ายหม้อคอสูง มีงาแซงอยู่ริมก้น ห้อยเหยื่อไว้ภายใน, อีจู้ หรือ จู้ ก็ว่า.
กระจู๋กระจี๋	๒๕๔๒	ก. พูดกันเบา ๆ ด้วยอาการสนิทสนม, จู๋จี๋ ก็ว่า.<2t>ว. อาการที่พูดกันเบา ๆ ด้วยความสนิทสนม,จู๋จี๋ ก็ว่า.
กระจู๋กระจี๋	๒๕๕๔	พูดกันเบา ๆ ด้วยอาการสนิทสนม, จู๋จี๋ ก็ว่า.
กระจู๋กระจี๋	๒๕๖๙	พูดกันเบา ๆ ด้วยอาการสนิทสนม เช่น หนุ่มสาวคู่นี้กระจู๋กระจี๋กัน , ใช้เป็นคำวิเศษณ์ก็ได้ เช่น สองคนนี้คุยกันกระจู๋กระจี๋ , จู๋จี๋ ก็ว่า.
กระจ่า	๒๕๔๒	น. เครื่องใช้ตักแกงหรือตักข้าว ทําด้วยกะลามะพร้าว มีด้ามถือ, จวัก จ่า หรือ ตวัก ก็ว่า.
กระจ่า	๒๕๕๔	เครื่องใช้ตักแกงหรือตักข้าว ทำด้วยกะลามะพร้าว มีด้ามถือ, จวัก จ่า หรือ ตวัก ก็ว่า.
กระจ่า	๒๕๖๙	เครื่องใช้ตักแกงหรือตักข้าว ทําด้วยกะลามะพร้าว มีด้ามถือ, จวัก จ่า หรือ ตวัก ก็ว่า.
กระจ่าง	๒๕๔๒	ก. สว่าง, สุกใส, ชัดเจน, แจ่ม.
กระจ่าง	๒๕๕๔	สว่าง, สุกใส, ชัดเจน, แจ่ม.
กระจ่าง	๒๕๖๙	สว่าง, สุกใส, ชัดเจน, แจ่ม.
กระจ้อน	๒๕๔๒	น. ชื่อสัตว์เลี้ยงลูกด้วยนมชนิด Menetes berdmorei ในวงศ์ Sciuridae เป็นสัตว์จำพวกกระรอก ตัวสีนํ้าตาล มีลายสีดําและนํ้าตาลอ่อนตามยาวข้าง&#160;ๆ ตัว หางเป็นพวง วิ่งหากินตามพื้นดิน.
กระจ้อน	๒๕๕๔	ชื่อกระรอกชนิด Menetes berdmorei (Blyth) ในวงศ์ Sciuridae ขนสีนํ้าตาล มีลายสีดำและนํ้าตาลอ่อนตามยาวข้าง ๆ ตัว หางเป็นพวง มักวิ่งหากินตามพื้นดิน, จ้อน ก็เรียก.
กระจ้อน	๒๕๖๙	กระรอกชนิด Menetes berdmorei (Blyth) วงศ์ Sciuridae ขนสีนํ้าตาล มีลายสีดําและนํ้าตาลอ่อนตามยาวข้าง ๆ ตัว หางเป็นพวง มักวิ่งหากินตามพื้นดิน, จ้อน ก็ว่า.
กระจ้อย	๒๕๔๒	ว. จ้อย, เล็กน้อย, เช่น เดินร่อยเรี่ยงามตรู<2t>กระจ้อย. (ประพาสธารทองแดง).
กระจ้อย	๒๕๕๔	จ้อย, เล็ก, น้อย, เช่น เดินร่อยเรี่ยงามตรูกระจ้อย
กระจ้อย	๒๕๖๙	จ้อย, เล็กน้อย.
กระจ้อยร่อย	๒๕๔๒	ว. จ้อย, น้อย ๆ, เล็กนิด.
กระจ้อยร่อย	๒๕๕๔	จ้อย, น้อย ๆ, เล็กนิด.
กระจ้อยร่อย	๒๕๖๙	น้อย ๆ, เล็กมาก.
กระจ๋องหง่อง	๒๕๕๔	ซึมเซา, หงอยเหงา.
กระจ๋อหวอ	๒๕๔๒	(ปาก) ก. เปิด, โจ่งแจ้ง.
กระจ๋อหวอ	๒๕๕๔	เปิด, โจ่งแจ้ง.
กระจ๋อหวอ	๒๕๖๙	(ปาก) เปิด, โจ่งแจ้ง.
กระฉง	๒๕๔๒	น. ชื่อแมลงประเภทมวนพวกหนึ่ง ดูดกินเมล็ดอ่อนบนรวงข้าว ทําให้ข้าวลีบ ลําตัวแคบยาวประมาณ ๑.๕ เซนติเมตร สีนํ้าตาล, ในสกุล Leptocorisa วงศ์ Alydidae มี ๕-๖ ชนิดด้วยกัน ที่สําคัญ ได้แก่ ชนิด L. varicornis และชนิด L. acuta, ฉง สิง หรือ สิงห์ ก็เรียก.
กระฉง	๒๕๕๔	ดู สิง ๓.
กระฉง	๒๕๖๙	แมลงกระฉง. (ดู แมลงสิง).
กระฉอก	๒๕๔๒	ก. อาการที่ของเหลวเช่นนํ้าเป็นต้นในภาชนะกระเพื่อมอย่างแรงเพราะความสั่นสะเทือน.<2t>ว. แหว่ง, เว้า, (ใช้กับลักษณะของผม), ฉอก ก็เรียก.
กระฉอก	๒๕๕๔	อาการที่ของเหลวเช่นนํ้าเป็นต้นกระเพื่อมอย่างแรงหรือล้นหกเพราะความสั่นสะเทือน, (ปาก) กระดอนหรือกระเด้ง เช่น ลูกบอลกระฉอกออกจากมือผู้รักษาประตู.
กระฉอก	๒๕๖๙	อาการที่ของเหลวเช่นนํ้าเป็นต้นกระเพื่อมอย่างแรงหรือล้นหกเพราะความสั่นสะเทือน.
กระฉอกกระแฉก	๒๕๔๒	(ปาก) ก. กระฉอก, กระเพื่อมออกมา.
กระฉอกกระแฉก	๒๕๕๔	กระฉอก, กระเพื่อมออกมา.
กระฉอกกระแฉก	๒๕๖๙	(ปาก) กระฉอก, กระเพื่อมออกมา.
กระฉับกระเฉง	๒๕๔๒	ว. คล่องแคล่ว, กระปรี้กระเปร่าเหมาะแก่การ, ตรงข้ามกับ เงื่องหงอย, เฉื่อยชา.
กระฉับกระเฉง	๒๕๕๔	คล่องแคล่ว, ทะมัดทะแมง.
กระฉับกระเฉง	๒๕๖๙	คล่องแคล่ว, ทะมัดทะแมง, เช่น หัวหน้างานนี้กระฉับกระเฉง , ใช้เป็นคำวิเศษณ์ก็ได้ เช่น หมู่นี้เขาทำงานกระฉับกระเฉงขึ้นมาก.
กระฉิ่ง	๒๕๔๒	น. เครื่องเข้ากระบวนแห่ของหลวงชนิดหนึ่ง. (ดู กรรชิง).
กระฉิ่ง	๒๕๕๔	ดู กรรชิง.
กระฉิ่ง	๒๕๖๙	ดู กรรชิง.
กระฉีก	๒๕๔๒	น. ของหวานทําด้วยมะพร้าวทึนทึกขูด กวนกับนํ้าตาลปึกให้เข้ากัน อบด้วยควันเทียนให้หอม ใช้เป็นไส้หรือหน้าขนม เรียกว่า หน้ากระฉีก เช่น ขนมใส่ไส้ มีไส้เป็นหน้ากระฉีก ข้าวเหนียวหน้ากระฉีก.
กระฉีก	๒๕๕๔	ของหวานทำด้วยมะพร้าวทึนทึกขูด กวนกับนํ้าตาลปึกให้เข้ากันจนเหนียว อบด้วยควันเทียนอบให้หอม ใช้เป็นไส้หรือหน้าขนม เรียกว่า หน้ากระฉีก เช่น ขนมใส่ไส้มีไส้เป็นหน้ากระฉีก ข้าวเหนียวหน้ากระฉีก.
กระฉีก	๒๕๖๙	ของหวานทําด้วยมะพร้าวทึนทึกขูด กวนกับนํ้าตาลปึกให้เข้ากันจนเหนียว อบด้วยควันเทียนให้หอม ใช้เป็นไส้หรือหน้าขนม เรียกว่า หน้ากระฉีก เช่น ขนมใส่ไส้ มีไส้เป็นหน้ากระฉีก, ข้าวเหนียวหน้ากระฉีก.
กระฉูด	๒๕๔๒	ก. พุ่งออกโดยแรง (ใช้แก่ของเหลว) เช่น น้ำกระฉูด; ไสไปโดยแรง เช่น ช้างกระฉูดเท้า. (เทียบ ข. กญฺฌูส ว่า เตะดิน, ตะกุยดิน, เตะไสดินให้ฝุ่นฟุ้ง).
กระฉูด	๒๕๕๔	พุ่งออกโดยแรง (ใช้แก่ของเหลว) เช่น น้ำกระฉูด
กระฉูด	๒๕๖๙	พุ่งออกโดยแรง (ใช้แก่ของเหลว) เช่น น้ำกระฉูด .
กระฉ่อน	๒๕๔๒	ว. อื้อฉาว, แพร่สนั่นไป, อึงไปทั่ว.
กระฉ่อน	๒๕๕๔	แพร่สนั่นไป, อึงไปทั่ว, อื้อฉาว.
กระฉ่อน	๒๕๖๙	แพร่สนั่นไป, อึงไปทั่ว, อื้อฉาว, เช่น ข่าวของเขากระฉ่อนไปไกล , ใช้เป็นคำวิเศษณ์ก็ได้ เช่น เรื่องลือกันกระฉ่อนไป.
กระชง	๒๕๔๒	(โบ) ว. งง, ชะงัก, ประหม่า, เช่น นอนกระชงใจคราง ครั่นแค้น. (นิ. ตรัง), ภาษาถิ่นปักษ์ใต้ใช้ว่า ชง.
กระชง	๒๕๕๔	งง, ชะงัก, ประหม่า, เช่น นอนกระชงใจคราง ครั่นแค้น
กระชง	๒๕๖๙	(วรรณ) งง, ชะงัก, ประหม่า, เช่น นอนกระชงใจคราง ครั่นแค้น (นิ. ตรัง).
กระชดกระช้อย	๒๕๔๒	ว. ชดช้อย.
กระชดกระช้อย	๒๕๕๔	ชดช้อย.
กระชดกระช้อย	๒๕๖๙	ชดช้อย.
กระชวย	๒๕๔๒	ใช้เข้าคู่กับคํา กระชุ่ม เป็น กระชุ่มกระชวย.
กระชอก	๒๕๔๒	(โบ; กลอน) ก. กระฉอก เช่น กระชอกชอกชล กระมลมลมาลย์. (ประชุมหนังสือเก่า ภาค ๒). (ไทยเหนือ ซอก ว่า ตำ, กระทุ้ง).
กระชอก	๒๕๕๔	กระฉอก เช่น กระชอกชอกชล กระมลมลมาลย์ (ประชุมหนังสือเก่า ภาค ๒).
กระชอก	๒๕๖๙	(วรรณ) กระฉอก เช่น กระชอกชอกชล กระมลมลมาลย์ (ประชุมหนังสือเก่า ภาค ๒). (ไทยเหนือ ซอก ว่า ตำ, กระทุ้ง).
กระชอน	๒๕๔๒	น. เครื่องกรอง โดยปรกติสานด้วยผิวไม้ไผ่ ใช้กรองกะทิเป็นต้น.
กระชอน	๒๕๕๔	เครื่องกรอง โดยปรกติสานด้วยผิวไม้ไผ่ ใช้กรองกะทิเป็นต้น.
กระชอน	๒๕๖๙	เครื่องกรอง มักสานด้วยผิวไม้ไผ่ ใช้กรองกะทิเป็นต้น.
กระชอม	๒๕๔๒	(โบ) ว. มาก, ใหญ่, เช่น ผักกาดกองกระชอมก็มี. (ม. คําหลวง มหาพน).
กระชอม	๒๕๕๔	มาก, ใหญ่, เช่น ผักกาดกองกระชอมก็มี (ม. คำหลวง มหาพน).
กระชอม	๒๕๖๙	(วรรณ) มาก, ใหญ่, เช่น ผักกาดกองกระชอมก็มี (ม. คําหลวง มหาพน).
กระชอมดอก	๒๕๔๒	น. ดอกไม้เพศผู้ของพรรณไม้เลื้อย เช่น ฟักทอง บวบ ซึ่งเรียกกันว่า ดอกถวายพระ.
กระชอมดอก	๒๕๕๔	ดอกเพศผู้ของพรรณไม้เลื้อย เช่น ฟักทอง บวบ ซึ่งเรียกกันว่า ดอกถวายพระ.
กระชอมดอก	๒๕๖๙	ดอกเพศผู้ของพรรณไม้เลื้อย เช่น ฟักทอง บวบ, ดอกถวายพระ ก็ว่า.
กระชัง	๒๕๔๒	น. บังสาดที่ปิดและเปิดได้. (เทียบ ช. กระรันชัง = กระจาด).
กระชัง	๒๕๕๔	บังสาดที่ปิดและเปิดได้.
กระชัง	๒๕๖๙	บังสาดที่ปิดและเปิดได้.
กระชังก้นรั่ว	๒๕๕๔	ดู กระเชอก้นรั่ว.
กระชังหน้าใหญ่	๒๕๔๒	(สํา) ว. จัดจ้าน, ออกหน้ารับเสียเอง, เช่น แม่กระชังหน้าใหญ่.
กระชังหน้าใหญ่	๒๕๕๔	จัดจ้าน, ออกหน้ารับเสียเอง, เช่น แม่กระชังหน้าใหญ่.
กระชังหน้าใหญ่	๒๕๖๙	(สำ) ออกหน้า, แสดงตัวเพื่อเอาหน้า.
กระชับ	๒๕๔๒	น. ชื่อไม้ล้มลุกชนิด Xanthium strumarium L. ในวงศ์ Compositae มักขึ้นเป็นวัชพืชในทุ่งนาและริมนํ้า ลําต้นและใบคาย ใบมนเว้า ขอบจัก โคนใบแหลม ดอกเล็กรวมเป็นกระจุก ผลรี ยาวประมาณ ๑ เซนติเมตร มีหนามปลายงอทั่วทั้งผล รากหอมอ่อน&#160;ๆ ใช้อบผ้าได้ บางส่วนของไม้นี้ใช้เป็นยาได้ แต่ทั้งต้นเป็นพิษต่อปศุสัตว์, ขี้ครอก หรือ ขี้อ้น ก็เรียก.
กระชับ	๒๕๕๔	ชื่อไม้ล้มลุกชนิด Xanthium indicum K. Koenig ex Roxb. ในวงศ์ Compositae มักขึ้นเป็นวัชพืชในทุ่งนาและริมนํ้า ลำต้นและใบคาย ใบมนเว้า ขอบจัก โคนใบแหลม ดอกเล็กรวมเป็นกระจุกแน่น ผลรี ยาวประมาณ ๑ เซนติเมตร มีหนามปลายงอทั่วทั้งผล รากหอมอ่อน ๆ ใช้อบผ้าได้ บางส่วนของไม้นี้ใช้เป็นยาได้ แต่ทั้งต้นเป็นพิษต่อปศุสัตว์, ขี้ครอก หรือ ขี้อ้น ก็เรียก.
กระชับ	๒๕๖๙	ไม้ล้มลุกชนิด Xanthium strumarium L. ชื่อพ้อง Xanthium indicum J. Koenig ex Roxb. ในวงศ์ Asteraceae (Compositae) มักขึ้นเป็นวัชพืชในทุ่งนาและริมนํ้า ลำต้นและใบคาย ใบมนเว้า ขอบจัก โคนใบแหลม ดอกเล็กรวมเป็นกระจุกแน่น ผลรี ยาวประมาณ ๑ เซนติเมตร มีหนามปลายงอทั่วทั้งผล รากหอมอ่อน ๆ ใช้อบผ้าได้ บางส่วนของไม้นี้ใช้เป็นยาได้ แต่ทั้งต้นเป็นพิษต่อปศุสัตว์, ขี้ครอก หรือ ขี้อ้น ก็ว่า.
กระชั้น	๒๕๔๒	ว. ใกล้ชิด (เข้ามา) (ใช้แก่เวลาหรือเหตุการณ์) เช่น เวลากระชั้นเข้ามา ขี่ม้าขับกระชั้นมา, เร่งเข้า เช่น ไก่ขันกระชั้นเสียง, นิยมใช้เข้าคู่กับคํา กระโชก เป็น กระโชกกระชั้น.
กระชั้น	๒๕๕๔	ใกล้ชิด (เข้ามา) (ใช้แก่เวลาหรือเหตุการณ์) เช่น เวลากระชั้นเข้ามา ขี่ม้าขับกระชั้นมา, เร่งเข้า เช่น ไก่ขันกระชั้นเสียง, นิยมใช้เข้าคู่กับคำ กระโชก เป็น กระโชกกระชั้น.
กระชั้น	๒๕๖๙	ใกล้เข้ามา (ใช้แก่เวลาหรือเหตุการณ์) เช่น เวลากระชั้นเข้ามา, ใช้เป็นคำวิเศษณ์ก็ได้ เช่น ขี่ม้าขับกระชั้นมา , เร่งเข้า เช่น ไก่ขันกระชั้นเสียง , อาจใช้คู่กับคํา กระโชก เป็น กระโชกกระชั้น.
กระชาก	๒๕๔๒	ก. ฉุดโดยแรง, กระตุกโดยแรง, ชักเข้ามาโดยเร็วและแรง, โดยปริยายหมายความว่า พูดกระตุกเสียงดังห้วน ๆ เช่น พูดกระชากเสียง, นิยมใช้เข้าคู่กับคํา กระโชก เป็น กระโชกกระชาก.
กระชาก	๒๕๕๔	ดึงเข้ามาโดยเร็วและแรง เช่น กระชากผม, โดยปริยายหมายความว่า กระตุกโดยแรง เช่น ออกรถกระชาก, พูดกระแทกเสียงดังห้วน ๆ ในความว่า พูดกระชากเสียง, มักใช้เข้าคู่กับคำ กระโชก เป็น กระโชกกระชาก.
กระชาก	๒๕๖๙	ดึงเข้ามาโดยเร็วและแรง เช่น กระชากผม , กระตุกโดยแรง เช่น รถกระชาก .
กระชาย	๒๕๔๒	น. ชื่อไม้ล้มลุกชนิด Boesenbergia rotunda (L.) Mansf. ในวงศ์ Zingiberaceae สูงประมาณ ๖๐ เซนติเมตร มีลําต้นอยู่ใต้ดินเป็นหัวกลม&#160;ๆ มีรากสะสมอาหาร ซึ่งเรียวยาว อวบนํ้า ออกเป็นกระจุก ใช้เป็นผักและเป็นเครื่องปรุงประกอบอาหาร, พายัพเรียก กะแอน หรือ ละแอน.
กระชาย	๒๕๕๔	ชื่อไม้ล้มลุกชนิด Boesenbergia rotunda (L.) Mansf. ในวงศ์ Zingiberaceae สูงประมาณ ๖๐ เซนติเมตร มีลำต้นอยู่ใต้ดินเป็นหัวกลม ๆ มีรากสะสมอาหาร ซึ่งเรียวยาว อวบนํ้า ออกเป็นกระจุก ใช้เป็นผักและเป็นเครื่องปรุงประกอบอาหาร, พายัพเรียก กะแอน หรือ ละแอน.
กระชาย	๒๕๖๙	ไม้ล้มลุกชนิด Boesenbergia rotunda (L.) Mansf. ในวงศ์ Zingiberaceae สูงประมาณ ๖๐ เซนติเมตร มีลําต้นอยู่ใต้ดินเป็นหัวกลม ๆ มีรากสะสมอาหาร ซึ่งเรียวยาว อวบนํ้า ออกเป็นกระจุก ใช้เป็นผักและเป็นเครื่องปรุงประกอบอาหาร.
กระชาเดิม	๒๕๔๒	(โบ) น. ร้านหรือเรือที่ขายเครื่องหอมต่าง&#160;ๆ มีแป้งและนํ้าหอมเป็นต้น.
กระชาเดิม	๒๕๕๔	ร้านหรือเรือที่ขายเครื่องหอมต่าง ๆ มีแป้งและนํ้าหอมเป็นต้น.
กระชาเดิม	๒๕๖๙	(โบ) ร้านหรือเรือที่ขายเครื่องหอมต่าง ๆ มีแป้งและนํ้าหอมเป็นต้น.
กระชิง	๒๕๔๒	น. เครื่องเข้ากระบวนแห่ของหลวงชนิดหนึ่ง เช่น กระชิงหุ้มผ้าแดงได้แต่หลานหลวงอยู่ในวัง อยู่นอกวังกระชิงหุ้มผ้าขาวเลว. (กฎมนเทียรบาล). (ดู กรรชิง).
กระชิง	๒๕๕๔	ดู กรรชิง.
กระชิง	๒๕๖๙	ดู กรรชิง .
กระชิด	๒๕๔๒	ว. ชิดทีเดียว เช่น ว่องไวไล่กระชิดติดพัน. (รามเกียรติ์ ร. ๒).
กระชิด	๒๕๕๔	ชิดทีเดียว เช่น ว่องไวไล่กระชิดติดพัน
กระชิด	๒๕๖๙	(วรรณ) ชิดทีเดียว เช่น ว่องไวไล่กระชิดติดพัน (รามเกียรติ์ ร. ๒).
กระชุ	๒๕๔๒	น. ภาชนะสานรูปกลมสูง สําหรับบรรจุของ เช่นนุ่นหรือถ่าน, กระชุก ก็ว่า.
กระชุ	๒๕๕๔	ภาชนะสานรูปทรงกระบอก สำหรับบรรจุของเช่นนุ่นหรือถ่าน, กระชุก ก็ว่า.
กระชุ	๒๕๖๙	ภาชนะสานรูปทรงกระบอก สําหรับบรรจุของเช่นนุ่นหรือถ่าน, กระชุก ก็ว่า.
กระชุก	๒๕๔๒	น. ภาชนะสานรูปกลมสูง สําหรับบรรจุของเช่นนุ่นหรือถ่าน, กระชุ ก็ว่า; อัตราตวงของโบราณ มีพิกัดเท่ากับ ๕ สัด, และ ๔ กระชุก เป็น ๑ ตะลอง.
กระชุก	๒๕๕๔	ดู กระชุ.
กระชุก	๒๕๖๙	ดู กระชุ.
กระชุน	๒๕๔๒	ดู กระทุน.
กระชุน	๒๕๕๔	ดู กะทุน.
กระชุน	๒๕๖๙	ดู กะทุน.
กระชุ่มกระชวย	๒๕๔๒	ว. มีผิวพรรณสดใสหรือมีอาการกระปรี้กระเปร่า.
กระชุ่มกระชวย	๒๕๕๔	มีอาการกระปรี้กระเปร่า.
กระชุ่มกระชวย	๒๕๖๙	มีอาการกระปรี้กระเปร่า เช่น วันนี้ฉันกระชุ่มกระชวยกว่าทุกวัน , ใช้เป็นคำวิเศษณ์ก็ได้ เช่น เขาดูกระชุ่มกระชวยขึ้น.
กระช่าง	๒๕๔๒	(โบ) ว. กระจ่าง เช่น เวหาเห็นกระช่าง. (ม. คําหลวง กุมาร), กระซ่าง ก็ว่า.
กระช่าง	๒๕๕๔	กระจ่าง เช่น เวหาเห็นกระช่าง (ม. คำหลวง กุมาร), กระซ่าง ก็ว่า.
กระช่าง	๒๕๖๙	(วรรณ) กระจ่าง เช่น เวหาเห็นกระช่าง (ม. คําหลวง กุมาร), กระซ่าง ก็ว่า.
กระช้อย	๒๕๔๒	ว. ชดช้อย เช่น ดูเราะรายเรียบร้อยกระช้อยชด. (นิ. เดือน), และใช้เข้าคู่กับคํา กระชด เป็น กระชดกระช้อย.
กระช้อย	๒๕๕๔	ชดช้อย เช่น ดูเราะรายเรียบร้อยกระช้อยชด (นิ. เดือน), และใช้เข้าคู่กับคำ กระชด เป็น กระชดกระช้อย.
กระช้อย	๒๕๖๙	(วรรณ) ชดช้อย เช่น ดูเราะรายเรียบร้อยกระช้อยชด (นิ. เดือน), ใช้คู่กับคํา กระชด เป็น กระชดกระช้อย.
กระช้อยนางรำ	๒๕๔๒	น. ชื่อไม้พุ่มชนิด Codariocalyx motorius Ohashi ในวงศ์ Leguminosae ใบเป็นใบประกอบ มีใบย่อย ๓ ใบ ใบคู่ล่างเล็กกว่าและกระดิกไหวไปมาได้, ช้อยนางรํา ช้อยช่างรํา หรือ นางรํา ก็เรียก.
กระช้อยนางรำ	๒๕๕๔	ชื่อไม้พุ่มชนิด Codariocalyx motorius (Houtt.) H. Ohashi ในวงศ์ Leguminosae ใบเป็นใบประกอบ มีใบย่อย ๓ ใบ ใบคู่ล่างเล็กกว่าและกระดิกไหวไปมาได้, ช้อยนางรำ ช้อยช่างรำ หรือ นางรำ ก็เรียก.
กระช้อยนางรำ	๒๕๖๙	ไม้พุ่มชนิด Codariocalyx motorius (Houtt.) H. Ohashi ในวงศ์ Fabaceae (Leguminosae) ใบเป็นใบประกอบ มีใบย่อย ๓ ใบ ใบคู่ล่างเล็กกว่าและกระดิกไหวไปมาได้, ช้อยนางรํา ช้อยช่างรํา หรือ นางรํา ก็ว่า.
กระซวย	๒๕๔๒	(ถิ่น) น. กรวย เช่น กระซวยหมากพลู.
กระซวย	๒๕๕๔	กรวย เช่น กระซวยหมากพลู.
กระซับ	๒๕๔๒	น. ชื่อพนักงานพวกหนึ่งในเรือเดินทะเล มีหน้าที่รักษาพัสดุตลอดจนสินค้าทั่วไปในระวางเรือด้วย เรียกเต็มว่า กระซับปากเรือ.
กระซับ	๒๕๕๔	ชื่อพนักงานพวกหนึ่งในเรือเดินทะเล มีหน้าที่รักษาพัสดุตลอดจนสินค้าทั่วไปในระวางเรือด้วย เรียกเต็มว่า กระซับปากเรือ.
กระซับ	๒๕๖๙	พนักงานพวกหนึ่งในเรือเดินทะเล มีหน้าที่รักษาพัสดุตลอดจนสินค้าทั่วไปในระวางเรือด้วย เรียกเต็มว่า กระซับปากเรือ. (ม. kasab).
กระซาบ	๒๕๔๒	(กลอน) ก. พูดเบา&#160;ๆ เช่น ค่อยกระซาบคําเกลี้ยง. (ลอ), นิยมใช้เข้าคู่กับคํา กระซิบ เป็น กระซิบกระซาบ.
กระซาบ	๒๕๕๔	พูดเบาๆ เช่น ค่อยกระซาบคำเกลี้ยง (ลอ), นิยมใช้เข้าคู่กับคำ กระซิบ เป็น กระซิบกระซาบ.
กระซาบ	๒๕๖๙	(วรรณ) พูดเบา ๆ เช่น ค่อยกระซาบคําเกลี้ยง (ลอ), มักใช้คู่กับคํา กระซิบ เป็น กระซิบกระซาบ.
กระซิก	๒๕๔๒	ก. ค่อยเบียดเข้าไป.
กระซิก	๒๕๕๔	ค่อยเบียดเข้าไป.
กระซิก	๒๕๖๙	ค่อยเบียดเข้าไป.
กระซิก ๆ	๒๕๔๒	ว. อาการที่ร้องไห้ค่อย&#160;ๆ.
กระซิก ๆ	๒๕๖๙	อาการที่ร้องไห้ค่อย ๆ.
กระซิกกระซวย	๒๕๔๒	ก. ค่อยกระแซะเข้าไป เช่น เจ้าก็ระรี่ระริกกระซิกกระซวย. (ม. ร่ายยาว ชูชก).
กระซิกกระซวย	๒๕๕๔	ค่อยกระแซะเข้าไป เช่น เจ้าก็ระรี่ระริกกระซิกกระซวย (ม. ร่ายยาว ชูชก).
กระซิกกระซวย	๒๕๖๙	(วรรณ) ค่อยกระแซะเข้าไป เช่น เจ้าก็ระรี่ระริกกระซิกกระซวย (ม. ร่ายยาว ชูชก).
กระซิกกระซี้	๒๕๔๒	ก. หัวเราะเย้าหยอกกัน, ระริก, ซิกซี้ ก็ว่า.
กระซิกกระซี้	๒๕๕๔	หัวเราะเย้าหยอกกัน, ระริก, ซิกซี้ ก็ว่า.
กระซิกกระซี้	๒๕๖๙	หัวเราะเย้าหยอกกัน, ระริก, ซิกซี้ ก็ว่า.
กระซิกๆ	๒๕๕๔	อาการที่ร้องไห้ค่อยๆ.
กระซิบ	๒๕๔๒	ก. พูดเสียงเบา&#160;ๆ เพื่อไม่ให้ผู้อื่นได้ยิน, นิยมใช้เข้าคู่กับคํา กระซุบ เป็น กระซุบกระซิบ.
กระซิบ	๒๕๕๔	พูดเสียงเบา ๆ เพื่อไม่ให้ผู้อื่นได้ยิน, นิยมใช้เข้าคู่กับคำ กระซุบ เป็น กระซุบกระซิบ.
กระซิบ	๒๕๖๙	พูดเสียงเบา ๆ ทำให้ผู้อื่นไม่ค่อยได้ยิน, พูดกันเสียงเบา ๆ เพื่อไม่ให้ผู้อื่นได้ยิน.
กระซิบกระซาบ	๒๕๔๒	ก. บอกความหรือคุยกันด้วยเสียงเบา&#160;ๆ เพื่อไม่ให้ผู้อื่นได้ยิน.
กระซิบกระซาบ	๒๕๕๔	บอกความหรือคุยกันด้วยเสียงเบา ๆ เพื่อให้ได้ยินเฉพาะผู้ที่พูดด้วย.
กระซิบกระซาบ	๒๕๖๙	บอกความหรือคุยกันด้วยเสียงเบา ๆ เพื่อให้ได้ยินเฉพาะผู้ที่พูดด้วย.
กระซี้	๒๕๔๒	ใช้เข้าคู่กับคํา กระซิก และ กระเซ้า เป็น กระซิกกระซี้ และ กระเซ้ากระซี้.
กระซี้กระซ้อ	๒๕๔๒	ว. อาการที่พูดสนิทชิดเชื้อเพื่อความเสน่หา.
กระซี้กระซ้อ	๒๕๕๔	อาการที่พูดหรือแสดงความสนิทชิดเชื้อเพื่อประจบเอาใจ.
กระซี้กระซ้อ	๒๕๖๙	อาการที่พูดหรือแสดงความสนิทชิดเชื้อเพื่อประจบเอาใจ.
กระซุง	๒๕๔๒	น. พนักงาน, ตําแหน่ง. (พจน). (เทียบ กระทรวง).
กระซุง	๒๕๕๔	พนักงาน, ตำแหน่ง. (พจน).
กระซุง	๒๕๖๙	(โบ) น. พนักงาน, ตําแหน่ง. (พจน.).
กระซุบกระซิบ	๒๕๔๒	ก. พูดกันเบา&#160;ๆ.
กระซุบกระซิบ	๒๕๕๔	พูดกันเบา ๆ.
กระซุบกระซิบ	๒๕๖๙	ดู ซุบซิบ.
กระซุ้ม	๒๕๔๒	น. ซุ้ม.
กระซุ้ม	๒๕๕๔	ซุ้ม.
กระซุ้ม	๒๕๖๙	ซุ้ม.
กระซู่	๒๕๔๒	น. ชื่อแรดชนิด Dicerorhinus sumatrensis ในวงศ์ Rhinocerotidae มี ๒ นอ ขนดกกว่าแรดชนิดอื่น เป็นแรดขนาดเล็กที่สุด.
กระซู่	๒๕๕๔	ชื่อแรดชนิด Dicerorhinus sumatrensis (Fischer) ในวงศ์ Rhinocerotidae เป็นแรดขนาดเล็กที่สุด มี ๒ นอ ขนดกกว่าแรดชนิดอื่น อาศัยอยู่ในแถบเอเชีย เป็นสัตว์ป่าสงวนของไทย.
กระซู่	๒๕๖๙	แรดชนิด Dicerorhinus sumatrensis (Fischer) วงศ์ Rhinocerotidae เป็นแรดขนาดเล็กที่สุด มี ๒ นอ ขนดกกว่าแรดชนิดอื่น อาศัยอยู่ในแถบเอเชีย เป็นสัตว์ป่าสงวนของไทย.
กระซ่องกระแซ่ง	๒๕๔๒	ว. กระย่องกระแย่ง, ซ่องแซ่ง ก็ว่า.
กระซ่องกระแซ่ง	๒๕๕๔	กระย่องกระแย่ง, ซ่องแซ่ง ก็ว่า.
กระซ่องกระแซ่ง	๒๕๖๙	ดู ซ่องแซ่ง.
กระซ่าง	๒๕๔๒	(โบ) ว. กระจ่าง เช่น กระซ่างฟ้าเห็นกัน. (ม. คําหลวง สักบรรพ), กระช่าง ก็ว่า.
กระซ่าง	๒๕๕๔	กระจ่าง เช่น กระซ่างฟ้าเห็นกัน (ม. คำหลวง สักบรรพ), กระช่าง ก็ว่า.
กระซ่าง	๒๕๖๙	(วรรณ) กระจ่าง เช่น กระซ่างฟ้าเห็นกัน (ม. คําหลวง สักบรรพ), กระช่าง ก็ว่า.
กระซ้อ	๒๕๔๒	ใช้เข้าคู่กับคํา กระซี้ เป็น กระซี้กระซ้อ.
กระฎี	๒๕๔๒	น. เรือนหรือตึกสำหรับพระภิกษุสามเณรอยู่. (แผลงมาจาก กุฎี).
กระฎี	๒๕๕๔	เรือนหรือตึกสำหรับพระภิกษุสามเณรอยู่.
กระฎี	๒๕๖๙	เรือนหรือตึกสำหรับพระภิกษุสามเณรอยู่. (แผลงมาจาก กุฎี).
กระฎุมพี	๒๕๔๒	น. ชนชั้นตํ่า, นิยมใช้เข้าคู่กับคำ ไพร่ เป็น ไพร่กระฎุมพี. (ป. กุฎุมฺพิก ว่า คนมั่งมี).
กระฎุมพี	๒๕๕๔	คนมั่งมี, พ่อเรือน, มักนิยมใช้เข้าคู่กับคำ ไพร่ เป็น ไพร่กระฎุมพี หมายความว่า ชนชั้นต่ำ.
กระฎุมพี	๒๕๖๙	คนมั่งมี, พ่อเรือน, มักใช้คู่กับคำ ไพร่ เป็น ไพร่กระฎุมพี หมายความว่า ชนชั้นต่ำ. (ป. กุฏุมฺพิก ว่า คนมั่งมี; ส. กุฏุมฺพินฺ ว่า เจ้าบ้าน ผู้ครองเรือน คนใช้ในบ้าน).
กระดก	๒๕๔๒	ก. ทําให้ปลายข้างหนึ่งยกสูงขึ้น, เผยอขึ้นข้างหนึ่ง.
กระดก	๒๕๕๔	ทำให้ปลายข้างหนึ่งยกสูงขึ้น, เผยอขึ้นข้างหนึ่ง.
กระดก	๒๕๖๙	ทําให้ปลายข้างหนึ่งยกสูงขึ้น, เผยอขึ้นข้างหนึ่ง.
กระดกกระดนโด่	๒๕๔๒	(ปาก) ก. ตั้งอยู่อย่างไม่เรียบร้อย, ท่าทางเก้กังไม่เรียบร้อย.
กระดกกระดนโด่	๒๕๕๔	ตั้งอยู่อย่างไม่เรียบร้อย, ท่าทางเก้งก้างไม่เรียบร้อย.
กระดกกระดนโด่	๒๕๖๙	(ปาก) ตั้งอยู่อย่างไม่เรียบร้อย, ท่าทางเก้งก้างไม่เรียบร้อย.
กระดนโด่	๒๕๔๒	ใช้เข้าคู่กับคํา กระดก เป็น กระดกกระดนโด่.
กระดวง	๒๕๔๒	(ปาก; เพี้ยนมาจาก กราดวง) น. ลูกมะพร้าวทุยที่ตัดครึ่งท่อน สําหรับถูพื้นบ้านหรือหวีด้ายทอหูก.
กระดวง	๒๕๕๔	ลูกมะพร้าวทุยที่ตัดครึ่งท่อน สำหรับถูพื้นบ้านหรือหวีด้ายทอหูก. (ข. ฎูง ว่า มะพร้าว)
กระดวง	๒๕๖๙	(ปาก) ลูกมะพร้าวทุยที่ตัดครึ่งท่อน สําหรับถูพื้นบ้านหรือหวีด้ายทอหูก. (เลือนมาจาก กราดวง; ข. ฎูง ว่า มะพร้าว).
กระดวน	๒๕๔๒	(ปาก; เพี้ยนมาจาก ประดวน) ก. ยอน, แยง.
กระดวน	๒๕๕๔	ยอน, แยง.
กระดวน	๒๕๖๙	(ปาก) ยอน, แยง. (เลือนมาจาก ประดวน).
กระดอ	๒๕๔๒	น. อวัยวะสืบพันธุ์ของชายหรือสัตว์เพศผู้บางชนิด.
กระดอ	๒๕๕๔	อวัยวะสืบพันธุ์ของชายหรือสัตว์เพศผู้บางชนิด.
กระดอ	๒๕๖๙	อวัยวะสืบพันธุ์ของชายหรือสัตว์เพศผู้บางชนิด.
กระดอง	๒๕๔๒	น. ส่วนแข็งที่หุ้มตัวสัตว์บางชนิดเช่น เต่า ปู หรือแมงดาทะเล. (ทางเหนือว่า ออง).
กระดอง	๒๕๕๔	ส่วนแข็งที่หุ้มสัตว์บางชนิดเช่น เต่า ปู หรือแมงดาทะเล, พายัพว่า ออง.
กระดอง	๒๕๖๙	ส่วนแข็งที่หุ้มสัตว์บางชนิดเช่นเต่า ปู แมงดาทะเล.
กระดองหาย	๒๕๔๒	น. ไม้สําหรับสงฟางในเวลานวดข้าว เช่นด่าตีกันด้วยเคียวไม้กระตักและไม้กระดองหาย. (ลักษณะธรรมนูญ), ดอง ดองหาย ดองฉาย ขอฉาย หรือ คันฉาย ก็เรียก.
กระดองหาย	๒๕๕๔	ไม้สำหรับสงฟางในเวลานวดข้าว เช่น ด่าตีกันด้วยเคียวไม้กระตักและไม้กระดองหาย (ลักษณะธรรมนูญ), ดอง ดองหาย ดองฉาย ขอฉาย หรือ คันฉาย ก็เรียก.
กระดองหาย	๒๕๖๙	ไม้สําหรับสงฟางในเวลานวดข้าว, ดอง ดองหาย ดองฉาย ขอฉาย หรือ คันฉาย ก็ว่า.
กระดอน	๒๕๔๒	ก. สะท้อนขึ้น.
กระดอน	๒๕๕๔	สะท้อนขึ้น.
กระดอน	๒๕๖๙	สะท้อนขึ้น.
กระดอม	๒๕๔๒	น. ชื่อไม้เถาเนื้ออ่อนชนิด Gymnopetalum cochinchinense (Lour.) Kurz ในวงศ์ Cucurbitaceae เถา ๕ เหลี่ยม มีมือจับ ผล ๑๐ เหลี่ยม สุกสีส้ม มีรสขม ใช้ทํายาได้, ขี้กาดง หรือ ขี้กาเหลี่ยม ก็เรียก.
กระดอม	๒๕๕๔	ชื่อไม้เถาเนื้ออ่อนชนิด Gymnopetalum chinense (Lour.) Merr. ในวงศ์ Cucurbitaceae เถา ๕ เหลี่ยม มีมือจับ ผล ๑๐ เหลี่ยม สุกสีส้ม มีรสขม ใช้ทำยาได้, ขี้กาดง หรือ ขี้กาเหลี่ยม ก็เรียก.
กระดอม	๒๕๖๙	ไม้เถาเนื้ออ่อนชนิด Gymnopetalum chinense (Lour.) Merr. ในวงศ์ Cucurbitaceae เถา ๕ เหลี่ยม มีมือจับ ผล ๑๐ เหลี่ยม สุกสีส้ม มีรสขม ใช้ทํายาได้, ขี้กาดง หรือ ขี้กาเหลี่ยม ก็ว่า.
กระดักกระเดี้ย	๒๕๔๒	ว. ไม่มีแรง, ขยับเขยื้อนไม่ใคร่ได้, เกือบจะหมดกําลังกาย, เช่น เพิ่งหายไข้ใหม่&#160;ๆ จะลุกจะนั่งก็กระดักกระเดี้ย, ไม่ใคร่ไหว เช่น หากินกระดักกระเดี้ย.
กระดักกระเดี้ย	๒๕๕๔	ไม่มีแรง, ขยับเขยื้อนไม่ใคร่ได้, เกือบจะหมดกำลังกาย, เช่น เพิ่งหายไข้ใหม่ๆ จะลุกจะนั่งก็กระดักกระเดี้ย, ไม่ใคร่ไหว เช่น หากินกระดักกระเดี้ย.
กระดักกระเดี้ย	๒๕๖๙	ไม่มีแรง, ขยับเขยื้อนไม่ใคร่ได้, ไม่ใคร่ไหว, เกือบจะหมดกําลังกาย, เช่น เพิ่งหายไข้ใหม่ ๆ จะลุกจะนั่งก็กระดักกระเดี้ย , ใช้เป็นคำวิเศษณ์ก็ได้ เช่น หากินกระดักกระเดี้ย.
กระดังงัว	๒๕๔๒	ดู การเวก ๓.
กระดังงัว	๒๕๕๔	ดู การเวก ๓.
กระดังงัว	๒๕๖๙	ดู การเวก ๓ .
กระดังงา	๒๕๔๒	น. ชื่อไม้ต้นชนิด Cananga odorata (Lam.) Hook.f. et Thomson ในวงศ์ Annonaceae ดอกหอม กลีบบาง มี ๖ กลีบ ดอกใช้กลั่นนํ้ามันหอมได้, กระดังงาใหญ่ สะบันงา หรือ สะบันงาต้น ก็เรียก. (เทียบมลายู canaga, kananga); พรรณไม้ชนิดนี้มีพันธุ์หนึ่งเป็นไม้พุ่ม ดอกมักมีกลีบมากกว่า ๖ กลีบ หอมอ่อน เรียกว่า กระดังงาสงขลา [Cananga odorata Hook.f. et Thomson var. fruticosa (Craib) J. Sinclair].
กระดังงา	๒๕๕๔	ชื่อไม้ต้นชนิด Cananga odorata (Lam.) Hook. f. et Thomson ในวงศ์ Annonaceae ดอกหอม กลีบบาง มี ๖ กลีบ ดอกใช้กลั่นนํ้ามันหอมได้, กระดังงาใหญ่ สะบันงา หรือ สะบันงาต้น ก็เรียก. (เทียบ ม. canaga, kénanga)
กระดังงา	๒๕๖๙	ไม้ต้นชนิด Cananga odorata (Lam.) Hook. f. et Thomson ในวงศ์ Annonaceae ดอกหอม กลีบบาง มี ๖ กลีบ ดอกใช้กลั่นนํ้ามันหอมได้, กระดังงาใหญ่ สะบันงา หรือ สะบันงาต้น ก็ว่า. (เทียบ ม. canaga, kénanga), พรรณไม้ชนิดนี้มีพันธุ์หนึ่งเป็นไม้พุ่ม ดอกมักมีกลีบมากกว่า ๖ กลีบ หอมอ่อน เรียกว่า กระดังงาสงขลา [ Cananga odorata (Lam.) Hook. f. et Thomson var. fruticosa (Craib) J. Sinclair]. (ช. kenanga).
กระดังงาจีน	๒๕๔๒	น. ชื่อไม้เถาเนื้อแข็งชนิด Artabotrys hexapetalus (L.f.) Bhandari ในวงศ์ Annonaceae ดอกหอมจัด กลีบหนา มี ๖ กลีบ ก้านดอกเป็นขอ, สะบันงาจีน ก็เรียก.
กระดังงาจีน	๒๕๕๔	ชื่อไม้เถาเนื้อแข็งชนิด Artabotrys hexapetalus (L. f.) Bhandari ในวงศ์ Annonaceae ดอกหอมจัดตอนเย็น กลีบหนา มี ๖ กลีบ ก้านดอกเป็นขอ, สะบันงาจีน ก็เรียก.
กระดังงาจีน	๒๕๖๙	ไม้เถาเนื้อแข็งชนิด Artabotrys hexapetalus (L. f.) Bhandari ในวงศ์ Annonaceae ดอกหอมจัดตอนเย็น กลีบหนา มี ๖ กลีบ ก้านดอกเป็นขอ, สะบันงาจีน ก็ว่า.
กระดังงาลนไฟ	๒๕๔๒	(สํา) น. หญิงที่เคยแต่งงานหรือผ่านผู้ชายมาแล้ว ย่อมรู้จักชั้นเชิงทางปรนนิบัติและเอาอกเอาใจผู้ชายได้ดีกว่าหญิงที่ยังไม่ได้แต่งงาน.
กระดังงาลนไฟ	๒๕๕๔	หญิงที่เคยแต่งงานหรือผ่านผู้ชายมาแล้ว ย่อมรู้จักชั้นเชิงทางปรนนิบัติและเอาอกเอาใจผู้ชายได้ดีกว่าหญิงที่ยังไม่ได้แต่งงาน.
กระดังงาลนไฟ	๒๕๖๙	(สำ) หญิงที่เคยแต่งงานมาแล้ว รู้จักปรนนิบัติผู้ชายอย่างดี .
กระดังงาเถา	๒๕๔๒	ดู การเวก ๓.
กระดังงาเถา	๒๕๕๔	ดู การเวก ๓.
กระดังงาเถา	๒๕๖๙	ดู การเวก ๓ .
กระดังงาใหญ่	๒๕๖๙	ดู กระดังงา.
กระดาก	๒๕๔๒	ก. รู้สึกขวยเขิน, วางหน้าไม่สนิท, ตะขิดตะขวงใจไม่กล้าพูดหรือไม่กล้าทําเพราะเกรงจะได้รับความอับอาย.
กระดาก	๒๕๕๔	รู้สึกขวยเขิน, วางหน้าไม่สนิท, ตะขิดตะขวงใจไม่กล้าพูดหรือไม่กล้าทำเพราะเกรงจะได้รับความอับอาย.
กระดาก	๒๕๖๙	รู้สึกขวยเขิน, วางหน้าไม่สนิท, ตะขิดตะขวงใจไม่กล้าพูดหรือไม่กล้าทําเพราะเกรงจะได้รับความอับอาย.
กระดากกระเดื่อง	๒๕๔๒	ก. สะทกสะเทิ้น, ขวยเขิน.
กระดากกระเดื่อง	๒๕๕๔	สะทกสะเทิ้น, ขวยเขิน.
กระดากกระเดื่อง	๒๕๖๙	ขวยเขิน, ตะขิดตะขวงใจ.
กระดากปาก	๒๕๕๔	ตะขิดตะขวงใจที่จะพูดในเรื่องที่ไม่ควรพูด.
กระดากปาก	๒๕๖๙	ตะขิดตะขวงใจที่จะพูดในเรื่องที่ไม่ควรพูด.
กระดากลิ้น	๒๕๕๔	ตะขิดตะขวงใจที่จะพูดในเรื่องที่ไม่ควรพูด.
กระดางลาง	๒๕๔๒	ว. มรรยาทหยาบ, สัปดน, เช่น อ้ายเฒ่าแก่กากกลีกระดางลาง ยังมันนี้ใครเขามีบ้างที่เมืองคน. (ม. ร่ายยาว ชูชก).
กระดางลาง	๒๕๕๔	มรรยาทหยาบ, สัปดน, เช่น อ้ายเฒ่าแก่กากกลีกระดางลาง ยังมันนี้ใครเขามีบ้างที่เมืองคน (ม. ร่ายยาว ชูชก).
กระดางลาง	๒๕๖๙	(วรรณ) มรรยาทหยาบ, สัปดน, เช่น อ้ายเฒ่าแก่กากกลีกระดางลาง ยังมันนี้ใครเขามีบ้างที่เมืองคน (ม. ร่ายยาว ชูชก).
กระดาด	๒๕๔๒	น. ชื่อไม้ล้มลุกชนิด Alocasia indica Schott ในวงศ์ Araceae มีหัวใต้ดิน ต้นคล้ายบอนหรือเผือกแต่ใบมีขนาดใหญ่กว่า ก้านใบตอนล่างเป็นกาบสีเขียว ทั้งต้นใช้ทํายา หัวทําให้สุกแล้วกินได้, เผือกกะลา หรือ เผือกโทป้าด ก็เรียก.
กระดาด	๒๕๕๔	ชื่อไม้ล้มลุกชนิด Alocasia macrorrhizos (L.) G. Don ในวงศ์ Araceae มีหัวใต้ดิน ต้นคล้ายบอนหรือเผือกแต่ใบมีขนาดใหญ่กว่า ก้านใบตอนล่างเป็นกาบสีเขียว ทั้งต้นใช้ทำยา หัวทำให้สุกแล้วกินได้, กระดาดขาว ปึมปื้อ เผือกกะลา หรือ เผือกโทป้าด ก็เรียก.
กระดาด	๒๕๖๙	ไม้ล้มลุกชนิด Alocasia macrorrlhizos (L.) G. Don ในวงศ์ Araceae มีหัวใต้ดิน ต้นคล้ายบอนหรือเผือกแต่ใบมีขนาดใหญ่กว่า ก้านใบตอนล่างเป็นกาบสีเขียว ทั้งต้นใช้ทํายา หัวทําให้สุกแล้วกินได้, กระดาดขาว ปึมปื้อ เผือกกะลา หรือ เผือกโทป้าด ก็ว่า.
กระดาดขาว	๒๕๕๔	ดู กระดาด (๑).
กระดาดขาว	๒๕๖๙	ดู กระดาด.
กระดาดดำ	๒๕๔๒	น. ชื่อไม้ล้มลุก ๒ ชนิดในสกุล Alocasia และ Xanthosoma วงศ์ Araceae คือ ชนิด Alocasia macrorrhizos (L.) G. Don ลักษณะคล้ายกระดาด ใบสีเขียวเข้มหรือม่วงดำ ใช้ทํายาได้, ปึมปื้อ หรือ เอาะลาย ก็เรียก; และชนิด Xanthosoma nigrum (Vell.) Mansf. ใบสีเขียวเข้มหรือม่วง โคนใบเว้าลึกคล้ายหัวลูกศร หัว ใบ และก้านกินได้.
กระดาดดำ	๒๕๕๔	ชื่อไม้ล้มลุกชนิด Xanthosoma nigrum (Vell.) Mansf. ในวงศ์ Araceae ลักษณะคล้ายกระดาด [ Alocasia macrorrhizos (L.) G. Don] ใบสีเขียวเข้มหรือม่วง โคนใบเว้าลึกคล้ายหัวลูกศร หัว ใบ และก้านกินได้.
กระดาดดำ	๒๕๖๙	ไม้ล้มลุกชนิด Xanthosoma nigrum (Vell.) Mansf. ในวงศ์ Araceae ลักษณะคล้ายกระดาด [ Alocasia macrorrhizos (L.) G. Don] ใบสีเขียวเข้มหรือม่วง โคนใบเว้าลึกคล้ายหัวลูกศร หัว ใบ และก้านกินได้.
กระดาดแดง	๒๕๔๒	น. ชื่อไม้ล้มลุกชนิด Alocasia indica Schott var. metallica Schott ในวงศ์ Araceae โคนใบเว้าลึกและห่างไม่มาก ก้านใบสีม่วงแดง กาบหุ้มช่อดอกด้านในสีเหลืองหรือม่วงแดง ใช้ทํายาได้.
กระดาดแดง	๒๕๕๔	ชื่อไม้ล้มลุกชนิด Alocasia indica Schott var. metallica Schott ในวงศ์ Araceae โคนใบเว้าลึกและห่างไม่มาก ก้านใบสีม่วงแดง กาบหุ้มช่อดอกด้านในสีเหลืองหรือม่วงแดง ใช้ทำยาได้.
กระดาดแดง	๒๕๖๙	ไม้ล้มลุกชนิด Alocasia indica Schott var. metallica Schott ในวงศ์ Araceae โคนใบเว้าลึกและห่างไม่มาก ก้านใบสีม่วงแดง กาบหุ้มช่อดอกด้านในสีเหลืองหรือม่วงแดง ใช้ทํายาได้.
กระดาน	๒๕๔๒	น. ไม้ซุงที่เลื่อยออกเป็นแผ่น&#160;ๆ; ลักษณนามเรียกการแข่งขันที่เดินบนตากระดานซึ่งถึงที่สุดแล้ว เช่นว่าเล่นหมากรุกชนะ ๒ กระดาน; โดยปริยายหมายถึงสิ่งที่มีลักษณะอย่างกระดาน.
กระดาน	๒๕๕๔	ไม้ซุงที่เลื่อยออกเป็นแผ่นๆ
กระดาน	๒๕๖๙	ไม้ซุงที่เลื่อยออกเป็นแผ่น ๆ.
กระดานชนวน	๒๕๔๒	น. กระดานทําด้วยแผ่นหินชนวนบ้าง ทำด้วยไม้ทาสมุกบ้าง สําหรับเขียนหนังสือ.
กระดานชนวน	๒๕๕๔	แผ่นหินชนวนหน้าเรียบรูปสี่เหลี่ยมผืนผ้า เข้ากรอบไม้ ใช้เขียนด้วยดินสอหินซึ่งทำด้วยหินชนวนตัดและฝนเป็นแท่ง สำหรับฝึกเขียนหนังสือในสมัยก่อน.
กระดานชนวน	๒๕๖๙	แผ่นหินชนวนหน้าเรียบรูปสี่เหลี่ยมผืนผ้า เข้ากรอบไม้ ใช้เขียนด้วยดินสอหินซึ่งทำด้วยหินชนวนตัดและฝนเป็นแท่ง สำหรับฝึกเขียนหนังสือในสมัยก่อน.
กระดานชัย	๒๕๔๒	น. ชื่อการออกถั่วใหญ่ ๓ ครั้งแรก.
กระดานชัย	๒๕๕๔	ชื่อการออกถั่วใหญ่ ๓ ครั้งแรก.
กระดานชัย	๒๕๖๙	การออกถั่วใหญ่ ๓ ครั้งแรกในการเล่นพนัน.
กระดานดำ	๒๕๔๒	น. กระดานใหญ่ มักทาสีดำ ใช้เป็นอุปกรณ์การสอนการเรียน.
กระดานดำ	๒๕๕๔	กระดานใหญ่ทาสีดำหรือสีเขียว ใช้ชอล์กเขียน ใช้เป็นอุปกรณ์การสอน, ภาษาปากว่า กระดาน.
กระดานดำ	๒๕๖๙	กระดานใหญ่ทาสีดำหรือสีเขียว ใช้ชอล์กเขียน ใช้เป็นอุปกรณ์การสอน, กระดาน ก็ว่า.
กระดานถีบ	๒๕๔๒	น. แผ่นกระดานที่ใช้ถีบไปบนเลนเพื่อเก็บหอยปู โดยมากใช้กันในจังหวัดชลบุรี.
กระดานถีบ	๒๕๕๔	แผ่นกระดานที่ใช้วางไปบนเลนแล้วนั่งถีบเพื่อเก็บหอยปู.
กระดานถีบ	๒๕๖๙	แผ่นกระดานที่ใช้วางไปบนเลนแล้วนั่งถีบเพื่อเก็บหอยปู.
กระดานพน	๒๕๔๒	ดู กระเบียน (๒).
กระดานพน	๒๕๕๔	ดู กระเบียน (๒).
กระดานพน	๒๕๖๙	ดู กระเบียน (๒).
กระดานพิง	๒๕๔๒	น. แผ่นสําหรับรับหมอนพิงหลังเช่นใช้ที่ธรรมาสน์.
กระดานพิง	๒๕๕๔	แผ่นสำหรับรับหมอนพิงหลังเช่นใช้ที่ธรรมาสน์.
กระดานพิง	๒๕๖๙	แผ่นสําหรับรับหมอนพิงหลัง ใช้ที่ธรรมาสน์เป็นต้น.
กระดานลื่น	๒๕๔๒	น. เรียกกระดานที่ตั้งสูงทอดตํ่าลงไปด้านหนึ่ง ให้เด็กเล่นโดยนั่งไถลตัวลง, ไม้ลื่น ก็เรียก.
กระดานลื่น	๒๕๕๔	กระดานที่ตั้งสูงทอดตํ่าลงไปด้านหนึ่ง ให้เด็กเล่นโดยนั่งไถลตัวลง, ไม้ลื่น ก็เรียก.
กระดานลื่น	๒๕๖๙	กระดานที่ตั้งสูงทอดตํ่าลงไปด้านหนึ่ง ให้เด็กเล่นโดยนั่งไถลตัวลง, ไม้ลื่น ก็ว่า.
กระดานหก	๒๕๔๒	น. เครื่องดักสัตว์อย่างหนึ่งทําด้วยไม้กระดาน หกได้; เครื่องเล่นสำหรับเด็กอย่างหนึ่ง เป็นแผ่นไม้กระดาน ระหว่างกึ่งกลางความยาวของไม้มีขาซึ่งตรึงติดกับแผ่นไม้ ผู้เล่นนั่งที่ปลายไม้ทั้ง ๒ ข้าง ผลัดกันกระดกไม้กระดานให้ขึ้นลง.
กระดานหก	๒๕๕๔	เครื่องดักสัตว์อย่างหนึ่งทำด้วยไม้กระดาน หกได้
กระดานหก	๒๕๖๙	เครื่องดักสัตว์อย่างหนึ่งทําด้วยไม้กระดาน หกได้.
กระดานเลียบ	๒๕๔๒	น. ไม้กระดานแผ่นเดียวที่ปูไว้หน้าเรือน สําหรับนั่งหรือวางสิ่งของต่าง&#160;ๆ, กราบเรือส่วนที่เป็นไม้กระดานที่ติดตรงแคมเรือไปตามแนวนอนสำหรับเดิน.
กระดานเลียบ	๒๕๕๔	ไม้กระดานแผ่นเดียวที่ปูไว้ด้านข้างของเรือนทรงไทยซึ่งเป็นด้านที่ก้าวลงสู่ระเบียง สำหรับนั่งหรือวางสิ่งของต่าง ๆ
กระดานเลียบ	๒๕๖๙	ไม้กระดานแผ่นเดียวที่ปูไว้ด้านข้างของเรือนทรงไทยซึ่งเป็นด้านที่ก้าวลงสู่ระเบียง สําหรับนั่งหรือวางสิ่งของต่าง ๆ.
กระดานโต้คลื่น	๒๕๔๒	น. กระดานที่มีลักษณะแคบและยาว ใช้เล่นบนคลื่นโดยผู้เล่นยืนทรงตัวบนแผ่นกระดานแล้วให้คลื่นหนุนเคลื่อนไป. (อ. surfboard), เรียกการเล่นเช่นนั้นว่า การเล่นกระดานโต้คลื่น. (อ. surf-riding).
กระดานโต้คลื่น	๒๕๕๔	กระดานที่มีลักษณะแคบและยาว ใช้เล่นบนคลื่นโดยผู้เล่นยืนทรงตัวบนแผ่นกระดานแล้วให้คลื่นหนุนเคลื่อนไป. (อ. surfboard), เรียกการเล่นเช่นนั้น ว่า การเล่นกระดานโต้คลื่น.
กระดานโต้คลื่น	๒๕๖๙	กระดานที่มีลักษณะแคบและยาว ใช้เล่นบนคลื่นโดยผู้เล่นยืนทรงตัวบนแผ่นกระดานแล้วให้คลื่นหนุนเคลื่อนไป. (อ. surfboard), การเล่นเช่นนั้นเรียกว่า การเล่นกระดานโต้คลื่น. (อ. surf-riding).
กระดานโหร	๒๕๕๔	กระดานสำหรับโหรหรือหมอดูใช้ลงเวลาคำนวณฤกษ์ยาม วางลัคนา เพื่อการพยากรณ์เป็นต้น.
กระดานโหร	๒๕๖๙	กระดานสำหรับโหรหรือหมอดูใช้ลงเวลาคำวณฤกษ์ยาม วางลัคนา เพื่อการพยากรณ์เป็นต้น.
กระดานไฟ	๒๕๔๒	น. กระดานสําหรับนอนอยู่ไฟเมื่อคลอดบุตรแล้ว.
กระดานไฟ	๒๕๕๔	กระดานสำหรับนอนอยู่ไฟเมื่อคลอดบุตรแล้ว.
กระดานไฟ	๒๕๖๙	กระดานสําหรับนอนอยู่ไฟเมื่อคลอดบุตรแล้ว.
กระดาษ	๒๕๔๒	น. วัตถุเป็นแผ่นบาง&#160;ๆ โดยมากทําจากใยเปลือกไม้ ฟาง หญ้า หรือ เศษผ้า เป็นต้น ใช้เขียนหรือพิมพ์หนังสือหรือห่อของและอื่น&#160;ๆ.
กระดาษ	๒๕๕๔	วัตถุเป็นแผ่นบาง ๆ โดยมากทำจากใยเปลือกไม้ ฟาง หญ้า หรือ เศษผ้า เป็นต้น ใช้เขียนหรือพิมพ์หนังสือหรือห่อของและอื่น ๆ.
กระดาษ	๒๕๖๙	วัตถุเป็นแผ่นบาง ๆ โดยมากทําจากใยเปลือกไม้ ฟาง หญ้า หรือ เศษผ้า เป็นต้น ใช้เขียนหรือพิมพ์หนังสือหรือห่อของและอื่น ๆ.
กระดาษก๊อบปี้	๒๕๕๔	กระดาษที่ใช้สำหรับทำสำเนา.
กระดาษก๊อบปี้	๒๕๖๙	กระดาษที่ใช้สำหรับทำสำเนา. (อ. carbon paper).
กระดาษข่อย	๒๕๔๒	น. กระดาษที่ทําจากเปลือกข่อย ใช้ทำสมุดไทย.
กระดาษข่อย	๒๕๕๔	กระดาษที่ทำจากเปลือกข่อย ใช้ทำสมุดไทย.
กระดาษข่อย	๒๕๖๙	กระดาษที่ทําจากเปลือกข่อย ใช้ทำสมุดไทย.
กระดาษชำระ	๒๕๕๔	กระดาษม้วนเป็นต้น สำหรับใช้ในห้องส้วม.
กระดาษชำระ	๒๕๖๙	กระดาษเนื้อนุ่ม มักทำเป็นม้วน สำหรับใช้ในห้องสุขา.
กระดาษซับ	๒๕๔๒	น. กระดาษที่ทําเนื้อยุ่ย&#160;ๆ สําหรับซับหมึกหรือน้ำ.
กระดาษซับ	๒๕๕๔	กระดาษที่ทำเนื้อยุ่ย ๆ สำหรับซับหมึกหรือน้ำ.
กระดาษซับ	๒๕๖๙	กระดาษที่ทําเนื้อยุ่ย ๆ สําหรับซับหมึกหรือน้ำ.
กระดาษทราย	๒๕๔๒	น. กระดาษที่มีด้านหนึ่งเป็นเม็ด&#160;ๆ อย่างทราย ใช้สําหรับขัดไม้เป็นต้น.
กระดาษทราย	๒๕๕๔	กระดาษที่มีด้านหนึ่งเป็นเม็ด ๆ อย่างทราย ใช้สำหรับขัดไม้ เป็นต้น.
กระดาษทราย	๒๕๖๙	กระดาษที่มีด้านหนึ่งเป็นเม็ด ๆ อย่างทราย ใช้สําหรับขัดไม้เป็นต้น.
กระดาษทองน้ำตะกู	๒๕๖๙	กระดาษที่ผิวหน้าเป็นสีคล้ายทองคำเปลว โดยใช้ตะกั่วดาดลงแล้วทายางจากต้นแต้วที่มีลักษณะใสสีเหลือง ให้เห็นเป็นสีคล้ายทอง เป็นกระดาษที่ใช้ในการประดับตกแต่งสมัยโบราณ, กระดาษน้ำตะกู หรือ กระดาษน้ำตะโก ก็ว่า.
กระดาษน้ำตะกู	๒๕๖๙	ดู กระดาษทองน้ำตะกู.
กระดาษปรู๊ฟ	๒๕๖๙	กระดาษที่มีคุณภาพตํ่ากว่ากระดาษปอนด์และกระดาษอาร์ต ใช้สำหรับพิมพ์หนังสือเป็นต้น.
กระดาษปอนด์	๒๕๖๙	กระดาษฟอกเนื้อดี สีขาว มีคุณภาพดีกว่ากระดาษปรู๊ฟ ใช้สำหรับพิมพ์หนังสือเป็นต้น. (อ. bond paper).
กระดาษฟาง	๒๕๔๒	น. กระดาษที่ทําจากฟางข้าว เนื้อบางฟ่าม.
กระดาษฟาง	๒๕๕๔	กระดาษที่ทำจากฟางข้าว เนื้อบางฟ่าม.
กระดาษฟาง	๒๕๖๙	กระดาษที่ทําจากฟางข้าว เนื้อบางฟ่าม.
กระดาษว่าว	๒๕๔๒	น. กระดาษที่ใช้ทําว่าว เป็นกระดาษที่เหนียวและไม่โปร่ง ลมรั่วไม่ได้ เดิมใช้กระดาษที่สั่งมาจากเมืองจีน ต่อมาใช้กระดาษจากญี่ปุ่น.
กระดาษว่าว	๒๕๕๔	กระดาษที่ใช้ทำว่าว เป็นกระดาษที่เหนียวและไม่โปร่ง ลมรั่วไม่ได้ เดิมใช้กระดาษที่สั่งมาจากเมืองจีน ต่อมาใช้กระดาษจากญี่ปุ่น.
กระดาษว่าว	๒๕๖๙	กระดาษที่ใช้ทําว่าว เป็นกระดาษที่เหนียวและไม่โปร่ง ลมรั่วไม่ได้ เดิมใช้กระดาษที่สั่งมาจากเมืองจีน ต่อมาใช้กระดาษจากญี่ปุ่น.
กระดาษสา	๒๕๔๒	น. กระดาษที่ทําจากเปลือกต้นสา ใช้ทําร่มเป็นต้น.
กระดาษสา	๒๕๕๔	กระดาษที่ทำจากเปลือกต้นกระสา ใช้ทำร่มเป็นต้น.
กระดาษสา	๒๕๖๙	กระดาษที่ทําจากเปลือกต้นสา ใช้ทําร่มเป็นต้น.
กระดาษอาร์ต	๒๕๖๙	กระดาษมัน หนา เนื้อดี ใช้สำหรับพิมพ์หนังสือเป็นต้น.
กระดาษเงินกระดาษทอง	๒๕๔๒	น. กระดาษสีเงินสีทองด้านหนึ่งที่คนจีนใช้เผาไฟในพิธีไหว้เจ้าเป็นต้น.
กระดาษเงินกระดาษทอง	๒๕๕๔	กระดาษที่ด้านหนึ่งมีสีเงินสีทองคนจีนใช้เผาไฟในพิธีไหว้เจ้าเป็นต้น.
กระดาษเงินกระดาษทอง	๒๕๖๙	กระดาษที่ด้านหนึ่งมีสีเงินสีทอง คนจีนใช้เผาไฟในพิธีไหว้เจ้าเป็นต้น.
กระดาษเทศ	๒๕๔๒	(โบ) น. ตาดเทศ เช่น อันทําด้วยกระดาษเทศทอพราย. (ม. คําหลวง นครกัณฑ์).
กระดาษเทศ	๒๕๕๔	ตาดเทศ เช่น อันทำด้วยกระดาษเทศทอพราย (ม. คำหลวง นครกัณฑ์).
กระดาษเทศ	๒๕๖๙	(โบ; วรรณ) น ตาดเทศ, ผ้าตาด ซึ่งเป็นผ้าที่ทอด้วยไหมควบกับเงินแล่งหรือทองแล่ง, เช่น คือผ้าโกษมพัสตรพิเสศ อนนทำด้วยกระดาษเทศทอพราย (ม. คำหลวง นครกัณฑ์).
กระดาษเพลา	๒๕๔๒	[-เพฺลา] น. กระดาษสาชนิดบาง โบราณใช้ร่างหนังสือด้วยดินสอดำหรือใช้ประโยชน์อย่างอื่น เช่น ใช้ปิดหุ่นหัวโขนและหุ่นอื่น&#160;ๆ.
กระดาษเพลา	๒๕๕๔	กระดาษสาชนิดบาง โบราณใช้ร่างหนังสือด้วยดินสอดำหรือใช้ประโยชน์อย่างอื่น เช่น ใช้ปิดหุ่นหัวโขนและหุ่นอื่นๆ.
กระดาษเพลา	๒๕๖๙	กระดาษชนิดบางที่ทำจากเปลือกข่อย โบราณใช้ร่างหนังสือด้วยดินสอดำหรือใช้ประโยชน์อย่างอื่น เช่น ใช้ปิดหุ่นหัวโขนและหุ่นอื่น ๆ.
กระดาษแก้ว	๒๕๔๒	น. กระดาษที่มีเนื้อใส.
กระดาษแก้ว	๒๕๕๔	กระดาษที่มีเนื้อใส.
กระดาษแก้ว	๒๕๖๙	กระดาษที่มีเนื้อใส.
กระดาษไข	๒๕๔๒	น. กระดาษอาบไขที่ใช้ในการทําแบบ ลวดลาย หรือพิมพ์อัดสําเนาแม่พิมพ์ในการพิมพ์โดยเครื่องอัดสําเนา.
กระดาษไข	๒๕๕๔	กระดาษอาบไขที่ใช้ในการทำแบบ ลวดลาย หรือพิมพ์อัดสำเนาแม่พิมพ์ในการพิมพ์โดยเครื่องอัดสำเนา.
กระดาษไข	๒๕๖๙	กระดาษอาบไขที่ใช้ในการทําแบบ ลวดลาย หรือพิมพ์อัดสําเนาแม่พิมพ์ในการพิมพ์โดยเครื่องอัดสําเนา.
กระดำกระด่าง	๒๕๔๒	ว. ดํา&#160;ๆ ด่าง&#160;ๆ, สีไม่เสมอกัน.
กระดำกระด่าง	๒๕๕๔	ดำๆ ด่างๆ, สีไม่เสมอกัน.
กระดำกระด่าง	๒๕๖๙	ดํา ๆ ด่าง ๆ, มีสีไม่เสมอกัน, เช่น ทำไมสีถึงกระดำกระด่างอย่างนี้ , ใช้เป็นคำวิเศษณ์ก็ได้ เช่น บ้านหลังนี้ทาสีกระดำกระด่าง .
กระดิก	๒๕๔๒	ก. ไหว, ทําปลายอวัยวะเช่นมือหรือเท้าให้ไหว.
กระดิก	๒๕๕๔	ไหว, ทำปลายอวัยวะเช่นมือหรือเท้าให้ไหว.
กระดิก	๒๕๖๙	ไหว, ทําปลายอวัยวะเช่นมือหรือเท้าให้ไหว.
กระดิกกระเดี้ย	๒๕๔๒	ก. ไหวน้อย&#160;ๆ, พอไหวได้บ้าง.
กระดิกกระเดี้ย	๒๕๕๔	ไหวน้อยๆ, พอไหวได้บ้าง.
กระดิกกระเดี้ย	๒๕๖๙	ไหวน้อย ๆ, พอไหวได้บ้าง.
กระดิกหู	๒๕๕๔	ขยับใบหูแสดงอาการตั้งใจฟัง ใช้แก่สุนัข เช่น พอมีเสียงอะไรแกรกกราก เจ้าตูบจะยืดคอกระดิกหูฟัง
กระดิกหู	๒๕๖๙	ขยับใบหูแสดงอาการตั้งใจฟัง ใช้แก่สุนัข เช่น พอมีเสียงอะไรแกรกกราก เจ้าตูบจะยืดคอกระดิกหูฟัง.
กระดิบ	๒๕๔๒	ก. อาการที่คืบไปทีละน้อย เช่น ค่อย&#160;ๆ กระดิบไป ว่ายนํ้ากระดิบ&#160;ๆ หนอนกระดิบ&#160;ๆ ไป, นิยมใช้เข้าคู่กับคํา กระดุบ เป็น กระดุบกระดิบ.
กระดิบ	๒๕๕๔	อาการที่คืบไปทีละน้อย เช่น ค่อยๆ กระดิบไป ว่ายนํ้ากระดิบๆ หนอนกระดิบๆ ไป, นิยมใช้เข้าคู่กับคำ กระดุบ เป็น กระดุบกระดิบ.
กระดิบ	๒๕๖๙	คืบไปทีละน้อย เช่น ค่อย ๆ กระดิบไป, หนอนกระดิบ ๆ ไป , ใช้เป็นคำวิเศษณ์ก็ได้ เช่น ว่ายนํ้ากระดิบ ๆ , มักใช้คู่กับคํา กระดุบ เป็น กระดุบกระดิบ.
กระดิบ ๆ	๒๕๕๔	อาการที่คืบไปทีละน้อย เช่น ค่อยๆ กระดิบไป ว่ายนํ้ากระดิบๆ หนอนกระดิบๆ ไป, นิยมใช้เข้าคู่กับคำ กระดุบ เป็น กระดุบกระดิบ.
กระดิ่ง	๒๕๔๒	น. เครื่องทําเสียงสัญญาณทําด้วยโลหะ มีรูปคล้ายระฆัง แต่ขนาดเล็กกว่า มีตุ้มเล็ก&#160;ๆ อยู่ข้างใน สําหรับทําให้เกิดเสียง, โดยปริยายหมายถึงสิ่งที่มีลักษณะคล้ายคลึงเช่นนั้น เช่น กระดิ่งจักรยาน.
กระดิ่ง	๒๕๕๔	เครื่องทำเสียงสัญญาณทำด้วยโลหะ มีรูปคล้ายระฆัง แต่ขนาดเล็กกว่า มีตุ้มเล็กๆ อยู่ข้างใน สำหรับทำให้เกิดเสียง, โดยปริยายหมายถึงสิ่งที่มีลักษณะคล้ายคลึงเช่นนั้น เช่น กระดิ่งจักรยาน.
กระดิ่ง	๒๕๖๙	เครื่องทําเสียงสัญญาณ ทําด้วยโลหะ มีรูปคล้ายระฆัง แต่ขนาดเล็กกว่า มีตุ้มเล็ก ๆ อยู่ข้างใน สําหรับทําให้เกิดเสียง, ปัจจุบันอาจทำด้วยวัสดุอื่นหรือรูปเป็นอย่างอื่น เช่น กระดิ่งจักรยาน.
กระดิ่งทอง	๒๕๔๒	ดู ม่าเหมี่ยว ๑.
กระดิ่งทอง	๒๕๕๔	ชื่อแมลงพวกด้วงชนิด Martianus dermestoides Chevrolat ในวงศ์ Tenebrionidae ลำตัวยาว ๖-๗ มิลลิเมตร กว้าง ๒-๓ มิลลิเมตร สีน้ำตาลเกือบดำตลอดทั้งลำตัว ขา และปีก กินของแห้งทั้งพืชและสัตว์โดยเฉพาะเมล็ดบัว นิยมนำมาเลี้ยงด้วยเมล็ดบัวแห้ง หัวข้าวเย็นเหนือ หัวข้าวเย็นใต้ โดยเชื่อว่าเมื่อนำมารับประทานจะช่วยกระตุ้นความรู้สึกทางเพศ, ม่าเหมี่ยว ก็เรียก.
กระดิ่งทอง	๒๕๖๙	ดู แมลงกระดิ่งทอง.
กระดิ้ง	๒๕๔๒	ใช้เข้าคู่กับคํา กระดุ้ง เป็น กระดุ้งกระดิ้ง.
กระดีด	๒๕๕๔	อุปกรณ์ทำด้วยกระ ไม้ โลหะ หรือวัสดุสังเคราะห์ ใช้สำหรับดีดสายของเครื่องดนตรี เช่น กีตาร์ แบนโจ.
กระดีด	๒๕๖๙	อุปกรณ์ทำด้วยกระ ไม้ โลหะ หรือวัสดุสังเคราะห์ ใช้สำหรับดีดสายของเครื่องดนตรี เช่น กีตาร์ แบนโจ.
กระดี่	๒๕๔๒	น. ชื่อปลานํ้าจืดในสกุล Trichogaster วงศ์ Anabantidae เช่นเดียวกับปลาสลิดแต่มีขนาดเล็กกว่า ครีบท้องยาวยื่นเป็นเส้น มี ๓ ชนิด คือ กระดี่หม้อ (T. trichopterus) ข้างตัวมีลายหลายเส้นพาดขวาง มีจุดดําที่กลางลําตัวและคอดหางแห่งละ ๑ จุด, สลาก หรือ สลาง ก็เรียก, กระดี่นาง (T. microlepis) สีขาวนวล และ กระดี่นางฟ้า หรือ กระดี่มุก (T. leeri) พบเลี้ยงกันเป็นปลาสวยงาม, บางท้องถิ่นในแถบอีสานเรียก กระเดิด.
กระดี่	๒๕๕๔	ชื่อปลานํ้าจืดในสกุล Trichogaster วงศ์ Belontiidae เช่นเดียวกับปลาสลิดแต่มีขนาดเล็กกว่า ครีบท้องยาวยื่นเป็นเส้น มี ๓ ชนิด คือ กระดี่หม้อ [ T. trichopterus (Pallas)] ข้างตัวมีลายหลายเส้นพาดขวาง มีจุดดำที่กลางลำตัวและคอดหางแห่งละ ๑ จุด ขนาดยาวได้ถึง ๑๕ เซนติเมตร, สลาก หรือ สลาง ก็เรียก, กระดี่นาง [ T. microlepis (Günther)] สีขาวนวล และ กระดี่นางฟ้าหรือกระดี่มุก [ T. leeri (Bleeker)] พบเลี้ยงกันเป็นปลาสวยงาม, บางท้องถิ่นในแถบอีสานเรียก กระเดิด.
กระดี่	๒๕๖๙	(วรรณ) ปลากระดี่ เช่น ชะโดดุกกระดี่โดด (อิลราช).
กระดี่ได้น้ำ	๒๕๔๒	(สำ) น. ใช้เปรียบเทียบคนที่แสดงอาการดีอกดีใจตื่นเต้นจนตัวสั่น เช่น เขาดีใจเหมือนกระดี่ได้น้ำ.
กระดี่ได้น้ำ	๒๕๕๔	ใช้เปรียบเทียบคนที่แสดงอาการดีอกดีใจตื่นเต้นจนตัวสั่น เช่น เขาดีใจเหมือนกระดี่ได้น้ำ.
กระดี่ได้น้ำ	๒๕๖๙	(สำ) ดีใจมากเหมือนปลากระดี่ถูกปล่อยลงน้ำ.
กระดี้กระเดียม	๒๕๔๒	ก. รู้สึกจักจี้.
กระดี้กระเดียม	๒๕๕๔	รู้สึกจักจี้.
กระดี้กระเดียม	๒๕๖๙	รู้สึกจักจี้.
กระดี๊กระด๊า	๒๕๕๔	ระริกระรี้, ตื่นเต้นแสดงความสนใจเพศตรงข้าม, เช่น พอเห็นหนุ่มหล่อ ๆ มาร่วมงาน สาว ๆ ก็กระดี๊กระด๊ากันเป็นแถว, แสดงท่าทางอย่างเห็นได้ชัดว่าดีใจหรือพอใจมาก เช่น แค่รู้ว่าผู้ชายจะมาสู่ขอลูกสาว ว่าที่แม่ยายก็กระดี๊กระด๊าจนเก็บอาการไม่อยู่, ตื่นเต้นแสดงความดีใจจนเกินงาม เช่น พอรู้ว่าหัวหน้าจะพาไปเที่ยวทะเลก็กระดี๊กระด๊ากันไปทั้งแผนก,กะดี๊กะด๊า หรือ ดี๊ด๊า ก็ว่า.
กระดี๊กระด๊า	๒๕๖๙	(ปาก) ระริกระรี้, ตื่นเต้นแสดงให้เห็นได้ชัดว่าสนใจ ดีใจ หรือพอใจมาก, เช่น พอรู้ว่าหัวหน้าจะพาไปเที่ยวทะเลก็กระดี๊กระด๊ากันไปทั้งแผนก ,กะดี๊กะด๊า หรือ ดี๊ด๊า ก็ว่า.
กระดึง	๒๕๔๒	น. เครื่องโลหะหรือเครื่องไม้มักมีรูปคล้ายกระดิ่ง มีลูกกระทบแขวนอยู่ภายในหรือห้อยกระหนาบอยู่ภายนอก มักใช้แขวนคอสัตว์เช่นวัวควาย เพื่อให้เกิดเสียงดัง, โปง ก็ว่า.
กระดึง	๒๕๕๔	ระฆังเล็ก ๆ ทำด้วยโลหะ ที่ปลายตุ้มมีใบพานซึ่งนิยมทำเป็นรูปใบโพ เมื่อลมพัดปลายตุ้มจะกระทบตัวกระดึงทำให้เกิดเสียง ใช้แขวนที่ชายคาโบสถ์และวิหารเป็นต้น, เครื่องโลหะหรือเครื่องไม้มักมีรูปคล้ายกระดิ่ง มีลูกกระทบแขวนอยู่ภายในหรือห้อยกระหนาบอยู่ภายนอก เพื่อให้เกิดเสียงดัง มักใช้แขวนคอสัตว์เช่นวัวควาย.
กระดึง	๒๕๖๙	ระฆังเล็ก ๆ ทำด้วยโลหะ ที่ปลายตุ้มนิยมทำเป็นรูปใบโพ เมื่อลมพัดปลายตุ้มจะกระทบตัวกระดึงทำให้เกิดเสียง ใช้แขวนที่ชายคาโบสถ์และวิหารเป็นต้น, เครื่องโลหะหรือเครื่องไม้มักมีรูปคล้ายกระดิ่ง มีลูกกระทบแขวนอยู่ภายในหรือห้อยกระหนาบอยู่ภายนอก เพื่อให้เกิดเสียงดัง มักใช้แขวนคอสัตว์เช่นวัวควาย.
กระดึงช้างเผือก	๒๕๔๒	ดู ขี้กาแดง.
กระดึงช้างเผือก	๒๕๕๔	ดู ขี้กาแดง.
กระดึงช้างเผือก	๒๕๖๙	ดู ขี้กาแดง .
กระดึงพระราม	๒๕๔๒	ดู เขนงนายพราน.
กระดึงพระราม	๒๕๕๔	ดู เขนงนายพราน.
กระดึงพระราม	๒๕๖๙	ดู เขนงนายพราน .
กระดืบ	๒๕๔๒	ก. อาการที่ค่อย&#160;ๆ คืบไปอย่างหนอน.
กระดืบ	๒๕๕๔	อาการที่ค่อย ๆ คืบไปอย่างหนอน.
กระดืบ	๒๕๖๙	ค่อย ๆ คืบไปอย่างหนอน.
กระดุ	๒๕๔๒	น. การตีหม้อด้วยหินดุให้เข้ารูป.
กระดุ	๒๕๕๔	การตีหม้อด้วยหินดุให้เข้ารูป.
กระดุ	๒๕๖๙	การตีหม้อด้วยหินดุให้เข้ารูป. (พจน. ๒๔๙๓)
กระดุกกระดิก	๒๕๔๒	ว. อาการที่ขยับไปขยับมาไม่อยู่นิ่ง&#160;ๆ, ยักไปยักมา, ดุกดิก ก็ว่า.
กระดุกกระดิก	๒๕๕๔	อาการที่ขยับไปขยับมาไม่อยู่นิ่ง, ดุกดิก ก็ว่า.
กระดุกกระดิก	๒๕๖๙	ขยับไปขยับมาไม่อยู่นิ่ง เช่น นั่งนิ่งไม่กระดุกกระดิกเลย , ใช้เป็นคำวิเศษณ์ก็ได้ เช่น เขานั่งกระดุกกระดิกอยู่ตลอดเวลา , ดุกดิก ก็ว่า.
กระดุบ ๆ	๒๕๔๒	ว. อาการที่เต้นตุบ&#160;ๆ อย่างเนื้อเต้น, ดุบ&#160;ๆ ก็ว่า; อาการที่เคลื่อนที่ไปอย่างช้า&#160;ๆ เช่น เด็กคลานกระดุบ&#160;ๆ.
กระดุบ ๆ	๒๕๕๔	อาการที่ชีพจรเป็นต้นเต้นเป็นระยะ ๆ เช่น หัวใจเต้นกระดุบ ๆ, ดุบ ๆ หรือ ตุบ ๆ ก็ว่า
กระดุบ ๆ	๒๕๖๙	อาการที่ชีพจรเป็นต้นเต้นเป็นระยะ ๆ เช่น หัวใจเต้นกระดุบ ๆ , ดุบ ๆ หรือ ตุบ ๆ ก็ว่า.
กระดุบกระดิบ	๒๕๔๒	ว. อาการที่เคลื่อนไหวน้อย&#160;ๆ.
กระดุบกระดิบ	๒๕๕๔	อาการที่เคลื่อนไหวน้อย ๆ.
กระดุบกระดิบ	๒๕๖๙	คืบไปคืบมาทีละน้อย เช่น หนอนกระดุบกระดิบอยู่บนใบไม้ , ใช้เป็นคำวิเศษณ์ก็ได้ เช่น หนอนไต่กระดุบกระดิบ.
กระดุม	๒๕๔๒	น. เครื่องกลัดส่วนต่าง&#160;ๆ ของเสื้อผ้าไม่ให้แยกออกจากกัน ทําเป็นรูปต่าง&#160;ๆ มักมีรังดุมสําหรับขัดหรือบางทีก็ติดเป็นเครื่องประดับ, ดุม ลูกดุม หรือ ลูกกระดุม ก็เรียก.
กระดุม	๒๕๕๔	เครื่องกลัดส่วนต่าง ๆ ของเสื้อผ้าไม่ให้แยกออกจากกัน ทำเป็นรูปต่าง ๆ มักมีรังดุมสำหรับขัด, ดุม ลูกดุม หรือ ลูกกระดุม ก็เรียก.
กระดุม	๒๕๖๙	สิ่งที่ใช้กลัดส่วนต่าง ๆ ของเสื้อผ้าไม่ให้แยกออกจากกัน ทําเป็นรูปต่าง ๆ มักมีรังดุมสําหรับขัด, ดุม ลูกดุม หรือ ลูกกระดุม ก็ว่า.
กระดุ้งกระดิ้ง	๒๕๔๒	ว. อาการที่ทําท่าทางสะบัดสะบิ้งดีดดิ้น (โดยมากใช้แก่ผู้หญิง).
กระดุ้งกระดิ้ง	๒๕๕๔	อาการที่ทำท่าทางสะบัดสะบิ้งดีดดิ้น (โดยมากใช้แก่ผู้หญิง).
กระดุ้งกระดิ้ง	๒๕๖๙	อาการที่ทําท่าทางสะบัดสะบิ้งดีดดิ้น (โดยมากใช้แก่ผู้หญิง).
กระดูก	๒๕๔๒	น. โครงร่างกายมีลักษณะแข็ง, ส่วนใดส่วนหนึ่งของโครงร่างกาย; เรียกผลไม้ที่มีเนื้อน้อยเช่น มะปรางว่า มะปรางกระดูก.
กระดูก	๒๕๕๔	โครงร่างกายมีลักษณะแข็ง, ส่วนใดส่วนหนึ่งของโครงร่างกาย
กระดูก	๒๕๖๙	ส่วนที่เป็นโครงของร่างกายคนและสัตว์บางพวก มีลักษณะแข็ง.
กระดูกกบ	๒๕๔๒	น. ชื่อไม้เถาพุ่มรอเลื้อยชนิด Hymenopyramis brachiata Wall. ในวงศ์ Labiatae กิ่งอ่อนสี่เหลี่ยม ใบออกตรงข้ามกัน ดอกเล็กสีขาวออกเป็นช่อตรงปลายกิ่ง ผลกลมมีกระเปาะหุ้ม, กระพัดแม่ม่าย ก็เรียก.
กระดูกกบ	๒๕๕๔	ชื่อไม้พุ่มรอเลื้อยชนิด Hymenopyramis brachiata Wall. ex Schauer ในวงศ์ Labiatae กิ่งอ่อนสี่เหลี่ยม ใบออกตรงข้ามกัน ดอกเล็กสีขาวออกเป็นช่อตรงปลายกิ่ง ผลกลมมีกระเปาะหุ้ม, กระพัดแม่ม่าย ก็เรียก.
กระดูกกบ	๒๕๖๙	ไม้พุ่มรอเลื้อยชนิด Hymenopyramis brachiata Wall. ex Griff. ในวงศ์ Lamiaceae (Labiatae) กิ่งอ่อนสี่เหลี่ยม ใบออกตรงข้ามกัน ดอกเล็กสีขาวออกเป็นช่อตรงปลายกิ่ง ผลกลมมีกระเปาะหุ้ม, กระพัดแม่ม่าย ก็ว่า.
กระดูกขัดมัน	๒๕๔๒	(ปาก) ว. ตระหนี่มาก.
กระดูกขัดมัน	๒๕๕๔	ขี้เหนียวมากอย่างไม่ยอมให้อะไรแก่ใครง่าย ๆ เช่น แม่ค้าคนนี้กระดูกขัดมันเหลือเกิน เราซื้อผลไม้แกตั้งร้อยกว่าบาทขอแถมเงาะลูกหนึ่งก็ไม่ได้
กระดูกขัดมัน	๒๕๖๙	(ปาก) ขี้เหนียวมาก ไม่ยอมให้อะไรแก่ใครง่าย ๆ เช่น แม่ค้าคนนี้กระดูกขัดมันเหลือเกิน เราซื้อผลไม้แกตั้งร้อยกว่าบาท ขอแถมเงาะลูกเดียวก็ไม่ให้, อาจารย์คนนี้กระดูกขัดมันชะมัด ออกข้อสอบก็ยาก แล้วยังขี้เหนียวคะแนนอีก.
กระดูกค่าง	๒๕๔๒	น. ชื่อไม้ต้นชนิด Diospyros undulata Wall. ex G. Don var. cratericalyx (Craib) Bakh. ในวงศ์ Ebenaceae ขึ้นในป่าดิบ มีมากทางภาคใต้ สูงได้ถึง ๒๐ เมตร ไม่ผลัดใบ, จะเพลิง ชะเพลิง คําดีควาย ดูกค่าง ตะโกดํา พลับเขา ไหม้ หม้าย หรือ สะลาง ก็เรียก.
กระดูกค่าง	๒๕๕๔	ชื่อไม้ต้นชนิด Diospyros undulata Wall. ex G. Don var. cratericalyx (Craib) Bakh. ในวงศ์ Ebenaceae ขึ้นในป่าดิบ มีมากทางภาคใต้ สูงได้ถึง ๒๐ เมตร ไม่ผลัดใบ, จะเพลิง ชะเพลิง คำดีควาย ดูกค่าง ตะโกดำ พลับเขา ไหม้ หม้าย หรือ สะลาง ก็เรียก.
กระดูกค่าง	๒๕๖๙	ไม้ต้นชนิด Diospyros undulata Wall. ex G. Don var. cratericalyx (Craib) Bakh. ในวงศ์ Ebenaceae ขึ้นในป่าดิบ มีมากทางภาคใต้ สูงได้ถึง ๒๐ เมตร ไม่ผลัดใบ, จะเพลิง ชะเพลิง คําดีควาย ดูกค่าง ตะโกดํา พลับเขา ไหม้ หม้าย หรือ สะลาง ก็ว่า.
กระดูกงู	๒๕๔๒	น. ตัวไม้หรือเหล็กที่ทอดตลอดลําเรือสําหรับตั้งกง.
กระดูกงู	๒๕๕๔	ตัวไม้หรือเหล็กที่ทอดตลอดลำเรือสำหรับตั้งกง.
กระดูกงู	๒๕๖๙	ตัวไม้หรือเหล็กที่ทอดตลอดลําเรือสําหรับตั้งกง.
กระดูกดำ	๒๕๔๒	ดู กระดูกไก่ดำ.
กระดูกดำ	๒๕๕๔	ส่วนในของกระดูกที่เผาแล้ว มีสีดำ
กระดูกดำ	๒๕๖๙	ส่วนในของกระดูกที่เผาแล้ว มีสีดำ.
กระดูกร้องได้	๒๕๔๒	(สํา) น. ผลสะท้อนของฆาตกรรมที่ทําให้จับตัวผู้กระทําผิดมาลงโทษได้ คล้ายกับว่ากระดูกของผู้ตายร้องบอก.
กระดูกร้องได้	๒๕๕๔	ผลสะท้อนของฆาตกรรมที่ทำให้จับตัวผู้กระทำผิดมาลงโทษได้ คล้ายกับว่ากระดูกของผู้ตายร้องบอก.
กระดูกร้องได้	๒๕๖๙	(สำ) มีหลักฐานปรากฏขึ้นจนจับฆาตกรได้ เหมือนกับกระดูกของผู้ตายมาขอความเป็นธรรม.
กระดูกสันหลัง	๒๕๔๒	น. กระดูกที่อยู่ในแนวกึ่งกลางทางด้านหลังของลําตัว เป็นแกนของร่างกาย มีลักษณะเป็นข้อ&#160;ๆ ต่อกันเป็นแนวตั้งแต่บริเวณคอต่อจนถึงบริเวณด้านหลังของทวารหนัก ทําหน้าที่ป้องกันอันตรายให้แก่ไขสันหลัง, โดยปริยายหมายถึงส่วนที่สําคัญ, ส่วนที่เป็นพลังคํ้าจุน, เช่น ชาวนาเป็นกระดูกสันหลังของชาติ.
กระดูกสันหลัง	๒๕๕๔	กระดูกที่อยู่ในแนวกึ่งกลางทางด้านหลังของลำตัว เป็นแกนของร่างกาย มีลักษณะเป็นข้อ ๆ ต่อกันเป็นแนวตั้งแต่บริเวณคอต่อจนถึงบริเวณด้านหลังของทวารหนัก ทำหน้าที่ป้องกันอันตรายให้แก่ไขสันหลัง, โดยปริยายหมายถึงส่วนที่สำคัญ, ส่วนที่เป็นพลังคํ้าจุน, เช่น ชาวนาเป็นกระดูกสันหลังของชาติ.
กระดูกสันหลัง	๒๕๖๙	กระดูกที่อยู่ในแนวกึ่งกลางทางด้านหลังของลําตัว เป็นแกนของร่างกาย มีลักษณะเป็นข้อ ๆ ต่อกันเป็นแนวตั้งแต่บริเวณคอต่อจนถึงบริเวณด้านหลังของทวารหนัก ทําหน้าที่ป้องกันอันตรายให้แก่ไขสันหลัง.
กระดูกอึ่ง	๒๕๔๒	น. ชื่อไม้พุ่ม ๓ ชนิดในสกุล Dendrolobium และ Dicerma วงศ์ Leguminosae คือ ชนิด Dendrolobium triangulare (Retz.) Schindl. มักขึ้นในที่โล่งตํ่าซึ่งชุ่มแฉะในฤดูฝน ฝักเล็กแบนคอดกิ่วเป็นข้อ&#160;ๆ ใช้ทํายาได้, ขมิ้นนาง ขมิ้นลิง ลูกประคําผี หน้านวล เหนียวหมา หรือ อีเหนียว ก็เรียก; ชนิด D. lanceolatum (Dunn) Schindl. ขึ้นตามป่าผลัดใบที่มีต้นไผ่ สูงประมาณ ๑ เมตร ใบรูปไข่กลับ โคนใบสอบ, กระดูกเขียด แกลบหนู แกลบหูหนู แปรงหูหนู หรือ อึ่งใหญ่ ก็เรียก; และชนิด Dicerma biarticulatum (L.) DC. ชอบขึ้นตามไหล่ทางที่ตัดผ่านทุ่งนา สูงประมาณ ๑ เมตร ใบเล็กคล้ายใบมะขาม ดอกสีม่วง.
กระดูกอึ่ง	๒๕๕๔	ชื่อไม้พุ่ม ๓ ชนิดในสกุล Dendrolobium และ Dicerma วงศ์ Leguminosae คือ ชนิด D. triangulare (Retz.) Schindl. มักขึ้นในที่โล่งตํ่าซึ่งชุ่มแฉะในฤดูฝน ฝักเล็กแบนคอดกิ่วเป็นข้อ ๆ ใช้ทำยาได้, ขมิ้นนาง ขมิ้นลิง ลูกประคำผี หน้านวล เหนียวหมา หรือ อีเหนียว ก็เรียก
กระดูกอึ่ง	๒๕๖๙	ไม้พุ่ม ๓ ชนิดในสกุล Dendrolobium และ Aphyllodium วงศ์ Fabaceae (Leguminosae) คือ ชนิด D . triangulare (Retz.) Schindl. มักขึ้นในที่โล่งตํ่าซึ่งชุ่มแฉะในฤดูฝน ฝักเล็กแบนคอดกิ่วเป็นข้อ ๆ ใช้ทำยาได้, ขมิ้นนาง ขมิ้นลิง ลูกประคำผี หน้านวล เหนียวหมา หรือ อีเหนียว ก็ว่า, ชนิด D . lanceolatum (Dunn) Schindl. ขึ้นตามป่าผลัดใบที่มีต้นไผ่ สูงประมาณ ๑ เมตร ใบรูปไข่กลับ โคนใบสอบ, กระดูกเขียด แกลบหนู แกลบหูหนู แปรงหูหนู หรือ อึ่งใหญ่ ก็ว่า, ชนิด Aphyllodium biarticulatum (L.) Gagnep. ชื่อพ้อง Dicerma biarticulatum (L.) DC. ชอบขึ้นตามไหล่ทางที่ตัดผ่านทุ่งนา สูงประมาณ ๑ เมตร ใบเล็กคล้ายใบมะขาม ดอกสีม่วง.
กระดูกอ่อน	๒๕๔๒	(สำ) ว. ที่ยังไม่มีความจัดเจนในการต่อสู้ เช่น นักมวยคนนี้กระดูกอ่อน ขึ้นชกครั้งแรกก็แพ้เขาแล้ว.
กระดูกอ่อน	๒๕๕๔	ที่ยังไม่มีความจัดเจนในการต่อสู้ เช่น นักมวยคนนี้กระดูกอ่อน ขึ้นชกครั้งแรกก็แพ้เขาแล้ว.
กระดูกอ่อน	๒๕๖๙	(สำ) ไม่จัดเจน, ไม่เก่ง, เช่น นักมวยคนนี้กระดูกอ่อน ขึ้นชกครั้งแรกก็แพ้แล้ว.
กระดูกเขียด	๒๕๔๒	ดู กระดูกอึ่ง.
กระดูกเขียด	๒๕๕๔	ดู กระดูกอึ่ง.
กระดูกเขียด	๒๕๖๙	กระดูกอึ่ง.
กระดูกเหล็ก	๒๕๕๔	แข็งแรงไม่บาดเจ็บง่าย เช่น หมอนี่กระดูกเหล็ก ตกบันได ๑๐ ขั้นยังไม่เป็นอะไร
กระดูกเหล็ก	๒๕๖๙	(สำ) แข็งแรง ไม่บาดเจ็บง่าย, ไม่ตายง่าย ๆ, เช่น หมอนี่กระดูกเหล็ก ตกบันได ๑๐ ขั้นยังไม่เป็นอะไร, ใช้เป็นคำวิเศษณ์ก็ได้ เช่น เขาเป็นสารวัตรกระดูกเหล็ก ผ่านการต่อสู้กับผู้ร้ายมาโชกโชน.
กระดูกแข็ง	๒๕๔๒	(สํา) ว. ไม่ตายง่าย&#160;ๆ.
กระดูกแข็ง	๒๕๕๔	ไม่ตายง่าย ๆ.
กระดูกแข็ง	๒๕๖๙	(สำ) ไม่เป็นอันตรายได้ง่าย, ไม่ตายง่าย.
กระดูกแทบออกนอกเนื้อ	๒๕๕๔	เหนื่อยยากแสนสาหัส เช่น กว่าจะทำสำเร็จกระดูกแทบออกนอกเนื้อ.
กระดูกแทบออกนอกเนื้อ	๒๕๖๙	(สำ) เหนื่อยยากหรือลำบากแสนสาหัส.
กระดูกไก่ดำ	๒๕๔๒	น. ชื่อไม้พุ่ม ๒ ชนิดในสกุล Justicia วงศ์ Acanthaceae ชนิด J. gendarussa Burm.f. ใบยาวรี ออกตรงข้ามกัน ลําต้น กิ่ง ก้านใบ และเส้นกลางใบสีม่วงดํา ใช้ทํายาได้, กระดูกดํา เฉียงพร้ามอญ หรือ สันพร้ามอญ ก็เรียก; และชนิด J. grossa C.B. Clarke ดอกสีขาวอมเขียว ฝักยาว เปลือกแข็งและมีขน ผลแก่แตกตามยาว.
กระดูกไก่ดำ	๒๕๕๔	ชื่อไม้พุ่ม ๒ ชนิดในสกุล Justicia วงศ์ Acanthaceae ได้แก่ชนิด J. gendarussa Burm. f. ใบยาวรี ออกตรงข้ามกัน ลำต้น กิ่ง ก้านใบ และเส้นกลางใบสีม่วงดำ ใช้ทำยาได้, กระดูกดำ เฉียงพร้ามอญ หรือ สันพร้ามอญ ก็เรียก และชนิด J. grossa C. B. Clarke ดอกสีขาวอมเขียว ฝักยาว เปลือกแข็งและมีขน ผลแก่แตกตามยาว.
กระดูกไก่ดำ	๒๕๖๙	ไม้พุ่ม ๒ ชนิดในสกุล Justicia วงศ์ Acanthaceae ชนิด J. gendarussa Burm. f. ใบยาวรี ออกตรงข้ามกัน ลําต้น กิ่ง ก้านใบ และเส้นกลางใบสีม่วงดํา ใช้ทํายาได้, กระดูกดํา เฉียงพร้ามอญ หรือ สันพร้ามอญ ก็ว่า, และชนิด J. grossa C. B. Clarke ดอกสีขาวอมเขียว ฝักยาว เปลือกแข็งและมีขน ผลแก่แตกตามยาว.
กระด้ง	๒๕๔๒	น. ภาชนะรูปแบน ขอบกลม สําหรับฝัดข้าวเป็นต้น, ถ้าขนาดใหญ่ เรียกว่า กระด้งมอญ, ถ้ามีตาห่าง เรียกว่า ตะแกรง.
กระด้ง	๒๕๕๔	ภาชนะสานรูปแบน กลม ยกขอบ สำหรับฝัดข้าวเป็นต้น, ถ้ามีตาห่าง เรียกว่า ตะแกรง.
กระด้ง	๒๕๖๙	ภาชนะสานรูปแบน กลม ยกขอบ สําหรับฝัดข้าวเป็นต้น, ถ้ามีตาห่าง เรียกว่า ตะแกรง.
กระด้งมอญ	๒๕๕๔	ภาชนะสานรูปกลม ก้นลึก มีขนาดใหญ่ สำหรับใส่ของเป็นต้น.
กระด้งมอญ	๒๕๖๙	ภาชนะสานรูปกลมก้นลึก ขนาดใหญ่ สำหรับใส่ของเป็นต้น.
กระด้วมกระเดี้ยม	๒๕๔๒	ว. กระต้วมกระเตี้ยม.
กระด้วมกระเดี้ยม	๒๕๕๔	กระต้วมกระเตี้ยม.
กระด้วมกระเดี้ยม	๒๕๖๙	กระต้วมกระเตี้ยม.
กระด้าง	๒๕๔๒	น. (๑) ชื่อถั่วชนิด Vigna sinensis (L.) Savi ex Hassk. var. cylindrica (L.) Koern. ในวงศ์ Leguminosae เมล็ดคล้ายถั่วดํา แต่สีค่อนข้างแดง ใช้เป็นอาหารได้อย่างถั่วดํา, บางทีเรียก ถั่วนา.<2t>(๒) ชื่อไม้พุ่มชนิด Lasianthus hookeri C.B. Clarke ในวงศ์ Rubiaceae ต้นตรงเรียวและเป็นขนสาก ๆ ใบรูปหอก ปลายแหลม ดอกขาวเล็ก ๆ เป็นกระจุกติดกับลําต้นที่ง่ามใบ ตําราแพทย์แผนโบราณว่ารากใช้ทํายาได้, พายัพเรียก กะด้าง.<2t>(๓) ชื่อเห็ดหลายชนิดในวงศ์ Polyporaceae ขึ้นบนขอนไม้ เนื้อเหนียว กินไม่ได้ เช่น ชนิด Daedaleaopsis confragosa (Bolt. ex Fr.) Schroet. ดอกเห็ดรูปพัด สีน้ำตาลแดงสลับน้ำตาลอ่อน ผิวไม่เรียบ ด้านล่างมีรู เนื้อในเห็ดแข็ง.
กระด้าง	๒๕๕๔	ชื่อถั่วชนิด Vigna unguiculata (L.) Walp. subsp. cylindrica (L.) Verdc. ในวงศ์ Leguminosae เมล็ดคล้ายถั่วดำ แต่สีค่อนข้างแดง ใช้เป็นอาหารได้อย่างถั่วดำ, บางทีเรียก ถั่วนา.
กระด้าง	๒๕๖๙	ดู ถั่วกระด้าง.
กระด้างกระเดื่อง	๒๕๔๒	ก. แข็ง เช่น หนึ่งโสดฝุ่นทรายตรึงตรา นอนแนบหินผา กระด้างกระเดื่องทั้งตัว. (ดุษฎีสังเวย).<2t>ว. ไม่อ่อนน้อม, เอาใจออกหากไม่ยอมอ่อนน้อมอย่างเคย.
กระด้างกระเดื่อง	๒๕๕๔	แข็ง เช่น หนึ่งโสดฝุ่นทรายตรึงตรา นอนแนบหินผา กระด้างกระเดื่องทั้งตัว
กระด้างกระเดื่อง	๒๕๖๙	(วรรณ) ทำให้รู้สึกกระด้าง, ทำให้รู้สึกระคาย, เช่น หนึ่งโสดฝุ่นทรายตรึงตรา นอนแนบหินผา กระด้างกระเดื่องทั้งตัว (ดุษฎีสังเวย), กระเดื่อง ก็ว่า.
กระตรกกระตรำ	๒๕๔๒	(โบ; กลอน) ก. ตรากตรํา เช่น หาเลี้ยงและโดยสฤษฎิตน กระตรกกระตรำก็นําพา. (กล่อมพญาช้าง).
กระตรกกระตรำ	๒๕๕๔	ตรากตรำ เช่น หาเลี้ยงและโดยสฤษฎิตน กระตรกกระตรำก็นำพา
กระตรกกระตรำ	๒๕๖๙	(วรรณ) ตรากตรํา เช่น หาเลี้ยงและโดยสฤษฎิตน กระตรกกระตรำก็นําพา (กล่อมพญาช้าง).
กระตรับ	๒๕๔๒	ดู หมอช้างเหยียบ.
กระตรับ	๒๕๕๔	ดู หมอช้างเหยียบ.
กระตรับ	๒๕๖๙	(วรรณ) ปลาหมอช้างเหยียบ เช่น มีกระดี่แลกระตรับตับตาม (สมุทรโฆษ).
กระตราก	๒๕๔๒	ก. ล่ามโซ่, ทุกข์ทรมานในคุก. (ปาเลกัว).
กระตราก	๒๕๕๔	ล่ามโซ่, ทุกข์ทรมานในคุก.
กระตราก	๒๕๖๙	(โบ) ล่ามโซ่, ทุกข์ทรมานในคุก. (ปาเลกัว).
กระตรำ	๒๕๔๒	ใช้เข้าคู่กับคํา กระตรก เป็น กระตรกกระตรํา.
กระตรุด	๒๕๔๒	น. ตะกรุด, กะตรุด หรือ กะตุด ก็ว่า.
กระตรุด	๒๕๕๔	ตะกรุด, กะตรุด หรือ กะตุด ก็ว่า.
กระตรุด	๒๕๖๙	ตะกรุด, กะตรุด หรือ กะตุด ก็ว่า.
กระตรุม	๒๕๔๒	(กลอน) น. นกตะกรุม เช่น เขาคุ่มกระตรุมกระไตร ตระไนนี่สนั่นเสียง. (สรรพสิทธิ์).
กระตรุม	๒๕๕๔	นกตะกรุม เช่น เขาคุ่มกระตรุมกระไตร ตระไนนี่สนั่นเสียง
กระตรุม	๒๕๖๙	(วรรณ) นกตะกรุม เช่น เขาคุ่มกระตรุมกระไตร ตระไนนี่สนั่นเสียง (สรรพสิทธิ์).
กระตร้อ	๒๕๔๒	(โบ) น. เครื่องดับไฟสานเป็นรูปตะกร้อพันผ้าชุบนํ้า มีด้ามยาว สําหรับดับและคลึงลูกไฟที่มาติดหลังคา ผู้ดับนั่งบนอกไก่หลังคา เช่น ให้ตรวจเอาพร้าขอกระตร้อนํ้า จงทุกที่พนักงานให้สรัพไว้. (สามดวง), ตะกร้อ ก็เรียก.
กระตร้อ	๒๕๕๔	ดู ตะกร้อ.
กระตร้อ	๒๕๖๙	(โบ) เครื่องดับไฟสานเป็นรูปรีคล้ายปลีกล้วย พันผ้าชุบน้ำ มีด้ามยาว สำหรับดับและคลึงลูกไฟที่มาติดหลังคา เช่น ให้ตรวจเอาพร้าขอกระตร้อน้ำ จงทุกที่พนักงานให้สรัพไว้ (สามดวง มนเทียรบาล), กะต้อ ก็ว่า
กระตัก	๒๕๔๒	(โบ; เลิก) น. ประตัก คือ ไม้ที่ฝังเหล็กแหลมข้างปลาย ใช้แทงสัตว์พาหนะเช่นวัว เช่น ด่าตีกันด้วยเคียวไม้กระตัก. (ลักษณะธรรมนูญ).
กระตัก	๒๕๕๔	ประตัก คือ ไม้ที่ฝังเหล็กแหลมข้างปลาย ใช้แทงสัตว์พาหนะเช่นวัว เช่น ด่าตีกันด้วยเคียวไม้กระตัก
กระตัก	๒๕๖๙	ดู กะตัก ๒.
กระตั้ว	๒๕๔๒	น. ชื่อนกปากงุ้มเป็นขอจําพวกหนึ่ง มีหลายชนิด หลายสกุล และหลายวงศ์ ลักษณะคล้ายนกแก้วแต่ตัวโตกว่า พบในทวีปออสเตรเลียและบริเวณใกล้เคียง เช่น กระตั้วหงอนเหลือง (Cacatua galerita) กระตั้วดํา (Probosciger aterrimus).
กระตั้ว	๒๕๕๔	ชื่อนกปากขอหลายชนิดหลายสกุล ในวงศ์ Psittacidae ลักษณะคล้ายนกแก้วแต่ตัวโตกว่า พบในทวีปออสเตรเลียและบริเวณใกล้เคียง เช่น กระตั้วหงอนเหลือง [ Cacatua galerita (Latham)] กระตั้วดำ [ Probosciger aterrimus (Gmelin)] .
กระตั้ว	๒๕๖๙	(วรรณ) นกกระตั้ว เช่น กระตั้วกระเต็นก็เต้นณะดง (พระนลคำฉันท์)
กระตั้วแทงเสือ	๒๕๕๔	ชื่อการเล่นชนิดหนึ่งของชาวบ้าน ประกอบขบวนแห่ทั่วไป, บางทีเรียก บ้องตันแทงเสือ.
กระตั้วแทงเสือ	๒๕๖๙	การเล่นชนิดหนึ่งของชาวบ้าน ประกอบขบวนแห่ทั่วไป, บางทีเรียก บ้องตันแทงเสือ.
กระตาก	๒๕๔๒	ใช้เข้าคู่กับคํา กระโตก เป็น กระโตกกระตาก.
กระติก	๒๕๔๒	น. ภาชนะสําหรับใส่นํ้าติดตัวในเวลาเดินทาง เช่น กระติกของทหารหรือลูกเสือ, ภาชนะสำหรับใส่น้ำเพื่อเก็บความร้อนหรือรักษาความเย็นเป็นต้น, ถ้าใช้ใส่น้ำร้อน เรียกว่า กระติกน้ำร้อน, ถ้าใช้ใส่น้ำแข็ง เรียกว่า กระติกน้ำแข็ง.
กระติก	๒๕๕๔	ภาชนะสำหรับใส่นํ้าติดตัวในเวลาเดินทาง เช่น กระติกของทหารหรือลูกเสือ, ภาชนะสำหรับใส่น้ำเพื่อเก็บความร้อนหรือรักษาความเย็นเป็นต้น, ถ้าใช้ใส่น้ำร้อน เรียกว่า กระติกน้ำร้อน, ถ้าใช้ใส่น้ำแข็ง เรียกว่า กระติกน้ำแข็ง.
กระติก	๒๕๖๙	ภาชนะสําหรับใส่นํ้าติดตัวในเวลาเดินทาง เช่น กระติกของทหารหรือลูกเสือ, ภาชนะสำหรับใส่น้ำเพื่อเก็บความร้อนหรือรักษาความเย็นเป็นต้น, ถ้าใช้ใส่น้ำร้อน เรียกว่า กระติกน้ำร้อน, ถ้าใช้ใส่น้ำแข็ง เรียกว่า กระติกน้ำแข็ง.
กระติบ	๒๕๔๒	(ถิ่น-อีสาน) น. ภาชนะสานรูปกลม มีฝาครอบ สําหรับบรรจุข้าวเหนียวนึ่ง.
กระติบ	๒๕๕๔	ภาชนะสานรูปทรงกระบอก มีฝาครอบ สำหรับบรรจุข้าวเหนียวนึ่ง.
กระติบ	๒๕๖๙	ภาชนะสานรูปทรงกระบอก มีฝาครอบ สําหรับใส่ข้าวเหนียวนึ่ง. (ถิ่น-อีสาน).
กระติ้ง	๒๕๔๒	ใช้เข้าคู่กับคํา กระตุ้ง เป็น กระตุ้งกระติ้ง.
กระติ๊ด	๒๕๔๒	น. ชื่อนกขนาดเล็กในวงศ์ Estrildidae ใช้หญ้าทํารังเป็นรูปกลมอยู่บนต้นไม้ ปากรังอยู่ด้านล่าง มีหลายชนิด เช่น กระติ๊ดเขียว หรือ ไผ่ (Erythrura prasina) กระติ๊ดแดง หรือ สีชมพูดง (Amandava amandava) กระติ๊ดท้องขาว (Lonchura leucogastra) กินเมล็ดพืช, กะทิ ก็เรียก.
กระติ๊ด	๒๕๕๔	ชื่อนกขนาดเล็ก ในวงศ์ Estrildidae ปากสั้นหนารูปกรวยปลายแหลม หัวกลม ลำตัวอ้วนป้อม มีหลายสี ปลายหางแหลม ใช้หญ้าทำรังเป็นรูปกลมอยู่บนพุ่มไม้เตี้ย ๆ หรือกอหญ้า ปากรังอยู่ทางด้านข้าง กินเมล็ดพืช มีหลายชนิด ที่พบมาก คือ กระติ๊ดขี้หมู [ Lonchura punctulata (Linn.)] ชนิดอื่น ๆ เช่น กระติ๊ดเขียวหรือไผ่ [ Erythrura prasina (Sparrman)] กระติ๊ดแดงหรือสีชมพูดง [ Amandava amandava (Linn.)] กระติ๊ดท้องขาว[ Lonchura leucogastra (Blyth)], กะทิ ก็เรียก.
กระติ๊ด	๒๕๖๙	ดู นกกระติ๊ด.
กระติ๊ดขี้หมู	๒๕๔๒	น. ชื่อนกขนาดเล็กชนิด Lonchura punctulata ในวงศ์ Estrildidae สีนํ้าตาลกระขาว อกขาวมีลายสีนํ้าตาลคล้ายเกล็ดปลา ปากดําอาศัยอยู่รวมกันเป็นฝูงเล็ก&#160;ๆ กินเมล็ดพืช.
กระติ๊ดหนึ่ง	๒๕๕๔	เล็กน้อย, เล็กนิดเดียว, เช่น เสื้อตัวนี้ติดกระดุมเม็ดกระติ๊ดเดียว ขอเกลือสักกระติ๊ดหนึ่ง, ติ๊ดเดียว หรือ ติ๊ดหนึ่ง ก็ว่า.
กระติ๊ดเดียว	๒๕๕๔	เล็กน้อย, เล็กนิดเดียว, เช่น เสื้อตัวนี้ติดกระดุมเม็ดกระติ๊ดเดียว ขอเกลือสักกระติ๊ดหนึ่ง, ติ๊ดเดียว หรือ ติ๊ดหนึ่ง ก็ว่า.
กระติ๊บ	๒๕๕๔	ภาชนะสานรูปทรงกระบอก มีฝาครอบ สำหรับบรรจุข้าวเหนียวนึ่ง.
กระตือรือร้น	๒๕๔๒	ก. รีบร้อน, เร่งรีบ, ขมีขมัน, มีใจฝักใฝ่เร่งร้อน.
กระตือรือร้น	๒๕๕๔	รีบร้อน, เร่งรีบ, ขมีขมัน, มีใจฝักใฝ่มาก, ใส่ใจอยากจะทำ.
กระตือรือร้น	๒๕๖๙	มีใจฝักใฝ่มาก, ใส่ใจอยากจะทำ เช่น เขากระตือรือร้นทำงาน , ใช้เป็นคำวิเศษณ์ก็ได้ เช่น ทำงานอย่างกระตือรือร้น.
กระตุก	๒๕๔๒	ก. ชักเข้ามาโดยเร็วทันที, งอเข้ามาโดยเร็ว, เช่น ขากระตุก, อาการที่กล้ามเนื้อหดและยืดตัวขึ้นมาเองทันที.
กระตุก	๒๕๕๔	ดึงเข้ามาโดยเร็วทันที เช่น กระตุกเชือก, ดึงเข้ามาโดยเร็วทันทีแล้วผ่อนออก เช่น กระตุกสายป่านว่าว, โดยปริยายหมายความว่า สะดุด, ไม่ราบรื่น, เช่น เครื่องยนต์กระตุก
กระตุก	๒๕๖๙	ดึงเข้ามาโดยเร็วทันที เช่น กระตุกเชือก , ดึงเข้ามาโดยเร็วทันทีแล้วผ่อนออก เช่น กระตุกสายป่านว่าว .
กระตุกกระติก	๒๕๔๒	ว. ตุก&#160;ๆ ติก&#160;ๆ, อาการที่ห้อยแกว่งไปมา.
กระตุกกระติก	๒๕๕๔	ตุกๆ ติกๆ, อาการที่ห้อยแกว่งไปมา.
กระตุกกระติก	๒๕๖๙	ตุก ๆ ติก ๆ, อาการที่ห้อยแกว่งไปมา.
กระตุกหนวดเสือ	๒๕๕๔	ทำให้ผู้มีอิทธิพลไม่พอใจ.
กระตุกหนวดเสือ	๒๕๖๙	(สำ) ล้อเลียน เย้าแหย่ เป็นต้น เพื่อท้าทายให้ผู้มีอำนาจไม่พอใจ.
กระตุ่น	๒๕๔๒	น. ตัวตุ่น เช่น กระต่ายเต้นกระตุ่นขุด. (บุณโณวาท).
กระตุ่น	๒๕๕๔	ตัวตุ่น เช่น กระต่ายเต้นกระตุ่นขุด
กระตุ่น	๒๕๖๙	(วรรณ) ตัวตุ่น เช่น กระต่ายเต้นกระตุ่นขุด (บุณโณวาท).
กระตุ้งกระติ้ง	๒๕๔๒	ว. มีกิริยาท่าทางกระชดกระช้อย, ตุ้งติ้ง หรือ ดุ้งดิ้ง ก็ว่า.
กระตุ้งกระติ้ง	๒๕๕๔	มีกิริยาท่าทางกระชดกระช้อย, ตุ้งติ้ง หรือ ดุ้งดิ้ง ก็ว่า.
กระตุ้งกระติ้ง	๒๕๖๙	มีกิริยาท่าทางกระชดกระช้อย เช่น เด็กผู้ชายคนนั้นกระตุ้งกระติ้งจัง , ใช้เป็นคำวิเศษณ์ก็ได้ เช่น ท่าทางกระตุ้งกระติ้ง , ตุ้งติ้ง หรือ ดุ้งดิ้ง ก็ว่า.
กระตุ้น	๒๕๔๒	ก. ใช้มือหรือสิ่งใด&#160;ๆ กระแทกเบา&#160;ๆ ให้รู้ตัว, โดยปริยายหมายความว่า เตือนหรือหนุน เช่น กระตุ้นให้รีบทํางาน, ช่วยเร่ง เช่น ใช้กระแสไฟฟ้ากระตุ้นหัวใจที่หยุดเต้นให้เต้นต่อไป.
กระตุ้น	๒๕๕๔	ใช้มือหรือสิ่งใดๆ กระแทกเบาๆ ให้รู้ตัว เช่น กระตุ้นม้า, โดยปริยายหมายความว่า เตือนหรือหนุน เช่น กระตุ้นให้รีบทำงาน, ช่วยเร่ง เช่น ใช้กระแสไฟฟ้ากระตุ้นหัวใจที่หยุดเต้นให้เต้นต่อไป.
กระตุ้น	๒๕๖๙	ใช้มือหรือสิ่งใด ๆ กระแทกเบา ๆ ให้รู้ตัว เช่น กระตุ้นม้า.
กระตูบ	๒๕๔๒	น. กระท่อม, กระต๊อบ, ตูบ ก็ว่า. (ดู ตูบ ๑).
กระตูบ	๒๕๕๔	กระท่อม, กระต๊อบ, ตูบ ก็เรียก.
กระตูบ	๒๕๖๙	กระท่อม, กระต๊อบ, ตูบ ก็ว่า.
กระต่องกระแต่ง	๒๕๔๒	ว. อาการที่แขวนหรือห้อยแกว่งไปแกว่งมา, ต่องแต่ง ก็ว่า.
กระต่องกระแต่ง	๒๕๕๔	อาการที่แขวนหรือห้อยแกว่งไปแกว่งมา, ต่องแต่ง ก็ว่า.
กระต่องกระแต่ง	๒๕๖๙	อาการที่แขวนหรือห้อยแกว่งไปแกว่งมา, ต่องแต่ง ก็ว่า.
กระต่าย	๒๕๔๒	น. ชื่อสัตว์เลี้ยงลูกด้วยนมขนาดเล็กในวงศ์ Leporidae ขนปุย หูยาว ที่พบอาศัยตามป่าทั่วไปในประเทศไทยมีชนิดเดียว คือ กระต่ายป่า (Lepus peguensis) ซึ่งมีขนสีนํ้าตาล ใต้หางสีขาว อาศัยในโพรงดิน ส่วนที่นํามาเลี้ยงตามบ้านมีหลายชนิดและหลายสี เช่น ชนิด Oryctolagus cuniculus.
กระต่าย	๒๕๕๔	ชื่อสัตว์เลี้ยงลูกด้วยนมในวงศ์ Leporidae หูและขนยาว ในประเทศไทยมีเพียงชนิดเดียวที่อาศัยอยู่ในป่า คือ กระต่ายป่า ชนิด Lepus peguensis Blyth ขนสีนํ้าตาล ใต้หางสีขาว อาศัยอยู่ในโพรงดินเหมือนกระต่ายต่างประเทศ ที่นำมาเลี้ยงตามบ้านซึ่งมีหลายชนิดและหลายสี เช่น ชนิด Oryctolagus cuniculus (Linn).
กระต่าย	๒๕๖๙	สัตว์เลี้ยงลูกด้วยนมวงศ์ Leporidae หูและขนยาว ในประเทศไทยมีเพียงชนิดเดียวที่อาศัยอยู่ในป่า คือ กระต่ายป่า ชนิด Lepus peguensis Blyth ขนสีนํ้าตาล ใต้หางสีขาว อาศัยอยู่ในโพรงดินเหมือนกระต่ายต่างประเทศ ที่นํามาเลี้ยงตามบ้าน มีหลายชนิดและหลายสี เช่น ชนิด Oryctolagus cuniculus (Linn).
กระต่ายขาเดียว	๒๕๕๔	ดู กระต่ายสามขา .
กระต่ายขาเดียว	๒๕๖๙	(สำ) ดู กระต่ายสามขา.
กระต่ายขูด	๒๕๔๒	ดู สีกรุด.
กระต่ายขูด	๒๕๕๔	ดู สีกรุด.
กระต่ายขูด	๒๕๖๙	ปลากระต่ายขูด. (ดู ปลาสีกรุด) .
กระต่ายขูดมะพร้าว	๒๕๖๙	เครื่องมือสําหรับขูดมะพร้าวที่ยังไม่ได้กะเทาะกะลาออก, กระต่าย ก็ว่า.
กระต่ายจันทร์	๒๕๔๒	ดู กระต่ายจาม (๑).
กระต่ายจันทร์	๒๕๕๔	ดู กระต่ายจาม (๑).
กระต่ายจันทร์	๒๕๖๙	ดู กระต่ายจาม (๑).
กระต่ายจาม	๒๕๔๒	น. (๑) ชื่อไม้ล้มลุกชนิด Centipeda minima (L.) A. Br. et Aschers ในวงศ์ Compositae ขึ้นตามพื้นที่ลุ่มตํ่า แฉะ ต้นเตี้ยติดดินคล้ายต้นผักเบี้ย ใบเล็กเว้าข้างทั้ง ๒ ด้าน ปลายใบแหลมคล้ายสามง่าม ใบมีกลิ่นเหม็น ใช้ทํายาได้ แต่เป็นพิษต่อปศุสัตว์, กระต่ายจันทร์ สาบแร้ง หญ้ากระจาม หญ้าจาม หรือ เหมือดโลด ก็เรียก.<2t>(๒) ดู การบูรป่า.
กระต่ายจาม	๒๕๕๔	ชื่อไม้ล้มลุกชนิด Centipeda minima (L.) A. Braun et Asch. ในวงศ์ Compositae ขึ้นตามพื้นที่ลุ่มตํ่า แฉะ ต้นเตี้ยติดดินคล้ายต้นผักเบี้ย ใบเล็กเว้าข้างทั้ง ๒ ด้าน ปลายใบแหลมคล้ายสามง่าม ใบมีกลิ่นเหม็น ใช้ทำยาได้ แต่เป็นพิษต่อปศุสัตว์, กระต่ายจันทร์ สาบแร้ง หญ้ากระจาม หญ้าจาม หรือ เหมือดโลด ก็เรียก.
กระต่ายจาม	๒๕๖๙	ไม้ล้มลุกชนิด Centipeda minima (L.) A. Braun et Asch. ในวงศ์ Asteraceae (Compositae) ขึ้นตามพื้นที่ลุ่มตํ่า แฉะ ต้นเตี้ยติดดินคล้ายต้นผักเบี้ย ใบเล็กเว้าข้างทั้ง ๒ ด้าน ปลายใบแหลมคล้ายสามง่าม ใบมีกลิ่นเหม็น ใช้ทำยาได้ แต่เป็นพิษต่อปศุสัตว์, กระต่ายจันทร์ สาบแร้ง หญ้ากระจาม หญ้าจาม หรือ เหมือดโลด ก็ว่า.
กระต่ายจีน	๒๕๔๒	น. เครื่องมือขูดมะพร้าว ใช้ลวดตอกเป็นฟันถี่&#160;ๆ บนหน้ากระดานสำหรับขูดมะพร้าวที่กะเทาะกะลาออกแล้ว.
กระต่ายจีน	๒๕๕๔	เครื่องมือขูดมะพร้าว ใช้ลวดตอกเป็นฟันถี่ๆ บนหน้ากระดานสำหรับขูดมะพร้าวที่กะเทาะกะลาออกแล้ว.
กระต่ายจีน	๒๕๖๙	เครื่องมือขูดมะพร้าว ใช้ลวดตอกเป็นฟันถี่ ๆ บนหน้ากระดานสำหรับขูดมะพร้าวที่กะเทาะกะลาออกแล้ว.
กระต่ายชมจันทร์	๒๕๔๒	น. ท่ารําละครท่าหนึ่ง. (ฟ้อน); เพลงเสภา ๒ ชั้น ของเก่าพวกเพลงเกร็ด.
กระต่ายชมจันทร์	๒๕๕๔	ชื่อท่ารำแบบหนึ่ง โดยมือข้างหนึ่งตั้งวงสูง ระดับแง่ศีรษะ มืออีกข้างหนึ่งจีบหงายระดับข้างลำตัว เอียงศีรษะข้างเดียวกับมือที่จีบ
กระต่ายชมจันทร์	๒๕๖๙	เพลงไทย อัตรา ๒ ชั้น สมัยอยุธยา.
กระต่ายตื่นตูม	๒๕๔๒	(สํา) น. ใช้เปรียบเทียบคนที่แสดงอาการตื่นตกใจง่ายโดยไม่ทันสํารวจให้ถ่องแท้ก่อน.
กระต่ายตื่นตูม	๒๕๕๔	ใช้เปรียบเทียบคนที่แสดงอาการตื่นตกใจง่ายโดยไม่ทันสำรวจให้ถ่องแท้ก่อน.
กระต่ายตื่นตูม	๒๕๖๙	(สำ) แสดงอาการตกใจจนระงับไว้ไม่ได้ โดยไม่ทันพิจารณาให้ถ่องแท้ก่อน.
กระต่ายต้องแร้ว	๒๕๔๒	น. ท่ารําละครท่าหนึ่ง. (ฟ้อน).
กระต่ายต้องแร้ว	๒๕๕๔	ชื่อท่ารำแบบหนึ่ง โดยมือทั้งสองตั้งวงระดับข้างลำตัว ลำตัวตั้งตรง เอียงศีรษะข้างใดก็ได้.
กระต่ายสามขา	๒๕๔๒	(สํา) ว. ยืนกรานไม่ยอมรับ, กระต่ายขาเดียว ก็ว่า.
กระต่ายสามขา	๒๕๕๔	ยืนกรานไม่ยอมรับ, กระต่ายขาเดียว ก็ว่า.
กระต่ายสามขา	๒๕๖๙	(สำ) ยืนกราน, กระต่ายขาเดียว ก็ว่า.
กระต่ายหมายจันทร์	๒๕๔๒	(สํา) น. ผู้ชายหมายปองผู้หญิงที่มีฐานะดีกว่า.
กระต่ายหมายจันทร์	๒๕๕๔	ผู้ชายหมายปองผู้หญิงที่มีฐานะดีกว่า.
กระต่ายหมายจันทร์	๒๕๖๙	(สำ) ผู้ชายหมายปองผู้หญิงที่มีสถานะสูงกว่า.
กระต่ายเต้น	๒๕๔๒	น. เพลงไทยของเก่าสําหรับทําเพลงเร็ว, ถ้ารับร้องเป็นเพลง ๒ ชั้น.
กระต่ายเต้น	๒๕๕๔	ชื่อเพลงไทย อัตรา ๒ ชั้นและชั้นเดียว เป็นเพลงเร็ว หน้าทับสองไม้ ใช้ในการแสดงละครและลิเก
กระต่ายเต้น	๒๕๖๙	ชื่อเพลงไทย อัตรา ๒ ชั้นและชั้นเดียว เป็นเพลงเร็ว หน้าทับสองไม้ ใช้ในการแสดงละครและลิเก.
กระต่ายแก่	๒๕๖๙	(สำ) ผู้หญิงค่อนข้างสูงอายุที่มีจริตมารยา มีเล่ห์เหลี่ยมหรือชั้นเชิงมาก เช่น แกล้งทำแยบคายกระต่ายแก่ แสนแง่แสนงอนค้อนให้ (คาวี), กระต่ายแก่แม่ปลาช่อน หรือ ไก่แก่แม่ปลาช่อน ก็ว่า.
กระต่ายแก่แม่ปลาช่อน	๒๕๕๔	ดู ไก่แก่แม่ปลาช่อน.
กระต่ายแก่แม่ปลาช่อน	๒๕๖๙	(สำ) ผู้หญิงค่อนข้างสูงอายุที่มีจริตมายา มีเล่ห์เหลี่ยมหรือชั้นเชิงมาก เช่น กระต่ายแก่แม่ปลาช่อนงอนไม่หาย (อภัย), กระต่ายแก่ หรือ ไก่แก่แม่ปลาช่อน ก็ว่า .
กระต้วมกระเตี้ยม	๒๕๔๒	ว. อาการที่ค่อย&#160;ๆ เคลื่อนไหวหรือเคลื่อนไหวอย่างช้า&#160;ๆ (ใช้แก่กิริยาเดินหรือคลาน), ต้วมเตี้ยม ก็ว่า, ใช้ว่า กระด้วมกระเดี้ยม ก็มี.
กระต้วมกระเตี้ยม	๒๕๕๔	อาการที่ค่อยๆ เคลื่อนไหวหรือเคลื่อนไหวอย่างช้าๆ (ใช้แก่กิริยาเดินหรือคลาน), โดยปริยายหมายความว่า ชักช้า เช่น เธอมัวแต่กระต้วมกระเตี้ยมอยู่นั่นแหละ เดี๋ยวก็ไม่ทันรถไฟหรอก, ต้วมเตี้ยม ก็ว่า, ใช้ว่า กระด้วมกระเดี้ยม ก็มี.
กระต้วมกระเตี้ยม	๒๕๖๙	เคลื่อนไหวอย่างช้า ๆ (ใช้แก่กิริยาเดินหรือคลาน) เช่น เพิ่งหัดเดินก็ค่อย ๆ กระต้วมกระเตี้ยมไป , ใช้เป็นคำวิเศษณ์ก็ได้ เช่น เดินกระต้วมกระเตี้ยม , ต้วมเตี้ยม หรือ กระด้วมกระเดี้ยม ก็ว่า.
กระต้อ	๒๕๔๒	น. ชื่อนกชนิดหนึ่ง เช่น กระต้อพลอดกิ่งพลับ. (เพชรมงกุฎ).
กระต้อ	๒๕๕๔	ชื่อนกชนิดหนึ่ง เช่น กระต้อพลอดกิ่งพลับ
กระต้อ	๒๕๖๙	(วรรณ) นกชนิดหนึ่ง เช่น กระต้อพลอดกิ่งพลับ (เพชรมงกุฎ).
กระต้อยตีวิด	๒๕๔๒	ดู ต้อยตีวิด.
กระต้อยตีวิด	๒๕๕๔	ดู กระแตแต้แว้ด ๑.
กระต้อยตีวิด	๒๕๖๙	ดู นกกระแตแต้แว้ด .
กระต๊อบ	๒๕๔๒	น. กระท่อมเล็ก&#160;ๆ. (พายัพและอุดรว่า ตูบ).
กระต๊อบ	๒๕๕๔	กระท่อมเล็ก ๆ.
กระต๊อบ	๒๕๖๙	กระท่อมเล็ก ๆ.
กระถด	๒๕๔๒	ก. ถดถอย, กระเถิบ, ขยับ.
กระถด	๒๕๕๔	ขยับออกไปเล็กน้อย, ถด ก็ว่า.
กระถด	๒๕๖๙	ขยับออกไปเล็กน้อย, ถด ก็ว่า.
กระถอบ	๒๕๔๒	น. แผ่นทองคําฉลุลายเป็นกิ่งต้นเครือวัลย์กระหนก สําหรับเสียบห้อยที่ชายพกลงมาในระหว่างช่องหน้าขาทั้ง ๒ สามัญเรียกว่า ช่อทับชาย เช่น ที่ประดับเทวรูปทรงเครื่องทั่วไป เรียกกันว่า สุวรรณกระถอบ หรือ สุวรรณกัญจน์ถอบ.
กระถอบ	๒๕๕๔	แผ่นทองคำฉลุลายเป็นกิ่งต้นเครือวัลย์กระหนก สำหรับเสียบห้อยที่ชายพกลงมาในระหว่างช่องหน้าขาทั้ง ๒ สามัญเรียกว่า ช่อทับชาย เช่น ที่ประดับเทวรูปทรงเครื่องทั่วไป เรียกกันว่า สุวรรณกระถอบ หรือ สุวรรณกัญจน์ถอบ.
กระถอบ	๒๕๖๙	แผ่นทองคําฉลุลายเป็นกิ่งต้นเครือวัลย์กระหนก สําหรับเสียบห้อยที่ชายพกลงมาในระหว่างช่องหน้าขาทั้งสอง สามัญเรียกว่า ช่อทับชาย เช่น ที่ประดับเทวรูปทรงเครื่องทั่วไป เรียกกันว่า สุวรรณกระถอบ หรือ สุวรรณกัญจน์ถอบ.
กระถั่ว	๒๕๔๒	น. นกอีเพา. (พจน. ๒๔๙๓).
กระถั่ว	๒๕๕๔	นกอีเพา.
กระถั่ว	๒๕๖๙	นกอีเพา. (พจน. ๒๔๙๓).
กระถาง	๒๕๔๒	น. ภาชนะปากกว้าง มีรูปต่าง&#160;ๆ สําหรับปลูกต้นไม้ หรือใส่นํ้าและอื่น&#160;ๆ.
กระถาง	๒๕๕๔	ภาชนะปากกว้าง มีรูปต่างๆ สำหรับปลูกต้นไม้ หรือใส่ของอื่นๆ เช่น กระถางต้นไม้ กระถางธูป.
กระถาง	๒๕๖๙	ภาชนะปากกว้าง มีรูปต่าง ๆ สําหรับปลูกต้นไม้ หรือใส่ของอื่น ๆ เช่น กระถางต้นไม้.
กระถางธูป	๒๕๕๔	กระถางที่บรรจุทรายหรือข้าวสาร สำหรับปักธูป .
กระถางธูป	๒๕๖๙	กระถางที่บรรจุทรายหรือข้าวสาร สำหรับปักธูป .
กระถิก	๒๕๔๒	น. ชื่อสัตว์เลี้ยงลูกด้วยนมในวงศ์ Sciuridae รูปร่างคล้ายกระรอกซึ่งอยู่ในวงศ์เดียวกัน ลําตัวสีนํ้าตาล มีลายสีขาวดําพาดขนานตามยาวของลําตัวตั้งแต่จมูกถึงโคนหาง ชอบอยู่ตามต้นไม้สูง&#160;ๆ กินแมลงและผลไม้ ในประเทศไทยมี ๒ ชนิด คือ กระถิกขนปลายหูยาว (Tamiops rodolphei) และกระถิกขนปลายหูสั้น (T. macclellandi), กระเล็น ก็เรียก.
กระถิก	๒๕๕๔	ชื่อสัตว์เลี้ยงลูกด้วยนม ในวงศ์ Sciuridae เป็นกระรอกขนาดเล็ก ขนสีนํ้าตาล มีแถบสีน้ำตาลเข้ม ๓ แถบพาดตามยาวลำตัว สลับกับแถบสีน้ำตาลจาง ๆ ๔ แถบ ตั้งแต่สันหลังลงไปถึงข้างลำตัว อาศัยอยู่ตามต้นไม้สูงๆ กินแมลงและผลไม้ ในประเทศไทยมี ๒ ชนิด คือ กระถิกขนปลายหูยาว [ Tamiops rodolphe i (Milne-Edwards)] และกระถิกขนปลายหูสั้น [ T. mxcclellandi (Horsfield)], กระเล็น ก็เรียก.
กระถิก	๒๕๖๙	สัตว์เลี้ยงลูกด้วยนมวงศ์ Sciuridae เป็นกระรอกขนาดเล็ก ขนสีนํ้าตาล มีแถบสีน้ำตาลเข้ม ๓ แถบพาดตามยาวลำตัว สลับกับแถบสีน้ำตาลจาง ๆ ๔ แถบ ตั้งแต่สันหลังลงไปถึงข้างลำตัว อาศัยอยู่ตามต้นไม้สูง ๆ กินแมลงและผลไม้ ในประเทศไทยมี ๒ ชนิด คือ กระถิกขนปลายหูยาว Tamiops rodolphei (Milne-Ednards) และกระถิกขนปลายหูสั้น [T. mxcclellandi (Horsficld) ], กระเล็น ก็ว่า.
กระถิน	๒๕๔๒	น. ชื่อไม้พุ่มหรือไม้ต้นไม่มีหนามชนิด Leucaena leucocephala (Lam.) de Wit ในวงศ์ Leguminosae ช่อดอกกลม สีนวล ฝักแบน ใบอ่อนและฝักอ่อนใช้เป็นอาหาร, กระถินไทย กระถินบ้าน กระถินยักษ์ หรือ สะตอเบา ก็เรียก, ปักษ์ใต้เรียก ตอเบา; ชื่อพรรณไม้หลายชนิดในสกุล Acacia วงศ์ Leguminosae เช่น กระถินพิมาน (A. tomentosa Willd.).
กระถิน	๒๕๕๔	ชื่อไม้พุ่มหรือไม้ต้นไม่มีหนามชนิด Leucaena leucocephala (Lam.) de Wit ในวงศ์ Leguminosae ช่อดอกกลม สีนวล ฝักแบน ใบอ่อนและฝักอ่อนใช้เป็นอาหาร, กระถินไทย กระถินบ้าน กระถินยักษ์ หรือ สะตอเบา ก็เรียก, ปักษ์ใต้เรียก ตอเบา.
กระถิน	๒๕๖๙	ไม้พุ่มหรือไม้ต้นไม่มีหนามชนิด Leucaena leucocephala (Lam.) de Wit ในวงศ์ Fabaceae (Leguminosae) ช่อดอกกลม สีนวล ฝักแบน ใบอ่อนและฝักอ่อนใช้เป็นอาหาร, กระถินไทย กระถินบ้าน กระถินยักษ์ หรือ สะตอเบา ก็ว่า.
กระถินนา	๒๕๕๔	ดู หญ้าบัว.
กระถินนา	๒๕๖๙	ดู หญ้าบัว.
กระถินบ้าน	๒๕๖๙	ดู กระถิน.
กระถินพิมาน	๒๕๕๔	ดู แฉลบ ๒.
กระถินพิมาน	๒๕๖๙	ดู แฉลบ ๒.
กระถินยักษ์	๒๕๖๙	ดู กระถิน.
กระถินหอม	๒๕๔๒	ดู คําใต้.
กระถินหอม	๒๕๕๔	ดู คำใต้.
กระถินหอม	๒๕๖๙	ดู คําใต้ .
กระถินเทศ	๒๕๕๔	ดู คำใต้.
กระถินเทศ	๒๕๖๙	ดู คำใต้.
กระถินไทย	๒๕๖๙	ดู กระถิน.
กระถึก	๒๕๕๔	ชื่อสัตว์เลี้ยงลูกด้วยนม ในวงศ์ Sciuridae เป็นกระรอกขนาดเล็ก ขนสีนํ้าตาล มีแถบสีน้ำตาลเข้ม ๓ แถบพาดตามยาวลำตัว สลับกับแถบสีน้ำตาลจาง ๆ ๔ แถบ ตั้งแต่สันหลังลงไปถึงข้างลำตัว อาศัยอยู่ตามต้นไม้สูงๆ กินแมลงและผลไม้ ในประเทศไทยมี ๒ ชนิด คือ กระถิกขนปลายหูยาว [ Tamiops rodolphe i (Milne-Edwards)] และกระถิกขนปลายหูสั้น [ T. mxcclellandi (Horsfield)], กระเล็น ก็เรียก.
กระทก	๒๕๔๒	ก. กระตุก เช่น เงื่อนกระทก, กระตุกเร็ว&#160;ๆ เช่น กระทกข้าว คือ เอาข้าวใส่กระด้งร่อนพลางกระตุกพลาง เพื่อให้กากข้าวแยกจากข้าวสาร.
กระทก	๒๕๕๔	กระตุก เช่น เงื่อนกระทก, กระตุกเร็วๆ เช่น กระทกข้าว คือ เอาข้าวใส่กระด้งร่อนพลางกระตุกพลาง เพื่อให้กากข้าวแยกจากข้าวสาร.
กระทก	๒๕๖๙	กระตุก เช่น คำทกที่ใช้ในสยาม หนาวเนื้อเหลือหลาม กระตุกกระทกงกงัน (ไวพจน์ประพันธ์), กระตุกเร็ว ๆ เช่น กระทกข้าว คือ เอาข้าวใส่กระด้งร่อนพลางกระตุกพลาง เพื่อให้กากข้าวแยกจากข้าวสาร .
กระทง	๒๕๔๒	น. ภาชนะเย็บด้วยใบตองหรือใบไม้เป็นต้น ยกขอบสูงสําหรับใส่ของ, ถ้าเสริมขอบปากเป็นรูปกรวยเล็ก&#160;ๆ โดยรอบ เรียกว่า กระทงเจิม, ภาชนะที่ทําขึ้นสําหรับลอยนํ้าในประเพณีลอยกระทง; ตอนหนึ่ง&#160;ๆของนาซึ่งมีคันกั้น เรียกว่า กระทงนา, อันนา ก็เรียก; ผ้าท่อนหนึ่ง&#160;ๆ ของจีวร มีลักษณะเหมือนกระทงนา ซึ่งมีรูปสี่เหลี่ยม; ไม้กระดานที่ยึดกราบเรือหรือพาดแคมเรือทั้ง ๒ ข้างเป็นตอน&#160;ๆ (เทียบมลายู กุดง); ตอนหนึ่ง&#160;ๆ ของข้อความ; (กฎ) ลักษณนามของความผิดอาญาแต่ละกรรมหรือแต่ละครั้ง การกระทําความผิดแต่ละกรรมหรือแต่ละครั้งนั้น ถือว่าเป็นกระทงความผิดกระทงหนึ่ง เช่น การกระทําความผิดฐานลักทรัพย์หลายครั้ง การลักทรัพย์แต่ละครั้งเป็นกระทงความผิดกระทงหนึ่ง&#160;ๆ; (เลิก) ฐานปรับตามกรมศักดิในกฎหมายเก่า.
กระทง	๒๕๕๔	ภาชนะเย็บด้วยใบตองหรือใบไม้เป็นต้น ยกขอบสูงสำหรับใส่ของ, ถ้าเสริมขอบปากเป็นรูปกรวยเล็กๆ โดยรอบ เรียกว่า กระทงเจิม, ภาชนะที่ทำขึ้นสำหรับลอยนํ้าในประเพณีลอยกระทง
กระทง	๒๕๖๙	ภาชนะเย็บด้วยใบตองหรือใบไม้เป็นต้น ยกขอบสูงสําหรับใส่ของ, ถ้าเสริมขอบปากเป็นรูปกรวยเล็ก ๆ โดยรอบ เรียกว่า กระทงเจิม, ภาชนะที่ทําขึ้นสําหรับลอยนํ้าในประเพณีลอยกระทง.
กระทงทอง	๒๕๕๔	ของว่างชนิดหนึ่ง มีลักษณะเป็นกระทงใส่ไส้ กระทงทำจากแป้งสาลีผสมกับไข่เป็ด หัวกะทิ เป็นต้น เอาพิมพ์กระทงจุ่มแป้งลงทอดในกระทะให้เป็นรูปกระทงตามพิมพ์ ใส่ไส้ทำด้วยเนื้อไก่ หอมใหญ่ มันฝรั่ง ผัดปรุงรสเค็มหวาน.
กระทงทอง	๒๕๖๙	ของว่างชนิดหนึ่ง มีลักษณะเป็นกระทงใส่ไ้ กระทงทำจากแป้งสาลีผสมกับไข่เป็ด หัวกะทิ เป็นต้น เอาพิมพ์กระทงจุ่มแป้งลงทอดในกระทะให้เป็นรูปกระทงตามพิมพ์ ใส่ไส้ทำด้วยเนื้อไก่ หอมใหญ่ มันฝรั่ง ผัดปรุงรสเค็มหวาน.
กระทงนา	๒๕๕๔	ตอนหนึ่ง ๆ ของนาซึ่งมีคันกั้น, อันนา ก็เรียก.
กระทงน้อย	๒๕๔๒	ดู กระทงลอย.
กระทงน้อย	๒๕๕๔	ชื่อเพลงไทย สมัยอยุธยา อยู่ในตำรามโหรีของเก่า.
กระทงน้อย	๒๕๖๙	ชื่อเพลงไทยสมัยอยุธยา อยู่ในตำรามโหรีของเก่า.
กระทงป่า	๒๕๔๒	น. ไม้พาดปากมาดเรือโกลนชั่วคราว.
กระทงป่า	๒๕๕๔	ไม้พาดปากมาดเรือโกลนชั่วคราว.
กระทงป่า	๒๕๖๙	ไม้พาดปากมาดเรือโกลนชั่วคราว.
กระทงลอย	๒๕๔๒	น. เพลงไทย ๒ ชั้นของเก่า ใช้เครื่องรับมโหรี ทําตอนเสี่ยง เช่น ตอนไกรทองเสกกระทงเสี่ยงลอยไปในพิธีจับชาละวัน, กระทงน้อย หรือ บ้าบ่น ก็เรียก.
กระทงลาย	๒๕๔๒	น. ชื่อไม้เถาเนื้อแข็งชนิด Celastrus paniculatus Willd. ในวงศ์ Celastraceae ใบรูปไข่ปลายแหลม ขอบจักถี่ ดอกเล็กขาว&#160;ๆ เหลือง&#160;ๆออกเป็นช่ออยู่ปลายกิ่ง ผลเท่าเมล็ดถั่วลันเตา เมื่อแก่แตกเป็น ๓ กลีบ นํ้ามันจากเมล็ดใช้ทํายา ตามไฟ หรือเคลือบกระดาษกันนํ้าซึม, กระทุงลาย หรือ มะแตก ก็เรียก.
กระทงลาย	๒๕๕๔	ชื่อไม้เถาเนื้อแข็งชนิด Celastrus paniculatus Willd. ในวงศ์ Celastraceae ใบรูปไข่ปลายแหลม ขอบจักถี่ ดอกเล็กขาวๆ เหลืองๆ ออกเป็นช่ออยู่ปลายกิ่ง ผลเท่าเมล็ดถั่วลันเตา เมื่อแก่แตกเป็น ๓ กลีบ นํ้ามันจากเมล็ดใช้ทำยา ตามไฟ หรือเคลือบกระดาษกันนํ้าซึม, กระทุงลาย หรือ มะแตก ก็เรียก.
กระทงลาย	๒๕๖๙	ไม้เถาเนื้อแข็งชนิด Celastrus paniculatus Willd. ในวงศ์ Celastraceae ใบรูปไข่ปลายแหลม ขอบจักถี่ ดอกเล็กขาว ๆ เหลือง ๆ ออกเป็นช่ออยู่ปลายกิ่ง ผลเท่าเมล็ดถั่วลันเตา เมื่อแก่แตกเป็น ๓ กลีบ นํ้ามันจากเมล็ดใช้ทํายา ตามไฟ หรือเคลือบกระดาษกันนํ้าซึม, กระทุงลาย หรือ มะแตก ก็ว่า.
กระทงหยิบ	๒๕๕๔	กระทงขนาดเล็กเย็บด้วยใบตองสด สำหรับใส่เครื่องสังเวยที่หยิบออกมาอย่างละเล็กละน้อย ภายหลังลาเครื่องสังเวยเพื่อเซ่นผีตีนโรงตีนศาล.
กระทงหยิบ	๒๕๖๙	กระทงขนาดเล็กเย็บด้วยใบตองสด สำหรับใส่เครื่องสังเวยที่หยิบออกมาอย่างละเล็กละน้อย ภายหลังลาเครื่องสังเวยเพื่อเซ่นผีตีนโรงตีนศาล.
กระทงเจิม	๒๕๕๔	กระทงที่เสริมขอบปากเป็นรูปกรวยเล็ก ๆ โดยรอบ.
กระทงเพชร	๒๕๔๒	น. ไม้ติดขวางรองแคร่เกวียนเพื่อยึดไม่ให้แคร่แยกออกไป.
กระทงเพชร	๒๕๕๔	ไม้ติดขวางรองแคร่เกวียนเพื่อยึดไม่ให้แคร่แยกออกไป.
กระทงเพชร	๒๕๖๙	ไม้ติดขวางรองแคร่เกวียนเพื่อยึดไม่ให้แคร่แยกออกไป.
กระทงเหิน	๒๕๔๒	น. ไม้ขวางเรืออันที่สุดของหัวเรือหรือท้ายเรือ, หูกระต่าย ก็เรียก; ขื่อกระดูกเชิงกราน.
กระทงเหิน	๒๕๕๔	ไม้ขวางเรืออันที่สุดของหัวเรือหรือท้ายเรือของเรือเอี้ยมจุ๊น, ถ้าเป็นเรือพายม้า เรียกว่า หูกระต่าย.
กระทงเหิน	๒๕๖๙	ไม้ขวางเรืออันที่สุดของหัวเรือหรือท้ายเรือของเรือเอี้ยมจุ๊น ถ้าเป็นเรือพายม้า เรียกว่า หูกระต่าย.
กระทงแถลง	๒๕๔๒	(กฎ; เลิก) น. ส่วนสําคัญในสํานวนความที่เป็นประเด็นและที่เกี่ยวกับประเด็นอันพึงเสนอวินิจฉัย.
กระทงแถลง	๒๕๕๔	ส่วนสำคัญในสำนวนความที่เป็นประเด็นและที่เกี่ยวกับประเด็นอันพึงเสนอวินิจฉัย.
กระทงแถลง	๒๕๖๙	(กฎ; เลิก) ส่วนสําคัญในสํานวนความที่เป็นประเด็นและที่เกี่ยวกับประเด็นอันพึงเสนอวินิจฉัย.
กระทด	๒๕๔๒	(โบ) ว. คด, ไม่ตรง, เช่น คอกระทดคดคอดหยัก รวดท้าย. (ตําราช้างคําโคลง), ไม้กระทดกระทําทอน ทุกที่ กงนา. (โลกนิติ).
กระทด	๒๕๕๔	คด, ไม่ตรง, เช่น คอกระทดคดคอดหยัก รวดท้าย (ตำราช้างคำโคลง), ไม้กระทดกระทำทอน ทุกที่ กงนา
กระทด	๒๕๖๙	(โบ; วรรณ) คด, ไม่ตรง, เช่น คอกระทดคดคอดหยัก รวดท้าย (ตําราช้างคําโคลง), ไม้กระทดกระทําทอน ทุกที่ กงนา (โลกนิติ).
กระทดกระทวย	๒๕๔๒	ว. ไหวน้อย&#160;ๆ แต่พองาม, กิริยาย่างกรายอย่างนวยนาด.
กระทดกระทวย	๒๕๕๔	ไหวน้อยๆ แต่พองาม, กิริยาย่างกรายอย่างนวยนาด.
กระทดกระทวย	๒๕๖๙	ไหวน้อย ๆ แต่พองาม, กิริยาย่างกรายอย่างนวยนาด.
กระทดกระทัน	๒๕๔๒	(โบ) ว. คด&#160;ๆ ค้อม&#160;ๆ เช่น ที่เตี้ยค่อมค้อมคดกระทดกระทันนั้นก็มีอยู่มากหลาย. (ม. ร่ายยาว มหาพน).
กระทดกระทัน	๒๕๕๔	คดๆ ค้อมๆ เช่น ที่เตี้ยค่อมค้อมคดกระทดกระทันนั้นก็มีอยู่มากหลาย (ม. ร่ายยาว มหาพน).
กระทดกระทัน	๒๕๖๙	(วรรณ) คด ๆ ค้อม ๆ เช่น ที่เตี้ยค่อมค้อมคดกระทดกระทันนั้นก็มีอยู่มากหลาย (ม. ร่ายยาว มหาพน).
กระทบ	๒๕๔๒	ก. โดน, ถูกต้อง, ปะทะ, พูดหรือทําให้กระเทือนไปถึงผู้อื่น เช่น พูดกระทบเขา ตีวัวกระทบคราด, ในบทกลอนใช้ว่า ทบ ก็มี เช่น ของ้าวทบปะทะกัน. (ตะเลงพ่าย), หรือว่า ประทบ ก็มี เช่น ประทบประทะอลวน. (ตะเลงพ่าย).
กระทบ	๒๕๕๔	โดน, ถูกต้อง, ปะทะ, ในบทกลอนใช้ว่า ทบ ก็มี เช่น ของ้าวทบประทะกัน (ตะเลงพ่าย), หรือ ประทบ ก็มี เช่น ประทบประทะอลวน (ตะเลงพ่าย), พูดหรือทำให้กระเทือนไปถึงผู้อื่น เช่น พูดกระทบเขา ตีวัวกระทบคราด.
กระทบ	๒๕๖๙	โดน, ถูกต้อง, ปะทะ, ทําให้กระเทือนไปถึงผู้อื่น เช่น พูดกระทบเขา, ตีวัวกระทบคราด.
กระทบกระทั่ง	๒๕๔๒	ก. แตะต้อง, ทําให้กระเทือนถึง, ทําให้กระเทือนใจ.
กระทบกระทั่ง	๒๕๕๔	แตะต้อง, ทำให้กระเทือนถึง, ทำให้กระเทือนใจ.
กระทบกระทั่ง	๒๕๖๙	แตะต้อง, ทําให้กระเทือนถึง, ทําให้กระเทือนใจ, ทะเลาะ, ขัดแย้ง, เช่น ทำงานด้วยกันก็กระทบกระทั่งกันเป็นธรรมดา , ใช้เป็นคำวิเศษณ์ก็ได้ เช่น เหตุกระทบกระทั่งเกิดขึ้นบ่อยมาก.
กระทบกระเทียบ	๒๕๔๒	ว. เปรียบเปรยให้กระทบถึง.
กระทบกระเทียบ	๒๕๕๔	เปรียบเปรยให้กระทบถึง.
กระทบกระเทียบ	๒๕๖๙	เปรียบเปรยให้กระทบถึง เช่น พูดกันตรง ๆ อย่ากระทบกระเทียบ, ใช้เป็นคำวิเศษณ์ก็ได้ เช่น ชอบพูดกระทบกระเทียบ.
กระทบกระเทือน	๒๕๔๒	ก. กระเทือนไปถึง, พาดพิงไปถึงให้รู้สึกสะเทือนใจ.
กระทบกระเทือน	๒๕๕๔	กระเทือนไปถึง, พาดพิงไปถึงให้รู้สึกสะเทือนใจ.
กระทบกระเทือน	๒๕๖๙	กระเทือนไปถึง, พาดพิงไปถึงให้รู้สึกสะเทือนใจ, เช่น อย่าให้เรื่องนี้กระทบกระเทือนเขา , ใช้เป็นคำวิเศษณ์ก็ได้ เช่น รู้สึกกระทบกระเทือนใจ.
กระทบกระแทก	๒๕๔๒	ว. อาการที่กล่าวเปรย&#160;ๆ ให้กระทบไปถึงผู้ใดผู้หนึ่งอย่างแรง.
กระทบกระแทก	๒๕๕๔	อาการที่กล่าวเปรยๆ ให้กระทบไปถึงผู้ใดผู้หนึ่งอย่างแรง.
กระทบกระแทก	๒๕๖๙	กล่าวเปรย ๆ ให้กระทบไปถึงผู้ใดผู้หนึ่งอย่างแรง เช่น พูดตรง ๆ ดีกว่า อย่ากระทบกระแทกแบบนี้เลย , ใช้เป็นคำวิเศษณ์ก็ได้ เช่น พูดกระทบกระแทก.
กระทบไหล่	๒๕๕๔	ได้เข้าไปใกล้ผู้มีชื่อเสียงอย่างในงานเลี้ยงสังสรรค์เป็นต้น เช่น วันนี้มีโอกาสได้กระทบไหล่นักการเมืองหลายคน.
กระทบไหล่	๒๕๖๙	(ปาก) ได้เข้าไปใกล้ผู้มีชื่อเสียงอย่างในงานเลี้ยงสังสรรค์ เป็นต้น เช่น วันนี้มีโอกาสได้กระทบไหล่นักการเมืองหลายคน.
กระทรวง	๒๕๔๒	[-ซวง] น. หมู่, พวก, เช่น ทุกหมวดทุกกระทรวงทรง ฤทธิเรื้อง. (ยอพระเกียรติกรุงธน), ชนิด, อย่าง, เช่น อนึ่งนั้นอุเบกขาว่าเพ่งเฉย คือแหวกเลยสุขทุกข์อาลัยห่วง ไม่มีทุกข์ไม่มีสุขสิ้นทั้งปวง สามกระทรวงนี้เป็นชื่อเวทนา. (ปกีรณําพจนาดถ์), แบบ, อย่าง, กระบวน, เช่น ส่วนองค์พระอัยกาก็ทรงพาหนะหัสดินทร กรินทรราชเป็นทัพหลวงตามกระทรวงพยุหยาตรา. (ม. ร่ายยาว มหาราช), โดยสมควรแก่กระทรวงแล้วส่งไป. (สามดวง), ผจญคนกลิ้งกลอกกลับหลอกลวง เอากระทรวงสัตย์ซื่อให้เสื่อมเท็จ. (สุ. สอนเด็ก). (ดู กระซุง).
กระทรวง	๒๕๕๔	หมู่, พวก, เช่น ทุกหมวดทุกกระทรวงทรง ฤทธิเรื้อง (ยอพระเกียรติกรุงธน), ชนิด, อย่าง, เช่น อนึ่งนั้นอุเบกขาว่าเพ่งเฉย คือแหวกเลยสุขทุกข์อาลัยห่วง ไม่มีทุกข์ไม่มีสุขสิ้นทั้งปวง สามกระทรวงนี้เป็นชื่อเวทนา (ปกีรณำพจนาดถ์), แบบ, อย่าง, กระบวน, เช่น ส่วนองค์พระอัยกาก็ทรงพาหนะหัสดินทร กรินทรราชเป็นทัพหลวงตามกระทรวงพยุหยาตรา (ม. ร่ายยาว มหาราช), โดยสมควรแก่กระทรวงแล้วส่งไป (สามดวง), ผจญคนกลิ้งกลอกกลับหลอกลวง เอากระทรวงสัตย์ซื่อให้เสื่อมเท็จ
กระทรวง	๒๕๖๙	(โบ) หมู่, พวก, เช่น ทุกหมวดทุกกระทรวงทรง ฤทธิเรื้อง (ยอพระเกียรติกรุงธน), ชนิด, อย่าง, เช่น อนึ่งนั้นอุเบกขาว่าเพ่งเฉย คือแหวกเลยสุขทุกข์อาลัยห่วง ไม่มีทุกข์ไม่มีสุขสิ้นทั้งปวง สามกระทรวงนี้เป็นชื่อเวทนา (ปกีรณําพจนาดถ์), แบบ, อย่าง, กระบวน, เช่น ส่วนองค์พระอัยกาก็ทรงพาหนะหัสดินทร กรินทรราชเป็นทัพหลวงตามกระทรวงพยุหยาตรา (ม. ร่ายยาว มหาราช).
กระทวย	๒๕๔๒	น. ทวย คือ ไม้เท้าแขนที่รับเต้า บางทีทำเป็นรูปนาค เช่น กระทวยธวัชกลงวง คชินทรจ้วงจับลม. (เพชรมงกุฎ).
กระทวย	๒๕๕๔	ทวย, คันทวย, เช่น กระทวยธวัชกลงวง คชินทรจ้วงจับลม
กระทวย	๒๕๖๙	(วรรณ) ทวย, คันทวย, เช่น กระทวยธวัชกลงวง คชินทรจ้วงจับลม (เพชรมงกุฎ).
กระทอก	๒๕๔๒	ก. กระแทกขึ้นกระแทกลง, กําแน่นแล้วรูดขึ้นรูดลง, ทำให้ทะลัก เช่น กระทอกเลือดกระแทกล้มกระดิกดิ้น. (ขุนช้างขุนแผน). (เทียบมลายู กระตอก ว่า ตอก).
กระทอก	๒๕๕๔	กระแทกขึ้นกระแทกลง, กำแน่นแล้วรูดขึ้นรูดลง, ทำให้ทะลัก เช่น กระทอกเลือดกระแทกล้มกระดิกดิ้น
กระทอก	๒๕๖๙	กระแทกขึ้นกระแทกลง, กําแน่นแล้วรูดขึ้นรูดลง, ทำให้ทะลัก เช่น กระทอกเลือดกระแทกล้มกระดิกดิ้น (ขุนช้างขุนแผน). (เทียบ ม. กระตอก ว่า ตอก).
กระทะ	๒๕๔๒	น. ภาชนะก้นตื้นปากผาย ใช้สําหรับหุงต้มเป็นต้น.
กระทะ	๒๕๕๔	ภาชนะสำหรับใช้ผัดหรือทอดเป็นต้น มีรูปร่างต่าง ๆ ตามปรกติมีก้นลึก ปากผาย ต่อมาอนุโลมเรียกภาชนะที่ใช้ในลักษณะเช่นนั้นแม้มีก้นตื้นหรือแบน ทั้งชนิดที่มีขอบและไม่มีขอบว่า กระทะ เช่น กระทะขนมเบื้อง กระทะโรตี.
กระทะ	๒๕๖๙	ภาชนะสำหรับใช้ผัดหรือทอดเป็นต้น มีรูปร่างต่าง ๆ ตามปรกติมีก้นลึก ปากผาย ต่อมาอนุโลมเรียกภาชนะที่ใช้ในลักษณะเช่นนั้นแม้มีก้นตื้นหรือแบน ทั้งชนิดที่มีขอบและไม่มีขอบว่า กระทะ เช่น กระทะขนมเบื้อง, กระทะโรตี.
กระทะทอง	๒๕๕๔	กระทะกลมก้นลึกมีหู ๒ ข้าง ทำด้วยทองเหลือง มักใช้ทำของหวานประเภทเชื่อม เช่นกล้วยเชื่อม ฝอยทอง หรือใช้ทำของคาวเช่นขาหมูพะโล้.
กระทะทอง	๒๕๖๙	กระทะกลมก้นลึก มีหู ๒ ข้าง ทำด้วยทองเหลือง มักใช้ทำของหวานประเภทเชื่อม เช่นกล้วยเชื่อม ฝอยทอง หรือใช้ทำของคาวเช่นขาหมูพะโล้.
กระทะทองแดง	๒๕๕๔	หม้อหรือกระทะโลหะเป็นที่ทรมานสัตว์ที่ตกนรกขุมโลหกุมภี.
กระทะทองแดง	๒๕๖๙	หม้อหรือกระทะโลหะเป็นที่ทรมานสัตว์ที่ตกนรกขุมโลหกุมภี.
กระทะใบบัว	๒๕๔๒	น. กระทะขนาดใหญ่.
กระทะใบบัว	๒๕๕๔	กระทะขนาดใหญ่.
กระทะใบบัว	๒๕๖๙	กระทะขนาดใหญ่.
กระทัน	๒๕๔๒	ใช้เข้าคู่กับคํา กระทด เป็น กระทดกระทัน.
กระทั่ง	๒๕๔๒	ก. ตี, กระแทก, เช่น เสียงโครมครื้นคลื่นกระทั่งฝั่งชลา. (นิ. เพชร); ทําให้มีเสียง เช่น กระทั่งแตรกระทั่งมโหระทึก; ให้เสียงสัญญาณ เช่น ตามช่องฉากบังกระทั่งไอ. (คาวี), นิยมใช้เข้าคู่กับคํา กระทบ เป็น กระทบกระทั่ง.<2t>บ. จดถึง, จนถึง, เช่น กระทั่งบัดนี้เขาก็ยังไม่มา; แม้, แม้แต่, เช่น กระทั่งพ่อสั่งเขาก็ยังไม่ทำ กระทั่งแม่ของเขาเองเขาก็ยังไม่เว้น.
กระทั่ง	๒๕๕๔	ตี, กระแทก, เช่น เสียงโครมครื้นคลื่นกระทั่งฝั่งชลา (นิ. เพชร), อนึ่งเรือหน้าบอกให้เรือหลังราไว้ และเรือหลังมิได้ราอยู่ภายไปกระทั่งเรือหน้าแตกล่มก็ดี (สามดวง)
กระทั่ง	๒๕๖๙	(โบ) ตี, กระแทก, เช่น อนึ่งเรือหน้าบอกให้เรือหลังราไว้ และเรือหลังมิได้ราอยู่ภายไปกระทั่งเรือหน้าแตกล่มก็ดี (สามดวง เบ็ดเสร็จ).
กระทั่งติด	๒๕๔๒	ดู มวก.
กระทั่งติด	๒๕๕๔	ดู เครือเขามวกขาว.
กระทั่งติด	๒๕๖๙	ดู เครือเขามวกขาว .
กระทั้น	๒๕๔๒	ใช้เข้าคู่กับคํา กระแทก เป็น กระแทกกระทั้น.
กระทา	๒๕๔๒	น. ชื่อนกขนาดเล็กในวงศ์ Phasianidae ซึ่งเป็นวงศ์เดียวกับไก่ฟ้า ตัวกลม ขนลายเป็นจุดกระ&#160;ๆ ปีกและหางสั้น วิ่งหากินเมล็ดพืชและแมลงอยู่ตามพื้นดิน บินได้ในระยะทางสั้น&#160;ๆ มีหลายชนิด เช่น กระทาทุ่ง (Francolinus pintadeanus) กระทาดงแข้งเขียว (Arborophila chloropus).
กระทา	๒๕๕๔	ชื่อนกขนาดเล็กหลายชนิด ในวงศ์ Phasianidae ซึ่งเป็นวงศ์เดียวกับไก่และไก่ฟ้า ลำตัวกลม ขนลายเป็นกระ ปีกและหางสั้น บินได้ในระยะทางสั้นๆ คุ้ยเขี่ยหาอาหารบนพื้นดิน กินเมล็ดพืชและแมลง เช่น กระทาทุ่ง [ Francolinus pintadeanus (Scopoli)] กระทาดงคอสีแสด [ Arborophila rufoyularis (Blyth)] กระทาป่าไผ่ ( Bambusicola fytchii Anderson) กระทาดงปักษ์ใต้ [ A. chaltionii (Eyton)].
กระทา	๒๕๖๙	(วรรณ) นกกระทา เช่น ขี้ไถกระทาไก่ป่าแลกาวารี (สัตวาภิธาน).
กระทาชาย	๒๕๔๒	(โบ) น. คนผู้ชาย, กระไทชาย ก็ว่า.
กระทาชาย	๒๕๕๔	คนผู้ชาย, กระไทชาย ก็ว่า.
กระทาชาย	๒๕๖๙	(โบ) ผู้ชาย, กระไทชาย ก็ว่า.
กระทาย	๒๕๔๒	น. กระบุงเล็ก ปากผาย; เครื่องตวงครึ่งกระบุง ใช้ตวงข้าวสมัยโบราณ.<2t>ก. กระทกของเอากากออก.
กระทาย	๒๕๕๔	กระบุงเล็ก ปากผาย
กระทาย	๒๕๖๙	กระบุงเล็ก ปากผาย.
กระทายเหิน	๒๕๔๒	ดู มหาหงส์.
กระทายเหิน	๒๕๕๔	ดู มหาหงส์.
กระทายเหิน	๒๕๖๙	ดู มหาหงส์ .
กระทาสี	๒๕๔๒	(กลอน) น. ทาส เช่น เหมือนไพร่ชาติชั่วช้ากระทาสี. (นิ. สุรสีห).
กระทาสี	๒๕๕๔	ทาส เช่น เหมือนไพร่ชาติชั่วช้ากระทาสี
กระทาสี	๒๕๖๙	(วรรณ) ทาส เช่น เหมือนไพร่ชาติชั่วช้ากระทาสี (นิ. สุรสีห).
กระทาหอง	๒๕๔๒	ดู จงโคร่ง, โจงโคร่ง.
กระทาหอง	๒๕๕๔	ดู จงโคร่ง, โจงโคร่ง.
กระทาหอง	๒๕๖๙	ดู จงโคร่ง, โจงโคร่ง .
กระทำ	๒๕๔๒	ก. ทํา, จัดแจง, ปรุงขึ้น, สร้างขึ้น; (กฎ) ทําการใด&#160;ๆ ที่เกิดผลในทางกฎหมาย และหมายรวมถึงละเว้นการที่กฎหมายบังคับให้กระทํา หรืองดเว้นการที่จักต้องกระทําเพื่อป้องกันผลนั้นด้วย.
กระทำ	๒๕๕๔	ทำ, จัดแจง, ปรุงขึ้น, สร้างขึ้น
กระทำ	๒๕๖๙	ทํา, จัดแจง, ปรุงขึ้น, สร้างขึ้น.
กระทำโดยประมาท	๒๕๔๒	(กฎ) ก. กระทำความผิดมิใช่โดยเจตนา แต่กระทำโดยปราศจากความระมัดระวังซึ่งบุคคลในภาวะเช่นนั้นจักต้องมีตามวิสัยและพฤติการณ์ และผู้กระทำอาจใช้ความระมัดระวังเช่นว่านั้นได้ แต่หาได้ใช้ให้เพียงพอไม่.
กระทำโดยประมาท	๒๕๕๔	กระทำความผิดมิใช่โดยเจตนา แต่กระทำโดยปราศจากความระมัดระวังซึ่งบุคคลในภาวะเช่นนั้นจักต้องมีตามวิสัยและพฤติการณ์ และผู้กระทำอาจใช้ความระมัดระวังเช่นว่านั้นได้ แต่หาได้ใช้ให้เพียงพอไม่.
กระทำโดยประมาท	๒๕๖๙	(กฎ) กระทำความผิดมิใช่โดยเจตนา แต่กระทำโดยปราศจากความระมัดระวังซึ่งบุคคลในภาวะเช่นนั้นจักต้องมีตามวิสัยและพฤติการณ์ และผู้กระทำอาจใช้ความระมัดระวังเช่นว่านั้นได้ แต่หาได้ใช้ให้เพียงพอไม่.
กระทำโดยพลาด	๒๕๖๙	(กฎ) กระทำโดยผู้กระทำเจตนาจะกระทำต่อบุคคลหนึ่ง แต่ผลของการกระทำเกิดแก่อีกบุคคลหนึ่งโดยพลาดไป ในกรณีเช่นนี้กฎหมายถือว่าผู้นั้นกระทำโดยเจตนาแก่บุคคลซึ่งได้รับผลร้ายจากการกระทำ.
กระทำโดยเจตนา	๒๕๔๒	(กฎ) ก. กระทำโดยรู้สำนึกในการที่กระทำและในขณะเดียวกันผู้กระทำประสงค์ต่อผล หรือย่อมเล็งเห็นผลของการกระทำนั้น.
กระทำโดยเจตนา	๒๕๕๔	กระทำโดยรู้สำนึกในการที่กระทำและในขณะเดียวกันผู้กระทำประสงค์ต่อผล หรือย่อมเล็งเห็นผลของการกระทำนั้น.
กระทำโดยเจตนา	๒๕๖๙	(กฎ) กระทำโดยรู้สำนึกในการที่กระทำและในขณะเดียวกันผู้กระทำประสงค์ต่อผล หรือย่อมเล็งเห็นผลของการกระทำนั้น.
กระทิกกระทวย	๒๕๔๒	ว. ระริกระรี่, ซิกซี้, เช่น เจ้าก็ระรี่ระริกกระทิกกระทวยรวยระรื่นจนสิ้นตัว. (ม. ร่ายยาว ชูชก).
กระทิกกระทวย	๒๕๕๔	ระริกระรี่, ซิกซี้, เช่น เจ้าก็ระรี่ระริกกระทิกกระทวยรวยระรื่นจนสิ้นตัว (ม. ร่ายยาว ชูชก).
กระทิกกระทวย	๒๕๖๙	(วรรณ) ระริกระรี่, ซิกซี้, เช่น เจ้าก็ระรี่ระริกกระทิกกระทวยรวยระรื่นจนสิ้นตัว (ม. ร่ายยาว ชูชก).
กระทิง	๒๕๔๒	น. ชื่อวัวป่าที่ใหญ่ที่สุดชนิด Bos gaurus ในวงศ์ Bovidae ขนลำตัวสีเทาหรือเทาอมดำ ยกเว้นขนบริเวณหน้าผากเป็นสีเทา ครึ่งล่างของขาทั้ง ๔ เป็นขนสีเทาอมเหลือง เนื่องจากเหงื่อที่เป็นน้ำมันที่ขับออกมา.
กระทิง	๒๕๕๔	ชื่อวัวป่าขนาดใหญ่ที่สุดชนิด Bos gaurus Smith ในวงศ์ Bovidae ขนสีดำหรือดำแกมน้ำตาลแซมด้วยขนยาวสีเทาหรือเทาอมดำ ยกเว้นบริเวณหน้าผากมีขนสีเทา และครึ่งล่างของขาทั้ง ๔ เป็นขนสีขาวอมเหลือง ขนเหล่านี้อาจเห็นเป็นสีเหลืองทอง เนื่องจากเหงื่อที่เป็นน้ำมันที่ขับออกมา.
กระทิง	๒๕๖๙	วัวป่าขนาดใหญ่ที่สุดชนิด Bos gaurus Smith วงศ์ Bovidae ขนสีดำหรือดำแกมน้ำตาลแซมด้วยขนยาวสีเทาหรือเทาอมดำ ยกเว้นบริเวณหน้าผากมีขนสีเทา และครึ่งล่างของขาทั้ง ๔ เป็นขนสีขาวอมเหลือง ขนเหล่านี้อาจเห็นเป็นสีเหลืองทองเนื่องจากเหงื่อที่เป็นน้ำมันที่ขับออกมา, วัวกระทิง ก็ว่า.
กระทิงโทน	๒๕๔๒	น. กระทิงที่ชอบแยกออกจากฝูงโดยสมัครใจหรือถูกตัวผู้อื่นไล่ออกจากฝูงให้อยู่โดดเดี่ยว.
กระทิงโทน	๒๕๕๔	กระทิงที่ชอบแยกออกจากฝูงโดยสมัครใจหรือถูกตัวผู้อื่นไล่ออกจากฝูงให้อยู่โดดเดี่ยว.
กระทิงโทน	๒๕๖๙	กระทิงที่ชอบแยกออกจากฝูงโดยสมัครใจหรือถูกตัวผู้ตัวผู้ตัวอื่นไล่ออกจากฝูงให้อยู่โดดเดี่ยว.
กระทึง	๒๕๔๒	น. (๑) (โบ; กลอน) ชื่อไม้ต้นชนิดหนึ่ง ใบคล้ายพลวง รากมียางเมือก เชื่อกันว่าใช้เป็นยาดูดพิษฝีได้ เช่น กระทุทุมกระทึงทอง. (สุธน).<2t>(๒) ดู กระทิง ๒.
กระทึง	๒๕๕๔	ชื่อไม้ต้นชนิดหนึ่ง ใบคล้ายพลวง รากมียางเมือก เชื่อกันว่าใช้เป็นยาดูดพิษฝีได้ เช่น กระทุทุมกระทึงทอง
กระทึง	๒๕๖๙	(วรรณ) ไม้ต้นชนิดหนึ่ง ใบคล้ายพลวง รากมียางเมือก เชื่อกันว่าใช้เป็นยาดูดพิษฝีได้ เช่น กระทุทุมกระทึงทอง (สุธน).
กระทืบ	๒๕๔๒	ก. ยกเท้ากระแทกลงไป.
กระทืบ	๒๕๕๔	ยกเท้ากระแทกลงไป.
กระทืบ	๒๕๖๙	ยกเท้ากระแทกลงไป.
กระทืบธรณี	๒๕๔๒	น. อาการที่เดินห่มตัว ถือกันว่าเป็นลักษณะไม่ดี เข้าในพวกว่า ยักหล่มถ่มร้าย กระทืบธรณี.
กระทืบธรณี	๒๕๕๔	อาการที่เดินห่มตัว ถือกันว่าเป็นลักษณะไม่ดี เข้าในพวกว่า ยักหล่มถ่มร้าย กระทืบธรณี.
กระทืบธรณี	๒๕๖๙	การเดินห่มตัวหรือขย่มตัว ถือกันว่าเป็นลักษณะไม่ดี เข้าในพวกว่า ยักหล่ม ถ่มร้าย กระทืบธรณี.
กระทืบยอด	๒๕๖๙	ดู กระทืบยอบ.
กระทืบยอบ	๒๕๔๒	น. ชื่อไม้ล้มลุก ๓ ชนิด คือ Biophytum adiantoides Wight ex Edgew. et Hook.f., B. petersianum Klotzsch และ B. sensitivum (L.) DC. ในวงศ์ Oxalidaceae ต้นเล็ก&#160;ๆ ใบคล้ายใบผักกระเฉด เมื่อถูกกระเทือนหุบได้ ดอกสีเหลือง, กระทืบยอด ก็เรียก.
กระทืบยอบ	๒๕๕๔	ชื่อไม้ล้มลุก ๓ ชนิด คือ Biophytum adiantoides Wight ex Edgew. et Hook. f., B. petersianum Klotzsch และ B. sensitivum (L.) DC. ในวงศ์ Oxalidaceae ต้นเล็กๆ ใบคล้ายใบผักกระเฉด เมื่อถูกกระเทือนหุบได้ ดอกสีเหลือง, กระทืบยอด ก็เรียก.
กระทืบยอบ	๒๕๖๙	ไม้ล้มลุก ๓ ชนิด คือ Biophytum adiantoides Wight ex Edgew. et Hook. f., Biophytum umbraculum Welw. ชื่อพ้อง B. petersianum Klotzsch และ B. sensitivum (L.) DC. ในวงศ์ Oxalidaceae ต้นเล็ก ๆ ใบคล้ายใบผัก
กระทุ	๒๕๔๒	น. ชื่อไม้พุ่มชนิด Rhodomyrtus tomentosa Wight ในวงศ์ Myrtaceae ขึ้นชุมตามป่าโปร่งทางปักษ์ใต้ ใบหนา สีเขียวแก่ ออกเป็นคู่&#160;ๆ ตามกิ่ง บางทีออกเป็น ๓ ใบจากข้อเดียวกัน ด้านล่างของใบมีขนทึบสั้น&#160;ๆ ดอกสีชมพู สัณฐานคล้ายกุหลาบลาขนาดเล็ก&#160;ๆ ออกตามง่ามใบ ดอกเดี่ยวหรือเป็นช่อ ๒-๓ ดอกก็มี ผลกลม เมื่อสุกสีม่วงดํา กินได้ มีรสหอมหวาน, ทุ พรวด พลวดใหญ่ หรือ พลวดกินลูก ก็เรียก.
กระทุ	๒๕๕๔	ชื่อไม้พุ่มชนิด Rhodomyrtus tomentosa (Aiton) Hassk. ในวงศ์ Myrtaceae ขึ้นชุมตามป่าโปร่งทางปักษ์ใต้ ใบหนา สีเขียวแก่ ออกเป็นคู่ๆ ตามกิ่ง บางทีออกเป็น ๓ ใบจากข้อเดียวกัน ด้านล่างของใบมีขนทึบสั้นๆ ดอกสีชมพู สัณฐานคล้ายกุหลาบลาขนาดเล็กๆ ออกตามง่ามใบ ดอกเดี่ยวหรือเป็นช่อ ๒-๓ ดอกก็มี ผลกลม เมื่อสุกสีม่วงดำ กินได้ มีรสหอมหวาน, ทุ พรวด พรวดใหญ่ หรือ พรวดกินลูก ก็เรียก.
กระทุง	๒๕๔๒	น. ชื่อนกนํ้าขนาดใหญ่ในวงศ์ Pelecanidae ขนสีขาวหรือสีเทา&#160;ๆ ตัวขนาดห่าน ปากยาวใหญ่ ปากล่างมีลักษณะเป็นถุงขนาดใหญ่สําหรับจับปลาทีละมาก&#160;ๆ อาศัยอยู่ตามแม่นํ้าลําคลองและชายทะเล ในประเทศไทยมีเพียงชนิดเดียวคือ ชนิด Pelecanus philippensis.
กระทุง	๒๕๕๔	ชื่อนกนํ้าขนาดใหญ่ชนิด Pelecanus philip-pensis Gmelin ในวงศ์ Pelecanidae ตัวขนาดห่าน ขนสีขาวหรือสีเทา ปากยาวใหญ่ ระหว่างขากรรไกรล่างมีลักษณะเป็นถุงขนาดใหญ่สำหรับจับปลาทีละมากๆ อาศัยอยู่ตามแม่นํ้าลำคลองและชายทะเล.
กระทุงลาย	๒๕๔๒	ดู กระทงลาย.
กระทุงลาย	๒๕๕๔	ดู กระทงลาย.
กระทุงหมาบ้า	๒๕๔๒	น. ชื่อไม้เถาชนิด Dregea volubilis (L.f.) Benth. ex Hook.f. ในวงศ์ Asclepiadaceae มียางขาวเป็นพิษ ใบมนหรือรูปไข่ ปลายแหลม โคนใบเว้าหรือป้าน ออกเป็นคู่ตรงข้ามกันตามลําต้น ดอกสีเขียวอ่อนเป็นพวงกลม ใช้ทํายา, ฮ้วนหมู ก็เรียก.
กระทุงหมาบ้า	๒๕๕๔	ชื่อไม้เถาชนิด Dregea volubilis (L. f.) Benth. ex Hook. f. ในวงศ์ Asclepiadaceae มียางขาวเป็นพิษ ใบมนหรือรูปไข่ ปลายแหลม โคนใบเว้าหรือป้าน ออกเป็นคู่ตรงข้ามกันตามลำต้น ดอกสีเขียวอ่อนเป็นพวงกลม ใช้ทำยา, ฮ้วนหมู ก็เรียก.
กระทุงเหว	๒๕๔๒	น. ชื่อปลาผิวนํ้าทุกชนิดในวงศ์ Belonidae และ Hemirhamphidae ลําตัวกลมยาวคล้ายปลาเข็ม กระดูกปากทั้งตอนบนและล่างหรือเฉพาะตอนล่างยื่นยาวแหลม หางเป็นแฉก บ้างก็ตัดเฉียงลงมากน้อยหรือกลมแล้วแต่ชนิดหรือสกุล บางชนิดพบอาศัยอยู่ในนํ้าจืด เช่น กระทุงเหวเมือง (Xenentodon cancila) ส่วนใหญ่พบในเขตนํ้ากร่อยหรือชายทะเล เช่น ชนิดในสกุล Hemirhamphus, Hyporhamphus, Rhynchorhamphus, Tylosurus, Strongylura และ Zenarchopterus ชนิดที่พบในทะเลห่างฝั่งและบริเวณรอบเกาะ คือ กระทุงเหวบั้ง (Ablennes hians) ซึ่งมีชุกชุมที่สุด, เข็ม ก็เรียก.
กระทุงเหว	๒๕๕๔	ชื่อปลาผิวนํ้าทุกชนิด ในวงศ์ Belonidae และ Hemiramphidae ลำตัวกลมยาวคล้ายปลาเข็ม กระดูกปากทั้งตอนบนและล่างหรือเฉพาะตอนล่างยื่นยาวแหลม หางเป็นแฉก บ้างก็ตัดเฉียงลงมากน้อยหรือกลมแล้วแต่ชนิดหรือสกุล ส่วนใหญ่พบในเขตนํ้ากร่อยหรือชายทะเล เช่น ชนิดในสกุล Hemiramphus, Hyporhamphus, Rhynchorhamphus, Tylosurus, Strongyluraและ Zenarchopterusชนิดที่พบในทะเลห่างฝั่งและบริเวณรอบเกาะ คือ กระทุงเหวบั้ง [ Ablennes hians (Valenciennes)] ซึ่งมีชุกชุมที่สุด บางชนิดพบอาศัยอยู่ในนํ้าจืด เช่น กระทุงเหวเมือง [ Xenentodon cancila (Hamilton)] ขนาดยาวได้ถึง ๑.๒๕ เมตร, เข็ม ก็เรียก.
กระทุน	๒๕๔๒	ดู กะทุน.
กระทุน	๒๕๕๔	ดู กะทุน.
กระทุ่ม	๒๕๔๒	น. ชื่อไม้ต้นขนาดกลางและขนาดใหญ่ชนิด Anthocephalus chinensis (Lam.) A. Rich. ex Walp. ในวงศ์ Rubiaceae ใบออกเป็นคู่ตรงข้ามกัน ตามลํากิ่งและในระหว่างใบมีหูใบรูปสามเหลี่ยมปลายแหลมติดกับกิ่งทั้ง ๒ ด้าน ดอกเป็นช่อกลมสีเหลืองอ่อน หอม เนื้อไม้เหลืองหรือขาว ใช้ทําเสากระดาน และเยื่อกระดาษชนิดเลวได้, กระทุ่มบก ตะกู หรือ ตะโกส้ม ก็เรียก. (เทียบ ป. กทมฺพ).
กระทุ่ม	๒๕๕๔	ชื่อไม้ต้นขนาดกลางและขนาดใหญ่ชนิด Anthocephalus chinensis (Lam.) A. Rich. ex Walp. ในวงศ์ Rubiaceae ใบออกเป็นคู่ตรงข้ามกัน ตามลำกิ่งและระหว่างก้านใบมีหูใบรูปสามเหลี่ยมปลายแหลมติดกับกิ่งทั้ง ๒ ด้าน ดอกเป็นช่อกลมสีเหลืองอ่อน หอม เนื้อไม้เหลืองหรือขาว ใช้ทำเสากระดาน และเยื่อกระดาษชนิดเลวได้, กระทุ่มบก ตะกู หรือ ตะโกส้ม ก็เรียก.
กระทุ่มขี้หมู	๒๕๔๒	ดู กระท่อมขี้หมู.
กระทุ่มขี้หมู	๒๕๕๔	ดู กระท่อมขี้หมู ที่ กระท่อม ๒.
กระทุ่มนา	๒๕๕๔	ดู กระท่อมขี้หมู ที่ กระท่อม ๒.
กระทุ่มหมู	๒๕๕๔	ดู กระท่อมขี้หมู ที่ กระท่อม ๒.
กระทุ้ง	๒๕๔๒	ก. เอาสิ่งที่มีลักษณะยาวกระแทกให้แน่นหรือให้ออก, โดยปริยายหมายความว่า หนุนให้กระทําหรือกล่าวแสดงออกมา เช่น กระทุ้งให้ร้องเพลง, ทุ้ง ก็ว่า เช่น ชอบแต่ทุบถองทุ้งให้กุ้งกิน. (มณีพิชัย).
กระทุ้ง	๒๕๕๔	เอาสิ่งที่มีลักษณะยาวกระแทก เช่น เอาสามเกลอกระทุ้งดิน เอาศอกกระทุ้งสีข้าง, ทุ้ง ก็ว่า, โดยปริยายหมายความว่า หนุนให้กระทำหรือกล่าวแสดงออกมา เช่น กระทุ้งให้ร้องเพลง.
กระทุ้งเส้า	๒๕๔๒	ก. เอาไม้เส้ากระทุ้งเพื่อให้จังหวะฝีพาย.
กระทุ้งเส้า	๒๕๕๔	เอาไม้เส้ากระทุ้งเพื่อให้จังหวะฝีพาย สำหรับเรือในกระบวนพยุหยาตราทางชลมารค.
กระทู้	๒๕๔๒	น. ซอไม้ไผ่ที่เอามาปักเป็นเสารั้ว; หลัก เช่น ช้างพังพลายเป็นสัตว์มีคุณแล้วก็เป็นกระทู้ราชการสําหรับแผ่นดินสืบมา. (ท้องตราโบราณ วชิรญาณรายเดือน เล่ม ๗), เป็นกระทู้การสงคราม. (ประชุมพงศ. ๒); (ไว) ในฉันทลักษณ์ หมายเอาข้อความอันเป็นเค้าเงื่อนนําหน้าบทกลอน เช่น โคลงที่แต่งตามเค้าเงื่อนนั้น เรียกว่า โคลงกระทู้.
กระทู้	๒๕๕๔	ลำไม้ไผ่ช่วงโคนที่เอามาปักเป็นเสารั้ว
กระทู้ถาม	๒๕๔๒	(กฎ) น. คําถามในข้อเท็จจริงหรือนโยบายที่สมาชิกสภานิติบัญญัติหรือสมาชิกสภาขององค์การบริหารส่วนท้องถิ่นตั้งถามฝ่ายบริหารให้ตอบในที่ประชุมแห่งสภานั้น&#160;ๆ หรือตอบเป็นหนังสือ. (อ. question).
กระทู้ถาม	๒๕๕๔	คำถามในข้อเท็จจริงหรือนโยบายที่สมาชิกสภาที่ทำหน้าที่นิติบัญญัติตั้งถามฝ่ายบริหารให้ตอบในที่ประชุมแห่งสภานั้นๆ หรือตอบเป็นหนังสือ.
กระท่อนกระแท่น	๒๕๔๒	ว. ไม่เป็นชิ้นเป็นอัน, ไม่ครบถ้วน.
กระท่อนกระแท่น	๒๕๕๔	ไม่เป็นชิ้นเป็นอัน, ไม่ครบถ้วน.
กระท่อนกระแท่น	๒๕๖๙	ไม่เป็นชิ้นเป็นอัน, ไม่ครบถ้วน.
กระท่อม	๒๕๔๒	น. เรือนเล็ก&#160;ๆ ทําพออยู่ได้. (เทียบ ข. ขฺทม).
กระท่อม	๒๕๕๔	เรือนเล็กๆ ทำพออยู่ได้, กระต๊อบ ก็เรียก.
กระท่อม	๒๕๖๙	เรือนเล็ก ๆ ทําพออยู่ได้, กระต๊อบ ก็ว่า. (เทียบ ข. ขฺทม).
กระท่อมขี้หมู	๒๕๔๒	น. ชื่อไม้ต้นขนาดกลาง ๒ ชนิดในสกุล Mitragyna วงศ์ Rubiaceae ใบเดี่ยว ออกตรงข้ามกัน ชนิด M. diversifolia (Wall. ex G. Don) Havil. ใบยาวรีเล็ก, กระทุ่มนา หรือ ตุ้มแซะ ก็เรียก; ชนิด M. rotundifolia (Roxb.) Kuntze ใบกลม โคนใบเว้า ขนาดใหญ่กว่าชนิดแรก, กระทุ่มขี้หมู กระทุ่มหมู หรือ ตุ้มกว้าว ก็เรียก.
กระท่อมขี้หมู	๒๕๕๔	ชื่อไม้ต้นขนาดกลาง ๒ ชนิดในสกุล Mitragyna วงศ์ Rubiaceae ใบเดี่ยว ออกตรงข้ามกัน ชนิด M. diversifolia (Wall. ex G. Don) Havil. ใบยาวรีเล็ก, กระทุ่มนา หรือ ตุ้มแซะ ก็เรียก
กระท่อมขี้หมู	๒๕๖๙	ไม้ต้นขนาดกลาง ๒ ชนิดในสกุล Mitragyna วงศ์ Rubiaceae ใบเดี่ยว ออกตรงข้ามกัน ชนิด M. diversifolia (Wall. ex G. Don) Havil. ใบยาวรีเล็ก, กระทุ่มนา หรือ ตุ้มแซะ ก็ว่า, ชนิด M. rotundifolia (Roxb.) Kuntze ใบกลม โคนใบเว้า ขนาดใหญ่กว่าชนิดแรก, กระทุ่มขี้หมู กระทุ่มหมู หรือ ตุ้มกว้าว ก็ว่า.
กระท่อมเลือด	๒๕๔๒	น. ตํารากบิลว่าน ว่าชื่อว่าน มี ๒ ชนิด; ชนิดหนึ่งก้านใบแดง ยางเป็นเลือด หัวคล้ายมันแกว ซึ่งในกรุงเทพฯ เรียกว่า สบู่เลือด ใช้อยู่คงชั่วเบา, อีกชนิดหนึ่งขาว เกิดตามเขา ลักษณะเช่นเดียวกับอย่างแดง แต่อย่างขาวหัวใหญ่ อย่างโตขนาดกระด้ง ทั้ง๒ ชนิดนี้ ชาวป่าใช้เป็นยาต้มแก้กระษัย หรือระดูขัด. (พจน. ๒๔๙๓).
กระท่อมเลือด	๒๕๕๔	ดู สบู่เลือด (๑).
กระท่อมเลือด	๒๕๖๙	ดู สบู่เลือด (๑)
กระท้อน	๒๕๔๒	น. ชื่อไม้ต้นขนาดใหญ่ชนิด Sandoricum koetjape (Burm.f.) Merr. ในวงศ์ Meliaceae ผลค่อนข้างกลม เปลือกนุ่ม สีเหลือง เนื้อกินได้, สะท้อน ก็เรียก, พายัพเรียก มะต้อง หรือ มะตื๋น.
กระท้อน	๒๕๕๔	ชื่อไม้ต้นขนาดใหญ่ชนิด Sandoricumkoetjape (Burm. f.) Merr. ในวงศ์ Meliaceae ผลค่อนข้างกลม เปลือกนุ่ม สีเหลือง เนื้อกินได้, สะท้อน ก็เรียก, พายัพเรียก มะต้อง หรือ มะตื๋น.
กระท้อน	๒๕๖๙	ไม้ต้นขนาดใหญ่ชนิด Sandoricum koetjape (Burm. f.) Merr. ในวงศ์ Meliaceae ผลค่อนข้างกลม เปลือกนุ่ม สีเหลือง เนื้อกินได้, สะท้อน ก็ว่า.
กระท้อมกระแท้ม	๒๕๔๒	ว. เล็ก&#160;ๆ น้อย&#160;ๆ, ไม่ใหญ่โต, เช่น หากินกระท้อมกระแท้มไปวันหนึ่ง&#160;ๆ.
กระท้อมกระแท้ม	๒๕๕๔	เล็กๆ น้อยๆ, ไม่ใหญ่โต, เช่น หากินกระท้อมกระแท้มไปวันหนึ่งๆ.
กระท้อมกระแท้ม	๒๕๖๙	เล็ก ๆ น้อย ๆ, ไม่ใหญ่โต, เช่น หากินกระท้อมกระแท้มไปวันหนึ่ง ๆ.
กระนก	๒๕๔๒	[-หฺนก] (โบ; แผลงมาจาก กนก) น. ทองคํา. (ไตรภูมิ). (ดู กนก).
กระนก	๒๕๕๔	ทองคำ. (ดู กนก).
กระนั้น	๒๕๔๒	ว. นั้น, ดังนั้น, อย่างนั้น.
กระนั้น	๒๕๕๔	นั้น, ดังนั้น, อย่างนั้น.
กระนี้	๒๕๔๒	ว. นี้, ดังนี้, อย่างนี้.
กระนี้	๒๕๕๔	นี้, ดังนี้, อย่างนี้.
กระน่อง	๒๕๔๒	(ถิ่น-อีสาน) น. อวัยวะส่วนหลังของลำแข้ง ตั้งแต่ขาพับลงไปถึงส้นเท้า, กระหน่อง ขะน่อง หรือ ขาน่อง ก็เรียก.
กระน่อง	๒๕๕๔	น่อง, อวัยวะส่วนหลังของแข้ง ตั้งแต่ขาพับลงไปถึงส้นเท้า, กระหน่อง ขะน่อง หรือ ขาน่อง ก็เรียก, อีสานว่า กะหน่อง หรือ กะน่อง.
กระบก	๒๕๔๒	น. ชื่อไม้ต้นขนาดใหญ่ชนิด Irvingia malayana Oliv. ex A. Benn. ในวงศ์ Irvingiaceae ใบรูปไข่ ผลเท่ามะกอกหรือมะปรางขนาดเขื่อง เมล็ดแข็ง เนื้อในขาว มีรสมัน กินได้, ตระบก มะมื่น หรือ มะลื่น ก็เรียก.
กระบก	๒๕๕๔	ชื่อไม้ต้นขนาดใหญ่ชนิด I rvingia malayana Oliv. ex A. W. Benn. ในวงศ์ rvingiaceae ใบรูปไข่ผลเท่ามะกอกหรือมะปรางขนาดเขื่อง เมล็ดแข็ง เนื้อในขาว มีรสมัน กินได้, ตระบก มะมื่น หรือ มะลื่น ก็เรียก.
กระบกคาย	๒๕๔๒	ดู กระโดงแดง (๑).
กระบกคาย	๒๕๕๔	ดู กระโดงแดง (๑).
กระบถ	๒๕๔๒	[-บด] (โบ; เพี้ยนมาจาก กบฏ) น. การประทุษร้ายต่อทางอาณาจักร, ความทรยศ, ขบถ.
กระบถ	๒๕๕๔	การประทุษร้ายต่อทางอาณาจักร, ความทรยศ, ขบถ.
กระบม	๒๕๔๒	(ถิ่น-อีสาน) น. ภาชนะชนิดหนึ่งทําด้วยไม้ขุดรูปวงกลมมีขอบ ด้ามสั้น สำหรับสงข้าวเหนียวที่นึ่งสุกใหม่&#160;ๆ หรือคนข้าวเหนียวนึ่งให้ลดความร้อนก่อนนำไปใส่ในกล่องข้าว หรือใช้เป็นภาชนะรองถ้วยชามอย่างสำรับ, กระโบม ก็เรียก.
กระบม	๒๕๕๔	ภาชนะชนิดหนึ่ง ทำด้วยไม้ขุด รูปวงกลมมีขอบ ด้ามสั้น สำหรับสงข้าวเหนียวที่นึ่งสุกใหม่ๆ หรือคนข้าวเหนียวนึ่งให้ลดความร้อนก่อนนำไปใส่ในกล่องข้าว หรือใช้เป็นภาชนะรองถ้วยชามอย่างสำรับ, กระโบม ก็เรียก, อีสานและพายัพว่า กะบมหรือกะโบม.
กระบวน	๒๕๔๒	น. ขบวน, แบบแผน เช่น กระบวนหนังสือไทย, ชั้นเชิง เช่น ทํากระบวน งามกระบวนเนตรเงาเสน่ห์งํา; ลําดับ เช่น แลขุนหมื่นชาวสานทังปวงเฝ้าตามกระบวน. (สามดวง); วิธีการ เช่น จัดกระบวนพิจารณาอรรถคดีในโรงศาล, นิยมใช้เข้าคู่กับคํา กระบิด เป็น กระบิดกระบวน.
กระบวน	๒๕๕๔	หมู่คนหรือพาหนะเป็นต้นที่จัดเป็นแถวเป็นแนวหรือเป็นหมวดเป็นหมู่ตามแบบแผน เช่น กระบวนพยุหยาตรา กระบวนทัพ, แบบแผน เช่น กระบวนหนังสือไทย, ชั้นเชิง เช่น ทำกระบวน งามกระบวนเนตรเงาเสน่ห์งำ
กระบวนกระบิด	๒๕๔๒	(กลอน) น. ชั้นเชิง เช่น ทั้งกระบวนกระบิดติดปั้นปึ่ง. (ไกรทอง), กระบิดกระบวน ก็ว่า.
กระบวนกระบิด	๒๕๕๔	แสร้งทำชั้นเชิงเพื่อถ่วงเวลาหรือเรียกร้องความสนใจเป็นต้น เช่น ทั้งกระบวนกระบิดติดปั้นปึ่ง (ไกรทอง), กระบิดกระบวน ก็ว่า.
กระบวนการ	๒๕๔๒	น. ปรากฏการณ์ธรรมชาติที่ค่อย&#160;ๆ เปลี่ยนแปลงอย่างมีระเบียบ ไปสู่ผลอย่างหนึ่ง เช่น กระบวนการเจริญเติบโตของเด็ก, กรรมวิธีหรือลําดับการกระทําซึ่งดําเนินต่อเนื่องกันไปจนสําเร็จลง ณ ระดับหนึ่ง เช่น กระบวนการเคมีเพื่อผลิตสิ่งใดสิ่งหนึ่ง. (อ. process).
กระบวนการ	๒๕๕๔	ปรากฏการณ์ธรรมชาติที่ค่อยๆ เปลี่ยนแปลงอย่างมีระเบียบ ไปสู่ผลอย่างหนึ่ง เช่น กระบวนการเจริญเติบโตของเด็ก, กรรมวิธีหรือลำดับการกระทำซึ่งดำเนินต่อเนื่องกันไปจนสำเร็จลง ณ ระดับหนึ่ง เช่น กระบวนการเคมีเพื่อผลิตสิ่งใดสิ่งหนึ่ง.
กระบวนการยุติธรรม	๒๕๔๒	(กฎ) น. วิธีดําเนินการให้ความคุ้มครองสิทธิ เสรีภาพ และให้ความเป็นธรรมในทางกฎหมายแก่บุคคล โดยบุคลากรและองค์กร หรือสถาบันต่าง&#160;ๆ ซึ่งมีหน้าที่บริหารงานยุติธรรม ได้แก่ พนักงานฝ่ายปกครองหรือตํารวจ พนักงานสอบสวน พนักงานอัยการ ทนายความ ศาล กระทรวงยุติธรรม และกรมราชทัณฑ์.
กระบวนการยุติธรรม	๒๕๕๔	ขั้นตอนและวิธีดำเนินการในการบังคับการให้เป็นไปตามกฎหมายเพื่ออำนวยความยุติธรรม คุ้มครองสิทธิ และเสรีภาพของบุคคล.
กระบวนความ	๒๕๔๒	น. แบบแผนของเนื้อความหรือเรื่องราว เช่น ครบถ้วนกระบวนความ.
กระบวนความ	๒๕๕๔	แบบแผนของเนื้อความหรือเรื่องราว เช่น ครบถ้วนกระบวนความ.
กระบวนจีน	๒๕๔๒	น. วิธีการที่นำแบบอย่างศิลปะของจีนมาดัดแปลงหรือประกอบในงานจิตรกรรม ประติมากรรม สถาปัตยกรรม และ มัณฑนศิลป์ของไทย, เรียกลวดลายผ้าแพร โดยมากเป็นรูปประแจ กะแปะ มังกร ว่า ลายกระบวนจีน.
กระบวนจีน	๒๕๕๔	วิธีการที่นำแบบอย่างศิลปะของจีนมาดัดแปลงหรือประกอบในงานจิตรกรรม ประติมากรรม สถาปัตยกรรม และมัณฑนศิลป์ของไทย, เรียกลวดลายผ้าแพร โดยมากเป็นรูปประแจ กะแปะ มังกร ว่า ลายกระบวนจีน.
กระบวนท่า	๒๕๕๔	แม่ไม้ที่เป็นหลักในวิชากระบี่กระบองหรือมวยเป็นต้น.
กระบวนฝรั่ง	๒๕๕๔	วิธีการที่นำแบบอย่างศิลปะของตะวันตกมาดัดแปลงหรือประกอบในงานจิตรกรรม ประติมากรรม สถาปัตยกรรม และมัณฑนศิลป์ของไทยในบางสมัย.
กระบวย	๒๕๔๒	น. ภาชนะสําหรับตักนํ้า เดิมทําด้วยกะลามะพร้าว มีด้ามถือ, พายัพว่า น้ำโบย.
กระบวย	๒๕๕๔	ภาชนะสำหรับตักนํ้า เดิมทำด้วยกะโหลกมะพร้าวขนาดเล็ก มีด้ามถือ.
กระบวร	๒๕๔๒	[-บวน] ก. ประดับ, แต่ง.<2t>ว. วิจิตร. (แผลงมาจาก กบูร).
กระบวร	๒๕๕๔	แต่ง, ประดับ. ว. งาม.
กระบอก	๒๕๔๒	น. ไม้ไผ่ที่ตัดเป็นท่อน, ของอื่น&#160;ๆ ที่มีรูปคล้ายคลึงเช่นนั้น เช่น กระบอกปืน กระบอกตา; ลักษณนามบอกสัณฐาน สําหรับใช้กับของกลมยาวแต่กลวง เช่น ข้าวหลาม ๓ กระบอก; เสื้อชนิดหนึ่งในสมัยรัชกาลที่ ๔ แขนยาว ช่วงตัวสั้นเสมอบั้นเอว แขนรัด ตัวรัด คอสูง เรียกว่า เสื้อกระบอก; หุ่นชนิดหนึ่งมีแต่ส่วนหัวและมือ ๒ ข้าง ลำตัวทำด้วยไม้กระบอก มีผ้าเย็บเป็นถุงคลุม เวลาเชิดใช้มือสอดเข้าไปจับไม้กระบอกนั้นเชิด เรียกว่า หุ่นกระบอก; (เรขา) รูปตันที่กําเนิดขึ้นจากการเขียนรูปสี่เหลี่ยมผืนผ้า โดยใช้ด้านใดด้านหนึ่งเป็นแกนแล้วหมุนโดยรอบฐาน ปลายทั้ง ๒ ข้างมีหน้าเป็นวงกลม เรียกว่า รูปทรงกระบอก หรือ รูปกระบอก, ลักษณะได้แก่รูปที่มีสัณฐานกลมยาวและตรงซึ่งมีส่วนสัดกลมเท่ากันตั้งแต่ต้นจนปลาย. (อ. cylinder).
กระบอก	๒๕๕๔	ไม้ไผ่ที่ตัดเป็นท่อน, ของอื่นๆ ที่มีรูปคล้ายคลึงเช่นนั้น เช่น กระบอกปืน กระบอกตา
กระบอกตา	๒๕๕๔	เบ้าตา.
กระบอกสูบ	๒๕๔๒	น. ส่วนของเครื่องจักรเครื่องยนต์ ลักษณะเป็นโพรงรูปกระบอกอยู่ในเสื้อสูบ เป็นช่องสําหรับบังคับให้ลูกสูบเคลื่อนไปมา.
กระบอกสูบ	๒๕๕๔	ส่วนของเครื่องจักรเครื่องยนต์ ลักษณะเป็นโพรงรูปกระบอกอยู่ในเสื้อสูบ เป็นช่องสำหรับบังคับให้ลูกสูบเคลื่อนไปมา.
กระบอกหัว	๒๕๔๒	(โบ) น. กะโหลกหัว เช่น อีกกระบอกหววมึงกูจะผ่า. (ม. คําหลวง ชูชก), ปักษ์ใต้ว่า บอกหัว.
กระบอกหัว	๒๕๕๔	กะโหลกหัว เช่น อีกกระบอกหววมึงกูจะผ่า (ม. คำหลวง ชูชก), ปักษ์ใต้ว่า บอกหัว.
กระบอกเพลา	๒๕๔๒	น. ไม้แข็งเช่นเต็งรังทําเป็นปลอกตอกอัดไว้ในรูดุมเกวียน สําหรับสอดเพลาเข้าในรูนั้นป้องกันมิให้รูดุมคราก.
กระบอกเพลา	๒๕๕๔	ไม้แข็งเช่นเต็งรัง ทำเป็นปลอกตอกอัดไว้ในรูดุมเกวียน สำหรับสอดเพลาเข้าในรูนั้นป้องกันมิให้รูดุมคราก.
กระบอกเสียง	๒๕๔๒	(ปาก) น. ผู้เป็นปากเป็นเสียงแทน.
กระบอกเสียง	๒๕๕๔	ผู้เป็นปากเป็นเสียงแทน.
กระบอง	๒๕๔๒	น. ไม้สั้นสําหรับใช้ตี มีรูปกลมบ้าง เหลี่ยมบ้าง คล้ายพลองแต่สั้นกว่า, ใช้ว่า ตระบอง ก็มี. (ข. ฏํบง; ปักษ์ใต้ บอง).
กระบอง	๒๕๕๔	ไม้ใช้เป็นอาวุธสำหรับใช้ตี มีรูปกลมบ้าง เหลี่ยมบ้าง, ใช้ว่า ตระบอง ก็มี.
กระบองกลึง	๒๕๔๒	น. ไม้กลึงเป็นรูปกระบองอย่างยาวสําหรับถือเข้าขบวนแห่ช้างสําคัญ.
กระบองกลึง	๒๕๕๔	ไม้กลึงเป็นรูปกระบองอย่างยาว สำหรับถือเข้าขบวนแห่ช้างสำคัญ.
กระบองกัน	๒๕๔๒	ดู ตะบองกัน.
กระบองกัน	๒๕๕๔	ดู ตะบองกัน.
กระบองราหู	๒๕๔๒	น. ชื่อโรคตามตําราแพทย์แผนโบราณว่าเป็นโรคซางชนิดหนึ่ง ที่ขึ้นเป็นเม็ดที่เด็กอ่อน, ละบองราหู ก็เรียก.
กระบองราหู	๒๕๕๔	ชื่อโรคซางชนิดหนึ่ง เกิดแก่ทารกแรกเกิดจนถึงอายุ ๑๒ เดือน, ตะบองราหู ละบองราหู หรือ ลำบองราหู ก็เรียก.
กระบองเพชร	๒๕๔๒	น. ใบตาลที่ขมวดปลายลงอักขระสําหรับใช้ในพิธีตรุษและโกนจุก, ตะบองเพชร ก็เรียก.
กระบองเพชร	๒๕๕๔	ใบตาลที่ขมวดปลายคล้ายรูปหัวนก ลงอักขระตามยาวของใบ เป็นเครื่องรางของขลังสำหรับใช้ในพิธีตรุษและโกนจุก, ตะบองเพชร ก็เรียก.
กระบะ	๒๕๔๒	น. ภาชนะไม้ก้นแบนมีขอบ ใช้อย่างถาด, ใช้ว่า ตระบะ ก็มี; ชื่อรถชนิดหนึ่งใช้บรรทุกสิ่งของ ทําตัวถังเป็นรูปอย่างกระบะ เรียกว่า รถกระบะ.
กระบะ	๒๕๕๔	ภาชนะไม้ก้นแบนมีขอบ ใช้อย่างถาด, ใช้ว่า ตระบะ ก็มี
กระบัด	๒๕๔๒	(กลอน) ว. บัดใจ, ทันใด, เช่น อาวุธกับศรก็ตกกระบัดเหอรหาย. (สมุทรโฆษ), ตระบัด ก็ใช้.
กระบัด	๒๕๕๔	ประเดี๋ยว, บัดใจ, ทันใด, เช่น อาวุธกับศรก็ตกกระบัดเหอรหาย (สมุทรโฆษ), ตระบัด ก็ใช้.
กระบั้วกระเบี้ย	๒๕๔๒	ว. กระปั้วกระเปี้ย, กะปลกกะเปลี้ย, เดินไม่คล่องแคล่ว (อย่างผู้รื้อไข้).
กระบั้วกระเบี้ย	๒๕๕๔	กระปั้วกระเปี้ย, กะปลกกะเปลี้ย, เดินไม่คล่องแคล่ว (อย่างผู้รื้อไข้).
กระบา	๒๕๕๔	ดู ตบยุง.
กระบาก	๒๕๔๒	น. ชื่อไม้ต้นขนาดใหญ่หลายชนิดในสกุล Anisoptera ในวงศ์ Dipterocarpaceae ขึ้นในป่าดิบทั่วไป ลําต้นตรง สูง ๓๐-๔๐ เมตร เนื้อไม้ใช้ในการก่อสร้างที่ไม่ต้องรับนํ้าหนัก โดยมากใช้เป็นไม้แบบหล่อคอนกรีต.
กระบาก	๒๕๕๔	ชื่อไม้ต้นขนาดใหญ่หลายชนิดในสกุล Anisoptera วงศ์ Dipterocarpaceae ขึ้นในป่าดิบทั่วไป ลำต้นตรง สูง ๓๐-๔๐ เมตร เนื้อไม้ใช้ในการก่อสร้างที่ไม่ต้องรับนํ้าหนัก โดยมากใช้เป็นไม้แบบหล่อคอนกรีต.
กระบาย	๒๕๔๒	น. ภาชนะสานรูปคล้ายกระบุงแต่มีขนาดเล็กกว่า ปากกลม ก้นสี่เหลี่ยม.
กระบาย	๒๕๕๔	ภาชนะสานรูปคล้ายกระบุง แต่มีขนาดเล็กกว่า ปากกลม ก้นสี่เหลี่ยม.
กระบาล	๒๕๔๒	[-บาน] น. ส่วนกลางของกะโหลกศีรษะ, หัว, (คำไม่สุภาพ) เช่น ตีกระบาล เขกกระบาล, (โบ) เขียนเป็น กระบาน ก็มี เช่น เพิกหนังทังผมนั้นออกเสียแล้วเอากรวดทรายขัดกระบานศีศะชำระให้ขาวเหมือนพรรณศรีสังข์. (สามดวง); แผ่นกระเบื้อง; ลานกลางหมู่บ้าน เรียกว่า กระบาลบ้าน. (แผลงมาจาก กบาล).
กระบาล	๒๕๕๔	ส่วนกลางของกะโหลกศีรษะ, หัว, (คำไม่สุภาพ) เช่น ตีกระบาล เขกกระบาล, (โบ) เขียนเป็น กระบาน ก็มี เช่น เพิกหนังทังผมนั้นออกเสียแล้วเอากรวดทรายขัดกระบานศีศะชำระให้ขาวเหมือนพรรณศรีสังข์ (สามดวง)
กระบิ	๒๕๔๒	น. แท่ง แผ่น ชิ้น.
กระบิ	๒๕๕๔	แท่ง แผ่น ชิ้น หรือส่วนที่บิหรือแยกออกจากส่วนใหญ่.
กระบิด	๒๕๔๒	ก. บิดเชือกหรือตอกให้เขม็งจนขอดเป็นปม.
กระบิด	๒๕๕๔	บิดเชือกหรือตอกให้เขม็งจนขอดเป็นปม.
กระบิดกระบวน	๒๕๔๒	น. ชั้นเชิง เช่น ทําจริตกระบิดกระบวนสะบิ้งสะบัด. (ม. ร่ายยาว ชูชก), กระเบ็ดกระบวน ก็ใช้.<2t>ก. แกล้งทำชั้นเชิงเหมือนไม่เต็มใจ เช่น อย่ากระบิดกระบวนนักเลย.
กระบิดกระบวน	๒๕๕๔	แสร้งทำชั้นเชิงเพื่อถ่วงเวลาหรือเรียกร้องความสนใจเป็นต้น เช่น ทำจริตกระบิดกระบวนสะบิ้งสะบัด (ม. ร่ายยาว ชูชก), กระเบ็ดกระบวน ก็ใช้ เช่น อย่ากระเบ็ดกระบวนนักเลย.
กระบิล	๒๕๔๒	น. ระเบียบ, หมู่. (แผลงมาจาก กบิล).
กระบิล	๒๕๕๔	ระเบียบ, หมู่.
กระบิ้ง	๒๕๔๒	น. นาที่เป็นกระทงเล็ก&#160;ๆ, ตะบิ้ง ก็เรียก.
กระบิ้ง	๒๕๕๔	พื้นที่ในกระทงนาเล็ก ๆ, ตะบิ้ง ก็เรียก.
กระบี่	๒๕๔๒	(กลอน) น. ลิง เช่น ขุนกระบี่มีกำลังโดดโลดโผน กระโจมโจนจับยักษ์หักแขนขา. (รามเกียรติ์ ร. ๒). (ป., ส. กปิ).
กระบี่	๒๕๕๔	ลิง เช่น ขุนกระบี่มีกำลังโดดโลดโผน กระโจมโจนจับยักษ์หักแขนขา
กระบี่กระบอง	๒๕๔๒	น. ชื่อการเล่นชนิดหนึ่ง ต่อสู้กันด้วยกระบี่และกระบองเป็นต้น.
กระบี่กระบอง	๒๕๕๔	ชื่อการเล่นชนิดหนึ่ง ต่อสู้กันด้วยกระบี่และกระบองเป็นต้น.
กระบี่ธุช	๒๕๔๒	น. ชื่อธงมีลักษณะเป็นธงสามชาย ๓ ผืน ผืนธงทำด้วยผ้าปักไหมทองเป็นลวดลายเครือกระหนก สอดร่วมอยู่ในคันธงเดียวกันซึ่งเป็นเหล็ก และทำเป็นกิ่งแยกจากคันกลางทางด้านซ้ายและด้านขวา ปลายคันธงเป็นรูปใบหอก ที่โคนคันธงบริเวณที่สวมต่อคันธงท่อนล่างติดรูปพระกระบี่ คือหนุมานในท่ายืนยกขาหน้าและขาหลังข้างขวาเตรียมเหาะ เรียกเต็มว่า ธงชัยราชกระบี่ธุช หรือ ธงชัยราชกระบี่ธุชใหญ่ ใช้เชิญนำหน้าพระราชยานในกระบวนพยุหยาตรา และอัญเชิญประดิษฐานในพิธีมณฑลในการพระราชพิธีต่าง&#160;ๆ เข้าคู่กับธงพระครุฑพ่าห์ โดยธงกระบี่ธุชอยู่ทางด้านซ้าย และธงพระครุฑพ่าห์อยู่ทางด้านขวา.
กระบี่ธุช	๒๕๕๔	ดู ธงชัยราชกระบี่ธุช, ธงชัยราชกระบี่ธุชใหญ่ ที่ ธง.
กระบี่ลีลา	๒๕๔๒	น. ชื่อเพลงกลองแขก เดิมเป็นเพลงของมลายู ทํานองห่าง&#160;ๆ เช่นเพลงกระบี่กระบอง, แล้วแปลงมาใช้เป็นเพลงร้องรํา ๒ ชั้น ทํานองให้ถี่เข้าประสมเล่นรวมมโหรีและกลองแขก สมัยปลายรัชกาลที่ ๔ หรือต้นรัชกาลที่ ๕ เช่นตอนโหรทูลท้าวเสนากุฎในเรื่องสังข์ศิลป์ชัย. (ดึกดําบรรพ์).
กระบี่ลีลา	๒๕๕๔	ชื่อเพลงไทย อัตรา ๒ ชั้น สมัยอยุธยา
กระบือ	๒๕๔๒	น. ควาย (มักใช้เป็นทางการ) เช่น รูปพรรณโคกระบือ. (ข. กรฺบี; มลายู เกรฺเบา).
กระบือ	๒๕๕๔	ควาย (มักใช้เป็นทางการ) เช่น รูปพรรณโคกระบือ.
กระบือเจ็ดตัว	๒๕๔๒	น. ชื่อไม้พุ่มชนิด Excoecaria cochinchinensis Lour. ในวงศ์ Euphorbiaceae สูง ๑-๒ เมตร ใบด้านบนสีเขียว ด้านล่างสีแดงเลือดหมู ใช้ทํายาได้, ลิ้นกระบือ ก็เรียก, จันทบุรีเรียก ใบท้องแดง.
กระบือเจ็ดตัว	๒๕๕๔	ชื่อไม้พุ่มชนิด Excoecaria cochinchinensis Lour. ในวงศ์ Euphorbiaceae สูง ๑-๒ เมตร ใบด้านบนสีเขียว ด้านล่างสีแดงเลือดหมู ใช้ทำยาได้, ลิ้นกระบือ ก็เรียก, จันทบุรีเรียก ใบท้องแดง.
กระบุง	๒๕๔๒	น. ภาชนะสานทึบรูปกลมสูง พื้นก้นเป็นสี่เหลี่ยม.
กระบุง	๒๕๕๔	ภาชนะสานทึบรูปกลมสูง พื้นก้นเป็นสี่เหลี่ยม, ลักษณนามใช้เปรียบเทียบในความหมายว่า มาก เช่น เขาบ่นไม่รู้กี่กระบุง. ว. มาก เช่น เขาระเบิดความในใจออกมาเป็นกระบุง.
กระบุงโกย	๒๕๔๒	(ปาก) ว. มากมาย เช่น มีข้าวของเป็นกระบุงโกย ถูกบ่นตั้งกระบุงโกย.
กระบุงโกย	๒๕๕๔	จำนวนมาก เช่น มีข้าวของเป็นกระบุงโกย.น. ลักษณนามใช้เปรียบเทียบในความหมายว่า จำนวนมาก เช่น จะไปต่างจังหวัดแค่ ๒ วัน ขนเสื้อผ้ามาตั้งกี่กระบุงโกย.
กระบุ่มกระบ่าม	๒๕๔๒	ว. บุ่ม&#160;ๆ บ่าม&#160;ๆ, ซุ่มซ่าม.
กระบุ่มกระบ่าม	๒๕๕๔	บุ่มๆ บ่ามๆ, ซุ่มซ่าม.
กระบูน	๒๕๔๒	น. ตะบูนขาว. (ดู ตะบูน).
กระบูน	๒๕๕๔	ตะบูนขาว. (ดู ตะบูน).
กระบูนเลือด	๒๕๔๒	น. ชื่อว่านชนิดหนึ่ง หัวและต้นดั่งขมิ้นอ้อย ต้นและใบเขียว หัวขนาดหัวเผือก กลมเกลี้ยงเป็นมัน มีปล้องห่าง&#160;ๆ เนื้อขาว ฉุนร้อน ถ้าเคี้ยวจะทําให้ฟันโยก เชื่อกันว่าใช้ฝนกับนํ้าปูนใสหรือต้มเสียก่อนก็ได้ กินแก้ดานเลือด ดานลม และกระชับมดลูกให้แห้งสนิท. (กบิลว่าน).
กระบูนเลือด	๒๕๕๔	ชื่อว่านชนิดหนึ่ง หัวและต้นดั่งขมิ้นอ้อย ต้นและใบเขียว หัวขนาดหัวเผือก กลมเกลี้ยงเป็นมัน มีปล้องห่างๆ เนื้อขาว ฉุนร้อน ถ้าเคี้ยวจะทำให้ฟันโยก เชื่อกันว่าใช้ฝนกับนํ้าปูนใสหรือต้มเสียก่อนก็ได้ กินแก้ดานเลือด ดานลม และกระชับมดลูกให้แห้งสนิท.
กระบูร	๒๕๔๒	[-บูน] ก. ประดับ, แต่ง. (แผลงมาจาก กบูร).
กระบูร	๒๕๕๔	แต่ง, ประดับ.
กระบู้กระบี้	๒๕๔๒	ว. บู้&#160;ๆ บี้&#160;ๆ, บุบ, บุบแฟบ.
กระบู้กระบี้	๒๕๕๔	บู้ๆ บี้ๆ มาก, บุบแฟบ.
กระบ่า	๒๕๔๒	ดู ตบยุง.
กระบ่า	๒๕๕๔	ดู ตบยุง.
กระบ้า	๒๕๕๔	ดู ตบยุง.
กระปมกระปำ	๒๕๔๒	ว. ปุ่มป่ำ, ปมเปา, เป็นปมเป็นก้อน.
กระปมกระปำ	๒๕๕๔	ปุ่มป่ำ, ปมเปา, ตะปุ่มตะป่ำ, เป็นปมเป็นก้อน.
กระปมกระเปา	๒๕๕๔	ปุ่มป่ำ, ปมเปา, ตะปุ่มตะป่ำ, เป็นปมเป็นก้อน.
กระปรอก	๒๕๔๒	น. ชื่อไต้ชนิดหนึ่ง ห่อด้วยใบพลวงหลายชั้น ลูกยาวใหญ่เหมือนไต้หาง แต่ไม่มีหาง ชาวทะเลและชาวชนบทชอบใช้สําหรับหาหอย กุ้ง ปลา เพราะดวงไฟใหญ่ไม่ใคร่ดับ.
กระปรอก	๒๕๕๔	ชื่อไต้ชนิดหนึ่ง ห่อด้วยใบพลวงหลายชั้น ลูกยาวใหญ่เหมือนไต้หาง แต่ไม่มีหาง ชาวทะเลและชาวชนบทชอบใช้สำหรับหาหอย กุ้ง ปลา เพราะดวงไฟใหญ่ไม่ใคร่ดับ.
กระปรอกว่าว	๒๕๔๒	ดู กระแตไต่ไม้ ๒.
กระปรอกว่าว	๒๕๕๔	ดู กระแตไต่ไม้ ๒.
กระปรี้กระเปร่า	๒๕๔๒	ว. แคล่วคล่องว่องไว เพราะมีกําลังวังชา, กระฉับกระเฉง, ไม่เนิบนาบ.
กระปรี้กระเปร่า	๒๕๕๔	แคล่วคล่องว่องไว เพราะมีกำลังวังชา, กระฉับกระเฉง, ไม่เนิบนาบ.
กระปอก	๒๕๕๔	ชื่อไต้ชนิดหนึ่ง ห่อด้วยใบพลวงหลายชั้น ลูกยาวใหญ่เหมือนไต้หาง แต่ไม่มีหาง ชาวทะเลและชาวชนบทชอบใช้สำหรับหาหอย กุ้ง ปลา เพราะดวงไฟใหญ่ไม่ใคร่ดับ.
กระปอดกระแปด	๒๕๔๒	ว. อาการที่บ่นปอดแปด, อาการที่บ่นรํ่าไร.
กระปอดกระแปด	๒๕๕๔	อาการที่บ่นไม่รู้จักจบ, อาการที่บ่นรํ่ารี้ร่ำไร, ปอดแปด ก็ว่า.
กระปั้วกระเปี้ย	๒๕๔๒	ว. กระบั้วกระเบี้ย, กะปลกกะเปลี้ย, ไม่คล่องแคล่ว, ไม่แข็งแรง.
กระปั้วกระเปี้ย	๒๕๕๔	กระบั้วกระเบี้ย, กะปลกกะเปลี้ย, ไม่คล่องแคล่ว, ไม่แข็งแรง.
กระปำ	๒๕๔๒	ใช้เข้าคู่กับคํา กระปม เป็น กระปมกระปำ.
กระปิ่ม	๒๕๔๒	ใช้เข้าคู่กับคํา กระปุ่ม เป็น กระปุ่มกระปิ่ม.
กระปุก	๒๕๔๒	น. ภาชนะเครื่องปั้นดินเผาหรือแก้วเป็นต้น รูปป้อม&#160;ๆ เตี้ย&#160;ๆ ขนาดเล็ก โดยมากปากแคบ ก้นสอบ, ลักษณนามเรียกทะลายของผลระกําหรือผลจาก เช่น ผลระกํากระปุกหนึ่ง ผลจาก ๒ กระปุก.
กระปุก	๒๕๕๔	ภาชนะเครื่องปั้นดินเผาหรือแก้วเป็นต้น รูปป้อมๆ เตี้ยๆ ขนาดเล็ก โดยมากปากแคบ ก้นสอบ, ลักษณนามเรียกทะลายของผลระกำหรือผลจาก เช่น ผลระกำกระปุกหนึ่ง ผลจาก ๒ กระปุก.
กระปุกหลุก	๒๕๔๒	ว. อ้วนกลมน่าเอ็นดู.
กระปุกหลุก	๒๕๕๔	อ้วนกลมน่าเอ็นดู.
กระปุ่ม	๒๕๔๒	(ถิ่น-อีสาน) น. เครื่องสานชนิดหนึ่ง ส่วนล่างใหญ่ ส่วนบนเล็ก รูปกลม มีฝาสวมลงลึก สําหรับใส่สิ่งของ พ่อค้าหาบเร่มักใช้.
กระปุ่ม	๒๕๕๔	เครื่องสานชนิดหนึ่ง ส่วนล่างใหญ่ ส่วนบนเล็ก รูปกลม มีฝาสวมลงลึก สำหรับใส่สิ่งของ พ่อค้าหาบเร่มักใช้, อีสานว่า กะปุ่ม.
กระปุ่มกระปิ่ม	๒๕๕๔	มีปุ่มป่ำมาก เช่น ดูกระปุ่มกระปิ่มตุ่มติ่มเต็ม
กระปุ่มกระป่ำ	๒๕๔๒	ว. มีปุ่มป่ำมาก เช่น ดูกระปุ่มกระปิ่มตุ่มติ่มเต็ม. (นิ. เพชร).
กระปุ่มกระป่ำ	๒๕๕๔	มีปุ่มป่ำมาก เช่น ดูกระปุ่มกระปิ่มตุ่มติ่มเต็ม
กระปุ๊กลุก	๒๕๕๔	อ้วนกลมน่าเอ็นดู.
กระปูด	๒๕๕๔	ดู กะปูด.
กระป่อง	๒๕๔๒	(กลอน) ว. ป่อง เช่น สักหน่อยหนึ่งมึงจะท้องกระป่องเหยาะ. (อภัย).
กระป่อง	๒๕๕๔	ป่อง เช่น สักหน่อยหนึ่งมึงจะท้องกระป่องเหยาะ
กระป่ำ	๒๕๔๒	ว. เป็นปุ่มป่ำ เช่น บนเขากระป่ำ. (ม. คําหลวง กุมาร), มักใช้เข้าคู่กับคํา กระปุ่ม เป็น กระปุ่มกระป่ำ.
กระป่ำ	๒๕๕๔	เป็นปุ่มป่ำ เช่น บนเขากระป่ำ (ม. คำหลวง กุมาร), มักใช้เข้าคู่กับคำ กระปุ่ม เป็น กระปุ่มกระป่ำ.
กระป้อกระแป้	๒๕๔๒	ว. ป้อแป้มาก, กําลังน้อย.
กระป้อกระแป้	๒๕๕๔	ป้อแป้มาก, กำลังน้อย.
กระป๋อง	๒๕๔๒	น. ภาชนะทําด้วยเหล็กวิลาดหรือสังกะสีเป็นต้น มักมีรูปเป็นทรงกระบอก สําหรับบรรจุของต่าง&#160;ๆ, ลักษณนามว่า ใบ, ลูก.
กระป๋อง	๒๕๕๔	ภาชนะทำด้วยเหล็กวิลาดหรือสังกะสีเป็นต้น มักมีรูปเป็นทรงกระบอก สำหรับบรรจุของต่างๆ เช่น กระป๋องนม กระป๋องน้ำ กระป๋องแป้ง, ลักษณนามว่า ใบ, ลูก.
กระป๋อหลอ	๒๕๔๒	ว. เหลอ (ใช้แก่หน้า) เช่น ก็หยุดยั้งนั่งหน้ากระป๋อหลอ. (มณีพิชัย).
กระป๋อหลอ	๒๕๕๔	เหลอ (ใช้แก่หน้า) เช่น ก็หยุดยั้งนั่งหน้ากระป๋อหลอ
กระผม	๒๕๔๒	ส. คําใช้แทนตัวผู้พูด เพศชาย พูดกับผู้ใหญ่, เป็นสรรพนามบุรุษที่ ๑.
กระผม	๒๕๕๔	คำใช้แทนตัวผู้พูด เพศชาย พูดกับผู้ใหญ่, เป็นสรรพนามบุรุษที่ ๑.
กระผลาม	๒๕๔๒	[-ผฺลาม] ใช้เข้าคู่กับคํา กระผลี เป็น กระผลีกระผลาม.
กระผลีกระผลาม	๒๕๔๒	[-ผฺลี-ผฺลาม] ว. รีบร้อนเกินไปโดยไม่ระมัดระวังหรือไม่ถูกกาลเทศะ.
กระผลีกระผลาม	๒๕๕๔	รีบร้อนเกินไปโดยไม่ระมัดระวังหรือไม่ถูกกาลเทศะ.
กระผาน	๒๕๔๒	น. ตะโพก. (ปาเลกัว).
กระผาน	๒๕๕๔	ตะโพก.
กระผีก	๒๕๔๒	น. มาตราตวง มีพิกัดเท่ากับ ๑ ภาค (คือ ๑ ใน ๔) ของกระเพาะ.<2t>ว. เล็กน้อย.
กระผีก	๒๕๕๔	มาตราตวง มีพิกัดเท่ากับ ๑ ภาค (คือ ๑ ใน ๔) ของกระเพาะ.
กระผีกริ้น	๒๕๔๒	(ปาก) ว. นิดหน่อย, น้อยมาก, เล็กน้อย.
กระผีกริ้น	๒๕๕๔	นิดหน่อย, น้อยมาก, เล็กน้อย.
กระพรวน	๒๕๔๒	[-พฺรวน] น. โลหะทําเป็นรูปกลมกลวง มีลูกกลิ้งเล็ก&#160;ๆ อยู่ข้างในเพื่อให้เกิดเสียง ใช้ผูกคอสัตว์หรือข้อเท้าเป็นต้น, พรวน ลูกพรวน หรือ ลูกกระพรวน ก็ว่า; (ถิ่น-พายัพ, อีสาน) มะหิ่ง หรือ หมากหิ่ง.
กระพรวน	๒๕๕๔	โลหะทำเป็นรูปกลมกลวง มีลูกกลิ้งเล็กๆ อยู่ข้างในเพื่อให้เกิดเสียง ใช้ผูกข้อเท้าเด็กหรือคอสัตว์เป็นต้น, พรวน ลูกพรวน หรือ ลูกกระพรวน ก็ว่า, (ถิ่น–พายัพ, อีสาน) หมากหิ่ง หรือ มะหิ่ง.
กระพริ้ม	๒๕๔๒	(กลอน) ว. พริ้มพราย, แฉล้ม, เช่น ดูกระพริ้มริมแดงดังแสงโสม. (นิ. เดือน).
กระพริ้ม	๒๕๕๔	พริ้มพราย, แฉล้ม, เช่น ดูกระพริ้มริมแดงดังแสงโสม
กระพอก	๒๕๔๒	น. กล่องสานมีฝาครอบสําหรับใส่อาหาร; หม้อ (มงคลทีปนีแปลร้อย กุมภชาดก); กระบะสําหรับใส่กับข้าว เช่น ร่วมกระพอกจอกจานร้านเรือนเดียว. (สุ. สอนเด็ก); การเลี้ยงกัน, ที่เลี้ยงกัน. (อะหม พอก ว่า เลี้ยงกัน).
กระพอก	๒๕๕๔	กล่องสานมีฝาครอบสำหรับใส่อาหาร
กระพอกวัว	๒๕๔๒	น. ชื่อนกชนิดหนึ่ง. (พจน. ๒๔๙๓).
กระพอกวัว	๒๕๕๔	ชื่อนกชนิดหนึ่ง.
กระพอง	๒๕๔๒	น. ส่วนที่นูนเป็นปุ่ม ๒ ข้างศีรษะช้าง, ตระพอง ตะพอง หรือ กะพอง ก็ว่า.
กระพอง	๒๕๕๔	ส่วนที่นูนเป็นปุ่ม ๒ ข้างหัวช้าง, ตระพอง ตะพอง หรือ กะพอง ก็ว่า.
กระพัก	๒๕๔๒	น. โขดหินหรือไหล่เขาที่เป็นขั้น&#160;ๆ พอพักได้ เช่น บ้างก็เป็นกระพักกระเพิงกระพังพุ. (ม. ร่ายยาว กุมาร), ตะพัก ก็ว่า.
กระพัก	๒๕๕๔	ตะพัก, โขดหินหรือไหล่เขาที่เป็นขั้น ๆ พอพักได้ เช่น บ้างก็เป็นกระพักกระเพิงกระพังพุ (ม. ร่ายยาว กุมาร).
กระพัง	๒๕๔๒	น. แอ่ง, บ่อ, หนอง, ตระพัง ตะพัง หรือ สะพัง ก็เรียก. (เทียบ ข. ตฺรพําง ว่า บ่อที่เกิดเอง).
กระพัง	๒๕๕๔	แอ่ง, บ่อ, หนอง, ตระพัง ตะพัง หรือ สะพัง ก็เรียก.
กระพังเหิร	๒๕๔๒	น. ชื่อการฟันด้วยขอช้างอย่างหนึ่ง คือฟันให้หยุดอย่างชะงัก. (ตําราขี่ช้าง).
กระพังเหิร	๒๕๕๔	ชื่อการฟันด้วยขอช้างวิธีหนึ่ง คือฟันให้หยุดอย่างชะงัก.
กระพังโหม	๒๕๔๒	น. ชื่อไม้เถาชนิด Oxystelma secamone (L.) Karst. ในวงศ์ Asclepiadaceae ทั้งต้นมียางขาว ใบแคบเรียวแหลม ออกเป็นคู่ตรงข้ามกัน มีนวล ดอกสีม่วงแกมชมพู ใช้ทํายาได้ ใบและเถาใช้เป็นอาหาร, จมูกปลาหลด จมูกปลาไหล หรือ ผักไหม ก็เรียก.
กระพังโหม	๒๕๕๔	ชื่อไม้เถาชนิด Sarcostemma secamone (L.) Bennet ในวงศ์ Asclepiadaceae ทั้งต้นมียางขาว ใบแคบเรียวแหลม ออกเป็นคู่ตรงข้ามกัน มีนวล ดอกสีม่วงแกมชมพู ใช้ทำยาได้ ใบและเถาใช้เป็นอาหาร, จมูกปลาหลด จมูกปลาไหล หรือ ผักไหม ก็เรียก.
กระพัด	๒๕๔๒	น. เชือกหรือลวดหนังตีเป็นเกลียวหุ้มผ้าแดง ปรกติคล้องผูกอยู่รอบคอช้าง เมื่อตั้งสัปคับหรือกูบอย่างใดอย่างหนึ่ง ใช้ปลายทั้ง ๒ ข้างผูกสัปคับหรือกูบเพื่อรั้งมิให้เลื่อนไปทางท้ายช้างขณะเดินขึ้นที่ชัน, เขียนเป็น กระพัตร ก็มี เช่น และกระพัตรรัตคนควร. (ดุษฎีสังเวย).<2t>ก. ผูก, คาด, ล้อม, เช่น เหตุกระพัดรัดตาด้วยไฟราค. (ม. ร่ายยาว ชูชก).
กระพัด	๒๕๕๔	เชือกหรือลวดหนังตีเป็นเกลียวหุ้มผ้าแดง ปรกติคล้องผูกอยู่รอบคอช้าง เมื่อตั้งสัปคับหรือกูบอย่างใดอย่างหนึ่ง ใช้ปลายทั้ง ๒ ข้างผูกสัปคับหรือกูบเพื่อรั้งมิให้เลื่อนไปทางท้ายช้างขณะเดินขึ้นที่ชัน, เขียนเป็น กระพัตร ก็มี เช่น และกระพัตรรัตคนควร
กระพัดแม่ม่าย	๒๕๔๒	ดู กระดูกกบ.
กระพัดแม่ม่าย	๒๕๕๔	ดู กระดูกกบ.
กระพัตร	๒๕๔๒	[-พัด] น. เชือกหรือลวดหนังตีเป็นเกลียวหุ้มผ้าแดง ปรกติคล้องผูกอยู่รอบคอช้าง เมื่อตั้งสัปคับ หรือกูบอย่างใดอย่างหนึ่ง ใช้ปลายทั้ง ๒ ข้างผูกสัปคับหรือกูบเพื่อรั้งมิให้เลื่อนไปทางท้ายช้างขณะเดินขึ้นที่ชัน เช่น และกระพัตรรัตคนควร. (ดุษฎีสังเวย), กระพัด ก็ว่า.
กระพัตร	๒๕๕๔	กระพัด.
กระพัน	๒๕๔๒	ว. ทนทานต่อศัสตราวุธ, มักใช้ควบกับ ชาตรี เป็น คงกระพันชาตรี. (เทียบมลายู กะบัล).
กระพัน	๒๕๕๔	ทนทานต่อศัสตราวุธ.
กระพั่น	๒๕๔๒	(ถิ่น-อีสาน) น. เครื่องไม้ในจําพวกเครื่องทอผ้า สําหรับม้วนผ้า.
กระพา	๒๕๔๒	(ถิ่น-อีสาน) น. เครื่องสานชนิดหนึ่ง สําหรับใส่สิ่งของบรรทุกไว้ที่หลังคน มีสายรัดไขว้หน้าอก ใช้อย่างต่างใส่วัว แต่มีอันเดียว.
กระพา	๒๕๕๔	เครื่องสานชนิดหนึ่ง สำหรับใส่สิ่งของบรรทุกไว้ที่หลังคน ใช้อย่างเป้ มีสายรัดไขว้ที่หน้าอก หรือคาดที่หน้าผาก, อีสานว่า กะพา.
กระพาก	๒๕๔๒	น. ปลาตะพาก. (ประพาสไทรโยค). (ดู ตะพาก).
กระพาก	๒๕๕๔	ปลาตะพาก. (ดู ตะพาก).
กระพี้	๒๕๔๒	น. ส่วนของเนื้อไม้ที่หุ้มแก่น, เนื้อไม้ที่อยู่ระหว่างเปลือกกับแก่น มีลักษณะอ่อนและยุ่ยง่าย.<2t>ว. โดยปริยายหมายความว่า ไม่เป็นแก่นสาร.
กระพี้	๒๕๕๔	ส่วนของเนื้อไม้ที่หุ้มแก่น, เนื้อไม้ที่อยู่ระหว่างเปลือกกับแก่น มีลักษณะอ่อนและยุ่ยง่าย.
กระพี้นางนวล	๒๕๔๒	น. ชื่อไม้ต้นชนิด Dalbergia cana Grah. ex Kurz ในวงศ์ Leguminosae ใบเป็นใบประกอบ ใบย่อยรูปไข่ ปลายเรียวแหลม ดอกรูปดอกถั่ว กลีบเลี้ยงสีม่วงดำ กลีบดอกสีขาวอมเหลือง ฝักแบน มีขน มี ๒ เมล็ด, จักจั่น ก็เรียก.
กระพี้นางนวล	๒๕๕๔	ชื่อไม้ต้นชนิด Dalbergia canaGraham ex Kurz ในวงศ์ Leguminosae ใบเป็นใบประกอบ ใบย่อยรูปไข่ ปลายเรียวแหลม ดอกรูปดอกถั่ว กลีบเลี้ยงสีม่วงดำ กลีบดอกสีขาวอมเหลือง ฝักแบน มีขน มี ๒ เมล็ด, จักจั่น ก็เรียก.
กระพี้เขาควาย	๒๕๔๒	น. ชื่อไม้ต้นขนาดกลางถึงใหญ่ชนิด Dalbergia cultrata Grah. ex Benth. ในวงศ์ Leguminosae ขึ้นตามป่าเบญจพรรณและป่าทุ่งทั่วไป เว้นแต่ปักษ์ใต้ แก่นสีดําแข็งและหนักมาก ใช้ทําเครื่องเรือน เพลาเกวียน และด้ามเครื่องมือต่าง&#160;ๆ.
กระพี้เขาควาย	๒๕๕๔	ชื่อไม้ต้นขนาดกลางถึงขนาดใหญ่ชนิด Dalbergia cultrata Graham ex Benth. ในวงศ์ Leguminosae ขึ้นตามป่าเบญจพรรณและป่าทุ่งทั่วไป เว้นแต่ปักษ์ใต้ แก่นสีดำแข็งและหนักมาก ใช้ทำเครื่องเรือน เพลาเกวียน และด้ามเครื่องมือต่างๆ.
กระพือ	๒๕๔๒	ก. เอาสิ่งที่เป็นผืนแผ่นบาง&#160;ๆ โบกขึ้นลง, พัดหรือโบกด้วยอาการเช่นนั้น, โดยปริยายหมายถึง แพร่กระจาย เช่น ข่าวนี้กระพือไปอย่างรวดเร็ว.
กระพือ	๒๕๕๔	เอาสิ่งที่เป็นผืนแผ่นบางๆ โบกขึ้นลง, พัดหรือโบกด้วยอาการเช่นนั้น, โดยปริยายหมายถึงแพร่กระจาย เช่น ข่าวนี้กระพือไปอย่างรวดเร็ว.
กระพุ่ม	๒๕๔๒	น. ลักษณะของสิ่งที่เป็นพุ่มยอดแหลมอย่างดอกบัวตูม, (กลอน) พุ่ม เช่น ดอกพวงเผล็ดช่อ กระพุ่มห่อเกสร สลอนบุษบาบาน. (ลอ), สองถันกระพุ่มกาญ- จนแมนมาเลขา. (อนิรุทธ์).
กระพุ่ม	๒๕๕๔	ลักษณะของสิ่งที่เป็นพุ่มยอดแหลมอย่างดอกบัวตูม, (กลอน) พุ่ม เช่น ดอกพวงเผล็ดช่อ กระพุ่มห่อเกสร สลอนบุษบาบาน (ลอ), สองถันกระพุ่มกาญ- จนแมนมาเลขา
กระพุ่มมือ	๒๕๔๒	ก. พนมมือ.<2t>น. มือที่พนม.
กระพุ่มมือ	๒๕๕๔	พนมมือ เช่น นั่งกระพุ่มมือ.
กระพุ้ง	๒๕๔๒	น. ส่วนที่ป่องออก เช่น กระพุ้งแก้ม กระพุ้งก้น.
กระพุ้ง	๒๕๕๔	ส่วนที่ป่องออก เช่น กระพุ้งแก้ม กระพุ้งก้น.
กระพ้อม	๒๕๔๒	น. ภาชนะสานขนาดใหญ่สำหรับบรรจุข้าวเปลือกเป็นต้น, พ้อม ก็เรียก; (ถิ่น-อีสาน) เครื่องสานชนิดหนึ่ง รูปเหมือนกระบุง แต่เล็กกว่าราวครึ่งหนึ่ง.
กระพ้อม	๒๕๕๔	พ้อม.
กระฟัดกระเฟียด	๒๕๔๒	ว. อาการที่โกรธหรือแสร้งทําโกรธ.
กระฟัดกระเฟียด	๒๕๕๔	อาการที่โกรธหรือแสร้งทำโกรธ (ใช้แก่ผู้หญิง).
กระฟาย	๒๕๔๒	ใช้เข้าคู่กับคํา กระฟูม เป็น กระฟูมกระฟาย.
กระฟูมกระฟาย	๒๕๔๒	ก. ฟูมฟาย.
กระฟูมกระฟาย	๒๕๕๔	ฟูมฟาย.
กระมล	๒๕๔๒	[-มน] (กลอน; แผลงมาจาก กมล) น. ดอกบัว, หัวใจ.
กระมล	๒๕๕๔	บัว
กระมอบ	๒๕๔๒	น. ชื่อไม้ต้นขนาดย่อมชนิด Gardenia obtusifolia Roxb. ในวงศ์ Rubiaceae คล้ายกระเบียน (๒) ซึ่งอยู่ในวงศ์เดียวกัน แต่ใบคายและเล็กกว่า ปลายใบป้าน ยอดอ่อนมียางเหนียว ผลย่อมกว่า เนื้อไม้ขาวละเอียด ใช้แกะสลักได้.
กระมอบ	๒๕๕๔	ชื่อไม้ต้นขนาดย่อมชนิด Gardenia obtusifolia Roxb. ex Kurz ในวงศ์ Rubiaceae คล้ายกระเบียน (๒) ซึ่งอยู่ในวงศ์เดียวกัน แต่ใบคายและเล็กกว่า ปลายใบป้าน ยอดอ่อนมียางเหนียว ผลย่อมกว่า เนื้อไม้ขาวละเอียด ใช้แกะสลักได้.
กระมอมกระแมม	๒๕๔๒	ว. มอมแมมมาก, เลอะเทอะเปรอะเปื้อน.
กระมอมกระแมม	๒๕๕๔	มอมแมม, เลอะเทอะเปรอะเปื้อน, สกปรก.
กระมัง	๒๕๔๒	ว. คําแสดงความไม่แน่ใจ, คําแสดงความคาดคะเน, (ใช้ไว้ท้ายประโยค) เช่น เป็นเช่นนี้กระมัง, ในบทกลอนใช้ว่า กระหมั่ง ก็มี.
กระมัง	๒๕๕๔	คำแสดงความไม่แน่ใจ, คำแสดงความคาดคะเน, (ใช้ไว้ท้ายประโยค) เช่น เป็นเช่นนี้กระมัง, ในบทกลอนใช้ว่า กระหมั่ง ก็มี.
กระมัน	๒๕๔๒	ดู กระโห้.
กระมัน	๒๕๕๔	ดู กระโห้.
กระมิดกระเมี้ยน	๒๕๔๒	ก. แสดงอาการซ่อนอายลับ&#160;ๆ ล่อ&#160;ๆ, มิดเมี้ยน ก็ว่า.
กระมิดกระเมี้ยน	๒๕๕๔	แสดงอาการซ่อนอายลับๆ ล่อๆ, มิดเมี้ยน ก็ว่า.
กระมึน	๒๕๔๒	(โบ) ว. สูงคํ้าฟ้า, สูงเด่น, เช่น กายาศีรษะพลัดพราย หัวขาดเด็ดตาย จรลู่กระมึนเหมือนเขา. (เสือโค, บางฉบับเป็น ตระหมื้น), ตระมึน ก็ใช้, โดยมากเป็น ทะมื่น.
กระมึน	๒๕๕๔	ทะมึน, มีลักษณะดำมืดสูงใหญ่น่าเกรงขาม, เช่น กายาศีรษะพลัดพราย หัวขาดเด็ดตาย จรลู่กระมึนเหมือนเขา (เสือโค, บางฉบับเป็น ตระหมื้น), ตระมึน หรือ ตระมื่น ก็ใช้, โดยมากใช้ว่า ทะมื่น.
กระมุท	๒๕๔๒	น. บัว, กมุท ก็ว่า. (แผลงมาจาก กุมุท).
กระมุท	๒๕๕๔	บัว, กมุท ก็ว่า.
กระยา	๒๕๔๒	น. เครื่อง, สิ่งของ, เครื่องกิน, เช่น เทียนธูปแลประทีปชวาลา เครื่องโภชนกระยา สังเวยประดับทุกพรรณ. (ดุษฎีสังเวยกล่อมช้างของเก่า ครั้งกรุงเก่า), เขียนเป็น กรยา ก็มี เช่น พระไพรดมานโฉม นุบพิตรแลงผอง มนตรอัญสดุดิยฮอง กรยานุถกลทาบ. (ดุษฎีสังเวยกล่อมช้างของเก่า ขุนเทพกะวีแต่ง).
กระยา	๒๕๕๔	เครื่อง, สิ่งของ, เครื่องกิน, เช่น เทียนธูปแลประทีปชวาลา เครื่องโภชนกระยา สังเวยประดับทุกพรรณ (ดุษฎีสังเวยกล่อมช้างของเก่า ครั้งกรุงเก่า), เขียนเป็น กรยา ก็มี เช่น พระไพรดมานโฉม นุบพิตรแลงผอง มนตรอัญสดุดิยฮอง กรยานุถกลทาบ (ดุษฎีสังเวยกล่อมช้างของเก่า ขุนเทพกะวีแต่ง).
กระยาคชวาง	๒๕๔๒	[-คดชะวาง] น. ข้าวสําหรับบําบวงเชือกบาศ เป็นพิธีของพระหมอเฒ่าในการรับช้างเผือก.
กระยาคชวาง	๒๕๕๔	ข้าวสำหรับบำบวงเชือกบาศ เป็นพิธีของพระหมอเฒ่าในการรับช้างเผือก.
กระยาง	๒๕๔๒	น. ขาหยั่ง เช่น อ้ายเหล่าเที่ยววิด พบหนองป้องปิด ทำเปนเชิงราง เอาไม้สามอัน ปักไว้เปนกระยาง แขวนโพงตรงกลาง สาดนํ้าเอาปลา. (คำพากย์เรื่องสุบิน), เขียนเป็น กระหยาง ก็มี เช่น ปักไว้เปนกระหยาง. (สุบินคำพากย์).
กระยาง	๒๕๕๔	ขาหยั่ง เช่น อ้ายเหล่าเที่ยววิด พบหนองป้องปิด ทำเปนเชิงราง เอาไม้สามอัน ปักไว้เปนกระยาง แขวนโพงตรงกลาง สาดนํ้าเอาปลา (คำพากย์เรื่องสุบิน), เขียนเป็น กระหยาง ก็มี เช่น ปักไว้เปนกระหยาง (สุบินคำพากย์).
กระยาจก	๒๕๔๒	(ปาก) น. ยาจก, คนขอทาน, เช่น ตัวอ้ายพราหมณ์เถ้ากระยาจก. (มโนห์รา). (กระ + ป. ยาจก).
กระยาจก	๒๕๕๔	ยาจก, คนขอทาน, เช่น ตัวอ้ายพราหมณ์เถ้ากระยาจก
กระยาด	๒๕๔๒	ใช้เข้าคู่กับคํา กระยืด เป็น กระยืดกระยาด.
กระยาดอก	๒๕๔๒	(โบ) น. สิ่งที่ส่งชําระแทนดอกเบี้ย เช่น กู้เงินเขามาแล้ว มอบที่นาให้ทําหรือมอบบุตรภริยาให้รับใช้การงาน.
กระยาดอกเบี้ย	๒๕๕๔	สิ่งที่ส่งชำระแทนดอกเบี้ยเงินกู้ เช่น มอบบุตรภริยาให้รับใช้การงานแทนการจ่ายดอกเบี้ย, กระยาเบี้ย หรือ เชิงกระยาดอกเบี้ย ก็เรียก.
กระยาทาน	๒๕๔๒	น. เครื่องบริจาค. (จารึกสยาม).
กระยาทาน	๒๕๕๔	เครื่องบริจาค.
กระยาทิพย์	๒๕๔๒	น. ชื่อขนมอย่างหนึ่ง ปรุงด้วยเครื่องกวนมีนํ้าผึ้ง นํ้าอ้อย นํ้านม ถั่ว งา เป็นต้น นิยมใช้หญิงพรหมจารีเป็นผู้กวน มักทําในพิธีสารท เรียกว่า ข้าวกระยาทิพย์, ข้าวทิพย์ ก็เรียก.
กระยาทิพย์	๒๕๕๔	ชื่อขนมอย่างหนึ่ง ปรุงด้วยเครื่องกวนมีนํ้าผึ้ง นํ้าอ้อย นํ้านม ข้าวฟ่าง ถั่วราชมาส งา เป็นต้น นิยมใช้หญิงพรหมจารีเป็นผู้กวน มักทำในพิธีสารท เรียกว่า ข้าวกระยาทิพย์, ข้าวทิพย์ ก็เรียก.
กระยาบวช	๒๕๔๒	น. เครื่องกินที่ไม่มีของสดคาว.
กระยาบวช	๒๕๕๔	เครื่องกินที่ไม่มีของสดคาว.
กระยารงค์	๒๕๔๒	น. สีสําหรับวาดเขียน.
กระยารงค์	๒๕๕๔	สีสำหรับวาดเขียน.
กระยาสนาน	๒๕๔๒	(ราชา) น. เครื่องสรง.
กระยาสนาน	๒๕๕๔	เครื่องสรงในพระราชพิธีสรงพระมุรธาภิเษก.
กระยาสังเวย	๒๕๔๒	น. เครื่องเซ่น.
กระยาสังเวย	๒๕๕๔	เครื่องเซ่น.
กระยาสังแวง	๒๕๔๒	น. ข้าวเภาในพิธีรับช้างเผือก.
กระยาสังแวง	๒๕๕๔	ชื่อข้าวในพิธีธนญชัยบาศรับช้างเผือกของพราหมณ์พฤฒิบาศ คลุกด้วยสีเหลือง สีแดง แล้วปั้นเป็นก้อน ๆ เรียกว่า ข้าวกระยาสังแวง, ข้าวเภา ก็เรียก.
กระยาสารท	๒๕๔๒	[-สาด] น. ขนมทําด้วยถั่วงาและข้าวเม่าข้าวตอกกวนกับนํ้าตาล แต่เดิมนิยมทําเฉพาะในเทศกาลสารท.
กระยาสารท	๒๕๕๔	ขนมทำด้วยถั่วงาและข้าวเม่าข้าวตอกกวนกับนํ้าตาล แต่เดิมนิยมทำเฉพาะในเทศกาลสารท.
กระยาหงัน	๒๕๔๒	น. วิมาน, สวรรค์ชั้นฟ้า, เช่น อวยชัยให้พรแล้วเทวัญ กลับคืนกระยาหงันชั้นฟ้า. (อิเหนา). (ม. กะยางัน ว่า สวรรค์, ที่อยู่ของเทวดา).
กระยาหงัน	๒๕๕๔	วิมาน, สวรรค์ชั้นฟ้า, เช่น อวยชัยให้พรแล้วเทวัญ กลับคืนกระยาหงันชั้นฟ้า
กระยาหาร	๒๕๔๒	น. เครื่องกินมีข้าวเป็นต้น.
กระยาหาร	๒๕๕๔	เครื่องกินมีอาหารคาวหวาน.
กระยาเบี้ย	๒๕๔๒	(โบ) น. เบี้ยเงินค่าตัวทาส และเงินกู้.
กระยาเบี้ย	๒๕๕๔	ดู กระยาดอกเบี้ย.
กระยาเลย	๒๕๔๒	ว. ต่าง&#160;ๆ, ปะปนกัน, (ใช้แก่ต้นไม้มีแก่น แต่ไม่รวมไม้สัก).
กระยาเลย	๒๕๕๔	ต่างๆ, ปะปนกัน, (ใช้แก่ต้นไม้มีแก่น แต่ไม่รวมไม้สัก).
กระยาเสวย	๒๕๔๒	(ราชา) น. เครื่องเสวย.
กระยาเสวย	๒๕๕๔	เครื่องเสวย.
กระยิก	๒๕๔๒	ก. ขะยิก.
กระยิก	๒๕๕๔	ขะยิก.
กระยิ้มกระย่อง	๒๕๔๒	ก. แสดงอาการดีใจหรืออิ่มใจ, ยิ้มย่อง ก็ว่า.
กระยิ้มกระย่อง	๒๕๕๔	ยิ้มย่อง, ยิ้มด้วยความอิ่มใจ, ยิ้มย่องผ่องใส ก็ว่า.
กระยึกกระยัก	๒๕๔๒	ว. อาการที่ลังเลไม่กล้าตัดสินใจ, ยึกยัก ก็ว่า.
กระยึกกระยัก	๒๕๕๔	ยึกยัก, อาการที่ลังเลไม่กล้าตัดสินใจ.
กระยึกกระยือ	๒๕๔๒	ว. หยิกไปหยิกมา, ไม่ตรง, ไม่เป็นระเบียบ, ยึกยือ ก็ว่า.
กระยึกกระยือ	๒๕๕๔	ยึกยือ, หยิกไปหยิกมา, ไม่ตรง, ไม่เป็นระเบียบ.
กระยืดกระยาด	๒๕๔๒	ว. ยืดยาดมาก, เนิบนาบ, ช้า, ไม่ฉับไว.
กระยืดกระยาด	๒๕๕๔	ยืดยาด, เสียเวลานาน, ช้า, ไม่ฉับไว.
กระย่อง	๒๕๔๒	(ถิ่น-อีสาน) น. เครื่องสานชนิดหนึ่ง รูปกลมคล้ายโตก, ถ้าใหญ่ใช้เป็นสํารับ ถ้าเล็กใช้เป็นเครื่องใส่ข้าวตอกดอกไม้บูชาตามวัด.
กระย่อง	๒๕๕๔	เครื่องสานชนิดหนึ่ง รูปกลมคล้ายโตก, ถ้าใหญ่ใช้เป็นสำรับ, ถ้าเล็กใช้เป็นเครื่องใส่ข้าวตอกดอกไม้บูชาตามวัด, อีสานว่า กะย่อง.
กระย่องกระแย่ง	๒๕๔๒	ว. อาการที่ร่างกายไม่เข็งแรง ทำให้เดินหรือเคลื่อนไหวไม่ถนัด, กระง่องกระแง่ง หรือ ง่องแง่ง ก็ว่า.
กระย่องกระแย่ง	๒๕๕๔	ย่องแย่ง.
กระย่อน	๒๕๔๒	ก. ขย้อน คือ อาการขยับขึ้นขยับลง, กระหย่อน ก็ใช้; ยวบยาบ, แกว่ง เช่น ลมไกวกิ่งกลฟ้อน ก็กระย่อนอยู่ยานโยน. (สมุทรโฆษ); ขยับ เช่น ยกค้อนกระย่อนดูบริพาร. (สมุทรโฆษ).
กระย่อน	๒๕๕๔	ขย้อน คือ อาการขยับขึ้นขยับลง, กระหย่อน ก็ใช้
กระย่อม	๒๕๔๒	ดู ระย่อม.
กระย่อม	๒๕๕๔	ดู ระย่อม.
กระรอก	๒๕๔๒	น. ชื่อสัตว์เลี้ยงลูกด้วยนมในวงศ์ Sciuridae มีฟันแทะ ส่วนใหญ่ตาโตและหูใหญ่ หางยาวเป็นพวง กินผลไม้ มีหลายสกุลและหลายชนิด เช่น กระรอกหลากสี (Callosciurus finlaysoni) พญากระรอกดํา (Ratufa bicolor).
กระรอก	๒๕๕๔	ชื่อสัตว์เลี้ยงลูกด้วยนมในวงศ์ Sciuridae มีฟันแทะ ส่วนใหญ่ตาโตและใบหูใหญ่ หางยาวเป็นพวง กินผลไม้ มีหลายสกุลและหลายชนิด เช่น กระรอกหลากสี [ Callosciurus finlaysoni (Horsfield)] พญากระรอกดำ [ Ratufa bicolor (Sparrman)] .
กระรอกน้ำข้าว	๒๕๔๒	ดู เขยตาย.
กระรอกน้ำข้าว	๒๕๕๔	ดู เขยตาย.
กระลด	๒๕๔๒	[-หฺลด] (กลอน; แผลงมาจาก กลด) น. ร่ม เช่น เทียวทองธงชัย และแซงกระลดชุมสาย. (สมุทรโฆษ).
กระลด	๒๕๕๔	ร่ม เช่น เทียวทองธงชัย และแซงกระลดชุมสาย
กระลบ	๒๕๔๒	[-หฺลบ] (กลอน; แผลงมาจาก กลบ) ก. ตระหลบ.<2t>ว. ฟุ้ง เช่น ก็หอมกระลบอบองค์. (ม. คําหลวง จุลพน).
กระลบ	๒๕๕๔	ตระหลบ. ว. ฟุ้ง เช่น ก็หอมกระลบอบองค์ (ม. คำหลวง จุลพน).
กระลอก	๒๕๔๒	[-หฺลอก] (กลอน) แผลงมาจาก กลอก เช่น พื้นบรรพตเลื่อมล้วนมณีผา กระลอกรุ่งพรุ่งพรายถึงเมฆา. (สมบัติอมรินทร์), ใช้เข้าคู่กับคํา กระลับ หรือ กระลาย เป็น กระลับกระลอก หรือ กระลายกระลอก.
กระลอก	๒๕๕๔	มีประกาย, เป็นประกาย, เช่น เนมินท์พิศทรงเหมือนกงรถ จอมบรรพตเลิศล้วนมณีผา กระลอกรุ่งพุ่งพรายถึงเมฆา เล่ห์วลาหกทิพอันพรอยพรำ (สมบัติอมรินทร์), ใช้เข้าคู่กับคำ กระลับ หรือ กระลาย เป็น กระลับกระลอก หรือ กระลายกระลอก.
กระลอม	๒๕๔๒	(ถิ่น-อีสาน) น. เครื่องสานชนิดหนึ่ง สานด้วยตอกเป็นต้น ตาห่าง&#160;ๆ สำหรับใส่สิ่งของ, ชะลอม ก็ว่า.
กระลอม	๒๕๕๔	ชะลอม, เครื่องสานชนิดหนึ่ง รูปทรงกระบอก สานด้วยตอกเป็นต้น ตาห่างๆ สำหรับใส่สิ่งของ, อีสานว่า กะลอม.
กระละหล่ำ	๒๕๔๒	ก. กลํ้า, เกือบ, เช่น กระละหลํ่าจกกเป็น แต่กี้. (ทวาทศมาส).
กระละหล่ำ	๒๕๕๔	กลํ้า, เกือบ, เช่น กระละหลํ่าจกกเป็น แต่กี้ (ทวาทศมาส).
กระลัด	๒๕๔๒	[-หฺลัด] (กลอน; แผลงมาจาก กลัด) ว. เข้มแข็ง เช่น กระลัดในกลางสงคราม. (สมุทรโฆษ).
กระลัด	๒๕๕๔	เข้มแข็ง เช่น กระลัดในกลางสงคราม
กระลับ	๒๕๔๒	[-หฺลับ] (กลอน) แผลงมาจาก กลับ เช่น ก็กระลับกระลอกแทง. (อนิรุทธ์).
กระลับกระลอก	๒๕๕๔	พลิกแพลง เช่น ก็กระลับกระลอกแทง
กระลับกระเลือก	๒๕๔๒	[-เหฺลือก] ว. กลอกขึ้นกลอกลง (ใช้แก่ตา), (โบ) กลับเกลือก.
กระลับกระเลือก	๒๕๕๔	กลอกขึ้นกลอกลง (ใช้แก่ตา).
กระลัมพร	๒๕๔๒	น. โทษใหญ่, ความฉิบหาย, เช่น ก็ทํากระลัมพรกาล. (สมุทรโฆษ), (แผลงมาจาก กลัมพร), เขียนเป็น กระลําพร ก็มี.
กระลัมพร	๒๕๕๔	โทษใหญ่, ความฉิบหาย, เช่น ก็ทำกระลัมพรกาล (สมุทรโฆษ), (แผลงมาจาก กลัมพร), เขียนเป็น กระลำพร หรือ กะลำพร ก็มี.
กระลา	๒๕๔๒	(โบ) น. ท่วงที. (อนันตวิภาค); ที่, กอง, เช่น กระลาบังคลคนผจง. (ดุษฎีสังเวย). (เทียบ ข. กฺรฬา).
กระลา	๒๕๕๔	ท่วงที. (อนันตวิภาค)
กระลาการ	๒๕๔๒	(โบ) น. ตุลาการ เช่น แลผู้พิพากษากระลาการไต่ไปโดยคลองธรรมดั่งกล่าวมานี้. (สามดวง).
กระลาการ	๒๕๕๔	ดู ตระลาการ.
กระลาพิม	๒๕๔๒	น. ผู้หญิง เช่น รฦกกระลาพิม พระมาศ กูเออย. (กำสรวล).
กระลาพิม	๒๕๕๔	ผู้หญิง เช่น รฦกกระลาพิม พระมาศ กูเออย
กระลายกระลอก	๒๕๔๒	[-หฺลอก] (โบ; กลอน; แผลงมาจาก กลายกลอก) ก. สับสน เช่น เสือสีห์หมีควาย กระลายกระลอกซอกซอน. (สมุทรโฆษ).
กระลายกระลอก	๒๕๕๔	สับสน เช่น เสือสีห์หมีควาย กระลายกระลอกซอกซอน
กระลาศรี	๒๕๔๒	น. ผู้หญิง เช่น รฦกกระลาศรี เสาวภาคย กูเออย. (กำสรวล).
กระลาศรี	๒๕๕๔	ผู้หญิง เช่น รฦกกระลาศรี เสาวภาคย กูเออย
กระลำ	๒๕๔๒	(กลอน; ย่อมาจาก กระลําพร) น. โทษใหญ่, ความฉิบหาย, เช่น จะเกิดกระลีกระลําแต่ล้วนร้อนใจ. (โชค-โบราณ). (ดู กลัมพร).
กระลำ	๒๕๕๔	โทษใหญ่, ความฉิบหาย, เช่น จะเกิดกระลีกระลำแต่ล้วนร้อนใจ (โชค-โบราณ). (ดู กลัมพร).
กระลำพร	๒๕๔๒	(โบ) น. กระลัมพร, โทษใหญ่, ความฉิบหาย. (ดู กลัมพร).
กระลำพร	๒๕๕๔	กระลัมพร, โทษใหญ่, ความฉิบหาย, เขียนเป็น กะลำพร ก็มี. (ดู กลัมพร).
กระลำพัก	๒๕๔๒	น. ส่วนของเนื้อไม้ซึ่งมีสีดํา&#160;ๆ เกิดในต้นสลัดไดป่า (Euphorbia antiquorum L.) และต้นตาตุ่มทะเล (Excoecaria agallocha L.) ในวงศ์ Euphorbiaceae กลิ่นหอมอ่อน รสขม ใช้ทํายาได้.
กระลำพัก	๒๕๕๔	ส่วนของเนื้อไม้ซึ่งมีสีดำๆ เกิดในต้นสลัดไดป่า ( Euphorbia antiquorum L.) และต้นตาตุ่มทะเล ( Excoecaria agallocha L.) ในวงศ์ Euphorbiaceae กลิ่นหอมอ่อน รสขม ใช้ทำยาได้.
กระลำพุก	๒๕๔๒	ดู ตะลุมพุก ๓.
กระลำพุก	๒๕๕๔	ดู ตะลุมพุก ๓.
กระลิง	๒๕๔๒	(กลอน) ก. จับ, ถือ, โดยมากใช้เป็น กระลึง.
กระลิง	๒๕๕๔	จับ, ถือ, โดยมากใช้เป็น กระลึง.
กระลี	๒๕๔๒	น. สิ่งร้าย, โทษ.<2t>ว. ร้าย เช่น กระลีชาติ กระลียุค.
กระลี	๒๕๕๔	สิ่งร้าย, โทษ.
กระลึง	๒๕๔๒	(โบ) ก. จับ, ถือ, เช่น ชดกรกระลึงกุมแสง. (ลอ).
กระลึง	๒๕๕๔	จับ, ถือ, เช่น ชดกรกระลึงกุมแสง (ลอ), ใช้เป็น กระลิง ก็มี.
กระลุมพาง	๒๕๔๒	น. กลองหน้าเดียว, โบราณเขียนเป็น กรลุมพาง ก็มี.
กระลุมพาง	๒๕๕๔	กลองหน้าเดียว, โบราณเขียนเป็น กรลุมพาง ก็มี.
กระลุมพุก	๒๕๔๒	(ปาก) น. ไม้ตะลุมพุก.
กระลุมพุก	๒๕๕๔	ไม้ตะลุมพุก. (ดู ตะลุมพุก ๑).
กระลุมพู	๒๕๔๒	น. นกลุมพู เช่น เหล่ากระลิงโกกิลา กระลุมพูก็โผผิน. (ม. ร่ายยาว มหาพน). (ดู ลุมพู).
กระลุมพู	๒๕๕๔	นกลุมพู เช่น เหล่ากระลิงโกกิลา กระลุมพูก็โผผิน (ม. ร่ายยาว มหาพน). (ดู ลุมพู).
กระลูน	๒๕๔๒	(กลอน) น. ความเศร้าโศก.<2t>ว. น่ากรุณา, น่าสงสาร, เช่น อ่อนจิตสวามีอันพูนกระลูนนุกูลภรรยายิ่งยอดกว่าอันภิปราย. (สรรพสิทธิ์). (ป. กลูน).
กระลูน	๒๕๕๔	ความเศร้าโศก. ว. น่ากรุณา, น่าสงสาร, เช่น อ่อนจิตสวามีอันพูนกระลูนนุกูลภรรยายิ่งยอดกว่าอันภิปราย (สรรพสิทธิ์), เขียนเป็น กระลู่น์ ก็มี.
กระลู่น์	๒๕๔๒	ว. น่าสงสาร เช่น กระลู่น์แลดูดาลแสยง. (สุธน).
กระลู่น์	๒๕๕๔	น่ากรุณา, น่าสงสาร, เช่น กระลู่น์แลดูดาลแสยง (สุธน), เขียนเป็น กระลูน ก็มี.
กระวน	๒๕๔๒	(กลอน) ก. วนเวียน, วุ่น, หวน, เช่น กระเวนกระวนกาม กวนอก พี่นา. (นิ. นรินทร์).
กระวน	๒๕๕๔	วนเวียน, วุ่น, หวน, เช่น กระเวนกระวนกาม กวนอก พี่นา
กระวนกระวาย	๒๕๔๒	ก. วุ่นวายใจ, แสดงอาการวุ่นวายไม่เป็นสุข.
กระวนกระวาย	๒๕๕๔	วุ่นวายใจ, แสดงอาการวุ่นวายไม่เป็นสุข.
กระวัด	๒๕๔๒	[-หฺวัด] (กลอน) แผลงมาจาก กวัด เช่น เฉวียงหัตถ์กระวัดวรธนู. (สรรพสิทธิ์).
กระวัด	๒๕๕๔	จับด้ามวัตถุแล้วปัดไปมา เช่น เฉวียงหัตถ์กระวัดวรธนู
กระวาด	๒๕๔๒	ใช้เข้าคู่กับคํา กระวี และ กระวูด เป็น กระวีกระวาด และ กระวูดกระวาด.
กระวาน	๒๕๔๒	น. (๑) ชื่อไม้ล้มลุกชนิด Amomum krervanh Pierre ในวงศ์ Zingiberaceae ชอบขึ้นในป่าดิบชื้นตามภูมิประเทศที่เป็นเขาทางจันทบุรีและตราด ผลมีกลิ่นหอมฉุน ใช้ปรุงอาหารและทํายา; อีกชนิดหนึ่ง คือ Elettaria cardamomum (L.) Maton ในวงศ์เดียวกัน เรียกว่า กระวานเทศ มาจากประเทศอินเดียตอนใต้, เอลา ลูกเอ็ล หรือ ลูกเอ็น ก็เรียก. (๒) ชื่อเรียกใบของไม้ต้นชนิด Laurus nobilis L. ในวงศ์ Lauraceae กลิ่นคล้ายกระวาน ใช้เป็นเครื่องเทศและแต่งกลิ่นยา.
กระวาน	๒๕๕๔	ชื่อไม้ล้มลุกชนิด Amomum testaceum Ridl. ในวงศ์ Zingiberaceae ชอบขึ้นในป่าดิบชื้นตามภูมิประเทศที่เป็นเขาทางจันทบุรีและตราด ผลค่อนข้างกลม สีนวล มี ๓ พู มีกลิ่นหอมฉุน ใช้ปรุงอาหารและทำยา.
กระวานเทศ	๒๕๕๔	ชื่อไม้ล้มลุกชนิด Elettaria cardamomum (L.) Maton ในวงศ์ Zingiberaceae มาจากประเทศอินเดียตอนใต้ ผลรูปกระสวยหรือรูปไข่ปลายแหลม สีนวล มี ๓ พู กลิ่นหอมฉุน, เอลา ลูกเอ็ล หรือ ลูกเอ็น ก็เรียก.
กระวาย	๒๕๔๒	(กลอน) ว. ส่าย, ดิ้น, เช่น ทอดตนตีทรวงกระวาย. (อุเทน), และใช้เข้าคู่กับคํา กระเวย และ กระโวย เป็น กระเวยกระวาย และ กระโวยกระวาย.
กระวาย	๒๕๕๔	ส่าย, ดิ้น, เช่น ทอดตนตีทรวงกระวาย (อุเทน), ใช้เข้าคู่กับคำ กระเวย และ กระโวย เป็น กระเวยกระวาย และ กระโวยกระวาย.
กระวายกระวน	๒๕๔๒	ก. กระวนกระวาย, ดิ้นรน, เร่าร้อน, กระสับกระส่าย, เช่น เมื่อเราอยู่ที่นี้จะต้องกระวายกระวนด้วยเหลือบยุงริ้นร่าน. (ม. ร่ายยาว สักบรรพ).
กระวายกระวน	๒๕๕๔	กระวนกระวาย, วุ่นวายใจ, แสดงอาการวุ่นวายไม่เป็นสุข, เช่น เมื่อเราอยู่ที่นี้จะต้องกระวายกระวนด้วยเหลือบยุงริ้นร่าน (ม. ร่ายยาว สักบรรพ).
กระวิน	๒๕๔๒	น. ห่วงที่เกี่ยวกันสําหรับโยงสัปคับช้าง, ห่วงติดกับบังเหียนเหล็กผ่าปากม้า, ประวิน ก็ใช้. (ประวัติ. จุล), เครื่องร้อยสายรัดเอวพระภิกษุ (รัดประคด) ทําด้วยกระดูกสัตว์เป็นต้น มีรูกลาง เรียกว่า ลูกกระวิน.
กระวิน	๒๕๕๔	ห่วงที่เกี่ยวกันสำหรับโยงสัปคับช้าง, ห่วงติดกับบังเหียน หรือเหล็กผ่าปากม้า, ประวิน ก็ใช้.
กระวี	๒๕๔๒	น. นักปราชญ์ในการแต่งบทกลอน เช่น เสดจ์ยังสาระพินิจฉัยพร้อมด้วยหมู่มุกขมนตรีกระวีราชปโรหิตาโหราจารย์อยู่ในศีลสัจ. (สามดวง). (แผลงมาจาก กวี).
กระวี	๒๕๕๔	นักปราชญ์ในการแต่งบทกลอน เช่น เสดจ์ยังสาระพินิจฉัยพร้อมด้วยหมู่มุกขมนตรีกระวีราชปโรหิตาโหราจารย์อยู่ในศีลสัจ
กระวีกระวาด	๒๕๔๒	ว. รีบเร่งอย่างไม่นอนใจ.
กระวีกระวาด	๒๕๕๔	รีบเร่งอย่างไม่นอนใจ.
กระวีชาติ	๒๕๔๒	น. หมู่กวี, พวกกวี, เช่น เสดจ์ในพระที่นั่งพลับพลาทองโดยอุตราภิมุขพร้อมด้วยหมู่มาตยามนตรีกระวีชาติราชปะโรหิตาจารย์เฝ้าพระบาท. (สามดวง), เขียนเป็น กระวีชาต หรือ กระวิชาติ ก็มี เช่น พระองค์ทรงพระกรุณาเพื่อจะมิให้มุกขมนตรีกระวีชาตแลราษฎรล่วงเกินพระราชอาญา, พร้อมด้วยหมู่มุกขมาตยามนตรีกระวิชาติราชสุริยวงษพงษพฤฒาโหราจารยเฝ้าเบื้องบาทบงกชมาศ. (สามดวง).
กระวีชาติ	๒๕๕๔	หมู่กวี, พวกกวี, เช่น เสดจ์ในพระที่นั่งพลับพลาทองโดยอุตราภิมุขพร้อมด้วยหมู่มาตยามนตรีกระวีชาติราชปะโรหิตาจารย์เฝ้าพระบาท (สามดวง), เขียนเป็น กระวีชาต หรือ กระวิชาติ ก็มี เช่น พระองค์ทรงพระกรุณาเพื่อจะมิให้มุกขมนตรีกระวีชาตแลราษฎรล่วงเกินพระราชอาญา, พร้อมด้วยหมู่มุกขมาตยามนตรีกระวิชาติราชสุริยวงษพงษพฤฒาโหราจารยเฝ้าเบื้องบาทบงกชมาศ
กระวูดกระวาด	๒๕๔๒	ว. กระวีกระวาด, ทําโดยเร็วอย่างลมพัดวูดวาด.
กระวูดกระวาด	๒๕๕๔	กระวีกระวาด, รีบเร่งอย่างไม่นอนใจ, ทำโดยเร็วอย่างลมพัดวูดวาด.
กระว่า	๒๕๔๒	(โบ; กลอน) น. ชื่อนกชนิดหนึ่ง เช่น เสียงนกกระว่ามาตีลาน นกกรงหงส์ห่านร้องขานคู่. (มโนห์รา).
กระว่า	๒๕๕๔	ชื่อนกชนิดหนึ่ง เช่น เสียงนกกระว่ามาตีลาน นกกรงหงส์ห่านร้องขานคู่
กระศก	๒๕๔๒	[-สก] (โบ) ก. ข้อน. (จินดามณี).
กระศก	๒๕๕๔	ข้อน.
กระศัย	๒๕๔๒	(เลิก) น. กระษัย.
กระศัย	๒๕๕๔	กระษัย.
กระษัตริย์	๒๕๔๒	[-สัด] (โบ) น. กษัตริย์.
กระษัตริย์	๒๕๕๔	กษัตริย์.
กระษัตรี	๒๕๔๒	[-สัดตฺรี] (โบ) น. ผู้หญิง.
กระษัตรี	๒๕๕๔	ผู้หญิง.
กระษัย	๒๕๔๒	[-ไส] น. ชื่อโรคตามตําราแพทย์แผนโบราณว่า ทําให้ร่างกายทรุดโทรม มีอาการผอมแห้งตัวเหลืองเท้าเย็น, กษัย ก็ว่า. (ส. กฺษย ว่า โรคซูบผอม).
กระษัย	๒๕๕๔	ชื่อโรคตามตำราแพทย์แผนโบราณว่า ทำให้ร่างกายทรุดโทรม มีอาการผอมแห้งตัวเหลืองเท้าเย็น, เขียนเป็น กษัย ก็มี.
กระษัยกล่อน	๒๕๔๒	[-ไสกฺล่อน] น. ชื่อโรคตามตําราแพทย์แผนโบราณ ทําให้ร่างกายผอมแห้ง เกิดจากโรคกล่อน.
กระษัยกล่อน	๒๕๕๔	ชื่อโรคตามตำราแพทย์แผนโบราณว่า ทำให้ร่างกายผอมแห้ง ซึ่งเกิดจากโรคกร่อน, เขียนเป็น กษัยกล่อน ก็มี.
กระษาปณ์	๒๕๔๒	[-สาบ] น. เงินตราที่ทําด้วยโลหะ เช่น เหรียญกระษาปณ์ โรงกระษาปณ์, กษาปณ์ ก็ใช้. (ส. การฺษาปณ; ป. กหาปณ).
กระษาปณ์	๒๕๕๔	เงินตราที่ทำด้วยโลหะ เช่น เหรียญกระษาปณ์ โรงกระษาปณ์, กษาปณ์ ก็ใช้.
กระษิร	๒๕๔๒	[-สิน, -สิระ] (โบ; แผลงมาจาก ส. กฺษิร) น. นํ้านม เช่น มาจากวารินกระษิรสมุทร. (รามเกียรติ์ ร. ๒), กระษิรสินธุสาคร. (สรรพสิทธิ์).
กระษิร	๒๕๕๔	กษีร, นํ้านม, เช่น มาจากวารินกระษิรสมุทร (รามเกียรติ์ ร. ๒), กระษิรสินธุสาคร
กระสง	๒๕๔๒	น. ชื่อปลานํ้าจืดชนิด Channa lucius ในวงศ์ Channidae รูปร่างคล้ายปลาช่อนซึ่งอยู่ในวงศ์เดียวกัน แต่หัวแหลมกว่าและแอ่นงอนขึ้นเล็กน้อย มีลายพาดขวางลําตัวข้างละ ๗-๑๒ แถบ ทุกครีบมีจุดประหรือริ้วสีดํา.
กระสง	๒๕๕๔	ชื่อปลานํ้าจืดชนิด Channa lucius (Cuvier) ในวงศ์ Channidae รูปร่างคล้ายปลาช่อนซึ่งอยู่ในวงศ์เดียวกัน แต่หัวแหลมกว่าและแอ่นงอนขึ้นเล็กน้อย มีลายพาดขวางลำตัวข้างละ ๗-๑๒ แถบ ทุกครีบมีจุดประหรือริ้วสีดำ ขนาดยาวได้ถึง ๔๐ เซนติเมตร.
กระสน	๒๕๔๒	ใช้เข้าคู่กับคํา กระเสือก เป็น กระเสือกกระสน.
กระสบ	๒๕๔๒	น. ชื่อโรคลมชนิดหนึ่ง ในตําราแพทย์แผนโบราณว่า มักขึ้นในไส้ ให้เวียนหัว ให้ราก จุก สมุฏฐานเกิดจากธาตุไฟหย่อน.
กระสบ	๒๕๕๔	ชื่อโรคลมชนิดหนึ่ง ในตำราแพทย์แผนโบราณว่า มักขึ้นในไส้ ให้เวียนหัว ให้ราก จุก สมุฏฐานเกิดจากธาตุไฟหย่อน.
กระสม	๒๕๔๒	น. ไม้ที่อยู่ในเครื่องทอผ้า สําหรับบิดม้วนผ้าที่ทอแล้ว เรียกว่า ไม้กระสม. (ปาเลกัว).
กระสม	๒๕๕๔	ไม้ที่อยู่ในเครื่องทอผ้า สำหรับม้วนผ้าที่ทอแล้ว เรียกว่า ไม้กระสม.
กระสรวล	๒๕๔๒	[-สวน] (กลอน) ก. ยินดี, ร่าเริง, เช่น นางนกกระสรวลสันต์ สมเสพ. (นิ. นรินทร์).
กระสรวล	๒๕๕๔	ยินดี, ร่าเริง, เช่น นางนกกระสรวลสันต์ สมเสพ
กระสร้อย	๒๕๔๒	น. ปลาสร้อย. (ดู สร้อย ๒).
กระสร้อย	๒๕๕๔	ดู สร้อย ๒.
กระสวน	๒๕๔๒	น. แบบ เช่น อย่าคบพวกหญิงพาลสันดานชั่ว ที่แต่งตัวไว้จริตผิดกระสวน. (สุภาษิตสุนทรภู่); แบบตัวอย่างสําหรับสร้างหรือทําของจริง เช่น กระสวนเรือน กระสวนเสื้อ.
กระสวน	๒๕๕๔	แบบ เช่น อย่าคบพวกหญิงพาลสันดานชั่ว ที่แต่งตัวไว้จริตผิดกระสวน (สุภาษิตสุนทรภู่)
กระสวย	๒๕๔๒	น. เครื่องบรรจุด้ายสําหรับทอผ้าหรือเย็บผ้า.
กระสวย	๒๕๕๔	เครื่องบรรจุด้ายสำหรับทอผ้าหรือเย็บผ้า.
กระสอบ	๒๕๔๒	น. เครื่องสานหรือทอด้วยต้นกระจูดหรือป่านปอเป็นต้น สําหรับบรรจุข้าวและของอื่น&#160;ๆ.
กระสอบ	๒๕๕๔	เครื่องสานหรือทอด้วยต้นกระจูดหรือป่านปอเป็นต้น สำหรับบรรจุข้าวและของอื่นๆ.
กระสอบทราย	๒๕๔๒	น. ถุงผ้าใบหรือหนัง ลักษณะคล้ายหมอนข้างขนาดใหญ่ เดิมบรรจุทราย ปัจจุบันบรรจุด้วยขี้เลื่อย เศษผ้า หรือฟองน้ำ อัดแน่น เป็นอุปกรณ์อย่างหนึ่งในการฝึกซ้อมของนักมวยเพื่อฝึกการชก เตะ ขึ้นเข่า เป็นต้น, (ปาก) ผู้ที่ถูกทำร้ายร่างกายอย่างบอบช้ำ โดยที่ไม่มีทางหรือไม่กล้าต่อสู้ เช่น นักมวยฝ่ายน้ำเงินถูกนักมวยฝ่ายแดงถลุงเป็นกระสอบทราย.
กระสอบทราย	๒๕๕๔	ถุงผ้าใบหรือหนัง ลักษณะคล้ายหมอนข้างขนาดใหญ่ เดิมบรรจุทราย ปัจจุบันบรรจุขี้เลื่อย เศษผ้า หรือฟองน้ำ อัดแน่น เป็นอุปกรณ์อย่างหนึ่งในการฝึกซ้อมของนักมวยเพื่อฝึกการชก เตะ ขึ้นเข่า เป็นต้น, โดยปริยายเรียกผู้ที่ถูกทำร้ายร่างกายอย่างบอบช้ำ เนื่องจากถูกชก เตะ ต่อย โดยไม่มีทางสู้หรือไม่กล้าต่อสู้.
กระสะ	๒๕๔๒	น. ดินหรือหินหรือทรายเป็นต้นที่อยู่ในบ่อแร่ ซึ่งให้ผลเป็นสินค้าแก่ผู้ทําแร่, ขี้ผงของแร่.
กระสะ	๒๕๕๔	ดินหรือหินหรือทรายเป็นต้นที่อยู่ในบ่อแร่ ซึ่งให้ผลเป็นสินค้าแก่ผู้ทำแร่, ขี้ผงของแร่.
กระสัง	๒๕๔๒	น. ชื่อไม้ล้มลุกชนิด Peperomia pellucida Korth. ในวงศ์ Peperomiaceae ขึ้นอยู่ทั่วไปตามที่ชื้น ลําต้นอวบนํ้า.
กระสัง	๒๕๕๔	ชื่อไม้ล้มลุกชนิด Piperomia pellucida (L.) Humb. Bonpl. et Kunth ในวงศ์ Piperaceae ขึ้นอยู่ทั่วไปตามที่ชื้น ลำต้นอวบนํ้า.
กระสัน	๒๕๔๒	ก. คะนึง, คิดผูกพันอยู่, มีใจจดจ่ออยู่, เช่น ปู่กระสันถึงไก่ในไพรพฤกษ์. (ลอ); กระวนกระวายในกาม เช่น เดี๋ยวนี้นะพระองค์ทรงธรรม์ แสนกระสันจันทร์สุดาดวงสมร. (คาวี); ผูกให้แน่น เช่น กระสันเข้าไว้กับหลัก, ผูกพันพระพี่น้องสองกระสันเข้าให้มั่นกับมือ. (ม. คำหลวง กุมาร), รัด เช่น สายกระสัน; ต่อเนื่อง เช่น มุขกระสัน; (ปาก) อยากมาก เช่น กระสันจะเป็นรัฐมนตรี.<2t>ว. แน่น เช่น พระขรรค์เหน็บกระสันอยู่เป็นนิจ.
กระสัน	๒๕๕๔	คะนึง, คิดผูกพันอยู่, มีใจจดจ่ออยู่, เช่น ปู่กระสันถึงไก่ในไพรพฤกษ์ (ลอ)
กระสับกระส่าย	๒๕๔๒	ว. เร่าร้อนใจทนนิ่งเป็นปรกติไม่ได้, กระวนกระวาย, ทุรนทุราย.
กระสับกระส่าย	๒๕๕๔	เร่าร้อนใจทนนิ่งเป็นปรกติไม่ได้, กระวนกระวาย, ทุรนทุราย.
กระสา	๒๕๔๒	น. ชื่อนกในวงศ์ Ciconiidae ขนาดใหญ่เกือบเท่านกกระเรียน ปากหนายาวปลายแหลมตรง คอและขายาว เวลาบินคอจะยืดตรงเหมือนนกกระเรียน ทํารังด้วยกิ่งไม้อยู่บนยอดไม้สูง&#160;ๆ กินปลาและสัตว์นํ้าขนาดเล็ก ในประเทศไทยมีหลายชนิด เช่น กระสาขาว (Ciconia ciconia) กระสาคอดํา (Ephippiorhynchus asiaticus).
กระสา	๒๕๕๔	ชื่อนกขนาดใหญ่หลายชนิด ในวงศ์ Ciconiidae ปากหนาแบนข้าง ยาว ปลายแหลมตรง คอและขายาว เวลาบินคอเหยียดตรง ทำรังด้วยกิ่งไม้อยู่บนยอดไม้สูง กินปลาและสัตว์น้ำขนาดเล็ก ในประเทศไทยมีหลายชนิด เช่น กระสาคอขาว [ Ciconia episcopus (Boddaert)] กระสาคอดำ [ Ephippiorhynchus asiaticus (Latham)].
กระสานติ์	๒๕๔๒	(กลอน) ว. สงบ, ราบคาบ, เขียนเป็น กรสานต์ ก็มี เช่น ดำรงกรษัตรให้กรสานต์. (ยวนพ่าย). (กระ + ป. สนฺติ; ส. ศานฺติ).
กระสานติ์	๒๕๕๔	สงบ, ราบคาบ, กสานติ์ ก็ใช้, เขียนเป็น กรสานต์ ก็มี เช่น ดำรงกรษัตรให้กรสานต์
กระสาบ	๒๕๔๒	น. หนังที่เย็บเหมือนกระสอบ. (ปาเลกัว).
กระสาบ	๒๕๕๔	กระสอบหนัง.
กระสาย	๒๕๔๒	น. เครื่องแทรกยา เช่น นํ้าเหล้า. (ส. กษาย ว่า ยาที่เคี่ยวเอาแต่ ๑ ใน ๔ ส่วน; ในทมิฬใช้ในความหมายว่า เป็นเครื่องแทรกยาทุกชนิด ตามปรกติเป็นน้ำ).<2t>ว. ใช้เข้าคู่กับคำ กระเส็น เป็น กระเส็นกระสาย.
กระสาย	๒๕๕๔	เครื่องแทรกยา เช่น นํ้าเหล้า.
กระสินธุ	๒๕๔๒	(โบ; กลอน) น. แม่นํ้า เช่น กระแสกระสินธุสงสาร. (อุเทน). (กระ + ป., ส. สินฺธุ).
กระสินธุ	๒๕๕๔	แม่นํ้า เช่น กระแสกระสินธุสงสาร
กระสือ	๒๕๔๒	น. ผีชนิดหนึ่งที่ถือว่าเข้าสิงในตัวผู้หญิง ชอบกินของโสโครก, คู่กับ กระหัง ซึ่งเข้าสิงในตัวผู้ชาย; ในทางวิทยาศาสตร์ คือ แก๊สมีเทน (methane) ที่เกิดจากการเน่าเปื่อยผุพังของสารอินทรีย์แล้วติดไฟในอากาศ เป็นแสงวอบแวบในที่มืด; โคมชนิดหนึ่ง มีที่เปิดปิดไฟ มีแว่นฉายแสงไปได้ไกล, โคมตาวัว ก็ว่า.
กระสือ	๒๕๕๔	ผีชนิดหนึ่งที่เชื่อว่าเข้าสิงในตัวผู้หญิง ชอบกินของโสโครก ออกหากินในเวลากลางคืน เห็นเป็นแสงเรือง ๆ ในที่มืด, คู่กับ กระหัง ซึ่งเข้าสิงในตัวผู้ชาย
กระสือดูด	๒๕๔๒	น. เรียกผลกล้วยที่แกร็นทั้งเครือ.<2t>(ปาก) ว. เรียกคนที่ซูบซีด.
กระสือดูด	๒๕๕๔	เรียกผลกล้วยที่แกร็นทั้งเครือ.
กระสุงกระสิง	๒๕๔๒	ก. สุงสิง, ยุ่ง, ข้องแวะ. (ปาเลกัว).
กระสุงกระสิง	๒๕๕๔	สุงสิง, ยุ่ง, ข้องแวะ.
กระสุน	๒๕๔๒	น. เครื่องยิงมีคัน ใช้สายโก่งยิงด้วยลูกดินปั้นกลมซึ่งเรียกว่า ลูกกระสุน; ลูกปืน.
กระสุน	๒๕๕๔	เครื่องยิงมีคัน ใช้สายโก่งยิงด้วยลูกดินปั้นกลม ซึ่งเรียกว่า ลูกกระสุน
กระสุนปราย	๒๕๕๔	ลูกตะกั่วหรือลูกเหล็กเล็ก ๆ สำหรับยัดใส่ในลำกล้องปืนครั้งละหลายลูก เมื่อยิงไปครั้งหนึ่ง ๆ ลูกจะกระจายไป, กระสุนปืนชนิดที่มีลูกตะกั่วหรือลูกเหล็กเล็ก ๆ หลาย ๆ ลูกผสมปนอยู่กับดินปืนในนัดเดียวกัน เวลายิงจะกระจายออก, (ปาก) ลูกปราย.
กระสุนปืน	๒๕๔๒	น. ลูกปืน, บางทีก็เรียก กระสุน หรือ ลูกกระสุน.
กระสุนปืน	๒๕๕๔	ลูกปืน, บางทีก็เรียก กระสุน หรือ ลูกกระสุน.
กระสุนพระอินทร์	๒๕๕๔	ชื่อกิ้งกือในสกุล Sphaerotherium วงศ์ Sphaerotheriidae ยาวประมาณ ๔ เซนติเมตร หัวแบนเล็ก ลำตัวโค้งนูน มี ๑๓ ปล้อง ผิวลำตัวเรียบมัน ด้านหลังสีน้ำตาล ดำ ครีม หรือเขียว เมื่อถูกกระทบจะม้วนเข้าสอดกับปล้องสุดท้ายจนกลมคล้ายลูกกระสุนดินปั้น พบชุกชุมช่วงต้นฤดูฝนตามพื้นที่สูงที่มีใบไม้ทับถมและชุ่มชื้น, ปักษ์ใต้เรียก มวนชิด.
กระสุนวิถี	๒๕๔๒	น. ทางแห่งกระสุน, วิถีกระสุน ก็ว่า.
กระสุนวิถี	๒๕๕๔	ทางแห่งกระสุน, วิถีกระสุน ก็ว่า.
กระสุนแตก	๒๕๕๔	ลูกกระสุนที่มีดินปืนอย่างร้ายแรงอยู่ข้างใน เมื่อยิงหรือขว้างไปจะแตกออกเป็นชิ้นเล็ก ๆ, (ปาก) ลูกแตก.
กระสุนโดด	๒๕๕๔	ลูกปืนที่ยิงออกไปทีละลูก, (ปาก) ลูกโดด.
กระสูทธิ์	๒๕๔๒	น. กรสุทธิ์. (ดู กรสุทธิ์).
กระสูทธิ์	๒๕๕๔	กรสุทธิ์. (ดู กรสุทธิ์).
กระสูบ	๒๕๔๒	น. ชื่อปลานํ้าจืด ๒ ชนิด ในวงศ์ Cyprinidae รูปร่างคล้ายปลาแก้มชํ้า แต่ลําตัวเพรียวและโตกว่าชนิดแรกคือ กระสูบขาว (Hampala macrolepidota) มักมีลายดําพาดขวางที่บริเวณลําตัวใต้ครีบหลัง พื้นหางสีแดงขอบบนและล่างสีดํา ขนาดยาวถึงประมาณ ๗๐ เซนติเมตร อีกชนิดหนึ่งคือ กระสูบจุด (H. dispar) ลําตัวมีจุดดําอยู่ตอนกลาง ปลายครีบหางมนกว่า และไม่มีแถบสีดํา ตัวยาวเต็มที่ไม่เกิน ๒๐ เซนติเมตร, สูด หรือ สูบ ก็เรียก.
กระสูบ	๒๕๕๔	ชื่อปลานํ้าจืด ๒ ชนิด ในวงศ์ Cyprinidae รูปร่างคล้ายปลาตะเพียน แต่ลำตัวเพรียวกว่า ชนิดแรกคือ กระสูบขาว [ Hampala macrolepidota (van Hasselt)] มักมีลายดำพาดขวางที่บริเวณลำตัวใต้ครีบหลัง พื้นหางสีแดง ขอบบนและล่างสีดำ ยาวได้ถึง ๗๐ เซนติเมตร อีกชนิดหนึ่งคือ กระสูบจุด ( H. disparSmith) ลำตัวมีจุดดำอยู่ตอนกลาง ปลายครีบหางมนกว่าและไม่มีแถบสีดำ ขนาดยาวได้ถึง ๒๐ เซนติเมตร, สูด หรือ สูบ ก็เรียก.
กระส่าย	๒๕๔๒	ใช้เข้าคู่กับคํา กระสับ เป็น กระสับกระส่าย.
กระหง่อง	๒๕๔๒	(โบ; กลอน) ก. จ้อง, คอยดู, เช่น ตากตากระหง่องเตรียม คอยแม่ มาฤๅ. (นิ. ตรัง), ตระหง่อง หรือ ตระหน่อง ก็ใช้.
กระหง่อง	๒๕๕๔	จ้อง, คอยดู, เช่น ตากตากระหง่องเตรียม คอยแม่ มาฤๅ (นิ. ตรัง), ตระหง่อง หรือ ตระหน่อง ก็ใช้.
กระหน	๒๕๔๒	(โบ) ก. ดิ้นรน, เดือดร้อน, กระวนกระวาย. (ข. กฺรหล่).
กระหน	๒๕๕๔	ดิ้นรน, เดือดร้อน, กระวนกระวาย.
กระหนก	๒๕๔๒	น. ชื่อแบบลายไทยประเภทหนึ่ง ใช้ผูกเขียนเป็นลวดลาย มีทั้งระบายสี ปิดทองรดนํ้า ปั้น หรือแกะสลักเป็นต้น มีหลายชนิด เช่น กระหนกเปลว กระหนกก้านขด กระหนกเครือ, เดิมเขียนเป็น กนก ก็มี.
กระหนก	๒๕๕๔	ชื่อลายไทยประเภทหนึ่ง ใช้ผูกเขียนเป็นลวดลาย มีทั้งระบายสี ปิดทองรดนํ้า ปั้น หรือแกะสลักเป็นต้น มีหลายแบบ เช่น กระหนกเปลว กระหนกก้านขด กระหนกเครือ, เขียนเป็น กนก ก็มี.
กระหนกกินรี	๒๕๔๒	ดู กระหนกนารี.
กระหนกกินรี	๒๕๕๔	ดู กระหนกนารี.
กระหนกนฤมิต	๒๕๕๔	ดู กระหนกนารี.
กระหนกนารี	๒๕๔๒	น. ชื่อไม้ล้มลุกชนิด Rhektophyllum mirabile N.E. Br. ในวงศ์ Araceae ต้นมีไหลเลื้อยเหนือพื้นดินแยกออกไปเป็นต้นใหม่ได้ ใบคล้ายใบบอนสี มีลายขาวตามเส้นใบ, กระหนกกินรี กระหนกนฤมิต บอนลายกระหนก หรือ แม้นเขียน ก็เรียก.
กระหนกนารี	๒๕๕๔	ชื่อไม้ล้มลุกชนิด Cercestis mirabilis (N. E. Br.) Bogner ในวงศ์ Araceae ต้นมีไหลเลื้อยเหนือพื้นดินแยกออกไปเป็นต้นใหม่ได้ ใบคล้ายใบบอนสี มีลายขาวตามเส้นใบ, กระหนกกินรี กระหนกนฤมิต บอนลายกระหนก หรือ แม้นเขียน ก็เรียก.
กระหนาก	๒๕๔๒	(แผลงมาจาก ขนาก) ดู ขนาก.
กระหนาบ	๒๕๔๒	ก. ประชิดเข้าไปทั้ง ๒ ข้าง เช่น กองทัพตีกระหนาบ; อาการที่อยู่ทั้ง ๒ ข้าง เช่น กระหนกกระหนาบภาพหาญ, กระหนกกระหนาบคาบเครือสร้อยสน. (พากย์); ดุดันเอา. (แผลงมาจาก ขนาบ).
กระหนาบ	๒๕๕๔	ประกบเข้าให้แน่น, ประชิดเข้าไปทั้ง ๒ ข้าง เช่น กองทัพตีกระหนาบ, ติดชิดกันที่อยู่ทั้ง ๒ ข้าง เช่น กระหนกกระหนาบภาพหาญ, กระหนกกระหนาบคาบเครือสร้อยสน (พากย์)
กระหนาบคาบเกี่ยว	๒๕๔๒	ว. ประชิดเหลื่อมลํ้ากัน.
กระหนาบคาบเกี่ยว	๒๕๕๔	ประชิดเหลื่อมลํ้ากัน.
กระหน่อง	๒๕๔๒	(ถิ่น-อีสาน) น. อวัยวะส่วนหลังของลำแข้ง ตั้งแต่ขาพับลงไปถึงส้นเท้า เช่น ตัวหนึ่งกัดเอ็นกระหน่อง. (ม. ภาคอีสาน ชูชก), กระน่อง ขะน่อง หรือ ขาน่อง ก็เรียก.
กระหน่อง	๒๕๕๔	จ้อง, คอยดู, เช่น ตากตากระหง่องเตรียม คอยแม่ มาฤๅ (นิ. ตรัง), ตระหง่อง หรือ ตระหน่อง ก็ใช้.
กระหน่ำ	๒๕๔๒	ว. ซํ้า&#160;ๆ ลงอย่างหนัก.
กระหน่ำ	๒๕๕๔	ซํ้าๆ ลงอย่างหนัก.
กระหมวด	๒๕๔๒	ก. ขอดให้เป็นปม, มุ่น, บิดม้วนให้เป็นปม. (แผลงมาจาก ขมวด).
กระหมวด	๒๕๕๔	บิดม้วนแล้วขอดให้เป็นปม, มุ่น.
กระหมอบ	๒๕๔๒	(กลอน) ว. แขม่ว&#160;ๆ เช่น หายใจกระหมอบหอบเต็มที. (คาวี).
กระหมอบ	๒๕๕๔	แขม่วๆ เช่น หายใจกระหมอบหอบเต็มที
กระหมั่ง	๒๕๔๒	(กลอน) ว. กระมัง เช่น เครื่องค้าเหลือผู้ซื้อ กระหมั่ง. (ลอ).
กระหมั่ง	๒๕๕๔	กระมัง เช่น เครื่องค้าเหลือผู้ซื้อ กระหมั่ง
กระหมิด	๒๕๔๒	ใช้เข้าคู่กับคํา กระหมุด เป็น กระหมุดกระหมิด.
กระหมิบ	๒๕๔๒	ก. ทําปากหรือช่องทวารหนักทวารเบาให้เม้มอยู่; อาการที่กล้ามเนื้อขอบปากทวารรัดตัวเข้ามา. (แผลงมาจาก ขมิบ).<2t>ว. บางทีก็ใช้เข้าคู่กับคํา กระหมุบ เป็น กระหมุบกระหมิบ.
กระหมิบ	๒๕๕๔	บีบเข้าหรือเม้มเข้าซ้ำ ๆ กัน (มักใช้แก่ปาก ช่องทวารหนัก และทวารเบา)
กระหมุดกระหมิด	๒๕๔๒	ว. ขมวดให้แน่น เช่น สักกระสันเป็นสามรวดรัดกระหวัดกระหมุดกระหมิดฉุดชิด ชักชายน้อยห้อยหูกระต่าย. (ม. ร่ายยาว ชูชก).
กระหมุดกระหมิด	๒๕๕๔	ขมวดให้แน่น เช่น สักกระสันเป็นสามรวดรัดกระหวัดกระหมุดกระหมิดฉุดชิด ชักชายน้อยห้อยหูกระต่าย (ม. ร่ายยาว ชูชก).
กระหมุบ	๒๕๔๒	ก. เต้นตุบ&#160;ๆ. (แผลงมาจาก ขมุบ).
กระหมุบ	๒๕๕๔	เต้นตุบๆ.
กระหมุบกระหมิบ	๒๕๔๒	ก. หมุบหมิบ, อาการที่ริมฝีปากเผยอขึ้นและหุบลงโดยเร็ว, อาการของปากที่พูดอย่างไม่ออกเสียง, เช่น ทำปากกระหมุบกระหมิบ สวดมนต์กระหมุบกระหมิบ. (แผลงมาจาก ขมุบขมิบ).
กระหมุบกระหมิบ	๒๕๕๔	หมุบหมิบ, อาการที่ริมฝีปากเผยอขึ้นและหุบลงโดยเร็ว, อาการของปากที่พูดอย่างไม่ออกเสียง, เช่น ทำปากกระหมุบกระหมิบ สวดมนต์กระหมุบกระหมิบ.
กระหมุ่น	๒๕๔๒	(โบ) ว. มุ่น; ขุ่น เช่น นํ้าใช้และนํ้าฉัน นานหลายวันเป็นกระหมุ่น. (ขมุ่น หรือ ขนุ่น ทางเหนือว่า ขี้ตะกอน, ทางใต้ใช้ว่า หมวน).
กระหมุ่น	๒๕๕๔	มุ่น
กระหม่อม	๒๕๔๒	น. ส่วนของกะโหลกอยู่ตรงแนวศีรษะแต่ตํ่ากว่าส่วนสูงสุดลงมาใกล้หน้าผาก ในเด็กแรกเกิดจนถึง ๒ ขวบส่วนนี้จะมีเนื้อเยื่ออ่อนปิดรอยประสานกะโหลกที่ยังเปิดอยู่ หลังจากนั้นเนื้อเยื่ออ่อนนี้จะกลายเป็นกระดูก, โดยปริยายหมายรวม&#160;ๆ ว่า หัว เช่น เป่ากระหม่อม ลงกระหม่อม, ขม่อม ก็ว่า; คําสําหรับใช้ควบกับคําที่ขึ้นต้น ว่า &#147;เกล้า&#148; เช่น ทราบเกล้าทราบกระหม่อม ทูลเกล้าทูลกระหม่อม ในการเขียนหนังสือใช้ไปยาลน้อยแทน เช่น ทราบเกล้าฯ ทูลเกล้าฯ.<2t>ส. คําใช้แทนตัวผู้พูด เพศชาย เพ็ดทูลเจ้านายชั้นหม่อมเจ้า และพระวรวงศ์เธอที่มิได้ทรงกรม, เป็นสรรพนามบุรุษที่ ๑. (ราชา) ว. คำรับหรือคำลงท้ายที่ผู้ชายใช้เพ็ดทูลเจ้านายชั้นหม่อมเจ้า. (ย่อมาจาก ขอรับกระหม่อม). (แผลงมาจาก ขม่อม).
กระหม่อม	๒๕๕๔	ส่วนของกะโหลกอยู่ตรงแนวกลางศีรษะ แต่ตํ่ากว่าส่วนสูงสุดลงมาใกล้หน้าผาก ในเด็กแรกเกิดจนถึง ๒ ขวบส่วนนี้จะมีเนื้อเยื่ออ่อนปิดรอยประสานกะโหลกที่ยังเปิดอยู่ หลังจากนั้นเนื้อเยื่ออ่อนนี้จะกลายเป็นกระดูก, โดยปริยายหมายรวมๆ ว่า หัว เช่น เป่ากระหม่อม ลงกระหม่อม, ขม่อม ก็ว่า
กระหม่อมบาง	๒๕๔๒	(สํา) ว. เจ็บป่วยง่าย เช่น เขาเป็นคนกระหม่อมบาง ถูกนํ้าค้างหน่อยก็เป็นหวัด, ขม่อมบาง ก็ว่า.
กระหม่อมบาง	๒๕๕๔	เจ็บป่วยง่าย เช่น เขาเป็นคนกระหม่อมบาง ถูกนํ้าค้างหน่อยก็เป็นหวัด, ขม่อมบาง ก็ว่า.
กระหม่า	๒๕๔๒	(โบ) ก. ประหม่า, สะทกสะท้าน, พรั่นใจ, เช่น กระมลบ้ากระหม่ามะเมอ. (สมุทรโฆษ).
กระหม่า	๒๕๕๔	ประหม่า, สะทกสะท้าน, พรั่นใจ, เช่น กระมลบ้ากระหม่ามะเมอ
กระหยด	๒๕๔๒	(โบ; แผลงมาจาก ขยด) ก. ถด, ถอย, เขยิบ, เช่น กระหยดเข้า นางเจ้าแม่ทรงศาสตราชัย. (มโนห์รา).
กระหยด	๒๕๕๔	ถด, ถอย, กระเถิบ, เช่น กระหยดเข้า นางเจ้าแม่ทรงศาสตราชัย
กระหยบ	๒๕๔๒	(โบ) ก. หมอบ เช่น ฟุบกบกระหยบเงียบมิเกรียบไว้. (มโนห์รา); (ถิ่น-ปักษ์ใต้) แอบ, ซ่อน, ซุก.
กระหยบ	๒๕๕๔	แอบ, ซ่อน, ซุก, เช่น ฟุบกบกระหยบเงียบมิเกรียบไว้
กระหยะ	๒๕๔๒	น. ขยะ เช่น หนึ่งนิทไทรในราษตรี บมิหลับดั่งมี กระหยะแลผงเลือดไร. (อภิไธยโพธิบาทว์). (แผลงมาจาก ขยะ).
กระหยะ	๒๕๕๔	ขยะ เช่น หนึ่งนิทไทรในราษตรี บมิหลับดั่งมี กระหยะแลผงเลือดไร
กระหยัง	๒๕๔๒	(ถิ่น-อีสาน) น. สมุกใส่เครื่องนุ่งห่ม. (ลัทธิ. ภาค ๑๘ ตอน ๑); ภาชนะชนิดหนึ่งคล้ายตะกร้าสําหรับใส่ของ.
กระหยัง	๒๕๕๔	ภาชนะชนิดหนึ่งคล้ายตะกร้าสำหรับใส่ของหรือเครื่องนุ่งห่ม.
กระหยับ	๒๕๔๒	(กลอน) ก. ขยับ เช่น มือถือธนูกระหยับลั่น. (รามเกียรติ์ ร. ๑; ไกรทอง; สรรพสิทธิ์). (แผลงมาจาก ขยับ).
กระหยับ	๒๕๕๔	ขยับ เช่น มือถือธนูกระหยับลั่น (รามเกียรติ์ ร. ๑; ไกรทอง; สรรพสิทธิ์).
กระหยาง	๒๕๔๒	ดู กระยาง ๑.
กระหยาง	๒๕๕๔	ดู กระยาง ๑.
กระหยิ่ม	๒๕๔๒	ก. กริ่ม คือ ครึ้มใจ, ภูมิใจ, อิ่มใจ, มักใช้เข้าคู่กับคำ ยิ้มย่อง เป็น กระหยิ่มยิ้มย่อง. (แผลงมาจาก ขยิ่ม).
กระหยิ่ม	๒๕๕๔	กริ่ม, ครึ้มใจ, ภูมิใจ, อิ่มใจ, มักใช้เข้าคู่กับคำ ยิ้มย่อง เป็น กระหยิ่มยิ้มย่อง.
กระหย่ง	๒๕๔๒	ก. ทําให้สูงขึ้น เช่น กระหย่งตัว, ทำสิ่งที่รวมตัวกันให้โปร่งหรือขยายตัวให้หลวมขึ้น เช่น กระหย่งฟาง, กระโหย่ง หย่ง หรือ โหย่ง ก็ว่า.
กระหย่ง	๒๕๕๔	ทำให้สูงขึ้น เช่น กระหย่งตัว, ทำสิ่งที่รวมตัวกันให้โปร่งหรือขยายตัวให้หลวมขึ้น เช่น กระหย่งฟาง, กระโหย่ง หย่ง หรือ โหย่ง ก็ว่า.
กระหย่อน	๒๕๔๒	(โบ) ก. ขย้อน คือ อาการขยับขึ้นขยับลง เช่น พระยานั่งอยู่แลกระหย่อนองค์โลดขึ้นทั้งนั้นก็ดี ขึ้นสูงได้ ๑๘ ศอก. (ไตรภูมิ; สรรพสิทธิ์; พงศ. เหนือ), กระย่อน ก็ว่า.
กระหย่อน	๒๕๕๔	ขย้อน คือ อาการขยับขึ้นขยับลง เช่น พระยานั่งอยู่แลกระหย่อนองค์โลดขึ้นทั้งนั้นก็ดี ขึ้นสูงได้ ๑๘ ศอก (ไตรภูมิ; สรรพสิทธิ์; พงศ. เหนือ), กระย่อน ก็ใช้.
กระหย่อม	๒๕๔๒	น. หย่อม คือ หมู่เล็ก&#160;ๆ, กองเล็ก&#160;ๆ.
กระหย่อม	๒๕๕๔	หย่อม, หมู่เล็กๆ, กองเล็กๆ.
กระหรอด	๒๕๔๒	[-หฺรอด] น. นกกรอด. (ดู ปรอด).
กระหรอด	๒๕๕๔	ดู ปรอด.
กระหริ่ง	๒๕๔๒	น. บ่วงหวายสําหรับดักสัตว์ที่กระโดดเช่นเนื้อและกวาง เช่น จับกระหริ่งบ่วงข่ายถือ แบกหอกปืนลงจากเรือน. (สุบิน), กะริง ก็ว่า.
กระหริ่ง	๒๕๕๔	บ่วงหวายสำหรับดักสัตว์อย่างเนื้อและกวาง เช่น จับกระหริ่งบ่วงข่ายถือ แบกหอกปืนลงจากเรือน (สุบิน), กะริง ก็ว่า.
กระหวน	๒๕๔๒	(กลอน) ก. หวนถึง เช่น และกระหวนกระโหยหา. (ดุษฎีสังเวย).
กระหวน	๒๕๕๔	หวนถึง เช่น และกระหวนกระโหยหา
กระหวัด	๒๕๔๒	ก. ตวัด, วัดเข้ามาโดยเร็ว, รัดรึง; ย้อน เช่น เจ้าหวนคิดกระหวัดวน. (พากย์นางลอย).
กระหวัด	๒๕๕๔	ตวัด, วัดให้ม้วนเข้ามาโดยเร็ว, รัดรึง
กระหวัดเกล้า	๒๕๔๒	น. วิธีรําละครท่าหนึ่ง. (ฟ้อน).
กระหวัดเกล้า	๒๕๕๔	ชื่อท่ารำแบบหนึ่ง โดยมือข้างหนึ่งจีบหงาย งอข้อศอก หักข้อมือเข้าหาแง่ศีรษะ มืออีกข้างหนึ่งตั้งวงกลาง เอียงศีรษะข้างเดียวกับมือที่ตั้งวง.
กระหว่า	๒๕๔๒	(โบ; กลอน) ว. ราวกับว่า เช่น หน้าตาหัวอกรกเป็นขน ดูสง่ากระหว่าคนหรือนนทรี. (มโนห์รา).
กระหว่า	๒๕๕๔	ราวกับว่า เช่น หน้าตาหัวอกรกเป็นขน ดูสง่ากระหว่าคนหรือนนทรี (มโนห์รา), ปักษ์ใต้ว่า หวา.
กระหอง	๒๕๔๒	ดู จงโคร่ง, โจงโคร่ง.
กระหอง	๒๕๕๔	ดู จงโคร่ง, โจงโคร่ง.
กระหัง	๒๕๔๒	น. ผีชนิดหนึ่งที่ถือว่าเข้าสิงในตัวผู้ชาย เชื่อกันว่าเดิมเป็นผู้ชายที่เรียนวิชาอาคมแก่กล้าเข้าก็มีปีกมีหาง จะไปไหนก็ใช้กระด้งต่างปีก สากตําข้าวต่างขา สากกะเบือต่างหาง ชอบกินของโสโครก, คู่กับ กระสือ ซึ่งเป็นผีผู้หญิง, ใช้ว่า กระหาง ก็มี เช่น ถ้าเปนสัจว่าเปนกระสือกระหางจะกละจริงไซร้. (สามดวง).
กระหัง	๒๕๕๔	ผีชนิดหนึ่งที่ถือว่าเข้าสิงในตัวผู้ชาย เชื่อกันว่าเดิมเป็นผู้ชายที่เรียนวิชาอาคมแก่กล้าเข้าก็มีปีกมีหาง จะไปไหนก็ใช้กระด้งต่างปีก สากตำข้าวต่างขา สากกะเบือต่างหาง ชอบกินของโสโครก, คู่กับ กระสือ ซึ่งเข้าสิงในตัวผู้หญิง, ใช้ว่า กระหาง ก็มี เช่น ถ้าเปนสัจว่าเปนกระสือกระหางจะกละจริงไซร้
กระหัด	๒๕๔๒	(ปาก) น. คฤหัสถ์.
กระหัด	๒๕๕๔	คฤหัสถ์.
กระหาง	๒๕๔๒	น. กระหัง.
กระหาง	๒๕๕๔	กระหัง.
กระหาย	๒๕๔๒	ก. รู้สึกคอแห้งด้วยอยากดื่มน้ำเพราะมีอาการร้อนในเป็นต้น; อยากเป็นกําลัง.
กระหาย	๒๕๕๔	รู้สึกคอแห้งด้วยอยากดื่มน้ำเป็นต้น
กระหายเลือด	๒๕๔๒	ว. เหี้ยมโหดทำทารุณจนถึงเลือดตกยางออก.
กระหายเลือด	๒๕๕๔	พอใจอยากเห็นเลือดตกยางออก, เหี้ยมโหด.
กระหึม	๒๕๔๒	ว. เสียงดังหึ่มอย่างน่ากลัว เช่น พายุพัดกระหึ่ม, เสียงก้องกังวาน เช่น เสียงดนตรีดังกระหึ่ม.
กระหึ่ม	๒๕๕๔	เสียงก้อง เช่น พายุพัดกระหึ่ม เสียงดนตรีดังกระหึ่ม. ก. โด่งดังรู้กันไปทั่ว เช่น นักร้องคนนี้มีชื่อเสียงกระหึ่ม เรื่องคอร์รัปชันตอนนี้กำลังกระหึ่มไปทั่ว.
กระหืดกระหอบ	๒๕๔๒	ว. มีอาการรีบร้อนอย่างเหนื่อยหอบ เช่น วิ่งกระหืดกระหอบ.
กระหืดกระหอบ	๒๕๕๔	มีอาการรีบร้อนอย่างเหนื่อยหอบ เช่น วิ่งกระหืดกระหอบ.
กระอวล	๒๕๔๒	(กลอน) ว. อวล, หอมตลบ.
กระอวล	๒๕๕๔	อวล, หอมตลบ.
กระออดกระแอด	๒๕๔๒	ว. ออดแอด, อาการที่บ่นไม่รู้จักจบ, อาการที่ป่วยอยู่บ่อย&#160;ๆ.
กระออดกระแอด	๒๕๕๔	ออดแอด, อาการที่บ่นไม่รู้จักจบ, อาการที่ป่วยอยู่บ่อยๆ.
กระออบ	๒๕๔๒	ว. มีกลิ่นหอม. (ข. กฺรอูบ).
กระออบ	๒๕๕๔	มีกลิ่นหอม.
กระออม	๒๕๔๒	ดู โคกกระออม.
กระออม	๒๕๕๔	ดู โคกกระออม.
กระอัก	๒๕๔๒	ก. ทะลักออกมาจากคอ เช่น กระอักเลือด.
กระอัก	๒๕๕๔	ทะลักออกมาจากคอ เช่น กระอักเลือด กินอิ่มจนแทบกระอัก.
กระอักกระอ่วน	๒๕๔๒	ว. ป่วน, พิพักพิพ่วน, ลังเลใจ, ตกลงใจไม่ได้, อักอ่วน ก็ว่า.
กระอักกระอ่วน	๒๕๕๔	ป่วน, พิพักพิพ่วน, ลังเลใจ, ตกลงใจไม่ได้, อักอ่วน ก็ว่า.
กระอักกระไอ	๒๕๔๒	ว. อิดเอื้อน, ไม่กล้าพูด, ทําเสียงไออุบอับอยู่ในคอ, เช่น พูดจากุกกักกระอักกระไอ. (ไกรทอง).
กระอักกระไอ	๒๕๕๔	อิดเอื้อน, ไม่กล้าพูด, ทำเสียงไออุบอับอยู่ในคอ, เช่น พูดจากุกกักกระอักกระไอ
กระอั้วแทงควาย	๒๕๔๒	น. ชื่อการเล่นชนิดหนึ่งในการสมโภชของหลวง, บางทีเรียก กระอั้ว ว่า นางอั้ว เช่น นางอั้วเพ่งผัวเอน ควายเสี่ยว.
กระอั้วแทงควาย	๒๕๕๔	ชื่อการเล่นชนิดหนึ่งในการสมโภชของหลวง, บางทีเรียก กระอั้ว ว่า นางอั้ว เช่น นางอั้วเพ่งผัวเอน ควายเสี่ยว
กระอาน	๒๕๔๒	(ถิ่น-ปักษ์ใต้) น. ชื่อเต่านํ้ากร่อยชนิด Batagur baska ในวงศ์ Emydidae สามารถปรับตัวอยู่ในนํ้าจืดได้ พบเฉพาะทางภาคใต้, กะอาน ก็เรียก.
กระอาน	๒๕๕๔	ชื่อเต่านํ้ากร่อยขนาดใหญ่ชนิด Batagur baska (Gray) ในวงศ์ Emydidae จมูกแหลมงอนคล้ายตะพาบ เมื่อยังเล็กกระดองค่อนข้างแบน เมื่อโตขึ้นกระดองโค้งรี เพศเมียหัวและกระดองสีน้ำตาล เพศผู้หัวและกระดองสีดำตาสีขาว ตีนมีพังผืดเต็ม สามารถปรับตัวอยู่ในนํ้าจืดได้ พบในบริเวณที่มีน้ำไหลทางภาคใต้โดยเฉพาะแถบจังหวัดสตูล, กะอาน ก็เรียก.
กระอิด	๒๕๔๒	(กลอน) ว. อิดโรย เช่น อกกระอิดกว่าชื่นแล. (ม. คำหลวง กุมาร).
กระอิด	๒๕๕๔	อิดโรย เช่น อกกระอิดกว่าชื่นแล (ม. คำหลวง กุมาร).
กระอิดกระเอื้อน	๒๕๔๒	ก. อิดเอื้อน, ไม่กล้าที่จะพูด, กล่าวไม่เต็มปาก; แสดงอาการไม่สู้เต็มใจ.
กระอิดกระเอื้อน	๒๕๕๔	อิดเอื้อน, ไม่กล้าที่จะพูด, กล่าวไม่เต็มปาก
กระอึก	๒๕๔๒	(กลอน) ก. อึกทึก, อึง, เช่น ตระคอกคึกกระอึกอึง. (กลบท ๒; ม. คําหลวง จุลพน).
กระอึก	๒๕๕๔	อึกทึก, อึง, เช่น ตระคอกคึกกระอึกอึง (กลบท ๒; ม. คำหลวง จุลพน).
กระอึกกระอัก	๒๕๔๒	ว. อาการที่พูดไม่ออก ติดกึกกักอยู่ในคอเพราะกลัวหรือประหม่าเป็นต้น, อึกอัก หรือ อึก&#160;ๆ อัก&#160;ๆ ก็ว่า.
กระอึกกระอัก	๒๕๕๔	อึกอัก, อาการที่พูดไม่ออก ติดกึกกักอยู่ในคอเพราะกลัวหรือประหม่าเป็นต้น, อึกๆ อักๆ ก็ว่า.
กระอึด	๒๕๔๒	(โบ; กลอน) ก. อึดอัด, สะอึก, เช่น กระอึดอกเซนเซน ช่วยเหน้า. (กําสรวล).
กระอึด	๒๕๕๔	อึดอัด, สะอึก, เช่น กระอึดอกเซนเซน ช่วยเหน้า
กระอืด	๒๕๔๒	ก. ร้องไห้รํ่าไร, รํ่าไห้, เช่น เกรงอาตม์กระอืดโอย. (สรรพสิทธิ์), จำนองกระอืดโอย ทุกขทรวงละลวงกาม. (อนิรุทธ์).
กระอืด	๒๕๕๔	ร้องไห้รํ่าไร, รํ่าไห้, เช่น เกรงอาตม์กระอืดโอย (สรรพสิทธิ์), จำนองกระอืดโอย ทุกขทรวงละลวงกาม
กระอุ	๒๕๔๒	(กลอน) ก. ระอุ; ร้อนรน เช่น กระอุอุระประปราณ. (สมุทรโฆษ; สรรพสิทธิ์), หนึ่งรัศมีพระสุริยเย็น รัศมีพระจันทร์เป็น กระอุแลกลับร้อนรน. (อภิไธยโพธิบาทว์), ใช้เป็น กระอุก หรือ ประอุก ก็มี.
กระอุ	๒๕๕๔	ระอุ
กระอุก	๒๕๔๒	(กลอน) ก. ระอุ; ร้อนรน เช่น กระอุกกระลับร้อน, ใช้เป็น กระอุ หรือ ประอุก ก็มี.
กระอุก	๒๕๕๔	ระอุ
กระอูบ	๒๕๕๔	ผอบ, ภาชนะสำหรับใส่ของ มีเชิง ฝาครอบมียอด มักทำด้วยโลหะหรือไม้กลึงเป็นต้น เช่น จึงแก้เอาเสื้อและผ้าคาดศีรษะใส่ในกระอูบคำ (ประชุมพงศ. ๑๐).
กระอ่วน	๒๕๔๒	ใช้เข้าคู่กับคํา กระอัก เป็น กระอักกระอ่วน.
กระอ้อกระแอ้	๒๕๔๒	ว. อ้อแอ้, อาการออกเสียงของเด็กที่เริ่มหัดพูด, อาการที่พูดไม่ชัดอย่างคนเมา.
กระอ้อกระแอ้	๒๕๕๔	อ้อแอ้, อาการออกเสียงของเด็กที่เริ่มหัดพูด, อาการที่พูดไม่ชัดอย่างคนเมา.
กระอ้อมกระแอ้ม	๒๕๔๒	ว. อ้อมแอ้ม, ไม่ฉะฉาน, ไม่ชัดเจน, ไม่เต็มปาก, (ใช้แก่กริยาพูด).
กระอ้อมกระแอ้ม	๒๕๕๔	อ้อมแอ้ม, ไม่ฉะฉาน, ไม่ชัดเจน, ไม่เต็มปาก, (ใช้แก่กริยาพูด).
กระอ้า	๒๕๔๒	น. โรคพืชชนิดหนึ่งเกิดแก่ใบยาสูบ ทําให้ใบเฉาเหี่ยวแห้งหรือตายนึ่ง.
กระอ้า	๒๕๕๔	โรคพืชชนิดหนึ่งเกิดแก่ใบยาสูบ ทำให้ใบเฉา เหี่ยวแห้งหรือตายนึ่ง.
กระเกรอก	๒๕๔๒	[-เกฺริก] (กลอน) ว. กระเกริก, เสียงดังอึกทึก, เช่น กระเกรอกทงงท้องธรณี. (สมุทรโฆษ).
กระเกรอก	๒๕๕๔	กระเกริก, เสียงดังอึกทึก, เช่น กระเกรอกทงงท้องธรณี
กระเกรอก	๒๕๖๙	(วรรณ) กระเกริก, มีเสียงดังอึกทึก, เช่น กระเกรอกทงงท้องธรณี (สมุทรโฆษ).
กระเกริก	๒๕๔๒	(กลอน) ว. เสียงดังอึกทึก เช่น กระเกริ่นกระเกริกกฤษฎา. (อุเทน).
กระเกริก	๒๕๕๔	เสียงดังอึกทึก เช่น กระเกริ่นกระเกริกกฤษฎา
กระเกริก	๒๕๖๙	(วรรณ) มีเสียงดังอึกทึก เช่น กระเกริ่นกระเกริกกฤษฎา (อุเทน).
กระเกริ่น	๒๕๔๒	(กลอน) ว. ระบือ เช่น กระเกริ่นกระเกริกกฤษฎา. (อุเทน).
กระเกริ่น	๒๕๕๔	ระบือ เช่น กระเกริ่นกระเกริกกฤษฎา
กระเกริ่น	๒๕๖๙	(วรรณ) ระบือ เช่น กระเกริ่นกระเกริกกฤษฎา (อุเทน).
กระเกรียบ	๒๕๔๒	ใช้เข้าคู่กับคำ กระกรับ เป็น กระกรับกระเกรียบ.
กระเกรียม	๒๕๔๒	(โบ; เลิก) ก. ตระเตรียม, จัดไว้ให้บริบูรณ์, เช่น กระเกรียมพร้อมเสร็จสําเร็จการ. (คาวี).
กระเกรียม	๒๕๕๔	ตระเตรียม, จัดแจงไว้ให้เรียบร้อย, เช่น กระเกรียมพร้อมเสร็จสำเร็จการ
กระเกรียม	๒๕๖๙	(วรรณ) ตระเตรียม เช่น กระเกรียมพร้อมเสร็จสําเร็จการ (คาวี) .
กระเกรียว	๒๕๔๒	(โบ; กลอน) ว. เสียงดังเกรียว&#160;ๆ เช่น ก็ร้องกระเกรียวเฉียวฉาว. (สุธน).
กระเกรียว	๒๕๕๔	เสียงดังเกรียวๆ เช่น ก็ร้องกระเกรียวเฉียวฉาว
กระเกรียว	๒๕๖๙	(วรรณ) เสียงดังเกรียว ๆ เช่น ก็ร้องกระเกรียวเฉียวฉาว (สุธน).
กระเกรี้ยว	๒๕๔๒	(โบ; กลอน) ว. เสียงขบฟันเกรี้ยว&#160;ๆ เช่น คุกคามขบฟันกระเกรี้ยว. (ม. คําหลวง ฉกษัตริย์).
กระเกรี้ยว	๒๕๕๔	เสียงขบฟันเกรี้ยวๆ เช่น คุกคามขบฟันกระเกรี้ยว (ม. คำหลวง ฉกษัตริย์).
กระเกรี้ยว	๒๕๖๙	(วรรณ) เสียงขบฟันเกรี้ยว ๆ เช่น คุกคามขบฟันกระเกรี้ยว (ม. คําหลวง ฉกษัตริย์).
กระเกลือก	๒๕๔๒	(โบ; กลอน) ก. เกลือกไปมา เช่น กลํ่าตากระเลือก กระเกลือกกลอกตากลม. (ลอ).
กระเกลือก	๒๕๕๔	เกลือกไปมา เช่น กลํ่าตากระเลือก กระเกลือกกลอกตากลม
กระเกลือก	๒๕๖๙	(วรรณ) เกลือกไปมา เช่น กลํ่าตากระเหลือก กระเกลือกกลอกตากลม (ลอ).
กระเง้ากระงอด	๒๕๔๒	ว. กะบึงกะบอน, โกรธอย่างแสนงอน, เง้างอด หรือ เง้า ๆ งอด ๆ ก็ว่า.
กระเง้ากระงอด	๒๕๕๔	ทำกิริยาให้เอาใจ, เง้างอด หรือ เง้า ๆ งอด ๆ ก็ว่า.
กระเง้ากระงอด	๒๕๖๙	ทำกิริยาให้เอาใจ, เง้างอด เง้า ๆ งอด ๆ หรือ กระงอดกระแงด ก็ว่า.
กระเจอะกระเจิง	๒๕๔๒	ว. แตกหมู่เพ่นพ่านไป, เตลิดไป, เช่น เฒ่าก็เที่ยวสัญจรกระเจอะกระเจิง. (ม. ร่ายยาว ชูชก), กองทัพข้าศึกถูกตีแตกกระเจิดกระเจิงไป.
กระเจอะกระเจิง	๒๕๕๔	กระเจิดกระเจิง, กระเซอะกระเซิง, เช่น เฒ่าก็เที่ยวสัญจรกระเจอะกระเจิง (ม. ร่ายยาว ชูชก).
กระเจอะกระเจิง	๒๕๖๙	(วรรณ) กระเซอะกระเซิง เช่น เฒ่าก็เที่ยวสัญจรกระเจอะกระเจิง (ม. ร่ายยาว ชูชก).
กระเจา	๒๕๔๒	น. (๑) ชื่อไม้ล้มลุกหลายชนิดในสกุล Corchorus วงศ์ Tiliaceae ขึ้นอยู่ในที่ลุ่ม เปลือกต้นเหนียว เมื่อลอกออกแล้ว เรียกว่า ปอ เช่น ปอกระเจาฝักกลม (C. capsularis L.) ผลป้อม เปลือกย่นเป็นตุ่ม&#160;ๆ ใบใช้เป็นอาหารได้, พายัพเรียก เส้ง, และปอกระเจาฝักยาว (C. olitorius L.) ฝักยาวเรียวมีสันตามยาว, เมล็ดของปอทั้ง ๒ ชนิดนี้มีพิษ ปอใช้ทํากระสอบ.<2t>(๒) ชื่อไม้ต้นขนาดใหญ่ชนิดหนึ่ง. (ดู กระเชา).
กระเจา	๒๕๕๔	ชื่อไม้ล้มลุกหลายชนิดในสกุล Corchorusวงศ์ Tiliaceae ขึ้นอยู่ในที่ลุ่ม เปลือกต้นเหนียว เมื่อลอกออกแล้ว เรียกว่า ปอ เช่น ปอกระเจาฝักกลม ( C. capsularis L.) ผลป้อม เปลือกย่นเป็นตุ่มๆ ใบใช้เป็นอาหารได้, พายัพเรียก เส้ง, และปอกระเจาฝักยาว ( C. olitorius L.) ฝักยาวเรียวมีสันตามยาว, เมล็ดของปอทั้ง ๒ ชนิดนี้มีพิษ ปอใช้ทำกระสอบ.
กระเจา	๒๕๖๙	ไม้ล้มลุกหลายชนิดในสกุล Corchorus วงศ์ Malvaceae ขึ้นอยู่ในที่ลุ่ม เปลือกต้นเหนียว เมื่อลอกออกแล้ว เรียกว่า ปอ เช่น ปอกระเจาฝักกลม ( C. capsularis L.) ผลป้อม เปลือกย่นเป็นตุ่ม ๆ ใบใช้เป็นอาหารได้, พายัพเรียก เส้ง, และปอกระเจาฝักยาว ( C. olitorius L.) ฝักยาวเรียวมีสันตามยาว, เมล็ดของปอทั้ง ๒ ชนิดนี้มีพิษ ปอใช้ทำกระสอบ.
กระเจาะ	๒๕๔๒	ว. มีแผลเป็นที่ลูกตา เรียกว่า ตากระเจาะ.
กระเจาะ	๒๕๕๔	มีแผลเป็นที่ลูกตา เรียกว่า ตากระเจาะ.
กระเจาะ	๒๕๖๙	มีแผลเป็นที่ลูกตา เรียกว่า ตากระเจาะ.
กระเจิง	๒๕๔๒	ว. เลยไป, หลงไป, แตกจากหมู่ไป, นิยมใช้เข้าคู่กับคํา กระเจอะ กระเจิด เป็น กระเจอะกระเจิง กระเจิดกระเจิง.
กระเจิง	๒๕๕๔	เลยไป, หลงไป, แตกจากหมู่ไป, นิยมใช้เข้าคู่กับคำ กระเจอะ กระเจิด เป็น กระเจอะกระเจิง กระเจิดกระเจิง.
กระเจิง	๒๕๖๙	เลยไป, หลงไป, แตกจากหมู่ไป, มักใช้คู่กับคํา กระเจอะ กระเจิด เป็น กระเจอะกระเจิง กระเจิดกระเจิง.
กระเจิดกระเจิง	๒๕๔๒	ว. แตกหมู่เพ่นพ่านไป, เตลิดไป, เช่น กองทัพข้าศึกถูกตีแตกกระเจิดกระเจิงไป. (ดู กระเจอะกระเจิง).
กระเจิดกระเจิง	๒๕๕๔	แตกหนีไปคนละทิศละทาง เช่น กองทัพข้าศึกถูกตีแตกกระเจิดกระเจิงไป, แตกหมู่เพ่นพ่านไป เช่น ฝูงวัววิ่งหนีกระเจิดกระเจิงไป, บางทีใช้ว่า กระเจอะกระเจิง.
กระเจิดกระเจิง	๒๕๖๙	แตกหนีไปคนละทิศละทาง, แตกหมู่, เพ่นพ่านไป เช่น กองทัพข้าศึกถูกตีจนกระเจิดกระเจิงไป , ใช้เป็นคำวิเศษณ์ก็ได้ เช่น ฝูงวัววิ่งหนีกระเจิดกระเจิงไป.
กระเจียว	๒๕๔๒	น. ชื่อไม้ล้มลุกชนิด Curcuma sessilis Gage ในวงศ์ Zingiberaceae ลักษณะคล้ายต้นกระชาย มีหัวใต้ดิน ขณะออกดอกไม่มีใบ ช่อดอกเป็นช่อตั้ง ดอกสีขาว อยู่ระหว่างกาบสีขาวปลายสีม่วง ใช้ประกอบอาหารได้, พายัพเรียก อาวแดง.
กระเจียว	๒๕๕๔	ชื่อไม้ล้มลุกชนิด Curcuma sessilis Gage ในวงศ์ Zingiberaceae ลักษณะคล้ายต้นกระชาย มีหัวใต้ดิน ขณะออกดอกไม่มีใบ ช่อดอกเป็นช่อตั้ง รูปคล้ายทรงกระบอก ดอกสีขาว อยู่ระหว่างกาบสีขาวปลายสีม่วง ใช้ประกอบอาหารได้, พายัพเรียก อาวแดง.
กระเจียว	๒๕๖๙	ไม้ล้มลุกชนิด Curcuma sessilis Gage ในวงศ์ Zingiberaceae ลักษณะคล้ายต้นกระชาย มีหัวใต้ดิน ขณะออกดอกไม่มีใบ ช่อดอกเป็นช่อตั้ง รูปคล้ายทรงกระบอก ดอกสีขาว อยู่ระหว่างกาบสีขาวปลายสีม่วง ใช้ประกอบอาหารได้.
กระเจี้ยง	๒๕๔๒	น. ชื่อกล้วยไม้อิงอาศัยชนิด Epigeneium amplum (Lindl.) Summerh. ในวงศ์ Orchidaceae ดอกใหญ่ ทั้งกลีบนอกและกลีบในสีเหลืองประแดง, เอื้องศรีเที่ยง ก็เรียก.
กระเจี้ยง	๒๕๕๔	ชื่อกล้วยไม้อิงอาศัยชนิด Epigeneium amplum (Lindl.) Summerh. ในวงศ์ Orchidaceae ดอกใหญ่ ทั้งกลีบนอกและกลีบในสีเหลืองประแดง, เอื้องศรีเที่ยง ก็เรียก.
กระเจี้ยง	๒๕๖๙	กล้วยไม้อิงอาศัยชนิด Dendrobium amplum Lindl. ชื่อพ้อง Epigeneium amplum (Lindl.) Summerh. ในวงศ์ Orchidaceae ดอกใหญ่ ทั้งกลีบนอกและกลีบในสีเหลืองประแดง, เอื้องศรีเที่ยง ก็ว่า.
กระเจี๊ยบ	๒๕๔๒	น. ชื่อไม้ล้มลุกชนิด Abelmoschus esculentus (L.) Moench ในวงศ์ Malvaceae ผลสีเขียว ยาวประมาณ ๑๒ เซนติเมตร ใช้เป็นผัก, กระเจี๊ยบมอญ มะเขือทวาย หรือ มะเขือมอญ ก็เรียก.
กระเจี๊ยบ	๒๕๕๔	ชื่อไม้ล้มลุกชนิด Abelmoschus esculentus (L.) Moench ในวงศ์ Malvaceae ผลสีเขียว ยาวประมาณ ๑๒ เซนติเมตร ใช้เป็นผัก, กระเจี๊ยบมอญ มะเขือทวาย หรือ มะเขือมอญ ก็เรียก.
กระเจี๊ยบ	๒๕๖๙	ไม้ล้มลุกชนิด Abelmoschus esculentus (L.) Moench ในวงศ์ Malvaceae ผลสีเขียว ยาวประมาณ ๑๒ เซนติเมตร ใช้เป็นผัก, กระเจี๊ยบมอญ มะเขือทวาย หรือ มะเขือมอญ ก็ว่า.
กระเจี๊ยบมอญ	๒๕๖๙	ดู กระเจี๊ยบ.
กระเจี๊ยบเปรี้ยว	๒๕๔๒	น. ชื่อไม้ล้มลุกชนิด Hibiscus sabdariffa L. ในวงศ์ Malvaceae เปลือกต้นมีปอเหนียวทนทาน ผลสีแดง ใช้ทําแยม, กระเจี๊ยบแดง ก็เรียก, พายัพเรียก เกงเขง หรือ เกงเคง.
กระเจี๊ยบเปรี้ยว	๒๕๕๔	ชื่อไม้ล้มลุกชนิด Hibiscus sabdariffa L. ในวงศ์ Malvaceae เปลือกต้นมีปอเหนียวทนทาน ผลสีแดง กลีบเลี้ยงใช้ทำแยม, กระเจี๊ยบแดง ก็เรียก, พายัพเรียก เกงเขง หรือ เกงเคง.
กระเจี๊ยบเปรี้ยว	๒๕๖๙	ไม้ล้มลุกชนิด Hibiscus sabdariffa L. ในวงศ์ Malvaceae เปลือกต้นมีปอเหนียวทนทาน ผลสีแดง กลีบเลี้ยงใช้ทำแยม, กระเจี๊ยบแดง ก็ว่า.
กระเจี๊ยบแดง	๒๕๖๙	ดู กระเจี๊ยบเปรี้ยว.
กระเจี๊ยว	๒๕๔๒	(ปาก) น. อวัยวะสืบพันธุ์เด็กชายเล็ก&#160;ๆ, เจี๊ยว หรือ อ้ายเจี๊ยว ก็ว่า.
กระเจี๊ยว	๒๕๕๔	อวัยวะสืบพันธุ์เด็กชายเล็กๆ, เจี๊ยว หรือ อ้ายเจี๊ยว ก็ว่า.
กระเจี๊ยว	๒๕๖๙	(ปาก) อวัยวะสืบพันธุ์เด็กชายเล็ก ๆ, เจี๊ยว อ้ายเจี๊ยว หรือ ไอ้เจี๊ยว ก็ว่า.
กระเจ่า	๒๕๔๒	(ถิ่น) น. นกยาง เช่น กระจาบกระเจ้าจับ ซ้องศัพทอึงอล.
กระเจ่า	๒๕๕๔	นกยาง เช่น กระจาบกระเจ้าจับ ซ้องศัพทอึงอล.
กระเจ่า	๒๕๖๙	(วรรณ) นกยาง เช่น กระจาบกระเจ้าจับ ทรซร้องศัพทอึงอล (สรรพสิทธิ์).
กระเจ้า	๒๕๔๒	(ถิ่น-พายัพ, ปักษ์ใต้) น. ต้นกระเชา. (ดู กระเชา).
กระเจ้า	๒๕๕๔	นกยาง เช่น กระจาบกระเจ้าจับ ซ้องศัพทอึงอล.
กระเฉก	๒๕๔๒	ว. เขยก. (ปาเลกัว).
กระเฉก	๒๕๕๔	เขยก.
กระเฉก	๒๕๖๙	(โบ) เขยก. (ปาเลกัว).
กระเฉง	๒๕๔๒	ใช้เข้าคู่กับคํา กระฉับ เป็น กระฉับกระเฉง.
กระเฉด	๒๕๔๒	น. ชื่อไม้นํ้าชนิด Neptunia oleracea Lour. ในวงศ์ Leguminosae ขึ้นลอยอยู่ในนํ้า ลําต้นอ่อนอุ้มน้ำ มีปลอกเป็นปุยขาว ๆ เป็นทุ่น เรียกว่านม ใบย่อยเล็กเมื่อถูกสัมผัสก็หุบราบไป ดอกเหลืองเล็กออกชิดกันเป็นก้อนกลม ลําต้นและใบใช้เป็นอาหารได้, คำสุภาพเรียกว่า ผักรู้นอน, พายัพเรียก ผักหนอง.
กระเฉด	๒๕๕๔	ชื่อไม้นํ้าชนิด Neptunia oleracea Lour. ในวงศ์ Leguminosae ขึ้นลอยอยู่ในนํ้า ลำต้นอ่อนอุ้มน้ำ มีปลอกเป็นปุยขาว ๆ เป็นทุ่น เรียกว่า นม ใบย่อยเล็กเมื่อถูกสัมผัสก็หุบราบไป ดอกสีเหลืองเล็กออกชิดกันเป็นช่อกลม ลำต้นและใบใช้เป็นอาหารได้, พายัพเรียก ผักหนอง, คำสุภาพเรียกว่า ผักรู้นอน.
กระเฉด	๒๕๖๙	ไม้นํ้าชนิด Neptunia oleracea Lour. ในวงศ์ Fabaceae (Leguminosae) ขึ้นลอยอยู่ในนํ้า ลำต้นอ่อนอุ้มน้ำ มีปลอกเป็นปุยขาว ๆ เป็นทุ่น เรียกว่า นม ใบย่อยเล็กเมื่อถูกสัมผัสก็หุบราบไป ดอกสีเหลืองเล็กออกชิดกันเป็นช่อกลม ลำต้นและใบใช้เป็นอาหารได้, คำสุภาพเรียกว่า ผักรู้นอน.
กระเชอ	๒๕๔๒	น. ภาชนะสานคล้ายกระจาดขนาดเล็ก แต่สูงกว่า ก้นสอบ ปากกว้าง ใช้กระเดียด; อัตราตวงของโบราณ มีพิกัดเท่ากับ ๕ ทะนาน, และ ๕ กระเชอ เป็น ๑ สัด, กันเชอ ก็เรียก. (เทียบ ข. กญฺเชิ).
กระเชอ	๒๕๕๔	ภาชนะสานคล้ายกระจาดขนาดเล็ก แต่สูงกว่า ก้นสอบ ปากกว้าง ใช้กระเดียด, กันเชอ ก็เรียก
กระเชอ	๒๕๖๙	ภาชนะสานคล้ายกระจาดขนาดเล็ก แต่สูงกว่า ก้นสอบ ปากกว้าง ใช้กระเดียด, กันเชอ ก็ว่า.
กระเชอก้นรั่ว	๒๕๔๒	(สํา) ว. สุรุ่ยสุร่าย, ไม่รู้จักเก็บหอมรอมริบ, ขาดการประหยัด.
กระเชอก้นรั่ว	๒๕๕๔	สุรุ่ยสุร่าย, ไม่รู้จักเก็บหอมรอมริบ, ขาดการประหยัด, เพี้ยนไปเป็น กระชังก้นรั่ว ก็มี.
กระเชอก้นรั่ว	๒๕๖๙	(สำ) สุรุ่ยสุร่าย, ไม่รู้จักเก็บหอมรอมริบ, ขาดการประหยัด.
กระเชา	๒๕๔๒	น. ชื่อไม้ต้นผลัดใบขนาดใหญ่ชนิด Holoptelea integrifolia (Roxb.) Planch. ในวงศ์ Ulmaceae ขึ้นอยู่ทั่วไป ผลแบนบางเป็นปีกโดยรอบ เนื้อไม้สดสีเหลืองมะนาว เมื่อแห้งเป็นสีนวล แข็งพอประมาณ ใช้ในการก่อสร้างที่ไม่ต้องรับนํ้าหนักมากนัก ทําเครื่องเรือน แกนร่ม ก้านและกล่องไม้ขีดไฟ, บางทีเรียก กระเจา, พายัพและปักษ์ใต้เรียก กระเจ้า ขจาว หรือ ขเจา.
กระเชา	๒๕๕๔	ชื่อไม้ต้นผลัดใบขนาดใหญ่ชนิด Holoptelea integrifolia (Roxb.) Planch. ในวงศ์ Ulmaceae ขึ้นอยู่ทั่วไป ผลแบนบางเป็นปีกโดยรอบ เนื้อไม้สดสีเหลืองมะนาว เมื่อแห้งเป็นสีนวล แข็งพอประมาณ ใช้ในการก่อสร้างที่ไม่ต้องรับนํ้าหนักมากนัก ทำเครื่องเรือน แกนร่ม ก้านและกล่องไม้ขีดไฟ, บางทีเรียก กระเจา หรือ กระจาว, พายัพและปักษ์ใต้เรียก กระเจ้า ขจาว หรือ ขเจา.
กระเชา	๒๕๖๙	ไม้ต้นผลัดใบขนาดใหญ่ชนิด Holoptelea integrifolia (Roxb.) Planch. ในวงศ์ Ulmaceae ขึ้นอยู่ทั่วไป ผลแบนบางเป็นปีกโดยรอบ เนื้อไม้สดสีเหลืองมะนาว เมื่อแห้งเป็นสีนวล แข็งพอประมาณ ใช้ในการก่อสร้างที่ไม่ต้องรับนํ้าหนักมากนัก ทําเครื่องเรือน แกนร่ม ก้านและกล่องไม้ขีดไฟ, กระเจา ก็ว่า.
กระเชียง	๒๕๔๒	น. เครื่องพุ้ยนํ้าให้เรือเดิน รูปคล้ายแจว มีหลักสําหรับพาด ใช้เหนี่ยว; อาการที่พุ้ยเช่นนั้น เรียกว่า ตีกระเชียง, กรรเชียง ก็ว่า.
กระเชียง	๒๕๕๔	เครื่องพุ้ยนํ้าให้เรือเคลื่อนไป รูปคล้ายแจวแต่ไม่มีหมวกแจว พาดกับหูกระเชียงบนหลักที่อยู่ข้างแคมเรือข้างละอันคู่กัน ใช้เหนี่ยวด้ามให้พุ้ยน้ำ, กรรเชียง ก็ว่า.
กระเชียง	๒๕๖๙	ดู กรรเชียง (๑).
กระเชียงปู	๒๕๔๒	ดู กรรเชียงปู.
กระเชียงปู	๒๕๕๔	ดู กรรเชียงปู.
กระเชียงปู	๒๕๖๙	ดู กรรเชียงปู.
กระเช้า	๒๕๔๒	น. ภาชนะสานมีหูเป็นวงโค้งขึ้นไปสําหรับหิ้ว.
กระเช้า	๒๕๕๔	ภาชนะสานมีหูเป็นวงโค้งขึ้นไปสำหรับหิ้ว.
กระเช้า	๒๕๖๙	ภาชนะสานมีหูเป็นวงโค้งขึ้นไปสําหรับหิ้ว, ในบทประพันธ์เขียนเป็น กรนนเช้า ก็มี เช่น คร้นนเช้าก็หิ้วกรนนเช้า ชายป่าเต้าไปหาชาย (ม. คําหลวง มัทรี).
กระเช้าผีมด	๒๕๔๒	น. (๑) ชื่อไม้เถาชนิด Aristolochia tagala Cham. ในวงศ์ Aristolochiaceae ผลเมื่อแก่ตอนโคนแยกออกเป็น ๖ สาย คล้ายสาแหรก รากใช้ทํายาได้.<2t>(๒) ชื่อไม้พุ่มอิงอาศัยชนิด Hydnophytum formicarium Jack ในวงศ์ Rubiaceae ชอบเกาะไม้ต้นในป่าดิบชื้นใกล้ฝั่งทะเล ลําต้นทรงกลมอวบนํ้า มีรูพรุนภายในเป็นที่อาศัยของมด ส่วนที่เป็นรูพรุนใช้ทํายาได้, หัวร้อยรู ก็เรียก.
กระเช้าผีมด	๒๕๕๔	ชื่อไม้เถาชนิด Aristolochia tagala Cham. ในวงศ์ Aristolochiaceae ผลเมื่อแก่ตอนโคนแยกออกเป็น ๖ สาย คล้ายสาแหรก รากใช้ทำยาได้.
กระเช้าผีมด	๒๕๖๙	ไม้เถาชนิด Aristolochia tagala Cham. ในวงศ์ Aristolochiaceae ผลเมื่อแก่ตอนโคนแยกออกเป็น ๖ สาย คล้ายสาแหรก รากใช้ทํายาได้.
กระเช้าสวรรค์	๒๕๔๒	น. อุปกรณ์เพื่อความเพลิดเพลินชนิดหนึ่ง มักมีตามสวนสนุกและในงานเทศกาลต่าง&#160;ๆ ประกอบด้วยล้อโลหะขนาดใหญ่คู่ขนานกัน หมุนด้วยแรงกลในแนวตั้งรอบแกนที่ติดอยู่กับที่ มีที่นั่งในกระเช้าโลหะซึ่งห้อยติดอยู่เป็นช่วงระหว่างโครงของล้อทั้ง๒, ชิงช้าสวรรค์ ก็ว่า.
กระเช้าสวรรค์	๒๕๕๔	อุปกรณ์เพื่อความเพลิดเพลินชนิดหนึ่ง มักมีตามสวนสนุกและในงานเทศกาลต่างๆ ประกอบด้วยล้อโลหะขนาดใหญ่คู่ขนานกัน หมุนด้วยแรงกลในแนวตั้งรอบแกนที่ติดอยู่กับที่ มีที่นั่งคล้ายกระเช้าห้อยติดอยู่เป็นช่วง ๆ ระหว่างโครงของล้อทั้ง ๒, ชิงช้าสวรรค์ ก็ว่า.
กระเช้าสวรรค์	๒๕๖๙	อุปกรณ์เพื่อความเพลิดเพลินชนิดหนึ่ง มักมีตามสวนสนุกและในงานเทศกาลต่าง ๆ ประกอบด้วยล้อโลหะขนาดใหญ่คู่ขนานกัน หมุนด้วยแรงกลในแนวตั้งรอบแกนที่ติดอยู่กับที่ มีที่นั่งในกระเช้าโลหะซึ่งห้อยติดอยู่เป็นช่วงระหว่างโครงของล้อทั้ง ๒, ชิงช้าสวรรค์ ก็ว่า.
กระเช้าสีดา	๒๕๔๒	น. ชื่อไม้เถาชนิด Aristolochia indica L. ในวงศ์ Aristolochiaceae ผลคล้ายผลกระเช้าผีมด (๑) แต่ขนาดใหญ่กว่า รากใช้ทํายาได้.
กระเช้าสีดา	๒๕๕๔	ชื่อไม้เถาชนิด Aristolochia indica L. ในวงศ์ Aristolochiaceae ผลคล้ายผลกระเช้าผีมด (๑) แต่ขนาดใหญ่กว่า รากใช้ทำยาได้.
กระเช้าสีดา	๒๕๖๙	ไม้เถาชนิด Aristolochia indica L. ในวงศ์ Aristolochiaceae ผลคล้ายผลกระเช้าผีมด (๑) แต่ขนาดใหญ่กว่า รากใช้ทํายาได้.
กระเซ	๒๕๔๒	ใช้เข้าคู่กับคํา กระโซ เป็น กระโซกระเซ.
กระเซอ	๒๕๔๒	ว. เซ่อเซอะ, เร่อร่า, เช่น ผัวเขาจริง&#160;ๆ วิ่งกระเซอ. (รามเกียรติ์ พลเสพย์), นิยมใช้เข้าคู่กับคํา กระเซอะ เป็น กระเซอะกระเซอ.
กระเซอ	๒๕๕๔	เซ่อเซอะ, เร่อร่า, เช่น ผัวเขาจริง ๆ วิ่งกระเซอ (รามเกียรติ์ พลเสพย์), นิยมใช้เข้าคู่กับคำ กระเซอะ เป็น กระเซอะกระเซอ.
กระเซอ	๒๕๖๙	(วรรณ) เซ่อเซอะ, เร่อร่า, เช่น ผัวเขาจริง ๆ วิ่งกระเซอ (รามเกียรติ์ พลเสพย์), มักใช้คู่กับคํา กระเซอะ เป็น กระเซอะกระเซอ.
กระเซอะกระเซอ	๒๕๔๒	ก. เซ่อเซอะ เช่น ชังนํ้าหน้าบ้าเคอะกระเซอะกระเซอ. (คาวี).
กระเซอะกระเซอ	๒๕๕๔	เซ่อเซอะ เช่น ชังนํ้าหน้าบ้าเคอะกระเซอะกระเซอ
กระเซอะกระเซอ	๒๕๖๙	(วรรณ) เซ่อเซอะ, เร่อร่า, เช่น ชังนํ้าหน้าบ้าเคอะกระเซอะกระเซอ (คาวี).
กระเซอะกระเซิง	๒๕๔๒	ว. อาการที่ซัดเซไปโดยไม่มีที่มุ่งหมายว่าจะไปแห่งไร.
กระเซอะกระเซิง	๒๕๕๔	อาการที่ซัดเซไปโดยไม่มีจุดหมายว่าจะไปแห่งใด.
กระเซอะกระเซิง	๒๕๖๙	ซัดเซไปโดยไม่มีจุดหมายว่าจะไปแห่งใด เช่น เขากระเซอะกระเซิงไปถึงไหนก็ไม่รู้, ใช้เป็นคำวิเศษณ์ก็ได้ เช่น หนีกระเซอะกระเซิง.
กระเซิง	๒๕๔๒	ว. ยุ่งเหยิง, รุงรัง, เช่น ผมเป็นกระเซิง, เซิง ก็ว่า.
กระเซิง	๒๕๕๔	ยุ่งเหยิง, รุงรัง, เช่น ผมเป็นกระเซิง.
กระเซิง	๒๕๖๙	ยุ่งเหยิง, รุงรัง, เช่น ผมเป็นกระเซิง , กระเซอะกระเซิง ก็ว่า .
กระเซ็น	๒๕๔๒	ก. อาการที่ของเหลวเช่นนํ้าเป็นต้นกระเด็นเป็นฝอย.
กระเซ็น	๒๕๕๔	อาการที่ของเหลวเช่นนํ้าเป็นต้นกระเด็นเป็นฝอย.
กระเซ็น	๒๕๖๙	อาการที่ของเหลวเช่นนํ้าเป็นต้นกระเด็นเป็นฝอย.
กระเซ้า	๒๕๔๒	ก. พูดรบเร้า, พูดเย้าแหย่.
กระเซ้า	๒๕๕๔	พูดรบเร้า, พูดเย้าแหย่.
กระเซ้า	๒๕๖๙	พูดรบเร้า, พูดเย้าแหย่.
กระเซ้ากระซี้	๒๕๔๒	ก. พูดรบเร้ารํ่าไรเพื่อให้ได้ตามที่ต้องการ, เซ้าซี้ ก็ว่า.
กระเซ้ากระซี้	๒๕๕๔	พูดรบเร้ารํ่าไรเพื่อให้ได้ตามที่ต้องการ, เซ้าซี้ ก็ว่า.
กระเซ้ากระซี้	๒๕๖๙	พูดรบเร้ารํ่าไรเพื่อให้ได้ตามที่ต้องการ, เซ้าซี้ ก็ว่า.
กระเดก	๒๕๔๒	ใช้เข้าคู่กับคํา กระโดก เป็น กระโดกกระเดก.
กระเดาะ	๒๕๔๒	ก. เดาะให้กระเด็นขึ้นเบา&#160;ๆ.
กระเดาะ	๒๕๕๔	โยนสิ่งของขึ้นแล้วเอาไม้ มือ หรือเท้ารับทำให้สะท้อนขึ้น, เดาะ ก็ว่า.
กระเดาะ	๒๕๖๙	โยนสิ่งของให้กระเด็นขึ้นเบา ๆ.
กระเดาะปาก	๒๕๔๒	ก. ทําให้เกิดเสียงดังด้วยการใช้ลิ้นดันเพดานเป็นต้นแล้วสลัดลง.
กระเดาะปาก	๒๕๕๔	ทำให้เกิดเสียงดังด้วยการใช้ลิ้นดันเพดานปากเป็นต้น แล้วสลัดลงอย่างเร็วพร้อมอ้าปาก เพื่อแสดงความสบอารมณ์หรือสร้างความสนใจเป็นต้น, เดาะปาก ก็ว่า.
กระเดาะปาก	๒๕๖๙	ทำให้เกิดเสียงดังด้วยการใช้ลิ้นดันเพดานปากเป็นต้น แล้วสลัดลงอย่างเร็วพร้อมอ้าปาก เพื่อแสดงความสบอารมณ์หรือสร้างความสนใจเป็นต้น, เดาะปาก ก็ว่า.
กระเดิด	๒๕๔๒	(ถิ่น-อีสาน) น. ปลากระดี่. (ดู กระดี่ ๑).
กระเดิด	๒๕๕๔	ปลากระดี่. (ดู กระดี่ ๑).
กระเดิด	๒๕๖๙	ลงกันไม่สนิท, กระดกสูงกว่าพื้น, เช่น กระดานกระเดิด.
กระเดิด ๆ	๒๕๕๔	ลงกันไม่สนิท, กระดกสูงกว่าพื้น, เช่น กระดานกระเดิด.
กระเดียด	๒๕๔๒	ก. เอาเข้าข้างสะเอว เช่น กระเดียดกระจาด. (ข. กณฺเฎียต).
กระเดียด	๒๕๕๔	เอาเข้าข้างสะเอว เช่น กระเดียดกระจาด.
กระเดียด	๒๕๖๙	เอาเข้าข้างสะเอว เช่น กระเดียดกระจาด. (ข. กณฺเฎียต).
กระเดียม	๒๕๔๒	ใช้เข้าคู่กับคํา กระดี้ เป็น กระดี้กระเดียม.
กระเดี้ย	๒๕๔๒	ใช้เข้าคู่กับคํา กระดัก และ กระดิก เป็นกระดักกระเดี้ย และ กระดิกกระเดี้ย.
กระเดี้ยม	๒๕๔๒	ใช้เข้าคู่กับคํา กระด้วม เป็น กระด้วมกระเดี้ยม.
กระเดือก	๒๕๔๒	น. ส่วนของกล่องเสียง มีลักษณะโปนออกมากลางลำคอเหนือท่อลม เห็นได้ชัดในผู้ชายเรียกว่า ลูกกระเดือก.
กระเดือก	๒๕๕๔	ส่วนของกล่องเสียง มีลักษณะโปนออกมากลางลำคอเหนือท่อลม เห็นได้ชัดในผู้ชายเรียกว่า ลูกกระเดือก.
กระเดือก	๒๕๖๙	ส่วนของกล่องเสียง มีลักษณะโปนออกมากลางลำคอเหนือท่อลม เห็นได้ชัดในผู้ชาย, ลูกกระเดือก ก็ว่า.
กระเดือก ๆ	๒๕๔๒	ว. กระเสือกกระสนไปด้วยความลำบาก เช่น ว่ายน้ำกระเดือก&#160;ๆ.
กระเดือก ๆ	๒๕๕๔	กระเสือกกระสนไปด้วยความลำบาก เช่น ว่ายน้ำกระเดือก ๆ.
กระเดือก ๆ	๒๕๖๙	กระเสือกกระสนไปด้วยความลำบาก เช่น ว่ายน้ำกระเดือก ๆ.
กระเดือกไม่ลง	๒๕๖๙	ไม่อยากกินเพราะไม่อร่อยเป็นต้น.
กระเดื่อง	๒๕๔๒	น. ส่วนหนึ่งของครกกระเดื่อง เป็นไม้ท่อนยาว ปลายด้านหัวมีสากสำหรับตำข้าวที่อยู่ในครก เมื่อเหยียบปลายข้างหางแล้วถีบลงหลุม หัวจะกระดกขึ้น เมื่อปล่อยเท้าหัวก็จะกระแทกลง; เรียกเครื่องจักรนาฬิกาชิ้นหนึ่ง มีลักษณะคล้ายคลึงเช่นนั้นว่า กระเดื่อง.
กระเดื่อง	๒๕๕๔	อุปกรณ์ชนิดหนึ่ง เป็นไม้ท่อนยาว ปลายด้านหัวมีสากสำหรับตำข้าว ปลายด้านหางทำเป็นที่เหยียบ เจาะรูที่ด้านข้างเยื้องไปทางปลายด้านหาง และมีไม้เป็นแกนสอดตรึงติดกับเสาหรือหลักให้หมุนได้ เมื่อเหยียบที่ข้างหางและกดลง หัวจะกระดกขึ้น เมื่อปล่อยเท้าหัวก็จะกระแทกลง
กระเดื่อง	๒๕๖๙	อุปกรณ์ชนิดหนึ่ง เป็นไม้ท่อนยาว ปลายด้านหัวมีสากสำหรับตำข้าว ปลายด้านหางทำเป็นที่เหยียบ เจาะรูที่ด้านข้างเยื้องไปทางปลายด้านหาง และมีไม้เป็นแกนสอดตรึงติดกับเสาหรือหลักให้หมุนได้ เมื่อเหยียบที่ข้างหางและกดลง หัวจะกระดกขึ้น เมื่อปล่อยเท้า หัวก็จะกระแทกลง.
กระเด็น	๒๕๔๒	ก. เคลื่อนจากที่เดิมหรือแตกแยกจากที่เดิมออกไปโดยเร็วเพราะกระทบสิ่งใดสิ่งหนึ่งโดยแรง.
กระเด็น	๒๕๕๔	เคลื่อนจากที่เดิมหรือแตกแยกจากที่เดิมออกไปโดยเร็วเพราะกระทบสิ่งใดสิ่งหนึ่งโดยแรง.
กระเด็น	๒๕๖๙	เคลื่อนจากที่เดิมหรือแตกแยกจากที่เดิมออกไปโดยเร็ว มักเป็นเพราะกระทบสิ่งใดสิ่งหนึ่งโดยแรง.
กระเด้ง	๒๕๔๒	ก. ดีดหรือดันขึ้นเมื่อถูกกดหรือถูกบีบเป็นต้น, กระดอนขึ้น, เด้ง ก็ว่า.
กระเด้ง	๒๕๕๔	ดีดหรือดันขึ้นเมื่อถูกกดหรือถูกบีบเป็นต้น, กระดอนขึ้น
กระเด้ง	๒๕๖๙	ดีดหรือดันขึ้นเมื่อถูกกดหรือถูกบีบเป็นต้น, กระดอนขึ้น, เด้ง ก็ว่า.
กระเด้า	๒๕๔๒	ก. ทําก้นขึ้น&#160;ๆ ลง&#160;ๆ, เด้า ก็ว่า.
กระเด้า	๒๕๕๔	ทำก้นขึ้น ๆ ลง ๆ, เด้า ก็ว่า.
กระเด้า	๒๕๖๙	ทําก้นขึ้น ๆ ลง ๆ, เด้า ก็ว่า.
กระเด้าดิน	๒๕๔๒	ดู เด้าดิน.
กระเด้าดิน	๒๕๕๔	ดู เด้าดิน (๑).
กระเด้าดิน	๒๕๖๙	ดู นกเด้าดิน (๑)
กระเด้าลม	๒๕๔๒	ดู เด้าลม.
กระเด้าลม	๒๕๕๔	ดู เด้าลม.
กระเด้าลม	๒๕๖๙	ดู นกเด้าลม.
กระเตง	๒๕๔๒	ก. อาการที่อุ้มเด็กเข้าสะเอวหรือสะพายของโตงเตงไป.
กระเตง	๒๕๕๔	อาการที่อุ้มเด็กเข้าสะเอวหรือสะพายของโตงเตงไป.
กระเตง	๒๕๖๙	อาการที่อุ้มเด็กเข้าสะเอวหรือสะพายของโตงเตงไป.
กระเตอะ	๒๕๔๒	ว. จวนแก่ (ใช้แก่หมาก) ในคําว่า หมากกระเตอะ หรือ หมากหน้ากระเตอะ.
กระเตอะ	๒๕๕๔	จวนแก่และมียางมาก (ใช้แก่หมาก) ในคำว่า หมากกระเตอะ หรือ หมากหน้ากระเตอะ.
กระเตอะ	๒๕๖๙	จวนแก่และมียางมาก (ใช้แก่หมาก) ในคําว่า หมากกระเตอะ หรือ หมากหน้ากระเตอะ.
กระเตาะ	๒๕๔๒	ดู กุ้งดีด, กุ้งดีดขัน.
กระเตาะ	๒๕๕๔	ดู กุ้งดีด, กุ้งดีดขัน ที่ กุ้ง ๑.
กระเตาะ	๒๕๖๙	ดู กุ้งดีด, กุ้งดีดขัน ที่ กุ้ง (๑)
กระเตาะกระแตะ	๒๕๔๒	ว. อาการที่เด็กเริ่มสอนเดิน เรียกว่า เดินกระเตาะกระแตะ, เตาะแตะ หรือ เตาะ&#160;ๆ แตะ&#160;ๆ ก็ว่า; ป้อแป้, ไม่แข็งแรง, มักใช้แก่คนสูงอายุ เช่น คุณทวดเดินกระเตาะกระแตะ.
กระเตาะกระแตะ	๒๕๕๔	อาการที่เด็กเริ่มสอนเดิน เรียกว่า เดินกระเตาะกระแตะ, เตาะแตะ หรือ เตาะๆ แตะๆ ก็ว่า.
กระเตาะกระแตะ	๒๕๖๙	เดินยังไม่คล่อง, ใช้แก่เด็กที่เริ่มสอนเดิน, ใช้เป็นคำวิเศษณ์ก็ได้ เช่น เดินกระเตาะกระแตะ , เตาะแตะ หรือ เตาะ ๆ แตะ ๆ ก็ว่า.
กระเตี้ยม	๒๕๔๒	ใช้เข้าคู่กับคํา กระต้วม เป็น กระต้วมกระเตี้ยม.
กระเตื้อง	๒๕๔๒	ก. เบาขึ้น, ทุเลาขึ้น, เช่น อาการไข้กระเตื้องขึ้น, เจริญขึ้น เช่น เดี๋ยวนี้ฐานะเขาค่อยกระเตื้องขึ้น; (โบ) พยุงยกให้เผยอขึ้น.
กระเตื้อง	๒๕๕๔	ดีกว่าเดิม เช่น อาการไข้กระเตื้องขึ้น เดี๋ยวนี้ฐานะเขาค่อยกระเตื้องขึ้น
กระเตื้อง	๒๕๖๙	ดีกว่าเดิม เช่น อาการไข้กระเตื้องขึ้น, เดี๋ยวนี้ฐานะเขาค่อยกระเตื้องขึ้น .
กระเต็น	๒๕๔๒	น. ชื่อนกชนิดหนึ่งในวงศ์ Alcedinidae หัวโต คอสั้น ปากแหลมยาวตรงและแข็งแรง ส่วนใหญ่มีสีสวยสดสะดุดตา หากินโดยวิธีพุ่งตัวลงจับปลาในนํ้า มีหลายชนิด เช่น กระเต็นปักหลัก หรือ ปักหลัก (Ceryle rudis) กระเต็นน้อยธรรมดา (Alcedo atthis) กระเต็นอกขาว (Halcyon smyrnensis).
กระเต็น	๒๕๕๔	ชื่อนกขนาดเล็กถึงขนาดกลางหลายชนิด ในวงศ์ Alcedinidae หัวโต คอสั้น ปากแหลม ยาว ตรง แบนข้าง และแข็งแรง หากินโดยวิธีพุ่งตัวลงจับเหยื่อเช่นปลาในนํ้าหรือแมลงตามท้องทุ่ง พวกที่มีขนาดเล็กส่วนใหญ่มีสีสวยสะดุดตา เช่น กระเต็นน้อยแถบอกดำ ( Alcedo euryzona Temminck) กระเต็นน้อยสามนิ้ว [ Ceyx erithacus (Linn.)] พวกที่มีขนาดกลาง เช่น กระเต็นลาย [ Lacedo pulchella (Horsfield)] กระเต็นอกขาว [ Halcyon smyrnensis (Linn.)] กระเต็นสร้อยคอสีน้ำตาล [ Actenoides concretus (Temminck)] และพวกที่มีขนาดใหญ่ เช่น กระเต็นขาวดำใหญ่ [ Megaceryle lugubris (Temminck)] กระเต็นปักหลักหรือปักหลัก [ Ceryle rudis (Linn.)].
กระเต็น	๒๕๖๙	(วรรณ) นกกระเต็น เช่น กระตั้วกระเต็นก็เต้นณะดง ณะดินแดน (พระนลคำฉันท์).
กระเต็นปักหลัก	๒๕๔๒	ดู ปักหลัก ๒ (๑).
กระเต็นปักหลัก	๒๕๖๙	นกกระเต็นปักหลัก. ดู นกปักหลัก (๑).
กระเถิบ	๒๕๔๒	ก. เขยิบไปจากที่เดิม.
กระเถิบ	๒๕๕๔	ขยับก้นเลื่อนที่ไปในขณะที่นั่ง.
กระเถิบ	๒๕๖๙	ขยับก้นเลื่อนที่ไปในขณะที่นั่ง, (ปาก) เถิบ ก็ว่า.
กระเทียบ	๒๕๔๒	ใช้เข้าคู่กับคํา กระทบ เป็น กระทบกระเทียบ.
กระเทียม	๒๕๔๒	น. ชื่อไม้ล้มลุกชนิด Allium sativum L. ในวงศ์ Alliaceae คล้ายต้นหอม หัวเป็นกลีบ&#160;ๆ เมื่อแห้งสีขาว กลิ่นฉุน รสเผ็ดร้อน ใช้ปรุงอาหาร, พายัพเรียก หอมเตียม, อีสานเรียก หอมขาว, ปักษ์ใต้เรียก เทียม.
กระเทียม	๒๕๕๔	ชื่อไม้ล้มลุกชนิด Allium sativum L. ในวงศ์ Alliaceae คล้ายต้นหอม หัวเป็นกลีบๆ เมื่อแห้งสีขาว กลิ่นฉุน รสเผ็ดร้อน ใช้ปรุงอาหาร, พายัพเรียก หอมเตียม, อีสานเรียก หอมขาว, ปักษ์ใต้เรียก เทียม.
กระเทียมหอม	๒๕๔๒	น. ต้นหอม เช่น กระเทียมหอมรําแย้ ก็มี. (ม. คําหลวง มหาพน).
กระเทียมหอม	๒๕๕๔	ต้นหอม เช่น กระเทียมหอมรำแย้ ก็มี (ม. คำหลวง มหาพน).
กระเทียมโทน	๒๕๕๔	กระเทียมที่มีหัวเดียว กลิ่นฉุน รสเผ็ดร้อน.
กระเทือน	๒๕๔๒	ก. มีอาการเหมือนไหวหรือสั่นเพราะถูกกระทบกระทั่ง เช่น นั่งรถที่แล่นไปตามทางขรุขระก็รู้สึกกระเทือน เสียงระเบิดทำให้บ้านกระเทือน, โดยปริยายหมายความว่า รู้สึกหวั่นไหว เช่น เขาว่าลูกก็กระเทือนไปถึงแม่ ใครจะว่าอย่างไร&#160;ๆ ก็ไม่กระเทือน, บางทีก็ใช้เข้าคู่กับคํา กระทบ เป็น กระทบกระเทือน, สะเทือน ก็ว่า.
กระเทือน	๒๕๕๔	มีอาการสั่นไหวเพราะถูกกระทบ เช่น นั่งรถที่แล่นไปตามทางขรุขระก็รู้สึกกระเทือน เสียงระเบิดทำให้บ้านกระเทือน, โดยปริยายหมายความว่า เป็นทุกข์กังวล เช่น เขาว่าลูกก็กระเทือนไปถึงแม่ ใครจะว่าอย่างไรๆ ก็ไม่กระเทือน, บางทีก็ใช้เข้าคู่กับคำ กระทบ เป็น กระทบกระเทือน, สะเทือน ก็ว่า.
กระเทือนซาง	๒๕๔๒	(ปาก) ก. มีจิตใจหวั่นไหวอย่างรุนแรงเพราะมีสิ่งใดสิ่งหนึ่งมากระทบใจ เช่น ว่าเท่าไร&#160;ๆ ก็ไม่กระเทือนซาง ถูกตำหนิอย่างแรงทำให้รู้สึกกระเทือนซาง.
กระเทือนซาง	๒๕๕๔	เป็นทุกข์กังวลเพราะมีสิ่งใดสิ่งหนึ่งมากระทบความรู้สึกอย่างรุนแรง เช่น ว่าเท่าไรๆ ก็ไม่กระเทือนซาง ถูกตำหนิอย่างแรงทำให้รู้สึกกระเทือนซาง.
กระเทือนใจ	๒๕๔๒	ก. มีจิตใจหวั่นไหวอย่างแรงเพราะมีสิ่งใดสิ่งหนึ่งมากระทบ (มักใช้ในทางที่ไม่ดี),สะเทือนใจ ก็ว่า.
กระเทือนใจ	๒๕๕๔	ไม่สบายใจเพราะมีสิ่งใดสิ่งหนึ่งมากระทบ, สะเทือนใจ ก็ว่า.
กระเทื้อม	๒๕๔๒	ก. กระเทือน เช่น เสียงดังโครมใหญ่ไม่กระเทื้อม. (อภัย).
กระเทื้อม	๒๕๕๔	กระเทือน เช่น เสียงดังโครมใหญ่ไม่กระเทื้อม (อภัย)
กระเท่	๒๕๔๒	ว. เท่, เอียง.
กระเท่	๒๕๕๔	เท่, เอียง.
กระเท่เร่	๒๕๔๒	ว. เอียงทื่ออยู่, เอียงไปมาก, มักพูดเข้าคู่กับ เอียง เป็น เอียงกระเท่เร่, โดยปริยายหมายความว่า ลําเอียงมาก.
กระเท่เร่	๒๕๕๔	เอียงทื่ออยู่, เอียงไปมาก, มักพูดเข้าคู่กับ เอียง เป็น เอียงกระเท่เร่, โดยปริยายหมายความว่า ลำเอียงมาก.
กระเบง	๒๕๔๒	(กลอน) ก. เบ่ง เช่น ระด่าวตึงกระเบงแขน. (อนิรุทธ์); ตะเบ็ง, กระเบญ ก็ใช้.
กระเบง	๒๕๕๔	เบ่ง เช่น ระด่าวตึงกระเบงแขน (อนิรุทธ์)
กระเบญ	๒๕๔๒	(กลอน) ก. กระเบง เช่น กุมกระบอง กระเบญหาญ. (สมุทรโฆษ).
กระเบญ	๒๕๕๔	กระเบง เช่น กุมกระบอง กระเบญหาญ
กระเบน	๒๕๔๒	น. ชื่อปลากระดูกอ่อนพวกหนึ่ง มีหลายชนิด หลายสกุล และหลายวงศ์ ทั้งขนาดเล็กและขนาดใหญ่ ลําตัวแบนลงมาก ครีบอกแผ่ออกด้านข้าง บางชนิดแผ่ออกไปจดด้านหน้าและด้านท้ายเกือบเป็นวงกลมดูคล้ายจานหรือว่าว บางชนิดแผ่ยื่นด้านข้างออกไปเป็นปีกคล้ายนกหรือผีเสื้อ และบางชนิดครีบอกแผ่ไปไม่ถึงส่วนหน้า ทำให้หัวแยกจากลำตัวและส่วนยื่นของหัวเป็นลอน มีเหงือก ๕ คู่ อยู่ด้านล่างของส่วนหัว บริเวณถัดจากส่วนท้ายของนัยน์ตามีรูเปิดข้างละช่อง ซึ่งด้านในติดต่อกับโพรงเหงือกและปาก หางส่วนมากเรียว สั้นบ้างยาวบ้าง มักมีผิวหยาบหรือขรุขระ บางพวกมีเงี่ยงอยู่บนหางตอนใกล้ลำตัว และมีต่อมน้ำพิษอยู่บริเวณโคนเงี่ยง เมื่อใช้เงี่ยงแทงจะปล่อยน้ำพิษออกมาด้วย ทำให้คนหรือสัตว์ที่ถูกแทงรู้สึกปวด; เรียกชายผ้านุ่งที่ม้วนแล้วสอดไปใต้หว่างขา ดึงขึ้นไปเหน็บขอบผ้านุ่งด้านหลังระดับบั้นเอว ว่า ชายกระเบน หรือ หางกระเบน; โคนหางช้าง เช่น ผูกกระเบนสักหลาดถกล สัปทนแดงกางกั้ง. (กฐินพยุห).
กระเบน	๒๕๕๔	ชื่อปลากระดูกอ่อนพวกหนึ่ง มีหลายชนิด หลายสกุล และหลายวงศ์ ทั้งขนาดเล็กและขนาดใหญ่ ลำตัวกว้างตั้งแต่ ๑๕-๓๐๐ เซนติเมตร ลำตัวแบนลงมาก และต่อเนื่องกับครีบอกแผ่ออกด้านข้าง บางชนิดแผ่ออกไปจดด้านหน้าและด้านท้ายเกือบเป็นวงกลมดูคล้ายจานหรือว่าว บางชนิดแผ่ยื่นด้านข้างออกไปเป็นปีกคล้ายนกหรือผีเสื้อ และบางชนิดครีบอกแผ่ไปไม่ถึงส่วนหน้า ทำให้หัวแยกจากลำตัวและส่วนยื่นของหัวเป็นลอน มีเหงือก ๕ คู่ อยู่ด้านล่างของส่วนหัว บริเวณถัดจากส่วนท้ายของนัยน์ตามีรูเปิดข้างละช่อง ซึ่งด้านในติดต่อกับโพรงเหงือกและปาก หางส่วนมากเรียว สั้นบ้างยาวบ้าง มักมีผิวหยาบหรือขรุขระ บางพวกมีเงี่ยงอยู่บนหางตอนใกล้ลำตัว และมีต่อมน้ำพิษอยู่บริเวณโคนเงี่ยง เมื่อใช้เงี่ยงแทงจะปล่อยน้ำพิษออกมาด้วย ทำให้คนหรือสัตว์ที่ถูกแทงรู้สึกปวด
กระเบนเนื้อดำ	๒๕๔๒	ดู ยี่สน.
กระเบนเนื้อดำ	๒๕๕๔	ดู ยี่สน.
กระเบนเหน็บ	๒๕๔๒	น. ส่วนของร่างกายด้านหลังระดับบั้นเอว ตรงที่เหน็บชายกระเบน.
กระเบนเหน็บ	๒๕๕๔	ส่วนของร่างกายด้านหลังระดับบั้นเอว ตรงที่เหน็บชายกระเบน.
กระเบา	๒๕๔๒	น. ชื่อไม้ต้นขนาดย่อมถึงขนาดใหญ่หลายชนิดในสกุล Hydnocarpus วงศ์ Flacourtiaceae เช่น กระเบาใหญ่ หรือ กระเบานํ้า (H. anthelminthica Pierre ex Laness.) เป็นไม้ต้นขนาดใหญ่ ผลกลม เปลือกแข็ง มีขนสีนํ้าตาล ขนาดเท่าผลส้มโอขนาดย่อม เนื้อในเป็นแป้งสีเหลืองอ่อน&#160;ๆ กินได้ เมล็ดมีนํ้ามัน เคยใช้เป็นยาแก้โรคเรื้อน ต้นที่มีแต่ดอกเพศผู้ เรียกว่า แก้วกาหลง, กระเบากลัก หรือ กระเบียน (H. ilicifolia King) เป็นไม้ต้นขนาดกลาง ผลกลม เปลือกแข็ง มีขนสีดํา ขนาดเท่าผลส้มเกลี้ยง.
กระเบา	๒๕๕๔	ชื่อไม้ต้นขนาดย่อมถึงขนาดใหญ่หลายชนิดในสกุล Hydnocarpus วงศ์ Flacourtiaceae เช่น กระเบาใหญ่หรือกระเบานํ้า ( H. anthelminthicaPierre ex Laness.) เป็นไม้ต้นขนาดใหญ่ ผลกลม เปลือกแข็ง มีขนสีนํ้าตาล ขนาดเท่าผลส้มโอขนาดย่อม เนื้อในเป็นแป้งสีเหลืองอ่อนๆ กินได้ เมล็ดมีนํ้ามัน เคยใช้เป็นยาแก้โรคเรื้อน ต้นที่มีแต่ดอกเพศผู้ เรียกว่า แก้วกาหลง, กระเบากลักหรือกระเบียน ( H. ilicifolia King) เป็นไม้ต้นขนาดกลาง ผลกลม เปลือกแข็ง มีขนสีดำ ขนาดเท่าผลส้มเกลี้ยง.
กระเบิก	๒๕๔๒	(กลอน) ก. เบิก เช่น ปรดิพหุลดุลยปรดิมุข หุลดุลยอุกกลุก ก็เกริกกระเบิกหาวหบ. (อนิรุทธ์).
กระเบิก	๒๕๕๔	เบิก เช่น ปรดิพหุลดุลยปรดิมุข หุลดุลยอุกกลุก ก็เกริกกระเบิกหาวหบ
กระเบียด	๒๕๔๒	น. มาตราวัดตามวิธีประเพณี ๑ กระเบียด เท่ากับ ๑ ใน ๔ ส่วนของนิ้ว.
กระเบียด	๒๕๕๔	มาตราวัดตามวิธีประเพณี ๑ กระเบียด เท่ากับ ๑ ใน ๔ ส่วนของนิ้ว.
กระเบียดกระตัก	๒๕๔๒	ก. เกี่ยงให้ตัวได้มาก.
กระเบียดกระตัก	๒๕๕๔	เกี่ยงให้ตัวได้มาก.
กระเบียดกระเสียร	๒๕๔๒	ก. พยายามใช้จ่ายอย่างจํากัดจําเขี่ย.
กระเบียดกระเสียร	๒๕๕๔	พยายามใช้จ่ายอย่างจำกัดจำเขี่ย.
กระเบียน	๒๕๔๒	น. (๑) กระเบากลัก. (ดู กระเบา ๑).<2t>(๒) ชื่อไม้ต้นผลัดใบขนาดเล็กชนิด Gardenia turgida Roxb. ในวงศ์ Rubiaceae ขึ้นในป่าเต็งรังและป่าเบญจพรรณ ต้นมีหนามห่าง&#160;ๆ เปลือกเรียบ ดอกเมื่อแรกบานสีขาว แล้วเปลี่ยนเป็นสีเหลืองอ่อน ผลคล้ายละมุดฝรั่ง แต่สุกแล้วแข็ง, กระดานพน มะกอกพราน หมุยขาว หรือ หัวโล้น ก็เรียก.
กระเบียน	๒๕๕๔	กระเบากลัก. (ดู กระเบา ๑).
กระเบี้ย	๒๕๔๒	ใช้เข้าคู่กับคํา กระบั้ว เป็น กระบั้วกระเบี้ย.
กระเบื้อง	๒๕๔๒	น. เครื่องมุงหลังคาหรือปูพื้นเป็นต้น ทําด้วยดิน หรือวัสดุอย่างอื่น โดยปรกติเป็นแผ่น, เครื่องถ้วยชามที่ปั้นด้วยดินประสมอย่างดี เนื้อมีลักษณะแข็งและขาว เคลือบผิวเป็นมัน มีพื้นหรือลวดลายเป็นสีต่าง&#160;ๆ เรียกรวมว่า เครื่องกระเบื้อง, ชิ้นของเครื่องกระเบื้องที่แตกออก, กระทะแบน&#160;ๆ สําหรับละเลงขนมเบื้องเป็นต้น เดิมทําด้วยดินเผา แต่ปัจจุบันทําด้วยโลหะ; ลักษณนามเรียกจํานวนข้าวเม่าเป็นต้นที่คั่วครั้งหนึ่ง&#160;ๆ เช่น ข้าวเม่ากระเบื้องหนึ่ง งา ๒ กระเบื้อง.
กระเบื้อง	๒๕๕๔	วัสดุใช้มุงหลังคา ทำผนังหรือปูพื้น เป็นต้น ทำด้วยดินเผาหรือซีเมนต์ หรือวัสดุอื่นๆ มักทำเป็นแผ่นสี่เหลี่ยม มีขนาดต่าง ๆ อาจมีสีหรือลวดลายก็ได้, เครื่องถ้วยชามที่ปั้นด้วยดินประสมอย่างดี เนื้อมีลักษณะแข็งและขาว เคลือบผิวเป็นมัน มีพื้นหรือลวดลายเป็นสีต่างๆ เรียกรวมว่า เครื่องกระเบื้อง, ชิ้นของเครื่องกระเบื้องที่แตกออก, กระทะแบนๆ สำหรับละเลงขนมเบื้องเป็นต้น เดิมทำด้วยดินเผา แต่ปัจจุบันทำด้วยโลหะ
กระเบื้องกาบกล้วย	๒๕๔๒	น. กระเบื้องมุงหลังคาชนิดหนึ่ง มีลักษณะเป็นกระเบื้อง ๒ แผ่นวางคร่อมกัน แผ่นคว่ำมีรูปร่างเหมือนกาบกล้วย ข้างใต้ตอนบนมีงวงหรือขอสำหรับยึดกับระแนง ส่วนแผ่นหงายที่อยู่ข้างล่างนั้นเป็นแผ่นแบน งอริมขึ้นทั้ง ๒ ข้าง มีขออยู่ตอนบนเพื่อเกี่ยวกับระแนง ปัจจุบันนิยมทำให้กระเบื้องแผ่นคว่ำและแผ่นหงายติดเป็นแผ่นเดียวกันเพื่อให้มีความคงทนมากขึ้น, กาบู ก็เรียก.
กระเบื้องกาบกล้วย	๒๕๕๔	กระเบื้องมุงหลังคาชนิดหนึ่ง มีลักษณะเป็นกระเบื้อง ๒ แผ่นวางคร่อมกัน แผ่นคว่ำมีรูปร่างเหมือนกาบกล้วย ข้างใต้ตอนบนมีงวงหรือขอสำหรับยึดกับระแนง ส่วนแผ่นหงายที่อยู่ข้างล่างนั้นเป็นแผ่นแบนงอริมขึ้นทั้ง ๒ ข้าง มีขออยู่ตอนบนเพื่อเกี่ยวกับระแนง ปัจจุบันนิยมทำให้กระเบื้องแผ่นคว่ำและแผ่นหงายติดเป็นแผ่นเดียวกันเพื่อให้มีความคงทนมากขึ้น, กาบู ก็เรียก.
กระเบื้องขนมเปียกปูน	๒๕๔๒	น. กระเบื้องสำหรับมุงหลังคารูปสี่เหลี่ยมขนมเปียกปูน ทำด้วยปูนซีเมนต์ ทราย และน้ำ, กระเบื้องว่าว หรือ กระเบื้องหน้าวัว ก็เรียก.
กระเบื้องขนมเปียกปูน	๒๕๕๔	กระเบื้องสำหรับมุงหลังคารูปสี่เหลี่ยมขนมเปียกปูน ทำด้วยปูนซีเมนต์ ทราย และน้ำ, กระเบื้องว่าว กระเบื้องหน้าวัว หรือ กระเบื้องหน้างัว ก็เรียก.
กระเบื้องซีเมนต์ใยหิน	๒๕๕๔	กระเบื้องที่ทำจากปูนซีเมนต์โดยมีแร่ใยหิน และน้ำ เป็นส่วนผสมหลัก มีหลายชนิด ชนิดที่เป็นแผ่นเรียบเรียก กระเบื้องซีเมนต์ใยหินแผ่นเรียบ ใช้ทำผนังหรือฝ้าเพดาน ชนิดที่เป็นลอนเรียก กระเบื้องซีเมนต์ใยหินแผ่นลอน ซึ่งมีทั้งแบบลอนคู่ และลอนลูกฟูก ใช้ทำหลังคา.
กระเบื้องถ้วย	๒๕๔๒	(ถิ่น-ปักษ์ใต้) น. ต้นกะอวม. (ดู กะอวม).
กระเบื้องถ้วย	๒๕๕๔	ต้นกะอวม. (ดู กะอวม).
กระเบื้องถ้วยกะลาแตก	๒๕๔๒	น. เศษภาชนะดินเผาที่แตกออกเป็นชิ้นเล็กชิ้นน้อย, โดยปริยายหมายถึงของเล็ก&#160;ๆ น้อย&#160;ๆ ไม่เป็นชิ้นเป็นอันที่ชํารุดหรือขาดชุดหมดราคา.
กระเบื้องถ้วยกะลาแตก	๒๕๕๔	เศษภาชนะดินเผาที่แตกออกเป็นชิ้นเล็กชิ้นน้อย, โดยปริยายหมายถึงของเล็กๆ น้อยๆ ไม่เป็นชิ้นเป็นอันที่ชำรุดหรือขาดชุดหมดราคา.
กระเบื้องปรุ	๒๕๔๒	น. กระเบื้องเคลือบจีน มีลายโปร่งสําหรับกรุตามผนังหรือกําแพงให้มีช่องลม.
กระเบื้องปรุ	๒๕๕๔	กระเบื้องเคลือบจีน มีลายโปร่งสำหรับกรุตามผนังหรือกำแพงให้มีช่องลม.
กระเบื้องรู	๒๕๕๔	กระเบื้องเคลือบจีน มีลายโปร่งสำหรับกรุตามผนังหรือกำแพงให้มีช่องลม.
กระเบื้องว่าว	๒๕๔๒	น. กระเบื้องสำหรับมุงหลังคารูปสี่เหลี่ยมขนมเปียกปูน ทำด้วยปูนซีเมนต์ ทราย และน้ำ, กระเบื้องขนมเปียกปูน หรือ กระเบื้องหน้าวัว ก็เรียก.
กระเบื้องว่าว	๒๕๕๔	กระเบื้องสำหรับมุงหลังคารูปสี่เหลี่ยมขนมเปียกปูน ทำด้วยปูนซีเมนต์ ทราย และน้ำ, กระเบื้องขนมเปียกปูน กระเบื้องหน้าวัว หรือ กระเบื้องหน้างัว ก็เรียก.
กระเบื้องหน้างัว	๒๕๔๒	ดู กระเบื้องหน้าวัว.
กระเบื้องหน้างัว	๒๕๕๔	ดู กระเบื้องหน้าวัว.
กระเบื้องหน้าวัว	๒๕๔๒	น. กระเบื้องปูพื้นรูปสี่เหลี่ยมทําด้วยดินเผา; กระเบื้องสำหรับมุงหลังคารูปสี่เหลี่ยมขนมเปียกปูน ทำด้วยปูนซีเมนต์ ทราย และน้ำ, กระเบื้องว่าว หรือ กระเบื้องขนมเปียกปูน ก็เรียก.
กระเบื้องหน้าวัว	๒๕๕๔	กระเบื้องปูพื้นรูปสี่เหลี่ยมทำด้วยดินเผา
กระเบื้องเกล็ดเต่า	๒๕๔๒	น. กระเบื้องดินเผาปลายตัดเป็นมุมแหลม ผิวด้าน มีสีแดงตามเนื้อดิน ใช้มุงหลังคาโบสถ์วิหารเป็นต้น.
กระเบื้องเกล็ดเต่า	๒๕๕๔	กระเบื้องดินเผาปลายตัดเป็นมุมแหลม ผิวด้าน มีสีแดงตามเนื้อดิน ใช้มุงหลังคาโบสถ์วิหารเป็นต้น.
กระเบ็ดกระบวน	๒๕๔๒	น. กระบิดกระบวน, ชั้นเชิง.
กระเบ็ดกระบวน	๒๕๕๔	กระบิดกระบวน.
กระเปา	๒๕๔๒	ใช้เข้าคู่กับคํา กระปม เป็น กระปมกระเปา.
กระเปาะ	๒๕๔๒	น. รูปนูนกลม, เรียกสิ่งที่มีสัณฐานคล้ายคลึงเช่นนั้นว่า กระเปาะ เช่น กระเปาะไข่ กระเปาะดอกไม้; ฐานที่ฝังเพชรพลอยเป็นหัวแหวนหรือตุ้มหู; เก็จ (ดู เก็จ ๒); (วิทยา) ส่วนของหลอดแก้วที่พองออก จะกลมหรือรีก็ตาม.
กระเปาะ	๒๕๕๔	รูปทรงนูนกลม, เรียกสิ่งที่มีสัณฐานคล้ายคลึงเช่นนั้น ว่า กระเปาะ เช่น กระเปาะไข่ กระเปาะดอกไม้
กระเปาะเหลาะ	๒๕๔๒	ว. มีสัณฐานกลมป้อม, เปาะเหลาะ ก็ว่า.
กระเปาะเหลาะ	๒๕๕๔	มีสัณฐานกลมป้อม, เปาะเหลาะ ก็ว่า.
กระเปี้ย	๒๕๔๒	ใช้เข้าคู่กับคํา กระปั้ว เป็น กระปั้วกระเปี้ย.
กระเป๋า	๒๕๔๒	น. เครื่องใช้รูปคล้ายถุงหรือกระเพาะ ทําด้วยหนังบ้าง ผ้าบ้าง สําหรับใส่เงินหรือของต่าง&#160;ๆ ใช้คาดเอวก็มี ติดอยู่ในตัวเสื้อหรือกางเกงก็มี ใช้หิ้วก็มี; กลีบดอกกล้วยไม้คล้ายรูปกรวยหรือหลอดที่อยู่ตรงกลางเป็นที่อยู่ของเกสร, ปาก ก็เรียก; (ปาก) เรียกถุงหน้าท้องสำหรับใส่ลูกของสัตว์บางชนิดเช่นจิงโจ้ ม้าน้ำ.
กระเป๋า	๒๕๕๔	เครื่องใช้รูปคล้ายถุงหรือกระเพาะ ทำด้วยหนังบ้าง ผ้าบ้าง สำหรับใส่เงินหรือของต่างๆ ใช้คาดเอวก็มี ติดอยู่ในตัวเสื้อหรือกางเกงก็มี ใช้หิ้วก็มี
กระเป๋าฉีก	๒๕๔๒	(ปาก) ว. หมดเงินในกระเป๋าเพราะใช้จ่ายมาก เช่น วันนี้จ่ายเงินเสียกระเป๋าฉีกเลย.
กระเป๋าฉีก	๒๕๕๔	หมดเงินในกระเป๋าเพราะใช้จ่ายมาก เช่น วันนี้จ่ายเงินเสียกระเป๋าฉีกเลย.
กระเป๋าตุง	๒๕๔๒	(ปาก) ว. มีเงินในกระเป๋ามาก เช่น ไปทำอะไรจึงกระเป๋าตุงกลับมา.
กระเป๋าตุง	๒๕๕๔	มีเงินในกระเป๋ามาก เช่น ไปทำอะไรจึงกระเป๋าตุงกลับมา.
กระเป๋าหนัก	๒๕๔๒	(ปาก) ว. มีเงินมาก, ร่ำรวย, เช่น วันนี้ยอมเป็นเจ้ามือเลี้ยงข้าว สงสัยจะกระเป๋าหนัก.
กระเป๋าหนัก	๒๕๕๔	มีเงินมาก, ร่ำรวย, เช่น วันนี้ยอมเป็นเจ้ามือเลี้ยงข้าว สงสัยจะกระเป๋าหนัก.
กระเป๋าเบา	๒๕๔๒	(ปาก) ว. มีเงินในกระเป๋าน้อยลง เช่น ไปเที่ยวเสียกระเป๋าเบาเลย.
กระเป๋าเบา	๒๕๕๔	มีเงินในกระเป๋าน้อยลง เช่น ไปเที่ยวเสียกระเป๋าเบาเลย.
กระเป๋าแฟบ	๒๕๔๒	(ปาก) ว. มีเงินในกระเป๋าลดน้อยลงมาก เช่น ไปจ่ายของเสียกระเป๋าแฟบเลย.
กระเป๋าแฟบ	๒๕๕๔	มีเงินในกระเป๋าลดน้อยลงมาก เช่น ไปจ่ายของเสียกระเป๋าแฟบเลย.
กระเป๋าแห้ง	๒๕๔๒	(ปาก) ว. ไม่มีเงินติดกระเป๋าเลย เช่น วันนี้เขากระเป๋าแห้ง.
กระเป๋าแห้ง	๒๕๕๔	ไม่มีเงินติดกระเป๋าเลย เช่น วันนี้เขากระเป๋าแห้ง.
กระเพลิด	๒๕๔๒	[-เพฺลิด] (โบ) ก. ตะเพิด. (ปรัดเล).
กระเพลิศ	๒๕๔๒	[-เพฺลิด] (กลอน) ว. ตะพืด เช่น พลพายกระเพลิศพ้าง พายพัด. (เฉลิมพระเกียรติ ร. ๒).
กระเพลิศ	๒๕๕๔	ตะพึด เช่น พลพายกระเพลิศพ้าง พายพัด
กระเพาะ	๒๕๔๒	น. อวัยวะภายในของคนและสัตว์ รูปเป็นถุง คือ กระเพาะอาหารและกระเพาะปัสสาวะ. (เทียบ ข. กฺรพะ); ภาชนะสานสําหรับตวงข้าว มีอัตราจุ ๔ กระผีก.
กระเพาะ	๒๕๕๔	อวัยวะภายในของคนและสัตว์ ลักษณะคล้ายถุง ได้แก่ กระเพาะอาหารและกระเพาะปัสสาวะ. (เทียบ ข. กฺรพะ)
กระเพาะปลา	๒๕๔๒	น. ชื่ออาหารคาวแบบจีนชนิดหนึ่ง ประกอบด้วยถุงลมปลา เนื้อไก่ เลือดหมู เป็นต้น.
กระเพาะปลา	๒๕๕๔	ถุงลมของปลาทะเลบางชนิดที่ทำให้แห้งแล้วนำมาประกอบอาหาร
กระเพิง	๒๕๔๒	น. เพิง, สิ่งที่ยื่นเป็นเพิง, เช่น บ้างก็เป็นกระพักกระเพิงกระพังพุ. (ม. ร่ายยาว กุมาร).
กระเพิง	๒๕๕๔	เพิง เช่น บ้างก็เป็นกระพักกระเพิงกระพังพุ (ม. ร่ายยาว กุมาร).
กระเพิด	๒๕๕๔	ตะเพิด.
กระเพื่อม	๒๕๔๒	ก. อาการของสิ่งเหลวหรือนุ่มที่ไหวขึ้น&#160;ๆ ลง&#160;ๆ เช่น นํ้ากระเพื่อม.
กระเพื่อม	๒๕๕๔	อาการของสิ่งเหลวหรือนุ่มที่ไหวขึ้นๆ ลงๆ เช่น นํ้ากระเพื่อม.
กระเฟียด	๒๕๔๒	ใช้เข้าคู่กับคํา กระฟัด เป็น กระฟัดกระเฟียด.
กระเมาะ	๒๕๔๒	น. ชื่อปลากระบอกขนาดเล็ก. (ดู กระบอก ๒).
กระเมาะ	๒๕๕๔	ชื่อปลากระบอกขนาดเล็ก. (ดู กระบอก ๒).
กระเมี้ยน	๒๕๔๒	ใช้เข้าคู่กับคํา กระมิด เป็น กระมิดกระเมี้ยน.
กระเย้อกระแหย่ง	๒๕๔๒	[-แหฺย่ง] ก. เขย่งแล้วเขย่งอีก, โดยปริยายหมายความว่า พยายามจะให้ได้สิ่งที่สุดเอื้อม, ขะเย้อแขย่ง ก็ว่า.
กระเย้อกระแหย่ง	๒๕๕๔	ขะเย้อแขย่ง, เขย่งแล้วเขย่งอีก, โดยปริยายหมายความว่า พยายามจะให้ได้สิ่งที่สุดเอื้อม.
กระเรียน	๒๕๔๒	น. ชื่อนกขนาดใหญ่ชนิด Grus antigone ในวงศ์ Gruidae คอยาว ขายาว ปีกกว้าง หางกว้างและสั้น หากินตามที่ราบลุ่ม กินพืช แมลง และสัตว์ขนาดเล็ก ไม่ชอบกินปลา, กาเรียน ก็เรียก.
กระเรียน	๒๕๕๔	ชื่อนกขนาดใหญ่ชนิด Grus antigone (Linn.) ในวงศ์ Gruidae ขนลำตัวสีเทา หนังหัวและต้นคอสีแดง คอยาว ขายาว ปีกกว้าง หางกว้างและสั้น เวลาบินคอเหยียดตรง หากินตามที่ราบลุ่ม กินพืช แมลง และสัตว์ขนาดเล็ก, กาเรียน ก็เรียก.
กระเรียนทอง	๒๕๕๔	ชื่อเพลงไทย อัตรา ๒ ชั้น, ชื่อเพลงไทยประเภทเพลงเถา, กาเรียนทอง ก็ว่า.
กระเรียนร้อง	๒๕๕๔	ชื่อเพลงไทย อัตรา ๒ ชั้น, กาเรียนร้อง ก็ว่า.
กระเรียนร้องตัวผู้	๒๕๕๔	ชื่อเพลงไทย อัตรา ๒ ชั้น.
กระเรียนร้องตัวเมีย	๒๕๕๔	ชื่อเพลงไทย อัตรา ๒ ชั้น.
กระเลียด	๒๕๔๒	[-เหฺลียด] (กลอน) แผลงมาจาก เกลียด เช่น ไยเยาวเคียดและกระเลียด ฤเหลือบพระพักตร์ผิน. (สรรพสิทธิ์).
กระเลียด	๒๕๕๔	ชัง, รังเกียจมาก, เช่น ไยเยาวเคียดและกระเลียด ฤเหลือบพระพักตร์ผิน
กระเลือก	๒๕๔๒	[-เหฺลือก] (กลอน; แผลงมาจาก เกลือก) ก. เหลือก, ใช้เข้าคู่กับคํา กระลับ เป็น กระลับกระเลือก.
กระเล็น	๒๕๔๒	ดู กระถิก, กระถึก.
กระเล็น	๒๕๕๔	ดู กระถิก, กระถึก.
กระเวน	๒๕๔๒	(กลอน) ก. ตระเวน, เที่ยวไป. (เทียบ ข. กฺรแวล ว่า คอยดู, กองตระเวน).
กระเวน	๒๕๕๔	ตระเวน, ตะเวน หรือ ทะเวน ก็ว่า.
กระเวนกระวน	๒๕๔๒	(กลอน) ก. วนเวียน เช่น กระเวนกระวนกาม กวนอก พี่นา. (นิ. นรินทร์), หวนตลบ เช่น หอมกระเวนกระวน, เขียนเป็น กรเวนกรวล ก็มี เช่น ชื่อจลาจรเรนทร์ หอมกรเวนกรวล อาจจิญจญจวนใจ. (ม. คำหลวง มหาราช).
กระเวนกระวน	๒๕๕๔	วนเวียน เช่น กระเวนกระวนกาม กวนอก พี่นา (นิ. นรินทร์), หวนตลบ เช่น หอมกระเวนกระวน, เขียนเป็น กรเวนกรวล ก็มี เช่น ชื่อจลาจรเรนทร์ หอมกรเวนกรวล อาจจิญจญจวนใจ (ม. คำหลวง มหาราช).
กระเวยกระวาย	๒๕๔๒	ว. เสียงร้องขอความช่วยเหลืออย่างเอ็ดอึง.
กระเวยกระวาย	๒๕๕๔	เสียงร้องขอความช่วยเหลืออย่างเอ็ดอึง.
กระเษม	๒๕๔๒	(โบ) น. เกษม.
กระเษม	๒๕๕๔	เกษม, ความสุขสบาย, ความปลอดภัย, เช่น อันโอฬาริกประณีตกระเษมสุขสมมโนรถที่ปรารถนาใจในชาติเมื่อเป็นเทพยดานั้น
กระเษมสานต์	๒๕๔๒	น. เกษมสันต์. (ส. เกฺษม + ศานฺต; ส. เกฺษม + ป. สนฺต).
กระเษมสานต์	๒๕๕๔	เกษมสันต์.
กระเษียร	๒๕๔๒	(โบ; กลอน; แผลงมาจาก เกษียร) น. นํ้านม เช่น เนาในกระเษียรนิทรบันดาล. (สรรพสิทธิ์).
กระเษียร	๒๕๕๔	นํ้านม เช่น เนาในกระเษียรนิทรบันดาล
กระเสด	๒๕๔๒	น. หาดทรายที่ขึ้นสูงพ้นนํ้า.
กระเสด	๒๕๕๔	หาดทรายที่ขึ้นสูงพ้นนํ้า.
กระเสาะกระแสะ	๒๕๔๒	ว. อาการที่ป่วยอยู่บ่อย&#160;ๆ, เสาะแสะ ก็ว่า.
กระเสาะกระแสะ	๒๕๕๔	อาการที่ป่วยอยู่บ่อยๆ, เสาะแสะ ก็ว่า.
กระเสียน	๒๕๔๒	ว. ชิด, สนิท, แนบเนียน, เช่น ชฎากลีบจีบเวียนกระเสียนพระศก. (อภัย), เขาเข้าไม้ปะที่ตรงนี้ดีนัก พอดีกระเสียนกันทีเดียว; (โบ) อาการที่ของสิ่งใดสิ่งหนึ่งสอดเสียดลงไปในช่องในรูไม่คับไม่หลวมพอครือ&#160;ๆ กัน. (ปรัดเล).
กระเสียน	๒๕๕๔	ชิด, สนิท, แนบเนียน, เช่น ชฎากลีบจีบเวียนกระเสียนพระศก (อภัย), เขาเข้าไม้ปะที่ตรงนี้ดีนัก พอดีกระเสียนกันทีเดียว
กระเสียร	๒๕๔๒	[-เสียน] ว. คับแคบ, ลําบาก, ฝืดเคือง, ใช้เข้าคู่กับคํา กระเบียด เป็น กระเบียดกระเสียร. (ป. กสิร).
กระเสียร	๒๕๕๔	คับแคบ, ลำบาก, ฝืดเคือง, ใช้เข้าคู่กับคำ กระเบียด เป็น กระเบียดกระเสียร.
กระเสือกกระสน	๒๕๔๒	ว. ดิ้นรนเพื่อให้พ้นความทุกข์ยากเป็นต้น.
กระเสือกกระสน	๒๕๕๔	ดิ้นรนเพื่อให้พ้นความทุกข์ยากเป็นต้น.
กระเส็นกระสาย	๒๕๔๒	น. เศษเล็กเศษน้อย.<2t>ว. นิดหน่อย.
กระเส็นกระสาย	๒๕๕๔	เศษเล็กเศษน้อย. ว. นิดหน่อย.
กระเส่า	๒๕๔๒	ว. สั่นเครือและเบา (ใช้แก่เสียง).
กระเส่า	๒๕๕๔	สั่นเครือและเบา (ใช้แก่เสียง).
กระเส่าๆ	๒๕๕๔	สั่นเครือและเบา (ใช้แก่เสียง).
กระเหนียด	๒๕๔๒	[-เหฺนียด] ก. เสียด.
กระเหนียด	๒๕๕๔	เสียด.
กระเหน็จ	๒๕๔๒	(โบ) น. วิธี, อย่าง, อุบาย, เช่น กลกระเหน็จต่าง&#160;ๆ. (ม. คําหลวง นครกัณฑ์).
กระเหน็จ	๒๕๕๔	วิธี, อย่าง, อุบาย, เช่น กลกระเหน็จต่างๆ (ม. คำหลวง นครกัณฑ์).
กระเหน็จกระแหน่	๒๕๔๒	(โบ) น. เชิงชั้น, เล่ห์กล, เช่น กระเหน็จกระแหน่รณรงค์. (สมุทรโฆษ).
กระเหน็จกระแหน่	๒๕๕๔	เชิงชั้น, เล่ห์กล, เช่น กระเหน็จกระแหน่รณรงค์
กระเหม็ดกระเหมียด	๒๕๔๒	[-เหฺม็ด-เหฺมียด] ก. ประหยัด. (ปาเลกัว).
กระเหม็ดกระเหมียด	๒๕๕๔	ประหยัด.
กระเหม็ดกระแหม่	๒๕๔๒	[-แหฺม่] ก. เขม็ดแขม่, ใช้จ่ายอย่างระมัดระวังเพราะเกรงว่าจะไม่พอใช้.
กระเหม็ดกระแหม่	๒๕๕๔	เขม็ดแขม่, ใช้จ่ายอย่างระมัดระวังเพราะเกรงว่าจะไม่พอใช้.
กระเหม่น	๒๕๔๒	[-เหฺม่น] ก. เขม่น คือ อาการที่กล้ามเนื้อกระตุกเต้นเบา&#160;ๆ ขึ้นเอง ตามความเชื่อโบราณถือว่าเป็นนิมิตบอกเหตุร้ายหรือดีได้ เช่น กระเหม่นตา; เขม้น เช่น กระเหม่นตรับตัว. (เสือโค). (แผลงมาจาก เขม่น).
กระเหม่น	๒๕๕๔	เขม่น คือ อาการที่กล้ามเนื้อกระตุกเต้นเบาๆ ขึ้นเอง ตามความเชื่อโบราณถือว่าเป็นนิมิตบอกเหตุร้ายหรือดีได้ เช่น กระเหม่นตา
กระเหม่า	๒๕๔๒	[-เหฺม่า] น. เขม่า, ละอองขึ้นที่ลิ้นเด็กอ่อน โบราณเรียกว่า กระเหม่าซาง. (แผลงมาจาก เขม่า).
กระเหม่า	๒๕๕๔	เขม่าซาง, ละอองขึ้นที่ลิ้นเด็กอ่อน โบราณเรียกว่า กระเหม่าซาง.
กระเหลียก	๒๕๔๒	[-เหฺลียก] (โบ) ก. แลดู, เขียนเป็น กรลยก ก็มี เช่น สูวนนเจดีรสสมีกรลยกงามหนกกหนา. (จารึกสยาม หลัก ๒), เหลือบแล เช่น ครั้นเช้าไก่ขันเรียก ไก่กระเหลียกตาดู. (ลอ). (ข. กฺรเฬก ว่า เหลือบดู).
กระเหลียก	๒๕๕๔	เหลือบแล เช่น ครั้นเช้าไก่ขันเรียก ไก่กระเหลียกตาดู (ลอ), เขียนเป็น กรลยก ก็มี เช่น สูวนนเจดีรสสมีกรลยกงามหนกกหนา (จารึกสยาม หลัก ๒).
กระเหว่า	๒๕๔๒	[-เหฺว่า] น. นกดุเหว่า เช่น กระเหว่าเสียงเพราะแท้ แก่ตัว. (โลกนิติ), กาเหว่า ก็ว่า. (ดู ดุเหว่า).
กระเหว่า	๒๕๕๔	นกดุเหว่า เช่น กระเหว่าเสียงเพราะแท้ แก่ตัว (โลกนิติ), กาเหว่า ก็ว่า. (ดู ดุเหว่า).
กระเหิม	๒๕๔๒	ว. เหิม, กําเริบ, คะนอง.
กระเหิม	๒๕๕๔	เหิม, กำเริบ, ลำพองใจ.
กระเหี้ยนกระหือรือ	๒๕๔๒	ก. แสดงความกระตือรือล้นเอาจริงเอาจังอย่างออกนอกหน้า.
กระเหี้ยนกระหือรือ	๒๕๕๔	แสดงความกระตือรือร้นเอาจริงเอาจังอย่างออกนอกหน้า.
กระเห็น	๒๕๔๒	น. อีเห็น เช่น กระเห็นเห็นกันแล้ววิ่งมา. (รามเกียรติ์ ร. ๑).
กระเห็น	๒๕๕๔	อีเห็น เช่น กระเห็นเห็นกันแล้ววิ่งมา
กระเห่อ	๒๕๔๒	ก. เห่อ เช่น คนห่ามกระเห่อทํา อวดรู้. (พระนลคําหลวง อารัมภกถา).
กระเห่อ	๒๕๕๔	เห่อ เช่น คนห่ามกระเห่อทำ อวดรู้ (พระนลคำหลวง อารัมภกถา).
กระเอบ	๒๕๔๒	(กลอน) ว. อร่อย, หอมหวาน, เช่น ลิ้มไล้โอชกระเอบหวาน. (ม. คําหลวง จุลพน).
กระเอบ	๒๕๕๔	อร่อย, หอมหวาน, เช่น ลิ้มไล้โอชกระเอบหวาน (ม. คำหลวง จุลพน).
กระเอา	๒๕๔๒	(กลอน) ว. กลมกล่อม.
กระเอา	๒๕๕๔	กลมกล่อม.
กระเอิก	๒๕๔๒	(กลอน) ว. เอิกเกริก เช่น พลเกรอกกระเออกอึง. (สรรพสิทธิ์).
กระเอิก	๒๕๕๔	เอิกเกริก เช่น พลเกรอกกระเออกอึง
กระเอิบ	๒๕๔๒	(กลอน) ก. เอิบ, อิ่ม, เช่น เถ้ากระเอิบเรอสมออกแล. (ม. คําหลวง กุมาร).
กระเอิบ	๒๕๕๔	เอิบ, อิ่ม, เช่น เถ้ากระเอิบเรอสมออกแล (ม. คำหลวง กุมาร).
กระแจะ	๒๕๔๒	น. ผงเครื่องหอมต่าง&#160;ๆ ที่ประสมกันสําหรับทาหรือเจิม โดยปรกติมีเครื่องประสม คือไม้จันทน์ แก่นไม้หอม ชะมดเชียง หญ้าฝรั่น.
กระแจะ	๒๕๕๔	ผงเครื่องหอมต่างๆ ที่ประสมกันสำหรับทา เจิม หรืออบผ้า โดยปรกติมีเครื่องประสม คือไม้จันทน์ แก่นไม้หอม ชะมดเชียง หญ้าฝรั่น.
กระแจะ	๒๕๖๙	ผงเครื่องหอมต่าง ๆ ที่ประสมกันสําหรับทาเจิม หรืออบผ้า โดยปรกติมีเครื่องประสม คือไม้จันทน์ แก่นไม้หอม ชะมดเชียง หญ้าฝรั่น.
กระแฉก	๒๕๔๒	ใช้เข้าคู่กับคํา กระฉอก เป็น กระฉอกกระแฉก.
กระแฉ่น	๒๕๔๒	(โบ) ก. ดังสนั่น เช่น ฟ้ากระแฉ่นเรือนผยองช่วยดู. (แช่งนํ้า).
กระแฉ่น	๒๕๕๔	ดังสนั่น เช่น ฟ้ากระแฉ่นเรือนผยองช่วยดู (แช่งนํ้า).
กระแฉ่น	๒๕๖๙	(วรรณ) ดังสนั่น เช่น ฟ้ากระแฉ่นเรือนผยองช่วยดู (แช่งนํ้า).
กระแชง	๒๕๔๒	น. เครื่องบังแดดฝน โดยนําใบเตยหรือใบจากเป็นต้นมาเย็บเป็นแผง, ลักษณนามว่า ผืน (เทียบมลายู กระชัง = แผงสำหรับคลุมเรือหรือรถ เย็บด้วยใบไม้); เชือกหนังสําหรับติดกับสายรัดประโคนของช้าง แต่มักติดเบื้องท้ายสันหลัง เพื่อควาญช้างจับในเวลาคับขัน; เชือกบาศสําหรับคล้องช้าง; ชื่อเรือบรรทุกชนิดหนึ่ง เล็กกว่าเรือเอี้ยมจุ๊น ท้องเรือกลมป้อม ใช้กระแชงทําเป็นประทุน เรียกว่า เรือกระแชง.
กระแชง	๒๕๕๔	เครื่องบังแดดฝน โดยนำใบเตยหรือใบจากเป็นต้นมาเย็บเป็นแผง, ลักษณนามว่า ผืน (เทียบ ม. กระชัง ว่า แผงสำหรับคลุมเรือหรือรถ เย็บด้วยใบไม้)
กระแชง	๒๕๖๙	เครื่องบังแดดฝน โดยนําใบเตยหรือใบจากเป็นต้นมาเย็บเป็นแผง, ลักษณนามว่า ผืน (เทียบ ม. กระชัง ว่า แผงสำหรับคลุมเรือหรือรถ เย็บด้วยใบไม้).
กระแชงอ่อน	๒๕๕๔	ชื่อฝาเรือนไทยแบบหนึ่ง กรุด้วยใบจากอ่อน.
กระแชงอ่อน	๒๕๖๙	ฝาเรือนไทยแบบหนึ่ง กรุด้วยใบจากอ่อน.
กระแชะ	๒๕๔๒	(กลอน) ก. กระแซะ เช่น แกล้งทำเลียมและกระแชะชิด สะบิ้งสะบัดดัดจริตกิริยา. (คาวี).
กระแชะ	๒๕๕๔	กระแซะ เช่น แกล้งทำเลียมและกระแชะชิด สะบิ้งสะบัดดัดจริตกิริยา
กระแชะ	๒๕๖๙	(วรรณ) กระแซะ เช่น แกล้งทำเลียมและกระแชะชิด สะบิ้งสะบัดดัดจริตกิริยา (คาวี).
กระแซ	๒๕๔๒	น. คนเชื้อสายชาวอินเดียเมืองมณีปุระ (เมืองหนึ่งในแคว้นอัสสัม).
กระแซ	๒๕๕๔	คนเชื้อสายชาวอินเดียเมืองมณีปุระ (เมืองหนึ่งในแคว้นอัสสัม).
กระแซ	๒๕๖๙	กลุ่มชาติพันธุ์ซึ่งเป็นประชากรส่วนใหญ่ในรัฐมณีปุระ ประเทศอินเดีย.
กระแซง	๒๕๔๒	น. เชือกหรือลวดหนังตีเป็นเกลียวหุ้มผ้าแดง ปลายสายทั้ง ๒ ข้างผูกกับสายสำอางคร่อมอยู่ทางท้ายสันหลังช้าง สำหรับควาญช้างจับเมื่อเวลาคับขัน, กระแอก หรือ ประแอก ก็เรียก.
กระแซง	๒๕๕๔	ดู กระแชง ๒.
กระแซง	๒๕๖๙	ดู กระแชง ๒.
กระแซะ	๒๕๔๒	ก. ขยับกระทบเข้าไป เช่น ขยับตัวกระแซะเข้าไป พูดเลียบเคียงกระแซะเข้าไป.
กระแซะ	๒๕๕๔	ขยับกระทบเข้าไป เช่น ขยับตัวกระแซะเข้าไป พูดเลียบเคียงกระแซะเข้าไป.
กระแซะ	๒๕๖๙	ขยับกระทบเข้าไป เช่น เขากระแซะเข้าไปใกล้ , ใช้เป็นคำวิเศษณ์ก็ได้ เช่น พูดเลียบเคียงกระแซะเข้าไป.
กระแดะ	๒๕๔๒	(ปาก) ก. ดัดจริต, ทำในสิ่งที่ไม่น่าทำ.
กระแดะ	๒๕๕๔	ดัดจริต, ทำในสิ่งที่ไม่น่าทำ.
กระแดะ	๒๕๖๙	(ปาก) ดัดจริต, ทำในสิ่งที่ไม่น่าทำ เช่น ทำไม่เป็นแล้วยังกระแดะไปทำ.
กระแดะกระแด๋	๒๕๔๒	(ปาก) ก. ดัดจริตดีดดิ้น, แดะแด๋ ก็ว่า.
กระแดะกระแด๋	๒๕๕๔	ดัดจริตดีดดิ้น, แดะแด๋ ก็ว่า.
กระแดะกระแด๋	๒๕๖๙	(ปาก) ดัดจริตดีดดิ้น, แดะแด๋ หรือ แด๊ะแด๋ ก็ว่า.
กระแด็ก ๆ	๒๕๔๒	ว. อาการที่ดิ้นอยู่กับที่ เช่น ดิ้นกระแด็ก&#160;ๆ ชักกระแด็ก&#160;ๆ ติดกระแด็ก&#160;ๆ, แด็ก&#160;ๆ ก็ว่า.
กระแด็ก ๆ	๒๕๕๔	อาการที่ดิ้นอยู่กับที่ เช่น ดิ้นกระแด็ก ๆ ชักกระแด็ก ๆ ติดกระแด๊ก ๆ, แด็ก ๆ หรือ แด๊ก ๆ ก็ว่า.
กระแด็ก ๆ	๒๕๖๙	อาการที่ดิ้นอยู่กับที่ เช่น ดิ้นกระแด็ก ๆ, ชักกระแด็ก ๆ, ติดกระแด๊ก ๆ , แด็ก ๆ หรือ แด๊ก ๆ ก็ว่า.
กระแด่ว ๆ	๒๕๔๒	ว. อาการที่ดิ้นอยู่กับที่ ในคําว่า ดิ้นกระแด่ว&#160;ๆ, แด่ว&#160;ๆ ก็ว่า.
กระแด่ว ๆ	๒๕๕๔	อาการที่ดิ้นอย่างทุรนทุรายแต่หาทางไปไม่ได้ ในคำว่า ดิ้นกระแด่ว ๆ, แด่ว ๆ ก็ว่า.
กระแด่ว ๆ	๒๕๖๙	อาการที่ดิ้นอย่างทุรนทุรายแต่หาทางไปไม่ได้ในคำว่า ในคําว่า ดิ้นกระแด่ว ๆ, แด่ว ๆ ก็ว่า.
กระแด้ง	๒๕๔๒	(ถิ่น-อีสาน) น. เรียกชายหรือหญิงที่เป็นหมันว่า พ่อกระแด้ง แม่กระแด้ง.<2t>ว. คดไปมา. (ปาเลกัว).
กระแด้ง	๒๕๕๔	เรียกชายหรือหญิงที่เป็นหมันว่า พ่อกระแด้ง แม่กระแด้ง.
กระแด้แร่	๒๕๔๒	ว. กระแดะ, ดัดจริต, เช่น อย่าทําดื้อกระแด้แร่เลยแม่เอ๋ย. (มณีพิชัย).
กระแด้แร่	๒๕๕๔	กระแดะ, ดัดจริต, เช่น อย่าทำดื้อกระแด้แร่เลยแม่เอ๋ย
กระแด้แร่	๒๕๖๙	(วรรณ) กระแดะ, ดัดจริต, เช่น อย่าทําดื้อกระแด้แร่เลยแม่เอ๋ย (มณีพิชัย).
กระแด๊ก ๆ	๒๕๕๔	อาการที่ดิ้นอยู่กับที่ เช่น ดิ้นกระแด็ก ๆ ชักกระแด็ก ๆ ติดกระแด๊ก ๆ, แด็ก ๆ หรือ แด๊ก ๆ ก็ว่า.
กระแต	๒๕๔๒	น. ชื่อสัตว์เลี้ยงลูกด้วยนมในวงศ์ Tupaiidae รูปร่างคล้ายกระรอก แต่อยู่ต่างวงศ์กันและมีขนาดเล็กกว่า ปากแหลม ไม่มีฟันแทะ กินทั้งสัตว์และผลไม้ มีหลายสกุลและหลายชนิด เช่น กระแตธรรมดา (Tupaia glis) กระแตเล็ก (T. minor) กระแตหางขนนก (Ptilocercus lowi) เชื่อกันทางวิชาการว่า เป็นสัตว์กลุ่มต้นกําเนิดสายวิวัฒนาการของลิงและมนุษย์; ดอกไม้ประดิษฐ์เป็นรูปกระแตเกาะติดกับช่อใบแก้ว ทำด้วยดอกพุทธชาดเป็นต้น ใช้เป็นของชำร่วย.
กระแต	๒๕๕๔	ชื่อฆ้องวงขนาดเล็ก ใช้บรรเลงในวงปี่พาทย์มอญ ลักษณะร้านฆ้องเป็นรูปเว้าหงายขึ้น คล้ายฆ้องมอญแต่ปลายไม่สูง วงหนึ่งมีลูกฆ้อง ๑๑ ลูก, ฆ้องขนาดเล็กลูกเดียวแขวนกับไม้ ใช้มือหิ้วหรือแขวนไม้กับไม้ขาหยั่ง ใช้ตีเป็นสัญญาณในการอยู่เวรยามหรือแจ้งข่าวสารต่าง ๆ, ทั้ง ๒ ชนิดเรียกว่า ฆ้องกระแต.
กระแต	๒๕๖๙	ชื่อเพลงไทยภาคเหนือสำเนียงลาว มี ๒ เพลง คือ กระแตเล็กหรือกราวกระแซ และ กระแตใหญ่หรือกระแตไต่ไม้.
กระแตวับ	๒๕๔๒	(วรรณ) ก. หน้าเป็น เช่น แต่ล้วนตัวตอแหลกระแตวับ. (อภัย).
กระแตวับ	๒๕๕๔	หน้าเป็น เช่น แต่ล้วนตัวตอแหลกระแตวับ
กระแตวับ	๒๕๖๙	(วรรณ) หน้าเป็น เช่น แต่ล้วนตัวตอแหลกระแตวับ (อภัย).
กระแตะ	๒๕๔๒	ใช้เข้าคู่กับคํา กระเตาะ เป็น กระเตาะกระแตะ.
กระแตเวียน	๒๕๔๒	น. อุปกรณ์สำหรับช่วยให้เด็กหัดเดิน ทำด้วยกระบอกไม้ไผ่ให้มีข้อติดอยู่ข้างหนึ่ง แล้วสวมลงกับหลักไม้ เหนือข้อตอนบนสอดไม้ขวางให้ยาวพอสมควรสำหรับให้เด็กเกาะเดิน.
กระแตเวียน	๒๕๕๔	อุปกรณ์สำหรับช่วยให้เด็กหัดเดิน ทำด้วยกระบอกไม้ไผ่ให้มีข้อติดอยู่ข้างหนึ่ง แล้วสวมลงกับหลักไม้ เหนือข้อตอนบนสอดไม้ขวางให้ยาวพอสมควรสำหรับให้เด็กเกาะประคองตัวหัดเดิน.
กระแตเวียน	๒๕๖๙	อุปกรณ์สำหรับช่วยให้เด็กหัดเดิน ทำด้วยกระบอกไม้ไผ่ให้มีข้อติดอยู่ข้างหนึ่ง แล้วสวมลงกับหลักไม้ เหนือข้อตอนบนสอดไม้ขวางให้ยาวพอสมควรสำหรับให้เด็กเกาะประคองตัวหัดเดิน.
กระแตแต้แว้ด	๒๕๔๒	ดู ต้อยตีวิด.
กระแตแต้แว้ด	๒๕๕๔	ชื่อนกขนาดเล็กชนิด Vanellus indicus (Boddaert) วงศ์ย่อย Charadriinae ในวงศ์ Charadriidae ปากยาว หัวสีดำ ขนบริเวณหูสีขาว มีติ่งเนื้อสีแดงพาดระหว่างตาผ่านหน้าผาก ขายาวสีเหลือง วางไข่ในแอ่งตื้น ๆ บนพื้นดิน กินแมลงและสัตว์ขนาดเล็ก ร้องเสียงแตแต้แว้ด, กระต้อยตีวิด ต้อยตีวิด หรือ แต้แว้ด ก็เรียก.
กระแตแต้แว้ด	๒๕๖๙	ดู นกกระแตแต้แว้ด.
กระแตแว้ด	๒๕๕๔	ใช้เปรียบผู้หญิงที่ชอบจุ้นจ้าน เจ้ากี้เจ้าการ, กระแตแต้แว้ด ก็ว่า.
กระแตแว้ด	๒๕๖๙	คำใช้เปรียบผู้หญิงที่ชอบจุ้นจ้าน เจ้ากี้เจ้าการ, กระแตแต้แว้ด ก็ว่า.
กระแตไต่ไม้	๒๕๔๒	น. ชื่อกลบท ตัวอย่างว่า หมายหมองมาดสวาทน้องมาดหมองหมาย; ชื่อเพลง เดิมเป็นของชาวเหนือพวกกะเหรี่ยง บัดนี้ใช้เป็นเพลงโหมโรงหรือเพลงเสภา ทําตอนรื่นเริง.
กระแตไต่ไม้	๒๕๕๔	ชื่อกลบท ตัวอย่างว่า หมายหมองมาดสวาทน้องมาดหมองหมาย
กระแตไต่ไม้	๒๕๖๙	กลอนกลบทชนิดหนึ่ง ซ้ำคำต้นวรรคกับคำท้ายวรรคโดยสลับคำกัน วรรคที่ ๑ ซ้ำ ๓ คำ วรรคที่ ๒ ซ้ำ ๒ คำ และวรรคที่ ๓ ซ้ำ ๑ คำ เช่น หมายหมองมาดสวาทน้องมาดหมองหมาย คลายเคลื่อนสุขทุกข์ทับไม่เคลื่อนคลาย วันต้องเนตร์มาไม่หน่ายวายเว้นวัน (จารึกวัดโพธิ์).
กระแต่ง	๒๕๔๒	ใช้เข้าคู่กับคํา กระต่อง เป็น กระต่องกระแต่ง.
กระแทก	๒๕๔๒	ก. กระทบโดยแรง, กระทุ้ง; พูดกระชากเสียงให้ดังผิดปรกติแสดงว่าไม่พอใจหรือโกรธ เช่น กระแทกเสียง, บางทีใช้เข้าคู่กับคํา กระทบ เป็น กระทบกระแทก.
กระแทก	๒๕๕๔	กระทบโดยแรง เช่น เอาหมัดกระแทกหน้า
กระแทกกระทั้น	๒๕๔๒	ว. กระแทกเสียงหรือกระแทกสิ่งของให้รู้ว่าไม่พอใจหรือโกรธ.
กระแทกกระทั้น	๒๕๕๔	อาการที่ลงเสียงหนักหรือกระแทกสิ่งของให้รู้ว่าไม่พอใจหรือโกรธ.
กระแทกแดกดัน	๒๕๕๔	อาการที่กล่าวกระทบกระแทกหรือประชดเพราะความไม่พอใจ.
กระแทะ	๒๕๔๒	น. ยานชนิดลากขนาดเล็ก มี ๒ ล้อ ใช้วัวเทียม ตัวเรือนราบไม่ยกสูงอย่างเรือนเกวียน มีทั้งชนิดโถงและประกอบหลังคา, ระแทะ หรือ รันแทะ ก็ว่า. (ข. รเทะ).
กระแทะ	๒๕๕๔	ยานชนิดลากขนาดเล็ก มี ๒ ล้อ ใช้วัวเทียม ตัวเรือนราบไม่ยกสูง มีทั้งชนิดโถงและประกอบหลังคา, ระแทะ หรือ รันแทะ ก็เรียก.
กระแท่น	๒๕๔๒	ก. แทบถึง, ถึงทีเดียว, กระทั่ง, คําใช้ในบทร้องของเด็ก ในความว่า พายเรืออกแอ่นกระแท่นต้นกุ่ม, นิยมใช้เข้าคู่กับคำ กระท่อน เป็น กระท่อนกระแท่น.
กระแท่น	๒๕๕๔	กระทบ, คำใช้ในบทร้องของเด็ก ใช้ว่า พายเรืออกแอ่นกระแท่นต้นกุ่ม.
กระแท้ม	๒๕๔๒	ใช้เข้าคู่กับคํา กระท้อม เป็น กระท้อมกระแท้ม.
กระแนะกระแหน	๒๕๔๒	[-แหฺน] ก. พูดกระทบหรือพูดเป็นเชิงเสียดสี, กระแหนะกระแหน ก็ว่า.
กระแนะกระแหน	๒๕๕๔	พูดกระทบหรือพูดเสียดสี, กระแหนะกระแหน ก็ว่า.
กระแบก	๒๕๔๒	น. ต้นตะแบก เช่น หูกวางพรรค์กระแบก. (ม. คําหลวง จุลพน), ตระแบก ก็ว่า.
กระแบก	๒๕๕๔	ต้นตะแบก เช่น หูกวางพรรค์กระแบก (ม. คำหลวง จุลพน), ตระแบก ก็เรียก.
กระแบกงา	๒๕๔๒	ก. แตกเป็นไรงา เช่น พลุกกระแบกงาแต่ต้น จนปลาย. (ตําราช้างคําโคลง).
กระแบกงา	๒๕๕๔	แตกเป็นลายงา เช่น พลุกกระแบกงาแต่ต้น จนปลาย
กระแบะ	๒๕๔๒	น. แผ่น, ชิ้น, ส่วน, กระแบ่ ก็ว่า.
กระแบะ	๒๕๕๔	แผ่น, ชิ้น, ส่วน, โบราณใช้ว่า กระแบ่.
กระแบะมือ	๒๕๕๔	ขนาดเล็ก เช่น มีที่ดินอยู่กระแบะมือเดียว.
กระแบ่	๒๕๔๒	(โบ) น. กระบิ, ชิ้น, ส่วน, เช่น เราจะให้บั่นให้แล่ ทุกกระแบ่จงหนําใจ. (ลอ), ทุกกระแบ่เนื้อเห็นเปล่าเลย. (ม. คําหลวง กุมาร), กระแบะ ก็ว่า.
กระแบ่	๒๕๕๔	กระแบะ เช่น เราจะให้บั่นให้แล่ ทุกกระแบ่จงหนำใจ (ลอ), ทุกกระแบ่เนื้อเห็นเปล่าเลย (ม. คำหลวง กุมาร).
กระแปด	๒๕๔๒	ใช้เข้าคู่กับคํา กระปอด เป็น กระปอดกระแปด.
กระแป้	๒๕๔๒	ใช้เข้าคู่กับคํา กระป้อ เป็น กระป้อกระแป้.
กระแพง	๒๕๔๒	(โบ; กลอน) น. กําแพง เช่น ทิศออกกระแพงแก้วกั้น. (จารึกวัดโพธิ์).
กระแพง	๒๕๕๔	กำแพง เช่น ทิศออกกระแพงแก้วกั้น
กระแพ้ง	๒๕๔๒	น. ไม้ไผ่ที่ปล้องข้างในเป็นโรค มีสีดํา&#160;ๆ กลิ่นเหม็น, กําแพ้ง ก็ว่า.
กระแพ้ง	๒๕๕๔	ไม้ไผ่ที่ปล้องข้างในเป็นโรค มีสีดำๆ กลิ่นเหม็น, กำแพ้ง ก็ว่า.
กระแมม	๒๕๔๒	ใช้เข้าคู่กับคํา กระมอม เป็น กระมอมกระแมม.
กระแย่ง	๒๕๔๒	ใช้เข้าคู่กับคํา กระย่อง เป็น กระย่องกระแย่ง.
กระแวน	๒๕๔๒	น. นกกาแวน เช่น คับคาคาบคาร่อน กระแวนว่อนบินบน. (ตะเลงพ่าย). (ดู กาแวน).
กระแวน	๒๕๕๔	นกกาแวน เช่น คับคาคาบคาร่อน กระแวนว่อนบินบน (ดู กาแวน).
กระแส	๒๕๔๒	น. นํ้าหรือลมเป็นต้นที่ไหลหรือพัดเรื่อยเป็นแนวเป็นทางไปไม่ขาดสาย เช่น กระแสนํ้า กระแสลม, โดยปริยายหมายถึงอาการเช่นนั้น; เส้น, สาย, แนว, ทาง, เช่น กระแสความ กระแสความคิด; เส้นวัดที่ดินทำด้วยหวายหรือเหล็กเป็นต้น เรียกว่า เส้นกระแส. (เทียบ ข. แขฺส = เชือก).
กระแส	๒๕๕๔	นํ้าหรือลมเป็นต้นที่ไหลหรือพัดเรื่อยเป็นแนวเป็นทางไปไม่ขาดสาย เช่น กระแสนํ้า กระแสลม, โดยปริยายหมายถึงอาการเช่นนั้น
กระแสการเงิน	๒๕๔๒	น. การหมุนเวียนของเงินตรา.
กระแสการเงิน	๒๕๕๔	การหมุนเวียนของเงินตรา.
กระแสข่าว	๒๕๕๔	ข่าวที่ได้ฟังมา เช่น ตามกระแสข่าวเขาว่า เสธ. จะได้ขึ้นเป็น ผบ. นะ.
กระแสความ	๒๕๔๒	น. แนวความ, ข้อความที่ต่อเนื่องกัน.
กระแสความ	๒๕๕๔	แนวความ, ข้อความที่ต่อเนื่องกัน.
กระแสง	๒๕๔๒	น. เสียง, เสียงแจ่มจ้า เช่น จึ่งตั้งนโม ซุ่มเสียงใหญ่โต กระแสงแจ่มใส. (ประถม ก กา).
กระแสง	๒๕๕๔	เสียงเพราะมีกังวาน เช่น จึ่งตั้งนโม ซุ่มเสียงใหญ่โต กระแสงแจ่มใส (ประถม ก กา).
กระแสจิต	๒๕๔๒	น. กระแสความนึกคิดหรือกระบวนความนึกคิดที่เกิดดับต่อเนื่องกันไป, เรียกอาการที่ส่งความนึกคิดติดต่อกันระหว่างจิตของคนหนึ่งกับอีกคนหนึ่ง ซึ่งอยู่ห่างกันโดยไม่ต้องอาศัยประสาทสัมผัสทั้ง ๕ อย่างใดอย่างหนึ่งว่า การส่งกระแสจิต.
กระแสจิต	๒๕๕๔	กระแสความนึกคิดหรือกระบวนความนึกคิดที่เกิดดับต่อเนื่องกันไป, เรียกอาการที่ส่งความนึกคิดติดต่อกันระหว่างจิตของคนหนึ่งกับอีกคนหนึ่ง ซึ่งอยู่ห่างกันโดยไม่ต้องอาศัยประสาทสัมผัสทั้ง ๕ อย่างใดอย่างหนึ่ง ว่า การส่งกระแสจิต.
กระแสตรง	๒๕๔๒	น. กระแสไฟฟ้าซึ่งเคลื่อนที่ตามแนวทิศเดียวกันอยู่ตลอดเวลา. (อ. direct current เขียนย่อว่า D.C.).
กระแสตรง	๒๕๕๔	กระแสไฟฟ้าซึ่งเคลื่อนที่ตามแนวทิศเดียวกันอยู่ตลอดเวลา.
กระแสนํ้า	๒๕๔๒	น. สายนํ้า.
กระแสนํ้า	๒๕๕๔	สายนํ้า.
กระแสพระราชดำรัส	๒๕๔๒	[-ราดชะ-] (ราชา) น. ข้อความที่พระเจ้าแผ่นดินตรัส.
กระแสพระราชดำรัส	๒๕๕๔	คำพูดต่อเนื่อง.
กระแสรับสั่ง	๒๕๔๒	(ราชา) น. คําพูด.
กระแสรับสั่ง	๒๕๕๔	คำพูด, คำสั่ง.
กระแสลม	๒๕๔๒	น. สายลมพัด.
กระแสลม	๒๕๕๔	สายลมพัด.
กระแสสลับ	๒๕๔๒	[-สะหฺลับ] น. กระแสไฟฟ้าซึ่งเคลื่อนที่โดยสลับแนวทิศอยู่ตลอดเวลา. (อ. alternating current เขียนย่อว่า A.C.).
กระแสสลับ	๒๕๕๔	กระแสไฟฟ้าซึ่งเคลื่อนที่โดยสลับแนวทิศอยู่ตลอดเวลา.
กระแสสังคม	๒๕๕๔	ความคิดเห็นของคนส่วนใหญ่ในสังคมที่มีอิทธิพลต่อการดำเนินการเรื่องใดเรื่องหนึ่ง เช่น กระแสสังคมกดดันให้ตำรวจไม่ดำเนินคดีกับเด็กที่ผิดกฎหมาย.
กระแสะ	๒๕๔๒	ว. เพลีย, โผเผ, ไม่มีกําลัง, เช่นพูดว่า ข้ามันให้อ่อนหิวกระแสะ&#160;ๆ ไป. (ดิกชนารีไทย), และใช้เข้าคู่กับคํา กระเสาะ เป็น กระเสาะกระแสะ.
กระแสะ	๒๕๕๔	เพลีย, โผเผ, ไม่มีกำลัง, เช่นพูดว่า ข้ามันให้อ่อนหิวกระแสะๆ ไป. (ดิกชนารีไทย), ใช้เข้าคู่กับคำ กระเสาะ เป็น กระเสาะกระแสะ.
กระแสเสียง	๒๕๔๒	น. เสียงที่แล่นไป, นํ้าเสียง.
กระแสเสียง	๒๕๕๔	เสียงที่แล่นไป, นํ้าเสียง.
กระแห	๒๕๔๒	น. ชื่อปลานํ้าจืดชนิด Puntius schwanenfeldii ในวงศ์ Cyprinidae รูปร่างป้อมคล้ายปลาตะเพียนทอง มักมีสีแดงอ่อนบนครีบ เฉพาะส่วนปลายของครีบหลังและขอบบนล่างของครีบหางมีสีดํา, ตะเพียนหางแดง หรือ เลียนไฟ ก็เรียก, ปักษ์ใต้เรียก ลำปำ.
กระแห	๒๕๕๔	ปลาตะเพียนขนาดกลางชนิด Barbonymus schwanefeldi (Bleeker) หรือ Puntius schwanefeldi (Bleeker) ในวงศ์ Cyprinidae ลำตัวสั้นกว้างคล้ายปลาตะเพียนขาว มักมีสีแดงอ่อนบนครีบ เฉพาะส่วนปลายของครีบหลังและขอบทั้งบนและล่างของครีบหางมีสีดำ ขนาดยาวได้ถึง ๔๐ เซนติเมตร, ตะเพียนหางแดง หรือ เลียนไฟ ก็เรียก, ปักษ์ใต้เรียก ลำปำ.
กระแหทอง	๒๕๕๔	ปลาตะเพียนขนาดกลางชนิด Barbonymus schwanefeldi (Bleeker) หรือ Puntius schwanefeldi (Bleeker) ในวงศ์ Cyprinidae ลำตัวสั้นกว้างคล้ายปลาตะเพียนขาว มักมีสีแดงอ่อนบนครีบ เฉพาะส่วนปลายของครีบหลังและขอบทั้งบนและล่างของครีบหางมีสีดำ ขนาดยาวได้ถึง ๔๐ เซนติเมตร, ตะเพียนหางแดง หรือ เลียนไฟ ก็เรียก, ปักษ์ใต้เรียก ลำปำ.
กระแหน	๒๕๔๒	[-แหฺน] ใช้เข้าคู่กับคํา กระหนอ และ กระแหนะ เป็น กระหนอกระแหน และ กระแหนะกระแหน.
กระแหนบ	๒๕๔๒	[-แหฺนบ] (กลอน) ก. แหนบ, ถอน, เช่น แนบนิทรลวดแลบ ก็กระแหนบที่หนวดเครา. (บุณโณวาท).
กระแหนบ	๒๕๕๔	แหนบ, ถอน, เช่น แนบนิทรลวดแลบ ก็กระแหนบที่หนวดเครา
กระแหนะ	๒๕๔๒	[-แหฺนะ] น. ลายปูนปิดทอง.<2t>ก. แตะ, เติม; ว่าเปรียบเปรย; กรรมวิธีในการสร้างงานประติมากรรมตกแต่ง หรือวิธีการช่างจุลศิลป์ประเภทหนึ่ง โดยใช้สมุกปั้นเป็นลวดลายหรือรูปภาพติดเข้ากับพื้นไม้หรือพื้นกระดาษ เช่น ปั้นหน้ายักษ์หน้าลิงติดลงบนกะโหลกปิดกระดาษทำเป็นหัวโขน, แขนะ ก็ว่า.
กระแหนะ	๒๕๕๔	ลายปูนปิดทอง
กระแหนะกระแหน	๒๕๔๒	[-แหฺน] ก. พูดกระทบหรือพูดเป็นเชิงเสียดสี, กระแนะกระแหน ก็ว่า.
กระแหนะกระแหน	๒๕๕๔	พูดกระทบหรือพูดเสียดสี, กระแนะกระแหน ก็ว่า.
กระแหน่	๒๕๔๒	(โบ; กลอน) น. เล่ห์กล, แง่งอน, ท่วงที, เช่น ข้ากระไดกระแหน่ แต่งแง่แผ่ตนท่า. (ลอ).
กระแหน่	๒๕๕๔	เล่ห์กล, แง่งอน, ท่วงที, เช่น ข้ากระไดกระแหน่ แต่งแง่แผ่ตนท่า
กระแหม็บ	๒๕๔๒	[-แหฺม็บ] ว. แขม็บ, หายใจแผ่ว&#160;ๆ แสดงว่าจวนจะหมดกําลัง, (โบ) เขียนเป็น กระแหมบ ก็มี เช่น กระแหมบกระเหม่นทรวง. (อนิรุทธ์). (แผลงมาจาก แขม็บ).
กระแหม็บ	๒๕๕๔	หายใจแผ่วๆ แสดงว่าจวนจะหมดกำลัง, (โบ) เขียนเป็น กระแหมบ ก็มี เช่น กระแหมบกระเหม่นทรวง
กระแหม็บๆ	๒๕๕๔	หายใจแผ่วๆ แสดงว่าจวนจะหมดกำลัง, (โบ) เขียนเป็น กระแหมบ ก็มี เช่น กระแหมบกระเหม่นทรวง
กระแหม่ว	๒๕๔๒	[-แหฺม่ว] ก. แขม่ว, ผ่อนลมหายใจให้ท้องยุบลง, บังคับกล้ามเนื้อท้องให้ท้องยุบลง. (แผลงมาจาก แขม่ว).
กระแหม่ว	๒๕๕๔	ผ่อนลมหายใจให้ท้องยุบลง, บังคับกล้ามเนื้อท้องให้ท้องยุบลง.
กระแหย่ง	๒๕๔๒	[-แหฺย่ง] ว. อาการปีนขึ้นอย่างพลั้ง&#160;ๆ พลาด&#160;ๆ.<2t>ก. คะยั้นคะยอ เช่น มาหยักเหยาเซ้าซี้กระแหย่งชาย. (รามเกียรติ์ ร. ๑).
กระแหย่ง	๒๕๕๔	อาการปีนขึ้นอย่างพลั้งๆ พลาดๆ. (แผลงมาจาก แขย่ง).
กระแหร่ม	๒๕๔๒	[-แหฺร่ม] ก. กระแอม คือ ทําเสียงขึ้นมาจากคอ เช่นเพื่อมิให้นํ้ามูกลงคอเมื่อเป็นหวัด หรือเพื่อให้หายเสลดติดคอ.
กระแหร่ม	๒๕๕๔	กระแอม.
กระแหล่ง	๒๕๔๒	[-แหฺล่ง] น. วัตถุคล้ายกระดิ่ง แต่เป็นรูปสี่เหลี่ยมแบน ทําด้วยเหล็ก ใช้แขวนคอม้า โค กระบือ.
กระแหล่ง	๒๕๕๔	เครื่องทำเสียงสัญญาณทำด้วยโลหะ มีรูปคล้ายกระดิ่ง แต่เป็นรูปสี่เหลี่ยม ใช้แขวนคอ โค กระบือช้าง.
กระแอก	๒๕๔๒	น. เชือกหรือลวดหนังตีเป็นเกลียวหุ้มผ้าแดง ปลายสายทั้ง ๒ ข้างผูกกับสายสําอางคร่อมอยู่ทางท้ายสันหลังช้าง สำหรับควาญช้างจับเมื่อเวลาคับขัน, กระแซง หรือ ประแอก ก็เรียก.
กระแอก	๒๕๕๔	ดู กระแชง ๒.
กระแอด	๒๕๔๒	ใช้เข้าคู่กับคํา กระออด เป็น กระออดกระแอด.
กระแอบ	๒๕๔๒	ดู ตะขาบ ๑. (ข. แกฺอบ).
กระแอบ	๒๕๕๔	ดู ตะขาบ ๑.
กระแอม	๒๕๔๒	ก. ทําเสียงแอมในคอคล้ายไอ เพื่อให้โปร่งคอ ให้เสียงหายเครือ เพื่อให้เขารู้ หรือระวัง เป็นต้น, นิยมใช้เข้าคู่กับคํา กระไอ เป็น กระแอมกระไอ.
กระแอม	๒๕๕๔	ทำเสียงแอมในคอคล้ายไอ เพื่อให้โปร่งคอ ให้เสียงหายเครือ เพื่อให้เขารู้ หรือระวัง เป็นต้น, นิยมใช้เข้าคู่กับคำ กระไอ เป็น กระแอมกระไอ.
กระแอมกระไอ	๒๕๕๔	ทำเสียงแอมในคอคล้ายไอ เพื่อให้โปร่งคอ ให้เสียงหายเครือ เพื่อให้เขารู้ หรือระวัง เป็นต้น, นิยมใช้เข้าคู่กับคำ กระไอ เป็น กระแอมกระไอ.
กระแอ้	๒๕๔๒	ใช้เข้าคู่กับคํา กระอ้อ เป็น กระอ้อกระแอ้.
กระแอ้ม	๒๕๔๒	ใช้เข้าคู่กับคํา กระอ้อม เป็น กระอ้อมกระแอ้ม.
กระโงก	๒๕๔๒	(กลอน) น. นกยูง, กุโงก ก็ว่า. (เทียบ ข. โกฺงก).
กระโงก	๒๕๕๔	นกยูง, กุโงก ก็ว่า.
กระโจน	๒๕๔๒	ก. กระโดดพุ่งไปโดยเร็ว, เผ่นข้ามไป, โจน ก็ว่า.
กระโจน	๒๕๕๔	พุ่งตัวลงไปโดยเร็ว, เผ่นข้ามไป, กระโดดไปโดยเร็ว, ภาษาปากว่า โจน.
กระโจน	๒๕๖๙	พุ่งตัวลงไปโดยเร็ว, เผ่นข้ามไป, กระโดดไปโดยเร็ว, (ปาก) โจน ก็ว่า.
กระโจม	๒๕๔๒	น. สิ่งที่ตามปรกติมียอดเป็นลอมอย่างซุ้ม ใช้เป็นเครื่องกําบังแดดลมเป็นต้น, โดยปริยายหมายถึง (๑) สิ่งที่รวมกันเข้าเป็นลอม เช่น กระโจมปืน.<2t>(๒) สิ่งที่ผูกรวบยอดให้รวมกัน เช่น ปากผูกกระโจม.<2t>(๓) ผ้าที่ทําเป็นลอมเพื่อเข้าไปอยู่ให้เหงื่อออก เช่น เข้ากระโจม; กูบที่มีด้านเปิดโล่ง ๔ ด้าน, โจม ก็ว่า; (ถิ่น) เครื่องสวมศีรษะอย่างหนึ่ง เช่น กระจอนหูแปงประดับแก้วเครื่องเลิศอุดมกระโจมคำสุบเก้าเกษ. (ม. ภาคอีสาน นครกัณฑ์).
กระโจม	๒๕๕๔	สิ่งที่ตามปรกติมียอดเป็นลอมอย่างซุ้ม ใช้เป็นเครื่องกำบังแดดลมเป็นต้น, โจม ก็ว่า, โดยปริยายหมายถึง สิ่งที่รวมกันเข้าเป็นลอม เช่น กระโจมปืน หรือสิ่งที่ผูกรวบยอดให้รวมกัน เช่น ปากผูกกระโจม หรือผ้าที่ทำเป็นลอมเพื่อเข้าไปอยู่ให้เหงื่อออก เช่น เข้ากระโจม.
กระโจม	๒๕๖๙	สิ่งที่ตามปรกติมียอดเป็นลอมอย่างซุ้ม ใช้เป็นเครื่องกําบังแดดลมเป็นต้น, โจม ก็ว่า.
กระโจมกระจาม	๒๕๔๒	ก.พรวดพราดอย่างลุกลน (เป็นคําใช้ในทางที่ติ).
กระโจมกระจาม	๒๕๕๔	พรวดพราดอย่างลุกลน (เป็นคำใช้ในทางที่ติ).
กระโจมกระจาม	๒๕๖๙	พรวดพราดอย่างลุกลน.
กระโจมทอง	๒๕๔๒	น. เครื่องกันแดดและฝนเปิดโล่ง ๔ ด้าน อยู่บนสัปคับหลังช้างพระที่นั่ง เขียนลายปิดทองรดน้ำ.
กระโจมทอง	๒๕๕๔	เครื่องกันแดดและฝนเปิดโล่ง ๔ ด้าน อยู่บนสัปคับหลังช้างพระที่นั่ง เขียนลายปิดทองรดน้ำ.
กระโจมทอง	๒๕๖๙	เครื่องกันแดดและฝนเปิดโล่ง ๔ ด้าน อยู่บนสัปคับหลังช้างพระที่นั่ง เขียนลายปิดทองรดน้ำ.
กระโจมอก	๒๕๔๒	ก. นุ่งผ้าสูงปิดอก.<2t>ว. อาการที่นุ่งผ้าสูงปิดอก ในความว่า นุ่งผ้ากระโจมอก.
กระโจมอก	๒๕๕๔	นุ่งผ้าสูงปิดอก.
กระโจมอก	๒๕๖๙	นุ่งผ้าสูงปิดอก เช่น อาบน้ำเสร็จก็กระโจมอกออกมา , ใช้เป็นคำวิเศษณ์ก็ได้ เช่น นุ่งผ้ากระโจมอก.
กระโจมไฟ	๒๕๔๒	น. หอสูงซึ่งตามไฟฉายแสงอย่างแรงไว้บนยอดเพื่อใช้บอกสัญญาณในการเดินเรือเป็นต้น, ประภาคาร หรือ เรือนตะเกียง ก็เรียก.
กระโจมไฟ	๒๕๕๔	หอสูงซึ่งตามไฟฉายแสงอย่างแรงไว้บนยอดเพื่อใช้บอกสัญญาณในการเดินเรือเป็นต้น, ประภาคาร หรือ เรือนตะเกียง ก็เรียก.
กระโจมไฟ	๒๕๖๙	หอสูงซึ่งตามไฟฉายแสงแรงกล้าอยู่บนยอดเพื่อใช้บอกสัญญาณในการเดินเรือเป็นต้น, ประภาคาร หรือ เรือนตะเกียง ก็ว่า.
กระโจ้	๒๕๕๔	โชงโลง.
กระโฉกกระเฉก	๒๕๔๒	ว. โขยกเขยก. (ปาเลกัว).
กระโฉกกระเฉก	๒๕๕๔	โขยกเขยก.
กระโฉกกระเฉก	๒๕๖๙	(โบ) โขยกเขยก. (ปาเลกัว).
กระโฉม	๒๕๔๒	น. ชื่อไม้ล้มลุกชนิด Limnophila rugosa Merr. ในวงศ์ Scrophulariaceae ชอบขึ้นในที่ชื้นแฉะ ลําต้นและกิ่งอวบน้ำ สีม่วง ใบรูปไข่ ค่อนข้างหนา ด้านล่างมีขน ขอบหยักห่าง ๆ ก้านใบแบน ๆ โคนก้านโอบกิ่งหรือลําต้น ดอกเล็ก ๆ สีม่วงแกมชมพู กลางเหลือง ออกเป็นกระจุกที่ง่ามใบหรือปลายกิ่ง ทุกส่วนของไม้นี้มีกลิ่นหอม ใช้เป็นอาหาร และใช้ทํายาได้, ผักโฉม ก็เรียก เช่น ผักโฉมชื่อเพราะพร้อง เป็นโฉมน้องฤๅโฉมไหน. (เห่เรือ).
กระโฉม	๒๕๕๔	ชื่อไม้ล้มลุกชนิด Limnophila rugosa (Roth) Merr. ในวงศ์ Scrophulariaceae ชอบขึ้นในที่ชื้นแฉะ ลำต้นและกิ่งอวบน้ำ สีม่วง ใบรูปไข่ ค่อนข้างหนา ด้านล่างมีขน ขอบหยักห่าง ๆ ก้านใบแบน ๆ โคนก้านโอบกิ่งหรือลำต้น ดอกเล็ก ๆ สีม่วงแกมชมพู กลางเหลือง ออกเป็นกระจุกที่ง่ามใบหรือปลายกิ่ง ทุกส่วนของไม้นี้มีกลิ่นหอม ใช้เป็นอาหาร และใช้ทำยาได้, ผักโฉม ก็เรียก เช่น ผักโฉมชื่อเพราะพร้อง เป็นโฉมน้องฤๅโฉมไหน
กระโฉม	๒๕๖๙	ไม้ล้มลุกชนิด Limnophila rugosa (Roth) Merr. ในวงศ์ Plantaginaceae ชอบขึ้นในที่ชื้นแฉะ ลำต้นและกิ่งอวบน้ำ สีม่วง ใบรูปไข่ ค่อนข้างหนา ด้านล่างมีขน ขอบหยักห่าง ๆ ก้านใบแบน ๆ โคนก้านโอบกิ่งหรือลำต้น ดอกเล็ก ๆ สีม่วงแกมชมพู กลางเหลือง ออกเป็นกระจุกที่ซอกใบหรือปลายกิ่ง ทุกส่วนของไม้นี้มีกลิ่นหอม ใช้เป็นอาหารและใช้ทำยาได้, ผักโฉม ก็ว่า.
กระโชก	๒๕๔๒	ว. กระแทกเสียง เช่น พูดกระโชก เห่ากระโชก; ทําให้กลัว, ทําให้ตกใจ, เช่น ขู่กระโชก, กระแทก เช่น ม้าก็กระโชกวิ่งหนักเข้า. (ประวัติ. จุล), ลมกระโชกแรง. (ประพาสมลายู).
กระโชก	๒๕๕๔	กระแทกเสียง เช่น พูดกระโชก เห่ากระโชก
กระโชก	๒๕๖๙	กระแทกเสียง เช่น พูดกระโชก เห่ากระโชก .
กระโชกกระชั้น	๒๕๔๒	ว. อาการพูดกระแทกเสียงถี่ ๆ.
กระโชกกระชั้น	๒๕๕๔	อาการพูดกระแทกเสียงถี่ ๆ.
กระโชกกระชั้น	๒๕๖๙	อาการพูดกระแทกเสียงถี่ ๆ.
กระโชกกระชาก	๒๕๔๒	ว. อาการพูดอย่างตวาดหรืออย่างกระแทกเสียง.
กระโชกกระชาก	๒๕๕๔	อาการพูดอย่างตวาดหรืออย่างกระแทกเสียง.
กระโชกกระชาก	๒๕๖๙	อาการพูดอย่างตวาดหรืออย่างกระแทกเสียง.
กระโชกโฮกฮาก	๒๕๔๒	ว. อาการพูดกระชากเสียงหรือพูดกระแทกเสียงซึ่งไม่น่าฟัง, โฮกฮาก ก็ว่า.
กระโชกโฮกฮาก	๒๕๕๔	อาการพูดกระชากเสียงหรือพูดกระแทกเสียงซึ่งไม่น่าฟัง, โฮกฮาก ก็ว่า.
กระโชกโฮกฮาก	๒๕๖๙	พูดกระชากเสียงหรือพูดกระแทกเสียงซึ่งไม่น่าฟัง เช่น ทำไมเขากระโชกโฮกฮากแบบนี้ , ใช้เป็นคำวิเศษณ์ก็ได้ เช่น พูดกระโชกโฮกฮาก , โฮกฮาก ก็ว่า.
กระโซกระเซ	๒๕๔๒	ว. โซ ๆ เซ ๆ.
กระโซกระเซ	๒๕๕๔	โซ ๆ เซ ๆ.
กระโซกระเซ	๒๕๖๙	โซ ๆ เซ ๆ.
กระโดก	๒๕๔๒	ว. โอนไปโอนมา, ยกขึ้นยกลง.
กระโดก	๒๕๕๔	อาการที่ของลอยในน้ำเช่นเรือโอนไปโอนมาหรือยกขึ้นยกลง เนื่องจากแรงกระเพื่อมของน้ำ เช่น เรือกระโดกเพราะถูกคลื่นซัด.
กระโดก	๒๕๖๙	โอนไปโอนมาหรือยกขึ้นยกลงเนื่องจากแรงกระเพื่อมของน้ำ, มักใช้แก่เรือแพ, เช่น เรือกระโดกเพราะถูกคลื่นซัด.
กระโดกกระเดก	๒๕๔๒	ว. มีกิริยามารยาทไม่เรียบร้อย; โยกเยก, โอนไปโอนมา, โดกเดก ก็ว่า.
กระโดกกระเดก	๒๕๕๔	มีกิริยามารยาทไม่เรียบร้อย. ก. โยกเยก, ยวบขึ้นยวบ ลง, โดกเดก ก็ว่า.
กระโดกกระเดก	๒๕๖๙	มีกิริยามารยาทไม่เรียบร้อย เช่น ผู้หญิงอะไรกระโดกกระเดกจัง , ใช้เป็นคำวิเศษณ์ก็ได้ เช่น คนกระโดกกระเดกอย่างนี้ต้องอบรมกันอีกนาน.
กระโดง	๒๕๔๒	น. ใบเรือ เช่น เสากระโดง คือ เสาใบเรือ; ส่วนที่อยู่บนหลังปลาบางชนิด เช่น ปลากัด ปลาฉลาม มีลักษณะเป็นแผ่นตั้งคล้ายใบเรือ. (ข. โกฺฎง ว่า ใบเรือ).
กระโดง	๒๕๕๔	ใบเรือ เช่น เสากระโดง คือ เสาใบเรือ
กระโดง	๒๕๖๙	ใบเรือ เช่น เสากระโดง คือ เสาใบเรือ.
กระโดงคาง	๒๕๔๒	น. ปลายคาง.
กระโดงคาง	๒๕๕๔	ปลายคาง.
กระโดงคาง	๒๕๖๙	ปลายคาง.
กระโดงแดง	๒๕๔๒	น. (๑) ชื่อไม้ต้นขนาดใหญ่ชนิด Bhesa robusta (Roxb.) Ding Hou ในวงศ์ Celastraceae ลําต้นแดงคลํ้า ใบยาวปลายแหลม เลื่อมเป็นมัน, ประดงแดง กระบกคาย ชมัน ละโมก หรือ พรมคด ก็เรียก.<2t>(๒) ชื่อไม้ต้นขนาดกลางชนิด Chionanthus microstigma (Gagnep.) Kiew ในวงศ์ Oleaceae ใบยาวรี หนาแข็ง ปลายใบแหลม ออกตรงข้ามกัน เมื่อแห้งหมาดใช้มวนบุหรี่ได้ มีกลิ่นหอมฉุน, ประดงแดง หรือ ฝิ่นต้น ก็เรียก; และชนิด C. sangda (Gagnep.) Kiew ลักษณะทั่วไปคล้ายชนิดแรก แต่ต้นมีขนาดย่อมกว่า ค่อนไปทางไม้พุ่ม.
กระโดงแดง	๒๕๕๔	ชื่อไม้ต้นขนาดใหญ่ชนิด Bhesa robusta (Roxb.) Ding Hou ในวงศ์ Celastraceae ลำต้นแดงคลํ้า ใบยาวปลายแหลม เลื่อมเป็นมัน, ประดงแดง กระบกคาย ชมัน ละโมก หรือ พรมคด ก็เรียก.
กระโดงแดง	๒๕๖๙	ไม้ต้นขนาดใหญ่ชนิด Bhesa robusta (Roxb.) Ding Hou ในวงศ์ Celastraceae ลําต้นแดงคลํ้า ใบยาวปลายแหลม เลื่อมเป็นมัน, ประดงแดง กระบกคาย ชมัน ละโมก หรือ พรมคด ก็ว่า.
กระโดด	๒๕๔๒	ก. ใช้กําลังเท้าถีบพื้นให้ตัวลอยสูงขึ้น, โดด ก็ว่า, โดยปริยายหมายถึงอาการที่คล้ายคลึงเช่นนั้น เช่น ปลากระโดด ตัวพิมพ์กระโดด.
กระโดด	๒๕๕๔	ใช้กำลังเท้าดันพื้นให้ตัวลอยสูงขึ้นหรือเคลื่อนจากที่เดิม เช่น กระโดดสูง ดีใจกระโดดจนตัวลอย, ภาษาปากว่า โดด, โดยปริยายหมายถึงอาการที่คล้ายคลึงเช่นนั้น เช่น ปลากระโดด ตัวพิมพ์กระโดด.
กระโดด	๒๕๖๙	ใช้กําลังเท้าดันพื้นให้ตัวลอยสูงขึ้นหรือเคลื่อนจากที่เดิม เช่น กระโดดสูง, ดีใจกระโดดจนตัวลอย , (ปาก) โดด ก็ว่า.
กระโดดร่ม	๒๕๔๒	ก. กระโดดออกจากอากาศยานในขณะอยู่ในอากาศเพื่อลงสู่พื้นดินโดยอาศัยร่มชูชีพ, โดดร่ม ก็ว่า.
กระโดดร่ม	๒๕๕๔	กระโดดออกจากอากาศยานในขณะอยู่ในอากาศเพื่อลงสู่พื้นดินโดยอาศัยร่มชูชีพ, โดดร่ม ก็ว่า.
กระโดดร่ม	๒๕๖๙	กระโดดออกจากอากาศยานในขณะอยู่ในอากาศเพื่อลงสู่พื้นดินโดยอาศัยร่มชูชีพ, โดดร่ม ก็ว่า.
กระโดดโลดเต้น	๒๕๔๒	ก. อาการที่กระโดดขึ้นลงหลายครั้งหลายหนเพราะความดีอกดีใจเป็นต้น.
กระโดดโลดเต้น	๒๕๕๔	อาการที่กระโดดขึ้นลงหลาย ๆ ครั้งเพราะความดีใจเป็นต้น.
กระโดดโลดเต้น	๒๕๖๙	อาการที่กระโดดขึ้นลงหลาย ๆ ครั้งเพราะความดีใจเป็นต้น.
กระโดน	๒๕๔๒	น. ชื่อไม้ต้นชนิด Careya sphaerica Roxb. ในวงศ์ Lecythidaceae ชอบขึ้นในป่าเบญจพรรณที่ชุ่มชื้น ดอกมีเกสรเพศผู้จํานวนมากเป็นพู่คล้ายดอกชมพู่ ขาว หอม ดอกบานเต็มที่กว้าง ๕-๘ เซนติเมตร ผลค่อนข้างกลม เปลือกใช้เบื่อปลาหรือทุบเป็นแผ่นปูหลังช้าง, โดน จิก ปุย ปุยกระโดน ปุยขาว หรือ ผ้าฮาด ก็เรียก.
กระโดน	๒๕๕๔	ชื่อไม้ต้นชนิด Careya sphaerica Roxb. ในวงศ์ Lecythidaceae ชอบขึ้นในป่าเบญจพรรณที่ชุ่มชื้น ดอกมีเกสรเพศผู้จำนวนมากเป็นพู่คล้ายดอกชมพู่ ขาว หอม ดอกบานเต็มที่กว้าง ๕-๘ เซนติเมตร ผลค่อนข้างกลม ใบอ่อนใช้เป็นผัก เปลือกใช้เบื่อปลาหรือทุบเป็นแผ่นปูหลังช้าง, โดน จิก ปุย ปุยกระโดน ปุยขาว หรือ ผ้าฮาด ก็เรียก.
กระโดน	๒๕๖๙	ไม้ต้นชนิด Careya arborea Roxb. ชื่อพ้อง Careya sphaerica Roxb. ในวงศ์ Lecythidaceae ชอบขึ้นในป่าเบญจพรรณที่ชุ่มชื้น ดอกมีเกสรเพศผู้จำนวนมากเป็นพู่คล้ายดอกชมพู่ ขาว หอม ดอกบานเต็มที่กว้าง ๕-๘ เซนติเมตร ผลค่อนข้างกลม ใบอ่อนใช้เป็นผัก เปลือกใช้เบื่อปลาหรือทุบเป็นแผ่นปูหลังช้าง, โดน จิก ปุย ปุยกระโดน ปุยขาว หรือ ผ้าฮาด ก็ว่า.
กระโดนดิน	๒๕๔๒	น. ชื่อไม้พุ่มเตี้ยชนิด Careya herbacea Roxb. ในวงศ์ Lecythidaceae ชอบขึ้นตามที่ลุ่มดินทราย ลักษณะทั่วไปคล้ายกระโดน สูงไม่เกิน ๑ เมตร ผลมีขนาดย่อมกว่า, กระโดนเบี้ย ก็เรียก.
กระโดนดิน	๒๕๕๔	ชื่อไม้พุ่มเตี้ยชนิด Careya herbacea Roxb. ในวงศ์ Lecythidaceae ชอบขึ้นตามที่ลุ่มดินทราย ลักษณะทั่วไปคล้ายกระโดน สูงไม่เกิน ๑ เมตร ผลมีขนาดย่อมกว่า, กระโดนเบี้ย ก็เรียก.
กระโดนดิน	๒๕๖๙	ไม้พุ่มเตี้ยชนิด Careya herbacea Roxb. ในวงศ์ Lecythidaceae ชอบขึ้นตามที่ลุ่มดินทราย ลักษณะทั่วไปคล้ายกระโดน สูงไม่เกิน ๑ เมตร ผลมีขนาดย่อมกว่า, กระโดนเบี้ย ก็ว่า.
กระโดนเบี้ย	๒๕๖๙	ดู กระโดนดิน.
กระโตกกระตาก	๒๕๔๒	ก. ส่งเสียงให้เขารู้อย่างไก่กำลังออกไข่, โดยปริยายหมายความว่า เปิดเผยข้อความที่ต้องการปิดบัง.
กระโตกกระตาก	๒๕๕๔	ส่งเสียงให้เขารู้อย่างไก่กำลังออกไข่, โดยปริยายหมายความว่า เปิดเผยข้อความที่ต้องการปิดบัง.
กระโตกกระตาก	๒๕๖๙	เปิดเผยข้อความที่ต้องการปิดบัง. (มาจากเสียงไก่ที่ร้องบอกให้รู้ว่ากำลังออกไข่).
กระโตน	๒๕๔๒	ก. กระโจน เช่น นํ้าเชี่ยวเกลียวโยน กระโตนฉ่า&#160;ๆ. (สุบิน).
กระโตน	๒๕๕๔	กระโจน เช่น นํ้าเชี่ยวเกลียวโยน กระโตนฉ่าๆ
กระโตน	๒๕๖๙	(วรรณ) กระโจน เช่น นํ้าเชี่ยวเกลียวโยน กระโตนฉ่า ๆ (สุบิน).
กระโถน	๒๕๔๒	น. ภาชนะสําหรับบ้วนหรือทิ้งของต่าง&#160;ๆ ที่ไม่ต้องการ. (เทียบ ข. กนฺโถรฺ).
กระโถน	๒๕๕๔	ภาชนะสำหรับบ้วนหรือทิ้งของต่าง ๆ ที่ไม่ต้องการ.
กระโถน	๒๕๖๙	ภาชนะสําหรับบ้วนหรือทิ้งของต่าง ๆ ที่ไม่ต้องการ. (เทียบ ข. กนฺโถรฺ).
กระโถนท้องพระโรง	๒๕๔๒	น. กระโถนใหญ่ที่ตั้งไว้ที่ท้องพระโรงในศาลาลูกขุนใน สำหรับที่ใคร&#160;ๆ บ้วนน้ำหมากหรือทิ้งชานหมากได้; (สํา) ผู้ที่ใคร&#160;ๆ ก็ใช้ได้หรือผู้ที่ใคร&#160;ๆ ก็รุมใช้อยู่คนเดียว.
กระโถนท้องพระโรง	๒๕๕๔	ผู้ที่ต้องรองรับภาระงานหรืออารมณ์ของผู้อื่นอยู่คนเดียว.
กระโถนท้องพระโรง	๒๕๖๙	(สำ) ผู้ที่ต้องรองรับภาระงานหรืออารมณ์ของผู้อื่นอยู่คนเดียว .
กระโถนปากแตร	๒๕๔๒	น. กระโถนทรงกลมมีปากผายออกคล้ายแตร.
กระโถนปากแตร	๒๕๕๔	กระโถนทรงกลมมีปากผายออกคล้ายแตร.
กระโถนปากแตร	๒๕๖๙	กระโถนทรงกลมมีปากผายออกคล้ายแตร.
กระโถนฤๅษี	๒๕๔๒	น. ชื่อพืชเบียนชนิด Sapria himalayana Griff. ในวงศ์ Rafflesiaceae เกิดตามป่าดิบ เกาะเบียนที่รากเครือเขานํ้า (Tetrastigma lanceolarium Planch.) ดอกรูปกระโถนปากแตร กลิ่นเหม็น กลีบดอกสีนํ้าตาลแดงประเหลือง ใช้ทํายาได้.
กระโถนฤๅษี	๒๕๕๔	ชื่อพืชเบียนชนิด Sapria himalayana Griff. ในวงศ์ Rafflesiaceae เกิดตามป่าดิบ เกาะเบียนที่รากเครือเขานํ้า ( Tetrastigma lanceolarium Planch.) ดอกรูปกระโถนปากแตร กลิ่นเหม็น กลีบดอกสีนํ้าตาลแดงประเหลือง ใช้ทำยาได้.
กระโถนฤๅษี	๒๕๖๙	พืชเบียนชนิด Sapria himalayana Griff. ในวงศ์ Rafflesiaceae เกิดตามป่าดิบ เกาะเบียนที่รากเครือเขานํ้า [ Tetrastigma leucostaphylum (Dennst.) Alston ชื่อพ้อง Tetrastigma lanceolarium Planch.] ดอกรูปกระโถนปากแตร กลิ่นเหม็น กลีบดอกสีนํ้าตาลแดงประเหลือง ใช้ทำยาได้.
กระโน้น	๒๕๔๒	ว. โน้น, เช่นโน้น, อย่างโน้น.
กระโน้น	๒๕๕๔	โน้น, เช่นโน้น, อย่างโน้น.
กระโบม	๒๕๔๒	ก. ตระโบม, โลมเล้า, กอด, เช่น ยักษ์ผยองโพยมแลกระโบมถนอมพนิดไคล. (สรรพสิทธิ์).
กระโบม	๒๕๕๔	ตระโบม, โลมเล้า, กอด, เช่น ยักษ์ผยองโพยมแลกระโบมถนอมพนิดไคล
กระโปก	๒๕๔๒	น. ส่วนหนึ่งของอวัยวะสืบพันธุ์ภายนอกของชายหรือสัตว์ตัวผู้.
กระโปก	๒๕๕๔	ส่วนหนึ่งของอวัยวะสืบพันธุ์ภายนอกของชายหรือสัตว์ตัวผู้.
กระโปรง	๒๕๔๒	[-โปฺรง] น. ผ้านุ่งผู้หญิงแบบสากล; ฝาครอบเครื่องรถยนต์หรือฝาครอบที่เก็บของข้างหน้าและข้างหลังรถยนต์; กระบุงรูปกลมสูง ปากผายมาก พื้นก้นเป็นสี่เหลี่ยมเล็กสอบลง ลักษณะคล้ายกระโปรงบาน สำหรับขนข้าวเปลือกหรือมะพร้าวเป็นต้น; ภาชนะเย็บด้วยกาบหมากหรือใบไม้ สําหรับใส่ของต่าง&#160;ๆ เช่น ราชปุโรหิตก็ให้เอานางนกไส้ใส่กระโปรงขังไว้จนเพลารุ่งเช้า. (นพมาศ); กะโปรง ก็ใช้.
กระโปรง	๒๕๕๔	ผ้านุ่งผู้หญิงแบบสากล
กระโปรงทอง	๒๕๔๒	ดู กะทกรก (๒).
กระโปรงทอง	๒๕๕๔	ดู กะทกรก (๒).
กระโรกน้ำข้าว	๒๕๔๒	ดู เขยตาย.
กระโรกน้ำข้าว	๒๕๕๔	ดู เขยตาย.
กระโรกใหญ่	๒๕๔๒	ดู ชิงชี่.
กระโรกใหญ่	๒๕๕๔	ดู ชิงชี่.
กระโลง	๒๕๔๒	(ถิ่น-อีสาน) น. เครื่องสานด้วยใบลานชนิดหนึ่ง ใช้อย่างกระสอบ สําหรับใส่ข้าวเปลือกหรือข้าวสาร.
กระโลง	๒๕๕๔	เครื่องสานด้วยใบลานชนิดหนึ่ง ใช้อย่างกระสอบ สำหรับใส่ข้าวเปลือกหรือข้าวสาร.
กระโวยกระวาย	๒๕๔๒	ว. อาการที่ส่งเสียงเอะอะเป็นการประท้วงหรือแสดงความไม่พอใจเป็นต้น, โวยวาย ก็ว่า.
กระโวยกระวาย	๒๕๕๔	อาการที่ส่งเสียงร้องเอะอะเป็นการประท้วงหรือแสดงความไม่พอใจเป็นต้น, โวยวาย ก็ว่า.
กระโสง	๒๕๔๒	(กลอน) น. ปลากระสง เช่น กระโสงสังควาดหว้าย ชลา. (สรรพสิทธิ์).
กระโสง	๒๕๕๔	ปลากระสง เช่น กระโสงสังควาดหว้าย ชลา (ดู กระสง).
กระโหนด	๒๕๔๒	[-โหฺนด] น. ตาล เช่น ย่านป่าขายพัดกระโหนดคันกลมคันแบนใหญ่น้อย. (อธิบายแผนที่กรุงศรีอยุธยา). (แผลงมาจาก โตนด).
กระโหนด	๒๕๕๔	ตาล เช่น ย่านป่าขายพัดกระโหนดคันกลมคันแบนใหญ่น้อย
กระโหม	๒๕๔๒	[-โหมฺ] (กลอน) ก. โหม เช่น ศัพท์ส้าวกระโหมโครม. (บุณโณวาท).
กระโหม	๒๕๕๔	โหม เช่น ศัพท์ส้าวกระโหมโครม
กระโหย	๒๕๔๒	[-โหยฺ] (กลอน) ก. โหย คือ ร้องไห้, ครํ่าครวญ.
กระโหย	๒๕๕๔	โหยไห้, ร้องไห้, ครํ่าครวญถึง.
กระโหย่ง	๒๕๔๒	[-โหฺย่ง] ก. ทําให้สูงขึ้น เช่น กระโหย่งตัว, ทำสิ่งที่รวมตัวกันให้โปร่งหรือขยายตัวให้หลวมขึ้น เช่น กระโหย่งฟาง, กระหย่ง หย่ง หรือ โหย่ง ก็ว่า.
กระโหย่ง	๒๕๕๔	ทำให้สูงขึ้น เช่น กระโหย่งตัว, ทำสิ่งที่รวมตัวกันให้โปร่งหรือขยายตัวให้หลวมขึ้น เช่น กระโหย่งฟาง, กระหย่ง หย่ง หรือ โหย่ง ก็ว่า.
กระโห้	๒๕๔๒	น. ชื่อปลานํ้าจืดชนิด Catlocarpio siamensis ในวงศ์ Cyprinidae หัวโต เกล็ดใหญ่ ลําตัวด้านหลังสีเทาดํา หางและครีบสีแดงคลํ้าหรือส้ม พบในแม่นํ้าใหญ่หลายสายของประเทศไทย เคยพบขนาดยาวได้ถึง ๓ เมตร นับเป็นปลานํ้าจืดชนิดหนึ่งที่มีขนาดใหญ่มากในจําพวกปลามีเกล็ดด้วยกัน, กระมัน หรือ หัวมัน ก็เรียก.
กระโห้	๒๕๕๔	ชื่อปลานํ้าจืดชนิด Catlocarpio siamensis Boulenger ในวงศ์ Cyprinidae หัวโตมากโดยเฉพาะปลาขนาดเล็ก เกล็ดใหญ่ ลำตัวด้านหลังสีเทาดำ หางและครีบสีแดงคลํ้าหรือส้ม พบในแม่นํ้าใหญ่หลายสายของประเทศไทย เคยพบขนาดยาวได้ถึง ๓ เมตร จัดเป็นปลานํ้าจืดในกลุ่มปลาตะเพียนที่ใหญ่ที่สุดในโลก, กระมัน หรือ หัวมัน ก็เรียก.
กระโโงกโงก	๒๕๖๙	กุโงก, นกยูง. (เทียบ ข. โกฺงก).
กระใด	๒๕๔๒	(โบ) ว. กระไร, อะไร, ทําไม, เช่น ผู้แกล้วกระใดรณภู. (สมุทรโฆษ).
กระใด	๒๕๕๔	กระไร, อะไร, ทำไม, เช่น ผู้แกล้วกระใดรณภู
กระใด	๒๕๖๙	(วรรณ) กระไร, อะไร, ทําไม, เช่น ยายว่าเยียกระใดเขาทุกผู้ ตูรู้จักเขาทั่วหน้า (ลอ).
กระได	๒๕๔๒	น. สิ่งที่ทําเป็นขั้น&#160;ๆ สําหรับก้าวขึ้นลง, บันได ก็ว่า.
กระได	๒๕๕๔	สิ่งที่ทำเป็นขั้นๆ สำหรับก้าวขึ้นลง, บันได ก็ว่า.
กระได	๒๕๖๙	สิ่งที่ทําเป็นขั้น ๆ สําหรับก้าวขึ้นลง, บันได ก็ว่า.
กระไดลิง	๒๕๔๒	น. บันไดเชือกที่ตรึงติดเฉพาะส่วนบน ใช้ไต่ขึ้นที่สูง หรือไต่ลงที่ตํ่า, บันไดลิง ก็ว่า.
กระไดลิง	๒๕๕๔	บันไดเชือกที่ยึดเฉพาะส่วนบนไว้ เมื่อจะใช้จึงปล่อยลงมา ใช้ไต่ขึ้นลง, บันไดลิง ก็ว่า.
กระไดลิง	๒๕๖๙	บันไดเชือกที่ยึดเฉพาะส่วนบนไว้ เมื่อจะใช้จึงปล่อยลงมา ใช้ไต่ขึ้นลง, บันไดลิง ก็ว่า.
กระไดวอก	๒๕๖๙	ดู กระไดลิง ๒.
กระไดแก้ว	๒๕๔๒	น. ชั้นสําหรับวางพาดสิ่งของเช่นใบลานหรืออาวุธเป็นต้น.
กระไดแก้ว	๒๕๕๔	ชั้นสำหรับวางพาดสิ่งของเช่นใบลานหรืออาวุธเป็นต้น.
กระไดแก้ว	๒๕๖๙	ที่รองพระคัมภีร์และลานสำหรับจารหนังสือ, ที่สำหรับพาดพระแสง, บันไดแก้ว ก็ว่า.
กระไตร	๒๕๔๒	(โบ; กลอน) น. ชื่อเหยี่ยวชนิดหนึ่ง เรียกว่า เหยี่ยวกระไตร เช่น กระไตรตระไนตรู. (เสือโค), เขาคุ่มกระตรุมกระไตร. (สรรพสิทธิ์), ตะไกร ก็เรียก.
กระไตร	๒๕๕๔	ชื่อเหยี่ยวชนิดหนึ่ง เรียกว่า เหยี่ยวกระไตร เช่น กระไตรตระไนตรู (เสือโค), เขาคุ่มกระตรุมกระไตร (สรรพสิทธิ์), ตะไกร ก็เรียก.
กระไตร	๒๕๖๙	(วรรณ) เหยี่ยวชนิดหนึ่ง เช่น กระไตรตระไนตรู (เสือโค), เขาคุ่มกระตรุมกระไตร (สรรพสิทธิ์), ตะไกร ก็ว่า.
กระไทชาย	๒๕๔๒	(โบ; มาจาก กระทาชาย) น. คนผู้ชาย เช่น อันว่ากระไทชายผู้หนึ่ง. (ม. คําหลวง กุมาร; มหาราช), กระทาชาย ก็ว่า.
กระไทชาย	๒๕๕๔	กระทาชาย, คนผู้ชาย, เช่น อันว่ากระไทชายผู้หนึ่ง (ม. คำหลวง กุมาร; มหาราช).
กระไน	๒๕๔๒	น. ชื่อนกชนิดหนึ่ง, ตระไน ก็ว่า เช่น เขาคุ่มกระตรุมกระไตร ตระไนนี่สนั่นเสียง. (สรรพสิทธิ์).
กระไน	๒๕๕๔	ชื่อนกชนิดหนึ่ง, ตระไน ก็ว่า เช่น เขาคุ่มกระตรุมกระไตร ตระไนนี่สนั่นเสียง
กระไร	๒๕๔๒	ว. อะไร เช่น เขาไม่ว่ากระไร, อย่างไร เช่น จะทำกระไรดี, เท่าไร เช่น ถูกปรับเพียง ๑๐๐ บาทก็ไม่กระไรนัก, ทำไม, ไฉน, เช่น ข้าแต่นเรศูรสมเด็จพระบิดาเจ้าข้าเอ่ย กระไรเลยไม่ปรานี. (ม. ร่ายยาว กุมาร).
กระไร	๒๕๕๔	อะไร เช่น เขาไม่ว่ากระไร, อย่างไร เช่น จะทำกระไรดี, เท่าไร เช่น ถูกปรับเพียง ๑๐๐ บาทก็ไม่กระไรนัก, ทำไม, ไฉน, เช่น ข้าแต่นเรศูรสมเด็จพระบิดาเจ้าข้าเอ่ย กระไรเลยไม่ปรานี (ม. ร่ายยาว กุมาร).
กระไส	๒๕๔๒	น. ทราย เช่น สีคงคาขุ่นเป็นเปือกเทือกกระไส. (ม. กาพย์ วนปเวสน์), ประทับทอดจอดอ่าวเข้าไม่ได้ โขดกระไสติดช่องร่องวิถี. (นิ. เกาะแก้วกัลกตา).
กระไส	๒๕๕๔	ทราย เช่น สีคงคาขุ่นเป็นเปือกเทือกกระไส (ม. กาพย์ วนปเวสน์), ประทับทอดจอดอ่าวเข้าไม่ได้ โขดกระไสติดช่องร่องวิถี
กระไอ	๒๕๔๒	น. กลิ่น (ใช้เฉพาะกลิ่นของสิ่งที่จวนจะบูด) เช่น แกงมีกระไอจวนจะบูดแล้ว, สะไอ ก็ว่า.<2t>ว. มีกลิ่นเหม็นแสดงว่าจวนจะบูด เช่น ข้าวเหม็นกระไอ, สะไอ ก็ว่า.
กระไอ	๒๕๕๔	กลิ่นเหม็นแสดงว่าจวนจะบูด เช่น แกงมีกระไอจวนจะบูดแล้ว, สะไอ ก็ว่า.
กระไอกระแอม	๒๕๔๒	ก. ทําเสียงไอเสียงแอม เช่น ถ้ามันจะเกริ่นกรายกระไอกระแอมแอบเข้ามา. (ม. ร่ายยาว ชูชก).
กระไอกระแอม	๒๕๕๔	ทำเสียงไอเสียงแอม เช่น ถ้ามันจะเกริ่นกรายกระไอกระแอมแอบเข้ามา (ม. ร่ายยาว ชูชก).
กรัก	๒๕๔๒	[กฺรัก] น. แก่นขนุนใช้ย้อมผ้า; (โบ) โรงกรัก คือ โรงที่ต้มกรักในวัด. (ตะเลง ว่า แก่นไม้; ข. กราก่ ว่า แก่นขนุน).
กรัก	๒๕๕๔	แก่นขนุนใช้ย้อมผ้า นิยมใช้ย้อมสบงจีวร
กรักขี	๒๕๔๒	[กฺรัก-] ดู สักขี ๒.
กรักขี	๒๕๕๔	ดู สักขี ๒.
กรัง	๒๕๔๒	[กฺรัง] ก. แห้ง เช่น เสบียงกรัง, แห้งติดแน่นอยู่ เช่น ขี้มูกขี้ตากรัง.
กรัง	๒๕๕๔	แห้ง เช่น เสบียงกรัง, แห้งติดแน่นอยู่ เช่น ขี้มูกขี้ตากรัง.
กรัชกาย	๒๕๔๒	[กะรัดชะ-, กะหฺรัดชะ-, กฺรัดชะ-] (แบบ) น. ร่างกาย เช่น เจ้างามยามประจงจัดกรัชกาย. (กลบทบัวบานกลีบขยาย). [ป. ก (น้ำ) + รช (ธุลี) + กาย = กายที่เกิดจากธุลีในน้ำ (น้ำ หมายถึง น้ำกาม น้ำอสุจิ, ธุลีในน้ำ คือ ตัวสเปิร์มที่อยู่ในน้ำอสุจิ), ก (สรีระ) + รช (ธุลี) + กาย = กายที่เกิดจากธุลีในสรีระ, กายอันบังเกิดด้วยดีด้วยธุลีเป็นไปในสรีระ (บาฬีลิปิกรม), ก (กุจฺฉิต = น่ารังเกียจ) + รช (ธุลี) + กาย = กายที่เกิดจากธุลีที่น่ารังเกียจ, กร (การกระทำ) + ช (เกิด) + กาย = กายที่เกิดด้วยสันถวะ (ความเชยชิด) อันมารดาบิดากระทำแล้ว].
กรัชกาย	๒๕๕๔	ร่างกาย เช่น เจ้างามยามประจงจัดกรัชกาย (กลบทบัวบานกลีบขยาย).
กรัณฑ	๒๕๔๒	[กะรันทะ-, กะรัน] (แบบ) น. ตลับ, หีบ, หม้อ, เช่น รัตนกรัณฑ์ = ตลับเพชร. (สังโยคพิธาน), กรัณฑรัตน. (ยวนพ่าย), กรัณฑขลังขังนํ้าทิพ มุรธา ภิเษกท่าน. (ราชาภิเษก ร. ๗). (ดู กรณฑ์ ๑).
กรัณฑ-	๒๕๕๔	ภาชนะมีฝาปิด เช่น รัตนกรัณฑ์ (สังโยคพิธาน), กรัณฑรัตน (ยวนพ่าย), กรัณฑขลังขังนํ้าทิพมุรธา ภิเษกท่าน (ดู กรณฑ์ ๑).
กรัณฑก	๒๕๔๒	ดู กรณฑ์ ๑.
กรัณฑก	๒๕๕๔	ดู กรณฑ์ ๑.
กรัณฑ์	๒๕๕๔	ภาชนะมีฝาปิด เช่น รัตนกรัณฑ์ (สังโยคพิธาน), กรัณฑรัตน (ยวนพ่าย), กรัณฑขลังขังนํ้าทิพมุรธา ภิเษกท่าน (ดู กรณฑ์ ๑).
กรัณย์	๒๕๔๒	[กะรัน] น. กิจ.<2t>ว. อันพึงทํา เช่น ราชกรัณย์. (ป. กรณีย).
กรัณย์	๒๕๕๔	กิจ.
กรัน	๒๕๔๒	[กฺรัน] ว. เล็ก, แคระ, เช่น กรวดกรันขราราย. (สุธน).
กรัน	๒๕๕๔	เล็ก, แคระ, เช่น กรวดกรันขราราย
กรับ	๒๕๔๒	[กฺรับ] น. ไม้สําหรับตีให้อาณัติสัญญาณหรือขยับเป็นจังหวะ ทำด้วยไม้ไผ่ซีกหรือไม้แก่น ๒ อัน รูปร่างแบนยาวประมาณ ๔๐ เซนติเมตร กว้าง ๓-๔ เซนติเมตร หนาประมาณ ๑.๕ เซนติเมตร เมื่อตีหรือขยับให้ไม้ทั้ง ๒ อันนั้นกระทบกันจะได้ยินเสียงเป็น &#147;กรับ&#160;ๆ&#148; เช่น รัวกรับ ขยับกรับ.
กรับ	๒๕๕๔	เครื่องตีชนิดหนึ่ง ทำด้วยไม้ไผ่ผ่าซีกหรือไม้เนื้อแข็ง ๒ อัน ใช้ขยับหรือตีกระทบกันสำหรับให้อาณัติสัญญาณ หรือบอกจังหวะในการขับร้องและบรรเลงดนตรี.
กรับขยับ	๒๕๔๒	น. กรับเสภา.
กรับขยับ	๒๕๕๔	กรับเสภา.
กรับคู่	๒๕๔๒	น. กรับชนิดหนึ่ง ทำด้วยไม้ไผ่ซีกหรือไม้แก่นเป็นคู่ สำหรับตีเป็นจังหวะในการฟ้อนรำขับร้อง.
กรับคู่	๒๕๕๔	กรับชนิดหนึ่ง ทำด้วยไม้ไผ่ซีกหรือไม้แก่นเป็นคู่ สำหรับตีเป็นจังหวะในการฟ้อนรำขับร้อง.
กรับพวง	๒๕๔๒	น. กรับชนิดหนึ่ง ทำด้วยไม้แผ่นบาง&#160;ๆ หรือแผ่นทองเหลืองหรือแผ่นงาช้างหลาย&#160;ๆ อัน และมีไม้แก่นหรืองาประกับ ๒ ข้างอย่างด้ามพัด ตอนหัวข้างหนึ่งเจาะรูร้อยเชือก เวลาตีใช้มือข้างหนึ่งจับตรงหัวทางเชือกร้อย แล้วฟาดข้างหนึ่งลงบนฝ่ามืออีกข้างหนึ่ง สำหรับตีเป็นจังหวะประกอบการฟ้อนรำและขับร้อง หรือใช้ตีรัวเป็นอาณัติสัญญาณ.
กรับพวง	๒๕๕๔	กรับชนิดหนึ่ง ทำด้วยไม้แผ่นบางๆ หรือแผ่นทองเหลืองหรือแผ่นงาช้างหลายๆ อัน ด้ามจิ้ว ตอนหัวข้างหนึ่งเจาะรูร้อยเชือก เวลาตีใช้มือข้างหนึ่งจับตรงหัวทางเชือกร้อย แล้วฟาดข้างหนึ่งลงบนฝ่ามืออีกข้างหนึ่ง สำหรับตีเป็นจังหวะประกอบการฟ้อนรำและขับร้อง หรือใช้ตีรัวเป็นอาณัติสัญญาณ.
กรับเสภา	๒๕๔๒	น. กรับชนิดหนึ่ง ทำด้วยไม้แก่นเช่นไม้ชิงชัน เป็นรูปสี่เหลี่ยม ยาวประมาณ ๒๐ เซนติเมตร หนาประมาณ ๕ เซนติเมตร ลบเหลี่ยมเล็กน้อยเพื่อมิให้บาดมือและให้สามารถกลิ้งตัวกระทบกันได้สะดวก ใช้ประกอบในการขับเสภา โดยผู้ขับเสภาจะต้องใช้กรับ ๒ คู่ ถือไว้ข้างละคู่ ขณะที่ขับเสภาก็ขยับกรับแต่ละคู่ให้กระทบกันเข้าจังหวะกับเสียงขับ, กรับขยับ ก็เรียก.
กรับเสภา	๒๕๕๔	กรับชนิดหนึ่ง ทำด้วยไม้แก่นเช่นไม้ชิงชัน มี ๔ ด้าน ด้านหนึ่งโค้งสำหรับกระทบให้เกิดเสียง ยาวประมาณ ๒๐ เซนติเมตร หนาประมาณ ๕ เซนติเมตร ลบเหลี่ยมเล็กน้อยเพื่อมิให้บาดมือและให้สามารถกลิ้งตัวกระทบกันได้สะดวก ใช้ขยับประกอบในการขับเสภา โดยผู้ขับเสภาจะต้องใช้กรับ ๒ คู่ ประคองไว้ในอุ้งมือข้างละคู่ ขณะที่ขับเสภาก็ขยับกรับแต่ละคู่ให้กระทบกันให้สอดคล้องกับท่วงทำนองขับ, กรับขยับ ก็ว่า.
กรัม	๒๕๔๒	[กฺรํา] น. หน่วยมาตราชั่งนํ้าหนัก ตามมาตราเมตริก มีอัตรา = ๑๐๐ เซนติกรัม หรือ ๑ ใน ๑,๐๐๐ แห่งกิโลกรัม, ตามมาตราประเพณี อัตรา ๖๐๐ กรัม = ๑ ชั่งหลวง, อักษรย่อว่า ก. (ฝ. gramme).
กรัม	๒๕๕๔	หน่วยมาตราชั่งนํ้าหนัก ตามมาตราเมตริก มีอัตรา = ๑๐๐ เซนติกรัม หรือ ๑ ใน ๑,๐๐๐ แห่งกิโลกรัม, อักษรย่อว่า ก.
กราก	๒๕๔๒	[กฺราก] ก. ตรงเข้าไปโดยเร็ว เช่น กรากเข้าไป.<2t>ว. รวดเร็ว เช่น นํ้าไหลเชี่ยวกราก; เรียกสิ่งที่หุงหรือนึ่งสวยมากเกินไปว่า สวยกราก เช่น ข้าวสวยกราก ถั่วสวยกราก, แข็งอย่างผ้าลายที่ยังไม่ได้ซักหรือผ้าที่ลงแป้งจนแข็ง; เสียงอย่างเสียงลากกิ่งไม้.
กราก	๒๕๕๔	ตรงเข้าไปหรือเข้ามาโดยเร็ว เช่น กรากเข้าไป.
กราง	๒๕๔๒	[กฺราง] ก. ถูไปถูมาด้วยบุ้ง ตะไบ หรือหนังกระเบน.
กราง	๒๕๕๔	ถูไปถูมาด้วยบุ้ง ตะไบ หรือหนังกระเบน เช่น กระเบนกรางหน้าผากไม่อยากเจ็บ
กรางเกรียง	๒๕๔๒	ว. เสียงอย่างเดียวกับกราง เช่น ก้องกงรถก้องกรางเกรียง. (พากย์; สุธน).
กรางเกรียง	๒๕๕๔	เสียงอย่างเดียวกับกราง เช่น ก้องกงรถก้องกรางเกรียง (พากย์; สุธน).
กราด	๒๕๔๒	ใช้เข้าคู่กับคํา กรีด เป็น กรีดกราด.
กราด	๒๕๕๔	ไม้กวาดที่ทำเป็นซี่ยาวๆ ห่างๆ มีด้ามยาว สำหรับใช้กวาดที่ลานวัดเป็นต้น. (ข. จฺราส). ก. กวาดด้วยกราด.
กราดวง	๒๕๔๒	[กฺรา-] น. ลูกมะพร้าวทุยที่ตัดครึ่งท่อน สําหรับถูพื้นบ้านหรือหวีด้ายทอหูก, เสียงที่พูดกันเป็นกระดวง.
กราดวง	๒๕๕๔	ลูกมะพร้าวทุยที่ตัดครึ่งท่อน สำหรับถูพื้นบ้านหรือหวีด้ายทอหูก, (ปาก) กระดวง.
กราดเกรี้ยว	๒๕๔๒	ก. แสดงกิริยาท่าทางพร้อมทั้งดุด่าว่ากล่าวเป็นต้นอย่างรุนแรงด้วยความโกรธ, เกรี้ยวกราด ก็ใช้.
กราดเกรี้ยว	๒๕๕๔	แสดงกิริยาท่าทางพร้อมทั้งดุด่าว่ากล่าวเป็นต้นอย่างรุนแรงด้วยความโกรธ, เกรี้ยวกราด ก็ใช้.
กราน	๒๕๔๒	[กฺราน] (โบ) น. ไฟ เช่น เชิงกราน, ธุมาก็ปรากฏแก่กราน. (กฤษณา).
กราน	๒๕๕๔	ไฟ เช่น เชิงกราน, ธุมาก็ปรากฏแก่กราน
กรานกฐิน	๒๕๔๒	[-กะถิน] ก. ขึงไม้สะดึง คือ เอาผ้าที่จะเย็บเป็นจีวรเข้าขึงที่ไม้สะดึง เย็บเสร็จแล้วบอกแก่ภิกษุทั้งหลายผู้ร่วมใจกันยกผ้าให้ในนามของสงฆ์เพื่ออนุโมทนา, ภิกษุผู้เย็บจีวรเช่นนั้น เรียกว่า ผู้กราน, พิธีทําบัดนี้ คือ สงฆ์ยกผ้าอันไม่พอแจกกันให้ภิกษุรูปหนึ่ง ภิกษุรูปนั้นทําตั้งแต่ซัก กะ ตัด เย็บ ย้อม เสร็จในวันนั้น ทําพินทุกัปปะอธิษฐานเป็นจีวรครอง เป็นจีวรกฐิน เรียกว่า กรานกฐิน. (อุปสมบทวิธี). (ดู กฐิน). (ข. กราล ว่า ปู, ลาด).
กรานกฐิน	๒๕๕๔	ขึงไม้สะดึง คือ เอาผ้าที่จะเย็บเป็นจีวรเข้าขึงที่ไม้สะดึง เย็บเสร็จแล้วบอกแก่ภิกษุทั้งหลายผู้ร่วมใจกันยกผ้าให้ในนามของสงฆ์เพื่ออนุโมทนา, ภิกษุผู้เย็บจีวรเช่นนั้น เรียกว่า ผู้กราน, สงฆ์ยกผ้าอันไม่พอแจกกันให้ภิกษุรูปหนึ่ง ภิกษุรูปนั้นทำตั้งแต่ซัก กะ ตัด เย็บ ย้อม เสร็จในวันนั้น ทำพินทุกัปปะอธิษฐานเป็นจีวรครอง เป็นจีวรกฐิน เรียกว่า กรานกฐิน. (ดู กฐิน).
กราบ	๒๕๔๒	[กฺราบ] น. ไม้เสริมแคมเรือให้สูงขึ้น, ส่วนของเรือตอนที่มีไม้เสริม, ไม้กระดานที่ติดตรงแคมเรือไปตามแนวนอนสําหรับเดิน, เรียกส่วนด้านข้างของเรือรบว่า กราบ.
กราบ	๒๕๕๔	ไม้เสริมแคมเรือให้สูงขึ้น, ส่วนของเรือตอนที่มีไม้เสริม, ไม้กระดานที่ติดตรงแคมเรือไปตามแนวนอนสำหรับเดิน, เรียกส่วนด้านข้างของเรือรบเรือสินค้าเป็นต้น.
กราบพระ	๒๕๔๒	(โบ)<2t>น. ผ้ากราบ.
กราบพระ	๒๕๕๔	ผ้ากราบ.
กราฟ	๒๕๔๒	น. แผนภูมิที่ใช้เส้น จุด หรือภาพเป็นต้น เพื่อแสดงความเปลี่ยนแปลงค่าของตัวแปรตัวหนึ่งเทียบกับความเปลี่ยนแปลงค่าของตัวแปรตัวอื่น; (คณิต) เซตของจุดที่เรียงกันอย่างมีระเบียบตามที่กําหนดขึ้นด้วยสมการหรืออสมการ. (อ. graph).
กราฟ	๒๕๕๔	แผนภูมิที่ใช้เส้น จุด หรือภาพ เป็นต้น เพื่อแสดงความเปลี่ยนแปลงค่าของตัวแปรตัวหนึ่งเทียบกับความเปลี่ยนแปลงค่าของตัวแปรตัวอื่น
กราม	๒๕๔๒	[กฺราม] น. ฟันที่ใช้บดเคี้ยวอาหาร.
กราม	๒๕๕๔	ฟันที่ใช้บดเคี้ยวอาหาร.
กรามช้าง	๒๕๔๒	น. ตําราแพทย์แผนโบราณว่าเป็นโรคมะเร็งชนิดหนึ่งขึ้นที่แถวกราม มีอาการเป็นเนื้อร้ายงอกขึ้นที่ต่อมแถวก้านคาง ทําให้ขากรรไกรพองโตใหญ่ออกมา เรียกว่า มะเร็งกรามช้าง.
กรามช้าง	๒๕๕๔	ชื่อโรคมะเร็งชนิดหนึ่ง ตามตำราแพทย์แผนโบราณว่าขึ้นที่แถวกราม มีอาการเป็นเนื้อร้ายงอกขึ้นที่ต่อมแถวก้านคาง ทำให้ขากรรไกรพองโตใหญ่ออกมา เรียกว่า มะเร็งกรามช้าง.
กรามพลู	๒๕๔๒	[กฺรามพฺลู] (โบ) น. กานพลู เช่น แห้วหมูพิชกรามพลูก็มี. (ม. คําหลวง มหาพน). (เทียบทมิฬ กฺรามปู).
กรามพลู	๒๕๕๔	กานพลู เช่น แห้วหมูพิชกรามพลูก็มี (ม. คำหลวง มหาพน).
กราย	๒๕๔๒	[กฺราย] น. ชื่อปลานํ้าจืดชนิด Notopterus chitala ในวงศ์ Notopteridae หัวและลําตัวแบนข้างมาก สันหัวแอ่นลง ท้องเป็นสันคม ครีบท้องมีขนาดเล็ก ครีบก้นยาวต่อเนื่องกับครีบหางซึ่งเล็กและมีขอบกลม บริเวณเหนือครีบก้นมีจุดสีดํา ๕-๑๐ จุดเรียงเป็นแถวตามยาว ขนาดยาวได้ถึง ๑ เมตร, ตองกราย หรือ หางแพน ก็เรียก.
กราย	๒๕๕๔	ชื่อปลานํ้าจืดชนิด Chitata ornata (Gray) วงศ์ Notopteridae หัวและลำตัวแบนข้างมาก สันหัวแอ่นลง ท้องเป็นสันคม ครีบท้องเล็กมาก ครีบก้นยาวต่อเนื่องกับครีบหางซึ่งเล็กและมีขอบมน บริเวณเหนือครีบก้นมีจุดสีดำ ๕-๑๐ จุดเรียงเป็นแถวตามยาว ขนาดยาวได้ถึง ๑ เมตร, ตองกราย หรือ หางแพน ก็เรียก.
กราล	๒๕๔๒	[กฺราน] (โบ) ดู กราน ๒.
กราล	๒๕๕๔	ดู กราน ๒.
กราว	๒๕๔๒	[กฺราว] (โบ; คําเดียวกับ จราว) น. ตะพาบนํ้า เช่น ตัวกราวมีกริวพ่นชลสินธุ์. (ดู ตะพาบ, ตะพาบนํ้า).
กราว	๒๕๕๔	ตะพาบนํ้า เช่น ตัวกราวมีกริวพ่นชลสินธุ์. (ดู ตะพาบ ๑, ตะพาบนํ้า).
กราวด่าง	๒๕๔๒	ดู ม่านลาย.
กราวด่าง	๒๕๕๔	ดู ม่านลาย.
กราวรูด	๒๕๔๒	[กฺราว-] (ปาก) ว. ตลอดหมด, ไม่เว้น, เช่น จับกราวรูด.
กราวรูด	๒๕๕๔	ตลอดหมด, ไม่เว้น, เช่น จับกราวรูด.
กราสิก	๒๕๔๒	[กฺรา-] (โบ; กลอน) น. ผ้าด้ายแกมไหม เช่น พัสตรากราสิกศรี. (ม. คําหลวง ทานกัณฑ์). (ป. กาสิก; ส. กาศิก).
กราสิก	๒๕๕๔	ผ้าด้ายแกมไหม เช่น พัสตรากราสิกศรี (ม. คำหลวง ทานกัณฑ์).
กรำ	๒๕๔๒	[กฺรํา] ว. ตรํา, ฝ่า, ทนลําบาก, เช่น กรําแดด กรําฝน, เคี่ยวเข็ญเย็นคํ่ากรําไป. (พระราชนิพนธ์ ร. ๖).
กรำ	๒๕๕๔	ตรำ, ฝ่า, สู้ทนลำบาก, เช่น กรำแดด กรำฝน, เคี่ยวเข็ญเย็นคํ่ากรำไป ตามวิสัยเชิงเช่นผู้เป็นนาย (พระราชนิพนธ์ ร. ๖).
กริก	๒๕๔๒	[กฺริก, กฺริ๊ก] ว. เสียงของแข็ง เช่น แก้ว โลหะ กระทบกัน.
กริก	๒๕๕๔	เสียงของแข็งเช่นแก้ว โลหะ กระทบกัน.
กริกกริว	๒๕๔๒	[กฺริกกฺริว] ว. ขี้ริ้ว, เลว, เช่น โฉมใช่โฉมคนค้า หน้าใช่หน้ากริกกริว. (ลอ).
กริกกริว	๒๕๕๔	ขี้ริ้ว, เลว, เช่น โฉมใช่โฉมคนค้า หน้าใช่หน้ากริกกริว
กริกกรี	๒๕๔๒	[กฺริกกฺรี] (ถิ่น-ปักษ์ใต้) ว. มีทีท่าเจ้าชู้.
กริงกริว	๒๕๔๒	[กฺริงกฺริว] ว. เล็ก เช่น มนุษย์น้อยกริงกริวผิวเนื้อเหลือง.
กริงกริว	๒๕๕๔	เล็ก, ผอม, เช่น มนุษย์น้อยกริงกริวผิวเนื้อเหลือง, ปักษ์ใต้ว่า กริ้งกริ้ว.
กริช	๒๕๔๒	[กฺริด] น. อาวุธชนิดหนึ่ง คล้ายมีด ๒ คม ปลายแหลม ใบมีดตรงก็มีคดก็มี เป็นของชาวมลายู.
กริช	๒๕๕๔	อาวุธชนิดหนึ่ง เป็นของชาวชวาและมลายู มีลักษณะด้ามโค้ง มักทำเป็นรูปหัวสัตว์ คล้ายมีด ๒ คม ปลายแหลม ใบมีดตรงก็มี คดไปคดมาก็มี.
กริณี	๒๕๔๒	[กะ-] (แบบ) น. ช้างพัง, ใช้ว่า กิริณี หรือ กิรินี ก็มี. (ส. กริณี; ป. กรินี).
กริณี	๒๕๕๔	ช้างพัง, ใช้ว่า กิริณี หรือ กิรินี ก็มี.
กริตย	๒๕๔๒	[กฺริดตะยะ-] (โบ; กลอน) ก. ทํา เช่น พระบาทสญไชยก็ชําระกริตยภิษิตสรรพางค์. (ม. คําหลวง มหาราช). (ส. กฺฤตฺย).
กริตย-	๒๕๕๔	ทำ เช่น พระบาทสญไชยก็ชำระกริตยภิษิตสรรพางค์ (ม. คำหลวง มหาราช).
กริน	๒๕๔๒	[กะ-] (แบบ) น. ช้าง, ช้างพลาย, เช่น กรินไกรอาสนอัศวาชี. (ม. คําหลวง ฉกษัตริย์). (ส.).
กริน	๒๕๕๔	ช้าง, ช้างพลาย, เช่น กรินไกรอาสนอัศวาชี (ม. คำหลวง ฉกษัตริย์).
กรินทร์	๒๕๔๒	น. พญาช้าง, ช้างที่ควรยกย่อง, เช่น เบื้องนั้นบรรลุผู้เผือกกรินทร์ หนึ่งฤๅ. (ลิลิตพยุหยาตรา), ใช้เป็น กเรนทร์ ก็มี. (ส. กรินฺ + อินฺทฺร = กรินทร์ = ช้างใหญ่, ช้างศึก, ช้างพระอินทร์).
กรินทร์	๒๕๕๔	พญาช้าง, ช้างที่ควรยกย่อง, เช่น เบื้องนั้นบรรลุผู้เผือกกรินทร์ หนึ่งฤๅ (ลิลิตพยุหยาตรา), ใช้ว่า กเรนทร์ ก็มี.
กรินี	๒๕๔๒	[กะ-] ดู กริณี.
กรินี	๒๕๕๔	ช้างพัง, ใช้ว่า กิริณี หรือ กิรินี ก็มี.
กริบ	๒๕๔๒	[กฺริบ] ก. ขริบ, ตัดให้พลันขาดด้วยกรรไกรโดยไม่มีเสียงหรือมีเสียงเช่นนั้น เช่น กริบผม กริบชายผ้า, ตัดขาดโดยฉับไวและแนบเนียนด้วยความคม.<2t>ว. มาก เช่น คมกริบ; โดยปริยายหมายความว่า เงียบไม่มีเสียงดัง เช่น เงียบกริบ ย่องกริบ.
กริบ	๒๕๕๔	ขริบ, ตัดเล็มด้วยกรรไกร เช่น กริบผม กริบชายผ้า, ตัดขาดโดยฉับไวและแนบเนียนด้วยความคม.
กริม	๒๕๔๒	[กฺริม] น. ชื่อปลานํ้าจืดขนาดเล็กในสกุล Trichopsis วงศ์ Anabantidae พบทั่วไป รูปร่างคล้ายปลากัด ซึ่งอยู่ในวงศ์เดียวกัน แต่หัวแหลมกว่าและสีไม่สดสวย มักมีแถบสีเข้มพาดตลอดข้างตัว ๒-๓ แถบ ที่พบมากได้แก่ กริมข้างลาย (T. vittatus), กัดป่า ก็เรียก.
กริม	๒๕๕๔	ชื่อปลานํ้าจืดขนาดเล็กในสกุล Trichopsis วงศ์ Anabantidae หรือ Belontiidae พบทั่วไป รูปร่างคล้ายปลากัดซึ่งอยู่ในวงศ์เดียวกัน แต่หัวแหลมกว่าและสีไม่สดสวย มักมีแถบสีเข้มพาดตลอดข้างตัว ๒-๓ แถบ ขนาดยาวได้ถึง ๗ เซนติเมตร ที่พบมากได้แก่ กริมข้างลาย [ T. vittatus (Cavier)], กัดป่า ก็เรียก.
กริยา	๒๕๔๒	[กฺริยา, กะริยา] (ไว) น. คําที่แสดงอาการของนามหรือสรรพนาม. (ส. กฺริยา; ป. กิริยา).
กริยา	๒๕๕๔	คำที่แสดงอาการของนามหรือสรรพนาม.
กริยานุเคราะห์	๒๕๔๒	(ไว) น. กริยาที่ใช้ช่วยกริยาอื่น เช่น คง จะ ถูก น่า, กริยาช่วย ก็ว่า.
กริยานุเคราะห์	๒๕๕๔	กริยาที่ใช้ช่วยกริยาอื่น เช่น คง จะ ถูก น่า, กริยาช่วย ก็ว่า.
กริยาวิเศษณานุประโยค	๒๕๔๒	[-วิเสสะนานุปฺระโหฺยก] (ไว) น. อนุประโยคที่ประกอบกริยาหรือวิเศษณ์ในสังกรประโยค, ประโยควิเศษณ์ ก็ว่า.
กริยาวิเศษณานุประโยค	๒๕๕๔	อนุประโยคที่ประกอบคำกริยาหรือคำวิเศษณ์ในสังกรประโยค, ประโยควิเศษณ์ ก็ว่า.
กริยาวิเศษณ์	๒๕๔๒	(ไว) น. คําวิเศษณ์ใช้ประกอบคํากริยาหรือคําวิเศษณ์ด้วยกันให้มีความแปลกออกไป.
กริยาวิเศษณ์	๒๕๕๔	คำวิเศษณ์ใช้ประกอบคำกริยาหรือคำวิเศษณ์ด้วยกันให้มีความแปลกออกไป.
กริยาวิเศษณ์วลี	๒๕๔๒	(ไว) น. ท่อนความที่มีคํากริยาวิเศษณ์ที่พ่วงบุรพบทเข้าขยายกริยา เช่น ม้าวิ่งไปข้างโน้น<2t>ความที่ขีดสัญประกาศนั้นเป็นกริยาวิเศษณ์วลี.
กริยาวิเศษณ์วลี	๒๕๕๔	ท่อนความที่มีคำกริยาวิเศษณ์ที่พ่วงบุรพบทเข้าขยายกริยา เช่น ม้าวิ่งไปข้างโน้น ความที่ขีดสัญประกาศนั้นเป็นกริยาวิเศษณ์วลี.
กริว	๒๕๔๒	[กฺริว] น. เต่า เช่น เขียนกริวขึ้นขี่ที่ต้นคอ. (ขุนช้างขุนแผน), จริว หรือ ตริว ก็ว่า. (ดู ตะพาบ, ตะพาบน้ำ).
กริว	๒๕๕๔	เต่า เช่น เขียนกริวขึ้นขี่ที่ต้นคอ (ขุนช้างขุนแผน), จริว หรือ ตริว ก็ว่า. (ดู ตะพาบ ๑, ตะพาบน้ำ).
กริวกราว	๒๕๔๒	ว. เสียงโห่, เสียงเอ็ดอึงพร้อมกันหลาย&#160;ๆ เสียง, เช่น บ้างโบกธงธุชพรายพราวโลดเต้นกริวกราว.
กริวกราว	๒๕๕๔	เสียงโห่, เสียงเอ็ดอึงพร้อมกันหลายๆ เสียง, เช่น บ้างโบกธงธุชพรายพราวโลดเต้นกริวกราว.
กริวลาย	๒๕๔๒	ดู ม่านลาย.
กริวลาย	๒๕๕๔	ดู ม่านลาย.
กริ่ง	๒๕๔๒	[กฺริ่ง] น. เครื่องบอกสัญญาณมีเสียงดังเช่นนั้น; เรียกพระเครื่องที่ทําด้วยโลหะ ข้างในกลวง มีก้อนโลหะคลอนเขย่าดังกริ่ง&#160;ๆ ว่า พระกริ่ง.
กริ่ง	๒๕๕๔	เครื่องบอกสัญญาณมีเสียงดังเช่นนั้น
กริ่งเกรง	๒๕๔๒	ก. ระแวงกลัวไป.
กริ่งเกรง	๒๕๕๔	ระแวงกลัวไป.
กริ่งใจ	๒๕๔๒	ก. นึกแคลงใจ.
กริ่งใจ	๒๕๕๔	นึกแคลงใจ.
กริ่ม	๒๕๔๒	[กฺริ่ม] ก. กระหยิ่ม, ครึ้มใจ, อิ่มใจ.<2t>ว. อาการที่เมาเหล้าอย่างใจดี เรียกว่า เมากริ่ม.
กริ่ม	๒๕๕๔	กระหยิ่ม, ครึ้มใจ, ภูมิใจ, อิ่มใจ.
กริ้งกริ้ว	๒๕๔๒	[กฺริ้งกฺริ้ว] (ถิ่น-ปักษ์ใต้)<2t>ว. เล็ก, ผอม, เช่น รูปร่างกริ้งกริ้ว คือ รูปร่างเล็ก.
กริ้ว	๒๕๔๒	[กฺริ้ว] (ราชา) ก. โกรธ, เคือง, ในบทกลอนโบราณใช้ในที่สามัญก็มี เช่น ฝูงมหาชนท้งงหลายกริ้วโกรธ. (ม. คําหลวง ชูชก).
กริ้ว	๒๕๕๔	โกรธ, เคือง.
กริ๊ก	๒๕๕๔	เสียงของแข็งเช่นแก้ว โลหะ กระทบกัน.
กริ๊ง	๒๕๔๒	[กฺริ๊ง] ว. เสียงแหลมเบาอย่างเสียงของแข็งเช่นแท่งโลหะกระทบกัน.
กริ๊ง	๒๕๕๔	เสียงแหลมอย่างเสียงของแข็งเช่นแท่งโลหะกระทบกัน.
กรี	๒๕๔๒	[กะรี] (แบบ) น. ช้าง เช่น ถัดนั้นพลนิกรพวกกรี. (ม. คําหลวง มหาราช).
กรี	๒๕๕๔	ช้าง เช่น ถัดนั้นพลนิกรพวกกรี (ม. คำหลวง มหาราช).
กรีฑา	๒๕๔๒	[กฺรีทา] น. กีฬาประเภทหนึ่ง แบ่งออกเป็นประเภทลู่และประเภทลาน; การเล่นสนุก เช่น กรีฑาร่าเริงรื่น; การเล่นสมพาส เช่น ในกามกรีฑากล. (กฤษณา); การประลองยุทธ์. (ส.).
กรีฑา	๒๕๕๔	กีฬาอย่างหนึ่งแบ่งเป็น ๒ ประเภท คือ ประเภทลู่ เช่น การวิ่งระยะทางต่าง ๆ วิ่งผลัด วิ่งข้างรั้ว ซึ่งในการแข่งขันต้องมีทางหรือแนวทางวิ่ง อีกประเภทหนึ่ง คือ ประเภทลาน เช่น กระโดดสูง พุ่งแหลน ทุ่มน้ำหนัก ซึ่งต้องมีสถานที่กว้างเพื่อการแข่งขัน
กรีฑากร	๒๕๔๒	ก. ทํากรีฑา เช่น ปางกรีฑากร อนงค์ในแท่นทอง. (สมุทรโฆษ).
กรีฑากร	๒๕๕๔	ทำกรีฑา เช่น ปางกรีฑากร อนงค์ในแท่นทอง
กรีฑาภิรมย์	๒๕๔๒	ว. น่ารื่นรมย์ยิ่งในกรีฑา, (โบ) ใช้ว่า กรีธา ก็มี เช่น แห่งอรอาตมชายา อันกรีธาภิรมย์. (ม. คําหลวง ทศพร).
กรีฑาภิรมย์	๒๕๕๔	น่ารื่นรมย์ยิ่งในกรีฑา, (โบ) ใช้ว่า กรีธาภิรมย์ ก็มี เช่น แห่งอรอาตมชายา อันกรีธาภิรมย์ (ม. คำหลวง ทศพร).
กรีฑารมย์	๒๕๔๒	ว. เป็นที่ยินดีในกรีฑา เช่น สองท้าวเสมอกัน และควรที่กรีฑารมย์. (สมุทรโฆษ).
กรีฑารมย์	๒๕๕๔	เป็นที่ยินดีในกรีฑา เช่น สองท้าวเสมอกัน และควรที่กรีฑารมย์
กรีฑาสถาน	๒๕๔๒	น. สถานที่เล่นกีฬา.
กรีฑาสถาน	๒๕๕๔	สถานที่เล่นกีฬา.
กรีด	๒๕๔๒	[กฺรีด] (ถิ่น) น. เครื่องจับสัตว์นํ้าชนิดหนึ่ง. (ดู กราด ๓).
กรีด	๒๕๕๔	เครื่องมือจับสัตว์นํ้าชนิดหนึ่ง. (ดู กราด ๓).
กรีดกราด	๒๕๔๒	[-กฺราด] ว. อาการที่ร้องอุทานเพื่อเรียกร้องความสนใจเป็นต้น.
กรีดกราด	๒๕๕๔	อาการที่ร้องอุทานเพื่อเรียกร้องความสนใจเป็นต้น.
กรีดกราย	๒๕๔๒	ว. เยื้องกราย, เดินทอดแขน, มีท่าทางหยิบหย่ง, ทำอะไรไม่เต็มกำลัง.
กรีดกราย	๒๕๕๔	อาการที่เดินทอดแขนและจีบนิ้ว, มีท่าทางหยิบหย่ง, เช่น มัวแต่เดินกรีดกรายอยู่นั่นแหละ เมื่อไหร่จะทำงานเสร็จเสียที.
กรีดนิ้ว	๒๕๔๒	ก. กรายนิ้ว, ใช้นิ้วมือหยิบอย่างมีท่าทีหยิบหย่ง.
กรีดนิ้ว	๒๕๕๔	ใช้นิ้วมือหยิบอย่างมีท่าทางหยิบหย่ง.
กรีดน้ำตา	๒๕๔๒	ว. เช็ดน้ำตาด้วยนิ้วอย่างละครรำ, โดยปริยายเป็นคำแสดงความหมั่นไส้ว่าแสร้งร้องไห้ทำให้ดูน่าสงสาร เช่น เรื่องแค่นี้มานั่งกรีดน้ำตาอยู่ได้.
กรีดน้ำตา	๒๕๕๔	เช็ดน้ำตาด้วยนิ้วอย่างละครรำ, โดยปริยายเป็นคำแสดงความหมั่นไส้ว่าแสร้งร้องไห้ทำให้ดูน่าสงสาร เช่น เรื่องแค่นี้มานั่งกรีดน้ำตาอยู่ได้.
กรีดเล็บ	๒๕๔๒	ก. อาการที่ใช้เล็บเก็บสิ่งใดสิ่งหนึ่งอย่างมีท่างาม เช่น กรีดเล็บเก็บพวงสุมาลี นารีขับเพลงวังเวงใจ. (เงาะป่า).
กรีดเล็บ	๒๕๕๔	อาการที่ใช้เล็บเก็บสิ่งใดสิ่งหนึ่งอย่างมีท่างาม เช่น กรีดเล็บเก็บพวงสุมาลี นารีขับเพลงวังเวงใจ
กรีดไพ่	๒๕๔๒	ก. สับไพ่ป๊อกโดยวิธีแยกไพ่ออกเป็น ๒ ส่วน ใช้มือแต่ละข้างจับไพ่แต่ละส่วนไว้ แล้วใช้ที่หัวแม่มือระไพ่แต่ละใบให้ล้มทับสลับกันจนหมดแล้วผลักรวมเข้าด้วยกัน.
กรีดไพ่	๒๕๕๔	สับไพ่ป๊อกโดยวิธีแยกไพ่ออกเป็น ๒ ส่วน ใช้มือแต่ละข้างจับไพ่แต่ละส่วนไว้ แล้วใช้นิ้วหัวแม่มือระไพ่แต่ละใบให้ล้มทับสลับกันอย่างรวดเร็วจนหมดแล้วผลักรวมเข้าด้วยกัน.
กรีธา	๒๕๔๒	[กฺรีทา] ก. เคลื่อน, ยก, เดินทางเป็นหมู่เป็นกระบวน, (ใช้ในการยกทัพ).
กรีธา	๒๕๕๔	เคลื่อน, ยก, เดินทางเป็นหมู่เป็นกระบวน, (ใช้ในการยกทัพ).
กรีธาทัพ	๒๕๔๒	ก. ยกกระบวนทัพ, เดินกองทัพ.
กรีธาทัพ	๒๕๕๔	ยกกระบวนทัพ, เดินกองทัพ.
กรีธาพล	๒๕๔๒	ก. รวมพลเข้าเป็นกระบวน.
กรีธาพล	๒๕๕๔	เคลื่อนพล, ยกพล, บางทีเขียนเป็น กรีพล ก็มี เช่น ให้เรานี้กรีพลออกเดินไพร
กรีษ	๒๕๔๒	[กะหฺรีด] (แบบ) น. คูถ, อุจจาระ, ขี้. (ส.; ป. กรีส).
กรีษ	๒๕๕๔	อุจจาระ.
กรีส	๒๕๔๒	[กะหฺรีด] น. อาหารเก่า, คูถ, อุจจาระ, ขี้, เช่น หนึ่งน้ำมูตรกรีส ฤๅเกียจฤๅกีด คำคนติฉิน. (สรรพสิทธิ์). (ป.; ส. กรีษ); (แบบ) มาตราวัดความยาวเท่ากับ ๑ เส้น ๑๑ วา ๑ ศอก หรือ ๑๒๕ ศอก, ความจุเท่ากับ ๔ อัมพณะ คือ ประมาณ ๔๔ ทะนาน. (ลิปิ). (ป. กรีส; ส. กรฺษ).
กรีส	๒๕๕๔	อาหารเก่า, อุจจาระ, เช่น หนึ่งน้ำมูตรกรีส ฤๅเกียจฤๅกีด คำคนติฉิน
กรี๊ด	๒๕๔๒	ว. อาการที่เปล่งเสียงร้องดังเช่นนั้นด้วยความตกใจหรือโกรธเป็นต้น.
กรี๊ด	๒๕๕๔	อาการที่เปล่งเสียงร้องดังเช่นนั้นด้วยความตกใจ โกรธ หรือชื่นชมเป็นต้น.
กรี๊ดกร๊าด	๒๕๔๒	ว. อาการที่เปล่งเสียงร้องอุทานแสดงความพอใจเป็นต้น.
กรี๊ดกร๊าด	๒๕๕๔	อาการที่เปล่งเสียงร้องอุทานแสดงความพอใจเป็นต้น.
กรึกถอง	๒๕๔๒	[กรึกฺถองฺ] (โบ) ว. มากมาย, ตรึกถอง ก็ใช้.
กรึกถอง	๒๕๕๔	มากมาย, ตรึกถอง ก็ใช้.
กรึง	๒๕๔๒	[กฺรึง] (โบ) ก. ตรึง, ปักแน่น, ทําให้อยู่กับที่, เช่น ต้องศรพรหมาสตร์ฤทธิรณ กรึงแน่นทรวงบน ตลอดจนยอดปฤษฎางค์. (พากย์).
กรึง	๒๕๕๔	ตรึง, ปักแน่น, ทำให้อยู่กับที่, เช่น ต้องศรพรหมาสตร์ฤทธิรณ กรึงแน่นทรวงบน ตลอดจนยอดปฤษฎางค์
กรึ่ม	๒๕๔๒	[กฺรึ่ม] ว. อาการที่เมาเหล้าตลอดทั้งวัน เรียกว่า เมากรึ่ม.
กรึ่ม	๒๕๕๔	ใช้ประกอบกับอาการเมาเหล้าว่า เมากรึ่ม หมายความว่า เมาเหล้าตลอดทั้งวัน.
กรึ๊บ	๒๕๔๒	[กฺรึ๊บ] ว. เสียงเกิดจากการกลืนของเหลวเช่นเหล้าอย่างรวดเร็ว, ลักษณนามเรียกการดื่มเหล้าอึกหนึ่ง&#160;ๆ ด้วยอาการอย่างนั้น เช่น ดื่มเหล้ากรึ๊บหนึ่ง ดื่มเหล้า ๒ กรึ๊บ.<2t>(ปาก) ก. ดื่ม (มักใช้แก่เหล้า).
กรึ๊บ	๒๕๕๔	เสียงเกิดจากการกลืนของเหลวเช่นเหล้าอย่างรวดเร็ว, ลักษณนามเรียกการดื่มเหล้าอึกหนึ่งๆ ด้วยอาการอย่างนั้น เช่น ดื่มเหล้ากรึ๊บหนึ่ง ดื่มเหล้า ๒ กรึ๊บ.
กรุ	๒๕๔๒	[กฺรุ] น. ห้องที่ทําไว้ใต้ดิน ใต้พระเจดีย์ เป็นต้นสำหรับเก็บพระพุทธรูปและสิ่งอื่น&#160;ๆ, โดยปริยายหมายถึงกระทรวง ทบวง กรม ที่ข้าราชการในสังกัดถูกเรียกตัวเข้ามาอยู่ประจำ โดยมิได้มีตำแหน่งหน้าที่ใด&#160;ๆ เพื่อเป็นการลงโทษหรือก่อนเกษียณอายุราชการ ในความว่า เรียกเก็บเข้ากรุ.
กรุ	๒๕๕๔	ห้องที่ทำไว้ใต้ดิน ใต้พระเจดีย์ เป็นต้น สำหรับเก็บพระพุทธรูปและสิ่งมีค่าอื่นๆ, โดยปริยายหมายถึงกระทรวง ทบวง กรม ที่ข้าราชการในสังกัดถูกเรียกตัวเข้ามาอยู่ประจำ โดยมิได้มีตำแหน่งหน้าที่ใดๆ เพื่อเป็นการลงโทษหรือก่อนเกษียณอายุราชการ ในความว่า เรียกเก็บเข้ากรุ.
กรุก	๒๕๔๒	[กฺรุก] ก. ขลุก, ขลุกขลุ่ย, ง่วนอยู่, เช่น พรรษาหนึ่งสองพรรษาไม่ผาสุก เข้าบ้านกรุกเลยลาสิกขาบท. (นิ. เดือน).<2t>ว. เสียงดังกุก เช่น ได้ยินเสียงกรุกลุกขึ้นมอง. (คาวี).
กรุก	๒๕๕๔	ขลุก, ขลุกขลุ่ย, ง่วนอยู่, เช่น พรรษาหนึ่งสองพรรษาไม่ผาสุก เข้าบ้านกรุกเลยลาสิกขาบท
กรุกกรัก	๒๕๔๒	ก. ขลุกขลัก เช่น กรุกกรักประดักประเดิดเปิดฝาลุ้ง. (คาวี).<2t>ว. เสียงดังกุกกัก เช่น ได้ยินเสียงกรุกกรักก็ทักถาม. (ม. ร่ายยาว ชูชก).
กรุกกรัก	๒๕๕๔	ขลุกขลัก เช่น กรุกกรักประดักประเดิดเปิดฝาลุ้ง
กรุกกรู๊	๒๕๔๒	[กรุกฺ-] ว. เสียงนกเขาขันคู, จุ๊กกรู๊ ก็ว่า.
กรุกกรู๊	๒๕๕๔	เสียงนกเขาขันคู, จุ๊กกรู๊ ก็ว่า.
กรุง	๒๕๔๒	[กฺรุง] น. เมืองหลวง, เมืองซึ่งเป็นที่ตั้งรัฐบาลกลาง, แต่ก่อนหมายถึงประเทศก็ได้ เช่น กรุงสยาม กรุงจีน; (โบ) กษัตริย์ เช่น จึ่งกรุงสุทโธทนเห็นอัศจรรย์ก็ทูลพลันด่งงนี้ฯ. (ม. คำหลวง ทศพร).
กรุง	๒๕๕๔	เมืองหลวง, เมืองซึ่งเป็นที่ตั้งรัฐบาลกลาง, แต่ก่อนหมายถึงประเทศก็ได้ เช่น กรุงสยาม กรุงจีน
กรุงพาลี	๒๕๔๒	[กฺรุง-] น. ภาชนะทำด้วยกาบกล้วย เป็นรูปกระบะสี่เหลี่ยม สำหรับวางเครื่องเซ่นสังเวย เรียกว่า บัตรกรุงพาลี หรือ บัตรพระภูมิ, เรียกสั้น&#160;ๆ ว่า บัตรพลี. (มาจากชื่อท้าวพลี). (รามเกียรติ์ ร. ๖).
กรุงพาลี	๒๕๕๔	ภาชนะทำด้วยกาบกล้วย เป็นรูปกระบะสี่เหลี่ยม สำหรับวางเครื่องเซ่นสังเวย เรียกว่า บัตรกรุงพาลี หรือ บัตรพระภูมิ, เรียกสั้นๆ ว่า บัตรพลี. (มาจากชื่อท้าวพลี).
กรุงเขมา	๒๕๔๒	[กฺรุงขะเหฺมา] น. ชื่อไม้เถาชนิด Cissampelos pareira L. var. hirsuta (Buch. ex DC.) Forman ในวงศ์ Menispermaceae ใบรูปสามเหลี่ยมปลายมน ผลกลม เมื่อสุกสีแดง.
กรุงเขมา	๒๕๕๔	ชื่อไม้เถาชนิด Cissampelos pareira L. var. hirsuta (Buch.-Ham. ex DC.) Forman ในวงศ์ Menispermaceae ใบรูปสามเหลี่ยมปลายมน ผลกลม เมื่อสุกสีแดง.
กรุณ	๒๕๔๒	[กะรุน] (กลอน) น. กรุณา.
กรุณ	๒๕๕๔	กรุณา.
กรุณา	๒๕๔๒	[กะรุนา] น. ความสงสารคิดจะช่วยให้พ้นทุกข์ เป็น ๑ ในพรหมวิหาร ๔ คือ เมตตา กรุณา มุทิตา อุเบกขา; ใช้ประกอบหน้ากริยาแสดงความขอร้องอย่างสุภาพ เช่น กรุณาส่ง; ใช้ร่วมกับคำ พระ เป็นสรรพนามสําหรับพระเจ้าแผ่นดิน เช่น กราบบังคมทูลพระกรุณา. (ป.).
กรุณา	๒๕๕๔	ความสงสารคิดจะช่วยให้พ้นทุกข์ เป็น ๑ ในพรหมวิหาร ๔ คือ เมตตา กรุณา มุทิตา อุเบกขา
กรุณาทฤคุณ	๒๕๔๒	[-ทฺรึคุน] (โบ; แบบ) น. กรุณาธิคุณ, คุณอันยิ่งใหญ่ คือ กรุณา.
กรุณาทฤคุณ	๒๕๕๔	กรุณาธิคุณ, คุณอันยิ่งใหญ่ คือ กรุณา.
กรุณาธิคุณ	๒๕๔๒	น. คุณอันยิ่งใหญ่ คือ กรุณา. (ป. กรุณา + อธิ + คุณ).
กรุณาธิคุณ	๒๕๕๔	คุณอันยิ่งใหญ่ คือ กรุณา.
กรุน	๒๕๔๒	[กฺรุน] ก. ตัด, ทําลาย, เช่น จะกรุนจะกราดสงคราม. (ม. ฉันท์ มหาราช). (ถิ่น-พายัพ กุน ว่า ตัด, ทําลาย, ใช้คู่กับ กาด ว่า ทําให้ราบลง).
กรุน	๒๕๕๔	ตัด, ทำลาย, เช่น จะกรุนจะกราดสงคราม (ม. ฉันท์ มหาราช).
กรุบ	๒๕๔๒	[กฺรุบ] ว. เสียงดังเช่นนั้นเมื่อเคี้ยวของแข็งที่แตกง่าย.<2t>น. ขนมปั้นก้อนชนิดหนึ่ง เรียกว่า ขนมกรุบ; เรียกกะลาอ่อนของมะพร้าวว่า กรุบมะพร้าว.
กรุบ	๒๕๕๔	เสียงดังเช่นนั้นเมื่อเคี้ยวของแข็งที่พอเคี้ยวได้เช่นกระดูกอ่อน ข้อไก่.
กรุบกริบ	๒๕๔๒	ว. เสียงกุกกิก.
กรุบกริบ	๒๕๕๔	เสียงกุกกิก.
กรุย	๒๕๔๒	[กฺรุย] น. หลักที่ปักรายไว้เป็นเครื่องหมาย เช่น ปักกรุย.<2t>ก. ปักหลักหรือถางเป็นแนวไว้ เช่น กรุยทาง. (ข. ตฺรุย).
กรุย	๒๕๕๔	หลักที่ปักรายไว้เป็นเครื่องหมาย เช่น ปักกรุย.
กรุยกราย	๒๕๔๒	ว. เดินทําทีท่าเจ้าชู้; มีท่าทางหยิบหย่ง, ในบทกลอนใช้ว่า กรายกรุย ก็มี เช่น อย่านุ่งลายกรายกรุยทําฉุยไป. (สุภาษิตสุนทรภู่).
กรุยกราย	๒๕๕๔	อาการที่เดินทำทีท่าเจ้าชู้
กรุยเกรียว	๒๕๔๒	[กฺรุย-] (กลอน) ว. เกรียวกราว เช่น แสรกเสียงกรุยเกรียว. (ดุษฎีสังเวย).
กรุยเกรียว	๒๕๕๔	เกรียวกราว เช่น แสรกเสียงกรุยเกรียว
กรุ่น	๒๕๔๒	[กฺรุ่น] ว. อาการของไฟที่ยังไม่ดับแต่ไม่ถึงกับลุกโพลง เช่น ไฟติดกรุ่นอยู่, โดยปริยายหมายความว่า ยังเหลืออยู่บ้าง, มีเรื่อย&#160;ๆ อยู่, เช่น ควันกรุ่น หอมกรุ่น; ยังไม่ดับสนิท, ร้อนรุ่มอยู่ภายใน, เช่น โกรธกรุ่น.
กรุ่น	๒๕๕๔	อาการของไฟที่ยังไม่ดับแต่ไม่ถึงกับลุกโพลง เช่น ไฟติดกรุ่นอยู่, โดยปริยายหมายความว่า ยังเหลืออยู่บ้าง, มีเรื่อยๆ อยู่, เช่น ควันกรุ่น หอมกรุ่น
กรุ่ม	๒๕๔๒	[กฺรุ่ม] ก. ขันบ่อย&#160;ๆ (ปรกติใช้แก่นกเขา แต่ใช้แก่นกอื่นก็มีบ้าง) เช่น บางพวกจับเป็นคู่คูขันกันโดยธรรมดา เวลากรุ่มกําลังที่ตั้งขึ้นตามฤดู. (ม. ร. ๔ วนปเวสน์); โดยปริยายหมายความว่า สบายเรื่อย&#160;ๆ ไป เช่น มีเงินตรากินกรุ่มเป็นภูมิฐาน. (นิ. เดือน); รุ่มร้อน, ระอุ, เช่น นรกเท่ากรุ่ม เปลวร้อนเหมือนไฟ. (สุบิน).
กรุ่ม	๒๕๕๔	ขันบ่อยๆ (ปรกติใช้แก่นกเขา แต่ใช้แก่นกอื่นก็มีบ้าง) เช่น บางพวกจับเป็นคู่คูขันกันโดยธรรมดา เวลากรุ่มกำลังที่ตั้งขึ้นตามฤดู (ม. ร. ๔ วนปเวสน์)
กรุ้งกริ่ง	๒๕๔๒	[กฺรุ้งกฺริ่ง] ก. แสดงสีหน้า แววตา และท่าทางเจ้าชู้, กรุ้มกริ่ม ก็ว่า.
กรุ้งกริ่ง	๒๕๕๔	แสดงสีหน้า แววตา และท่าทางเจ้าชู้, กรุ้มกริ่ม ก็ว่า.
กรุ้มกริ่ม	๒๕๔๒	[กฺรุ้มกฺริ่ม] ก. แสดงสีหน้า แววตา และท่าทางเจ้าชู้ เช่น เห็นผู้หญิงเดินผ่านมาก็ทำกรุ้มกริ่มขึ้นมาทันที, กรุ้งกริ่ง ก็ว่า.
กรุ้มกริ่ม	๒๕๕๔	แสดงสีหน้า แววตา และท่าทางเจ้าชู้ เช่น เห็นผู้หญิงเดินผ่านมาก็ทำกรุ้มกริ่มขึ้นมาทันที, กรุ้งกริ่ง ก็ว่า.
กรู	๒๕๔๒	[กฺรู] ว. อาการที่ไปพร้อม&#160;ๆ กันโดยเร็ว เช่น วิ่งกรูกันไป.
กรู	๒๕๕๔	อาการที่ไปพร้อม ๆ กันอย่างเร็วโดยมีจุดหมาย เช่น วิ่งกรูกันไป มดพรูออกจากรังแล้วกรูเข้าไปกัดศัตรู, ตรู ก็ว่า.
กรูด	๒๕๔๒	[กฺรูด] (โบ) น. มะกรูด เช่น งั่วนาวทรนาวเนกกรูดฉุรเฉกจรุงธาร. (ม. คําหลวง จุลพน); (ถิ่น-ปักษ์ใต้) มะกรูด.
กรูด	๒๕๕๔	มะกรูด เช่น งั่วนาวทรนาวเนก กรูดฉุรเฉกจรุงธาร (ม. คำหลวง จุลพน).
กรูม	๒๕๔๒	[กฺรูม] ว. กรอม, คลุม, เช่น ห่มเพลาะกรูมกรอกรุยฉุยเฉิดฉัน. (มณีพิชัย).
กรูม	๒๕๕๔	กรอม, คลุม, เช่น ห่มเพลาะกรูมกรอกรุยฉุยเฉิดฉัน
กร็อกกร๋อย	๒๕๔๒	ว. ไม่ชุ่มชื่น, ไม่สมบูรณ์.
กร็อกกร๋อย	๒๕๕๔	ไม่ชุ่มชื่น, ไม่สมบูรณ์.
กร็อกกร๋อย	๒๕๖๙	ไม่ชุ่มชื่น, ไม่สมบูรณ์.
กร่อน	๒๕๔๒	ก. หมดไปสิ้นไปทีละน้อย, ร่อยหรอ, สึกหรอ.
กร่อน	๒๕๕๔	หมดไปสิ้นไปทีละน้อย, ร่อยหรอ, สึกหรอ.
กร่อน	๒๕๖๙	หมดไปสิ้นไปทีละน้อย, ร่อยหรอ, สึกหรอ.
กร่อม	๒๕๔๒	(โบ) ว. ช้า ๆ เงื่อง ๆ แต่ทําเรื่อยไป (มักใช้แก่การเดิน พายเรือ หรือลุยนํ้า) เช่น เดินกร่อม ๆ กรําฝนฟ้า พายเรือกร่อม ๆ. (อักษรประโยค).
กร่อม	๒๕๕๔	ช้า ๆ เงื่อง ๆ แต่ทำเรื่อยไป (มักใช้แก่การเดิน พายเรือ หรือลุยนํ้า) เช่น เดินกร่อม ๆ กรำฝนฟ้า พายเรือกร่อม ๆ.
กร่อม	๒๕๖๙	(โบ) ช้า ๆ เงื่อง ๆ แต่ทําเรื่อยไป (มักใช้แก่การเดิน พายเรือ หรือลุยนํ้า) เช่น เดินกร่อม ๆ กรําฝนฟ้า, พายเรือกร่อม ๆ (อักษรประโยค).
กร่อม ๆ	๒๕๕๔	ช้า ๆ เงื่อง ๆ แต่ทำเรื่อยไป (มักใช้แก่การเดิน พายเรือ หรือลุยนํ้า) เช่น เดินกร่อม ๆ กรำฝนฟ้า พายเรือกร่อม ๆ.
กร่อย	๒๕๔๒	[กฺร่อย] ว. ไม่จืดสนิทหรือไม่หวานสนิท เพราะมีรสเค็มเจือ, โดยปริยายหมายความว่า หมดรสสนุกหรือหมดความครึกครื้น เช่น การแสดงที่ไม่สนุกทำให้คนดูรู้สึกกร่อย.
กร่อย	๒๕๕๔	ไม่จืดสนิทหรือไม่หวานสนิท เพราะมีรสเค็มเจือ, โดยปริยายหมายความว่า หมดรสสนุกหรือหมดความครึกครื้น เช่น การแสดงที่ไม่สนุกทำให้คนดูรู้สึกกร่อย.
กร่อย	๒๕๖๙	ไม่จืดสนิทหรือไม่หวานสนิท เพราะมีรสเค็มเจือ เช่น วันนี้น้ำประปากร่อย , ใช้เป็นคำวิเศษณ์ก็ได้ เช่น น้ำดื่มมีรสกร่อย.
กร่าง	๒๕๔๒	[กฺร่าง] น. ชื่อไม้ต้นขนาดกลางถึงขนาดใหญ่ชนิด Ficus altissima Blume ในวงศ์ Moraceae เปลือกเรียบสีเทา ใบกว้างหนารูปไข่ ปลายมน ไม่มีขน ผลกลม เมื่อสุกสีส้มออกแดง, ลุง ฮ่างหลวง หรือ ไทรทอง ก็เรียก.<2t>(ปาก) ว. อาการที่ทำท่าทางหรือพูดจาวางโต เช่น เขาชอบทำกร่างอยู่เรื่อย.
กร่าง	๒๕๕๔	อาการที่ทำท่าทางหรือพูดจาวางโต เช่น เขาชอบทำกร่างอยู่เรื่อย.
กร่าย	๒๕๔๒	[กฺร่าย] น. ผ้าคาดที่ถักเป็นตาข่าย เช่น คาดกร่ายชายทองวาง ร่วงรุ้ง. (กาพย์ห่อโคลง).
กร่าย	๒๕๕๔	ผ้าคาดที่ถักเป็นตาข่าย เช่น คาดกร่ายชายทองวาง ร่วงรุ้ง
กร่ำ	๒๕๔๒	[กฺรํ่า] น. ที่ล่อปลาให้เข้าไปอยู่ ใช้ไม้ปักตามชายฝั่งลําแม่นํ้า เป็นรูปกลมบ้าง รีบ้าง ภายในสุมด้วยกิ่งไม้เพื่อล่อให้ปลาเข้าอาศัย เมื่อเวลาจะจับก็เอาเฝือกหรืออวนล้อม แล้วเอาไม้ที่สุมนั้นออก, เขียนเป็น กลํ่า ก็มี.
กร่ำ	๒๕๕๔	ที่ล่อปลาให้เข้าไปอยู่ ใช้ไม้ปักตามชายฝั่งลำแม่นํ้า ให้มีลักษณะกลมบ้างรีบ้าง เมื่อเวลาจะจับก็เอาเฝือกหรืออวนล้อม แล้วเอาไม้นั้นออก, เขียนเป็น กลํ่า ก็มี.
กร่ำกรุ่น	๒๕๔๒	[กฺรํ่ากฺรุ่น] ว. สีมัว&#160;ๆ ไม่ชัด เช่น สีกรํ่ากรุ่นเป็นอย่างไรฉันไม่เคย.
กร่ำกรุ่น	๒๕๕๔	สีมัวๆ ไม่ชัด, บางทีเขียนเป็น กร้ำกรุ่น ก็มี เช่น ลางพวกก็นุ่งห่มเปนแต่ศรีกร้ำกรุ่นอำปลัง
กร้วม	๒๕๔๒	ว. เสียงเคี้ยวสิ่งของที่เปราะให้แตก หรือเสียงของแข็งกระทบกันอย่างแรง.
กร้วม	๒๕๕๔	เสียงดังอย่างเคี้ยวสิ่งของที่เปราะให้แตก หรือเสียงของแข็งกระทบกันอย่างแรง
กร้วม	๒๕๖๙	ที่มีเสียงอย่างเสียงเคี้ยวของที่เปราะให้แตก หรือเสียงของแข็งกระทบกันอย่างแรง.
กร้อ	๒๕๔๒	น. เครื่องสานยาชัน รูปคล้ายปุ้งกี๋ แต่เล็กกว่า ใช้วิดนํ้าเรือ เช่น ส่วนตัวมึงคือกร้อ แต่งไว้วิดเรือ. (โคลงกวี), สามัญเรียกว่า ตะกร้อ. (เทียบ ข. กฺรฬ ว่า ไห).
กร้อ	๒๕๕๔	เครื่องสานยาชัน รูปคล้ายปุ้งกี๋ แต่เล็กกว่า ใช้วิดนํ้าเรือ เช่น ส่วนตัวมึงคือกร้อ แต่งไว้วิดเรือ (โคลงกวี), สามัญเรียกว่า ตะกร้อ.
กร้อ	๒๕๖๙	(วรรณ) ตะกร้อ, เครื่องสานยาชัน รูปคล้ายปุ้งกี๋ แต่เล็กกว่า ใช้วิดนํ้าเรือ, เช่น ส่วนตัวมึงคือกร้อ แต่งไว้วิดเรือ (โคลงกวี). (เทียบ ข. กฺรฬ ว่า ไห).
กร้าน	๒๕๔๒	[กฺร้าน] ว. มีผิวด้าน, มีผิวไม่สดใส; กระด้าง, แข็ง, หยาบ.
กร้าน	๒๕๕๔	มีผิวด้าน, มีผิวไม่สดใส
กร้าว	๒๕๔๒	[กฺร้าว] ว. แข็งกระด้าง, แข็งมากหรือแข็งเกินพอดีซึ่งอาจแตกบิ่นได้ง่าย, ไม่นุ่มนวล.
กร้าว	๒๕๕๔	แข็งกระด้าง, แข็งมากหรือแข็งเกินพอดีซึ่งอาจแตกบิ่นได้ง่าย, ไม่นุ่มนวล.
กร๊วบ	๒๕๕๔	เสียงดังอย่างเคี้ยวถูกของแข็งหรือของกรอบ.
กร๊อบ	๒๕๕๔	เสียงดังอย่างเคี้ยวของแข็งหรือของกรอบ.
กร๊อบ	๒๕๖๙	ที่มีเสียงอย่างเคี้ยวของแข็งหรือของกรอบ.
กฤช	๒๕๔๒	[กฺริด] (โบ) น. กริช.
กฤช	๒๕๕๔	กริช.
กฤด	๒๕๔๒	[กฺริดะ-] (แบบ) ว. อันกระทําแล้ว (ใช้ประกอบเป็นส่วนหน้าของสมาส), ในบทกลอนแผลงเป็น กฤษฎา ก็มี. (ส. กฺฤต; ป. กต).
กฤด-	๒๕๕๔	อันกระทำแล้ว (ใช้ประกอบเป็นส่วนหน้าของสมาส), ในบทกลอนแผลงเป็น กฤษฎา ก็มี.
กฤดยาเกียรณ	๒๕๔๒	[กฺริดดะยาเกียน] (แบบ) ว. พร้อมด้วยเกียรติยศ เช่น ความชอบกอปรกฤดยากยรณ. (ม. คําหลวง ทานกัณฑ์). (ส. กีรฺติ + อากีรฺณ).
กฤดยาเกียรณ	๒๕๕๔	พร้อมด้วยเกียรติยศ เช่น ความชอบกอปรกฤดยา กยรณ (ม. คำหลวง ทานกัณฑ์).
กฤดา	๒๕๔๒	[กฺริดา, กฺริดากาน] (โบ; กลอน) น. บารมีอันยิ่งที่ทำไว้ (กร่อนมาจาก กฤดาธิการ) เช่น ทรงพระกฤดาเดชานุภาพยิ่งทวีขึ้น. (พงศ. อยุธยา), ผู้ใดมีบุญญากฤดาการ. (เสภาสุนทรภู่).
กฤดา	๒๕๕๔	บารมีอันยิ่งที่ทำไว้ (กร่อนมาจาก กฤดาธิการ) เช่น ทรงพระกฤดาเดชานุภาพยิ่งทวีขึ้น (พงศ. อยุธยา), ผู้ใดมีบุญญากฤดาการ
กฤดาการ	๒๕๕๔	บารมีอันยิ่งที่ทำไว้ (กร่อนมาจาก กฤดาธิการ) เช่น ทรงพระกฤดาเดชานุภาพยิ่งทวีขึ้น (พงศ. อยุธยา), ผู้ใดมีบุญญากฤดาการ
กฤดาญชลี	๒๕๔๒	[กฺริดานชะลี] ก. ยกมือไหว้. (ส.; ป. กตญฺชลี = มีกระพุ่มมืออันทําแล้ว), ในบทกลอนใช้แผลงเป็นรูปต่าง&#160;ๆ คือ กฤดาอัญชลี กฤษฎา กฤษฎาญ กฤษฎาญชลี กฤษฎาญชุลี กฤษฎาญชลิต กฤษฎาญชวลิตวา กฤษฎาญชวลิศ กฤษฎาญชวเลศ.
กฤดาญชลี	๒๕๕๔	ยกมือไหว้. (ส.; ป. กตญฺชลี ว่า มีกระพุ่มมืออันทำแล้ว), ในบทกลอนใช้แผลงเป็นรูปต่างๆ คือ กฤดาอัญชลี กฤษฎาญ.
กฤดาธิการ	๒๕๔๒	[กฺริดาทิกาน] น. บารมีอันยิ่งใหญ่ที่ทําไว้.<2t>ว. มีบารมีอันยิ่งใหญ่ที่ทําไว้. (ส.; ป. กตาธิการ), ในบทกลอนใช้เป็น กฤดา หรือ กฤดาการ ก็มี.
กฤดาธิการ	๒๕๕๔	บารมีอันยิ่งใหญ่ที่ทำไว้.
กฤดาภินิหาร	๒๕๔๒	[กฺริดาพินิหาน] น. อภินิหาร (บุญอันยิ่ง) ที่ทําไว้.<2t>ว. มีอภินิหารที่ทําไว้, (ส.; ป. กตาภินิหาร), ในบทกลอนใช้แผลงเป็น กฤษฎา หรือ กฤษฎาภินิหาร ก็มี.
กฤดาภินิหาร	๒๕๕๔	อภินิหาร (บุญอันยิ่ง) ที่ทำไว้.
กฤดายุค	๒๕๔๒	[กฺริดา-] น. ชื่อยุคแรกของจตุรยุคตามคติของพราหมณ์ ในยุคนี้มนุษย์มีธรรมะสูงสุด คือ เต็ม ๔ ใน ๔ ส่วน และมีอายุยืนยาวที่สุด. (ส. กฺฤตยุค). (ดู จตุรยุค).
กฤดายุค	๒๕๕๔	ชื่อยุคแรกของจตุรยุคตามคติของพราหมณ์ ในยุคนี้มนุษย์มีธรรมะสูงสุด คือ เต็ม ๔ ใน ๔ ส่วน และมีอายุยืนยาวที่สุด. (ส. กฤตยุค). (ดู จตุรยุค).
กฤดาอัญชลี	๒๕๔๒	[กฺริ-] (โบ; กลอน) แยกคําจาก กฤดาญชลี เช่น ขอถวายกฤดาอัญ- ชลีโอนศิโรจร. (ตําราช้างคําฉันท์).
กฤดาอัญชลี	๒๕๕๔	กระทำอัญชลี, ยกมือไหว้, เช่น ขอถวายกฤดาอัญ- ชลีโอนศิโรจร
กฤดิ	๒๕๔๒	[กฺริดดิ] (โบ; กลอน) น. เกียรติ เช่น วรกฤดิโอฬาร. (ชุมนุมตํารากลอน). (ส. กีรฺติ; ป. กิตฺติ).
กฤดิ	๒๕๕๔	เกียรติ เช่น วรกฤดิโอฬาร
กฤดีกา	๒๕๔๒	[กฺริ-, กฺริดตะยะ-] แผลงมาจาก กติกา เช่น อันว่าความกฤดีกา แต่สองราแรกทรงพรต. (ม. คําหลวง กุมาร), ชําระกฤตยฎีกา. (ไวพจน์พิจารณ์).
กฤดีกา	๒๕๕๔	แผลงมาจาก กติกา เช่น อันว่าความกฤดีกา แต่สองราแรกทรงพรต (ม. คำหลวง กุมาร), ชำระกฤตยฎีกา
กฤตติกา	๒๕๔๒	[กฺริดติ-] น. ดาวฤกษ์ที่ ๓ มี ๘ ดวง เห็นเป็นรูปธงสามเหลี่ยม มีหางเรียวยาว, ดาวธงสามเหลี่ยม หรือ ดาวลูกไก่ ก็เรียก, (โบ) เขียนเป็น กฤติกา ก็มี. (ส. กฺฤตฺติกา; ป. กตฺติกา).
กฤตติกา	๒๕๕๔	ดาวฤกษ์ที่ ๓ มี ๘ ดวง เห็นเป็นรูปธงสามเหลี่ยม มีหางเรียวยาว, ดาวธงสามเหลี่ยม ดาวลูกไก่ ดาวกฤติกา หรือ ดาวกัตติกา ก็เรียก.
กฤตย	๒๕๔๒	[กฺริดตะยะ-] (โบ; กลอน) ก. ทํา. (ส.).
กฤตย-	๒๕๕๔	ทำ.
กฤตยฎีกา	๒๕๕๔	แผลงมาจาก กติกา เช่น อันว่าความกฤดีกา แต่สองราแรกทรงพรต (ม. คำหลวง กุมาร), ชำระกฤตยฎีกา
กฤตยา	๒๕๔๒	[กฺริดตะ-] (โบ; กลอน) น. เกียรติ เช่น เสื่อมกฤตยาสยามยศ. (ตะเลงพ่าย).
กฤตยา	๒๕๕๔	เกียรติ เช่น เสื่อมกฤตยาสยามยศ
กฤติกา	๒๕๔๒	[กฺริดติ-] (โบ) น. ดาวฤกษ์ที่ ๓ มี ๘ ดวงเห็นเป็นรูปธงสามเหลี่ยม มีหางเรียวยาว เช่น หมู่สามสมมุติ์กุกกุฏโบ- ดกกฤติกาขาน. (สรรพสิทธิ์), ดาวธงสามเหลี่ยม หรือ ดาวลูกไก่ ก็เรียก. (ส. กฺฤตฺติกา; ป. กตฺติกา).
กฤติกา	๒๕๕๔	ดาวฤกษ์ที่ ๓ มี ๘ ดวง เห็นเป็นรูปธงสามเหลี่ยม มีหางเรียวยาว เช่น หมู่สามสมมุติ์กุกกุฏโบ- ดกกฤติกาขาน (สรรพสิทธิ์), ดาวธงสามเหลี่ยม ดาวลูกไก่ ดาวกฤตติกา หรือ ดาวกัตติกา ก็เรียก.
กฤติยา	๒๕๕๔	เสน่ห์, อาถรรพณ์, เช่น มนตร์กฤตยานั้นซั้น เสื่อมสิ้นทุกอัน (โลกนิติ), หาแม่มดถ้วนหน้า หมู่แก้ กฤติยา
กฤษฎา	๒๕๔๒	[กฺริดสะดา] (โบ; กลอน; แผลงมาจาก กฤด) ว. ที่ทําแล้ว เช่น เพื่อพระราชกฤษฎา แต่กี้ (ราชกิจที่ทรงทํามาแล้ว). (ตะเลงพ่าย).
กฤษฎา	๒๕๕๔	อันกระทำแล้ว เช่น เพื่อพระราชกฤษฎา แต่กี้ (ราชกิจที่ทรงทำมาแล้ว)
กฤษฎาญ	๒๕๕๔	กร่อนมาจาก กฤษฎาญชลี เช่น ถวายอภิวันทกฤษฎาญกฤษฎาการกราบเกล้า (ม. คำหลวง มัทรี; ฉกษัตริย์).
กฤษฎาญชลี	๒๕๕๔	มีอัญชลีอันกระทำแล้ว, กระทำอัญชลี, เช่น กฤษฎาญชลียะยุ่งแล (ม. คำหลวง ทศพร), ในวรรณคดีแผลงไปเป็นรูปต่าง ๆ คือ กฤษฎาญชลิต เช่น กฤษฎาญชลิตไหว้ (มาลัยคำหลวง), กฤษฎาญชวลิตวา เช่น อันว่ากฤษฎาญชวลิตวา (มาลัยคำหลวง), กฤษฎาญชวลิศ เช่น อนนว่าเจ้าสากลกฤษฎาญชวลิศท่านธแล้ว (ม. คำหลวง ทานกัณฑ์), กฤษฎาญชวเลศ เช่น ถวายกฤษฎาญชวเลศ ทูลแถลงเหตุนุสนธ์ (เพชรมงกุฎ), กฤษฎาญชุลี เช่น กฤษฎาญชุลีน้อม
กฤษฎาธาร	๒๕๔๒	[กฺริดสะดาทาน] น. พระที่นั่งที่ทําขึ้นสําหรับเกียรติยศ (?) เช่น พระมหาพิชัยราชรถกฤษฎาธาร. (เรื่องพระบรมศพ).
กฤษฎาธาร	๒๕๕๔	พระที่นั่งที่ทำขึ้นสำหรับเกียรติยศ เช่น พระมหาพิชัยราชรถกฤษฎาธาร
กฤษฎาภินิหาร	๒๕๕๔	ดู กฤดาภินิหาร.
กฤษฎี	๒๕๔๒	[กฺริดสะดี] (แบบ; กลอน) น. รูป เช่น พระอินทราธิราชแปรกฤษฎี. (สมุทรโฆษ). (ส. อากฺฤติ = รูป).
กฤษฎี	๒๕๕๔	รูป เช่น ฤๅแทตย์นิกรยักษา- ธิปพระอินทราธิราชแปรกฤษฎี
กฤษฎีกา	๒๕๔๒	[กฺริดสะ-] น. แผลงมาจาก กติกา เช่น ก็รับพระกฤษฎีกากําหนดแห่งพระดาบสว่าสาธุแล. (ม. คําหลวง วนปเวสน์); (กฎ) บทกฎหมายซึ่งพระมหากษัตริย์ทรงตราขึ้น เพื่อใช้ในการบริหาร เรียกว่า พระราชกฤษฎีกา; ชื่อคณะกรรมการประกอบด้วยกรรมการร่างกฎหมายและกรรมการวินิจฉัยร้องทุกข์ รวมเรียกว่า คณะกรรมการกฤษฎีกา; (กฎ; โบ) พระราชโองการที่มีลักษณะเป็นกฎหมาย.
กฤษฎีกา	๒๕๕๔	กฎเกณฑ์หรือข้อตกลงที่บุคคลตั้งแต่ ๒ ฝ่ายขึ้นไปกำหนดขึ้นเป็นหลักปฏิบัติ เช่น ก็รับพระกฤษฎีกากำหนดแห่งพระดาบสว่าสาธุแล (ม. คำหลวง วนปเวสน์)
กฤษณา	๒๕๔๒	[กฺริดสะหฺนา] น. ส่วนของเนื้อไม้ซึ่งมีสีดํา เกิดเมื่อต้นไม้มีบาดแผล พบเฉพาะในต้นไม้ชนิด Aquilaria crassna Pierre ex H. Lec. และ A. malaccensis Lam. ในวงศ์ Thymelaeaceae กลิ่นหอม ใช้ทํายาได้.
กฤษณา	๒๕๕๔	ส่วนของเนื้อไม้ซึ่งมีสีดำ เกิดเมื่อต้นไม้มีบาดแผล พบเฉพาะในต้นไม้สกุล Aquilaria โดยเฉพาะชนิด A. crassna Pierre ex Lecomte.และ A. malaccensis Lam. ในวงศ์ Thymelaeaceae กลิ่นหอม ใช้ทำยาได้.
กล	๒๕๔๒	[กน, กนละ-] น. การลวงหรือล่อลวงให้หลงหรือให้เข้าใจผิดเพื่อให้ฉงนหรือเสียเปรียบ เช่น เล่ห์กล, เล่ห์เหลี่ยม เช่น กลโกง; เรียกการเล่นที่ลวงตาให้เห็นเป็นจริงว่า เล่นกล; เครื่องกลไก, เครื่องจักร, เครื่องยนต์, เช่น ช่างกล.<2t>ว. เช่น, อย่าง, เหมือน, เช่น เหตุผลกลใด; เคลือบแฝง เช่น ถ้าจําเลยให้การเป็นกลความ. (กฎหมาย).
กล	๒๕๕๔	การลวงหรือล่อลวงให้หลงหรือให้เข้าใจผิดเพื่อให้ฉงนหรือเสียเปรียบ เช่น เล่ห์กล, เล่ห์เหลี่ยม เช่น กลโกง
กล-	๒๕๕๔	การลวงหรือล่อลวงให้หลงหรือให้เข้าใจผิดเพื่อให้ฉงนหรือเสียเปรียบ เช่น เล่ห์กล, เล่ห์เหลี่ยม เช่น กลโกง
กลฉ้อฉล	๒๕๔๒	[กน-] (กฎ) น. การใช้อุบายหลอกลวงด้วยการแสดงข้อความอันเป็นเท็จ หรือการจงใจปิดบังซ่อนเร้นข้อความจริงเพื่อให้ผู้อื่นหลงผิดแสดงเจตนาทำนิติกรรม การแสดงเจตนาเพราะถูกกลฉ้อฉลเป็นโมฆียะ. (อ. fraud).
กลฉ้อฉล	๒๕๕๔	การใช้อุบายหลอกลวงด้วยการแสดงข้อความอันเป็นเท็จ หรือการจงใจปิดบังซ่อนเร้นข้อความจริงเพื่อให้ผู้อื่นหลงผิดจนเข้าทำนิติกรรม หรือจนคู่กรณีอีกฝ่ายหนึ่งยอมรับข้อกำหนดอันเป็นภาระอันหนักขึ้นกว่าที่คู่กรณีฝ่ายนั้นจะยอมรับโดยปรกติ.
กลด	๒๕๔๒	[กฺลด] น. ร่มขนาดใหญ่ชนิดหนึ่ง ขอบร่มมีระบาย คันยาวกว่าก้านร่ม ใช้ถือกั้นเจ้านาย หรือพระภิกษุที่ได้รับพระราชทานสมณศักดิ์, ราชาศัพท์ว่า พระกลด, เรียกร่มขนาดใหญ่มีด้าม สำหรับพระธุดงค์โดยเฉพาะ, เรียกดวงอาทิตย์หรือดวงจันทร์ที่มีแสงสีรุ้งเป็นวงกลมล้อมรอบว่า ดวงอาทิตย์ทรงกลด ดวงจันทร์ทรงกลด. (ข. กฺลส).
กลด	๒๕๕๔	เครื่องกั้นกันแดดหรือฝน ลักษณะคล้ายร่มขนาดใหญ่ ขอบมีระบาย คันยาว ใช้ถือกั้นเจ้านาย, ราชาศัพท์ว่า พระกลด, เรียกร่มขนาดใหญ่มีด้าม สำหรับพระธุดงค์โดยเฉพาะ, เรียกดวงอาทิตย์หรือดวงจันทร์ที่มีแสงสีรุ้งเป็นวงกลมล้อมรอบ ว่า ดวงอาทิตย์ทรงกลด ดวงจันทร์ทรงกลด.
กลดกำมะลอ	๒๕๔๒	น. ร่มชนิดหนึ่ง พื้นขาวโรยทองเป็นเครื่องยศ.
กลดกำมะลอ	๒๕๕๔	กลดชนิดหนึ่ง ทำด้วยผ้าขาวหรือแพรขาวเขียนลายทอง สำหรับใช้กับเจ้านายหรือพระพุทธรูป.
กลดพระสุเมรุ	๒๕๔๒	น. ท่ารําละครท่าหนึ่ง อยู่ในอันดับว่า สารถีชักรถ กลดพระสุเมรุ ตระเวนเวหา. (ฟ้อน).
กลดพระสุเมรุ	๒๕๕๔	ชื่อท่ารำท่าหนึ่ง อยู่ในอันดับว่า สารถีชักรถ กลดพระสุเมรุ ตระเวนเวหา.
กลบ	๒๕๔๒	[กฺลบ] ก. กิริยาที่เอาสิ่งซึ่งเป็นผงโรยทับข้างบนเพื่อปิดบัง, เอาดินหรือสิ่งอื่น&#160;ๆ ใส่ลงไปในที่เป็นหลุมเป็นบ่อ หรือเป็นแอ่งเพื่อให้เต็มหรือไม่ให้เห็นร่องรอย, โดยปริยายหมายความว่า ปิดบัง เช่น กลบความ, ใช้เนื้อ, ทดแทน, เช่น ให้เอาสินไหมมากลบทรัพย์นั้นเสีย. (กฎ. ราชบุรี), กลบลบ ก็ว่า เช่น หักกลบลบหนี้.
กลบ	๒๕๕๔	เอาสิ่งซึ่งเป็นผงโรยทับข้างบนเพื่อปิดบัง เช่น เอาขี้เถ้าไปกลบขี้แมว, เอาดินหรือสิ่งอื่นๆ ใส่ลงไปในที่เป็นหลุมเป็นบ่อ หรือเป็นแอ่งเพื่อให้เต็มหรือไม่ให้เห็นร่องรอย, โดยปริยายหมายความว่า ปิดบัง เช่น กลบความ, ทดแทน เช่น ให้เอาสินไหมมากลบทรัพย์นั้นเสีย
กลบกล้ำ	๒๕๕๔	ลบล้าง เช่น มีโทษอันหนึ่งไซร้ กลบกล้ำพันคุณ
กลบท	๒๕๔๒	[กนละบด] น. คําประพันธ์ที่บัญญัติให้ใช้คําหรือสัมผัสเป็นชั้นเชิงยิ่งกว่าธรรมดา เช่น อมรแมนแม่นแม้นเจ้างามโฉม. (กลบทตรีประดับ).
กลบท	๒๕๕๔	คำประพันธ์ที่บัญญัติให้ใช้คำหรือสัมผัสเป็นชั้นเชิงยิ่งกว่าธรรมดา เช่น เจ้าโศกแคนแค่นแค้นดั่งแสนศร มารานร่านร้านรอนให้ตักไษย ว่าโอโอ่โอ้กำม์มาจำไกล เวรุชื่อใดจองจ่องจ้องประจาน (กลบทตรีประดับ).
กลบบัตรสุมเพลิง	๒๕๔๒	น. ชื่อพิธีพราหมณ์อย่างหนึ่ง ทําแก้เสนียด.
กลบบัตรสุมเพลิง	๒๕๕๔	ชื่อพิธีพราหมณ์อย่างหนึ่ง ทำแก้เสนียด.
กลบเกลี่ย	๒๕๔๒	ก. ปิดให้เรียบสนิท.
กลบเกลี่ย	๒๕๕๔	ปิดให้เรียบสนิท.
กลบเกลื่อน	๒๕๔๒	ก. ทําให้เรื่องเลือนหายไป.
กลบเกลื่อน	๒๕๕๔	เสความ เช่น พูดกลบเกลื่อน ทำกลบเกลื่อน.
กลบไต๋	๒๕๕๔	ปกปิดไพ่ตัวสำคัญไว้ไม่ให้คู่แข่งรู้, ปกปิดกลเม็ด ทีเด็ด ความลับ หรือเจตนาไว้, อุบไต๋ ก็ว่า.
กลพยาน	๒๕๔๒	[กน-] น. พยานที่ถูกวานให้ไปถามเป็นคํานับ. (สามดวง).
กลพยาน	๒๕๕๔	วานให้ไปถามเป็นคำนับ.
กลม	๒๕๔๒	[กฺลม] น. ชื่อเพลงไทยของเก่าที่ใช้เครื่องปี่พาทย์ทําตอนตัวละครรำออกจากที่หนึ่งไปยังอีกที่หนึ่งโดยตัวคนเดียว จะเหาะหรือเดินก็ได้, และใช้เป็นเพลงประจํากัณฑ์สักบรรพในเวลามีเทศน์มหาชาติ.
กลม	๒๕๕๔	ชื่อเพลงไทยประเภทเพลงหน้าพาทย์ ใช้ปี่พาทย์ทำตอนตัวละครที่เป็นเทพเจ้าหรือเจ้าเงาะเหาะโดยลำพัง และใช้เป็นเพลงบรรเลงในเวลาเทศน์มหาชาติประจำกัณฑ์สักบรรพ.
กลมกลึง	๒๕๕๔	งามพอเหมาะ.
กลมกลืน	๒๕๔๒	ก. เข้ากันได้ดี, ไม่ขัดแย้งกัน.
กลมกลืน	๒๕๕๔	เข้ากันได้ดี, ไม่ขัดแย้งกัน.
กลมกลืนกลอน	๒๕๔๒	น. ชื่อเพลงยาวกลอักษร ตัวอย่างว่า แสนเสียดายหายห่างโอ้ แสนเสียดายกรายนาฏช่าง แสนเสียดายงอนงามเจ้า ให้อ่านว่า แสนเสียดายหายห่างโอ้ห่างหาย แสนเสียดายกรายนาฏช่างนาฏกราย แสนเสียดายงอนงามเจ้างามงอน. (จารึกวัดโพธิ์).
กลมกลืนกลอน	๒๕๕๔	ชื่อเพลงยาวกลอักษร ตัวอย่างว่า แสนเสียดายหายห่างโอ้ แสนเสียดายกรายนาฏช่าง แสนเสียดายงอนงามเจ้า ให้อ่านว่า แสนเสียดายหายห่างโอ้ห่างหาย แสนเสียดายกรายนาฏช่างนาฏกราย แสนเสียดายงอนงามเจ้างามงอน
กลมกล่อม	๒๕๔๒	ว. ที่เข้ากันพอดี (ใช้แก่รสหรือเสียง).
กลมกล่อม	๒๕๕๔	ที่เข้ากันพอดี (ใช้แก่รสหรือเสียง).
กลมดิก	๒๕๔๒	ว. กลมทีเดียว, กลิ้งไปได้รอบตัว, โดยปริยายหมายความว่า กลิ้งกลอก.
กลมดิก	๒๕๕๔	กลมทีเดียว, กลิ้งไปได้รอบตัว, โดยปริยายหมายความว่า กลิ้งกลอก.
กลมภะ	๒๕๔๒	[กะลมพะ] (กลอน) ว. หลายอย่างรวมกัน เช่น จําหลักจําหลอกกลม- ภบังอวจจําหลักกราย. (สมุทรโฆษ). (ทมิฬ กลมฺป).
กลมภะ	๒๕๕๔	หลายอย่างรวมกัน เช่น จำหลักจำหลอกกลม- ภบังอวจจำหลักกราย
กลมเกลียว	๒๕๔๒	ว. ที่เข้ากันได้เป็นอันหนึ่งอันเดียวกัน.
กลมเกลียว	๒๕๕๔	ที่เข้ากันได้เป็นอันหนึ่งอันเดียวกัน.
กลมเป็นลูกมะนาว	๒๕๔๒	(สํา) ว. หลบหลีกไปได้ คล่องจนจับไม่ติด (มักใช้ในทางไม่ดี).
กลมเป็นลูกมะนาว	๒๕๕๔	หลบหลีกไปได้คล่องจนจับไม่ติด (มักใช้ในทางไม่ดี).
กลยุทธ์	๒๕๔๒	[กนละ-] น. การรบที่มีเล่ห์เหลี่ยม, วิธีการที่ต้องใช้กลอุบายต่าง&#160;ๆ, เล่ห์เหลี่ยมในการต่อสู้.
กลยุทธ์	๒๕๕๔	การรบที่มีเล่ห์เหลี่ยม, วิธีการที่ต้องใช้กลอุบายต่างๆ, เล่ห์เหลี่ยมในการต่อสู้.
กลละ	๒๕๔๒	[กะละละ] (แบบ) น. รูปเริ่มแรกที่ปฏิสนธิในครรภ์มารดา เช่น ผู้หญิงอันมีครรภ์ด้วยชลามพุชโยนิ เมื่อแรกก่อเป็นนั้นน้อยนักหนา เรียกชื่อว่า กลละหัวปีมีเท่านี้. (ไตรภูมิ). (ป., ส.).
กลละ	๒๕๕๔	รูปเริ่มแรกที่ปฏิสนธิในครรภ์มารดา เช่น ผู้หญิงอันมีครรภ์ด้วยชลามพุชโยนิ เมื่อแรกก่อเป็นนั้นน้อยนักหนา เรียกชื่อว่า กลละหัวปีมีเท่านี้
กลวง	๒๕๔๒	[กฺลวง] ว. เป็นรูเป็นโพรงข้างใน, ไม่ตัน.
กลวง	๒๕๕๔	เป็นรูเป็นโพรงข้างใน, ไม่ตัน.
กลวม	๒๕๔๒	[กฺลวม] (โบ) ก. กรวม, สวม; ทับ เช่น บงงเมฆกลวมกลุ้มหล้าหล่อแสง. (ยวนพ่าย).
กลวม	๒๕๕๔	กรวม, สวม
กลวิธี	๒๕๔๒	[กนละ-] น. วิธีพลิกแพลง โดยอาศัยความรู้ความชํานาญ.
กลวิธี	๒๕๕๔	วิธีพลิกแพลง โดยอาศัยความรู้ความชำนาญ.
กลศ	๒๕๔๒	[กฺลด] น. ภาชนะใส่นํ้าเทพมนตร์ของพราหมณ์ มีลักษณะเหมือนคนโท มีฝาปิด มีพวยอย่างกานํ้า เรียกว่า หม้อกลศ, (โบ) เขียนเป็น กลด ก็มี. (ส.; ป. กลส).
กลศ	๒๕๕๔	ภาชนะใส่นํ้าเทพมนตร์ของพราหมณ์ ลักษณะเหมือนคนโทมีฝาปิด มีพวยอย่างกานํ้า เรียกว่า หม้อกลศ, (โบ) เขียนเป็น กลด ก็มี.
กลศาสตร์	๒๕๔๒	[กนละ-] น. วิชาฟิสิกส์สาขาหนึ่ง ที่ศึกษาเกี่ยวกับการกระทําของแรงต่อเทหวัตถุ และผลที่เกิดขึ้นแก่เทหวัตถุนั้นภายหลังที่ถูกแรงมากระทํา. (อ. mechanics).
กลศาสตร์	๒๕๕๔	วิชาฟิสิกส์สาขาหนึ่ง ที่ศึกษาเกี่ยวกับการกระทำของแรงต่อเทหวัตถุ และผลที่เกิดขึ้นแก่เทหวัตถุนั้นภายหลังที่ถูกแรงมากระทำ.
กลหาย	๒๕๔๒	[กะละ-] (โบ; กลอน) ก. กระหาย เช่น อันว่าทวยท่ววทงงหลายหื่นกลหายสาหัส. (ม. คําหลวง ทานกัณฑ์).
กลหาย	๒๕๕๔	กระหาย เช่น อันว่าทวยท่ววทงงหลายหื่นกลหายสาหัส (ม. คำหลวง ทานกัณฑ์).
กลอก	๒๕๔๒	[กฺลอก] ก. เคลื่อนหรือขยับเขยื้อนกลับไปกลับมาภายในเขตของสิ่งนั้น&#160;ๆ เช่น กลอกตา กลอกหน้า, ทําให้มีอาการเช่นนั้น เช่น กลอกนํ้าร้อนในถ้วยเพื่อให้เย็น.
กลอก	๒๕๕๔	เคลื่อนหรือขยับเขยื้อนกลับไปกลับมาภายในเขตของสิ่งนั้น ๆ เช่น กลอกตา กลอกหน้า, ทำให้เคลื่อนวนกลับไปกลับมา เช่น กลอกแป้งขนมเบื้องญวน กลอกไข่, ทำให้มีอาการเช่นนั้น เช่น กลอกนํ้าร้อนในถ้วยเพื่อให้เย็น.
กลอกกลับ	๒๕๔๒	ว. ไม่อยู่กับร่องกับรอย, พลิกแพลง, (ใช้แก่กริยาพูด), กลับกลอก ก็ว่า.
กลอกกลับ	๒๕๕๔	เปลี่ยนไปมาเชื่อถือไม่ได้ เช่น พูดจากลอกกลับ, กลับกลอก ก็ว่า.
กลอกกลิ้ง	๒๕๕๔	กลับไปกลับมาเอาแน่ไม่ได้, กลิ้งกลอก ก็ว่า.
กลอกแกลก	๒๕๔๒	(ถิ่น-ปักษ์ใต้) ว. เหลวไหล, ไม่แน่นอน.
กลอกแกลก	๒๕๕๔	เหลวไหล, ไม่แน่นอน.
กลอง	๒๕๔๒	[กฺลอง] น. เครื่องตีทําด้วยไม้เป็นต้น มีลักษณะกลม กลวง ขึงด้วยหนัง มีหลายชนิด, ถ้าขึ้นหนังหน้าเดียว มีรูปยาวมาก ใช้สะพายในเวลาตี เรียกว่า กลองยาว หรือ เถิดเทิง, ถ้าขึ้นหนังหน้าเดียว มีรูปกลมแบนและตื้น เรียกว่า กลองรํามะนา, ถ้าขึ้นหนังทั้ง ๒ หน้า ร้อยโยงเข้าด้วยกันด้วยหนังเรียด เรียกว่า กลองมลายู, ถ้าร้อยโยงด้วยหวาย เรียกว่า กลองแขก กลองชนะ, ถ้าขึ้นหนังตรึงแน่นทั้ง ๒ หน้า เรียกว่า กลองทัด.
กลอง	๒๕๕๔	เครื่องดนตรีประเภทเครื่องตี ขึงด้วยหนัง ใช้ตีบอกสัญญาณ กำกับจังหวะ หรือใช้ตีร่วมกับเครื่องดนตรีอื่น ๆ ตัวกลองเรียกว่า “หุ่น” ลักษณะกลมกลวงทำด้วยไม้เนื้อแข็ง เช่นไม้ชิงชัน ไม้มะริด ไม้มะม่วง มีทั้งหน้าเดียวและ ๒ หน้า ที่ขึ้นหนังหน้าเดียว เช่น โทน กลองยาว รำมะนา ที่ขึ้นหนัง ๒ หน้า เช่น กลองทัด ตะโพน เปิงมาง กลองแขก กลองมลายู กลองชนะ การขึ้นหนังมีทั้งที่ใช้หมุดตรึงให้แน่น และใช้โยงเร่งเสียงด้วยสายหนัง เรียกว่า หนังเรียด หรือใช้หวายหรือลวด ยังมีกลองที่หล่อด้วยโลหะทั้งลูก แต่มิได้ขึงด้วยหนัง ก็มี เช่น มโหระทึก และกลองที่ทำด้วยดินเผา การตีกลองอาจใช้ไม้ตี มือ (ฝ่ามือ) หรือนิ้ว เพื่อให้เกิดเสียงดังก้อง, ลักษณนามว่า ใบ หรือ ลูก.
กลองจีน	๒๕๕๔	ชื่อกลองชนิดหนึ่ง ได้แบบมาจากจีน ใช้บรรเลงเพลงสำเนียงจีน มักทำด้วยไม้แผ่นประกอบกันเข้าเป็นรูปกลม ไม่ได้ขุดให้กลวงเหมือนกลองอย่างอื่น.
กลองชนะ	๒๕๕๔	ชื่อกลองชนิดหนึ่ง มีรูปร่างลักษณะเหมือนกลองแขกแต่สั้นกว่า ใช้ในพิธีกรรม ใช้ตีด้วยไม้งอ ๆ หรือหวายทางด้านหน้าใหญ่ ตัวกลองทาสีเขียวหรือแดงปิดทองเขียนลาย หน้ากลองเขียนหรือปิดด้วยทองหรือเงิน ทำเป็นลวดลายเช่นกัน.
กลองชวา	๒๕๕๔	ดู กลองแขก.
กลองชาตรี	๒๕๕๔	ชื่อกลองชนิดหนึ่ง มี ๒ หน้า รูปร่างลักษณะคล้ายกลองทัดแต่เล็กกว่ามาก ตีด้วยไม้ ๒ อัน เช่นเดียวกับกลองทัด แต่วิธีการตี ลักษณะของไม้ตี และเสียงจะแตกต่างจากกลองทัด ใช้ร่วมในวงปี่พาทย์ในการแสดงละครชาตรีที่เรียกว่า ปี่พาทย์ชาตรี ใช้ในการบรรเลงเพลงชุดออกภาษาหรือสิบสองภาษา และใช้ประกอบการบรรเลงในเพลงทำนองตะลุง กลองชาตรีมักใช้บรรเลงคู่กับโทน เรียกว่า โทนชาตรี มีชื่อเรียกตามเสียงอีกอย่างหนึ่งว่า กลองตุ๊ก.
กลองตะโพน	๒๕๕๔	ชื่อกลองชนิดหนึ่ง ใช้ตะโพนไทย ๒ ลูก เสียงสูงต่ำต่างกัน ถอดเท้าออกแล้วนำมาตั้งเอาหน้าเท่งขึ้นตีอย่างกลองทัด นิยมใช้ตีแทนกลองทัดในวงปี่พาทย์ดึกดำบรรพ์ หรือเพื่อให้เกิดเสียงนุ่มนวลเมื่อบรรเลงภายในห้องหรืออาคาร.
กลองติ๋ง	๒๕๕๔	ชื่อกลองชนิดหนึ่ง รูปร่างและการตีเหมือนกับกลองทัด แต่มีขนาดเล็กกว่าและเสียงสูงกว่า ใช้บรรเลงผสมวงปี่พาทย์รวมกับกลองทัดในการแสดงหนังใหญ่เท่านั้น.
กลองตุ๊ก	๒๕๕๔	ดู กลองชาตรี.
กลองต๊อก	๒๕๕๔	ชื่อกลองชนิดหนึ่ง เป็นของจีนใช้ประกอบในการบรรเลงเพลงสำเนียงจีน มีขนาดเล็ก ตีหน้าเดียวด้วยไม้เล็ก ๆ ๑ คู่.
กลองทัด	๒๕๕๔	ชื่อกลองชนิดหนึ่ง มีรูปทรงกระบอก ตรงกลางป่องออกเล็กน้อย ขึ้นหนัง ๒ หน้า มีหูเรียกว่า หูระวิง สำหรับร้อยไม้ขาหยั่ง ใช้บรรเลงในวงปี่พาทย์ ชุดหนึ่งอาจมี ๒-๓ ใบ, ถ้าใช้ใบเดียวแขวนที่หอกลองในวัด เรียกว่า กลองเพล.
กลองมริกัน	๒๕๕๔	ชื่อกลองฝรั่งชนิดหนึ่ง มีขนาดใหญ่ ขึ้นหนัง ๒ หน้า และตีทั้ง ๒ หน้า ให้เสียงสอดสลับกัน ใช้ไม้ตีข้างละอัน การบรรเลงอาจใช้แขวนหรือวางในแนวตั้ง หรือคล้องคอตีในการบรรเลงในขบวนก็ได้.
กลองมลายู	๒๕๕๔	ชื่อกลองชนิดหนึ่ง รูปร่างลักษณะอย่างเดียวกับกลองแขก แต่ตัวกลองสั้นและอ้วนกว่า สายโยงเร่งเสียงทำด้วยหนัง ขึ้นหนัง ๒ หน้าด้วยหนังวัว ตีด้วยไม้งอน ใช้บรรเลงในวงบัวลอยในงานศพ และใช้บรรเลงในวงปี่พาทย์นางหงส์.
กลองยาว	๒๕๕๔	ชื่อกลองชนิดหนึ่ง ตอนหน้าใหญ่ ตอนท้ายมีลักษณะเรียวแล้วบานปลายเป็นรูปดอกลำโพง ขึ้นหนังหน้าเดียว ใช้ตีด้วยมือ วงกลองยาววงหนึ่งจะใช้กลองหลายลูกก็ได้, กลองเถิดเทิง ก็เรียก.
กลองสองหน้า	๒๕๕๔	ชื่อกลองชนิดหนึ่ง ลักษณะคล้ายเปิงมาง แต่ขนาดใหญ่และยาวกว่า ใช้ใบเดียวตีกำกับจังหวะในวงปี่พาทย์ไม้แข็ง เสภา และกำกับการบรรเลงเพลงเดี่ยวเครื่องดนตรีของวงปี่พาทย์.
กลองเถิดเทิง	๒๕๕๔	ดู กลองยาว.
กลองเพล	๒๕๔๒	[-เพน] น. กลองทัดขนาดใหญ่ใช้ตีเป็นสัญญาณบอกเวลา ๑๑ นาฬิกา เพื่อภิกษุสามเณรจะได้ฉันเพล.
กลองเพล	๒๕๕๔	กลองทัดขนาดใหญ่ใช้ตีเป็นสัญญาณบอกเวลา ๑๑ นาฬิกา เพื่อภิกษุสามเณรจะได้ฉันเพล.
กลองแขก	๒๕๕๔	ชื่อกลองชนิดหนึ่ง รูปยาวทรงกระบอก มี ๒ หน้า หน้าหนึ่งใหญ่ เรียกว่า หน้ารุ่ย อีกหน้าหนึ่งเล็ก เรียกว่า หน้าต่าน เดิมใช้เส้นหวายผ่าซีกเป็นสายโยงเร่งเสียง แต่ปัจจุบันนิยมใช้สายหนังเหมือนกลองมลายู ชุดหนึ่งมี ๒ ลูก ลูกเสียงสูงเรียกว่า ตัวผู้ ลูกเสียงต่ำเรียกว่า ตัวเมีย, กลองชวา ก็เรียก.
กลองโมงครุ่ม	๒๕๕๔	ชื่อกลองชนิดหนึ่ง รูปร่างลักษณะอย่างเดียวกับกลองทัด แต่ใหญ่กว่า ขึ้นหนัง ๒ หน้า ตีทั้งสองหน้าโดยใช้ไม้กำพดตี ใช้ตีในการละเล่นสมัยโบราณ.
กลองโยน	๒๕๔๒	ดู ทะแยกลองโยน.
กลองโยน	๒๕๕๔	ดู ทะแยกลองโยน.
กลอน	๒๕๔๒	[กฺลอน] น. ไม้ขัดประตูหน้าต่าง, ดาล, เครื่องสลักประตูหน้าต่าง; ไม้ที่พาดบนแปสําหรับวางเครื่องมุงหลังคาจากเป็นต้น.
กลอน	๒๕๕๔	ไม้ขัดประตูหน้าต่าง, ดาล, เครื่องสลักประตูหน้าต่าง
กลอนด้น	๒๕๔๒	น. คํากลอนที่ว่าดะไปไม่คํานึงถึงหลักสัมผัส.
กลอนด้น	๒๕๕๔	กลอนที่ว่าปากเปล่าโดยไม่เคร่งครัดตามหลักสัมผัส.
กลอนตลาด	๒๕๔๒	น. คํากลอนสามัญ โดยมากเป็นกลอน ๘ เช่น กลอนนิราศ นิทานคำกลอน.
กลอนตลาด	๒๕๕๔	คำกลอนสามัญ โดยมากเป็นกลอน ๘ เช่น กลอนนิราศ นิทานคำกลอน.
กลอนบทละคร	๒๕๔๒	น. กลอนเล่าเรื่อง ใช้เป็นบทแสดง วรรคแรกจะต้องขึ้นต้นด้วย เมื่อนั้น บัดนั้น หรือ มาจะกล่าวบทไป.
กลอนบทละคร	๒๕๕๔	กลอนเล่าเรื่อง ใช้เป็นบทแสดง วรรคแรกจะต้องขึ้นต้นด้วย เมื่อนั้น บัดนั้น หรือ มาจะกล่าวบทไป.
กลอนลิลิต	๒๕๔๒	น. คํากลอนที่แต่งอย่างร่าย. (ชุมนุมตํารากลอน).
กลอนลิลิต	๒๕๕๔	คำกลอนที่แต่งอย่างร่าย.
กลอนสด	๒๕๔๒	น. กลอนที่ผูกและกล่าวขึ้นในปัจจุบันโดยไม่ได้คิดมาก่อน, โดยปริยายหมายความว่า ข้อความที่กล่าวขึ้นในปัจจุบันโดยมิได้เตรียมตัวมาก่อน เช่น พูดกลอนสด.
กลอนสด	๒๕๕๔	กลอนที่ผูกและกล่าวขึ้นในปัจจุบันโดยไม่ได้คิดมาก่อน, โดยปริยายหมายความว่า ข้อความที่กล่าวขึ้นในปัจจุบันโดยมิได้เตรียมตัวมาก่อน เช่น พูดกลอนสด.
กลอนสวด	๒๕๔๒	น. กลอนที่อ่านเป็นทํานองสวด แต่งเป็นกาพย์ยานี ๑๑ หรือ กาพย์ฉบัง ๑๖ และกาพย์สุรางคนางค์ ๒๘ ข้อความที่แต่งมักเป็นเรื่องในศาสนา.
กลอนสวด	๒๕๕๔	กลอนที่อ่านเป็นทำนองสวด แต่งเป็นกาพย์ยานี ๑๑ หรือ กาพย์ฉบัง ๑๖ และกาพย์สุรางคนางค์ ๒๘ ข้อความที่แต่งมักเป็นเรื่องในศาสนา.
กลอนสุภาพ	๒๕๔๒	น. กลอนเพลงยาว บางครั้งเรียกว่า กลอนตลาด.
กลอนสุภาพ	๒๕๕๔	กลอนเพลงยาว บางครั้งเรียกว่า กลอนตลาด.
กลอนเพลงยาว	๒๕๔๒	น. กลอนที่เขียนขึ้นเพื่อแสดงความรัก หรือเล่าสู่กันฟัง เป็นต้น ขึ้นต้นด้วยวรรครับหรือวรรคที่ ๒ ของบท.
กลอนเพลงยาว	๒๕๕๔	กลอนที่เขียนขึ้นเพื่อแสดงความรัก หรือเล่าสู่กันฟัง เป็นต้น ขึ้นต้นด้วยวรรครับหรือวรรคที่ ๒ ของบท.
กลอย	๒๕๔๒	[กฺลอย] น. ชื่อไม้เถามีหนามชนิด Dioscorea hispida Dennst. ในวงศ์ Dioscoreaceae มีหัวกลมใหญ่อยู่ใต้ดิน ใบเป็นใบประกอบ มีใบย่อย ๓ ใบ หัวดิบมีพิษเบื่อเมา แต่เมื่อฝานแช่นํ้าไหลและนํามานึ่งหรือต้มให้สุกแล้วกินได้.
กลอย	๒๕๕๔	ชื่อไม้เถามีหนามชนิด Dioscorea hispida Dennst. ในวงศ์ Dioscoreaceae มีหัวกลมใหญ่อยู่ใต้ดิน ใบเป็นใบประกอบ มีใบย่อย ๓ ใบ หัวดิบมีพิษเบื่อเมา แต่เมื่อฝานแช่นํ้าไหลและนำมานึ่งหรือต้มให้สุกแล้วกินได้.
กลอักษร	๒๕๔๒	[กน-, กนละ-] น. ชื่อเพลงยาวกลบทที่ซ่อนเงื่อนไว้ให้อ่านฉงน ตัวอย่างว่า โอ้อกเอ๋ยแสนวิตก กระไรเลยระกําใจ จะจากไกลไม่เคย ให้อ่านว่า โอ้อกเอ๋ยแสนวิตกโอ้อกเอ๋ย กระไรเลยระกำใจกระไรเลย จะจากไกลไม่เคยจะจากไกล. (กลอักษรงูกลืนหาง). (จารึกวัดโพธิ์).
กลอักษร	๒๕๕๔	กลบทที่ซ่อนเงื่อนไว้ให้อ่านฉงน ตัวอย่างว่า โอ้อกเอ๋ยแสนวิตก กระไรเลยระกำใจ จะจากไกลไม่เคย ให้อ่านว่า โอ้อกเอ๋ยแสนวิตกโอ้อกเอ๋ย กระไรเลยระกำใจกระไรเลย จะจากไกลไม่เคยจะจากไกล. (กลอักษรงูกลืนหาง).
กลอุปกรณ์	๒๕๔๒	[กนอุปะกอน, กนอุบปะกอน] น. อุปกรณ์เชิงกลที่ออกแบบหรือผลิตขึ้นเพื่อใช้ในกิจการอย่างใดอย่างหนึ่ง.
กลอุปกรณ์	๒๕๕๔	อุปกรณ์เชิงกลที่ออกแบบหรือผลิตขึ้นเพื่อใช้ในกิจการอย่างใดอย่างหนึ่ง.
กลัก	๒๕๔๒	[กฺลัก] น. สิ่งที่ทําเป็นรูปคล้ายกระบอกสําหรับบรรจุของเล็ก&#160;ๆ น้อย&#160;ๆ หรือของขนาดเล็ก มีฝาสวมปาก เช่น กลักพริก กลักเกลือ, ซองยาสูบทําด้วยเมล็ดตาล มีฝาสวมปาก, สิ่งที่ทําเป็นรูปสี่เหลี่ยมผืนผ้าขนาดเล็ก มีลิ้นชักเข้าออกได้ สําหรับบรรจุไม้ขีดไฟ เรียกว่า กลักไม้ขีดไฟ, กล่องไม้ขีดไฟ ก็เรียก.
กลัก	๒๕๕๔	สิ่งที่ทำเป็นรูปคล้ายกระบอกสำหรับบรรจุของเล็กๆ น้อยๆ หรือของขนาดเล็ก มีฝาสวมปาก เช่น กลักพริก กลักเกลือ, ซองยาสูบทำด้วยเมล็ดตาล มีฝาสวมปาก, สิ่งที่ทำเป็นรูปสี่เหลี่ยมผืนผ้าขนาดเล็ก มีลิ้นชักเข้าออกได้ สำหรับบรรจุไม้ขีดไฟ เรียกว่า กลักไม้ขีดไฟ, กล่องไม้ขีดไฟ ก็เรียก.
กลัง	๒๕๔๒	[กฺลัง] (โบ) น. คลัง คือ ไม้กระบอกที่ร้อยโซ่หรือเชือกสําหรับล่ามสัตว์. (สุธน).
กลัง	๒๕๕๔	คลัง คือ ไม้กระบอกที่ร้อยโซ่หรือเชือกสำหรับล่ามนักโทษ สัตว์ หรือเรือ.
กลัด	๒๕๔๒	[กฺลัด] น. สวะที่ติดขวางคลองแน่นอยู่.<2t>ก. เสียบขัดไว้ให้อยู่ด้วยของแหลม เช่น กลัดไม้กลัด กลัดเข็มกลัด; โดยปริยายเรียกอาการที่สิ่งบางอย่างคั่งอยู่ข้างใน เช่น กลัดหนอง.
กลัด	๒๕๕๔	สวะที่ติดขวางคลองแน่นอยู่.
กลัดกลุ้ม	๒๕๔๒	ก. ขัดข้องกลุ้มอยู่ในอก.
กลัดกลุ้ม	๒๕๕๔	ขัดข้องกลุ้มอยู่ในอก.
กลัดมัน	๒๕๔๒	ว. มีความรู้สึกในทางกามารมณ์อย่างรุนแรง.
กลัดมัน	๒๕๕๔	มีความรู้สึกในทางกามารมณ์อย่างรุนแรง.
กลันทก์	๒๕๕๔	กระแต, กระรอก.
กลันทะ	๒๕๔๒	[กะลันทะ] (แบบ) น. กระแต, กระรอก. (ป. กลนฺท, กลนฺทก; ส. กลนฺทก, กลนฺตก).
กลันทะ	๒๕๕๔	กระแต, กระรอก.
กลับ	๒๕๔๒	[กฺลับ] ก. ตรงกันข้ามกับภาวะเดิมหรือทิศทางเดิม เช่น กลับหน้าเป็นหลัง กลับบ้าน, คืนมาสู่ภาวะเดิม เช่น กลับมีอีก, พลิกหน้าเป็นหลัง เช่น กลับปลา, เปลี่ยน เช่น กลับชาติ กลับใจ, ทําตรงกันข้ามกับที่คาดหมายหรือที่ควรจะเป็น เช่น เราพูดด้วยดี&#160;ๆ เขากลับด่าเอา.
กลับ	๒๕๕๔	ตรงกันข้ามกับภาวะเดิมหรือทิศทางเดิม เช่น กลับหน้าเป็นหลัง กลับบ้าน, เปลี่ยนเป็นตรงกันข้าม เช่น นึกว่าเป็นคนดี กลับเป็นคนร้าย, คืนมาสู่ภาวะเดิม เช่น กลับมีอีก, พลิกหน้าเป็นหลัง เช่น กลับปลา, เปลี่ยน เช่น กลับชาติ กลับใจ, ทำตรงกันข้ามกับที่คาดหมายหรือที่ควรจะเป็น เช่น เราพูดด้วยดีๆ เขากลับ ด่าเอา.
กลับกลอก	๒๕๔๒	ก. ไม่อยู่กับร่องกับรอย, พลิกแพลง, (ใช้แก่กริยาพูด) เช่น พูดจากลับกลอก, กลอกกลับ ก็ว่า.
กลับกลอก	๒๕๕๔	เปลี่ยนไปมาเชื่อถือไม่ได้ เช่น พูดจากลับกลอก, กลอกกลับ ก็ว่า.
กลับกลาย	๒๕๔๒	ก. เปลี่ยนแปลงเป็นอย่างอื่นไป.
กลับกลาย	๒๕๕๔	เปลี่ยนแปลงเป็นอย่างอื่นไป.
กลับคำ	๒๕๔๒	ก. พูดแล้วไม่เป็นตามพูด, ไม่ทำตามที่พูดไว้, พูดแล้วเปลี่ยนคำพูด.
กลับคำ	๒๕๕๔	พูดแล้วไม่เป็นตามพูด, ไม่ทำตามที่พูดไว้, พูดแล้วเปลี่ยนคำพูด.
กลับคืน	๒๕๔๒	ก. กลับที่เดิม, สู่สภาพเดิม.
กลับคืน	๒๕๕๔	กลับที่เดิม, สู่สภาพเดิม.
กลับตาลปัตร	๒๕๔๒	[กฺลับตาละปัด] ว. ผิดความคาดหมายอย่างตรงกันข้ามแบบพลิกหน้ามือเป็นหลังมือ.
กลับตาลปัตร	๒๕๕๔	ผิดความคาดหมายอย่างตรงกันข้ามแบบพลิกหน้ามือเป็นหลังมือ.
กลับบ้านเก่า	๒๕๕๔	ตาย เช่น เมื่ออาทิตย์ที่แล้วเขายังมาทำบุญที่วัด วันนี้กลับบ้านเก่าไปเสียแล้ว.
กลับมาตายรัง	๒๕๕๔	ในที่สุดก็ต้องหวนกลับมาอยู่กับครอบครัวตามเดิม (ใช้แก่สามี) เช่น เขาไปไหนไม่รอด ต้องกลับมาตายรัง.
กลับลำ	๒๕๕๔	เปลี่ยนความคิด เช่น เมื่อวานเขาให้สัมภาษณ์ว่าจะไม่ยอมให้มีวันหยุดชดเชย วันนี้กลับลำอนุญาตให้มีตามเดิมแล้ว.
กลับหน้ามือเป็นหลังมือ	๒๕๔๒	(สํา) ก. เปลี่ยนแปลงหรือทําให้ผิดไปจากเดิมอย่างตรงกันข้าม, พลิกหน้ามือเป็นหลังมือ ก็ว่า.
กลับหน้ามือเป็นหลังมือ	๒๕๕๔	เปลี่ยนแปลงหรือทำให้ผิดไปจากเดิมอย่างตรงกันข้าม, พลิกหน้ามือเป็นหลังมือ ก็ว่า.
กลับหลังหัน	๒๕๕๔	หมุนตัวกลับให้ด้านหลังไปอยู่แทนในตำแหน่งด้านหน้า.
กลับเกลือก	๒๕๔๒	ว. กลอกขึ้นกลอกลง (ใช้แก่ตา), กระลับกระเลือก ก็ว่า.
กลับเกลือก	๒๕๕๔	กลอกขึ้นกลอกลง (ใช้แก่ตา), กระลับกระเลือก ก็ว่า.
กลับเนื้อกลับตัว	๒๕๔๒	(สํา) ก. เลิกทําความชั่วหันมาทําความดี.
กลับเนื้อกลับตัว	๒๕๕๔	เลิกทำความชั่วหันมาทำความดี.
กลับไปกลับมา	๒๕๔๒	ก. กลับกลอก, พลิกแพลง, ไม่แน่นอน.
กลับไปกลับมา	๒๕๕๔	พลิกแพลง, ไม่แน่นอน.
กลัมพก	๒๕๔๒	[กะลํา-] (แบบ) น. ผักบุ้ง เช่น ประเทศที่ตํ่านํ้าลึกล้วนเหล่ากลัมพัก พ่านทอดยอดยาวสล้างสลอน. (ม. ร. ๔ มหาพน). (ป., ส. กลมฺพก).
กลัมพก	๒๕๕๔	ผักบุ้ง เช่น ประเทศที่ตํ่านํ้าลึกล้วนเหล่ากลัมพัก พ่านทอดยอดยาวสล้างสลอน (ม. ร. ๔ มหาพน).
กลัมพร	๒๕๔๒	[กะลําพอน] (แบบ) น. โทษใหญ่, ความฉิบหาย, เช่น มาทํากลัมพรภัย. (เสือโค), อันจ่อมกลัมพรภัย. (สมุทรโฆษ), ในบทกลอนโดยมากใช้แผลงเป็น กระลําพร หรือ กระลํา ก็มี.
กลัมพร	๒๕๕๔	โทษใหญ่, ความฉิบหาย, เช่น มาทำกลัมพรภัย (เสือโค), อันจ่อมกลัมพรภัย (สมุทรโฆษ), ในบทกลอนโดยมากใช้แผลงเป็น กะลำพร กระลำพร หรือ กระลำ ก็มี.
กลัมพัก	๒๕๕๔	ผักบุ้ง เช่น ประเทศที่ตํ่านํ้าลึกล้วนเหล่ากลัมพัก พ่านทอดยอดยาวสล้างสลอน (ม. ร. ๔ มหาพน).
กลัว	๒๕๔๒	[กฺลัว] ก. รู้สึกไม่อยากประสบสิ่งที่ไม่ดีแก่ตัว เช่น กลัวบาป กลัวถูกติเตียน, รู้สึกหวาดเพราะคาดว่าจะประสบภัย เช่น กลัวเสือ กลัวไฟไหม้.
กลัว	๒๕๕๔	รู้สึกไม่อยากประสบสิ่งที่ไม่ดีแก่ตัว เช่น กลัวบาป กลัวถูกติเตียน, รู้สึกหวาดเพราะคาดว่าจะประสบภัย เช่น กลัวเสือ กลัวไฟไหม้.
กลัวดอกพิกุลจะร่วง	๒๕๕๔	อาการที่นิ่งไม่พูด.
กลัวน้ำ	๒๕๔๒	น. โรคพิษสุนัขบ้า เรียกว่า โรคกลัวนํ้า.
กลัวน้ำ	๒๕๕๔	โรคพิษสุนัขบ้า เรียกว่า โรคกลัวนํ้า. (ดู พิษสุนัขบ้า ที่ พิษ, พิษ-)
กลัวลาน	๒๕๔๒	ก. กลัวจนตั้งสติไม่อยู่.
กลัวลาน	๒๕๕๔	กลัวจนตั้งสติไม่อยู่.
กลั่น	๒๕๔๒	[กฺลั่น] ก. คัดเอาแต่ส่วนหรือสิ่งที่สําคัญหรือที่เป็นเนื้อแท้ด้วยวิธีต้มให้ออกเป็นไอ แล้วใช้ความเย็นบังคับให้เป็นของเหลว เช่น กลั่นนํ้า, โดยปริยายหมายความว่า คัดเอา เลือกเอา.
กลั่น	๒๕๕๔	คัดเอาแต่ส่วนหรือสิ่งที่สำคัญหรือที่เป็นเนื้อแท้ด้วยวิธีต้มให้ออกเป็นไอ แล้วใช้ความเย็นบังคับให้เป็นของเหลว เช่น กลั่นนํ้า เรียกน้ำที่ได้จากกรรมวิธีเช่นนั้น ว่า น้ำกลั่น, โดยปริยายหมายความว่า คัดเอา เลือกเอา.
กลั่นกรอง	๒๕๔๒	ก. คัดเลือกเอาแต่สิ่งที่เห็นว่าดีที่สุด, พิจารณาอย่างถี่ถ้วนรอบคอบ.
กลั่นกรอง	๒๕๕๔	คัดเลือกเอาแต่สิ่งที่เห็นว่าดีที่สุด, พิจารณาอย่างถี่ถ้วนรอบคอบ.
กลั่นแกล้ง	๒๕๔๒	ก. หาความไม่ดีใส่ให้, หาอุบายให้ร้ายโดยวิธีต่าง&#160;ๆ, แกล้งใส่ความ.
กลั่นแกล้ง	๒๕๕๔	หาความไม่ดีใส่ให้, หาอุบายให้ร้ายโดยวิธีต่างๆ, แกล้งใส่ความ.
กลั้น	๒๕๔๒	[กฺลั้น] ก. บังคับความรู้สึกหรือสิ่งที่อยู่ภายในร่างกายไม่ให้แสดงออกหรือหลุดออกมา.
กลั้น	๒๕๕๔	บังคับความรู้สึกหรือสิ่งที่อยู่ภายในร่างกายไม่ให้แสดงออกหรือหลุดออกมา เช่น กลั้นโทสะ กลั้นปัสสาวะ.
กลั้นใจ	๒๕๔๒	ก. อั้นลมหายใจ.
กลั้นใจ	๒๕๕๔	อั้นลมหายใจ.
กลั้ว	๒๕๔๒	[กฺลั้ว] ก. เอานํ้าหรือของเหลวเข้าไปสัมผัสพอให้ชุ่ม.
กลั้ว	๒๕๕๔	เอานํ้าหรือของเหลวแต่น้อยเข้าไปสัมผัสพอให้ชุ่มเป็นต้น.
กลั้วคอ	๒๕๔๒	ก. ดื่มนํ้าแต่น้อย&#160;ๆ พอให้ชุ่มคอ.
กลั้วคอ	๒๕๕๔	ดื่มแต่น้อย พอให้ชุ่มคอ.
กลั้วเกลี้ย	๒๕๔๒	ก. คลุกคลี.<2t>ว. มีเล็กน้อยไม่ถึงกับมากทีเดียว, พอมีอยู่บ้าง, จวนหมด, หวุดหวิด, เช่น นํ้ากลั้วเกลี้ยคลอง แกงมีนํ้ากลั้วเกลี้ย; พอเป็นไปได้, พอประทังไปได้.
กลั้วเกลี้ย	๒๕๕๔	คลุกคลี.
กลา	๒๕๔๒	[กะลา] (แบบ) น. เสี้ยวที่ ๑๖ แห่งดวงเดือน, ดวงเดือน; ระเบียบพิธีของการบูชา เช่น ไปคํานับศาลสุรากลากิจ. (อภัย), ใช้ว่า กระลา ก็มี. (ป., ส.).
กลา	๒๕๕๔	เสี้ยวที่ ๑๖ แห่งดวงเดือน, ดวงเดือน
กลาก	๒๕๔๒	[กฺลาก] น. ชื่อโรคผิวหนังอย่างหนึ่ง มีหลายชนิด เกิดจากเชื้อราขึ้นเป็นวง มีอาการคัน, ขี้กลาก ก็ว่า, (ราชา) โรคดวงเดือน.
กลาก	๒๕๕๔	ชื่อโรคผิวหนังอย่างหนึ่ง มีหลายชนิด เกิดจากเชื้อรา ขึ้นเป็นวง มีอาการคัน, ขี้กลาก ก็ว่า.
กลากลาด	๒๕๔๒	[กฺลากฺลาด] (กลอน) ว. มากหลาย, เกลื่อนกล่น, เช่น มากลากลาดกันแดน. (ลอ).
กลากลาด	๒๕๕๔	มากหลาย, เกลื่อนกล่น, เช่น มากลากลาดกันแดน
กลาง	๒๕๔๒	[กฺลาง] น. ส่วนที่ไม่ค่อนไปข้างใดข้างหนึ่ง, โดยปริยายหมายความว่า ในที่หรือเวลาระหว่าง เช่น กลางฝน; ที่รวม, ที่รวมกิจการงานที่มีสาขาย่อยออกไป, เช่น สํานักงานกลาง ไปรษณีย์กลาง.
กลาง	๒๕๕๔	ส่วนที่ไม่ค่อนไปข้างใดข้างหนึ่ง, โดยปริยายหมายความว่า ในที่หรือเวลาระหว่าง เช่น กลางฝน กลางทาง
กลางคน	๒๕๔๒	ว. มีอายุพ้นวัยหนุ่มสาว แต่ยังไม่แก่.
กลางคน	๒๕๕๔	มีอายุพ้นวัยหนุ่มสาว แต่ยังไม่แก่.
กลางคัน	๒๕๔๒	ว. ในระหว่างเหตุการณ์, ในระหว่างที่ยังไม่เสร็จ.
กลางคัน	๒๕๕๔	ในระหว่างเหตุการณ์, ในระหว่างที่ยังไม่เสร็จ.
กลางคืน	๒๕๔๒	น. ระยะเวลาตั้งแต่ยํ่าคํ่าถึงยํ่ารุ่ง, (กฎ) เวลาระหว่างพระอาทิตย์ตกกับพระอาทิตย์ขึ้น.
กลางคืน	๒๕๕๔	ระยะเวลาตั้งแต่ยํ่าคํ่าถึงยํ่ารุ่ง, (กฎ) เวลาระหว่างพระอาทิตย์ตกกับพระอาทิตย์ขึ้น.
กลางค่ำ	๒๕๔๒	(โบ; กลอน) น. เวลากลางคืน, ใช้เข้าคู่กับคํา กลางคืน เป็น กลางคํ่ากลางคืน. (ดู คํ่า).
กลางค่ำ	๒๕๕๔	เวลากลางคืน, ใช้เข้าคู่กับคำ กลางคืน เป็น กลางคํ่ากลางคืน. (ดู คํ่า).
กลางช้าง	๒๕๔๒	น. ตําแหน่งพนักงานประจํากลางหลังช้าง.
กลางช้าง	๒๕๕๔	ตำแหน่งเจ้าพนักงานประจำปืนใหญ่บนสัปคับที่ตั้งกลางหลังช้าง, ขุนนางซึ่งนั่งประจำที่บนสัปคับที่ตั้งกลางหลังช้างพระที่นั่ง คอยรับพระราชดำรัสสั่งให้สัญญาณแก่ไพร่พลเพื่อให้รุก รับ หรือถอย และส่งศาสตราวุธถวายพระเจ้าอยู่หัวเมื่อประทับตรงคอช้าง.
กลางดิน	๒๕๔๒	น. นอกที่มุงที่บัง เช่น นอนกลางดินกินกลางทราย.
กลางดิน	๒๕๕๔	นอกที่มุงที่บัง เช่น ของตกอยู่กลางดิน.
กลางดึก	๒๕๔๒	น. เวลากลางคืนตอนดึก ประมาณตั้งแต่เที่ยงคืนไป.
กลางดึก	๒๕๕๔	เวลากลางคืนตอนดึก ประมาณตั้งแต่เที่ยงคืนไป.
กลางทาสี	๒๕๔๒	(กฎ; โบ) น. เรียกหญิงที่มีทุกข์ยาก ชายช่วยไถ่มาเลี้ยงเป็นเมีย ว่า เมียกลางทาสี. (สามดวง).
กลางทาสี	๒๕๕๔	เรียกหญิงที่มีทุกข์ยาก ชายช่วยไถ่มาเลี้ยงเป็นเมีย ว่า เมียกลางทาสี.
กลางนอก	๒๕๔๒	(กฎ; โบ) น. เรียกหญิงที่ชายสู่ขอมาเลี้ยงเป็นอนุภริยาว่า เมียกลางนอก. (สามดวง).
กลางนอก	๒๕๕๔	เรียกหญิงที่ชายสู่ขอมาเลี้ยงเป็นอนุภรรยาว่า เมียกลางนอก.
กลางบ้าน	๒๕๔๒	ว. ใช้เรียกยาเกร็ดที่ชาวบ้านเชื่อถือกันเองว่า ยากลางบ้าน.
กลางบ้าน	๒๕๕๔	ใช้เรียกยาเกร็ดที่ชาวบ้านเชื่อถือกันเอง ว่า ยากลางบ้าน.
กลางวัน	๒๕๔๒	น. ระยะเวลาตั้งแต่ยํ่ารุ่งถึงยํ่าคํ่า, ระยะเวลาราว&#160;ๆ เที่ยง, เรียกอาหารระหว่างมื้อเช้ากับมื้อเย็นว่า อาหารกลางวัน.
กลางวัน	๒๕๕๔	ระยะเวลาตั้งแต่ยํ่ารุ่งถึงยํ่าคํ่า, ระยะเวลาราวๆ เที่ยง, เรียกอาหารระหว่างมื้อเช้ากับมื้อเย็น ว่า อาหารกลางวัน.
กลางวี่กลางวัน	๒๕๕๔	เวลากลางวัน เช่น อย่าเพิ่งกลับเลย ยังกลางวี่กลางวันอยู่แท้ ๆ.
กลางหาว	๒๕๔๒	น. กลางแจ้ง เช่น รองนํ้าฝนกลางหาว, บนฟ้า เช่น เครื่องบินรบกันกลางหาว.
กลางหาว	๒๕๕๔	กลางแจ้ง, นอกชายคา ในความว่า รองนํ้าฝนกลางหาว, บนฟ้า เช่น เครื่องบินรบกันกลางหาว, กลางเวหา ก็ว่า.
กลางเก่ากลางใหม่	๒๕๔๒	ว. ไม่เก่าไม่ใหม่.
กลางเก่ากลางใหม่	๒๕๕๔	ไม่เก่าไม่ใหม่.
กลางเดือน	๒๕๔๒	น. วันเพ็ญ เช่น กลางเดือน ๖.
กลางเดือน	๒๕๕๔	วันเพ็ญหรือวันขึ้น ๑๕ ค่ำของเดือนทางจันทรคติหรือวันที่ ๑๕ ของเดือนทางจันทรคติ เช่น กลางเดือน ๖.
กลางเมือง	๒๕๔๒	น. ประชาชน ในคําว่า ฉ้อกลางเมือง หมายถึง ฉ้อโกงประชาชน; การรบกันเองในเมือง เรียกว่า ศึกกลางเมือง; (กฎ; โบ) เรียกหญิงที่บิดามารดายินยอมยกให้เป็นภริยาชายว่า เมียกลางเมือง. (สามดวง).
กลางเมือง	๒๕๕๔	ประชาชน ในคำว่า ฉ้อกลางเมือง หมายถึง ฉ้อโกงประชาชน
กลางเวหา	๒๕๕๔	บนฟ้า เช่น เครื่องบินรบกันกลางเวหา.
กลางแจ้ง	๒๕๔๒	น. นอกร่มไม้ชายคา.
กลางแจ้ง	๒๕๕๔	นอกร่มไม้ชายคา.
กลางแปลง	๒๕๔๒	ว. ที่แสดงหรือเล่นเป็นต้นในที่แจ้ง เช่น โขนกลางแปลง หนังกลางแปลง คล้องช้างกลางแปลง.
กลางแปลง	๒๕๕๔	ที่แสดงหรือเล่นเป็นต้นในที่แจ้ง เช่น โขนกลางแปลง หนังกลางแปลง คล้องช้างกลางแปลง.
กลางใจมือ	๒๕๔๒	น. อุ้งมือ
กลางใจมือ	๒๕๕๔	กลางฝ่ามือ.
กลาด	๒๕๔๒	[กฺลาด] ว. ดาษดื่น, ใช้เข้าคู่กับคํา เกลื่อน เป็น เกลื่อนกลาด หรือ กลาดเกลื่อน.
กลาด	๒๕๕๔	ดาษดื่น, ใช้เข้าคู่กับคำ เกลื่อน เป็น เกลื่อนกลาด หรือ กลาดเกลื่อน.
กลาดเกลื่อน	๒๕๔๒	[กฺลาด-] ว. ดาษดื่น, เรี่ยรายอยู่มาก, เกลื่อนกลาด ก็ว่า.
กลาดเกลื่อน	๒๕๕๔	ดาษดื่น, เรี่ยรายหรือกระจัดกระจายอยู่ทั่วไป, เกลื่อนกลาด ก็ว่า.
กลาบาต	๒๕๔๒	[กะลาบาด] น. พวกนั่งยามตามไฟ, การตามไฟรักษายาม; ก้อนที่มีแสงซึ่งตกจากอากาศลงมาสู่ผิวโลก ถือว่าเป็นลางบอกเหตุร้าย, อุกกาบาต ก็เรียก. (บางทีจะเป็นคําตัดมาจาก &#147;อุกลาบาต&#148; ดู อุกกา).
กลาบาต	๒๕๕๔	เทหวัตถุแข็งจากอวกาศตกลงมาสู่ผิวโลก เมื่อเคลื่อนที่ผ่านบรรยากาศสู่ผิวโลก จะลุกไหม้ให้แสงสว่างจ้าเนื่องจากเสียดสีกับอากาศ ถือว่าเป็นลางบอกเหตุร้าย, ผีพุ่งไต้. (กร่อนมาจากคำว่า อุกลาบาต).
กลาป	๒๕๔๒	[กะหฺลาบ] (แบบ) น. หมวด, ฟ่อน, กํา, มัด; ฝูงใหญ่. (ป., ส.).
กลาป	๒๕๕๔	หมวด เช่น รูปที่เกิดจากจิตเป็นสมุฏฐาน มี ๖ กลาป (ปรมัตถธรรมสังเขป จิตตสังเขป และภาคผนวก), ฟ่อน, กำ, มัด
กลาย	๒๕๔๒	[กฺลาย] ก. เปลี่ยนไป, แปรปรวนไป, เช่น หน้าหนาวกลายเป็นหน้าร้อน, เป็นอื่นไป, แปลงไป, เช่น ศรกลายเป็นทิพย์กระยาหาร เปรี้ยวหวานตกลงตรงหน้า. (รามเกียรติ์ ร. ๒), (โบ; กลอน) ใช้ในความว่า กราย ก็มี เช่น ไปกลายบ๋านชองตนกดี. (จารึกสยาม), จักเจริญสวัสดิภาพศักดิศรี ศัตรูไพรี บห่อนจะใกล้กลายตน. (โชค-โบราณ).<2t>ว. ที่แปลงไป เช่น แผลกลาย; เรียกปีที่ล่วงหรือเปลี่ยนไปแล้วปีหนึ่งว่า ปีกลาย.
กลาย	๒๕๕๔	เปลี่ยนไป, แปรปรวนไป, เช่น หน้าหนาวกลายเป็นหน้าร้อน, เป็นอื่นไป, แปลงไป, เช่น ศรกลายเป็นทิพย์กระยาหาร เปรี้ยวหวานตกลงตรงหน้า (รามเกียรติ์ ร. ๒), (โบ; กลอน) ใช้ในความว่า กราย ก็มี เช่น ไปกลายบ๋านชองตนกดี (จารึกสยาม), จักเจริญสวัสดิภาพศักดิศรี ศัตรูไพรี บห่อนจะใกล้กลายตน
กลาย ๆ	๒๕๕๔	ในทำนองนั้น เช่น พูดแบบนี้เป็นการตำหนิกลาย ๆ.
กลายกลอก	๒๕๔๒	[-กฺลอก] ดู กระลายกระหลอก.
กลายกลอก	๒๕๕๔	ดู กระลายกระหลอก.
กลาโหม	๒๕๔๒	[กะลาโหมฺ] น. ชื่อกรมที่ปกครองหัวเมืองฝ่ายใต้ในสมัยโบราณ มีสมุหพระกลาโหมเป็นประธาน; ชื่อกระทรวงที่มีอํานาจหน้าที่เกี่ยวกับการป้องกันและรักษาความมั่นคงของราชอาณาจักรจากภัยคุกคามทั้งภายนอกและภายในประเทศ; การชุมนุมพลรบ.
กลาโหม	๒๕๕๔	ชื่อกรมฝ่ายทหารในสมัยโบราณ คือ กรมพระกลาโหม, ชื่อมหาเสนาบดีฝ่ายทหารในสมัยโบราณ ดำรงฐานะเป็นสมุหพระกลาโหม
กลิงค์	๒๕๔๒	[กะลิง] น. เรียกชาวอินเดียใต้พวกหนึ่งที่มีผิวดําว่า แขกกลิงค์, กลึงค์ หรือ กะเล็ง ก็ว่า. (คํานี้เดิมหมายถึงชาวอินเดียที่มาจากแคว้นกลิงคราษฎร์).
กลิงค์	๒๕๕๔	เรียกชาวอินเดียใต้พวกหนึ่งที่มีผิวดำ ว่า แขกกลิงค์, กลึงค์ หรือ กะเล็ง ก็ว่า.
กลิ่ง	๒๕๔๒	[กฺลิ่ง] (โบ; กลอน) ก. เลือกสรร เช่น แลพี่แกล้งกลิ่งให้แล้ว. (ม. คําหลวง ทศพร).
กลิ่ง	๒๕๕๔	เลือกสรร เช่น อันว่าพระพรใดทงงผองสิบสิ่ง แลพี่แกล้งกลิ่งให้แล้ว (ม. คำหลวง ทศพร).
กลิ่น	๒๕๔๒	[กฺลิ่น] น. สิ่งที่รู้ได้ด้วยจมูก คือ เหม็น หอม และอื่น&#160;ๆ, บางทีใช้หมายความว่า เหม็น เช่น ของสิ่งนั้นมีกลิ่น.
กลิ่น	๒๕๕๔	สิ่งที่รู้ได้ด้วยจมูก คือ เหม็น หอม และอื่นๆ, บางทีใช้หมายความว่า เหม็น เช่น แกงหม้อนี้เริ่มมีกลิ่น, โดยปริยายหมายความว่า ลักษณะไม่น่าไว้วางใจ เช่น เรื่องนี้ชักมีกลิ่น การประมูลครั้งนี้เริ่มส่งกลิ่น.
กลิ่นอาย	๒๕๔๒	น. กลิ่น. (เป็นคําที่มีความหมายซํ้า อาย ก็ว่า กลิ่น).
กลิ่นอาย	๒๕๕๔	กลิ่น.
กลิ้ง	๒๕๔๒	[กฺลิ้ง] ก. อาการอย่างของกลมพลิกเลื่อนไปตามพื้น เช่น ซุงกลิ้ง ครกกลิ้ง ลูกหินกลิ้ง, ทําให้ของกลมพลิกเลื่อนไปตามพื้น เช่น กลิ้งครก กลิ้งซุง กลิ้งลูกหิน; โดยปริยายหมายความว่า คล่อง, ไม่มีติด, เช่น คนคนนี้กลิ้งได้รอบตัว.<2t>(โบ) น. ร่ม เช่น เมลืองมล่านกลิ้งเพรื้อม เพรอศพราย. (ยวนพ่าย). (มลายู giling ว่า กลิ้ง, คลึง, มวน).
กลิ้ง	๒๕๕๔	อาการอย่างของกลมพลิกเลื่อนไปตามพื้น เช่น ซุงกลิ้ง ครกกลิ้ง ลูกหินกลิ้ง, ทำให้ของกลมพลิกเลื่อนไปตามพื้น เช่น กลิ้งครก กลิ้งซุง กลิ้งลูกหิน
กลิ้งกลอก	๒๕๔๒	ก. กลับไปกลับมาเอาแน่ไม่ได้.
กลิ้งกลอก	๒๕๕๔	กลับไปกลับมาเอาแน่ไม่ได้, กลอกกลิ้ง ก็ว่า.
กลิ้งกลางดง	๒๕๔๒	[กฺลิ้งกฺลาง-] น. ชื่อไม้เถาชนิดหนึ่งในสกุล Dioscorea วงศ์ Dioscoreaceae ตามง่ามใบมีหัวกลมขรุขระ.
กลิ้งกลางดง	๒๕๕๔	ชื่อไม้เถาชนิด Dioscorea bulbiferaL. ในวงศ์ Dioscoreaceae ตามง่ามใบมีหัวกลมขรุขระ, ว่านพระฉิม ก็เรียก.
กลิ้งเกลือก	๒๕๔๒	ก. พยายามกระเสือกกระสนไปตามมีตามได้ เช่น ยากจนก็กลิ้งเกลือกไปตามบุญตามกรรมไม่ขอพึ่งใคร, เกลือกกลิ้ง ก็ใช้.
กลิ้งเกลือก	๒๕๕๔	พยายามช่วยตัวเองเท่าที่จะทำได้ เช่น ยากจนก็กลิ้งเกลือกไปตามบุญตามกรรมไม่ขอพึ่งใคร, เกลือกกลิ้ง ก็ว่า.
กลิ้งเป็นลูกมะนาว	๒๕๔๒	(สํา) ว. หลบหลีกไปได้คล่องจนจับไม่ติด (มักใช้ในทางไม่ดี), กลมเป็นลูกมะนาว ก็ว่า.
กลิ้งเป็นลูกมะนาว	๒๕๕๔	หลบหลีกไปได้คล่องจนจับไม่ติด (มักใช้ในทางไม่ดี).
กลิ้ม	๒๕๔๒	[กฺลิ้ม] ก. เล็มหน้าผ้า, เย็บหน้าผ้าให้เป็นตะเข็บเพื่อมิให้ชายผ้าหลุดออก.
กลิ้ม	๒๕๕๔	เล็มหน้าผ้า, เย็บหน้าผ้าให้เป็นตะเข็บเพื่อมิให้ชายผ้าหลุดออก.
กลี	๒๕๔๒	[กะลี] น. สิ่งร้าย, โทษ; เรียกโรคห่าที่เป็นแก่สัตว์เลี้ยงเช่นเป็ด ไก่ วัว ควาย; ด้านของลูกสกาที่มีแต้มเดียว คือมีแต่ทางแพ้; ชื่อผีร้ายหรือผีการพนันตามคติของพราหมณ์.<2t>ว. ร้าย, ไม่เป็นมงคล, มักใช้ว่า กาลี. (ป., ส. กลิ).
กลี	๒๕๕๔	สิ่งร้าย, โทษ
กลีบ	๒๕๔๒	[กฺลีบ] น. ส่วนของดอกไม้ที่เรียงหรือซ้อนกันเป็นชั้น&#160;ๆ รอบเกสร โดยปรกติเป็นแผ่นบาง&#160;ๆ, ใช้เรียกของอื่นที่มีลักษณะเช่นนั้น เช่น กลีบตา กลีบผ้า กลีบเมฆ.
กลีบ	๒๕๕๔	ส่วนของสิ่งเช่นดอกไม้ ผลไม้ที่เรียงชิดกันหรือซ้อนกัน เช่น กลีบดอก กลีบมะเฟือง กลีบกระเทียม, ใช้เรียกของอื่นที่มีลักษณะเช่นนั้น เช่น กลีบตา กลีบผ้า กลีบเมฆ
กลีบขนุน	๒๕๕๔	ดู กาบขนุน.
กลีบตา	๒๕๔๒	น. เปลือกตา.
กลีบตา	๒๕๕๔	ส่วนที่เป็นรอยพับของเปลือกตา.
กลีบบัว	๒๕๔๒	น. เรียกพานที่ริมปากทําเป็นรูปกลีบบัวโดยรอบว่า พานกลีบบัว.
กลีบบัว	๒๕๕๔	เรียกพานที่ริมปากทำเป็นรูปกลีบบัวโดยรอบ ว่า พานกลีบบัว.
กลีบมะเฟือง	๒๕๕๔	ชื่อเรียกกระเพาะอาหารกระเพาะที่ ๔ ของสัตว์เคี้ยวเอื้องเช่นวัวควาย เยื่อบุภายในมีลักษณะเป็นกลีบห่าง ๆ คล้ายกลีบมะเฟือง.
กลีบลำดวน	๒๕๕๔	ชื่อขนมชนิดหนึ่ง ทำด้วยแป้งสาลีเคล้าน้ำตาลกับน้ำมัน ปั้นเป็นดอก ๓ กลีบอย่างดอกลำดวน แล้วอบหรือผิง, ดอกลำดวน ก็เรียก
กลีบสละ	๒๕๕๔	ชื่อขนมชนิดหนึ่ง คล้ายขนมผิง ทำด้วยแป้ง ไข่ น้ำตาลทราย ลักษณะยาวรีเหมือนกลีบผลสละ.
กลีบหิน	๒๕๔๒	น. แร่ไมกา. (ดู ไมกา).
กลีบหิน	๒๕๕๔	แร่ไมกา. (ดู ไมกา).
กลีบเดียวกระเทียมโทน	๒๕๕๔	ตัวคนเดียวแต่เก่งกล้าสามารถ, มักใช้เข้าคู่กับ หัวเดียวกระเทียมลีบ เป็น หัวเดียวกระเทียมลีบ กลีบเดียวกระเทียมโทน.
กลียุค	๒๕๔๒	[กะลี-] น. ชื่อยุคที่ ๔ ของจตุรยุคตามคติของพราหมณ์ ในยุคนี้ธรรมะของมนุษย์ลดลงเหลือเพียง ๑ ใน ๔ ส่วน เมื่อเทียบกับในสมัยกฤดายุค และอายุของมนุษย์ก็สั้นลงโดยไม่มีกำหนดเวลาแน่นอน. (ป., ส. กลิยุค). (ดู จตุรยุค).
กลียุค	๒๕๕๔	ชื่อยุคที่ ๔ ของจตุรยุคตามคติของพราหมณ์ ในยุคนี้ธรรมะของมนุษย์ลดลงเหลือเพียง ๑ ใน ๔ ส่วน เมื่อเทียบกับในสมัยกฤดายุค และอายุของมนุษย์ก็สั้นลงโดยไม่มีกำหนดเวลาแน่นอน (ดู จตุรยุค),ช่วงเวลาที่มีแต่ความรุนแรงเลวร้ายเกิดขึ้น .
กลียุคศักราช	๒๕๔๒	น. ศักราชที่เริ่มตั้งก่อนพุทธศักราช ๒๕๕๘ ปี (กลียุคศักราชลบด้วย ๒๕๕๘ เท่ากับพุทธศักราช).
กลียุคศักราช	๒๕๕๔	ศักราชที่เริ่มตั้งก่อนพุทธศักราช ๒๕๕๘ ปี (กลียุคศักราชลบด้วย ๒๕๕๘ เท่ากับพุทธศักราช).
กลี่	๒๕๔๒	[กฺลี่] น. ภาชนะสําหรับใส่หมากบุหรี่ โดยมากมีรูปสี่เหลี่ยมผืนผ้า มีลิ้นข้างใน ยกออกได้.
กลี่	๒๕๕๔	ภาชนะขนาดเล็กสำหรับใส่หมากบุหรี่ โดยมากมีรูปสี่เหลี่ยมผืนผ้า มีฝาสวมเข้ากับลิ้นข้างใน.
กลึง	๒๕๔๒	[กฺลึง] ก. ทําให้กลมหรือให้เป็นรูปต่าง&#160;ๆ ด้วยเครื่องหมุน.
กลึง	๒๕๕๔	ทำให้เป็นรูปทรงกลม รูปทรงกระบอก หรือรูปทรงต่าง ๆ โดยทำให้วัตถุที่จะกลึงนั้นหมุนรอบตัว แล้วสกัดด้วยสิ่วเอาส่วนย่อยออกให้คงไว้แต่รูปทรงที่ต้องการ.
กลึงกล่อม	๒๕๔๒	[-กฺล่อม] น. ชื่อไม้พุ่มกึ่งไม้ต้นชนิด Polyalthia suberosa (Roxb.) Thwaites ในวงศ์ Annonaceae ใบเดี่ยว เรียงสลับ ดอกเดี่ยว กลีบเลี้ยงด้านบนมีขน กลีบดอกสีเหลืองคล้ำ ผลเป็นกลุ่ม เมื่อสุกสีแดง.
กลึงกล่อม	๒๕๕๔	ชื่อไม้พุ่มกึ่งไม้ต้นชนิด Polyalthia suberosa (Roxb.) Thwaites ในวงศ์ Annonaceae ใบเดี่ยว เรียงสลับ ดอกเดี่ยว กลีบเลี้ยงด้านบนมีขน กลีบดอกสีเหลืองคล้ำ ผลเป็นกลุ่ม เมื่อสุกสีแดง.
กลึงค์	๒๕๔๒	[กะลึง] น. แขกกลิงค์. (ดู กลิงค์).
กลึงค์	๒๕๕๔	แขกกลิงค์. (ดู กลิงค์).
กลึงเกลา	๒๕๔๒	ว. งามเกลี้ยงเกลา, เกลากลึง ก็ว่า.
กลึงเกลา	๒๕๕๔	งามเกลี้ยงเกลา, เกลากลึง ก็ว่า.
กลึ้ง	๒๕๔๒	[กฺลึ้ง] (โบ) น. กลิ้ง คือ ร่ม. (กฎมนเทียรบาลในกฎหมายราชบุรี).
กลึ้ง	๒๕๕๔	กลิ้ง คือ ร่ม เช่น พระภาคยไกรกลึ้งก้งง แผ่นผงร
กลืน	๒๕๔๒	[กฺลืน] ก. อาการที่ทําให้อาหารหรือสิ่งอื่น&#160;ๆ ที่อยู่ในปากล่วงลําคอลงไป, โดยปริยายใช้หมายถึงอาการที่มีลักษณะคล้ายคลึงเช่นนั้น ก็ใช้ว่า กลืน ได้ในความหมายเช่นทําให้หายหรือให้สูญไป เช่น ถูกกลืนชาติ, อดกลั้นไม่สําแดงให้ปรากฏออกมา เช่น กลืนทุกข์ กลืนโศก, ประสานกันหรือเข้ากันได้สนิทดี เช่น สีกลืนกัน.
กลืน	๒๕๕๔	อาการที่ทำให้อาหารหรือสิ่งอื่นๆ ที่อยู่ในปากล่วงลำคอลงไป, โดยปริยายใช้หมายถึงอาการที่มีลักษณะคล้ายคลึงเช่นนั้น ก็ใช้ว่า กลืน ได้ ในความหมายเช่นทำให้หายหรือให้สูญไป เช่น ถูกกลืนชาติ, อดกลั้นไม่สำแดงให้ปรากฏออกมา เช่น กลืนทุกข์ กลืนโศก, ประสานกันหรือเข้ากันได้สนิทดี เช่น สีกลืนกัน.
กลืนน้ำลายตัวเอง	๒๕๕๔	พูดไว้อย่างหนึ่งแล้วกลับพูดแย้งคำที่พูดไว้เดิม เช่น เขาบอกว่าจะลงโทษคนที่ทุจริต พอลูกน้องตนเองทุจริตกลับกลืนน้ำลายตัวเองออกมาปกป้องลูกน้อง.
กลืนเลือด	๒๕๕๔	กล้ำกลืนความเจ็บแค้นอย่างแสนสาหัส เช่น แม้จะแค้นหัวหน้าพวกเขาก็ยอมกลืนเลือด เพราะยังต้องพึ่งพาหัวหน้าคนนี้อยู่.
กลืนไม่ลง	๒๕๕๔	รับไม่ได้.
กลืนไม่เข้าคายไม่ออก	๒๕๔๒	ก. พะอืดพะอม.
กลืนไม่เข้าคายไม่ออก	๒๕๕๔	อาการที่รู้สึกพะอืดพะอมไม่รู้จะเลือกอย่างไรดี.
กลุ่ม	๒๕๔๒	[กฺลุ่ม] น. คน สัตว์ หรือสิ่งต่าง&#160;ๆ ที่รวมกันเป็นหมู่&#160;ๆ หรือเป็นกลุ่มก้อน เช่น กลุ่มคน กลุ่มมด กลุ่มดาว กลุ่มด้าย; อาการที่เข้ามารวมกันเช่นนี้ เรียกว่า จับกลุ่ม; ลักษณนามเรียกของที่เป็นกลุ่ม เช่น ด้าย ๓ กลุ่ม.
กลุ่ม	๒๕๕๔	คน สัตว์ หรือสิ่งต่างๆ ที่รวมกันเป็นหมู่ๆ หรือเป็นกลุ่มก้อน เช่น กลุ่มคน กลุ่มดาว กลุ่มด้าย
กลุ้ม	๒๕๔๒	[กฺลุ้ม] ก. รวมประดังคับคั่ง เช่น พูดกันกลุ้ม, ปกคลุมอยู่ทําให้มืดคลุ้ม เช่น ควันกลุ้ม เมฆกลุ้ม; รู้สึกอัดอั้นยุ่งใจ เช่น คิดไม่ออกกลุ้มเหลือเกิน; ชุลมุน, ขวักไขว่, เช่น วิ่งกันให้กลุ้ม.
กลุ้ม	๒๕๕๔	ปกคลุมอยู่ทำให้มืดคลุ้ม เช่น ควันกลุ้ม หมอกกลุ้ม. ว. ชุลมุน, ขวักไขว่, เช่น วิ่งกันให้กลุ้ม, ประดังกัน ในคำว่า พูดกันให้กลุ้ม.
กลุ้มรุม	๒๕๔๒	ก. ประดังห้อมล้อมเข้ามา.
กลุ้มรุม	๒๕๕๔	ประดังห้อมล้อมเข้ามา.
กลุ้มอกกลุ้มใจ	๒๕๔๒	ก. กลุ้มใจ.
กลุ้มอกกลุ้มใจ	๒๕๕๔	รู้สึกกังวลเป็นทุกข์หรือยุ่งยากใจ.
กลุ้มใจ	๒๕๔๒	ก. รู้สึกรําคาญหรือยุ่งยากใจ ไม่รู้ว่าจะทําอย่างไร.
กลูน	๒๕๔๒	[กะลูน, กะลู] (แบบ) ก. กรุณา เช่น ทุษฐโจรรันทำ กรรมแก่บดีสูร ยศใดบกลูน และมาลักอัครขรรค์. (สมุทรโฆษ).<2t>ว. น่าสงสาร เช่น สลดกลูน์ลุงทรวง. (สุธน). (ป.).
กลูน	๒๕๕๔	กรุณา เช่น ทุษฐโจรรันทำ กรรมแก่บดีสูร ยศใดบกลูน และมาลักอัครขรรค์
กลูน์	๒๕๕๔	กรุณา เช่น ทุษฐโจรรันทำ กรรมแก่บดีสูร ยศใดบกลูน และมาลักอัครขรรค์
กลูโคส	๒๕๔๒	[กฺลู-] (วิทยา) น. นํ้าตาลชนิดหนึ่งประเภทโมโนแซ็กคาไรด์ ชนิดแอลโดเฮ็กโซส ลักษณะเป็นของแข็งสีขาว หลอมละลายที่ ๑๔๖ &#x00b0;ซ. มีในผลองุ่นสุก นํ้าผึ้ง และผลไม้โดยมากที่มีรสหวาน เป็นองค์ประกอบปรกติในเลือด และมีในปัสสาวะของผู้ป่วยเป็นโรคเบาหวาน มีรสหวานน้อยกว่านํ้าตาลทราย, เดกซ์โทรส ก็เรียก. (อ. glucose).
กลูโคส	๒๕๕๔	นํ้าตาลชนิดหนึ่งประเภทโมโนแซ็กคาไรด์ ชนิดแอลโดเฮ็กโซส มีรสหวานน้อยกว่านํ้าตาลทราย ลักษณะเป็นของแข็งสีขาว หลอมละลายที่ ๑๔๖ °ซ. มีในนํ้าผึ้ง และผลไม้ที่มีรสหวาน เป็นองค์ประกอบปรกติในเลือด และมีในปัสสาวะของผู้ป่วยเป็นโรคเบาหวาน, เดกซ์โทรส ก็เรียก.
กลู่	๒๕๔๒	[กฺลู่] (โบ; กลอน) ก. เกลื่อน, ใช้เข้าคู่กับคํา กลาด เช่น โกยกลู่กลาดคือลาญใน. (ม. คําหลวง จุลพน).
กลู่	๒๕๕๔	เกลื่อน, ใช้เข้าคู่กับคำ กลาด เป็น กลู่กลาด เช่น ดอกไม้อันบานโรยโกยกลู่กลาดคือลาญใน (ม. คำหลวง จุลพน).
กลเม็ด	๒๕๔๒	[กนละเม็ด] น. วิธีที่แยบคายหรือพลิกแพลง, กัลเม็ด ก็ว่า.
กลเม็ด	๒๕๕๔	วิธีที่แยบคายหรือพลิกแพลง, กัลเม็ด ก็ว่า.
กลเหย	๒๕๔๒	[กะละ-] (โบ) ก. ระเหย, ซ่านออก.
กลเหย	๒๕๕๔	ระเหย, ซ่านออก.
กลไก	๒๕๔๒	[กน-] น. ตัวจักรต่าง&#160;ๆ, โดยปริยายหมายความว่าบุคคลผู้เป็นเจ้าหน้าที่ปฏิบัติงานในระดับต่าง&#160;ๆ, ระบบหรือองค์การที่บุคคลผู้เป็นเจ้าหน้าที่ในระดับต่าง&#160;ๆ ปฏิบัติงานร่วมกันดุจเครื่องจักร, ระบบที่จะให้งานสําเร็จตามประสงค์, เช่น กลไกการปกครอง; (วิทยา) กระบวนการต่อเนื่องที่ก่อให้เกิดปฏิกิริยา เช่น กลไกการย่อยอาหาร กลไกของการสร้างอาหารของพืชโดยการสังเคราะห์ด้วยแสง. (อ. mechanism).
กลไก	๒๕๕๔	ตัวจักรต่าง ๆ, โดยปริยายหมายความว่าบุคคลผู้เป็นเจ้าหน้าที่ปฏิบัติงานในระดับต่างๆ, ระบบหรือองค์การที่บุคคลผู้เป็นเจ้าหน้าที่ในระดับต่างๆ ปฏิบัติงานร่วมกันดุจเครื่องจักร, ระบบที่จะให้งานสำเร็จตามประสงค์, เช่น กลไกการปกครอง
กลไฟ	๒๕๔๒	[กน-] น. เรียกเรือโดยสารหรือบรรทุกสินค้าที่ใช้ฟืนเป็นต้นเป็นเชื้อเพลิง มีขนาดใหญ่กว่าเรือไฟ นิยมใช้แล่นในท้องทะเลหรือมหาสมุทร ว่า เรือกลไฟ.
กลไฟ	๒๕๕๔	เรียกเรือโดยสารหรือบรรทุกสินค้าที่ใช้ฟืนเป็นต้นเป็นเชื้อเพลิงในการขับเคลื่อน มีขนาดใหญ่กว่าเรือไฟ นิยมใช้แล่นในท้องทะเลหรือมหาสมุทร ว่า เรือกลไฟ.
กล่น	๒๕๔๒	[กฺล่น] ก. เกลื่อนกลาด, ดื่นดาษ, เรี่ยรายอยู่.
กล่น	๒๕๕๔	เกลื่อนกลาด, ดื่นดาษ, เรี่ยรายอยู่.
กล่อง	๒๕๔๒	[กฺล่อง] น. ภาชนะใส่สิ่งของรูปกลมหรือเหลี่ยมมีฝาปิด, สิ่งที่ทําเป็นรูปสี่เหลี่ยมผืนผ้าขนาดเล็ก มีลิ้นชักเข้าออกได้ สําหรับบรรจุไม้ขีดไฟ เรียกว่า กล่องไม้ขีดไฟ, กลักไม้ขีดไฟ ก็เรียก.
กล่อง	๒๕๕๔	ภาชนะใส่สิ่งของรูปกลมหรือเหลี่ยมมีฝาปิด, สิ่งที่ทำเป็นรูปสี่เหลี่ยมผืนผ้าขนาดเล็ก มีลิ้นชักเข้าออกได้ สำหรับบรรจุไม้ขีดไฟ เรียกว่า กล่องไม้ขีดไฟ, กลักไม้ขีดไฟ ก็เรียก.
กล่องเสียง	๒๕๔๒	น. อวัยวะสำคัญในการเปล่งเสียงพูด ตั้งอยู่บริเวณส่วนบนของหลอดลม.
กล่องเสียง	๒๕๕๔	อวัยวะสำคัญในการเปล่งเสียงพูด อยู่บริเวณส่วนบนของหลอดลม.
กล่อน	๒๕๔๒	[กฺล่อน] น. ชื่อโรคชนิดหนึ่ง ตามตําราแพทย์แผนโบราณว่าเกิดจากของเหลวเข้าไปขังอยู่ในถุงอัณฑะ, ถ้าของเหลวนั้นเป็นนํ้า เรียกว่า กล่อนนํ้า, ถ้าเป็นเลือด เรียกว่า กล่อนเลือด, ถ้าเป็นหนอง เรียกว่า กล่อนหนอง.
กล่อน	๒๕๕๔	ชื่อโรคชนิดหนึ่ง ตามตำราแพทย์แผนโบราณว่าเกิดจากของเหลวเข้าไปขังอยู่ในถุงอัณฑะ, ถ้าของเหลวนั้นเป็นนํ้า เรียกว่า กล่อนนํ้า, ถ้าเป็นเลือด เรียกว่า กล่อนเลือด, ถ้าเป็นหนอง เรียกว่า กล่อนหนอง.
กล่อม	๒๕๔๒	[กฺล่อม] น. ชื่อมาตราเงินโบราณ ๒ กล่อม เป็น ๑ กลํ่า.
กล่อม	๒๕๕๔	ชื่อมาตราชั่งของไทยโบราณ ๔ เมล็ดข้าวเปลือก เป็น ๑ กล่อม ๒ กล่อม เป็น ๑ กลํ่า.
กล่อมท้อง	๒๕๔๒	ก. ใช้ฝ่ามือคลึงบริเวณท้องเบา&#160;ๆ เพื่อให้คลอดง่าย.
กล่อมท้อง	๒๕๕๔	ใช้ฝ่ามือคลึงบริเวณท้องเบาๆ เพื่อให้คลอดง่าย.
กล่อมมดลูก	๒๕๔๒	ก. เร่งให้มดลูกเข้าอู่เร็วขึ้นโดยการประคบบริเวณท้อง.
กล่อมมดลูก	๒๕๕๔	เร่งให้มดลูกเข้าอู่เร็วขึ้นโดยการประคบบริเวณท้อง.
กล่อมหงส์	๒๕๕๔	ชื่อเพลงประเภทเพลงพื้นบ้าน
กล่อมหอ	๒๕๔๒	ก. ขับร้องหรือเล่นดนตรีเพื่อให้ครึกครื้นในพิธีแต่งงานบ่าวสาวก่อนถึงฤกษ์ส่งตัวเจ้าสาว.
กล่อมหอ	๒๕๕๔	ขับร้องหรือเล่นดนตรีเพื่อให้ครึกครื้นในพิธีแต่งงานบ่าวสาวก่อนถึงฤกษ์ส่งตัวเจ้าสาว.
กล่อมเกลา	๒๕๔๒	[-เกฺลา] ก. ทําให้เรียบร้อย, ทําให้ดี, โดยปริยายหมายความว่า อบรมให้มีนิสัยไปในทางดี.
กล่อมเกลา	๒๕๕๔	ทำให้เรียบร้อย, ทำให้ดี, โดยปริยายหมายความว่า อบรมให้มีนิสัยไปในทางดี.
กล่อมเกลี้ยง	๒๕๔๒	ก. อบรมเลี้ยงดูให้มีนิสัยดี.
กล่อมเกลี้ยง	๒๕๕๔	อบรมเลี้ยงดูให้มีนิสัยดี.
กล่า	๒๕๔๒	[กฺล่า] (โบ; กลอน) ก. ควัก, แขวะ, แหวะ, เช่น อีกกรบอกหววมึงกูจะผ่า กูจะกล่าเอาขวนนหววมึงออกแล. (ม. คําหลวง ชูชก).
กล่า	๒๕๕๔	ควัก, แขวะ, แหวะ, เช่น อีกกรบอกหววมึงกูจะผ่า กูจะกล่าเอาขวนนหววมึงออกแล (ม. คำหลวง ชูชก).
กล่าว	๒๕๔๒	[กฺล่าว] ก. บอก, แจ้ง, พูด, เช่น กล่าวคําเท็จ; แสดง เช่น กล่าวเกลาอรรถเอมอร. (ม. คําหลวง ทานกัณฑ์); ขับร้อง เช่น จะกล่าวกลอนแก้ไข. (อิเหนา); สู่ขอ เช่น ถึงจรกามากล่าวนางไว้. (อิเหนา); แต่งงาน เช่น ฝรั่งกล่าวแหม่ม. (ประเพณีของชาวคริสเตียน), คํานี้ใช้เป็นปรกติในภาษาเขียน แต่ใช้เป็นภาษาพูดก็มีในบางลักษณะ เช่น กล่าวสุนทรพจน์.
กล่าว	๒๕๕๔	บอก, แจ้ง, พูด, เช่น กล่าวคำเท็จ
กล่าวขวัญ	๒๕๔๒	ก. พูดถึง, พูดออกชื่อและการกระทําของคนอื่น.
กล่าวขวัญ	๒๕๕๔	พูดถึง, พูดออกชื่อและการกระทำของคนอื่น.
กล่าวขาน	๒๕๕๔	เล่ากันมา เช่น ผู้คนกล่าวขานเรื่องกล้วยออกปลีที่โคนต้น.
กล่าวถาม	๒๕๕๔	สู่ขอ เช่น ในขันหมากท่านให้เอาขันหมากตั้งไหม ขันหมากกล่าวถามนั้น ๑๑ ขัน
กล่าวบท	๒๕๕๔	เล่าเรื่อง เช่น มาจะกล่าวบทไป.
กล่าวร้าย	๒๕๕๔	พูดถึงในเชิงร้าย, ให้ร้าย.
กล่าวหา	๒๕๔๒	ก. ฟ้อง, กล่าวโทษ.
กล่าวหา	๒๕๕๔	ฟ้อง, กล่าวโทษ.
กล่าวเกลี้ยง	๒๕๔๒	(กลอน) ก. พูดเพราะ เช่น กล่าวเกลี้ยงไมตรีชวนชัก. (เสือโค).
กล่าวเกลี้ยง	๒๕๕๔	พูดเพราะ เช่น กล่าวเกลี้ยงไมตรีชวนชัก
กล่าวโทษ	๒๕๔๒	ก. แจ้งว่ากระทําผิด.
กล่าวโทษ	๒๕๕๔	แจ้งว่ากระทำผิด.
กล่าวโอม	๒๕๔๒	(ถิ่น-อีสาน) ก. สู่ขอ.
กล่าวโอม	๒๕๕๔	สู่ขอ.
กล่ำ	๒๕๔๒	[กฺลํ่า] น. ชื่อมาตราเงินโบราณ ๒ กล่อม เท่ากับ ๑ กลํ่า คือ อัฐ, ๒ กลํ่า เป็น ๑ ไพ. (กลํ่า ได้แก่ มะกลํ่าตาช้าง, กล่อม ได้แก่ มะกลํ่าตาหนู).
กล่ำ	๒๕๕๔	ชื่อมาตราชั่งของโทยโบราณ ๒ กล่อม เป็น ๑ กลํ่า ๒ กลํ่า เป็น ๑ ไพ.
กล้วย	๒๕๔๒	[กฺล้วย] น. ชื่อไม้ล้มลุกหลายชนิดในสกุล Musa วงศ์ Musaceae จัดแยกออกได้เป็น ๒ จําพวก จําพวกที่แตกหน่อเป็นกอ ผลสุกเนื้อนุ่ม กินได้ มีหลายชนิดและหลายพันธุ์ เช่น กล้วยนํ้าว้า กล้วยไข่ กล้วยหอม บางชนิดผลสุกเนื้อแข็ง มักเผา ต้ม หรือเชื่อมกิน เช่น กล้วยกล้าย กล้วยหักมุก, จําพวกที่ไม่แตกหน่อเป็นกอ ขยายพันธุ์ด้วยเมล็ด ใบประดับไม่ร่วง เช่น กล้วยนวล กล้วยผา.
กล้วย	๒๕๕๔	ชื่อไม้ล้มลุกหลายปีในสกุล Musa วงศ์ Musaceae จัดแยกออกได้เป็น ๒ จำพวก จำพวกที่แตกหน่อเป็นกอ ผลสุกเนื้อนุ่ม กินได้ มีหลายชนิดและหลายพันธุ์ เช่น กล้วยนํ้าว้า กล้วยไข่ กล้วยหอม บางชนิดผลสุกเนื้อแข็ง มักเผา ต้ม หรือเชื่อมกิน เช่น กล้วยกล้าย กล้วยหักมุก, จำพวกที่ไม่แตกหน่อเป็นกอ ขยายพันธุ์ด้วยเมล็ด ใบประดับไม่ร่วง เช่น กล้วยนวล กล้วยผา.
กล้วย ๆ	๒๕๔๒	(ปาก) ว. ง่ายมาก เช่น เรื่องกล้วย&#160;ๆ ของกล้วย&#160;ๆ.
กล้วยกล้าย	๒๕๔๒	ดู กล้าย.
กล้วยกล้าย	๒๕๕๔	ดู กล้าย.
กล้วยงวงช้าง	๒๕๔๒	ดู ร้อยหวี.
กล้วยงวงช้าง	๒๕๕๔	ดู ร้อยหวี.
กล้วยน้อย	๒๕๔๒	น. ชื่อไม้ต้นขนาดกลางชนิด Xylopia vielana Pierre ในวงศ์ Annonaceae กิ่งสีนํ้าตาลดํา ดอกหอม รากสีดํา กลิ่นเหมือนนํ้ามันดิน เชื่อกันว่ารากใช้แก้พิษงู.
กล้วยน้อย	๒๕๕๔	ชื่อไม้ต้นขนาดกลางชนิด Xylopia vielana Pierre ในวงศ์ Annonaceae กิ่งสีนํ้าตาลดำ ดอกหอม รากสีดำ กลิ่นเหมือนนํ้ามันดิน เชื่อกันว่ารากใช้แก้พิษงู.
กล้วยสั้น	๒๕๔๒	ดู กุ ๒.
กล้วยสั้น	๒๕๕๔	ดู กุ ๒.
กล้วยหมูสัง	๒๕๔๒	น. ชื่อไม้เถาเนื้อแข็งชนิด Uvaria grandiflora Roxb. ในวงศ์ Annonaceae มีแถบปักษ์ใต้ ดอกสีแดงเลือดนก, ย่านนมควาย ก็เรียก.
กล้วยหมูสัง	๒๕๕๔	ชื่อไม้เถาเนื้อแข็งชนิด Uvaria grandiflora Roxb. ex Hornem. ในวงศ์ Annonaceae มีแถบปักษ์ใต้ ดอกสีแดงเลือดนก, ย่านนมควาย ก็เรียก.
กล้วยแขก	๒๕๔๒	น. กล้วยนํ้าว้าชุบแป้งทอด.
กล้วยแขก	๒๕๕๔	กล้วยนํ้าว้า ฝานเป็นชิ้น ชุบแป้งข้าวเจ้าที่ผสมหัวกะทิ มะพร้าวขูดละเอียด น้ำตาล เกลือ แล้วนำไปทอด.
กล้วยใต้	๒๕๔๒	(ถิ่น-เชียงใหม่) น. กล้วยน้ำว้า. (ดู น้ำว้า).
กล้วยใต้	๒๕๕๔	กล้วยน้ำว้า. (ดู น้ำว้า).
กล้วยไม้	๒๕๔๒	น. (๑) ชื่อพรรณไม้หลายชนิดหลายสกุลในวงศ์ Orchidaceae ลักษณะต้น ใบ และช่อดอกต่าง&#160;ๆ กัน บางชนิดเกาะตามต้นไม้และหิน บางชนิดขึ้นอยู่บนพื้นดิน บางชนิดมีดอกงาม บางชนิดมีกลิ่นหอม, พายัพเรียก เอื้อง.<2t>(๒) (ถิ่น-ปักษ์ใต้) ต้นจุกโรหินี. (ดู จุกโรหินี).
กล้วยไม้	๒๕๕๔	ชื่อพรรณไม้หลายชนิดหลายสกุลในวงศ์ Orchidaceae ลักษณะต้น ใบ และช่อดอกต่างๆ กัน บางชนิดเกาะตามต้นไม้และหิน บางชนิดขึ้นอยู่บนพื้นดิน บางชนิดมีดอกงาม บางชนิดมีกลิ่นหอม, พายัพเรียก เอื้อง.
กล้วยๆ	๒๕๕๔	ง่ายมาก เช่น เรื่องกล้วยๆ ของกล้วยๆ.
กล้อ	๒๕๔๒	[กฺล้อ] น. เรือโกลน.<2t>ว. กลม.<2t>ก. ทําให้กลม; (ถิ่น-ปักษ์ใต้) โคลง เช่น เรือกล้อ ว่า เรือโคลง.
กล้อ	๒๕๕๔	เรือโกลน.
กล้อง	๒๕๔๒	[กฺล้อง] น. วัตถุลักษณะยาวกลวงตลอด, เรียกของใช้บางอย่างที่มีลักษณะเช่นนั้น เช่น กล้องเป่าแล่น กล้องส่อง; เครื่องที่มีรูปร่างต่าง&#160;ๆ ประกอบด้วยเลนส์สําหรับถ่ายภาพหรือขยายภาพ เช่น กล้องถ่ายรูป กล้องจุลทรรศน์; (ถิ่น-ปักษ์ใต้) หลอด เช่น กล้องเกียง ว่า หลอดตะเกียง.
กล้อง	๒๕๕๔	วัตถุลักษณะยาวกลวงตลอด, เรียกของใช้บางอย่างที่มีลักษณะเช่นนั้น เช่น กล้องเป่าแล่น กล้องส่อง
กล้องจุลทรรศน์	๒๕๔๒	น. กล้องขยายดูของเล็กให้เห็นเป็นของใหญ่. (อ. microscope).
กล้องจุลทรรศน์	๒๕๕๔	กล้องขยายดูของเล็กให้เห็นเป็นของใหญ่.
กล้องตาเรือ	๒๕๔๒	น. กล้องปริทรรศน์.
กล้องตาเรือ	๒๕๕๔	กล้องปริทรรศน์.
กล้องตุด	๒๕๔๒	(ถิ่น-ปักษ์ใต้) น. กล้องไม้ซาง.
กล้องตุด	๒๕๕๔	กล้องไม้ซาง.
กล้องปริทรรศน์	๒๕๔๒	[ปะริทัด] น. กล้องชนิดหนึ่งที่ใช้มองดูสิ่งต่าง&#160;ๆ ซึ่งมีที่กำบังขวางกั้น หรือใช้มองดูสิ่งต่าง&#160;ๆ ที่อยู่เหนือระดับสายตาผู้มอง เช่น กล้องเรือดำน้ำ, กล้องตาเรือ ก็เรียก. (อ. periscope).
กล้องปริทรรศน์	๒๕๕๔	กล้องชนิดหนึ่งที่ใช้มองดูสิ่งต่างๆ ซึ่งมีที่กำบังขวางกั้น หรือใช้มองดูสิ่งต่างๆ ที่อยู่เหนือระดับสายตาผู้มองได้โดยรอบ เช่น กล้องเรือดำน้ำ, กล้องตาเรือ ก็เรียก.
กล้องระดับ	๒๕๔๒	น. กล้องสํารวจชนิดหนึ่ง เป็นเครื่องวัดระดับชนิดฟองนํ้าที่ใช้ประกอบกับกล้องส่องเพื่อใช้หาระดับสูงตํ่าของพื้นที่.
กล้องระดับ	๒๕๕๔	กล้องสำรวจชนิดหนึ่ง เป็นเครื่องวัดระดับชนิดฟองนํ้าที่ใช้ประกอบกับกล้องส่องเพื่อใช้หาระดับสูงตํ่าของพื้นที่.
กล้องวัดมุม	๒๕๔๒	น. กล้องสํารวจชนิดหนึ่ง สําหรับวัดมุมแนวนอนและแนวยืนได้ในขณะเดียวกัน ไม่ว่าที่หมายเล็งจะอยู่บนพื้นดินหรือในท้องฟ้าก็ตาม ประกอบด้วยจานองศาแนวนอนกับแนวยืนเพื่อใช้วัดมุม. (อ. theodolite).
กล้องวัดมุม	๒๕๕๔	กล้องสำรวจชนิดหนึ่ง สำหรับวัดมุมแนวนอนและแนวยืนได้ในขณะเดียวกัน ไม่ว่าที่หมายเล็งจะอยู่บนพื้นดินหรือในท้องฟ้าก็ตาม ประกอบด้วยจานองศาแนวนอนกับแนวยืนเพื่อใช้วัดมุม.
กล้องสนาม	๒๕๔๒	น. กล้องส่องทางไกล มี ๒ ตา.
กล้องสนาม	๒๕๕๔	กล้องส่องทางไกล มี ๒ ตา.
กล้องสลัด	๒๕๔๒	น. กล้องที่ใช้ใส่อาวุธซัดไป. (พิชัยสงคราม); กล้องส่องทางไกล มีตาเดียว.
กล้องสลัด	๒๕๕๔	กล้องที่ใช้ใส่อาวุธซัดไป. (พิชัยสงคราม)
กล้องสำรวจ	๒๕๔๒	น. กล้องที่ใช้ในงานรังวัดและสํารวจทําแผนที่ มีหลายชนิด เช่น กล้องระดับ กล้องวัดมุม กล้องถ่ายรูปทางอากาศ.
กล้องสำรวจ	๒๕๕๔	กล้องที่ใช้ในงานรังวัดและสำรวจทำแผนที่ มีหลายชนิด เช่น กล้องระดับ กล้องวัดมุม กล้องถ่ายรูปทางอากาศ.
กล้องส่องทางไกล	๒๕๔๒	น. กล้องโทรทรรศน์, กล้องสําหรับส่องดูของไกลให้เห็นใกล้.
กล้องส่องทางไกล	๒๕๕๔	กล้องโทรทรรศน์, กล้องสำหรับส่องดูของไกลให้เห็นใกล้.
กล้องแกล้ง	๒๕๔๒	[กฺล้องแกฺล้ง] ว. มีรูปร่างเอวเล็กเอวบาง, อ้อนแอ้น; มีท่าทางเป็นเชิงเจ้าชู้.
กล้องแกล้ง	๒๕๕๔	มีรูปร่างเอวเล็กเอวบาง, อ้อนแอ้น
กล้องโทรทรรศน์	๒๕๔๒	น. กล้องสำหรับดูของไกลให้เห็นใกล้, กล้องส่องทางไกล ก็ว่า. (อ. telescope).
กล้องโทรทรรศน์	๒๕๕๔	กล้องสำหรับส่องดูของไกลให้เห็นใกล้, กล้องส่องทางไกล ก็เรียก.
กล้อน	๒๕๔๒	[กฺล้อน] ก. ตัดหรือทําให้เกรียน (ใช้แก่ผมหรือขนสัตว์).<2t>ว. เลี่ยน, โล้น.
กล้อน	๒๕๕๔	ตัดหรือทำให้เกรียน (ใช้แก่ผมหรือขนสัตว์) เช่น กล้อนหัว.
กล้อมแกล้ม	๒๕๔๒	[กฺล้อมแกฺล้ม] ก. เคี้ยวไม่ทันแหลกแล้วรีบกลืน, เคี้ยวไม่ถนัด; พูดอ้อมแอ้มพอให้ผ่านไป, พูดไม่สู้ชัดความเพื่อให้เสร็จไป; กะล่อมกะแล่ม ก็ว่า.
กล้อมแกล้ม	๒๕๕๔	เคี้ยวไม่ทันแหลกแล้วรีบกลืน, เคี้ยวไม่ถนัด
กล้า	๒๕๔๒	[กฺล้า] น. ต้นข้าวที่เพาะไว้สําหรับย้ายไปปลูกที่อื่น, โดยอนุโลมเรียกพืชที่เพาะไว้สําหรับย้ายไปปลูกในที่อื่นว่า กล้า เช่น กล้าพริก กล้ามะเขือ.
กล้า	๒๕๕๔	ต้นข้าวอ่อนที่เพาะจากข้าวเปลือกสำหรับย้ายไปปลูกที่อื่น, โดยอนุโลมเรียกพืชที่เพาะไว้สำหรับย้ายไปปลูกในที่อื่น ว่า กล้า เช่น กล้าพริก กล้ามะเขือ.
กล้านักมักบิ่น	๒๕๔๒	(สํา) ว. กล้าเกินไปมักจะเป็นอันตราย.
กล้านักมักบิ่น	๒๕๕๔	กล้าเกินไปมักจะเป็นอันตราย.
กล้าม	๒๕๔๒	[กฺล้าม] น. เนื้อมะพร้าวห้าว; มัดเนื้อที่รวมกันเป็นก้อน&#160;ๆ ในกายคนและสัตว์ เรียกว่า กล้ามเนื้อ.
กล้าม	๒๕๕๔	มัดเนื้อที่รวมกันเป็นก้อนๆ ในกายคนและสัตว์ เรียกว่า กล้ามเนื้อ
กล้าย	๒๕๔๒	[กฺล้าย] น. ชื่อกล้วยลูกผสมพันธุ์หนึ่งในสกุล Musa วงศ์ Musaceae ผลใหญ่โค้ง เป็นเหลี่ยมและยาวกว่ากล้วยหอม เปลือกหนา เนื้อเหนียว ไส้แข็งสีส้ม รสหวาน นิยมกินเมื่อทำให้สุกแล้ว, กล้วยกล้าย ก็เรียก.
กล้าย	๒๕๕๔	ชื่อกล้วยลูกผสมพันธุ์หนึ่งในสกุล Musa วงศ์ Musaceae ผลใหญ่โค้ง เป็นเหลี่ยมและยาวกว่ากล้วยหอม เปลือกหนา เนื้อเหนียว ไส้แข็งสีส้ม รสหวาน นิยมกินเมื่อทำให้สุกแล้ว, กล้วยกล้าย ก็เรียก.
กล้าได้กล้าเสีย	๒๕๔๒	ว. ใจป้ำ, ใจเป็นนักเลง, ไม่กลัวขาดทุน.
กล้าได้กล้าเสีย	๒๕๕๔	ใจป้ำ, ใจเป็นนักเลง, ไม่กลัวขาดทุน.
กล้ำ	๒๕๔๒	[กฺลํ้า] ก. ควบ เช่น กลํ้าอักษร อักษรกลํ้า, ทําให้เข้ากัน, กลืนกัน, เช่น กลํ้าเสียง เสียงกลํ้า, มีโทษอันหนึ่งไซร้<2t>กลบกลํ้าพันคุณ. (โลกนิติ), คือดั่งปากเว้นกลํ้า แกล่เหมี้ยงหมากพลู. (โลกนิติ), กัลยาจะกลํ้าอําความตาย. (อิเหนา).
กล้ำ	๒๕๕๔	ควบ เช่น กลํ้าอักษร อักษรกลํ้า, ทำให้เข้ากัน, กลืนกัน, เช่น กลํ้าเสียง เสียงกลํ้า, กล้ำกลืน, ฝืนใจ, เช่น กัลยาจะกลํ้าอำความตาย
กล้ำกระเลือก	๒๕๕๔	กลอกไปกลอกมา.
กล้ำกราย	๒๕๔๒	ก. เข้าไปปะปน, ล่วงเข้าไป.
กล้ำกราย	๒๕๕๔	เข้าไปปะปน, ล่วงเข้าไป.
กล้ำกลืน	๒๕๔๒	ก. ฝืนใจ, อดกลั้นไม่แสดงให้เห็น.
กล้ำกลืน	๒๕๕๔	ฝืนใจ, อดกลั้นไม่แสดงให้เห็น.
กล้ำแกล่	๒๕๕๔	กลืน, กิน, เช่น คือดั่งปากเว้นกลํ้า แกล่เหมี้ยงหมากพลู
กวด	๒๕๔๒	ก. ทําให้แน่น ให้ตึง หรือให้เขม็งยิ่งขึ้น เช่น กวดเชือก กวดตะปู, เร่งรัดให้ดียิ่งขึ้นหรือเพื่อให้ทัน เช่น กวดวิชา วิ่งกวด.<2t>น. เหล็กเครื่องมือสําหรับกวดเลี่ยมขอบภาชนะ เรียกว่า เหล็กกวด.
กวด	๒๕๕๔	ทำให้แน่น ให้ตึง หรือให้เขม็งยิ่งขึ้น เช่น กวดเชือก กวดผ้าปู, ทำให้เรียบและแนบสนิทเป็นเนื้อเดียวกัน เช่น กวดตะปู, เร่งเพื่อให้ทัน เช่น วิ่งกวด.
กวดขัน	๒๕๔๒	ว. เอาจริงเอาจัง, เร่งรัดให้ยิ่งขึ้น.
กวดขัน	๒๕๕๔	เอาจริงเอาจัง, เร่งรัดให้ยิ่งขึ้น.
กวดวิชา	๒๕๕๔	เรียนเสริมหรือเพิ่มเติมเพื่อให้ทันหรือมีความรู้ดียิ่งขึ้น.
กวน	๒๕๔๒	(ถิ่น-อีสาน) (ปาก) น. กวาน, ชื่อตําแหน่งขุนนางในภาคอีสานสมัยโบราณ แต่ชาวอีสานบางถิ่นออกเสียงเป็น กวน เช่น บ้านเมืองข้อนขุนกวน ยาดไพร่.
กวน	๒๕๕๔	รบกวนทำให้เกิดความรำคาญ เช่น กวนใจ, ก่อกวนทำให้วุ่นวาย เช่น กวนบ้านกวนเมือง, ชวนให้เกิดความรำคาญ ชวนให้ทำร้าย เช่น กวนมือ กวนตีน.
กวนน้ำให้ขุ่น	๒๕๔๒	(สํา) ก. ทําเรื่องราวที่สงบอยู่แล้วให้เกิดวุ่นวายขึ้นมา.
กวนน้ำให้ขุ่น	๒๕๕๔	ทำเรื่องราวที่สงบอยู่แล้วให้เกิดเป็นปัญหาขึ้นมา.
กวม	๒๕๔๒	(โบ) ก. ครอบงํา เช่น มืดมนกวมกลุ้ม.
กวม	๒๕๕๔	ครอบงำ เช่น มืดมนกวมกลุ้ม
กวย	๒๕๔๒	(ถิ่น-พายัพ) น. ตะกร้า.
กวย	๒๕๕๔	ตะกร้า.
กวยจั๊บ	๒๕๔๒	น. ชื่อของกินชนิดหนึ่ง ทําด้วยแป้งที่ใช้ทําเส้นก๋วยเตี๋ยว แต่หั่นเป็นชิ้นใหญ่&#160;ๆ ต้มสุกแล้วปรุงด้วยเครื่องมีหมูเป็นต้น. (จ).
กวยจั๊บ	๒๕๕๔	ชื่อของกินชนิดหนึ่ง ทำด้วยแป้งข้าวเจ้าหั่นเป็นชิ้นใหญ่ๆ ต้มสุกแล้วปรุงด้วยเครื่องมีเครื่องในหมูเป็นต้น.
กวยจี๊	๒๕๔๒	น. เมล็ดแตงโมต้มแล้วตากให้แห้ง ใช้ขบเคี้ยว. (จ).
กวยจี๊	๒๕๕๔	เมล็ดแตงโมต้มแล้วตากให้แห้ง ใช้ขบเคี้ยว.
กวะ	๒๕๔๒	[กะวะ] (กลอน) ว. (ราว)-กะว่า, (ราว)-กับว่า, เช่น นกกระจอกทํารังราวกวะไม้. (จารึกวัดโพธิ์).
กวะกวัก	๒๕๔๒	[กฺวะกฺวัก] ก. กวัก เช่น กวะกวักคือกวักทักถาม. (สรรพสิทธิ์).<2t>ว. กวัก&#160;ๆ, เป็นเสียงนกกวักร้อง, เช่น นกกวักลักแลเพื่อนพลาง<2t>กวักปีกกวักหาง ก็ร้องกวะกวักทักทาย. (สมุทรโฆษ).
กวะกวัก	๒๕๕๔	กวัก เช่น กวะกวักคือกวักทักถาม
กวะแกว่ง	๒๕๔๒	[กฺวะแกฺว่ง] ก. แกว่งไปมา เช่น ช่อช้อยกวะแกว่งไกว. (ม. คําหลวง จุลพน).
กวะแกว่ง	๒๕๕๔	แกว่งไปมา เช่น ช่อช้อยกวะแกว่งไกว (ม. คำหลวง จุลพน).
กวัก	๒๕๔๒	[กฺวัก] น. ชื่อนกชนิด Amaurornis phoenicurus ในวงศ์ Rallidae ลําตัวสั้น ขาและนิ้วยาว หน้าผากและลําตัวด้านล่างสีขาว อาศัยอยู่ตามหนองนํ้า เดินหากินบนใบพืชนํ้า เช่น บัว จอก แหน ในตอนเช้าหรือพลบคํ่า ร้องเสียงดัง &#147;กวัก&#160;ๆ&#148;.
กวัก	๒๕๕๔	ชื่อนกขนาดกลางชนิด Amaurornis phoenicurus (Pennant) ในวงศ์ Rallidae ลำตัวสั้น รูปร่างป้อม ขาและนิ้วยาว หน้าผากและด้านล่างลำตัวสีขาว อาศัยอยู่ตามหนองนํ้า เดินหากินบนพื้นดินหรือบนใบพืชนํ้า เช่น บัว จอก แหน ขณะเดินหางมักกระดกขึ้นกระดกลง ในตอนเช้าหรือพลบคํ่าร้องเสียงดัง “กวักๆ”.
กวัด	๒๕๔๒	[กฺวัด] ก. จับด้ามวัตถุให้ปลายตั้งขึ้นแล้วปัดไปมา, ใช้เข้าคู่กับคํา แกว่ง เป็น กวัดแกว่ง หรือ แกว่งกวัด หรือใช้เข้าคู่กับคำ ไกว เป็น กวัดไกว.
กวัด	๒๕๕๔	จับด้ามวัตถุแล้วปัดไปมา, ใช้เข้าคู่กับคำ แกว่ง เป็น กวัดแกว่ง หรือ แกว่งกวัด หรือใช้เข้าคู่กับคำ ไกว เป็น กวัดไกว.
กวัดแกว่ง	๒๕๔๒	[กฺวัดแกฺว่ง] ก. จับด้ามวัตถุให้ปลายตั้งขึ้นแล้วปัดไปมา เช่น กวัดแกว่งอาวุธ, ไม่อยู่ที่ เช่น จิตกวัดแกว่ง, แกว่งกวัด ก็ว่า.
กวัดแกว่ง	๒๕๕๔	จับด้ามวัตถุแล้วปัดไปมา เช่น กวัดแกว่งอาวุธ, ไม่อยู่ที่ เช่น จิตกวัดแกว่ง, แกว่งกวัด ก็ว่า.
กวัดไกว	๒๕๔๒	[กฺวัดไกฺว] ก. วัดเหวี่ยงไปมา, ไม่อยู่ที่.
กวัดไกว	๒๕๕๔	วัดเหวี่ยงไปมา, ไม่อยู่ที่, เช่น ใบไม้ต้องลมกวัดไกวไปมา.
กวัดไกวไสส่ง	๒๕๔๒	ก. ไล่ไปให้พ้น.
กวัดไกวไสส่ง	๒๕๕๔	ทำให้พ้น.
กวา	๒๕๔๒	[กฺวา] น. แตงกวา. (ดู แตง).
กวาง	๒๕๔๒	[กฺวาง] น. ชื่อสัตว์เคี้ยวเอื้องหลายชนิด ในวงศ์ Cervidae เป็นสัตว์กีบคู่ ลำตัวเพรียว คอและขายาว หางสั้น ตัวเมียเล็กกว่าตัวผู้ มีทั้งชนิดมีเขาและไม่มีเขาในเพศเดียวกันหรือต่างเพศ เช่น กวางป่า (Cervus unicolor).
กวาง	๒๕๕๔	ชื่อสัตว์เลี้ยงลูกด้วยนมในวงศ์ Cervidae เป็นสัตว์เคี้ยวเอื้องกีบคู่ มีหลายชนิด รูปร่างลำตัวเพรียว คอยาว ขายาว หางสั้น ตัวเมียเล็กกว่าตัวผู้ ผลัดเขาปีละครั้ง ชนิดที่พบทั้งตัวผู้และตัวเมียมีเขา ได้แก่ กวางเรนเดียร์ [ Rangifer tarandus (Linn.)] ชนิดที่ตัวเมียไม่มีเขา ได้แก่ กวางป่าหรือกวางม้า ( Cervus unicolor Kerr) ส่วนพวกที่ตัวผู้และตัวเมียไม่มีเขา ได้แก่ กวางชะมด (Moschus spp.) และกวางวอเตอร์เดียร์ ( Hydropotes inermis Swinhoe).
กวางจุก	๒๕๔๒	(ถิ่น-ปักษ์ใต้) น. เก้ง. (ดู เก้ง).
กวางจุก	๒๕๕๔	ดู เก้ง.
กวางชะมด	๒๕๔๒	น. ชื่อสัตว์เคี้ยวเอื้องขนาดเล็กในสกุล Moschus วงศ์ Moschidae ลำตัวป้อม หัวเล็ก ไม่มีเขา ขนหยาบมีสีแตกต่างกัน ตัวเมียเขี้ยวสั้นมาก ตัวผู้มีเขี้ยวยาวคล้ายใบมีดยื่นพ้นริมฝีปาก และมีต่อมกลิ่นอยู่ระหว่างสะดือกับอวัยวะเพศ ขับสารคล้ายขี้ผึ้งออกมา เรียกว่า ชะมดเชียง ใช้แต่งกลิ่นเครื่องหอมและทำยาได้ มักอาศัยอยู่ตามป่าสนและป่าผลัดใบรกทึบบนภูเขา มี ๔ ชนิด ได้แก่ กวางชะมดไซบีเรีย (M. moschiferus) กวางชะมดเขาสูง (M. chrysogaster) กวางชะมดดำ (M. fuscus) และกวางชะมดป่า (M. berezovskii) ไม่พบในประเทศไทย แต่ที่นำมาเลี้ยงในประเทศไทย ได้แก่ กวางชะมดป่า.
กวางชะมด	๒๕๕๔	ดู ชะมด ๒.
กวางตุ้ง	๒๕๔๒	[กฺวาง-] น. ชาวจีนในมณฑลกวางตุ้งของประเทศจีน, เรียกภาษาของชาวจีนในมณฑลนี้ ว่า ภาษากวางตุ้ง.
กวางตุ้ง	๒๕๕๔	ชื่อมณฑลหนึ่งในประเทศจีน, ชาวจีนในมณฑลนี้, เรียกภาษาของชาวจีนในมณฑลนี้ ว่า ภาษากวางตุ้ง.
กวางทราย	๒๕๔๒	ดู เนื้อทราย.
กวางทราย	๒๕๕๔	ดู เนื้อทราย ที่ เนื้อ ๒.
กวางทอง	๒๕๔๒	น. ชื่อเพลงไทยทํานองหนึ่ง.
กวางทอง	๒๕๕๔	ชื่อเพลงไทย อัตรา ๒ ชั้น
กวางป่า	๒๕๔๒	น. ชื่อกวางชนิด Cervus unicolor ในวงศ์ Cervidae เป็นชนิดที่ใหญ่ที่สุดในประเทศไทย ขนยาวหยาบสีน้ำตาล ตัวผู้มีเขาเป็นแขนง ผลัดเขาปีละครั้ง มักอยู่ลำพังตัวเดียวยกเว้นฤดูผสมพันธุ์, กวางม้า ก็เรียก.
กวางป่า	๒๕๕๔	ชื่อกวางชนิด Cervus unicolor Kerr ในวงศ์ Cervidae เป็นชนิดที่ใหญ่ที่สุดในหมู่กวางในประเทศไทย ขนยาวหยาบสีน้ำตาล ตัวผู้มีเขาเป็นแขนงข้างละ ๓ กิ่ง ผลัดเขาปีละครั้ง มักแยกอยู่ตามลำพังยกเว้นฤดูผสมพันธุ์จึงจะรวมกลุ่ม กินใบไม้อ่อน หญ้าอ่อน, กวางม้า ก็เรียก.
กวางผา	๒๕๔๒	[กฺวาง-] น. ชื่อสัตว์เลี้ยงลูกด้วยนมชนิด Naemorhedus goral ในวงศ์ Bovidae ลักษณะคล้ายแพะและเลียงผา แต่มีขนาดเล็กกว่า ขนสีเทาหรือน้ำตาลปนเทา มีแถบขนสีดำตลอดแนวสันหลัง ตัวผู้เขายาวกว่าตัวเมีย อาศัยอยู่บนภูเขาสูงชัน กินพืช เป็นสัตว์ป่าสงวนของไทย.
กวางผา	๒๕๕๔	ชื่อสัตว์เลี้ยงลูกด้วยนมชนิด Naemorhedus goral (Hardwicke) ในวงศ์ Bovidae ลักษณะคล้ายแพะและเลียงผา แต่มีขนาดเล็กกว่า เขาตัวผู้ยาวกว่าตัวเมีย ขนสีเทาหรือน้ำตาลปนเทา มีแถบขนสีดำตลอดแนวสันหลัง อาศัยอยู่บนภูเขาสูงชัน กินพืช เป็นสัตว์ป่าสงวนของไทย.
กวางม้า	๒๕๔๒	ดู กวางป่า.
กวางม้า	๒๕๕๔	ดู กวางป่า.
กวางเขน	๒๕๔๒	[กฺวาง-] (โบ) น. นกกางเขน เช่น บ่าวขุนกวางเขนเขจร. (สมุทรโฆษ).
กวางเขน	๒๕๕๔	นกกางเขน เช่น บ่าวขุนกวางเขนเขจร
กวางเดินดง	๒๕๔๒	น. ชื่อวิธีรําท่าหนึ่งอยู่ในลําดับว่า นาคาม้วนหาง กวางเดินดง หงส์ลีลา. (ฟ้อน); ชื่อกลบทอย่างหนึ่ง เช่น อกเอ๋ยอกประหลาดจริงที่นิ่งเฉย โอ้เอ๋ยผิดคิดไม่เห็นจะเป็นเลย เสียดายเอ๋ยที่พี่เคยสงวนงาม. (กลบท).
กวางเดินดง	๒๕๕๔	ชื่อท่ารำแบบหนึ่ง โดยนิ้วชี้กับนิ้วกลางตั้งขึ้น หักข้อมือขึ้น ส่วนนิ้วหัวแม่มือกดทับปลายนิ้วนางกับนิ้วก้อย
กวางแขม	๒๕๔๒	ดู เนื้อทราย.
กวางแขม	๒๕๕๔	ดู เนื้อทราย ที่ เนื้อ ๒.
กวางโจน	๒๕๔๒	[กฺวาง-] น. ชื่อไม้เถาเนื้อแข็ง ผลกลมรีป้อมขนาดหัวแม่มือ เปลือกคาย เมื่อสุกสีแดงชาด ออกเป็นพวงกระจุก เนื้อบางสีขาวคล้ายสาคู รสเปรี้ยว กินได้ กวางชอบกิน มีตามป่าดอนทั่วไป.
กวางโจน	๒๕๕๔	ชื่อไม้เถาเนื้อแข็ง ผลกลมรีป้อมขนาดหัวแม่มือ เปลือกคาย เมื่อสุกสีแดงชาด ออกเป็นพวงกระจุก เนื้อบางสีขาวคล้ายสาคู รสเปรี้ยว กินได้ กวางชอบกิน มีตามป่าดอนทั่วไป.
กวาด	๒๕๔๒	[กฺวาด] ก. ทําให้เตียนหรือหมดฝุ่นละอองด้วยไม้กวาดเป็นต้น, ทำให้ของเคลื่อนไปในทางเดียวกัน เช่น กวาดของลงจากโต๊ะ, โดยปริยายหมายความว่า เอาไปให้หมดสิ้นเหมือนอย่างกวาด เช่น กวาดครัวเชลย โจรกวาดทรัพย์สิน; เอายาป้ายในลําคอ เรียกว่า กวาดยา.<2t>น. สิ่งที่ใช้กวาด ทําด้วยดอกอ่อนของต้นเลาเป็นต้น มัดเป็นกำ&#160;ๆ เรียกว่า ไม้กวาด, ถ้าทำด้วยทางมะพร้าวเรียกว่า ไม้กวาดทางมะพร้าว.
กวาด	๒๕๕๔	ทำให้เตียนหรือหมดฝุ่นละอองด้วยไม้กวาดเป็นต้น, ทำให้ของเคลื่อนไปในทางเดียวกัน เช่น กวาดของลงจากโต๊ะ, โดยปริยายหมายความว่า เอาไปให้หมดสิ้นเหมือนอย่างกวาด เช่น โจรกวาดทรัพย์สิน คลื่นสึนามิกวาดคนและสิ่งของลงทะเล
กวาดตา	๒๕๔๒	ก. ส่ายตาดูทั่วไป.
กวาดตา	๒๕๕๔	ส่ายตาดูทั่วไป.
กวาดต้อน	๒๕๔๒	ก. รวบรวมคนหรือสัตว์พาหนะเป็นต้น เอามาเป็นของตน.
กวาดต้อน	๒๕๕๔	รวบรวมคนหรือสัตว์พาหนะเป็นต้น ให้เคลื่อนย้ายจากถิ่นเดิม เช่น กวาดต้อนเชลยศึก.
กวาดล้าง	๒๕๔๒	ก. กําจัดให้หมดไป เช่น กวาดล้างอันธพาล กวาดล้างโจรผู้ร้าย.
กวาดล้าง	๒๕๕๔	กำจัดให้หมดไป เช่น กวาดล้างอันธพาล กวาดล้างโจรผู้ร้าย.
กวาน	๒๕๔๒	[กฺวาน, กฺว่าน] น. ขุนนาง เช่น แล้วบัญชาสั่งเสียพวกเพี้ยกวาน ให้ไปเชิญสองท่านแม่ทัพใหญ่. (ขุนช้างขุนแผน), เพลี้ยกว่านบ้านท้าวไข้ ข่าวสยวน. (ยวนพ่าย).
กวาน	๒๕๕๔	ขุนนาง เช่น แล้วบัญชาสั่งเสียพวกเพี้ยกวาน ให้ไปเชิญสองท่านแม่ทัพใหญ่ (ขุนช้างขุนแผน), เพลี้ยกว่านบ้านท้าวไข้ ข่าวสยวน
กวาวเครือ	๒๕๔๒	[กฺวาว-] น. ชื่อไม้พุ่มรอเลื้อยชนิด Pueraria candollei Grah. var. mirifica (Airy Shaw et Suvatabandhu) Niyomdham ในวงศ์ Leguminosae ดอกเล็ก สีม่วงอ่อน มีหัวกลม&#160;ๆ ออกที่โคนต้นและตามราก ใช้ทํายาได้.
กวาวเครือ	๒๕๕๔	ชื่อไม้พุ่มรอเลื้อยชนิด Pueraria candollei Wall. ex Benth. var. mirifica (Airy Shaw et Suvat) Niyomdham ในวงศ์ Leguminosae ดอกเล็ก สีม่วงอ่อน มีหัวกลมๆ ออกที่โคนต้นและตามราก ใช้ทำยาได้.
กวิน	๒๕๔๒	[กะวิน] (โบ) ว. ดีงาม เช่น ใครกวินซื่อแท้. (แช่งนํ้า). (ทมิฬ แปลว่า งาม).
กวิน	๒๕๕๔	ดีงาม เช่น ใครกวินซื่อแท้ ผ่านฟ้าป่าวอวยพร (แช่งนํ้า).
กวี	๒๕๔๒	[กะวี] น. ผู้รู้ผู้เชี่ยวชาญในศิลปะการประพันธ์บทกลอน จําแนกเป็น ๔ คือ ๑. จินตกวี แต่งโดยความคิด ๒. สุตกวี แต่งโดยได้ฟังมา ๓. อรรถกวี แต่งตามความจริง ๔. ปฏิภาณกวี แต่งกลอนสด. (ป.).
กวี	๒๕๕๔	ผู้รู้ผู้เชี่ยวชาญในศิลปะการประพันธ์บทกลอน จำแนกเป็น ๔ คือ ๑. จินตกวี แต่งโดยความนึกคิด ๒. สุตกวี แต่งโดยได้ฟังมา ๓. อรรถกวี แต่งตามความเป็นจริง ๔. ปฏิภาณกวี แต่งโดยฉับพลันทันที.
กวีนิพนธ์	๒๕๔๒	น. คําประพันธ์ที่กวีแต่ง.
กวีนิพนธ์	๒๕๕๔	คำประพันธ์ที่กวีแต่งอาจเป็นร้อยแก้วหรือร้อยกรองก็ได้.
กว่า	๒๕๔๒	[กฺว่า] ว. เกิน เช่น กว่าบาท; เป็นคําใช้เปรียบเทียบในการประมาณ เช่น มากกว่า น้อยกว่า ดีกว่า, ย่อมพลกว่าพลแกว่น. (ม. คําหลวง มหาราช).<2t>บ. เลยไป, พ้นไป.<2t>สัน. ก่อน, ยังไม่ทัน, เช่น กว่าถั่วจะสุกงาก็ไหม้, มักใช้เข้าคู่กับคํา จะ...ก็ เป็น กว่าจะ...ก็ หรือ กว่า...จะ...ก็, โบราณใช้ว่า ยิ่ง ก็มี เช่น ใจกว่าห้วงอรรณพ. (ม. คําหลวง นครกัณฑ์); ใช้เป็นกริยาว่า ไปจาก ก็มี เช่น แทบทางที่จะกว่า. (ม. คําหลวง จุลพน), ผิออกนางธจะกว่า. (ม. คําหลวง กุมาร); ใช้เป็นวิเศษณ์ว่า จากไป ก็มี เช่น ลํ๋ตายหายกว่า. (จารึกสยาม).
กว่า	๒๕๕๔	เกิน เช่น กว่าสิบบาท ร้อยกว่า
กว่าง	๒๕๔๒	[กฺว่าง] น. ชื่อด้วงปีกแข็งชนิด Xylotrupes gideon ในวงศ์ Dynastidae ตัวมีสีตั้งแต่สีน้ำตาลอมแดงจนถึงเกือบดำ ตัวผู้ที่มีขนาดใหญ่เรียกว่า กว่างโซ้ง หรือ กว่างชน มีเขาที่หลังอกยื่นยาวเป็นจะงอยเรียวไปทางด้านหน้าและโค้งลง ตรงปลายเป็น ๒ แฉก กับที่หัวมีเขาเล็กยื่นออกไปเป็นเขาเดี่ยว โค้งขึ้นคล้ายนอแรด แต่ปลายแยกเป็น ๒ แฉก ตัวผู้ที่มีขนาดย่อมมีเขาสั้นเรียก กว่างกิ หรือ กว่างแซม ตัวเมียไม่มีเขาเรียก กว่างแม่ หรือ กว่างอีลุ่ม, อาจเรียกแมลงปีกแข็งชนิดอื่นที่มีเขาว่า แมงกว่าง หรือ แมงกวาง เช่นกัน.
กว่าง	๒๕๕๔	ชื่อแมลงพวกด้วงหลายชนิดหลายสกุล ในวงศ์ Scarabaeidae ตัวผู้มีเขาที่หลังอก ตัวเมียไม่มีเขา เช่น ชนิด Xylotrupes gideon Linn. ตัวผู้ที่มีขนาดใหญ่เรียกว่า กว่างโซ้งหรือกว่างชน มีเขาที่หลังอกยื่นยาวเป็นจะงอยเรียวไปทางด้านหน้าและโค้งลง ตรงปลายเป็น ๒ แฉก กับที่หัวมีเขาเล็กยื่นออกไปเป็นเขาเดี่ยว โค้งขึ้นคล้ายนอแรด แต่ปลายแยกเป็น ๒ แฉก ตัวผู้ที่มีขนาดย่อมมีเขาสั้นเรียก กว่างกิหรือกว่างแซม ตัวเมียไม่มีเขาเรียก กว่างแม่หรือกว่างอีลุ่ม.
กว่างชน	๒๕๔๒	ดู กว่าง.
กว่างโซ้ง	๒๕๔๒	ดู กว่าง.
กว่าชิ่น	๒๕๕๔	ไปทั้งสิ้น, ยิ่งนัก, เช่น ข้าเห็นร่มชมพูตรูรัตนพิศาล ตรงตระการกว่าชื่นแล (ม. คำหลวง ทศพร).
กว่าชื่น	๒๕๔๒	(โบ) ว. ยิ่ง, ยิ่งนัก.
กว่าชื่น	๒๕๕๔	ไปทั้งสิ้น, ยิ่งนัก, เช่น ข้าเห็นร่มชมพูตรูรัตนพิศาล ตรงตระการกว่าชื่นแล (ม. คำหลวง ทศพร).
กว่าถั่วจะสุกงาก็ไหม้	๒๕๔๒	(สำ) ว. ลักษณะของการทำงานที่มีความลังเลใจ ทำให้แก้ไขปัญหาได้ไม่ทันท่วงที เมื่อได้อย่างหนึ่ง แต่ต้องเสียอีกอย่างหนึ่งไป ดุจเอาถั่วกับงามาคั่วพร้อมกัน กว่าจะคั่วจนถั่วสุก งาก็จะไหม้หมดไปก่อน.
กว่าถั่วจะสุกงาก็ไหม้	๒๕๕๔	กว่าจะได้ผลดังประสงค์ ก็ต้องเสียอย่างใดอย่างหนึ่งไป ดุจเอาถั่วกับงามาคั่วพร้อมกัน กว่าจะคั่วจนถั่วสุก งาก็จะไหม้หมดไปก่อน.
กว่าน	๒๕๕๔	ขุนนาง เช่น แล้วบัญชาสั่งเสียพวกเพี้ยกวาน ให้ไปเชิญสองท่านแม่ทัพใหญ่ (ขุนช้างขุนแผน), เพลี้ยกว่านบ้านท้าวไข้ ข่าวสยวน
กว่าเพื่อน	๒๕๔๒	ว. คําใช้เปรียบเทียบ หมายถึง ที่สุดในหมู่ เช่น ดีกว่าเพื่อน เลวกว่าเพื่อน.
กว่าเพื่อน	๒๕๕๔	ที่สุดในหมู่ เช่น ดีกว่าเพื่อน เลวกว่าเพื่อน.
กว้า	๒๕๔๒	[กฺว้า] (โบ) ว. หรือ, อะไร, ทําไม, เป็นไร, บ้างซิ, บ้างเถิด, ว้า, หวามใจ, เช่น ในรลุงนาภี พรั่นกว้า. (ทวาทศมาส).
กว้าง	๒๕๔๒	[กฺว้าง] น. ด้านสั้นที่คู่กับด้านยาว.<2t>ว. ไม่แคบ, แผ่ออกไป.
กว้าง	๒๕๕๔	ด้านสั้นที่คู่กับด้านยาว.
กว้างขวาง	๒๕๔๒	ก. แผ่ออกไปมาก, ใหญ่โต, เช่น มีเนื้อที่กว้างขวาง; เผื่อแผ่ เช่น มีนํ้าใจกว้างขวาง, รู้จักคนมากและมีคนรู้จักมาก เช่น กว้างขวางในสังคม.
กว้างขวาง	๒๕๕๔	แผ่ออกไปมาก, ใหญ่โต, เช่น มีเนื้อที่กว้างขวาง
กว้างใหญ่	๒๕๔๒	ก. แผ่ออกไปไกล.
กว้างใหญ่	๒๕๕๔	แผ่ออกไปไกล.
กว้าน	๒๕๔๒	[กฺว้าน] น. ตึก ใช้ควบกันว่า ตึกกว้าน; (ถิ่น-ปักษ์ใต้) ที่อยู่ซึ่งปลูกไว้คล้ายโรงนา พื้นอยู่กับดิน.
กว้าน	๒๕๕๔	ตึกแถวชั้นเดียว ส่วนใหญ่เป็นร้านค้า, มักใช้เข้าคู่กับคำ ตึก เป็น ตึกกว้าน เช่น เรือนริมรัถยาฝากระดาน ตึกกว้านบ้านขุนนางนองเนือง
กว้าว	๒๕๔๒	[กฺว้าว] ดู ขว้าว.
กว้าว	๒๕๕๔	ดู ขว้าว.
กว๊าน	๒๕๔๒	[กฺว๊าน] (ถิ่น-พายัพ) น. บึง; นํ้าตอนลึก, นํ้าตอนที่ไหลวน.
กว๊าน	๒๕๕๔	บึงขนาดใหญ่.
กษณะ	๒๕๔๒	[กะสะหฺนะ] (กลอน) น. ครู่, ครั้ง, คราว. (ส.; ป. ขณ).
กษณะ	๒๕๕๔	ขณะ, ครู่, ครั้ง, คราว.
กษมา	๒๕๔๒	[กะสะ-] (แบบ) น. ความอดกลั้น, ความอดโทษ, เช่น พระกษมาเสมอหล้า สี่แดน. (ยวนพ่าย).<2t>ก. กล่าวคําขอโทษ, โดยมากใช้ว่า ษมา. (ส. กฺษมา; ป. ขมา).
กษมา	๒๕๕๔	ความอดกลั้น, ความอดโทษ, เช่น พระกษมาเสมอหล้า สี่แดน
กษัตร	๒๕๔๒	[กะสัด] (โบ) น. พระเจ้าแผ่นดิน, เจ้านาย. (ส. กฺษตฺร; ป. ขตฺต).
กษัตร	๒๕๕๔	พระเจ้าแผ่นดิน, เจ้านาย.
กษัตรา	๒๕๔๒	[กะสัดตฺรา] (กลอน) น. กษัตริย์ เช่น คือ พรหมทัตกษัตรา. (กฤษณา).
กษัตรา	๒๕๕๔	กษัตริย์ เช่น มีองค์อิสราธิปตัย ทรงนามภูวไนย คือพรหมทัตกษัตรา
กษัตราธิราช	๒๕๔๒	น. พระเจ้าแผ่นดิน.
กษัตราธิราช	๒๕๕๔	พระเจ้าแผ่นดินผู้ยิ่งใหญ่กว่ากษัตริย์ทั้งหลาย.
กษัตริย-	๒๕๕๔	พระเจ้าแผ่นดิน
กษัตริยชาติ	๒๕๔๒	[กะสัดตฺริยะชาด] น. ชาติกษัตริย์ เช่น รู้แน่ว่าเป็นกษัตริยชาติ. (ม. ร่ายยาว สักบรรพ).
กษัตริยชาติ	๒๕๕๔	ชาติกษัตริย์ เช่น รู้แน่ว่าเป็นกษัตริยชาติ (ม. ร่ายยาว สักบรรพ).
กษัตริยาธิราช	๒๕๕๔	พระเจ้าแผ่นดินผู้ยิ่งใหญ่กว่ากษัตริย์ทั้งหลาย.
กษัตริย์	๒๕๔๒	[กะสัด] น. พระเจ้าแผ่นดิน, ใช้เต็มว่า พระมหากษัตริย์, คนในวรรณะที่ ๒ แห่งสังคมฮินดู ซึ่งมีอยู่ ๔ วรรณะ ได้แก่ วรรณะพราหมณ์ วรรณะกษัตริย์ วรรณะแพศย์ และวรรณะศูทร. (ส. กฺษตฺริย ว่า ผู้ป้องกันภัย, ชาตินักรบ; ป. ขตฺติย).<2t>ว. แท้ไม่มีอื่นปน เช่น ทองเนื้อกษัตริย์, เรียกรูปพรรณที่ทําด้วยโลหะมีราคา เช่น ถ้าทําด้วยเงิน ทอง นาก สลับกัน เรียกว่า สามกษัตริย์.
กษัตริย์	๒๕๕๔	พระเจ้าแผ่นดิน
กษัตรี	๒๕๔๒	[กะสัดตฺรี] (กลอน) น. กษัตริย์ผู้หญิง เช่น สมเด็จพระแก้วกษัตรี. (ม. คําหลวง ทานกัณฑ์); เจ้าผู้หญิง เช่น สองกษัตรีเจ้าหล้า แกล้วกว่าแกล้วใจกล้า กว่ากล้ากลัวอาย. (ลอ); สตรี เช่น จักเสื่อมสวัสดิ์กษัตรี. (กฤษณา).
กษัตรี	๒๕๕๔	กษัตริย์ผู้หญิง เช่น สมเด็จพระแก้วกษัตรี (ม. คำหลวง ทานกัณฑ์)
กษัตรีย์	๒๕๔๒	[กะสัดตฺรี] (กลอน) น. กษัตริย์ เช่น พินทุทัตกษัตรีย์. (สมุทรโฆษ); เจ้าผู้หญิง เช่น อันว่าพระมหาสัตว์แลกษัตรีย์. (ม. คําหลวง วนปเวสน์).
กษัตรีย์	๒๕๕๔	กษัตริย์ เช่น พินทุทัตกษัตรีย์ (สมุทรโฆษ)
กษัตรีศูร	๒๕๔๒	[กะสัดตฺรีสูน] (กลอน) น. กษัตริย์ผู้เป็นใหญ่ เช่น เจ้าไตรภพโลกเมาลีเป็นกษัตรีศูร. (ม. คําหลวง นครกัณฑ์). (ส. กฺษตฺร + อีศฺวร).
กษัตรีศูร	๒๕๕๔	กษัตริย์ผู้เป็นใหญ่ เช่น เจ้าไตรภพโลกเมาลีเป็นกษัตรีศูร (ม. คำหลวง นครกัณฑ์).
กษัย	๒๕๔๒	[กะไส, กะไสยะ-] น. การสิ้นไป, การหมดไป, การเสื่อมไป, การน้อยไป; ชื่อโรคตามตำราแพทย์แผนโบราณว่า ทำให้ร่างกายทรุดโทรม มีอาการผอมแห้งตัวเหลืองเท้าเย็น, เขียนเป็น กระษัย ก็มี. (ส. กฺษย).
กษัย	๒๕๕๔	การสิ้นไป, การหมดไป, การเสื่อมไป, การน้อยไป
กษัย-	๒๕๕๔	การสิ้นไป, การหมดไป, การเสื่อมไป, การน้อยไป
กษัยกล่อน	๒๕๔๒	น. ชื่อโรคทางตําราแพทย์แผนโบราณว่า ทําให้ผอมแห้ง ซึ่งเกิดจากโรคกล่อน, เขียนเป็น กระษัยกล่อน ก็มี.
กษัยกล่อน	๒๕๕๔	ชื่อโรคทางตำราแพทย์แผนโบราณว่า ทำให้ร่างกายผอมแห้ง ซึ่งเกิดจากโรคกล่อน, เขียนเป็น กระษัยกล่อน ก็มี.
กษัยการ	๒๕๔๒	[กะไสยะกาน] น. การที่สิ่งต่าง&#160;ๆ ค่อยผุพังและแพร่สะพัดหรือกระจัดกระจายไปเพราะพลังลม พลังนํ้า หรือปฏิกิริยาเคมี. (อ. erosion).
กษัยน้ำ	๒๕๔๒	น. กษัยเนื่องจากเลือด นํ้าเหลือง หรือ เสมหะเป็นพิษ ถ้ารวมทั้ง ๓ ประการ เรียกว่า กษัยเลือด.
กษัยน้ำ	๒๕๕๔	กษัยเนื่องจากเลือด นํ้าเหลือง หรือเสมหะเป็นพิษ ถ้ารวมทั้ง ๓ ประการ เรียกว่า กษัยเลือด.
กษัยเลือด	๒๕๔๒	น. กษัยเนื่องจากเลือด นํ้าเหลือง และเสมหะเป็นพิษ.
กษัยเลือด	๒๕๕๔	กษัยเนื่องจากเลือด นํ้าเหลือง และเสมหะเป็นพิษ.
กษาปณ์	๒๕๔๒	[กะสาบ] (แบบ) น. กระษาปณ์, เงินตราที่ทําด้วยโลหะ, ตําลึง (= ๒๐ มาสก) เช่น ได้ถึงร้อยกษาปณ์. (ม. ร่ายยาว ชูชก).
กษาปณ์	๒๕๕๔	กระษาปณ์, เงินตราที่ทำด้วยโลหะ.
กษิดิ	๒๕๔๒	[กะสิดิ, กะสีดิ] (แบบ) น. แผ่นดิน. (ส. กฺษิติ), ในบทกลอนใช้เป็นส่วนหน้าสมาส แปลว่า พระเจ้าแผ่นดิน เช่น กษิดินทรทายทานแล้ว. (ส. กฺษิติ + อินฺทฺร), อนนว่ากษีดิศรสุริยทงงหลาย. (ส. กฺษิติ + อีศฺวร), อนนว่าพระแพศยันดรกษิดิศวร์. (ส. กฺษิติ + อีศฺวร). (ม. คําหลวง ทานกัณฑ์, วนปเวสน์).
กษิดิ	๒๕๕๔	แผ่นดิน. (ส. กฺษิติ), ในบทกลอนใช้เป็นส่วนหน้าสมาส แปลว่า พระเจ้าแผ่นดิน เช่น กษิดินทรทายทานแล้ว. (ส. กฺษิติ + อินฺทฺร), อนนว่ากษีดิศรสุริยทงงหลาย. (ส. กฺษิติ + อีศฺวร), อนนว่าพระแพศยันดรกษิดิศวร์. (ส. กฺษิติ + อีศฺวร) (ม. คำหลวง ทานกัณฑ์, วนปเวสน์).
กษีณาศรพ	๒๕๔๒	[กะสีนาสบ] (แบบ) น. ขีณาสพ, พระผู้สิ้นอาสวะ, พระอรหันต์, เขียนเป็น กษีณาศรพ กษิณาศรพย และ กษิณาสยพ ก็มี เช่น อันว่าพระโลกยเชษฐาจารย์ ก็มีพุทธโองการพระคาถา ให้กษิณาศรพทงงหลายฟงง ดังนี้. (ม. คําหลวง นครกัณฑ์), อันว่าพระสาศดาบพิตร จะปกาสิตคาถา แก่กษิณาศรพยทงงหลาย ด่งงนี้. (ม. คําหลวง ฉกษัตริย์). (ส. กฺษีณ + อาสฺรว).
กษีณาศรพ	๒๕๕๔	ขีณาสพ, พระผู้สิ้นอาสวะ, พระอรหันต์, เขียนเป็น กษิณาศรพ กษิณาศรพย และ กษิณาสยพ ก็มี เช่น อันว่าพระโลกยเชษฐาจารย์ ก็มีพุทธโองการพระคาถา ให้กษิณาศรพทงงหลายฟงง ดังนี้ (ม. คำหลวง นครกัณฑ์), อันว่าพระสาศดาบพิตร จะปกาสิตคาถา แก่กษิณาศรพยทงงหลาย ด่งงนี้ (ม. คำหลวง ฉกษัตริย์).
กษีดิ	๒๕๕๔	แผ่นดิน. (ส. กฺษิติ), ในบทกลอนใช้เป็นส่วนหน้าสมาส แปลว่า พระเจ้าแผ่นดิน เช่น กษิดินทรทายทานแล้ว. (ส. กฺษิติ + อินฺทฺร), อนนว่ากษีดิศรสุริยทงงหลาย. (ส. กฺษิติ + อีศฺวร), อนนว่าพระแพศยันดรกษิดิศวร์. (ส. กฺษิติ + อีศฺวร) (ม. คำหลวง ทานกัณฑ์, วนปเวสน์).
กษีร	๒๕๔๒	[กะสีระ] (แบบ) น. นํ้านม เช่น กษีรสุทธมฤธู. (เสือโค). (ส.).
กษีร-	๒๕๕๔	นํ้านม เช่น กษีรสุทธมฤธู
กษีรธารา	๒๕๔๒	น. สายนํ้านม เช่น ให้เสวยโภชนและกษีรธารา. (ม. คําหลวง นครกัณฑ์).
กษีรธารา	๒๕๕๔	สายนํ้านม เช่น ให้เสวยโภชนและกษีรธารา (ม. คำหลวง นครกัณฑ์).
กษีรรส	๒๕๔๒	น. นํ้านม เช่น เปรียบเหมือนกษีรรสคือนํ้านมสดขาวสะอาด. (ม. ร่ายยาว สักบรรพ).
กษีรรส	๒๕๕๔	นํ้านม เช่น เปรียบเหมือนกษีรรสคือนํ้านมสดขาวสะอาด (ม. ร่ายยาว สักบรรพ).
กษีระ	๒๕๕๔	นํ้านม เช่น กษีรสุทธมฤธู
กษีรามพุ	๒๕๔๒	น. นํ้านม เช่น ดูดดื่มกษีรามพุ. (สมุทรโฆษ). (ส. กฺษีร + อมฺพุ).
กษีรามพุ	๒๕๕๔	นํ้านม เช่น ดูดดื่มกษีรามพุ
กษีรารณพ	๒๕๔๒	[กะสีราระนบ] น. ทะเลนํ้านม. (ส. กฺษีร + อรฺณว).
กษีรารณพ	๒๕๕๔	ทะเลนํ้านม.
กสานติ์	๒๕๔๒	[กะ-] (กลอน) ว. สงบ, ราบคาบ, เช่น ผ่องนํ้าใจกสานติ์. (เฉลิมพระเกียรติพระนารายณ์). (ก + ป. สนฺติ), กระสานติ์ ก็ใช้.
กสานติ์	๒๕๕๔	สงบ, ราบคาบ, เช่น ผ่องนํ้าใจกสานติ์ (ก + ป. สนฺติ), กระสานติ์ ก็ใช้.
กสิ	๒๕๔๒	[กะ-] น. การทํานา, การเพาะปลูก. (ป.).
กสิ	๒๕๕๔	การทำนา, การเพาะปลูก.
กสิ-	๒๕๕๔	การทำนา, การเพาะปลูก.
กสิกร	๒๕๔๒	[กะสิกอน] น. ผู้ทําไร่ไถนา.
กสิกร	๒๕๕๔	ผู้ทำไร่ไถนา, ผู้ทำการเพาะปลูก.
กสิกรรม	๒๕๔๒	น. การทําไร่ไถนา.
กสิกรรม	๒๕๕๔	การทำไร่ไถนา, การเพาะปลูก.
กสิณ	๒๕๔๒	[กะสิน] น. สมถกรรมฐานหมวดหนึ่งว่าด้วยอารมณ์ที่กําหนดธาตุ ๔ คือ ปฐวี (ดิน) อาโป (นํ้า) เตโช (ไฟ) วาโย (ลม), ว่าด้วยวรรณะ (สี) ๔ คือ นีล (สีเขียว) ปีต (สีเหลือง) โลหิต (สีแดง) โอทาต (สีขาว), ว่าด้วยอากาศ (ที่ว่าง) และ อาโลก (แสงสว่าง) รวมเป็น ๑๐ อย่าง. (ป.).
กสิณ	๒๕๕๔	สมถกรรมฐานหมวดหนึ่งที่กำหนดอารมณ์โดยอาศัยธาตุ ๔ คือ ปฐวี (ดิน) อาโป (นํ้า) เตโช (ไฟ) วาโย (ลม), วรรณะ (สี) ๔ คือ นีล (สีเขียวคราม) ปีต (สีเหลือง) โลหิต (สีแดง) โอทาต (สีขาว), อากาศ (ที่ว่าง) และ อาโลก (แสงสว่าง) รวมเป็น ๑๐ อย่าง โดยเลือกอย่างใดอย่างหนึ่งในการกำหนดอารมณ์ให้เหมาะกับจริตของผู้ที่จะเจริญกรรมฐาน.
กหังปายา	๒๕๔๒	[กะ-] น. เกณฑ์สําหรับลบพุทธศักราชเป็นจุลศักราช ตรงกับเลข ๑๑๘๑.
กหังปายา	๒๕๕๔	เกณฑ์สำหรับลบพุทธศักราชเป็นจุลศักราช และบวกจุลศักราชเป็นพุทธศักราช ตรงกับเลข ๑๑๘๑.
กหาปณะ	๒๕๔๒	[กะหาปะนะ] (แบบ) น. เงินตรามีพิกัดเท่ากับ ๒๐ มาสก หรือ ๑ ตําลึง คือ ๔ บาท. (ป.).
กหาปณะ	๒๕๕๔	เงินตรามีพิกัดเท่ากับ ๒๐ มาสก.
กอ	๒๕๔๒	น. กลุ่มแห่งต้นไม้ที่เกิดจากเหง้าเดียวกัน เช่น กอหญ้า กอแขม กอไผ่, ต้นไม้ที่ขึ้นเป็นกลุ่ม เช่น กอข้าว, ใช้เข้าคู่กับคํา เหล่า ว่า เหล่ากอ หมายความว่า เชื้อสาย.
กอ	๒๕๕๔	กลุ่มของต้นไม้ที่เกิดจากต้นหรือเหง้าเดียวกัน เช่น กอไผ่ กอตะไคร้ กอบัว, พืชที่ขึ้นหรือปลูกเป็นกลุ่ม เช่น กอหญ้า กอกุหลาบ.
กอก	๒๕๔๒	ก. ดูดเลือด หนอง หรือลมออกจากร่างกายหรือดูดเอานํ้านมออกจากเต้านมโดยใช้ถ้วย กระบอก ฯลฯ เป็นเครื่องดูด.
กอก	๒๕๕๔	ดูดเลือด หนอง หรือลมออกจากร่างกาย หรือดูดเอานํ้านมออกจากเต้านม โดยใช้ถ้วย กระบอก ฯลฯ เป็นเครื่องดูด.
กอง	๒๕๔๒	ก. ทําให้รวมสุมกันไว้, สุมกันไว้.<2t>น. สิ่งต่าง&#160;ๆ ที่รวมกันไว้เช่นนั้น เช่น กองมะม่วง กองฟืน, สิ่งต่าง&#160;ๆ ที่สุมกันไว้ เช่น กองขยะ; กำลังพลของทหาร ตำรวจ เป็นต้น จำนวน ๔ หมวด เรียกว่า กองร้อย, ถ้าเป็นทหารหรือตำรวจหัวหน้าจะต้องมียศร้อยเอก เรือเอก เรืออากาศเอก หรือร้อยตำรวจเอก เรียกว่า ผู้บังคับกองร้อย หรือทั่ว&#160;ๆ ไปเรียกว่า ผู้กอง เฉพาะตำรวจนิยมเรียกอีกอย่างหนึ่งว่า สารวัตร; ส่วนราชการที่รองจากกรม.<2t>ว. ถ้ามีคํา เป็น ประกอบหน้า หมายความว่า มาก เช่น โตขึ้นเป็นกอง มากกว่าเป็นกอง.
กอง	๒๕๕๔	ทำให้รวมสุมกันไว้, สุมกันไว้.
กองกลาง	๒๕๔๒	น. สิ่งที่กันไว้เป็นส่วนรวม หรือเป็นสาธารณะ.
กองกลาง	๒๕๕๔	สิ่งที่กันไว้เป็นส่วนรวมหรือเป็นสาธารณะ
กองกอย	๒๕๔๒	น. ผีชนิดหนึ่ง เชื่อกันว่ามีตีนเดียว ไม่มีสะบ้าหัวเข่า จึงต้องเดินเขย่งเกงกอย ชอบออกมาดูดเลือดที่หัวแม่เท้าของคนที่นอนหลับพักแรมในป่า.
กองกอย	๒๕๕๔	ผีชนิดหนึ่ง เชื่อกันว่ามีตีนเดียว ไม่มีสะบ้าหัวเข่า จึงต้องเดินเขย่งเกงกอย ชอบออกมาดูดเลือดที่หัวแม่เท้าของคนที่นอนหลับพักแรมในป่า.
กองกูณฑ์	๒๕๔๒	น. กองไฟที่ใช้ในพิธีบูชาไฟ.
กองกูณฑ์	๒๕๕๔	กองไฟที่ใช้ในพิธีบูชาไฟ.
กองข้าว	๒๕๔๒	น. พิธีอย่างหนึ่งที่ชาวชนบทห่อข้าวพร้อมด้วยของหวานพากันไปเซ่นผีตามป่าในหน้าแล้ง.
กองข้าว	๒๕๕๔	พิธีอย่างหนึ่งที่ชาวชนบทห่อข้าวพร้อมด้วยของหวานพากันไปเซ่นผีตามป่าในหน้าแล้ง.
กองทัพ	๒๕๔๒	น. หน่วยทหารที่ประกอบด้วย ทหาร ๓ กองพล และมีทหารหน่วยอื่น&#160;ๆ เช่น หน่วยทหารช่าง หน่วยทหารสื่อสาร หน่วยทหารรถถัง หน่วยทหารปืนใหญ่ เป็นส่วนประกอบ มีแม่ทัพเป็นผู้บังคับบัญชา.
กองทัพ	๒๕๕๔	หน่วยทหารที่ประกอบด้วย ทหาร ๓ กองพล และมีทหารหน่วยอื่นๆ เช่น หน่วยทหารช่าง หน่วยทหารสื่อสาร หน่วยทหารรถถัง หน่วยทหารปืนใหญ่ เป็นส่วนประกอบ มีแม่ทัพเป็นผู้บังคับบัญชา.
กองทัพน้อย	๒๕๔๒	น. หน่วยทหารที่ประกอบด้วยทหารหลายกองพล มีจํานวนไม่แน่นอน เป็นการจัดตั้งขึ้นเฉพาะกิจอย่างใดอย่างหนึ่ง มีแม่ทัพน้อยเป็นผู้บังคับบัญชา.
กองทัพน้อย	๒๕๕๔	หน่วยทหารที่ประกอบด้วยทหารหลายกองพล มีจำนวนไม่แน่นอน เป็นการจัดตั้งขึ้นเฉพาะกิจอย่างใดอย่างหนึ่ง มีแม่ทัพน้อยเป็นผู้บังคับบัญชา.
กองทุน	๒๕๔๒	น. เงินหรือทรัพย์สินที่เอามารวมเป็นก้อนเดียวกันเพื่อวัตถุประสงค์อย่างใดอย่างหนึ่ง เช่น ในการสมรส.
กองทุน	๒๕๕๔	เงินหรือทรัพย์สินที่เอามารวมเป็นก้อนเดียวกันเพื่อวัตถุประสงค์อย่างใดอย่างหนึ่ง เช่น ในการสมรส.
กองทุนบำเหน็จบำนาญข้าราชการ	๒๕๕๔	กองทุนที่จัดตั้งขึ้นตามกฎหมายว่าด้วยกองทุนบำเหน็จบำนาญข้าราชการ มีวัตถุประสงค์เพื่อเป็นหลักประกันการจ่ายบำเหน็จบำนาญและให้ประโยชน์ตอบแทนการรับราชการแก่ข้าราชการเมื่อออกจากราชการ เรียกชื่อย่อว่า กบข.
กองทุนประกันสังคม	๒๕๕๔	กองทุนที่จัดตั้งขึ้นในสำนักงานประกันสังคม เพื่อเป็นทุนใช้จ่ายให้ผู้ประกันตนได้รับประโยชน์ทดแทน กองทุนนี้มีทรัพย์สินส่วนใหญ่ประกอบด้วยเงินสมทบจากรัฐบาล นายจ้าง และผู้ประกันตน.
กองทุนฟื้นฟู	๒๕๕๔	กองทุนเพื่อการฟื้นฟูและพัฒนาระบบสถาบันการเงินตามกฎหมายว่าด้วยธนาคารแห่งประเทศไทย.
กองทุนรวม	๒๕๕๔	กองทุนรวมที่จัดตั้งและดำเนินการโดยบริษัทหลักทรัพย์ มีวัตถุประสงค์เพื่อนำเงินไปลงทุนตามโครงการที่ได้รับอนุมัติ.
กองทุนสำรองเลี้ยงชีพ	๒๕๕๔	กองทุนที่ลูกจ้างและนายจ้างร่วมกันจัดตั้งขึ้นโดยมีทรัพย์สินส่วนใหญ่ประกอบด้วยเงินที่ลูกจ้างจ่ายสะสม และเงินที่นายจ้างจ่ายสมทบ เพื่อเป็นหลักประกันแก่ลูกจ้างในกรณีที่ลูกจ้างตายหรือออกจากงาน.
กองทุนหมู่บ้าน	๒๕๕๔	กองทุนที่จัดตั้งขึ้นในแต่ละหมู่บ้านตามกฎหมายว่าด้วยกองทุนหมู่บ้านและชุมชนเมืองแห่งชาติ เพื่อเป็นแหล่งเงินทุนหมุนเวียนสำหรับประชาชนในหมู่บ้าน กองทุนดังกล่าวถ้าจัดตั้งขึ้นในเขตชุมชนเมือง เรียกว่า กองทุนชุมชนเมือง.
กองทุนอ้อยและน้ำตาลทราย	๒๕๕๔	กองทุนที่จัดตั้งขึ้นโดยมีวัตถุประสงค์สำคัญ เพื่อการรักษาเสถียรภาพของอุตสาหกรรมอ้อยและน้ำตาลทรายที่ใช้บริโภคในประเทศ.
กองพล	๒๕๔๒	น. หน่วยทหารซึ่งมีทหารราบ ๓ กรม เป็นหลัก มีทหารหน่วยอื่น&#160;ๆ เช่น หน่วยทหารปืนใหญ่ หน่วยทหารรถถัง หน่วยทหารซึ่งมีทหารราบ ทหารขนส่ง หน่วยทหารสารวัตร เป็นส่วนประกอบ มีผู้บัญชาการกองพลเป็นผู้บังคับบัญชา.
กองพล	๒๕๕๔	หน่วยทหารซึ่งมีทหารราบ ๓ กรม เป็นหลัก มีทหารหน่วยอื่นๆ เช่น หน่วยทหารปืนใหญ่ หน่วยทหารรถถัง หน่วยทหารซึ่งมีทหารราบ ทหารขนส่ง หน่วยทหารสารวัตร เป็นส่วนประกอบ มีผู้บัญชาการกองพลเป็นผู้บังคับบัญชา.
กองพะเนิน	๒๕๕๔	สุมกันเป็นกองมากมาย.
กองพะเนินเทินทึก	๒๕๕๔	สุมกันเป็นกองมากมาย.
กองพัน	๒๕๔๒	น. หน่วยทหารซึ่งประกอบด้วยทหาร ๔ กองร้อย มีผู้บังคับกองพันเป็นผู้บังคับบัญชา.
กองพัน	๒๕๕๔	หน่วยทหารซึ่งประกอบด้วยทหาร ๔ กองร้อย มีผู้บังคับกองพันเป็นผู้บังคับบัญชา.
กองฟอน	๒๕๔๒	น. กองขี้เถ้าศพที่เผาแล้ว.
กองฟอน	๒๕๕๔	กองขี้เถ้าศพที่เผาแล้ว.
กองมรดก	๒๕๔๒	(กฎ) ดู มรดก.
กองมรดก	๒๕๕๔	ทรัพย์สินทุกชนิดของผู้ตาย รวมทั้งสิทธิหน้าที่และความรับผิดต่าง ๆ เว้นแต่ตามกฎหมายหรือโดยสภาพแล้วเป็นการเฉพาะตัวของผู้ตายโดยแท้.
กองร้อย	๒๕๔๒	น. หน่วยทหารที่ประกอบด้วยทหาร ๔ หมวด มีผู้บังคับกองร้อยเป็นผู้บังคับบัญชา.
กองร้อย	๒๕๕๔	หน่วยทหารที่ประกอบด้วยทหาร ๔ หมวด มีผู้บังคับกองร้อยเป็นผู้บังคับบัญชา.
กองหนุน	๒๕๔๒	น. ทหารที่ปลดออกจากประจําการหรือที่ปลดจากกองเกินเมื่ออายุครบกําหนด, ทหารที่จัดไว้เพื่อเพิ่มเติมหรือสับเปลี่ยนแนวหน้า.
กองหนุน	๒๕๕๔	ทหารที่ปลดออกจากประจำการหรือที่ปลดจากกองเกินเมื่ออายุครบกำหนด, ทหารที่จัดไว้เพื่อเพิ่มเติมหรือสับเปลี่ยนแนวหน้า.
กองหน้า	๒๕๕๔	หน่วยหน้า, ตำแหน่งในกีฬาฟุตบอลที่ผู้เล่นมีหน้าที่จู่โจมในการรุกเข้ายิงประตูฝ่ายตรงข้าม.
กองหลัง	๒๕๕๔	หน่วยหลัง, ตำแหน่งในกีฬาฟุตบอลที่ผู้เล่นมีหน้าที่ป้องกันไม่ให้ผู้เล่นฝ่ายตรงข้ามยิงประตูฝ่ายตน.
กองเกิน	๒๕๔๒	น. ผู้ขึ้นทะเบียนรับราชการทหาร แต่ทางการยังไม่เรียกเข้ารับราชการ.
กองเกิน	๒๕๕๔	ผู้ขึ้นทะเบียนรับราชการทหาร แต่ทางการยังไม่เรียกเข้ารับราชการ.
กองเกียรติยศ	๒๕๔๒	น. กองทหารหรือตํารวจเป็นต้น ที่จัดขึ้นเพื่อให้เป็นเกียรติแก่ประมุขของประเทศ บุคคลสําคัญ ศพทหารตํารวจ หรือสิ่งอื่น&#160;ๆ เช่น ธงชัยเฉลิมพล.
กองเกียรติยศ	๒๕๕๔	กองทหารหรือตำรวจเป็นต้นที่จัดขึ้นเพื่อให้เป็นเกียรติแก่ประมุขของประเทศ บุคคลสำคัญ ศพทหารตำรวจ หรือสิ่งอื่นๆ เช่น ธงชัยเฉลิมพล.
กองโจร	๒๕๔๒	น. หน่วยกําลังที่ทําการรบแบบโจร.
กองโจร	๒๕๕๔	หน่วยกำลังที่ทำการรบแบบโจร.
กอด	๒๕๔๒	ก. โอบไว้ในวงแขน, โดยปริยายหมายถึงอาการที่มีลักษณะคล้ายคลึงเช่นนั้น.
กอด	๒๕๕๔	โอบไว้ในวงแขน, โดยปริยายหมายถึงอาการที่มีลักษณะคล้ายคลึงเช่นนั้น.
กอดคอกันตาย	๒๕๕๔	ไม่ทอดทิ้งกัน.
กอดอก	๒๕๕๔	เอาแขนประสานกันไว้ที่อก.
กอดเก้าอี้	๒๕๕๔	ยึดตำแหน่ง, ไม่ยอมละตำแหน่ง, เช่น ไม่ว่างานของเขาจะล้มเหลวและก่อให้เกิดความเสียหายเพียงใด เขาก็กอดเก้าอี้แน่น ไม่ยอมลาออก.
กอดเข่า	๒๕๕๔	อยู่ในที่จำกัดอย่างหงอยเหงา เช่น ฝนตกทั้งวัน ไปไหนไม่ได้ ต้องนั่งกอดเข่าเจ่าจุกอยู่แต่ในบ้าน.
กอดเข่าเจ่าจุก	๒๕๕๔	อยู่ในที่จำกัดอย่างหงอยเหงา เช่น ฝนตกทั้งวัน ไปไหนไม่ได้ ต้องนั่งกอดเข่าเจ่าจุกอยู่แต่ในบ้าน.
กอดแข้งกอดขา	๒๕๔๒	ก. ประจบประแจง.
กอดแข้งกอดขา	๒๕๕๔	ประจบประแจง.
กอบ	๒๕๔๒	ก. เอามือ ๒ ข้างรวบสิ่งของเข้ามาจนนิ้วก้อยของมือชิดกันแล้วยกขึ้น.<2t>น. เรียกของที่กอบขึ้นครั้งหนึ่ง&#160;ๆ ว่า กอบหนึ่ง&#160;ๆ, ลักษณนามเรียกปริมาณของของที่กอบขึ้นมาเช่นนั้น เช่น ทรายกอบหนึ่ง ข้าวสาร ๒ กอบ.
กอบ	๒๕๕๔	เอามือ ๒ ข้างรวบสิ่งของเข้ามาจนสันมือชิดกันแล้วยกขึ้น.
กอบด้วย	๒๕๔๒	ว. มี (มักจะใช้ในคําที่กล่าวถึงลักษณะเพิ่มเติม) เช่น นาย ก เป็นผู้มีอํานาจและกอบด้วยเมตตา, ประกอบด้วย.
กอบด้วย	๒๕๕๔	มี, มีมาก, เช่น นาย ก เป็นผู้มีอำนาจและกอบด้วยเมตตา, ประกอบด้วย ก็ว่า.
กอบนาง	๒๕๔๒	น. ชื่อไม้เถาชนิด Chilocarpus costatus Miq. ในวงศ์ Apocynaceae พบทางปักษ์ใต้ มียางขาว, ย่านกอบนาง ก็เรียก.
กอบนาง	๒๕๕๔	ชื่อไม้เถาชนิด Chilocarpus costatusMiq. ในวงศ์ Apocynaceae พบทางปักษ์ใต้ มียางขาว, ย่านกอบนาง ก็เรียก.
กอบโกย	๒๕๔๒	ก. ขนเอาไปเป็นจํานวนมาก, รวบเอาไปเป็นจํานวนมาก.
กอบโกย	๒๕๕๔	ขนเอาไปเป็นจำนวนมาก, รวบเอาไปเป็นจำนวนมาก.
กอปร	๒๕๔๒	[กอบ] ก. ประกอบ.
กอปร	๒๕๕๔	ประกอบ.
กอมก้อ	๒๕๔๒	(ถิ่น-พายัพ) น. ต้นกะเพรา. (ดู กะเพรา).
กอย	๒๕๔๒	น. คนป่าพวกหนึ่ง ตัวดํา ผมหยิก อยู่ในแหลมมลายู, เงาะ ก็เรียก.
กอย	๒๕๕๔	คนป่าพวกหนึ่ง รูปร่างต่ำเตี้ย ตัวดำ ผมหยิก อยู่ในแหลมมลายู ได้แก่ พวกเซมัง และซาไกหรือเซนอย, เงาะ ก็เรียก.
กอริลลา	๒๕๔๒	น. ชื่อลิงไม่มีหางชนิด Gorilla gorilla ในวงศ์ Pongidae เป็นลิงที่มีขนาดใหญ่ที่สุด ตัวสูงขนาดคนแต่ลํ่าสันและแข็งแรงกว่ามาก มีถิ่นกําเนิดในทวีปแอฟริกา.
กอริลลา	๒๕๕๔	ชื่อลิงไม่มีหางชนิด Gorilla gorilla Savage & Wyman ในวงศ์ Pongidae เป็นลิงที่มีขนาดใหญ่ที่สุด ตัวสูงขนาดคนแต่ลํ่าสันและแข็งแรงกว่ามาก ขนลำตัวสีดำหรือสีเทา มีถิ่นกำเนิดในทวีปแอฟริกา.
กอล์ฟ	๒๕๔๒	น. กีฬาชนิดหนึ่ง ใช้ไม้ตีลูกกลมผ่านพื้นที่ขวางกั้นที่เตรียมไว้ให้มีลักษณะต่าง&#160;ๆ กัน เช่น เป็นหลุมทราย บ่อนํ้า ให้ไปลงหลุมที่กําหนด. (อ. golf).
กอล์ฟ	๒๕๕๔	กีฬาชนิดหนึ่ง ใช้ไม้ตีลูกกลมผ่านพื้นที่ขวางกั้นที่เตรียมไว้ให้มีลักษณะต่างๆ กัน เช่น เป็นหลุมทราย บ่อนํ้า ให้ไปลงหลุมที่กำหนด.
กอเอี๊ยะ	๒๕๔๒	น. ขี้ผึ้งปิดแผลชนิดหนึ่งแบบจีน. (จ.).
กอเอี๊ยะ	๒๕๕๔	แผ่นขี้ผึ้งปิดแผลชนิดหนึ่งแบบจีน.
กอแก	๒๕๔๒	ก. เกาะแกะ เช่น อย่ากอแกชาววังหลังจะลาย.
กอแก	๒๕๕๔	เกาะแกะ เช่น อย่ากอแกชาววังหลังจะลาย.
กอและ	๒๕๔๒	(ถิ่น-ปักษ์ใต้) น. ชื่อเรือประมงตามชายฝั่งทะเลทางภาคใต้ รูปร่างยาวเพรียว หัวและท้ายเรือแหลมสูง เขียนลวดลายสีสันต่าง&#160;ๆ ไว้อย่างสวยงาม.
กอและ	๒๕๕๔	ชื่อเรือประมงชนิดเรือต่อ ใช้ตามชายทะเลฝั่งตะวันออกทางภาคใต้ตอนล่าง รูปร่างยาวเพรียว หัวและท้ายเรือแหลมสูง ใช้ใบขับเคลื่อนรับลม เขียนลวดลายสีสันต่างๆ ไว้อย่างสวยงาม.
กะ	๒๕๔๒	น. เครื่องหมายบอกทํานองสวด เช่น กะมหาชาติคําหลวง, ทํานองสวด เช่น สวดกะ; รอบการเข้าเวร, ระยะเวลาที่ผลัดเปลี่ยนกันทํางาน, เช่น กะแรก กะที่ ๒.<2t>ก. กําหนด, หมาย, คะเน, ประมาณ.
กะ	๒๕๕๔	เครื่องหมายบอกทำนองสวด เช่น กะมหาชาติคำหลวง, ทำนองสวด เช่น สวดกะ
กะกร่อม	๒๕๔๒	(ถิ่น-ปักษ์ใต้) น. เครื่องมือจับปูทะเล เป็นของชาวประมงตั้งแต่จังหวัดชุมพรถึงสุราษฎร์ธานี, บางทีเรียกว่า กร่อม หรือ ตะกร่อม, ใช้ไม้ไผ่อันเดียวผ่าตอนปลายออกเป็น ๔ ซี่ และซี่เหล่านั้นเหลาให้อ่อน จะเป็นรูปกลมหรือแบนก็ได้ เอาวงแหวนทําด้วยไม้ไผ่หรือหวายหรือลวดใส่ในหว่างซี่เหล่านั้นเพื่อบังคับให้ถ่างออก.
กะกร่อม	๒๕๕๔	ดู กร่อม ๒.
กะกร้าว	๒๕๔๒	(กลอน) ว. มีเสียงอย่างขบฟันดังกร้วม&#160;ๆ, (โบ) เขียนเป็น กกร้าว ก็มี เช่น กเกรอกขบฟนนก็ดูร้าว กกร้าวขบฟนนกดูแรง. (ม. คําหลวง มหาราช).
กะกร้าว	๒๕๕๔	กร้าว, (โบ) เขียนเป็น กกร้าว ก็มี เช่น กเกรอกขบฟนนก็ดูร้าว กกร้าวขบฟนนกดูแรง (ม. คำหลวง มหาราช).
กะกลิ้ง	๒๕๔๒	น. โกฐกะกลิ้ง. (ดู โกฐกะกลิ้ง).
กะกลิ้ง	๒๕๕๔	โกฐกะกลิ้ง. (ดู โกฐกะกลิ้ง ที่ โกฐ).
กะกัง	๒๕๔๒	น. พี่ชาย. (ช. kakang).
กะกัง	๒๕๕๔	พี่ชาย เช่น มานี่กะกังประสันตา จงพาข้าไปชมแสงจันทร์
กะกึก	๒๕๔๒	(กลอน) ว. กึก&#160;ๆ เช่น ดังกะกึกกุกกักชักสายพาดขึ้นกับไก. (ม. ร่ายยาว กุมาร).
กะกึก	๒๕๕๔	กึกๆ เช่น ดังกะกึกกุกกักชักสายพาดขึ้นกับไก (ม. ร่ายยาว กุมาร).
กะก่อง	๒๕๔๒	(กลอน) ว. งดงาม เช่น คางเพลาคือกลวิมลกัณ-<2t>ฐกะก่องคือแสงสรวล. (สมุทรโฆษ).
กะง้องกะแง้ง	๒๕๔๒	(ถิ่น-พายัพ) ว. คดไปคดมา, งอไปงอมา.
กะจัง	๒๕๔๒	ดู กระจัง ๒.
กะจัง	๒๕๕๔	ดู กระจัง ๒.
กะชะ	๒๕๔๒	น. ภาชนะสานชนิดหนึ่ง ตั้งได้คล้ายตะกร้า รูปร่างสูงตรงขึ้นไป สําหรับบรรจุเครื่องเดินทาง เช่น ผ้าและอาหาร ปากไม่มีขอบ เพื่อบีบให้ติดกันแล้วร้อยเชือกแขวนไปบนหลังสัตว์บรรทุก เป็นต้น; (ถิ่น-ปักษ์ใต้) ตะกร้าชนิดหนึ่ง.
กะชะ	๒๕๕๔	ภาชนะสานชนิดหนึ่ง ตั้งได้คล้ายตะกร้า รูปร่างสูงตรงขึ้นไป สำหรับบรรจุเครื่องเดินทาง เช่น ผ้าและอาหาร ปากไม่มีขอบ เพื่อบีบให้ติดกันแล้วร้อยเชือกแขวนไปบนหลังสัตว์บรรทุก เป็นต้น
กะชัง	๒๕๔๒	(โบ) น. นํ้าปัสสาวะแห่งทารก, นํ้าครํ่า, เขียนเป็น กระชัง ก็มี. (มิวเซียม). (ดู กระชัง ๓).
กะชัง	๒๕๕๔	นํ้าปัสสาวะแห่งทารก, นํ้าครํ่า, เขียนเป็น กระชัง ก็มี.
กะชามาศ	๒๕๔๒	น. ทองที่เกิดในนํ้า. (ปาเลกัว).
กะชามาศ	๒๕๕๔	ทองที่เกิดในนํ้า.
กะชิง	๒๕๔๒	ดู กรรชิง.
กะชิง	๒๕๕๔	ดู กรรชิง.
กะชึ่กกะชั่ก	๒๕๔๒	ว. ติด&#160;ๆ ขัด&#160;ๆ, ไปไม่สะดวก.
กะชึ่กกะชั่ก	๒๕๕๔	เสียงดังอย่างเสียงรถจักรไอน้ำเวลาจะเริ่มเคลื่อนที่, โดยปริยายหมายความว่า ติดๆ ขัดๆ, ไปไม่สะดวก.
กะซวก	๒๕๔๒	(ปาก) ก. แทง เช่น กะซวกไส้.
กะซวก	๒๕๕๔	แทง เช่น กะซวกไส้
กะซี่	๒๕๔๒	น. ผลหมากที่แกนไม่มีไส้ขาว, กะซี้ ก็ว่า เช่น กินหมากกะซี้ เป็นหนี้เขาจนตาย.
กะซี่	๒๕๕๔	ผลหมากที่แกนไม่มีไส้ขาว, กะซี้ ก็ว่า เช่น กินหมากกะซี้ เป็นหนี้เขาจนตาย.
กะซ้าหอย	๒๕๔๒	ดู กะส้าหอย.
กะซ้าหอย	๒๕๕๔	ดู กะส้าหอย.
กะดก	๒๕๔๒	(ถิ่น-ปักษ์ใต้) น. กาบ เช่น กะดกหมาก = กาบหมาก, ชาวพื้นเมืองเรียกว่า ดก.
กะดง	๒๕๔๒	ดู ชาปีไหน.
กะดง	๒๕๕๔	ดู ชาปีไหน.
กะดวน	๒๕๔๒	ก. ตอกลิ่มเข้าไปในไม้. (ปาเลกัว).
กะดวน	๒๕๕๔	ตอกลิ่มเข้าไปในไม้.
กะดอก ๆ	๒๕๔๒	(ถิ่น-ปักษ์ใต้) ว. เปล่า&#160;ๆ, เฉย&#160;ๆ.
กะดะ	๒๕๔๒	(ถิ่น-ปักษ์ใต้) ก. สอย, กระทุ้ง.
กะดังบาย	๒๕๔๒	ดู กะตังใบ.
กะดังบาย	๒๕๕๔	ดู กะตังใบ.
กะดัด	๒๕๔๒	(ถิ่น-ปักษ์ใต้) น. ต้นราชดัด. (ดู ราชดัด).
กะดำกะด่าง	๒๕๔๒	ว. ดํา&#160;ๆ ด่าง&#160;ๆ, สีไม่เสมอกัน.
กะดำกะด่าง	๒๕๕๔	ดำๆ ด่างๆ, สีไม่เสมอกัน.
กะดี	๒๕๔๒	น. โรงที่ประชุมทําพิธีฝ่ายศาสนาอิสลาม นิกายเจ้าเซ็น เช่น กะดีเจ้าเซ็นแขกเต้น ตีอก. (นิ. ประธม). (เทียบ ฮินดี คัดดี ว่า พระแท่น).
กะดี	๒๕๕๔	ที่อยู่ของนักบวชเช่นพระภิกษุ, เรือนหรือตึกสำหรับพระภิกษุสามเณรอยู่ เช่น วัดกะดีทอง (สามดวง)
กะดี่	๒๕๔๒	ก. ดีดหรืองัดของหนักขึ้น เช่น กะดี่ซุง กะดี่เสา.
กะดี่	๒๕๕๔	ดีดหรืองัดของหนักขึ้น เช่น กะดี่ซุง กะดี่เสา.
กะดี๊กะด๊า	๒๕๕๔	กระดี๊กระด๊า, ดี๊ด๊า ก็ว่า.
กะดุ้ง	๒๕๔๒	(ถิ่น-อีสาน) น. เครื่องมือจับสัตว์นํ้าชนิดหนึ่งรูปร่างคล้ายยอยก, เรียกเป็นสามัญว่า สะดุ้ง.
กะดุ้ง	๒๕๕๔	เครื่องมือจับสัตว์นํ้าชนิดหนึ่ง รูปร่างคล้ายยอยก, เรียกเป็นสามัญว่า สะดุ้ง.
กะด้าง	๒๕๔๒	(ถิ่น-พายัพ) น. ต้นกระด้าง. [ดู กระด้าง ๑ (๒)].
กะด้าง	๒๕๕๔	ต้นกระด้าง. [ดู กะด้าง ๑ (๒)].
กะตรุด	๒๕๔๒	[-ตฺรุด] (กลอน) น. ตะกรุด เช่น พระกะตรุดเลศเลขลง<2t>เลิศแล้ว. (พยุหยาตรา), กะตุด ก็ใช้.
กะตรุด	๒๕๕๔	ตะกรุด เช่น พระกะตรุดเลศเลขลง เลิศแล้ว (พยุหยาตรา), กะตุด หรือ กระตรุด ก็ว่า.
กะตอก	๒๕๔๒	(ถิ่น-ปักษ์ใต้) น. กระโถน.
กะตัก	๒๕๔๒	น. ชื่อปลาทะเลขนาดเล็กทุกชนิดในสกุล Encrasicholina และ Stolephorus ในวงศ์ Engraulidae รูปร่างยาว กลม หรือแบนข้างเล็กน้อยแล้วแต่ชนิด ปากกว้าง ที่สันท้องระหว่างครีบท้องและครีบก้นมีหนามแหลม ๒-๗ อัน ข้างลําตัวมีสีเด่นเป็นเพียงแถบสีเงินพาดตลอดตามยาว มักอยู่รวมกันเป็นฝูงใหญ่ใกล้ฝั่ง อาจคละกันหลายชนิด, หัวอ่อน ไส้ตัน เส้นขนมจีน หัวไม้ขีด มะลิ เก๋ย เรียกปะปนกันระหว่างชนิด หรือต่างกันตามท้องถิ่นที่จับ.
กะตัก	๒๕๕๔	ชื่อปลาทะเลขนาดเล็กทุกชนิดในสกุล Encrasicholina และ Stolephorus วงศ์ Engraulidae รูปร่างยาว กลม หรือแบนข้างเล็กน้อยแล้วแต่ชนิด ปากกว้าง ที่สันท้องระหว่างครีบท้องและครีบก้นมีหนามแหลมขนาดเล็กมาก ๒-๗ อัน ข้างลำตัวมีสีเด่นเป็นเพียงแถบสีเงินพาดตลอดตามยาว มักอยู่รวมกันเป็นฝูงใหญ่ใกล้ฝั่ง อาจคละกันหลายชนิด, หัวอ่อน ชินชัง ไส้ตัน เส้นขนมจีน หัวไม้ขีด มะลิ เก๋ย เรียกปะปนกันระหว่างขนาด ชนิด หรือต่างกันตามท้องถิ่นที่จับ ขนาดยาวได้ถึง ๑๔ เซนติเมตร.
กะตัง	๒๕๔๒	น. การขึ้นเกล็ด.
กะตังกะติ้ว	๒๕๔๒	น. นํ้ายางที่ได้จากไม้เถาหลายชนิดในวงศ์ Apocynaceae เช่น มวก (Parameria barbata Schum.) กะตังกะติ้ว หรือ คุยช้าง (Willughbeia edulis Roxb.) และ ตังติ้ว (Urceola esculenta Benth.).
กะตังกะติ้ว	๒๕๕๔	นํ้ายางที่ได้จากไม้เถาหลายชนิดในวงศ์ Apocynaceae เช่น เครือเขามวกขาว [ Parameria laevigata (Juss.) Moldenke] กะตังกะติ้วหรือคุยช้าง ( Willughbeia edulisRoxb.) และตังติ้ว [ Urceola lucida (Wall. ex G. Don) Kurz] .
กะตังมูตร	๒๕๔๒	[-มูด] น. ปัสสาวะที่ขึ้นเกล็ดที่ผิวหน้า.
กะตังใบ	๒๕๔๒	น. ชื่อไม้พุ่ม ๒ ชนิด ในสกุล Leea วงศ์ Leeaceae คือ ชนิด L. indica (Burm.f.) Merr. ใบเป็นใบประกอบ ใบย่อยรูปไข่ปลายแหลม ดอกเล็ก สีขาวอมเขียว ออกเป็นช่อตามยอด ผลสีเขียว ใบใช้ทํายาได้, กะดังบาย ก็เรียก; และชนิด L. rubra Blume ex Spreng. ดอกมีก้านช่อ ดอกและผลสีแดง, เขือง ก็เรียก.
กะตังใบ	๒๕๕๔	ชื่อไม้พุ่ม ๒ ชนิด ในสกุล Leea วงศ์ Leeaceae คือ ชนิด L. indica (Burm. f.) Merr. ใบเป็นใบประกอบ ใบย่อยรูปไข่ปลายแหลม ดอกเล็ก สีขาวอมเขียว ออกเป็นช่อตามยอด ผลสีเขียว ใบใช้ทำยาได้, กะดังบาย ก็เรียก
กะตั้ก	๒๕๔๒	(ปาก) น. กองใหญ่, จำนวนมากมาย, เช่น เขามีเงินเป็นกะตั้ก&#160;ๆ.
กะตั้ก	๒๕๕๔	กองใหญ่, จำนวนมากมาย, เช่น เขามีเงินเป็นกะตั้กๆ.
กะตั้กๆ	๒๕๕๔	กองใหญ่, จำนวนมากมาย, เช่น เขามีเงินเป็นกะตั้กๆ.
กะติงกะแตง	๒๕๔๒	ก. กุลีกุจอ เช่น พระชาลีก็ลีลาแล่นไปก่อน กะติงกะแตงต้อนรับ. (ม. กาพย์ กุมาร), กะตึงกะแตง ก็ใช้.
กะติงกะแตง	๒๕๕๔	กุลีกุจอ เช่น พระชาลีก็ลีลาแล่นไปก่อน กะติงกะแตงต้อนรับ (ม. กาพย์ กุมาร).
กะติ๊กริก	๒๕๔๒	ว. เริ่มมีเนื้อมีหนังขึ้น (มักใช้แก่เด็ก).<2t>ก. จริตจะก้าน, ระริก.
กะติ๊กริก	๒๕๕๔	เริ่มมีเนื้อมีหนังขึ้น (มักใช้แก่เด็ก) เช่น เด็กคนนี้แก้มกะติ๊กริก.
กะตีบ	๒๕๔๒	(ถิ่น-ปักษ์ใต้) น. ต้นมะแฟน. (ดู มะแฟน).
กะตีบ	๒๕๕๔	ต้นมะแฟน. (ดู มะแฟน).
กะตึงกะแตง	๒๕๔๒	ก. กะติงกะแตง.
กะตุด	๒๕๔๒	(ปาก) น. ตะกรุด, บางทีเรียก กะตรุด ก็มี.
กะตุด	๒๕๕๔	ตะกรุด, กะตรุด หรือ กระตรุด ก็ว่า.
กะตุมู	๒๕๔๒	(ถิ่น-ปักษ์ใต้) น. ต้นขมิ้นอ้อย. (ดู ขมิ้นอ้อย).
กะตุ๊ก	๒๕๔๒	ก. ร้องกระแทกเสียงที่ริมหูคนอื่นว่า &#147;กะตุ๊ก&#148; จนหูอื้อ เป็นการล้อกันเล่น เรียกว่า กะตูกที่หู.
กะตุ๊ก	๒๕๕๔	ร้องกระแทกเสียงที่ริมหูคนอื่นว่า “กะตุ๊ก” จนหูอื้อ เป็นการล้อกันเล่น เรียกว่า กะตุ๊กที่หู หรือ กะตูกที่หู.
กะตูก	๒๕๕๔	ร้องกระแทกเสียงที่ริมหูคนอื่นว่า “กะตุ๊ก” จนหูอื้อ เป็นการล้อกันเล่น เรียกว่า กะตุ๊กที่หู หรือ กะตูกที่หู.
กะต่อม	๒๕๕๔	ชื่อกุ้งขนาดกลางชนิด Macrobrachium equidens (Dana) ในวงศ์ Palaemonidae ก้ามมีปื้นสีเข้ม อาศัยอยู่ในย่านน้ำกร่อย และพบบ้างในน้ำจืดหรือชายทะเล, กุ้งแห ก็เรียก.
กะต่อย	๒๕๔๒	(ถิ่น-ปักษ์ใต้) ว. เล็ก, ลีบ, เช่น สะตอกะต่อย ว่า ลูกสะตอลีบ.
กะต่า	๒๕๔๒	(ถิ่น-อีสาน) น. ตะกร้า, ตะกร้ามีหูหิ้ว; หูก.
กะต้อ	๒๕๕๔	ดู ตะกร้อ.
กะต้ำ	๒๕๔๒	น. เครื่องมือจับสัตว์นํ้าตามริมฝั่งชนิดหนึ่ง ใช้เฝือกกั้นเป็นคอก ๓ ด้าน ด้านหนึ่งมีประตูเปิดปิดได้ ในคอกสะด้วยกิ่งไม้เพื่อล่อให้ปลาเข้าอยู่, ต้อน ก็ว่า.
กะต้ำ	๒๕๕๔	เครื่องมือจับสัตว์นํ้าตามริมฝั่งชนิดหนึ่ง ใช้เฝือกกั้นด้านข้าง ๒ ด้านเป็นคอก ด้านหน้ามีประตูผูกเชือกชักขึ้นลงได้ ด้านหลังชิดตลิ่ง ใช้ตลิ่งเป็นที่กั้น ในคอกสะด้วยกิ่งไม้และโปรยเหยื่อเพื่อล่อให้ปลาเข้าไป, ต้อน ก็เรียก.
กะต๊าก	๒๕๔๒	ว. เสียงไก่ตัวเมียร้องเมื่อตกใจหรือออกไข่.
กะต๊าก	๒๕๕๔	เสียงไก่ตัวเมียร้องเมื่อตกใจหรือออกไข่.
กะถัว	๒๕๔๒	น. นกกระตั้ว. (พจน. ๒๔๙๓).
กะทกรก	๒๕๔๒	น. (๑) ชื่อไม้พุ่มรอเลื้อยชนิด Olax scandens Roxb. ในวงศ์ Olacaceae ตามลําต้นมีหนามห่าง&#160;ๆ ใบรูปไข่หรือรี&#160;ๆ ดอกเล็ก สีขาว อยู่เป็นกระจุกที่ง่ามใบ ผลกลมหรือรีขนาดเท่าเม็ดบัวเขื่อง&#160;ๆ เป็นสมุนไพรที่รู้จักกันทั่วไป, นํ้าใจใคร่ นางจุม หรือ นางชม ก็เรียก, อุดรเรียก เยี่ยวงัว.<2t>(๒) ชื่อไม้เถาชนิด Passiflora foetida L. ในวงศ์ Passifloraceae มีมือเกาะ ใบป้อมมี ๓ หยัก ดอกสีขาว ผลกลม เมื่อสุกสีเหลือง มีกาบเป็นฝอยหุ้ม ยอดนํามาต้มใช้เป็นผัก, เถาเงาะ เงาะป่า หญ้ารกช้าง เถาสิงโต ถลกบาตร หรือ กระโปรงทอง ก็เรียก.
กะทกรก	๒๕๕๔	ชื่อไม้พุ่มรอเลื้อยชนิด Olax psittacorum (Willd.) Vahl ในวงศ์ Olacaceae ตามลำต้นมีหนามห่าง ๆ ใบรูปไข่หรือรี ๆ ดอกเล็ก สีขาว อยู่เป็นกระจุกที่ง่ามใบ ผลกลมหรือรีขนาดเท่าเม็ดบัวเขื่อง ๆ เป็นสมุนไพรที่รู้จักกันทั่วไป, นํ้าใจใคร่ นางจุม หรือ นางชม ก็เรียก, อุดรเรียก เยี่ยวงัว.
กะทอ	๒๕๔๒	น. ภาชนะสานด้วยไม้ไผ่ตาโปร่งอย่างชะลอม รูปร่างเป็นกระบอก สําหรับใส่เสื้อผ้าและของอื่น&#160;ๆ ใช้กันมากในภาคอีสาน.
กะทอ	๒๕๕๔	ภาชนะสานด้วยไม้ไผ่ตาโปร่ง ด้านในกรุด้วยใบไม้แห้ง รูปทรงกระบอก สำหรับใส่เกลือ ฝ้าย ยาสูบ เป็นต้น ใช้กันในภาคอีสาน.
กะทัง	๒๕๔๒	(ถิ่น-ปักษ์ใต้) น. ชื่อไม้ต้นขนาดกลางชนิด Litsea monopetala (Roxb.) Pers. ในวงศ์ Lauraceae มีมากทางปักษ์ใต้ ใบเมื่อขยี้มีกลิ่นฉุนคล้ายการบูร ไม้ใช้ก่อสร้างบ้านเรือนได้.
กะทัง	๒๕๕๔	ชื่อไม้ต้นขนาดกลางชนิด Litsea monopetala (Roxb.) Pers. ในวงศ์ Lauraceae มีมากทางปักษ์ใต้ ใบเมื่อขยี้มีกลิ่นฉุนคล้ายการบูร ไม้ใช้ก่อสร้างบ้านเรือนได้.
กะทังหัน	๒๕๔๒	น. ชื่อไม้ต้นขนาดกลางถึงขนาดใหญ่ชนิด Calophyllum thorelii Pierre ในวงศ์ Guttiferae ดอกสีขาว ผลเล็ก รูปไข่ เนื้อไม้ใช้ทําพื้น ฝา เสาบ้าน และเสากระโดงเรือได้.
กะทังหัน	๒๕๕๔	ชื่อไม้ต้นขนาดกลางถึงขนาดใหญ่ชนิด Calophyllum thorelii Pierre ในวงศ์ Guttiferae ดอกสีขาว ผลเล็ก รูปไข่ เนื้อไม้ใช้ทำพื้น ฝา เสาบ้าน และเสากระโดงเรือได้.
กะทัดรัด	๒๕๔๒	ว. สมทรง, สมส่วน, เหมาะเจาะ.
กะทัดรัด	๒๕๕๔	สมทรง, สมส่วน, เหมาะเจาะ.
กะทัน	๒๕๔๒	(ถิ่น-พายัพ, อีสาน) น. ต้นพุทรา. (ดู พุทรา).
กะทันหัน	๒๕๔๒	ว. ทันใด, ปัจจุบันทันด่วน, จวนแจ.
กะทันหัน	๒๕๕๔	ทันทีทันใด, ปัจจุบันทันด่วน, จวนแจ.
กะทับ	๒๕๔๒	น. นกตะขาบ. (พจน. ๒๔๙๓).
กะทั่ง	๒๕๕๔	กิ้งก่า. (ดู กิ้งก่า).
กะทำ	๒๕๔๒	(โบ) ก. กระทํา, ทํา.
กะทิ	๒๕๔๒	น. นํ้าที่คั้นออกจากมะพร้าวขูดโดยเจือนํ้าบ้างเล็กน้อย, ถ้าคั้นจากเนื้อมะพร้าวขูดล้วน&#160;ๆ เรียกว่า หัวกะทิ, ของหวานทําด้วยนํ้าตาลกวนกับมะพร้าวคล้ายหน้ากระฉีก แต่ใช้นํ้าตาลมากกว่า เรียกว่า นํ้าตาลกะทิ, มะพร้าวห้าวที่มีนํ้าข้น เนื้ออ่อนกล้ามหนา เรียกว่า มะพร้าวกะทิ.<2t>ว. โดยปริยายหมายความว่า ที่ดีเด่นเป็นพิเศษ เรียกว่า หัวกะทิ.
กะทิ	๒๕๕๔	นํ้าที่คั้นออกจากมะพร้าวขูดโดยเจือนํ้าบ้างเล็กน้อย, ถ้าคั้นครั้งแรก เรียกว่า หัวกะทิ, ถ้าคั้นครั้งสุดท้าย เรียกว่า หางกะทิ, ของหวานทำด้วยนํ้าตาลกวนกับมะพร้าวคล้ายหน้ากระฉีก แต่ใช้นํ้าตาลมากกว่า เรียกว่า นํ้าตาลกะทิ, มะพร้าวห้าวที่มีนํ้าข้น เนื้ออ่อน กล้ามหนา เรียกว่า มะพร้าวกะทิ.
กะทิขูด	๒๕๔๒	ดู สีกรุด.
กะทิขูด	๒๕๕๔	ดู สีกรุด.
กะทือ	๒๕๔๒	น. ชื่อไม้ล้มลุกชนิด Zingiber zerumbet (L.) Smith ในวงศ์ Zingiberaceae ดอกสีเหลือง ผลกลมสีแดง เหง้าสีเหลืองอ่อน กลิ่นหอม ใช้ทํายาได้ เมื่ออ่อนใช้ปรุงอาหาร ช่อดอกอ่อนใช้เป็นผัก.
กะทือ	๒๕๕๔	ชื่อไม้ล้มลุกชนิด Zingiber zerumbet (L.) Roscoe ex Sm. ในวงศ์ Zingiberaceae ดอกสีเหลือง ผลกลมสีแดง เหง้าสีเหลืองอ่อน กลิ่นหอม ใช้ทำยาได้ เมื่ออ่อนใช้ปรุงอาหาร ช่อดอกอ่อนใช้เป็นผัก.
กะทุน	๒๕๔๒	น. ชื่อแมลงพวกแมลงปอ แมลงปอเข็ม และแมลงช้างตัวเต็มวัยซึ่งมีลักษณะคล้ายแมลงปอ แต่มีหนวดยาว, ในบางจังหวัดเช่น นครปฐม ราชบุรี สุพรรณบุรี สมุทรสาคร สมุทรสงคราม สมุทรปราการ เรียก กระทุน กระชุน หรือ ปะทุน.
กะทุน	๒๕๕๔	ชื่อแมลงพวกแมลงปอ แมลงปอเข็ม และแมลงช้างตัวเต็มวัยซึ่งมีลักษณะคล้ายแมลงปอ แต่มีหนวดยาว, ในบางจังหวัด เช่น นครปฐม ราชบุรี สุพรรณบุรี สมุทรสาคร สมุทรสงคราม สมุทรปราการ เรียก กระทุน กระชุน หรือ ปะทุน.
กะท้าง	๒๕๕๔	กิ้งก่า. (ดู กิ้งก่า).
กะนวล	๒๕๔๒	น. ชื่อไม้ต้นขนาดกลางชนิด Garcinia merguensis Wight ในวงศ์ Guttiferae มียางสีเหลืองจาง&#160;ๆ.
กะนวล	๒๕๕๔	ชื่อไม้ต้นขนาดกลางชนิด Garcinia merguensis Wight ในวงศ์ Guttiferae มียางสีเหลืองจางๆ ใช้สระผมได้.
กะนัด	๒๕๔๒	(ถิ่น-ปักษ์ใต้) น. ไม้แบน ๒ อันนอกตะกอสําหรับขัดเส้นด้ายเพื่อกันด้ายยุ่ง.
กะนัด	๒๕๕๔	ไม้แบน ๒ อันนอกตะกอ สำหรับขัดเส้นด้ายเพื่อกันด้ายยุ่ง.
กะน่อง	๒๕๕๔	น่อง, อวัยวะส่วนหลังของแข้ง ตั้งแต่ขาพับลงไปถึงส้นเท้า เช่น ตัว ๑ ขบกะน่อง (ม. ภาคอีสาน ชูชก), กะหน่อง ก็เรียก.
กะบม	๒๕๕๔	ภาชนะชนิดหนึ่ง ทำด้วยไม้ขุดรูปวงกลมมีขอบ ด้ามสั้น สำหรับสงข้าวเหนียวที่นึ่งสุกใหม่ ๆ หรือคนข้าวเหนียวนึ่งให้ลดความร้อนก่อนนำไปใส่ในกล่องข้าว หรือใช้เป็นภาชนะรองถ้วยชามอย่างสำรับ, กะโบม ก็เรียก. (ดู กระบม).
กะบอนกะบึง	๒๕๔๒	(กลอน) ก. โกรธอย่างแสนงอน, โดยมากใช้ กะบึงกะบอน.<2t>ว. ไม่รู้จักจบ, เง้า&#160;ๆ งอด&#160;ๆ, (ใช้แก่กริยาบ่น) เช่น คอยสะบัดปัดกรกะบอนกะบึง. (อิเหนา), โดยมากใช้ กะบึงกะบอน.
กะบอนกะบึง	๒๕๕๔	มีท่าทีโกรธอย่างแสนงอน เช่น คอยสะบัดปัดกรกะบอนกะบึง (อิเหนา), โดยมากใช้ กะบึงกะบอน.
กะบัง	๒๕๔๒	น. เครื่องบัง เช่น กะบังหมวก, เครื่องกั้น, เครื่องรับ, เช่น กะบังหอก.
กะบัง	๒๕๕๔	เครื่องบังแดดบังลมเป็นต้น เช่น กะบังหมวก, เครื่องบังมือ เป็นแผ่นโลหะ อยู่ที่โคนอาวุธ เช่นกะบังหอก กะบังดาบ.
กะบังรังเฝือก	๒๕๔๒	ดู กะบัง ๒.
กะบังรังเฝือก	๒๕๕๔	ดู กะบัง ๒.
กะบังลม	๒๕๔๒	น. แผ่นกั้นประกอบขึ้นด้วยกล้ามเนื้อและเนื้อพังผืดแยกช่องท้องออกจากช่องอก มีอาการยืดและหดได้เพื่อช่วยในการหายใจ.
กะบังลม	๒๕๕๔	แผ่นกั้นประกอบด้วยกล้ามเนื้อ เอ็นกล้ามเนื้อ และแผ่นพังผืด กั้นระหว่างช่องอกกับช่องท้อง ยืดและหดช่วยการหายใจ, คนทั่วไปเรียกบริเวณระหว่างหัวหน่าวกับสะดือ ว่า กะบังลม ด้วย.
กะบังหน้า	๒๕๔๒	น. กรอบหน้าเป็นเครื่องประดับ.
กะบังหน้า	๒๕๕๔	กรอบหน้าเป็นเครื่องประดับ.
กะบั้ง	๒๕๔๒	(ถิ่น-อีสาน) น. บ้องไม้ไผ่.
กะบั้ง	๒๕๕๔	บ้องไม้ไผ่, บั้ง ก็เรียก.
กะบิล	๒๕๔๒	น. ระเบียบ, หมู่. (ดู กบิล ๒).
กะบิล	๒๕๕๔	ระเบียบ, หมู่. (ดู กบิล ๒).
กะบิ้ง	๒๕๔๒	น. ของที่เป็นแผ่นเล็ก&#160;ๆ, ลักษณนามบอกสัณฐานสําหรับที่ดินน้อย&#160;ๆ แปลงหนึ่ง&#160;ๆ ว่า กะบิ้งหนึ่ง&#160;ๆ.
กะบิ้ง	๒๕๕๔	ของที่เป็นแผ่นเล็กๆ, ลักษณนามบอกสัณฐานสำหรับที่ดินน้อยๆ แปลงหนึ่งๆ ว่า กะบิ้งหนึ่งๆ.
กะบี้	๒๕๕๔	ผีเสื้อ. (ดู ผีเสื้อ ๑)
กะบึงกะบอน	๒๕๔๒	ก. โกรธอย่างแสนงอน, กะบอนกะบึง ก็ว่า.<2t>ว. ไม่รู้จักจบ, เง้า&#160;ๆ งอด&#160;ๆ, (ใช้แก่กริยา บ่น), กะบอนกะบึง ก็ว่า.
กะบึงกะบอน	๒๕๕๔	มีท่าทีโกรธอย่างแสนงอน, กะบอนกะบึง ก็ว่า.
กะบุด	๒๕๔๒	ดู กัง.
กะบุด	๒๕๕๔	ดู กัง.
กะบ่อนกะแบ่น	๒๕๔๒	ว. กระท่อนกระแท่น, ไม่เสมอทั่วกัน, ไม่เรียบเสมอกัน, เช่น ตัดผมกะบ่อนกะแบ่น ทาสีกะบ่อนกะแบ่น.
กะบ่อนกะแบ่น	๒๕๕๔	ไม่เสมอทั่วกัน, ไม่เรียบเสมอกัน, เช่น ตัดผมกะบ่อนกะแบ่น ทาสีกะบ่อนกะแบ่น, กะบ่อนกะแบ่ม ก็ใช้.
กะบ่อนกะแบ่ม	๒๕๕๔	ดู กะบ่อนกะแบ่น.
กะปริดกะปรอย	๒๕๔๒	[-ปฺริด-ปฺรอย] ว. มีอาการออกหรือไหลออกน้อย&#160;ๆ หยุดบ้าง ออกบ้าง, อาการที่ฝนตกน้อย&#160;ๆ ตก&#160;ๆ หยุด&#160;ๆ, โดยปริยายหมายถึงอาการที่ทํา&#160;ๆ หยุด&#160;ๆ ไม่เป็นลํ่าเป็นสัน, กะปริบกะปรอย ก็ว่า.
กะปริดกะปรอย	๒๕๕๔	มีอาการออกหรือไหลออกน้อยๆ หยุดบ้าง ออกบ้าง, อาการที่ฝนตกน้อยๆ ตกๆ หยุดๆ, โดยปริยายหมายถึงอาการที่ทำๆ หยุดๆ ไม่เป็นลํ่าเป็นสัน, กะปริบกะปรอย ก็ว่า.
กะปริบ	๒๕๔๒	[-ปฺริบ] ก. กะพริบ, มักใช้ซํ้าคําว่า กะปริบ&#160;ๆ หมายความว่า กะพริบถี่&#160;ๆ เช่น ทําตากะปริบ&#160;ๆ, ปริบ&#160;ๆ ก็ว่า.
กะปริบ	๒๕๕๔	กะพริบ, มักใช้ซํ้าคำว่า กะปริบๆ หมายความว่า กะพริบถี่ๆ เช่น ทำตากะปริบๆ, ปริบๆ ก็ว่า.
กะปริบกะปรอย	๒๕๔๒	[-ปฺริบ-ปฺรอย] ว. มีอาการออกหรือไหลออกน้อย&#160;ๆ หยุดบ้าง ออกบ้าง, อาการที่ฝนตกน้อย&#160;ๆ ตก&#160;ๆ หยุด&#160;ๆ, โดยปริยายหมายถึงอาการที่ทำ&#160;ๆ หยุด&#160;ๆ ไม่เป็นล่ำเป็นสัน, กะปริดกะปรอย ก็ว่า.
กะปริบกะปรอย	๒๕๕๔	มีอาการออกหรือไหลออกน้อยๆ หยุดบ้าง ออกบ้าง, อาการที่ฝนตกน้อยๆ ตกๆ หยุดๆ, โดยปริยายหมายถึงอาการที่ทำๆ หยุดๆ ไม่เป็นล่ำเป็นสัน, กะปริดกะปรอย ก็ว่า.
กะปลกกะเปลี้ย	๒๕๔๒	[-ปฺลก-เปฺลี้ย] ว. อ่อนเพลีย, อ่อนเปลี้ย, ไม่แข็งแรง.
กะปลกกะเปลี้ย	๒๕๕๔	อ่อนเพลีย, อ่อนเปลี้ย, ไม่มีแรง.
กะปวกกะเปียก	๒๕๔๒	ว. อ่อนกําลังจนแทบไม่อาจทรงตัวได้ตามลําพัง, ปวกเปียก ก็ว่า.
กะปวกกะเปียก	๒๕๕๔	อ่อนกำลังจนแทบไม่อาจทรงตัวได้ตามลำพัง, ปวกเปียก ก็ว่า.
กะปอม	๒๕๔๒	(ถิ่น-อีสาน) น. กิ้งก่า. (ดู กิ้งก่า).
กะปอม	๒๕๕๔	กิ้งก่า. (ดู กิ้งก่า).
กะปอมขาง	๒๕๔๒	ดู ปอมข่าง.
กะปอมขาง	๒๕๕๔	กิ้งก่า. (ดู ปอมข่าง).
กะปะ	๒๕๔๒	น. ชื่องูพิษชนิด Calloselasma rhodostoma ในวงศ์ Viperidae ตัวยาว ๕๐-๘๐ เซนติเมตร ลายสีนํ้าตาลเข้ม บนหลังมีลายรูปสามเหลี่ยมสีนํ้าตาลแก่เรียงสลับเยื้องกันเป็นคู่&#160;ๆ จมูกงอน ริมฝีปากเหลือง และมีแนวสีเหลืองพาดบนลูกตาถึงมุมปาก, ตัวที่มีสีคลํ้าเรียก งูปะบุก.
กะปะ	๒๕๕๔	ชื่องูพิษขนาดเล็กชนิด Calloselasma rhodostoma (Boie) ในวงศ์ Viperidae ตัวยาว ๕๐-๘๐ เซนติเมตร สีน้ำตาลอมแดงลายสีนํ้าตาลเข้ม บนหลังมีลายรูปสามเหลี่ยมสีนํ้าตาลแก่เรียงสลับเยื้องกันเป็นคู่ๆ จมูกงอน ริมฝีปากเหลือง และมีแนวสีเหลืองพาดบนลูกตาถึงมุมปาก, ตัวที่มีสีคลํ้าเรียก งูปะบุก.
กะปั่น	๒๕๔๒	(โบ) น. กําปั่น. (ตํานานอักษรไทย ของเซเดส์).
กะปั่น	๒๕๕๔	กำปั่น.
กะปิ	๒๕๔๒	น. ของเค็มทําด้วยเคยกับเกลือโขลกและหมักไว้ใช้ปรุงอาหาร, เยื่อเคย ก็ว่า. (พม่า ว่า งาปิ).
กะปิ	๒๕๕๔	ของเค็มทำด้วยเคยกับเกลือโขลกและหมักไว้ ใช้ปรุงอาหาร, เยื่อเคย ก็ว่า.
กะปุ่ม	๒๕๕๔	เครื่องสานชนิดหนึ่ง. (ดู กระปุ่ม).
กะปู	๒๕๔๒	(ปาก) น. ตะปู.
กะปูด	๒๕๔๒	น. ชื่อนกในวงศ์ Centropodidae ขนปีกสีนํ้าตาลแดง ลําตัวสีดํา ร้องเสียง &#147;ปูด&#160;ๆ&#148; เดินหรือวิ่งหากินตามพื้นป่าโปร่ง บินได้ในระยะทางสั้น&#160;ๆ มี ๓ ชนิด คือ กะปูดใหญ่ (Centropus sinensis) กะปูดเล็ก (C. bengalensis) และกะปูดนิ้วสั้น (C. rectunguis), ปูด ก็เรียก, พายัพเรียก ก้นปูด.
กะปูด	๒๕๕๔	ชื่อนกขนาดกลางในวงศ์ Cuculidae ปากแหลมสั้นหนา ตาสีแดง ลำตัวเพรียว หัว คอ และลำตัวมีขนสีดำ ปีกสั้นสีน้ำตาลแดง หากินตามพื้นป่าโปร่ง บินได้ในระยะสั้นๆ ร้องเสียง “ปูด ๆ” มี ๓ ชนิด คือ กะปูดใหญ่ [ Centropus sinensis (Stephens)] กะปูดเล็ก [ C. bengalensis (Gmelin)] และกะปูดนิ้วสั้น ( C. rectunguisStrickland), ปูด หรือ กระปูด ก็เรียก, พายัพเรียก ก้นปูด.
กะปูดหลูด	๒๕๔๒	ก. บวมไปทั้งตัว. (ปาเลกัว).
กะปูดหลูด	๒๕๕๔	บวมไปทั้งตัว.
กะป้ำกะเป๋อ	๒๕๔๒	ว. เลอะ&#160;ๆ เทอะ&#160;ๆ, หลง&#160;ๆ ลืม&#160;ๆ, ป้ำเป๋อ หรือ ป้ำ&#160;ๆ เป๋อ&#160;ๆ ก็ว่า.
กะป้ำกะเป๋อ	๒๕๕๔	หลงๆ ลืมๆ, ขี้หลงขี้ลืม, ป้ำเป๋อ หรือ ป้ำๆ เป๋อๆ ก็ว่า.
กะผลุบกะโผล่	๒๕๔๒	[-ผฺลุบ-โผฺล่] ว. ผลุบ&#160;ๆ โผล่&#160;ๆ.
กะผลุบกะโผล่	๒๕๕๔	อาการที่ผลุบลงแล้วโผล่ขึ้น เช่น ปลากะผลุบกะโผล่ขึ้นมาหายใจ, อาการที่ผลุบเข้าไปแล้วโผล่ออกมา เช่น มากะผลุบกะโผล่อยู่หลังเวทีทำไม, จม ๆ ลอย ๆ เช่น ขอนลอยน้ำกะผลุบกะโผล่, โดยปริยายหมายความว่า ไปหรือมาไม่สม่ำเสมอ เช่น ถ้าจะมาช่วยงานก็ขอให้มาสม่ำเสมอ อย่ากะผลุบกะโผล่ มาบ้างไม่มาบ้าง, ผลุบโผล่ ๆ หรือ ผลุบ ๆ โผล่ ๆ ก็ว่า.
กะพง	๒๕๔๒	น. ชื่อปลาหลายชนิดในหลายวงศ์ ลำตัวหนา แบนข้างเล็กน้อย หัวโตลาดลงมาจากด้านหลัง ตาค่อนข้างโต ปากกว้าง เช่น กะพงแดง (Lutjanus malabaricus) ในวงศ์ Lutjanidae, กะพงขาว (Lates calcarifer) ในวงศ์ Centropomidae, กะพงลาย (Datnioides quadrifasciatus) ในวงศ์ Lobotidae.
กะพง	๒๕๕๔	ชื่อปลาหลายชนิดในหลายวงศ์ที่มีก้านครีบเป็นกระดูกแข็ง ขนาดยาวได้ถึง ๒ เมตร ลำตัวหนา แบนข้างเล็กน้อย หัวโตลาดลงมาจากด้านหลัง ตาค่อนข้างโต ปากกว้าง เช่น กะพงแดง ( Lutjanus malabaricusSchneider) ในวงศ์ Lutjanidae, กะพงขาว [ Lates calcarifer (Bloch)] ในวงศ์ Centropomidae, กะพงลาย [ Datnioides quadrifasciatus (Sevastianov)] ในวงศ์ Lobotidae.
กะพรวดกะพราด	๒๕๔๒	[-พฺรวด-พฺราด] ว. พรวด&#160;ๆ พราด&#160;ๆ, ลุกลน, ลนลาน.
กะพรวดกะพราด	๒๕๕๔	พรวดพราด, อาการที่เป็นไปอย่างรวดเร็วโดยไม่ยับยั้ง.
กะพริบ	๒๕๔๒	[-พฺริบ] ก. ปิดและเปิดหนังตาโดยเร็ว, โดยปริยายหมายถึงอาการที่คล้ายคลึงเช่นนั้น เช่น ไฟกะพริบ.
กะพริบ	๒๕๕๔	ปิดและเปิดหนังตาโดยเร็ว, โดยปริยายหมายถึงอาการที่คล้ายคลึงเช่นนั้น เช่น ไฟกะพริบ.
กะพรุน	๒๕๔๒	[-พฺรุน] น. แมงกะพรุน.
กะพรุน	๒๕๕๔	แมงกะพรุน.
กะพรูดกะพราด	๒๕๔๒	[-พฺรูด-พฺราด] ว. มีเสียงดังพรูดพราด.
กะพรูดกะพราด	๒๕๕๔	มีเสียงดังพรูดพราด.
กะพร่องกะแพร่ง	๒๕๔๒	[-พฺร่อง-แพฺร่ง] ว. ขาด&#160;ๆ วิ่น&#160;ๆ, มีบ้างขาดบ้าง, ไม่สมํ่าเสมอ; ไม่เต็มที่, ไม่ครบถ้วน, ไม่พอเพียง, (ตามที่คาดหมายไว้).
กะพร่องกะแพร่ง	๒๕๕๔	มีบ้างขาดบ้าง, ไม่สมํ่าเสมอ
กะพล้อ	๒๕๔๒	น. กระบอกตักนํ้า ปากแฉลบอย่างปากพวยกา.
กะพล้อ	๒๕๕๔	กระบอกไม้ไผ่มีด้ามยาวในตัว ใช้สำหรับตักน้ำปลาหรือน้ำตาลสดเป็นต้น.
กะพอง	๒๕๔๒	น. ส่วนที่นูนเป็นปุ่ม ๒ ข้างศีรษะช้าง, กระพอง ตระพอง หรือ ตะพอง ก็ว่า.
กะพอง	๒๕๕๔	ส่วนที่นูนเป็นปุ่ม ๒ ข้างหัวช้าง, กระพอง ตระพอง หรือ ตะพอง ก็ว่า.
กะพั้น	๒๕๕๔	เครื่องไม้ที่เป็นส่วนประกอบในเครื่องทอผ้า สำหรับม้วนผ้า.
กะพา	๒๕๕๔	เครื่องสานชนิดหนึ่ง สำหรับใส่สิ่งของบรรทุกไว้ที่หลังคน ใช้อย่างเป้ มีสายรัดไขว้ที่หน้าอก หรือคาดที่หน้าผาก.
กะพ้อ	๒๕๔๒	น. ชื่อปาล์มขนาดย่อมในสกุล Licuala วงศ์ Palmae มีหลายชนิด เช่น ชนิด L. spinosa Thunb. มักขึ้นเป็นกออยู่ริมทะเล หรือในที่ซึ่งนํ้าเค็มขึ้นถึง ลําต้นสูงถึง ๔ เมตร ใบกลม เส้นผ่านศูนย์กลาง ๖๐-๑๑๐ เซนติเมตร แตกเป็นแฉกลึก ก้านใบยาว ขอบก้านมีหนาม, ชนิด L. peltata Roxb. ขึ้นตามป่าดอนในที่ชุ่มชื้นและที่แฉะ ลักษณะคล้ายชนิดแรก แต่ก้านใบลํ้าอยู่ใต้โคนใบ ทั้ง ๒ ชนิดใบใช้ห่อทําไต้ ห่อของ เย็บเป็นร่ม มุงหลังคาชั่วคราว ใบอ่อนใช้มวนบุหรี่, กะชิง ก็เรียก, ปักษ์ใต้เรียก ชิง หรือ ชิ่ง, ปาล์มพวกนี้เรียก พ้อ ก็มี เช่น ใบพ้อพันห่อหุ้ม<2t>กฤษณา. (โลกนิติ).
กะพ้อ	๒๕๕๔	กระบอกไม้ไผ่มีด้ามยาวในตัว ใช้สำหรับตักน้ำปลาหรือน้ำตาลสดเป็นต้น.
กะมง	๒๕๔๒	ดู ม่ง ๑.
กะมง	๒๕๕๔	ดู ม่ง ๑.
กะมัน	๒๕๕๔	ดู พลวง.
กะม่ง	๒๕๕๔	ดู ม่ง ๑.
กะยุ	๒๕๔๒	(โบ) ก. ยก, ย่าง, เยื้อง, เช่น กะยุบาทไคลคลา. (เสือโค), กะยุบาทเบื้องปลายตีน. (พิชัยสงคราม).
กะยุ	๒๕๕๔	ยก, ย่าง, เยื้อง, เช่น กะยุบาทไคลคลา (เสือโค), กะยุบาทเบื้องปลายตีน
กะย่อง	๒๕๕๔	เครื่องสานชนิดหนึ่ง รูปกลมคล้ายโตก, ถ้าใหญ่ใช้เป็นสำรับ, ถ้าเล็กใช้เป็นเครื่องใส่ข้าวตอกดอกไม้บูชาตามวัด.
กะระตะ	๒๕๔๒	(กลอน) ก. ขับม้าให้วิ่ง เช่น กะระตะอาชาชิงชัย. (อิเหนา). (ช. g&#233;rtak).
กะระตะ	๒๕๕๔	กระตุ้นม้าให้วิ่ง เช่น กะระตะอาชาชิงชัย
กะระนะ	๒๕๕๔	ชื่อเพลงไทย ใช้ในการบรรเลงและขับร้องในเพลงมโหรี
กะระหนะ	๒๕๔๒	น. ชื่อเพลงไทยของเก่า เป็นเพลงเครื่องสายประสมปี่พาทย์ ทําตอนชมสวนหรือเล่นสนุก เช่น ในเรื่องอิเหนาตอนอุณากรรณเล่นมโหรีกับพวกในสวนดอกไม้เมืองกาหลัง.
กะรัง	๒๕๔๒	น. ปะการัง. (ดู ปะการัง).
กะรัง	๒๕๕๔	ปะการัง. (ดู ปะการัง).
กะรัต	๒๕๔๒	[-หฺรัด] น. หน่วยมาตราชั่งเพชรพลอย ๑ กะรัต เท่ากับ ๒๐ เซนติกรัม หรือ ๓.๐๘๖๕ เกรน, ปริมาณทองคําแท้ที่ประสมอยู่กับธาตุอื่น โดยกำหนดทองคำและโลหะที่ประสมกันนั้นรวมเป็น ๒๔ ส่วน เช่น ทองคํา ๑๔ กะรัต หมายความว่า มีเนื้อทองคํา ๑๔ ส่วน นอกนั้นอีก ๑๐ ส่วนเป็นธาตุอื่นประสม. (อ. carat).
กะรัต	๒๕๕๔	หน่วยมาตราชั่งเพชรพลอย ๑ กะรัต เท่ากับ ๒๐ เซนติกรัม หรือ ๓.๐๘๖๕ เกรน เช่น เพชรเม็ดนี้หนัก ๕ กะรัต.
กะรัตหลวง	๒๕๔๒	น. มาตรานํ้าหนักตามวิธีประเพณี ใช้สําหรับชั่งเพชรพลอยเท่านั้น เป็นเมตริกกะรัต เท่ากับ ๒๐ เซนติกรัม, อักษรย่อว่า กต.
กะรัตหลวง	๒๕๕๔	มาตรานํ้าหนักตามวิธีประเพณี ใช้สำหรับชั่งเพชรพลอยเท่านั้น เป็นเมตริกกะรัต เท่ากับ ๒๐ เซนติกรัม, อักษรย่อว่า กต.
กะราง	๒๕๔๒	น. ชื่อนกในวงศ์ Timaliidae ตัวขนาดนกเอี้ยง หากินเป็นฝูงตามพื้นดิน มีหลายชนิด เช่น กะรางหัวหงอก (Garrulax leucolophus) กะรางคอดํา (G. chinensis). (ในรําพันนามพฤกษา ฯลฯ ว่า กะราง, ในพระลอ ว่า กะลาง).
กะราง	๒๕๕๔	ชื่อนกขนาดกลางหลายชนิด ใน ๒ วงศ์ ลำตัวอ้วนป้อม หากินเป็นฝูงตามพื้นดิน อาจหากินร่วมกับนกชนิดอื่น ๆ พวกที่อยู่ในวงศ์ Sylviidae มีปากหนาสั้นสีดำปลายแหลม เช่น กะรางหัวหงอก [ Garrulax leucolophus (Hardwicke)] กะรางคอดำ [ G. chinensis (Scopoli)] กะรางสร้อยคอเล็ก [ G. monileqer (Hodgson)] พวกที่อยู่ในวงศ์ Upupidae ได้แก่ กะรางหัวขวาน ( Upupa epops Linn.) ปากยาวแหลมโค้งสีดำ หงอนขนสีส้มขอบดำ ลักษณะหงอนขนเหมือนหมวกของอินเดียนแดง ขนตามลำตัวสีนํ้าตาลอมเหลือง มีแถบดำขาวสลับกัน, ชนิดนี้ การางหัวขวาน หรือ หงอนชบา ก็เรียก.
กะรางหัวขวาน	๒๕๔๒	น. ชื่อนกชนิด Upupa epops ในวงศ์ Upupidae ปากยาวแหลมโค้งสีดํา หงอนสีส้มขอบดํา ลักษณะหงอนเหมือนหมวกของอินเดียนแดง ขนตามลําตัวสีนํ้าตาลแดง มีแถบดําขาวสลับกัน, การางหัวขวาน ก็เรียก.
กะริง	๒๕๔๒	น. บ่วงหวายสําหรับดักสัตว์ที่กระโดด เช่นเนื้อและกวาง. (ประพาสมลายู), กระหริ่ง ก็ใช้.
กะริง	๒๕๕๔	บ่วงหวายสำหรับดักสัตว์อย่างเนื้อและกวาง. (ประพาสมลายู), กระหริ่ง ก็ว่า.
กะริงกะเรียด	๒๕๔๒	(โบ) ว. คําพ้อชนิดหนึ่งว่าทําเป็นหนุ่มเป็นสาวก่อนวัย คล้ายทําก้อร่อก้อติก เช่น เป็นหญิงเจ้าแม่อา อย่าทํากะริงกะเรียด ตัวเจ้ายังน้อยสักเท่าเขียด เจ้ามาวอนแม่จะมีผัว. (มโนห์รา).
กะริงกะเรียด	๒๕๕๔	ดัดจริต เช่น เป็นหญิงเจ้าแม่อา อย่าทำกะริงกะเรียด ตัวเจ้ายังน้อยสักเท่าเขียด เจ้ามาวอนแม่จะมีผัว
กะรุงกะรัง	๒๕๔๒	ว. อาการที่ห้อยหรือแขวนเครื่องประดับเป็นต้น จนดูรุงรัง.
กะรุงกะรัง	๒๕๕๔	อาการที่ห้อยหรือแขวนสิ่งต่าง ๆ อย่างไม่เป็นระเบียบ.
กะรุน	๒๕๔๒	น. แร่ชนิดหนึ่ง ประกอบด้วยธาตุอะลูมิเนียมกับออกซิเจน แต่มักมีสิ่งอื่นผสมอยู่ทําให้มีสีต่าง&#160;ๆ เช่น ถ้าเป็นสีแดง เรียกว่า ทับทิม ถ้าเป็นสีนํ้าเงิน เรียกว่า พลอยสีนํ้าเงิน ถ้าเป็นสีเขียว เรียกว่า เขียวส่อง หรือ เขียวมรกต, อินเดีย เรียก คอรุน. (อ. corundum).
กะรุน	๒๕๕๔	แร่ชนิดหนึ่ง ประกอบด้วยธาตุอะลูมิเนียมกับออกซิเจน แต่มักมีสิ่งอื่นผสมอยู่ทำให้มีสีต่างๆ เช่น ถ้าเป็นสีแดง เรียกว่า ทับทิม, ถ้าเป็นสีนํ้าเงิน เรียกว่า พลอยสีนํ้าเงิน, ถ้าเป็นสีเขียว เรียกว่า เขียวส่องหรือ เขียวมรกต.
กะรุ่งกะริ่ง	๒๕๔๒	ว. ขาดออกเป็นริ้ว&#160;ๆ, เป็นชิ้นเล็กชิ้นน้อย.
กะรุ่งกะริ่ง	๒๕๕๔	อาการที่ขาดออกเป็นริ้วๆ หรือเป็นชิ้นเล็กชิ้นน้อยติดห้อยอยู่.
กะร่องกะแร่ง	๒๕๔๒	ว. ร่องแร่ง, ติดห้อยอยู่นิด&#160;ๆ หน่อย&#160;ๆ, ไม่เป็นชิ้นเป็นอัน, ไม่สมบูรณ์.
กะร่องกะแร่ง	๒๕๕๔	ร่องแร่ง, อาการที่ห้อยติดอยู่จวนจะหลุด.
กะลวย	๒๕๔๒	น. เรียกขนหางไก่ตัวผู้ที่ยื่นยาวกว่าเส้นอื่นว่า หางกะลวย.
กะลวย	๒๕๕๔	เรียกขนหางไก่ตัวผู้ที่ยื่นยาวกว่าเส้นอื่น ว่า หางกะลวย.
กะลอ	๒๕๔๒	(ถิ่น-ปักษ์ใต้) น. ชื่อไม้ต้นขนาดย่อมหลายชนิดในสกุล Macaranga วงศ์ Euphorbiaceae มักขึ้นในป่าใสในที่ชุ่มชื้น ก้านใบลํ้าอยู่ใต้โคนใบ เช่น ชนิด M. tanarius Muell. Arg.
กะลอ	๒๕๕๔	ชื่อไม้ต้นขนาดย่อมหลายชนิดในสกุล Macaranga วงศ์ Euphorbiaceae มักขึ้นในป่าใสในที่ชุ่มชื้น ก้านใบลํ้าอยู่ใต้โคนใบ เช่น ชนิด M. tanarius Müll. Arg.
กะลอจี๊	๒๕๔๒	น. ชื่อขนมของจีนชนิดหนึ่ง ทําด้วยแป้งข้าวเหนียวทอดไฟอ่อน&#160;ๆ เวลากินคลุกงาผสมนํ้าตาลทรายขาว.
กะลอจี๊	๒๕๕๔	ชื่อขนมของจีนชนิดหนึ่ง ทำด้วยแป้งข้าวเหนียวจี่ไฟอ่อนๆ ตัดเป็นชิ้น ๆ เวลากินคลุกงาดำผสมนํ้าตาลทรายขาว.
กะลอม	๒๕๕๔	ชะลอม, เครื่องสานชนิดหนึ่ง รูปทรงกระบอก สานด้วยตอกเป็นด้น ตาห่าง ๆ สำหรับใส่สิ่งของ เช่น ถ่าน.
กะละปังหา	๒๕๔๒	น. ชื่อสัตว์ทะเลไม่มีกระดูกสันหลัง แต่ละตัวเล็กมาก รูปร่างทรงกระบอกหรือรูปถ้วย สร้างเปลือกเป็นโครงร่างแข็งหุ้มลําตัว มีช่องเปิดให้ตัวโผล่ออกมา อยู่รวมกันเป็นกลุ่ม โครงซากทับถมกันจนมีรูปร่างคล้ายกิ่งไม้ มีสีต่างกันแล้วแต่ชนิด บางชนิดมีขนาดใหญ่และแข็งมาก นิยมนํามาทําเป็นลูกปัดเครื่องประดับ พวกที่อยู่ในอันดับ Gorgonacea มีสีแดง เหลือง ส้ม ม่วง พวกที่อยู่ในอันดับ Antipatharia มีสีดํา, กัลปังหา ก็เรียก. (เทียบมลายู kalam pangha).
กะละปังหา	๒๕๕๔	ชื่อสัตว์ทะเลไม่มีกระดูกสันหลังหลายชนิด ชั้น Anthozoa ตัวมีขนาดเล็ก รูปร่างทรงกระบอก อยู่รวมกันเป็นกลุ่ม สร้างเปลือกเป็นโครงร่างแข็งเชื่อมต่อเนื่องกันไปลักษณะคล้ายกิ่งไม้ มีสีต่างกันตามแต่ชนิด บางชนิดมีขนาดใหญ่และแข็ง นิยมนำมาทำเป็นลูกปัด เครื่องประดับ พวกที่อยู่ในอันดับ Gorgonacea มีสีแดง เหลือง ส้ม ม่วง พวกที่อยู่ในอันดับ Antipatharia มีสีดำ, กัลปังหา ก็เรียก.
กะละมัง	๒๕๔๒	น. เรียกชามที่ทําด้วยโลหะเคลือบว่า ชามกะละมัง.
กะละมัง	๒๕๕๔	ภาชนะที่ทำด้วยโลหะเคลือบ มีขนาดต่าง ๆ กัน เช่น ชามกะละมัง ถาดกะละมัง.
กะละออม	๒๕๔๒	น. ภาชนะสานด้วยไม้ไผ่ ยาชัน รูปคล้ายกระบุง ไม่มีคอ ใช้ใส่น้ำ, กระออม กะออม หรือ กัลออม ก็ว่า. (ทมิฬ กะละยัม แผลงมาจาก ส. กลศ).
กะละออม	๒๕๕๔	ภาชนะสานด้วยไม้ไผ่ ยาชัน รูปคล้ายกระบุงขนาดย่อม ปากสอบ ใช้ใส่น้ำ, กระออม กะออม หรือ กัลออม ก็ว่า.
กะละแม	๒๕๔๒	น. ชื่อขนมชนิดหนึ่ง ทําด้วยข้าวเหนียว กะทิ และ นํ้าตาล กวนจนเหนียวเป็นสีดํา.
กะละแม	๒๕๕๔	ชื่อขนมชนิดหนึ่ง ทำด้วยข้าวเหนียว กะทิ และนํ้าตาลโตนดหรือน้ำตาลมะพร้าว กวนจนเหนียวเป็นสีดำ.
กะลังตังช้าง	๒๕๕๔	ดู ตะรังตังช้าง.
กะลังตังไก่	๒๕๔๒	ดู ตําแย ๑.
กะลังตังไก่	๒๕๕๔	ดู ตำแย ๑.
กะลัน	๒๕๔๒	น. ลัน, เครื่องดักปลาไหล ทําด้วยกระบอกไม้ไผ่ มีงาแซง.
กะลัน	๒๕๕๔	ดู ลัน.
กะลันทา	๒๕๔๒	ดู คนทา.
กะลันทา	๒๕๕๔	ดู คนทา.
กะลา	๒๕๔๒	น. ส่วนแข็งที่หุ้มเนื้อมะพร้าว ถ้าผ่าซีก ซีกที่มีตา เรียกว่า กะลาตัวผู้ ซีกที่ตัน เรียกว่า กะลาตัวเมีย; เรียกถ้วยชามชนิดเลวเนื้อหยาบหนาว่า ชามกะลา; เรียกผมที่ตัดเป็นรูปกะลาครอบว่า ผมทรงกะลาครอบ; เรียกหมวกที่มีรูปคล้ายกะลาครอบว่า หมวกกะลา หรือ หมวกกะลาครอบ; (ปาก) กะโหลก เป็นคําไม่สุภาพ เช่น ไม่เจียมกะลาหัว คุ้มกะลาหัว.<2t>(สํา) ว. ไม่มีค่า เช่น เก่ากะลา.
กะลา	๒๕๕๔	ส่วนแข็งที่หุ้มเนื้อมะพร้าว ถ้าผ่าซีก ซีกที่มีตา เรียกว่า กะลาตัวผู้ ซีกที่ตัน เรียกว่า กะลาตัวเมีย
กะลาง	๒๕๕๔	ชื่อนกขนาดกลางหลายชนิด ใน ๒ วงศ์ ลำตัวอ้วนป้อม หากินเป็นฝูงตามพื้นดิน อาจหากินร่วมกับนกชนิดอื่น ๆ พวกที่อยู่ในวงศ์ Sylviidae มีปากหนาสั้นสีดำปลายแหลม เช่น กะรางหัวหงอก [ Garrulax leucolophus (Hardwicke)] กะรางคอดำ [ G. chinensis (Scopoli)] กะรางสร้อยคอเล็ก [ G. monileqer (Hodgson)] พวกที่อยู่ในวงศ์ Upupidae ได้แก่ กะรางหัวขวาน ( Upupa epops Linn.) ปากยาวแหลมโค้งสีดำ หงอนขนสีส้มขอบดำ ลักษณะหงอนขนเหมือนหมวกของอินเดียนแดง ขนตามลำตัวสีนํ้าตาลอมเหลือง มีแถบดำขาวสลับกัน, ชนิดนี้ การางหัวขวาน หรือ หงอนชบา ก็เรียก.
กะลาซอ	๒๕๔๒	(ปาก) ว. คล้ายกะลาที่ทําซอ, เรียกผมที่ตัดแล้วเป็นรูปอย่างนั้น.
กะลาซอ	๒๕๕๔	กะลามะพร้าวที่มีปุ่มนูนเป็นรูปสามเส้า ใช้สำหรับทำซอสามสาย, เรียกลักษณะของหัวกะโหลกศีรษะที่เป็นรูปอย่างนั้น.
กะลาสี	๒๕๔๒	น. ลูกเรือ.<2t>ว. อย่างเครื่องแต่งกายกะลาสีสมัยโบราณหรือพลทหารเรือปัจจุบัน เช่น หมวกกะลาสี เงื่อนกะลาสี คอเสื้อกะลาสี. (มลายู กะลาสิ จากคำอิหร่าน ขะลาสิ).
กะลาสี	๒๕๕๔	ลูกเรือ.
กะลาหัว	๒๕๕๔	กะโหลกศีรษะ เช่น ไม่เจียมกะลาหัว คุ้มกะลาหัว.
กะลำพร	๒๕๕๔	กระลัมพร, โทษใหญ่, ความฉิบหาย, เขียนเป็น กระลำพร ก็มี. (ดู กลัมพร).
กะลำพอ	๒๕๔๒	น. ต้นหลุมพอ เช่น โพกพายโพกะลําพอ. (ประชุมเชิญขวัญ). (ดู หลุมพอ).
กะลำพอ	๒๕๕๔	ต้นหลุมพอ เช่น โพกพายโพกะลำพอ (ดู หลุมพอ).
กะลิง	๒๕๔๒	น. ชื่อนกปากงุ้มเป็นขอชนิด Psittacula finschii ในวงศ์ Psittacidae หัวสีเทา ตัวสีเขียว ปากแดง หางยาว.
กะลิง	๒๕๕๔	ชื่อนกปากขอชนิด Psittacula finschii (Hume) ในวงศ์ Psittacidae ตัวขนาดไล่เลี่ยกับนกแขกเต้าที่พบในประเทศไทย ปากสีแดง โดยปลายขากรรไกรบนสีแดงปลายเหลือง ขากรรไกรล่างสีเหลือง หัวสีเทา ตัวสีเขียว หางยาว กินผลไม้และเมล็ดพืช, กะแล ก็เรียก.
กะลิงปลิง	๒๕๔๒	น. ชื่อนกชนิดหนึ่ง. (พจน. ๒๔๙๓).
กะลิงปลิง	๒๕๕๔	ชื่อนกชนิดหนึ่ง.
กะลิอ่อง	๒๕๔๒	(ถิ่น-พายัพ) น. กล้วยนํ้าว้า. (ดู นํ้าว้า).
กะลิอ่อง	๒๕๕๔	กล้วยนํ้าว้า. (ดู นํ้าว้า).
กะลิ้มกะเหลี่ย	๒๕๔๒	ว. แสดงอาการให้รู้ว่าอยากได้.
กะลิ้มกะเหลี่ย	๒๕๕๔	แสดงอาการให้รู้ว่าอยากได้.
กะลุมพี	๒๕๔๒	น. ชื่อปาล์มชนิด Eleiodoxa conferta (Griff.) Burr. ในวงศ์ Palmae ขึ้นเป็นกอในป่าพรุและที่ชื้นแฉะทางภาคใต้ ผลเป็นช่อใหญ่และแน่น ปลายผลตัด ผิวเหลืองเกลี้ยงเป็นมัน ไม่มีหนาม เยื่อหุ้มเมล็ดขาว รสเปรี้ยว&#160;ๆ ฝาด&#160;ๆ กินได้ ยางในลําต้นเหนียวใช้ติดกระดาษแทนกาวได้, ลุมพี ก็เรียก, ปักษ์ใต้เรียก หลุมพี. (มลายู ว่า กะลุมปี).
กะลุมพี	๒๕๕๔	ชื่อปาล์มชนิด Eleiodoxa conferta (Griff.) Burret. ในวงศ์ Palmae ขึ้นเป็นกอในป่าพรุและที่ชื้นแฉะทางภาคใต้ ผลเป็นช่อใหญ่และแน่น ปลายผลตัด ผิวเหลืองเกลี้ยงเป็นมัน ไม่มีหนาม เยื่อหุ้มเมล็ดขาว รสเปรี้ยวๆ ฝาดๆ กินได้ ยางในลำต้นเหนียวใช้ติดกระดาษแทนกาวได้, ลุมพี ก็เรียก, ปักษ์ใต้เรียก หลุมพี.
กะล่อกะแล่	๒๕๔๒	ว. ทีเล่นทีจริง. (ปาเลกัว).
กะล่อกะแล่	๒๕๕๔	ทีเล่นทีจริง.
กะล่อน	๒๕๔๒	น. ชื่อมะม่วงชนิด Mangifera caloneura Kurz ในวงศ์ Anacardiaceae ผลเล็ก เนื้อไม่มีเสี้ยน เมื่อสุกมีกลิ่นหอมแรง, ขี้ไต้ ก็เรียก.
กะล่อน	๒๕๕๔	ชื่อมะม่วงชนิด Mangifera caloneura Kurz ในวงศ์ Anacardiaceae ผลเล็ก เนื้อไม่มีเสี้ยน เมื่อสุกมีกลิ่นหอมแรง, ขี้ไต้ ก็เรียก.
กะล่อมกะแล่ม	๒๕๔๒	ก. เคี้ยวไม่ทันแหลกแล้วรีบกลืน, เคี้ยวไม่ถนัด; พูดอ้อมแอ้มพอให้ผ่านไป, พูดไม่สู้ชัดความเพื่อให้เสร็จไป; กล้อมแกล้ม ก็ว่า.
กะล่อมกะแล่ม	๒๕๕๔	เคี้ยวไม่ทันแหลกแล้วรีบกลืน, เคี้ยวไม่ถนัด
กะล่อยกะหลิบ	๒๕๔๒	ว. คล่องแคล่วว่องไวในการใช้มืออย่างแนบเนียนน่าดู; ดูเหมือนเมื่อเร็ว&#160;ๆ นี้เอง, ดูเหมือนไม่นาน, เช่น ดูกะล่อยกะหลิบเมื่อไม่นานมานี่เอง ล่วงเข้ามาหลายเดือนแล้ว.
กะล่อยกะหลิบ	๒๕๕๔	คล่องแคล่วว่องไวในการใช้มืออย่างแนบเนียนน่าดู เช่น เด็กคนนี้รู้จักเปิบข้าวดูกะล่อยกะหลิบ
กะวอกกะแวก	๒๕๔๒	ว. อาการหลุกหลิกอย่างลิง.
กะวอกกะแวก	๒๕๕๔	อาการหลุกหลิกอย่างลิง.
กะวะ	๒๕๔๒	น. เครื่องมือจับสัตว์นํ้าชนิดหนึ่ง สําหรับรุนกุ้งรุนเคยตามชายฝั่งแม่นํ้า ลําคลอง หรือทะเล รูปคล้ายสวิง มีถุงตาข่ายอย่างตาละเอียดแขวนอยู่ ใช้ไสตามริมฝั่งเพื่อจับกุ้งเล็ก&#160;ๆ หรือเคย.
กะวะ	๒๕๕๔	เครื่องมือจับสัตว์นํ้าชนิดหนึ่ง สำหรับใช้ไสรุนกุ้งรุนเคยตามชายฝั่งแม่นํ้า ลำคลอง หรือทะเล รูปคล้ายสวิง มีถุงตาข่ายอย่างละเอียด.
กะสมอ	๒๕๔๒	ก. นำสมอเรือไปทอดไว้ในที่ที่เรือใหญ่ต้องการเข้าจอดหรือเทียบเรือ ซึ่งเป็นที่เข้าจอดหรือเข้าเทียบแล้วค่อย&#160;ๆ กว้านสมอนำเรือเข้าไป.
กะสมอ	๒๕๕๔	นำสมอเรือไปทอดไว้ในที่ที่เรือใหญ่ต้องการเข้าจอดหรือเทียบเรือ ซึ่งเป็นที่เข้าจอดหรือเข้าเทียบแล้วค่อยๆ กว้านสมอนำเรือเข้าไป.
กะสัง	๒๕๔๒	(ถิ่น-อีสาน) น. ต้นมะสัง. (ดู มะสัง).
กะสัง	๒๕๕๔	ต้นมะสัง. (ดู มะสัง).
กะส้มชื่น	๒๕๔๒	(ถิ่น-พายัพ) น. ต้นว่านนํ้า. (ดู ว่านนํ้า).
กะส้มชื่น	๒๕๕๔	ต้นว่านนํ้า. (ดู ว่านนํ้า ที่ ว่าน).
กะส้าหอย	๒๕๔๒	น. เปลือกซากหอยต่าง&#160;ๆ ที่ทับถมกันอยู่ ใช้ทําปูนขาวที่เรียกว่า ปูนหอย. (ไกลบ้าน), กะซ้าหอย ก็ว่า.
กะส้าหอย	๒๕๕๔	เปลือกซากหอยต่างๆ ที่ทับถมกันอยู่ ใช้ทำปูนขาวที่เรียกว่า ปูนหอย. (ไกลบ้าน), กะซ้าหอย ก็ว่า.
กะหนอกะแหน	๒๕๔๒	[-หฺนอ-แหฺน] ว. เสียงพูดอย่างน่าเอ็นดูเหมือนเสียงเด็กพูด.
กะหนอกะแหน	๒๕๕๔	เสียงพูดอย่างน่าเอ็นดูเหมือนเสียงเด็กพูด.
กะหนะ	๒๕๔๒	น. ทางของต้นจากที่ใช้กรุฝา.
กะหนะ	๒๕๕๔	ทางของต้นจากที่ใช้กรุฝา.
กะหนุงกะหนิง	๒๕๔๒	ว. เสียงพูดจู๋จี๋ระหว่างคู่รักเป็นต้น.
กะหนุงกะหนิง	๒๕๕๔	อาการที่พูดกันเบา ๆ ด้วยความสนิทสนม.
กะหน็องกะแหน็ง	๒๕๔๒	ว. แปร่ง, ไม่ชัด, ฟังไม่ออก, (ใช้แก่การพูด), หน็องแหน็ง หรือ อีหน็องอีแหน็ง ก็ว่า.
กะหน็องกะแหน็ง	๒๕๕๔	แปร่ง, ไม่ชัด, ฟังไม่ออก, (ใช้แก่การพูด), หน็องแหน็ง ก็ว่า.
กะหน่อง	๒๕๕๔	น่อง, อวัยวะส่วนหลังของแข้ง ตั้งแต่ขาพับลงไปถึงส้นเท้า, กะน่อง ก็เรียก.
กะหมอก	๒๕๔๒	[-หฺมอก] น. ไฟ. (ดิกชนารีไทย).
กะหรอด	๒๕๔๒	[-หฺรอด] น. นกกรอด. (ดู ปรอด).
กะหรอด	๒๕๕๔	ดู ปรอด.
กะหราน	๒๕๔๒	(ปาก) ว. อร่าม, ใช้ประกอบกับแดงหรือเหลือง เช่น แดงกะหราน เหลืองกะหราน.
กะหราน	๒๕๕๔	อร่าม, ใช้ประกอบกับแดงหรือเหลือง เช่น แดงกะหราน เหลืองกะหราน.
กะหรี่	๒๕๔๒	น. แกงชนิดหนึ่ง สีเหลือง ปรุงด้วยเครื่องแกงกะหรี่; เรียกเครื่องแกงกะหรี่ซึ่งประกอบด้วยขมิ้นและเครื่องเทศอื่น&#160;ๆ บดเป็นผงว่า ผงกะหรี่. (มลายู มาจากทมิฬว่า ผัด; อ. curry).
กะหรี่	๒๕๕๔	แกงกะทิชนิดหนึ่ง น้ำแกงข้น ใช้เนื้อหรือไก่เป็นต้นชิ้นโต ๆ ปรุงด้วยเครื่องแกงกะหรี่
กะหรี่ปั๊บ	๒๕๔๒	น. ชื่อของกินชนิดหนึ่ง ใช้แป้งสาลีห่อไส้ผสมผงกะหรี่ แล้วจับจีบคล้ายหอยแครง ทอดนํ้ามัน.
กะหรี่ปั๊บ	๒๕๕๔	ชื่อของกินชนิดหนึ่ง ใช้แป้งสาลีห่อไส้ที่ใช้เนื้อไก่เป็นต้นผัดกับผงกะหรี่ หรืออาจเป็นไส้อื่น ๆ เช่น ถั่วกวน เผือกกวน ม้วนปิดริมแป้งตรงที่ประกบกันให้เป็นลายเกลียว แล้วทอดนํ้ามัน.
กะหร็อมกะแหร็ม	๒๕๔๒	ว. มีเล็กน้อย, มีห่าง&#160;ๆ ไม่เป็นพวกเป็นหมู่, เช่น ผมขึ้นกะหร็อมกะแหร็ม, หร็อมเเหร็ม หรือ หย็อมเเหย็ม ก็ว่า.
กะหร็อมกะแหร็ม	๒๕๕๔	มีเล็กน้อย, มีห่างๆ ไม่เป็นพวกเป็นหมู่, เช่น ผมขึ้นกะหร็อมกะแหร็ม, หร็อมเเหร็ม หรือ หย็อมเเหย็ม ก็ว่า.
กะหร่อง	๒๕๔๒	(ปาก) ว. ผอมเกร็ง.
กะหร่อง	๒๕๕๔	ผอมอย่างไม่มีเรี่ยวแรงคล้ายคนขี้โรคหรือติดยาเสพติด.
กะหลาป๋า	๒๕๔๒	น. ชื่อเมืองในเกาะชวาสมัยโบราณ ต่อมาเรียก ปัตตาเวีย, ปัจจุบันชื่อ จาการ์ตา; เรียกหมวกชนิดหนึ่งสานด้วยไม้ไผ่อย่างละเอียด รูปทรงสูง ผู้หญิงนิยมใช้ในเวลาแข่งเรือ มีดอกไม้จีนเสียบ เป็นของเก่าในสมัยต้นรัชกาลที่ ๕ ขึ้นไปว่า หมวกกะหลาป๋า; เรียกขวดแก้วสำหรับใช้ใส่น้ำอบ ทรงกระบอกแปดเหลี่ยม มีสีต่าง&#160;ๆ มีจุกแก้ว เถาหนึ่งมี ๓ ใบ ว่า ขวดกะหลาป๋า.
กะหลาป๋า	๒๕๕๔	ชื่อเมืองในเกาะชวาสมัยโบราณ ต่อมาเรียก ปัตตาเวีย, ปัจจุบันคือ จาการ์ตา
กะหลีกะหลอ	๒๕๔๒	ก. แสดงกิริยาท่าทางหรือพูดจาประจบประแจงเกินงาม.
กะหลีกะหลอ	๒๕๕๔	แสดงกิริยาท่าทางหรือพูดจาประจบประแจงเกินงาม.
กะหลี่	๒๕๕๔	ยอดอ่อนของต้นกัญชาหรือยาสูบ.
กะหลี่กัญชา	๒๕๔๒	น. ใบและช่อดอกเพศเมียของกัญชาที่แห้ง ใช้สูบปนกับยาสูบ.
กะหลุกกะหลิก	๒๕๔๒	ก. หลุก&#160;ๆ หลิก&#160;ๆ.
กะหลุกกะหลิก	๒๕๕๔	หลุกๆ หลิกๆ.
กะหล่ำ	๒๕๔๒	น. ชื่อไม้ล้มลุกชนิด Brassica oleracea L. ในวงศ์ Cruciferae มีหลายพันธุ์ เช่น กะหลํ่าปลี หรือ กะหลํ่าใบ (B. oleracea L. var. capitata L.) กะหลํ่าดอก หรือ กะหลํ่าต้น (B. oleracea L. var. botrytis L.) กะหลํ่าดาว หรือ กะหลํ่าหัวลําต้น [B. oleracea L. var. gemmifera (DC.) Thell.] และ กะหลํ่าปม (B. oleracea L. var. gongylodes L.).
กะหล่ำ	๒๕๕๔	ชื่อไม้ล้มลุกชนิด Brassica oleracea L. ในวงศ์ Cruciferae มีหลายพันธุ์ เช่น กะหลํ่าปลีหรือกะหลํ่าใบ ( B. oleracea L. var. capitataL.) กะหลํ่าดอกหรือกะหลํ่าต้น ( B. oleracea L. var. botrytis L.) กะหลํ่าดาวหรือกะหลํ่าหัวลำต้น [ B. oleracea L. var. gemmifera (DC.) Thell.] และกะหลํ่าปม ( B. oleracea L. var. gongylodes L .) .
กะหำ	๒๕๔๒	น. ไข่หํา, ลูกอัณฑะ.
กะหำ	๒๕๕๔	ลูกอัณฑะ.
กะหำแพะ	๒๕๔๒	น. ชื่อมะเขือพันธุ์หนึ่งของชนิด Solanum melongena L..
กะหำแพะ	๒๕๕๔	ชื่อมะเขือพันธุ์หนึ่งของชนิด Solanum melongena L. ผลมีสีม่วง สั้นและป้อมกว่ามะเขือยาว.
กะหือ	๒๕๔๒	ว. เสียงครวญคราง.
กะหือ	๒๕๕๔	เสียงครวญคราง.
กะหูด	๒๕๔๒	(ถิ่น) น. เครื่องมือจับสัตว์นํ้าชนิดหนึ่ง ใช้ในท้องที่จังหวัดจันทบุรี รูปร่างคล้ายกรวย ทําด้วยไม้ไผ่.
กะหูด	๒๕๕๔	เครื่องมือจับสัตว์นํ้าชนิดหนึ่ง ทำด้วยไม้ไผ่ รูปร่างคล้ายกรวย ปากกว้างคล้ายแตร ตอนปากมีงาแซงเพื่อมิให้ปลาหนีออกมา ใช้ในท้องที่จังหวัดจันทบุรี.
กะอวม	๒๕๔๒	(ถิ่น-ปักษ์ใต้) น. ชื่อไม้ต้นขนาดกลางชนิด Acronychia pedunculata (L.) Miq. ในวงศ์ Rutaceae ผลเล็ก สีเขียวอ่อนหรือสีนวล กินได้, เปล้าขลิบทอง ไพรสามกอ มะงัน หรือ กระเบื้องถ้วย ก็เรียก.
กะอวม	๒๕๕๔	ชื่อไม้ต้นขนาดกลางชนิด Acronychia pedunculata (L.) Miq. ในวงศ์ Rutaceae ผลเล็ก สีเขียวอ่อนหรือสีนวล กินได้, กระเบื้องถ้วย เปล้าขลิบทอง ไพรสามกอ หรือ มะงัน ก็เรียก.
กะออม	๒๕๔๒	น. ภาชนะสานด้วยไม้ไผ่ ยาชัน รูปคล้ายกระบุง ไม่มีคอ ใช้ใส่น้ำ, กระออม กัลออม หรือ กะละออม ก็ว่า.
กะออม	๒๕๕๔	ภาชนะสานด้วยไม้ไผ่ ยาชัน รูปคล้ายกระบุงขนาดย่อม ปากสอบ ใช้ใส่น้ำ, กระออม กัลออม หรือ กะละออม ก็ว่า.
กะอาน	๒๕๔๒	ดู กระอาน.
กะอาน	๒๕๕๔	ดู กระอาน.
กะอาม	๒๕๔๒	น. กะอวม เช่น กะอามลั่นทมชวน ใจรื่น รมย์นา. (พงศ. เหนือ).
กะอาม	๒๕๕๔	กะอวม เช่น กะอามลั่นทมชวน ใจรื่น รมย์นา
กะอิด	๒๕๔๒	ดู ไก่ไห้ (๑).
กะอิด	๒๕๕๔	ดู ไก่ไห้ (๑).
กะอูบ	๒๕๔๒	(ถิ่น-พายัพ) น. ผอบ เช่น จึงแก้เอาเสื้อและผ้าคาดศีรษะใส่ในกระอูบคำ. (ประชุมพงศ. ๑๐).
กะเกณฑ์	๒๕๔๒	ก. บังคับ, กําหนดเป็นเชิงบังคับ.
กะเกณฑ์	๒๕๕๔	บังคับ, กำหนดเป็นเชิงบังคับ.
กะเกาะ	๒๕๔๒	(กลอน) ว. เสียงดังเช่นนั้น เช่น เคาะพระทวารดังกะเกาะก้องกึก. (ม. ร่ายยาว ชูชก).
กะเกาะ	๒๕๕๔	เสียงดังเช่นนั้น เช่น เคาะพระทวารดังกะเกาะก้องกึก (ม. ร่ายยาว ชูชก).
กะเดก	๒๕๔๒	ว. โยก, โคลง.
กะเดี๋ยว	๒๕๔๒	(ปาก) ว. ประเดี๋ยว.
กะเดี๋ยว	๒๕๕๔	ประเดี๋ยว.
กะเด้	๒๕๔๒	(ถิ่น) ว. ประเดี๋ยว เช่น รอกะเด้ = รอประเดี๋ยว, เดี๋ยวนี้ เช่น ไปกะเด้ = ไปเดี๋ยวนี้.
กะเตก	๒๕๔๒	ก. ไสช้างให้เดิน, มักพูดสั้น&#160;ๆ ว่า เตก.
กะเตก	๒๕๕๔	ไสช้างให้เดิน, มักพูดสั้น ๆ ว่า เตก.
กะเตง	๒๕๔๒	ก. พาหรือเอาไปด้วย เช่น จะกะเตงกระเป๋าไปให้เกะกะทำไม กะเตงลูกไปตามหาพ่อ.
กะเตง	๒๕๕๔	พาหรือเอาไปด้วย เช่น จะกะเตงกระเป๋าไปให้เกะกะทำไม กะเตงลูกไปตามหาพ่อ.
กะเตง ๆ	๒๕๔๒	ว. ลักษณะที่ไปอย่างไม่เรียบร้อยคล้ายกับมีของถ่วงอยู่ข้างหนึ่ง เช่น อุ้มลูกกะเตง&#160;ๆ พายเรือกะเตง&#160;ๆ, กะเตงเรง ก็ว่า, ลักษณะที่ไปอย่างเรื่อยเปื่อย เช่น วัน&#160;ๆ ได้แต่กะเตง&#160;ๆ ไปโน่นไปนี่.
กะเตง ๆ	๒๕๕๔	ลักษณะที่ไปอย่างไม่เรียบร้อยคล้ายกับมีของถ่วงอยู่ข้างหนึ่ง เช่น อุ้มลูกกะเตง ๆ พายเรือกะเตง ๆ, กะเตงเรง ก็ว่า, ลักษณะที่ไปอย่างเรื่อยเปื่อย เช่น วัน ๆ ได้แต่กะเตง ๆ ไปโน่นไปนี่.
กะเตงเรง	๒๕๔๒	ว. กะเตง&#160;ๆ.
กะเตงเรง	๒๕๕๔	กะเตง ๆ.
กะเทย	๒๕๔๒	น. คนที่มีอวัยวะเพศทั้งชายและหญิง, คนที่มีจิตใจและกิริยาอาการตรงข้ามกับเพศของตน; ผลไม้ที่เมล็ดลีบ เช่น ลําไยกะเทย. (อะหม ว่า เทย).
กะเทย	๒๕๕๔	คนที่มีอวัยวะเพศทั้งชายและหญิง, คนที่มีจิตใจและกิริยาอาการตรงข้ามกับเพศของตน
กะเทยนางหมั่น	๒๕๔๒	น. ชื่อลิ้นจี่พันธุ์หนึ่งที่เคยปลูกในกรุงเทพมหานคร.
กะเทาะ	๒๕๔๒	ก. ล่อนหลุดออกมาเป็นชิ้น&#160;ๆ หรือเป็นแผ่น&#160;ๆ, ทําให้ล่อนหลุดออก เช่น กะเทาะเม็ดบัว.<2t>น. สิ่งของหรือเปลือกไม้ที่หลุดล่อนออกมาจากพื้นเดิมหรือจากต้น เช่น กะเทาะมะขาม.
กะเทาะ	๒๕๕๔	ล่อนหลุดออกมาเป็นชิ้นๆ หรือเป็นแผ่นๆ, ทำให้ล่อนหลุดออก เช่น กะเทาะเม็ดบัว.
กะเบียน	๒๕๔๒	(ถิ่น-อีสาน) น. ถาดไม้ใช้เป็นสํารับ, กระบะ.
กะเบี้ย	๒๕๕๔	ผีเสื้อ. (ดู ผีเสื้อ ๑).
กะเบือ	๒๕๔๒	น. เรียกครกดินหรือสากที่ตําข้าวเบือว่า ครกกะเบือ สากกะเบือ. (เพี้ยนมาจาก ข้าวเบือ).
กะเบ้อ	๒๕๔๒	(ถิ่น-พายัพ) น. ผีเสื้อกลางวัน. (ดู ผีเสื้อ ๑).
กะเบ้อ	๒๕๕๔	ผีเสื้อ. (ดู ผีเสื้อ ๑).
กะเปะ	๒๕๔๒	(ถิ่น-ปักษ์ใต้) น. ภาชนะชนิดหนึ่ง สําหรับตักนํ้าขึ้นมาจากบ่อ.
กะเปิ๊บกะป๊าบ	๒๕๔๒	(ปาก) ว. พูดเสียงดังเอะอะและไม่ระมัดระวังวาจาหรือท่าทาง, มีกิริยาท่าทางหรือแต่งตัวรุงรังไม่เรียบร้อย.
กะเปิ๊บกะป๊าบ	๒๕๕๔	พูดเสียงดังเอะอะและไม่ระมัดระวังวาจาหรือท่าทาง, มีกิริยาท่าทางหรือแต่งตัวรุงรังไม่เรียบร้อย.
กะเปียด	๒๕๔๒	น. ชื่อไม้ต้นขนาดกลางชนิด Premna tomentosa Willd. ในวงศ์ Labiatae ลักษณะคล้ายต้นสัก แต่ใบเล็กกว่า รูปไข่หรือรี ปลายแหลมก้านยาว เนื้อไม้ละเอียด ใช้ทําประโยชน์ได้, พายัพเรียก สักขี้ไก่.
กะเปียด	๒๕๕๔	ชื่อไม้ต้นขนาดกลางชนิด Premna tomentosa Willd. ในวงศ์ Labiatae ลักษณะคล้ายต้นสัก แต่ใบเล็กกว่า รูปไข่หรือรี ปลายแหลมก้านยาว เนื้อไม้ละเอียด ใช้ทำประโยชน์ได้, พายัพเรียก สักขี้ไก่.
กะเผลก	๒๕๔๒	[-เผฺลก] ก. อาการเดินไม่ปรกติ เอียงไปข้างใดข้างหนึ่ง.
กะเผลก	๒๕๕๔	อาการเดินเอียงไปข้างใดข้างหนึ่ง เนื่องจากขาข้างหนึ่งไม่ได้ระดับกับอีกข้างหนึ่ง.
กะเผ่น	๒๕๔๒	(กลอน) ว. เผ่น, ลอย, เช่น ชมบรรพตเสลาสูงกะเผ่น. (พงศ. เหนือ).
กะเผ่น	๒๕๕๔	เผ่น, ลอย, เช่น ชมบรรพตเสลาสูงกะเผ่น
กะเพรา	๒๕๔๒	[-เพฺรา] น. ชื่อไม้ล้มลุกชนิด Ocimum tenuiflorum L. ในวงศ์ Labiatae กลิ่นฉุน ใช้ปรุงอาหาร พันธุ์ที่กิ่งและก้านใบสีเขียวอมแดงเรียก กะเพราแดง ใช้ทํายาได้, พายัพเรียก กอมก้อ.
กะเพรา	๒๕๕๔	ชื่อไม้ล้มลุกชนิด Ocimum tenuiflorum L. ในวงศ์ Labiatae กลิ่นฉุน ใช้ปรุงอาหาร พันธุ์ที่กิ่งและก้านใบสีเขียวอมแดงเรียก กะเพราแดง ใช้ทำยาได้.
กะเพียด	๒๕๔๒	ดู หนอนตายหยาก (๑).
กะเพียด	๒๕๕๔	ดู หนอนตายหยาก (๑).
กะเพียดช้าง	๒๕๕๔	ดู หนอนตายหยาก (๑).
กะเพียดหนู	๒๕๕๔	ดู หนอนตายหยาก (๑).
กะเมีย	๒๕๔๒	น. ชื่อไม้เถาเนื้อแข็งชนิด Uncaria gambier Roxb. ในวงศ์ Rubiaceae ใบและกิ่งหมักแล้วนําไปสกัดได้สารที่เรียกว่า สีเสียด ใช้ทํายาได้.
กะเมีย	๒๕๕๔	ชื่อไม้เถาเนื้อแข็งชนิด Uncaria gambier Roxb. ในวงศ์ Rubiaceae ใบและกิ่งหมักแล้วนำไปสกัดได้สารที่เรียกว่า สีเสียดเทศ ใช้ทำยาได้.
กะเม็ง	๒๕๔๒	น. ชื่อไม้ล้มลุกขนาดเล็กชนิด Eclipta prostrata L. ในวงศ์ Compositae ขึ้นอยู่ทั่วไป ลําต้นสีม่วงคลํ้า ใบเขียวมีขนคาย ดอกสีขาว ใช้ทํายาได้, กะเม็งตัวเมีย หรือ คัดเม็ง ก็เรียก.
กะเม็ง	๒๕๕๔	ชื่อไม้ล้มลุกขนาดเล็กชนิด Eclipta prostrata L. ในวงศ์ Compositae ขึ้นอยู่ทั่วไป ลำต้นสีม่วงคลํ้า ใบเขียวมีขนคาย ดอกสีขาว ใช้ทำยาได้, กะเม็งตัวเมีย หรือ คัดเม็ง ก็เรียก.
กะเม็งตัวผู้	๒๕๔๒	น. ชื่อไม้ล้มลุกชนิด Wedelia chinensis (Osbeck) Merr. ในวงศ์ Compositae ชอบขึ้นในที่ชื้นแฉะ ทอดลําต้นและออกรากตอนโคน ใบคาย ดอกสีเหลือง ใช้ทํายาได้.
กะเม็งตัวผู้	๒๕๕๔	ชื่อไม้ล้มลุกชนิด Wedelia chinensis (Osbeck) Merr. ในวงศ์ Compositae ชอบขึ้นในที่ชื้นแฉะ ทอดลำต้นและออกรากตอนโคน ใบคาย ดอกสีเหลือง ใช้ทำยาได้.
กะเม็งตัวเมีย	๒๕๕๔	ดู กะเม็ง.
กะเร	๒๕๔๒	(ถิ่น-ปักษ์ใต้) น. ต้นต้นตายใบเป็น. (ดู ต้นตายใบเป็น).
กะเร	๒๕๕๔	ต้นต้นตายใบเป็น. (ดู ต้นตายใบเป็น).
กะเรกะร่อน	๒๕๔๒	น. ชื่อกล้วยไม้หลายชนิดในสกุล Cymbidium วงศ์ Orchidaceae อิงอาศัยตามต้นไม้ ใบเขียวหนา ยาว ๒๐-๖๐ เซนติเมตร เช่น กะเรกะร่อนด้ามข้าว (C. bicolor Lindl.) ดอกสีขาว กะเรกะร่อนปากเป็ด (C. finlaysonianum Lindl.) ดอกสีเหลือง ปากสีแดงคลํ้า.
กะเรกะร่อน	๒๕๕๔	ชื่อกล้วยไม้หลายชนิดในสกุล Cymbidium วงศ์ Orchidaceae อิงอาศัยตามต้นไม้ ใบเขียวหนา ยาว ๒๐-๖๐ เซนติเมตร เช่น กะเรกะร่อนด้ามข้าว ( C. bicolor Lindl.) ดอกสีขาว กะเรกะร่อนปากเป็ด ( C. finlaysonianum Lindl.) ดอกสีเหลือง ปากสีแดงคลํ้า.
กะเรี่ยกะราด	๒๕๔๒	ว. เรี่ยราย, กระจัดกระจาย, หกเรี่ยราด; วางหน้าไม่สนิท.
กะเรี่ยกะราด	๒๕๕๔	เรี่ยราย, กระจัดกระจาย
กะเร่กะร่อน	๒๕๔๒	ก. เร่ร่อนเรื่อยไป, ไม่อยู่ประจําที่.
กะเร่กะร่อน	๒๕๕๔	เร่ร่อนเรื่อยไป, ไม่อยู่ประจำที่.
กะเร่อ	๒๕๔๒	(ถิ่น-ปักษ์ใต้) ว. เซ่อ, เซอะ.
กะเร่อ	๒๕๕๔	เซ่อ, เซอะ.
กะเร่อกะร่า	๒๕๔๒	ว. อาการที่แต่งกายรุ่มร่ามเกินพอดี เช่น เขาแต่งตัวกะเร่อกะร่าผิดกาลเทศะ, ซุ่มซ่าม เช่น เขาเดินกะเร่อกะร่าออกไปกลางถนนเลยถูกรถชน, เซ่อซ่า เช่น เขากะเร่อกะร่าเข้าไปอยู่กับพวกเล่นการพนันเลยถูกจับไปด้วย, เก้งก้าง เช่น เขาเป็นคนท่าทางกะเร่อกะร่าอย่างนั้นเอง, กะเล่อกะล่า เร่อร่า หรือ เล่อล่า ก็ว่า.
กะเร่อกะร่า	๒๕๕๔	อาการที่แต่งกายรุ่มร่ามเกินพอดี เช่น เขาแต่งตัวกะเร่อกะร่าผิดกาลเทศะ, ซุ่มซ่าม เช่น เขาเดินกะเร่อกะร่าออกไปกลางถนนเลยถูกรถชน, เซ่อซ่า เช่น เขากะเร่อกะร่าเข้าไปอยู่กับพวกเล่นการพนันเลยถูกจับไปด้วย, เก้งก้าง เช่น เขาเป็นคนท่าทางกะเร่อกะร่า, กะเล่อกะล่า เร่อร่า หรือ เล่อล่า ก็ว่า.
กะเลิด	๒๕๔๒	น. ยานชนิดหนึ่งไม่มีล้อ ใช้ลากไปตามท้องนาและหมู่บ้าน สําหรับบรรทุกฟ่อนข้าวเป็นต้น, เลื่อน ก็เรียก.
กะเลิด	๒๕๕๔	ยานชนิดหนึ่ง คล้ายเลื่อน แต่ใช้เทียมด้วยวัวหรือควาย ไม่มีล้อ ใช้ลากไปตามท้องนาและหมู่บ้าน สำหรับบรรทุกฟ่อนข้าวเป็นต้น.
กะเลียว	๒๕๔๒	น. สีของม้าชนิดหนึ่ง ลักษณะเขียวอมดํา, เรียกม้าที่มีสีเช่นนั้นว่า ม้ากะเลียว หรือ ม้าสีกะเลียว.
กะเลียว	๒๕๕๔	สีเขียวอมดำ, เรียกม้าที่มีสีเช่นนั้น ว่า ม้ากะเลียว หรือ ม้าสีกะเลียว เช่น ข้าเห็นพาชีสีกะเลียว มาเที่ยวกินถั่วริมรั้วไร่
กะเล็ง	๒๕๔๒	น. แขกกลิงค์.
กะเล็ง	๒๕๕๔	แขกกลิงค์. (ดู กลิงค์).
กะเล่อกะล่า	๒๕๔๒	ว. อาการที่แต่งกายรุ่มร่ามเกินพอดี เช่น เขาแต่งตัวกะเล่อกะล่าผิดกาลเทศะ, ซุ่มซ่าม เช่น เขาเดินกะเล่อกะล่าออกไปกลางถนนเลยถูกรถชน, เซ่อซ่า เช่น เขากะเล่อกะล่าเข้าไปอยู่กับพวกเล่นการพนันเลยถูกจับไปด้วย, เก้งก้าง เช่น เขาเป็นคนท่าทางกะเล่อกะล่าอย่างนั้นเอง, กะเร่อกะร่า เร่อร่า หรือ เล่อล่า ก็ว่า.
กะเล่อกะล่า	๒๕๕๔	ดู กะเร่อกะร่า.
กะเหรี่ยง	๒๕๔๒	น. ชื่อชนชาวเขาเผ่าหนึ่ง ปรกติอาศัยอยู่ทางพรมแดนทิศตะวันตกของประเทศไทย, โซ่ ก็เรียก, (โบ) เรียกว่า กั้ง ก็มี.
กะเหรี่ยง	๒๕๕๔	ชื่อชนชาวเขาเผ่าหนึ่ง ปรกติอาศัยอยู่ทางพรมแดนทิศตะวันตกของประเทศไทย, โซ่ หรือ ยาง ก็เรียก, (โบ) เรียกว่า กั้ง ก็มี.
กะเหลาะเปาะ	๒๕๔๒	ว. กลมน่าดู, ตะเหลาะเปาะ ก็ว่า.
กะเหลาะเปาะ	๒๕๕๔	กระเปาะเหลาะ, มีสัณฐานกลมป้อม, ตะเหลาะเปาะ ก็ว่า.
กะเอว	๒๕๔๒	น. เอว เช่น ถวัดเท้าท่าเตะมวย ตึงเมื่อย หายฮา แก้กะเอวขดค้อม เข่าคู้โขยกโขยง. (จารึกวัดโพธิ์),สะเอว ก็ว่า.
กะเอว	๒๕๕๔	เอว เช่น ถวัดเท้าท่าเตะมวย ตึงเมื่อย หายฮา แก้กะเอวขดค้อม เข่าคู้โขยกโขยง (จารึกวัดโพธิ์), สะเอว หรือ บั้นเอว ก็ว่า.
กะแจะ	๒๕๔๒	ดู กระแจะ ๒.
กะแจะ	๒๕๕๔	ดู กระแจะ ๒.
กะแช่	๒๕๔๒	น. นํ้าเมาชนิดหนึ่ง ใช้ข้าวเหนียวนึ่งหมักแช่กับแป้งเชื้อ แต่ยังมิได้กลั่นเป็นสุรา.
กะแช่	๒๕๕๔	นํ้าเมาชนิดหนึ่ง ใช้ข้าวเหนียวนึ่งหมักแช่กับแป้งเชื้อ แต่ยังมิได้กลั่นเป็นสุรา.
กะแตว	๒๕๔๒	ว. ลักษณะที่ไปรบกวนบ่อย&#160;ๆ, หย่อย&#160;ๆ, เซ้าซี้.
กะแตว	๒๕๕๔	ลักษณะที่ไปรบกวนบ่อย ๆ, หย่อย ๆ, เซ้าซี้.
กะแต่ว	๒๕๔๒	ว. แสดงลักษณะของการร้องหรือการทวงสิ่งของบ่อย&#160;ๆ ว่า ร้องกะแต่ว&#160;ๆ.
กะแต่ว	๒๕๕๔	แสดงลักษณะของการร้องหรือการทวงสิ่งของบ่อย ๆ ว่า ร้องกะแต่ว ๆ.
กะแทน	๒๕๔๒	ดู มะแฟน.
กะแทน	๒๕๕๔	ดู มะแฟน.
กะแท่ง	๒๕๔๒	น. ชื่อไม้ล้มลุกในสกุล Amorphophallus วงศ์ Araceae ต้นเล็กราวเท่านิ้วมือ เวลาออกดอกไม่มีใบ ก้านช่อดอกอ่อน&#160;ๆ ใช้แกงได้, พายัพเรียก ดอกก้าน.
กะแท่ง	๒๕๕๔	ชื่อไม้ล้มลุกในสกุล Amorphophallus วงศ์ Araceae ต้นเล็กราวเท่านิ้วมือ เวลาออกดอกไม่มีใบ ก้านช่อดอกอ่อนๆ ใช้แกงได้, พายัพเรียก ดอกก้าน.
กะแท้	๒๕๔๒	น. ชื่อแมลงพวกมวนขนาดเล็ก ตัวยาว ๘-๑๒ มิลลิเมตร รูปร่างคล้ายโล่ สีนํ้าตาลแก่อมดําหรือสีเกือบดํา เมื่อจับต้องตัวจะปล่อยกลิ่นฉุนเหม็นติดมือ บางทีคล้ายกลิ่นอุจจาระของคน มีหลายชนิด ที่พบกันแพร่หลาย ได้แก่ ชนิด Geotomus pygmaeus ในวงศ์ Podopidae.
กะแท้	๒๕๕๔	ชื่อแมลงพวกมวนหลายชนิดหลายสกุล ในวงศ์ Cydnidae ลำตัวยาว ๔-๑๒ มิลลิเมตร รูปร่างรูปไข่ ส่วนใหญ่มีสีนํ้าตาลแก่อมดำหรือดำ มักบินเข้าหาแสงไฟ เมื่อจับต้องตัวจะปล่อยกลิ่นฉุนเหม็นติดมือ บางทีคล้ายกลิ่นอุจจาระของคน ที่พบบ่อย ได้แก่ ชนิด Geotomus pygmaeus (Dallas).
กะแปะ	๒๕๔๒	น. เงินปลีกโบราณ เช่น กะแปะทองแดง กะแปะดีบุก, อีแปะ ก็เรียก.
กะแปะ	๒๕๕๔	เงินปลีกโบราณ เช่น กะแปะทองแดง กะแปะดีบุก, อีแปะ ก็เรียก.
กะแป้น	๒๕๔๒	น. เรือหางแมงป่องขนาดเล็ก มีใช้มากตามลํานํ้าปิง.
กะแป้น	๒๕๕๔	เรือหางแมงป่องขนาดเล็ก มีใช้มากตามลำนํ้าปิง.
กะแล	๒๕๔๒	(ถิ่น-พายัพ) น. กาแล, ชื่อไม้เครื่องเรือนที่ต่อจากปั้นลมทั้ง ๒ ด้านไปไขว้กัน อยู่ตอนบนสุดของหลังคาที่ยื่นจากหน้าจั่ว อาจสลักลวดลายตามแต่จะเห็นงาม, บางถิ่นเรียกว่า แกแล.
กะแล	๒๕๕๔	กาแล, ชื่อไม้เครื่องเรือนที่ต่อจากปั้นลมทั้ง ๒ ด้านไปไขว้กัน อยู่ตอนบนสุดของหลังคาที่ยื่นจากหน้าจั่ว อาจสลักลวดลายตามแต่จะเห็นงาม, บางถิ่นเรียก แกแล.
กะแหยก	๒๕๔๒	[-แหฺยก] ดู แสยก ๒.
กะแหยก	๒๕๕๔	ดู แสยก ๒.
กะแหะ	๒๕๔๒	ก. แหะ&#160;ๆ.
กะแหะ	๒๕๕๔	แหะ ๆ.
กะแอ	๒๕๔๒	น. เครื่องบังแดดมีคันปักดิน หมุนได้ตามต้องการ.
กะแอ	๒๕๕๔	เครื่องบังแดดมีคันปักดิน หมุนได้ตามต้องการ, โบราณเขียนเป็น กแอ เช่น นา ๑๖๐๐ กินเมืองเจียดเบื้ออหักรองตลุ่มกั้งกแอทาชาต แลฝ่ายทางบกถึงศาลาฝาแฝดแลปตูท่าหญ้าลดช้าง ลดม้า ยั่วยานคานหามร่มทงยูกันชิงกแอ
กะแอน	๒๕๔๒	(ถิ่น-พายัพ) น. ต้นกระชาย. (ดู กระชาย).
กะแอน	๒๕๕๔	ต้นกระชาย. (ดู กระชาย).
กะโกระ	๒๕๔๒	[-โกฺระ] (ถิ่น-ปักษ์ใต้) น. ภาชนะชนิดหนึ่งสานด้วยใบเตย รูปร่างคล้ายครุ.
กะโซ่	๒๕๔๒	น. เผ่าข่าโซ้ เป็นชาวป่าทางภาคอีสานของไทย มีลักษณะคล้ายเขมร. (วิทยาจารย์).
กะโซ่	๒๕๕๔	เผ่าข่าโซ้ เป็นชาวป่าทางภาคอีสานของไทย มีลักษณะคล้ายเขมร.
กะโซ่น้ำ	๒๕๕๔	ดาโป้งเป้ง. (ดู ดาโป้งเป้ง).
กะโซ้	๒๕๔๒	(ถิ่น-อีสาน) น. เครื่องวิดนํ้ารูปร่างคล้ายเรือครึ่งท่อน, โชงโลง.
กะโซ้	๒๕๕๔	เผ่าข่าโซ้ เป็นชาวป่าทางภาคอีสานของไทย มีลักษณะคล้ายเขมร.
กะโตงกะเตง	๒๕๔๒	ว. โตง&#160;ๆ เตง&#160;ๆ, ติดอยู่รุงรัง, พัวพัน.
กะโตงกะเตง	๒๕๕๔	โตง ๆ เตง ๆ, ติดอยู่รุงรัง, พัวพัน.
กะโต้งโห่ง	๒๕๔๒	ว. เสียงนกยูงร้อง.
กะโต้งโห่ง	๒๕๕๔	เสียงนกยูงร้อง.
กะโต๊ก	๒๕๔๒	ว. เสียงไก่ตัวผู้ร้อง.
กะโต๊ก	๒๕๕๔	เสียงไก่ตัวผู้ร้องเมื่อตกใจ.
กะโบม	๒๕๕๔	ภาชนะชนิดหนึ่ง ทำด้วยไม้ขุดรูปวงกลมมีขอบ ด้ามสั้น สำหรับสงข้าวเหนียวที่นึ่งสุกใหม่ ๆ หรือคนข้าวเหนียวนึ่งให้ลดความร้อนก่อนนำไปใส่ในกล่องข้าว หรือใช้เป็นภาชนะรองถ้วยชามอย่างสำรับ, กะบม ก็เรียก. (ดู กระโบม).
กะโปรง	๒๕๔๒	[-โปฺรง] น. ผ้านุ่งผู้หญิงแบบสากล; ฝาครอบเครื่องรถยนต์หรือฝาครอบที่เก็บของข้างหน้าและข้างหลังรถยนต์; กระบุงรูปกลมสูง ปากผายมาก พื้นก้นเป็นสี่เหลี่ยมเล็กสอบลง ลักษณะคล้ายกระโปรงบาน สำหรับขนข้าวเปลือกหรือมะพร้าวเป็นต้น; ภาชนะเย็บด้วยกาบหมากหรือใบไม้สำหรับใส่ของต่าง&#160;ๆ; กระโปรง ก็ใช้.
กะโปโล	๒๕๔๒	ว. ไม่ได้เรื่องราว; มอมแมม เช่น เด็กกะโปโล.
กะโปโล	๒๕๕๔	ไม่ได้เรื่องราว, ไม่พิถีพิถัน, เช่น แต่งตัวกะโปโล
กะโผลกกะเผลก	๒๕๔๒	[-โผฺลก-เผฺลก] ว. อาการเดินไม่ปรกติ คือ ยกขาข้างหนึ่งไม่ได้ระดับกับอีกข้างหนึ่งอย่างคนขาพิการเดิน, อาการที่เดินไปด้วยความลําบากหรือเคลื่อนไปบนพื้นที่ที่ขรุขระ ลุ่ม&#160;ๆ ดอน&#160;ๆ, โขยกเขยก ก็ว่า.
กะโผลกกะเผลก	๒๕๕๔	อาการเดินไม่ปรกติ คือ ยกขาข้างหนึ่งไม่ได้ระดับกับอีกข้างหนึ่ง อย่างคนขาพิการเดิน, อาการที่เดินไปด้วยความลำบากหรือเคลื่อนไปบนพื้นที่ที่ขรุขระ ลุ่มๆ ดอนๆ, โขยกเขยก ก็ว่า.
กะโรกะเร	๒๕๔๒	ก. ง่อนแง่น, จวนจะล้ม. (ปาเลกัว).
กะโรกะเร	๒๕๕๔	ง่อนแง่น, จวนจะล้ม.
กะโลง	๒๕๔๒	(ถิ่น-อีสาน) น. ลังไม้ฉําฉา, หีบไม้; (ถิ่น-พายัพ) โคลง.
กะโล่	๒๕๔๒	pic015.gif,กะโล่>น. ภาชนะสานของโบราณ ทารัก รูปแป้น ปากคลุ่ม ใช้ใส่ของมีเครื่องตัดผมเป็นต้น; ภาชนะสานคล้ายกระด้ง มีหลายขนาด แต่ชนิดที่ทาชันเพื่อไม่ให้นํ้ารั่วออก สําหรับหมักขี้ไต้นั้น มีขนาดใหญ่กว่ากระด้งมาก; เรียกสีหน้าที่แสดงความดีใจหรือภาคภูมิใจมากว่า หน้าบานเป็นกะโล่; ชื่อหมวกกันแดดชนิดหนึ่ง ทรงคลุ่มมีปีกแข็งโดยรอบ โครงทําด้วยไม้ฉําฉาหรือไม้ก๊อกเป็นต้นแล้วหุ้มผ้าหรือทําด้วยใบลาน เรียกว่า หมวกกะโล่.
กะโล่	๒๕๕๔	ภาชนะสานของโบราณ ทารัก รูปแป้น ปากคลุ่ม ใช้ใส่ของมีเครื่องตัดผมเป็นต้น
กะโล่ยาชัน	๒๕๔๒	น. อาการที่หน้าบานเพราะถูกใจหรือบวมมากเพราะถูกตบเป็นต้น เรียกว่า หน้าบานเป็นกะโล่ยาชัน หรือ หน้าบวมเป็นกะโล่ยาชัน.
กะโล่ยาชัน	๒๕๕๔	อาการที่หน้าบานเพราะถูกใจหรือบวมมากเพราะถูกตบเป็นต้น เรียกว่า หน้าบานเป็นกะโล่ยาชัน หรือ หน้าบวมเป็นกะโล่ยาชัน.
กะโหลก	๒๕๔๒	[-โหฺลก] น. ส่วนแข็งที่หุ้มเนื้อมะพร้าวหรือตาลเป็นต้น เรียกว่า กะโหลกมะพร้าว กะโหลกตาล, ภาชนะที่ทําด้วยกะโหลกมะพร้าวโดยตัดทางตาออกพอเป็นช่องกว้างเพื่อใช้ตักนํ้า; กระดูกที่หุ้มมันสมอง; โดยปริยายหมายความถึงวัตถุที่มีลักษณะเช่นนั้น เช่น กะโหลกหุ่นหัวโขน; เรียกพรรณไม้บางชนิด เช่น ลําไย ลิ้นจี่ ที่มีผลโต เนื้อหนากว่าปรกติ เช่น ลําไยกะโหลก ลิ้นจี่กะโหลก.
กะโหลก	๒๕๕๔	กระดูกที่หุ้มมันสมอง, ส่วนแข็งที่หุ้มเนื้อมะพร้าวหรือตาลเป็นต้น เรียกว่า กะโหลกมะพร้าว กะโหลกตาล, ภาชนะที่ทำด้วยกะโหลกมะพร้าวโดยตัดทางตาออกพอเป็นช่องกว้างเพื่อใช้ตักนํ้า
กะโหล้ง	๒๕๔๒	[-โล่ง] (ถิ่น-พายัพ) น. กะโหลก.
กะได	๒๕๔๒	(โบ) ว. เคย เช่น เดาะกะไดไดเลียม<2t>ลอดเคล้น. (นิ. นรินทร์).
กะได	๒๕๕๔	เคย เช่น เดาะกะไดไดเลียม ลอดเคล้น
กะไหล่	๒๕๔๒	น. กรรมวิธีเคลือบสิ่งที่เป็นโลหะด้วยเงินหรือทองเป็นต้น โดยใช้ปรอทละลายเงินหรือทองให้เป็นของเหลว แล้วทาลงบนโลหะที่ต้องการเคลือบ จากนั้นไล่ปรอทออกโดยใช้ความร้อน, กาไหล่ ก็ว่า.<2t>ว. เรียกของเช่นพานเป็นต้นที่เคลือบเงินหรือทองด้วยกรรมวิธีเช่นนั้นว่า พานกะไหล่เงิน พานกะไหล่ทอง. (เทียบทมิฬ กะลายิ).
กะไหล่	๒๕๕๔	กรรมวิธีเคลือบสิ่งที่เป็นโลหะด้วยเงินหรือทองเป็นต้น โดยใช้ปรอทละลายเงินหรือทองให้เป็นของเหลว แล้วทาลงบนโลหะที่ต้องการเคลือบ จากนั้นไล่ปรอทออกโดยใช้ความร้อน, กาไหล่ ก็ว่า.
กัก	๒๕๔๒	ก. ไม่ให้ล่วงพ้นเขตที่กําหนดไว้, กำหนดเขตให้อยู่, เช่น กักตัว, กักกัน ก็ว่า; ยึดไว้, ไม่ปล่อยไป, เช่น กักรถ กักนํ้า.<2t>ว. หยุดชะงัก เช่น หยุดกัก.
กัก	๒๕๕๔	ไม่ให้ล่วงพ้นเขตที่กำหนดไว้, กำหนดเขตให้อยู่, เช่น กักตัว, กักกัน ก็ว่า
กักกรา	๒๕๔๒	[-กฺรา] น. โกฐกักกรา. (ดู โกฐกักกรา).
กักกรา	๒๕๕๔	โกฐกักกรา. (ดู โกฐกักกรา ที่ โกฐ).
กักกัน	๒๕๔๒	ก. กําหนดเขตให้อยู่, กัก ก็ว่า.<2t>(กฎ) น. วิธีการเพื่อความปลอดภัยอย่างหนึ่งที่ศาลใช้ในกรณีที่ให้ควบคุมผู้กระทําความผิดติดนิสัยไว้ภายในเขตกําหนด เพื่อป้องกันการกระทําความผิด เพื่อดัดนิสัย และเพื่อฝึกหัดอาชีพ.
กักกัน	๒๕๕๔	ไม่ให้ล่วงพ้นเขตที่กำหนดไว้, กำหนดเขตให้อยู่, กัก ก็ว่า.
กักการุ	๒๕๔๒	(แบบ) น. ดอกฟัก เช่น อิกกักการุดิเรกอเนกดิบุษปวัน อ้อยลำแลใหญ่ครัน คือหมาก. (สมุทรโฆษ). (ป.).
กักการุ	๒๕๕๔	ดอกฟัก เช่น อิกกักการุดิเรกอเนกดิบุษปวัน อ้อยลำแลใหญ่ครัน คือหมาก
กักขฬะ	๒๕๔๒	[กักขะหฺละ] ว. หยาบคายมาก. (ป.; ส. กกฺขฏ).
กักขฬะ	๒๕๕๔	หยาบคายมาก.
กักขัง	๒๕๔๒	ก. บังคับให้อยู่ในสถานที่อันจํากัด, เก็บตัวไว้ในสถานที่อันจํากัด.<2t>(กฎ) น. โทษทางอาญาสถานหนึ่ง ที่ให้กักตัวผู้ต้องโทษไว้ในสถานที่ซึ่งกําหนดไว้อันมิใช่เรือนจํา.
กักขัง	๒๕๕๔	บังคับให้อยู่ในสถานที่อันจำกัด, เก็บตัวไว้ในสถานที่อันจำกัด.
กักคุม	๒๕๔๒	ก. บังคับให้อยู่ในอารักขา.
กักคุม	๒๕๕๔	บังคับให้อยู่ในอารักขา.
กักด่าน	๒๕๔๒	ก. กักกุมไว้เพื่อตรวจตรา เช่นตรวจโรคติดต่อ.
กักด่าน	๒๕๕๔	กักกุมไว้เพื่อตรวจตรา เช่นตรวจโรคติดต่อ.
กักตัว	๒๕๔๒	ก. ยึดไว้, ไม่ปล่อยไป.
กักตัว	๒๕๕๔	ยึดไว้, ไม่ปล่อยไป.
กักตุน	๒๕๔๒	ก. เก็บสินค้าไว้เป็นจํานวนมากเพื่อเก็งกําไร, ตุน ก็ว่า.<2t>(กฎ) น. มีโภคภัณฑ์ไว้ในครอบครองเกินปริมาณที่จําเป็นสําหรับใช้จ่ายส่วนตัว และไม่นําออกจําหน่ายตามวิถีทางการค้าปรกติ
กักตุน	๒๕๕๔	เก็บหรือกักไว้เพื่อกันขาดแคลนหรือหวังกำไรในการค้า, ตุน ก็ว่า.
กักบริเวณ	๒๕๔๒	ก. บังคับให้อยู่ในบริเวณที่กําหนดไว้.
กักบริเวณ	๒๕๕๔	บังคับให้อยู่ในบริเวณที่กำหนดไว้.
กักยาม	๒๕๕๔	การกักตัวไว้ในบริเวณใดบริเวณหนึ่งที่สมควรตามที่จะกำหนด.
กัง	๒๕๔๒	น. ชื่อลิงชนิด Macaca nemestrina ในวงศ์ Cercopithecidae ขนสีน้ำตาลอมเทา หางสั้นงอโค้งขึ้นไปทางด้านหลัง ทางปักษ์ใต้ใช้เก็บมะพร้าว, กะบุด ก็เรียก.
กัง	๒๕๕๔	ชื่อลิงชนิด Macaca nemestrina (Linn.) ในวงศ์ Cercopithecidae ขนลำตัวสีน้ำตาลอมเทา หางสั้นงอโค้งขึ้นไปทางด้านหลัง ทางปักษ์ใต้ใช้เก็บมะพร้าว, กะบุด ก็เรียก.
กังกะ	๒๕๔๒	(แบบ) น. เหยี่ยว เช่น เกิดเป็นภักษแก่กังกโกรญจคฤธรกา บินมาวว่อนร่อน ก็ร้อง. (สมุทรโฆษ).
กังกะ	๒๕๕๔	เหยี่ยว เช่น เกิดเป็นภักษแก่กังกโกรญจคฤธรกา บินมาวว่อนร่อน ก็ร้อง(สมุทรโฆษ).
กังก้า	๒๕๔๒	ว. จังก้า, ลักษณะยืนถ่างขาตั้งท่าเตรียมสู้ เช่น ถกเขมรกังก้าเรียกข้าไทย. (ขุนช้างขุนแผน-แจ้ง).
กังก้า	๒๕๕๔	จังก้า, ลักษณะยืนถ่างขาตั้งท่าเตรียมสู้ เช่น ถกเขมรกังก้าเรียกข้าไทย (ขุนช้างขุนแผน-แจ้ง).
กังขา	๒๕๔๒	น. ความเคลือบแคลง, ความสงสัย. (ป.).
กังขา	๒๕๕๔	ความเคลือบแคลง, ความสงสัย.
กังฉิน	๒๕๔๒	ว. คดโกง, ไม่ซื่อตรง. (จ. กังฉิน ว่า อำมาตย์ทุจริต, อำมาตย์ทรยศ).
กังฉิน	๒๕๕๔	คดโกง, ไม่ซื่อตรง.
กังฟู	๒๕๔๒	น. ศิลปะการต่อสู้ป้องกันตัวแบบหนึ่งของจีน เน้นหนักไปในทางฝึกสมาธิและความแข็งแกร่งว่องไวของร่างกาย.
กังฟู	๒๕๕๔	ศิลปะการต่อสู้ป้องกันตัวแบบหนึ่งของจีน เน้นหนักไปในทางฝึกสมาธิและความแข็งแกร่งว่องไวของร่างกาย.
กังวล	๒๕๔๒	ก. ห่วงใย, มีใจพะวงอยู่. (ข.).
กังวล	๒๕๕๔	ห่วงใย, มีใจพะวงอยู่.
กังวาน	๒๕๔๒	ว. ก้องอยู่ได้นาน เช่น เสียงระฆังกังวาน, มีกระแสเสียงก้องและแจ่มใส.
กังวาน	๒๕๕๔	ก้องอยู่ได้นาน เช่น เสียงระฆังกังวาน, มีกระแสเสียงก้องและแจ่มใส.
กังสดาล	๒๕๔๒	[-สะดาน] น. ระฆังวงเดือน เช่น แว่วสําเนียงเสียงระฆังกังสดาล. (อิเหนา).
กังสดาล	๒๕๕๔	เครื่องตีให้เกิดเสียงอย่างหนึ่ง เป็นแผ่นโลหะหล่อจากสัมฤทธิ์หรือทองเหลือง รูปร่างคล้ายพัดที่คลี่ออก ด้านบนเจาะรูแขวน ด้านล่างเป็นวงโค้งคล้ายวงเดือน เช่น แว่วสำเนียงเสียงระฆังกังสดาล
กังสะ	๒๕๔๒	(แบบ) น. สัมฤทธิ์ เช่น ดั่งดามพะกังสกล่อมเกลา. (สมุทรโฆษ). (ป.).
กังสะ	๒๕๕๔	โลหะสัมฤทธิ์ เช่น บางช้างเชื้อดามพดำรี พื้นภาพหัสดี ดั่งดามพกังส กล่อมเกลา
กังหัน	๒๕๔๒	น. สิ่งที่ประกอบด้วยใบพัดหมุนได้ด้วยกําลังลม, จังหัน ก็ว่า, โดยปริยายเรียกเครื่องหมุนบางชนิดมีรูปทํานองกังหัน ทําให้เกิดกําลังงาน เช่น กังหันนํ้า คือเครื่องหมุนด้วยกําลังนํ้า, กังหันลม คือเครื่องหมุนด้วยกําลังลม, กังหันไอนํ้า คือเครื่องหมุนด้วยกําลังไอนํ้า; (วิทยา) ใช้เรียกเครื่องจักรที่หมุนอย่างกังหัน; ชื่อดอกไม้ไฟชนิดที่จุดแล้วหมุนอย่างกังหัน, ลักษณนามว่าต้น. (ข. กงฺหาร).
กังหัน	๒๕๕๔	สิ่งที่ประกอบด้วยใบพัดหมุนได้ด้วยกำลังลม, จังหัน ก็ว่า, โดยปริยายเรียกเครื่องหมุนบางชนิดมีรูปทำนองกังหัน ทำให้เกิดกำลังงาน เช่น กังหันนํ้า คือเครื่องหมุนด้วยกำลังนํ้า, กังหันลม คือเครื่องหมุนด้วยกำลังลม, กังหันไอนํ้า คือเครื่องหมุนด้วยกำลังไอนํ้า
กังหันน้ำชัยพัฒนา	๒๕๕๔	ชื่อเครื่องกลเติมอากาศที่ผิวน้ำหมุนช้าแบบทุ่นลอยแบบหนึ่ง เป็นอุปกรณ์บำบัดน้ำเสียชนิดหนึ่ง มีลักษณะการทำงานคล้ายกังหันวิดน้ำขึ้นเหนือผิวน้ำเพื่อเติมอากาศหรือออกซิเจนในแหล่งน้ำ พระบาทสมเด็จพระเจ้าอยู่หัวทรงศึกษาและประดิษฐ์อุปกรณ์เติมอากาศขึ้นแล้วทรงมอบหมายมูลนิธิชัยพัฒนา ศึกษาวิจัยเพื่อทำต้นแบบพร้อมสนับสนุนงบประมาณให้กรมชลประทานสร้าง นำไปใช้งานตามแหล่งน้ำเสียทั่วประเทศ กรมทรัพย์สินทางปัญญาได้ทูลเกล้าทูลกระหม่อมถวายการจดสิทธิบัตรการประดิษฐ์เลขที่ ๓๑๒๗ และองค์กรนักประดิษฐ์โลกจากประเทศเบลเยียมได้ทูลเกล้าทูลกระหม่อมถวายรางวัลในฐานะที่ทรงสร้างนวัตกรรมที่เป็นประโยชน์ต่อการรักษาสิ่งแวดล้อม.
กังหันร่อน	๒๕๕๔	ชื่อท่ารำแบบหนึ่ง โดยมือข้างใดข้างหนึ่งตั้งวง แขนตึงระดับไหล่ อีกมือหนึ่งจีบหงาย แขนตึงระดับไหล่.
กังหันใบพัด	๒๕๔๒	น. เครื่องยนต์ซึ่งใช้กังหันขับใบพัด.
กังหันใบพัด	๒๕๕๔	เครื่องยนต์ซึ่งใช้กังหันขับใบพัด.
กังหันไอพ่น	๒๕๔๒	น. เครื่องยนต์ซึ่งใช้กังหันขับเครื่องอัดอากาศ, เครื่องยนต์ไอพ่น ก็ว่า.
กังหันไอพ่น	๒๕๕๔	เครื่องยนต์ซึ่งใช้กังหันขับเครื่องอัดอากาศ, เครื่องยนต์ไอพ่น ก็ว่า.
กังเกียง	๒๕๔๒	ดู กางเกียง.
กังเกียง	๒๕๕๔	ดู กางเกียง.
กังเวียน	๒๕๔๒	น. ขอบผ้าปกกระพองช้าง เช่น จัดพาดกังเวียนวาง ห่อได้. (ตําราช้างคําโคลง-วชิรญาณ เล่ม ๒๑).
กังเวียน	๒๕๕๔	ขอบที่เป็นระบายของผ้าปกกระพองช้าง เช่น จัดพาดกังเวียนวาง ห่อได้ (ตำราช้างคำโคลง-วชิรญาณ เล่ม ๒๑).
กังไส	๒๕๔๒	น. เครื่องถ้วยปั้นที่ทํามาจากแคว้นเกียงสีในประเทศจีน.
กังไส	๒๕๕๔	เครื่องถ้วยปั้นที่ทำมาจากแคว้นเกียงสีในประเทศจีน.
กัจฉปะ	๒๕๔๒	[กัดฉะปะ] (แบบ) น. เต่า เช่น หมู่มัจฉกัจฉปะทุกสิ่งสรรพ์. (ม. ร่ายยาว จุลพน). (ป., ส.).
กัจฉปะ	๒๕๕๔	เต่า เช่น หมู่มัจฉกัจฉปะทุกสิ่งสรรพ์ (ม. ร่ายยาว จุลพน).
กัจฉะ	๒๕๔๒	[กัดฉะ] (ราชา) น. รักแร้, ใช้ว่า พระกัจฉะ. (ป.; ส. กกฺษ).
กัจฉะ	๒๕๕๔	รักแร้, ใช้ว่า พระกัจฉะ.
กัจฉา	๒๕๔๒	[กัดฉา] (แบบ) น. สายรัดท้องช้าง. (ป.; ส. กกฺษา, กกฺษฺยา).
กัจฉา	๒๕๕๔	สายรัดท้องช้าง.
กัญ	๒๕๔๒	(แบบ) น. กันย์, ชื่อราศีหนึ่งใน ๑๒ ราศี เช่น อีกกัญเป็นชื่อราศี. (ไวพจน์ประพันธ์). (ป. กญฺ&#xf70f;า).
กัญ	๒๕๕๔	กันย์, ชื่อราศีหนึ่งใน ๑๒ ราศี เช่น อีกกัญเป็นชื่อราศี
กัญจุก	๒๕๔๒	(แบบ) น. เสื้อ. (ป., ส.).
กัญจุก	๒๕๕๔	เสื้อ.
กัญจุการา	๒๕๕๔	เสื้อ.
กัญชา	๒๕๔๒	[กัน-] น. ชื่อไม้ล้มลุกชนิด Cannabis sativa L. ในวงศ์ Cannabidaceae ใบมนแฉกลึกเข้าไปทางก้านหลายแฉก ดอกสีเขียว ช่อดอกเพศผู้และช่อดอกเพศเมียอยู่ต่างต้นกัน ใบและช่อดอกเพศเมียที่แห้งเรียก กะหลี่กัญชา ใช้สูบปนกับยาสูบ มีสรรพคุณทําให้มึนเมา เปลือกลําต้นใช้ทําเชือกป่าน และทอผ้า.
กัญชา	๒๕๕๔	ชื่อไม้ล้มลุกชนิด Cannabis sativa L. ในวงศ์ Cannabaceae ใบมนแฉกลึกเข้าไปทางก้านหลายแฉก ดอกสีเขียว ช่อดอกเพศผู้และช่อดอกเพศเมียอยู่ต่างต้นกัน ใบและช่อดอกเพศเมียที่แห้งเรียก กะหลี่กัญชา ใช้สูบปนกับยาสูบ มีสรรพคุณทำให้มึนเมา เปลือกลำต้นใช้ทำเชือกป่าน และทอผ้า.
กัญญา	๒๕๔๒	[กันยา] น. สาวรุ่น, สาวน้อย. (ป.; ส. กนฺยา).
กัญญา	๒๕๕๔	สาวรุ่น, สาวน้อย.
กัฐ	๒๕๔๒	(แบบ) น. ไม้ฟืน; ไม้วัด (คือใช้ในมาตราวัด). (ป., ส. กฏฺ&#xf700;; ส. กาษฺ&#xf700;).
กัฐ	๒๕๕๔	ไม้ฟืน
กัณฏกะ	๒๕๔๒	[กันตะกะ, กันถะกะ] (แบบ) น. หนาม. (ป., ส. กณฺฏก).
กัณฏกะ	๒๕๕๔	หนาม.
กัณฐ	๒๕๔๒	[กันถะ-] (แบบ) น. คอ. (ป.).
กัณฐ-	๒๕๕๔	คอ.
กัณฐกะ	๒๕๔๒	[-ถะกะ] น. เครื่องประดับคอ เช่น คางเพลาคือกลวิมลกัณ-<2t>ฐกก่องคือแสงสรวล. (สมุทรโฆษ). (ป., ส.).
กัณฐกะ	๒๕๕๔	หนาม.
กัณฐชะ	๒๕๔๒	(ไว) น. อักษรในภาษาบาลีและสันสกฤตที่มีเสียงเกิดจากเพดานอ่อน ได้แก่ พยัญชนะวรรค ก คือ ก ข ค ฆ ง และอักษรที่มีเสียงเกิดจากเส้นเสียงในลำคอ ได้แก่ ห และ สระ อะ อา. (ป.; ส. กณฺ&#xf700;วฺย).
กัณฐชะ	๒๕๕๔	อักษรในภาษาบาลีและสันสกฤตที่มีเสียงเกิดที่เพดานอ่อน ได้แก่ พยัญชนะวรรค ก คือ ก ข ค ฆ ง และอักษรที่มีเสียงเกิดที่เส้นเสียงในลำคอ ได้แก่ ห และ สระ อะ อา.
กัณฐัศ	๒๕๔๒	[กันถัด] น. ชื่อม้าตระกูลหนึ่ง, ในบทกลอนใช้เรียกม้าทั่วไป.
กัณฐัศ	๒๕๕๔	ชื่อม้าตระกูลหนึ่ง, ในบทกลอนใช้เรียกม้าทั่วไป.
กัณฐัศว์	๒๕๕๔	ชื่อม้าตระกูลหนึ่ง, ในบทกลอนใช้เรียกม้าทั่วไป.
กัณฐา	๒๕๕๔	คอ.
กัณฐี	๒๕๔๒	[กันถี] (แบบ) น. เครื่องประดับคอ เช่น แก้วกัณฐีถนิมมาศนั้น. (ม. คําหลวง มหาราช).
กัณฐี	๒๕๕๔	เครื่องประดับคอ เช่น แก้วกัณฐีถนิมมาศนั้น (ม. คำหลวง มหาราช).
กัณฑ์	๒๕๔๒	[กัน] น. ข้อความที่แต่งเป็นคําเทศน์เรื่องหนึ่ง&#160;ๆ ที่จบลงคราวหนึ่ง&#160;ๆ, ตอนหนึ่ง&#160;ๆ ของคําเทศน์ที่เป็นเรื่องยาว เช่น มหาเวสสันดรชาดก กัณฑ์ทศพร กัณฑ์หิมพานต์, ลักษณนามของเทศน์ เช่น เทศน์กัณฑ์หนึ่ง เทศน์ ๒ กัณฑ์; เรื่องหรือหมวด, ตอน, ส่วนของเรื่อง. (ป.).
กัณฑ์	๒๕๕๔	ข้อความที่แต่งเป็นคำเทศน์เรื่องหนึ่งๆ ที่จบลงคราวหนึ่งๆ, ตอนหนึ่งๆ ของคำเทศน์ที่เป็นเรื่องยาว เช่น มหาเวสสันดรชาดก กัณฑ์ทศพร กัณฑ์หิมพานต์, ลักษณนามของเทศน์ เช่น เทศน์กัณฑ์หนึ่ง เทศน์ ๒ กัณฑ์
กัณฑ์เทศน์	๒๕๔๒	น. เครื่องไทยธรรมถวายพระผู้แสดงพระธรรมเทศนา, สิ่งของสําหรับถวายพระผู้แสดงพระธรรมเทศนา, เครื่องกัณฑ์ ก็ว่า; เรียกการเอาเงินติดเทียนบูชากัณฑ์เทศน์หรือเรียกการเอาเงินหรือสิ่งของบูชาธรรมเนื่องในการเทศน์ว่า ติดกัณฑ์เทศน์.
กัณฑ์เทศน์	๒๕๕๔	สิ่งของหรือไทยธรรมสำหรับถวายพระภิกษุสามเณรผู้แสดงพระธรรมเทศนา, เครื่องกัณฑ์ ก็ว่า
กัณณ์	๒๕๔๒	(แบบ) น. หู. (ป.; ส. กรฺณ).
กัณณ์	๒๕๕๔	หู.
กัณห	๒๕๔๒	[กันหะ-] ว. ดํา, มักใช้เป็นส่วนหน้าของสมาส. (ป.; ส. กฺฤษฺณ).
กัณห-	๒๕๕๔	ดำ, มักใช้เป็นส่วนหน้าของสมาส.
กัณหธรรม	๒๕๔๒	น. ธรรมฝ่ายดํา คือ อกุศล.
กัณหธรรม	๒๕๕๔	ธรรมฝ่ายดำ คือ อกุศล.
กัณหปักษ์	๒๕๔๒	น. ฝ่ายดํา คือ ข้างแรม.
กัณหปักษ์	๒๕๕๔	ฝ่ายดำ คือ ข้างแรม.
กัด	๒๕๔๒	ก. เอาฟันกดไว้โดยแรง เพื่อไม่ให้สิ่งที่กดไว้หลุดไป เช่น กัดไว้ให้อยู่ กัดไว้ให้แน่น หรือเพื่อให้เข้าไปให้ทะลุ ให้ฉีกขาดเป็นต้น เช่น สุนัขกัดเป็นแผลลึกเข้าไป หนูกัดผ้าเป็นรู ปากคันกัดเสียจนไม่มีชิ้นดี, โดยปริยายหมายความว่า ทําให้หมดไปสิ้นไป เช่น สนิมกัดเหล็กจนกร่อน กัดสิวกัดฝ้าออกให้หมด, ทําให้เปื่อยเป็นแผล เช่น ปูนกัดปาก; (ปาก) คอยหาเรื่อง เช่น เขากัดฉันไม่เลิก, ทะเลาะวิวาท เช่น ๒ คนนี้กัดกันอยู่เสมอ.<2t>น. เครื่องมือจับปลาทะเลชนิดอวน.
กัด	๒๕๕๔	เอาฟันกดไว้โดยแรง เพื่อไม่ให้สิ่งที่กดไว้หลุดไป เช่น กัดสำลีไว้ให้แน่น หรือเพื่อให้เข้าไป ให้ทะลุ ให้ฉีกขาด เป็นต้น เช่น สุนัขกัดเข้าไปถึงกระดูก หนูกัดผ้าเป็นรู, โดยปริยายหมายความว่า ทำให้กร่อนสลายหรือจางไป เช่น สนิมกัดเหล็ก กัดสิวกัดฝ้าออกให้หมด, ทำให้เปื่อยเป็นแผล เช่น ปูนกัดปาก น้ำกัดเท้า
กัดก้อนเกลือกิน	๒๕๕๔	ใช้ชีวิตอย่างแร้นแค้นมาก.
กัดค่า	๒๕๕๔	กำหนดราคา เช่น ซ้นนกัดค่าพระราชกุมาร (ม. คำหลวง กุมาร).
กัดติด	๒๕๔๒	ก. ติดตามอย่างไม่ละวาง, ทำงานเรื่องใดเรื่องหนึ่งอย่างจริงจัง เช่น เขาทำงานแบบกัดไม่ปล่อย.
กัดติด	๒๕๕๔	ติดตามอย่างไม่ละวาง, ทำงานเรื่องใดเรื่องหนึ่งอย่างจริงจัง เช่น เขาทำงานแบบกัดไม่ปล่อย.
กัดป่า	๒๕๔๒	ดู กริม.
กัดป่า	๒๕๕๔	ดู กริม.
กัดฟัน	๒๕๔๒	ก. เอาฟันต่อฟันกดกันไว้แน่น เป็นอาการแสดงถึงความอดกลั้น, โดยปริยายหมายความว่า มานะ; ขบฟันในเวลานอนหลับ.
กัดฟัน	๒๕๕๔	เอาฟันต่อฟันกดกันไว้แน่น เป็นอาการแสดงถึงความอดกลั้น, โดยปริยายหมายความว่า มานะ
กัดลาก	๒๕๔๒	น. เครื่องมือจับสัตว์นํ้าชนิดหนึ่ง. (ดู อวนลาก).
กัดลาก	๒๕๕๔	เครื่องมือจับสัตว์นํ้าชนิดหนึ่ง. (ดู อวนลาก).
กัดวาง	๒๕๔๒	น. เครื่องมือจับสัตว์นํ้าชนิดหนึ่ง. (ดู อวนลอย).
กัดวาง	๒๕๕๔	เครื่องมือจับสัตว์นํ้าชนิดหนึ่ง. (ดู อวนลอย).
กัดหางตัวเอง	๒๕๔๒	(สํา) ว. พูดวนไปวนมา.
กัดหางตัวเอง	๒๕๕๔	พูดวนไปวนมา.
กัดไม่ปล่อย	๒๕๕๔	ติดตามอย่างไม่ละวาง, ทำงานเรื่องใดเรื่องหนึ่งอย่างจริงจัง เช่น เขาทำงานแบบกัดไม่ปล่อย.
กัตติกมาส	๒๕๔๒	[กัดติกะมาด] น. เดือนอันมีพระจันทร์เพ็ญเสวยฤกษ์กัตติกา คือ เดือน ๑๒ ตามจันทรคติ ตกในราวเดือนพฤศจิกายน. (ป.).
กัตติกมาส	๒๕๕๔	เดือนอันมีพระจันทร์เพ็ญเสวยฤกษ์กัตติกา คือ เดือน ๑๒ ตามจันทรคติ ตกในราวเดือนพฤศจิกายน.
กัตติกา	๒๕๔๒	[กัด-] น. ดาวฤกษ์ที่ ๓ มี ๘ ดวง เห็นเป็นรูปธงสามเหลี่ยม มีหางเรียวยาว, ดาวธงสามเหลี่ยม หรือ ดาวลูกไก่ ก็เรียก, (โบ) เขียนเป็น กฤติกา ก็มี. (ป. กตฺติกา; ส. กฺฤตฺติกา).
กัตติกา	๒๕๕๔	ดาวฤกษ์ที่ ๓ มี ๘ ดวง เห็นเป็นรูปธงสามเหลี่ยม มีหางเรียวยาว, ดาวธงสามเหลี่ยม ดาวลูกไก่ ดาวกฤติกา หรือ ดาวกฤตติกา ก็เรียก.
กัตติเกยา	๒๕๔๒	น. การตามเพลิงในพิธีพราหมณ์.
กัตติเกยา	๒๕๕๔	การตามเพลิงในพิธีพราหมณ์.
กัตรทัณฑ์	๒๕๔๒	[กัดตฺระ-] (แบบ) น. ไม้เท้าคนแก่ เช่น แล้วทรงธารพระกรกัตรทัณฑ์. (ม. ร่ายยาว วนปเวสน์). (ป. กตฺตร = คนแก่ + ทณฺฑ = ไม้เท้า; ส. กรฺตฺร + ทณฺฑ).
กัตรทัณฑ์	๒๕๕๔	ไม้เท้าคนแก่ เช่น แล้วทรงธารพระกรกัตรทัณฑ์ (ม. ร่ายยาว วนปเวสน์).
กัตรา	๒๕๔๒	[กัดตฺรา] น. เรือผีหลอก.
กัตรา	๒๕๕๔	เรือผีหลอก.
กัทลี	๒๕๔๒	[กัดทะลี] (แบบ) น. กล้วย เช่น คิดพ่างผลกัทลี ฆ่ากล้วย. (โลกนิติ). (ป., ส. กทลี).
กัทลี	๒๕๕๔	กล้วย เช่น คิดพ่างผลกัทลี ฆ่ากล้วย
กัน	๒๕๔๒	(ปาก) ส. คําใช้แทนตัวผู้พูด เพศชาย พูดกับผู้เสมอกันหรือผู้น้อยในทํานองกันเอง, เป็นสรรพนามบุรุษที่ ๑.
กัน	๒๕๕๔	คำใช้แทนตัวผู้พูด เพศชาย พูดกับผู้เสมอกันหรือผู้น้อยในทำนองกันเอง, เป็นสรรพนามบุรุษที่ ๑, เช่น กันจะไปรอที่สถานีรถไฟ.
กันกง	๒๕๔๒	ก. ล้อมวง, กันรอบ.
กันกง	๒๕๕๔	ล้อมวง, กันรอบ.
กันฉิ่ง	๒๕๔๒	ดู กรรชิง.
กันฉิ่ง	๒๕๕๔	ดู กรรชิง.
กันชน	๒๕๔๒	น. เครื่องป้องกันการกระทบกระแทกด้านหน้าและด้านหลังรถยนต์, เรียกประเทศที่กั้นอยู่ระหว่างดินแดนของ ๒ ประเทศ เพื่อมิให้พิพาทกันในเรื่องดินแดนและผลประโยชน์ว่า ประเทศกันชน.
กันชน	๒๕๕๔	เครื่องป้องกันการกระทบกระแทกด้านหน้าและด้านหลังรถยนต์, เรียกประเทศหรือรัฐที่กั้นอยู่ระหว่างดินแดนของ ๒ ประเทศ เพื่อมิให้พิพาทกันในเรื่องดินแดนและผลประโยชน์ ว่า ประเทศกันชน หรือ รัฐกันชน.
กันชิง	๒๕๔๒	น. กรรชิง.
กันชิง	๒๕๕๔	ดู กรรชิง.
กันชีพ	๒๕๔๒	น. สายห้อยใช้สะพายเฉวียงบ่า ๒ ข้าง หรือข้างเดียว.
กันชีพ	๒๕๕๔	ดู คันชีพ ๑.
กันดอง	๒๕๔๒	(โบ) น. ถ่องแถว เช่น เทเพนทรพฤกษนุกันดอง. (กล่อมช้างของเก่า).
กันดอง	๒๕๕๔	ถ่องแถว เช่น เทเพนทรพฤกษนุกันดอง
กันดาร	๒๕๔๒	[-ดาน] ว. อัตคัด, ฝืดเคือง, เช่น กันดารข้าว กันดารน้ำ, ลําบาก, แห้งแล้ง, คํานี้มักใช้แก่เวลา ท้องที่ หรือถิ่นที่มีลักษณะเช่นนั้น เช่น คราวกันดาร ทางกันดาร ที่กันดาร.<2t>น. ป่าดง, ทางลําบาก. (ป. กนฺตาร).
กันดาร	๒๕๕๔	อัตคัด, ฝืดเคือง, เช่น กันดารข้าว กันดารน้ำ, ลำบาก, แห้งแล้ง, คำนี้มักใช้แก่เวลา ท้องที่ หรือถิ่นที่มีลักษณะเช่นนั้น เช่น คราวกันดาร ทางกันดาร ที่กันดาร.
กันดาล	๒๕๔๒	[-ดาน] น. กลาง, ท่ามกลาง, เช่น ในกันดาลท้าวทงงหลายผู้ก่อนน้นน. (ม. คําหลวง ทศพร). (ข. กณฺฎาล).
กันดาล	๒๕๕๔	กลาง, ท่ามกลาง, เช่น ในกันดาลท้าวทงงหลายผู้ก่อนน้นน (ม. คำหลวง ทศพร).
กันตัง	๒๕๔๒	น. ชื่อไม้ต้นมีใบคัน. (พจน. ๒๔๙๓).
กันตัง	๒๕๕๔	ชื่อไม้ต้นมีใบคัน.
กันตัว	๒๕๔๒	ก. ป้องกันตัว, รักษาตัว.
กันต์	๒๕๔๒	ก. ตัด, โกน, เช่น เกศากันต์ (ตัดผม, โกนผม); ยินดี, พอใจ, เช่น สุนทรกันต์ มุทุกันต์.<2t>ว. น่าใคร่, น่าพอใจ, งดงาม, เช่น กันตาภิรมย์ หมายถึง ยินดียิ่งในสิ่งที่น่าพอใจ.
กันต์	๒๕๕๔	ตัด, โกน, เช่น เกศากันต์ (ตัดผม, โกนผม).
กันทร	๒๕๔๒	[-ทอน] (แบบ) น. ถํ้า, ซอกเขา (ที่เป็นเองหรือช่างทําขึ้น). (ป., ส.).
กันทร	๒๕๕๔	ถํ้า, ซอกเขา.
กันทรากร	๒๕๔๒	[-ทะรากอน] (แบบ) น. ภูเขา. (ป., ส.).
กันทรากร	๒๕๕๔	ภูเขา.
กันทะ	๒๕๔๒	(โบ) น. กระทะ เช่น จึ่งตั้งโลหะกันทะโดยตบะบนเส้าโขมดผี ให้ประโคมแล้วโหมอัคคี มาลีธูปเทียนบูชา. (รามเกียรติ์ ร. ๒ ตอนศึกไมยราพณ์).
กันทะ	๒๕๕๔	กระทะ เช่น จึ่งตั้งโลหะกันทะโดยตบะบนเส้าโขมดผี ให้ประโคมแล้วโหมอัคคี มาลีธูปเทียนบูชา (รามเกียรติ์ ร. ๒ ตอนศึกไมยราพณ์).
กันท่า	๒๕๔๒	(ปาก) ก. แสดงกิริยาอาการขัดขวางไม่ให้ผู้อื่นกระทําการอย่างใดอย่างหนึ่งได้สะดวก.
กันท่า	๒๕๕๔	แสดงกิริยาอาการขัดขวางไม่ให้ผู้อื่นกระทำการอย่างใดอย่างหนึ่งได้สะดวก.
กันพิรุณ	๒๕๔๒	น. กรรภิรมย์.
กันพิรุณ	๒๕๕๔	ดู กรรภิรมย์.
กันภัย	๒๕๔๒	น. ชื่อไม้เถาชนิด Afgekia mahidolae Burtt et Chermsir. ในวงศ์ Leguminosae พบทางจังหวัดกาญจนบุรี ใบเป็นใบประกอบ ช่อหนึ่งมีใบย่อยหลายใบ ด้านล่างของใบมีขนสีนํ้าตาล ดอกเป็นช่อตั้ง สีขาวปนม่วง ฝักสั้นป้อมแบน&#160;ๆ ตั้งชื่อวิทยาศาสตร์เพื่อเฉลิมพระเกียรติแด่สมเด็จพระศรีนครินทราบรมราชชนนี.
กันภัย	๒๕๕๔	ชื่อไม้เถาชนิด Afgekia mahidoliae Burtt et Chermsir. ในวงศ์ Leguminosae พบทางจังหวัดกาญจนบุรี ใบเป็นใบประกอบ ช่อหนึ่งมีใบย่อยหลายใบ ด้านล่างของใบมีขนสีนํ้าตาล ดอกเป็นช่อตั้ง สีขาวปนม่วง ฝักสั้นป้อมแบนๆ ตั้งชื่อวิทยาศาสตร์เพื่อเฉลิมพระเกียรติแด่สมเด็จพระศรีนครินทราบรมราชชนนี.
กันภัยมหิดล	๒๕๕๔	ชื่อไม้เถาชนิด Afgekia mahidoliae Burtt et Chermsir. ในวงศ์ Leguminosae พบทางจังหวัดกาญจนบุรี ใบเป็นใบประกอบ ช่อหนึ่งมีใบย่อยหลายใบ ด้านล่างของใบมีขนสีนํ้าตาล ดอกเป็นช่อตั้ง สีขาวปนม่วง ฝักสั้นป้อมแบนๆ ตั้งชื่อวิทยาศาสตร์เพื่อเฉลิมพระเกียรติแด่สมเด็จพระศรีนครินทราบรมราชชนนี.
กันภิรมย์	๒๕๔๒	ดู กรรภิรมย์.
กันภิรมย์	๒๕๕๔	ดู กรรภิรมย์.
กันยา	๒๕๔๒	น. สาวรุ่น, สาวน้อย. (ส.; ป. กญฺ&#xf70f;า).
กันยา	๒๕๕๔	สาวรุ่น, สาวน้อย.
กันยายน	๒๕๔๒	น. ชื่อเดือนที่ ๙ ตามสุริยคติ ซึ่งเริ่มด้วยเดือนมกราคม มี ๓๐ วัน, (เลิก) ชื่อเดือนที่ ๖ ตามสุริยคติซึ่งเริ่มด้วยเดือนเมษายน. (ส. กนฺยา = นางงาม, นางสาวน้อย + อายน = มา = เดือนที่อาทิตย์มาสู่ราศีกันย์).
กันยายน	๒๕๕๔	ชื่อเดือนที่ ๙ ตามสุริยคติ ซึ่งเริ่มด้วยเดือนมกราคม มี ๓๐ วัน, (เลิก) ชื่อเดือนที่ ๖ ตามสุริยคติ ซึ่งเริ่มด้วยเดือนเมษายน.
กันย์	๒๕๔๒	น. สาวรุ่น, สาวน้อย; ชื่อกลุ่มดาวรูปหญิงสาวเรียกว่า ราศีกันย์ เป็นราศีที่ ๕ ในจักรราศี.
กันย์	๒๕๕๔	สาวรุ่น, สาวน้อย
กันลง	๒๕๔๒	น. แมลงภู่ เช่น กันลงกันลึงคลึงคนธ์. (ม. คําหลวง จุลพน). (ข. กนฺลง่); ของที่เหลือ, มูลฝอย; การกบฏ, การบุกรุก.
กันลง	๒๕๕๔	แมลงภู่ เช่น กันลงกันลึงคลึงคนธ์ (ม. คำหลวง จุลพน).
กันลอง	๒๕๔๒	ก. กระโดด, ข้าม, ผ่าน.<2t>ว. เลิศ, ยิ่ง; ล่วง, พ้น, เช่น มหาโพยมกันลอง. (กล่อมช้างของเก่า). (ข. กนฺลง).
กันลอง	๒๕๕๔	แมลงภู่ เช่น กันลงกันลึงคลึงคนธ์ (ม. คำหลวง จุลพน).
กันลึง	๒๕๔๒	(โบ) ก. จับ เช่น กันลงกันลึงคลึงคนธ์. (ม. คําหลวง จุลพน).
กันลึง	๒๕๕๔	จับ เช่น กันลงกันลึงคลึงคนธ์ (ม. คำหลวง จุลพน).
กันสาด	๒๕๔๒	น. เพิงที่ต่อชายคาสําหรับกันฝน, บังสาด ก็เรียก.
กันสาด	๒๕๕๔	แผงหรือส่วนที่ต่อยื่นออกไปจากชายคาสำหรับกันฝน, บังสาด ก็เรียก.
กันเกรา	๒๕๔๒	[-เกฺรา] น. ชื่อไม้ต้นขนาดกลางถึงขนาดใหญ่ชนิด Fagraea fragrans Roxb. ในวงศ์ Gentianaceae ชอบขึ้นในที่ชื้นแฉะทั่วไปในป่าดิบ ใบสีเขียวแก่ ค่อนข้างหนา ยาวราว ๕-๗ เซนติเมตร ดอกดก สีขาวแล้วเปลี่ยนเป็นสีเหลือง หอมมาก ออกเป็นช่อคล้ายช่อดอกเข็ม ผลเท่าเมล็ดถั่วลันเตา เมื่อสุกสีแดง เนื้อไม้สีเหลืองละเอียด แน่น เป็นมัน แข็งและทนทาน นิยมใช้ในการก่อสร้างต่าง&#160;ๆ, ตําเสา หรือ มันปลา ก็เรียก.
กันเกรา	๒๕๕๔	ชื่อไม้ต้นขนาดกลางถึงขนาดใหญ่ชนิด Fagraea fragrans Roxb. ในวงศ์ Gentianaceae ชอบขึ้นในที่ชื้นแฉะทั่วไปในป่าดิบ ใบสีเขียวแก่ ค่อนข้างหนา ยาวราว ๕-๗ เซนติเมตร ดอกดก สีขาวแล้วเปลี่ยนเป็นสีเหลือง หอมมาก ออกเป็นช่อคล้ายช่อดอกเข็ม ผลเท่าเมล็ดถั่วลันเตา เมื่อสุกสีแดง เนื้อไม้สีเหลืองละเอียด แน่น เป็นมัน แข็งและทนทาน นิยมใช้ในการก่อสร้างต่างๆ, ตำเสา หรือ มันปลา ก็เรียก.
กันเขากันเรา	๒๕๔๒	(ปาก) ว. พวกเขาพวกเรา.,
กันเชอ	๒๕๔๒	น. ภาชนะสานคล้ายกระจาดขนาดเล็ก แต่สูงกว่า ก้นสอบ ปากกว้าง ใช้กระเดียด, กระเชอ ก็เรียก.
กันเชอ	๒๕๕๔	ภาชนะสานคล้ายกระจาดขนาดเล็ก แต่สูงกว่า ก้นสอบ ปากกว้าง ใช้กระเดียด, กระเชอ ก็เรียก.
กันเมียง	๒๕๔๒	น. เด็ก, โบราณเขียนเป็น กันมยง เช่น แลเด็กหญิงถ่าวชาววยงก็ดี อันกันมยงทักแท่ให้แต่งแง่ดูงาม. (ม. คําหลวง ทศพร). (ข. เกฺมง = เด็ก).
กันเมียง	๒๕๕๔	เด็ก, โบราณเขียนเป็น กันมยง เช่น แลเด็กหญิงถ่าวชาววยงก็ดี อันกันมยงทักแท่ให้แต่งแง่ดูงาม (ม. คำหลวง ทศพร).
กันเอง	๒๕๔๒	ว. เป็นพวกเดียวกัน, สนิทสนมกัน, เช่น ราคากันเอง.
กันเอง	๒๕๕๔	เป็นพวกเดียวกัน, สนิทสนมกัน, เช่น ราคากันเอง มีท่าทางเป็นกันเอง.
กันเอา	๒๕๔๒	ว. กรรเอา, กลมกล่อม, เช่น สรวญเสียงกันเอาเอา<2t>มโนเทพรังรักษ์. (อนิรุทธ์).
กันเอา	๒๕๕๔	กรรเอา, กลมกล่อม, เช่น สรวญเสียงกันเอาเอา มโนเทพรังรักษ์
กันแซง	๒๕๔๒	น. กองทําหน้าที่แซงในพยุหยาตรา, คู่กันกับ กันแทรก คือ กองทําหน้าที่แทรกทั้งนี้เพื่อป้องกันจอมทัพ.
กันแซง	๒๕๕๔	เจ้าพนักงานทำหน้าที่แซงในกระบวนพยุหยาตราเพื่อป้องกันจอมทัพ, คู่กันกับ กันแทรก คือ เจ้าพนักงานทำหน้าที่แทรกในกระบวนพยุหยาตราเพื่อป้องกันจอมทัพ.
กันแดด	๒๕๔๒	น. ชื่อหมวกชนิดหนึ่ง ทรงคลุ่ม มีปีกแข็งโดยรอบ โครงทำด้วยไม้ก๊อกหรือไม้ฉำฉาหรือไม้โสน หุ้มด้วยผ้า, หมวกกะโล่ ก็เรียก.<2t>ว. ที่ลดความเข้มของแสง เช่น แว่นกันแดด หมวกกันแดด.
กันแทรก	๒๕๔๒	[-แซก] น. กองทําหน้าที่แทรก เพื่อป้องกันจอมทัพ, คู่กันกับ กันแซง.
กันแทรก	๒๕๕๔	เจ้าพนักงานทำหน้าที่แทรกในกระบวนพยุหยาตราเพื่อป้องกันจอมทัพ, คู่กันกับ กันแซง คือ เจ้าพนักงานทำหน้าที่แซงในกระบวนพยุหยาตราเพื่อป้องกันจอมทัพ.
กันและกัน	๒๕๔๒	ส. คําใช้แทนชื่อในลักษณะที่มีการกระทําร่วมกันหรือต่อกันโดยมีบุรพบทประกอบหน้า เช่น รักซึ่งกันและกัน เพื่อประโยชน์ของกันและกัน.
กันและกัน	๒๕๕๔	คำใช้แทนชื่อในลักษณะที่มีการกระทำร่วมกันหรือต่อกันโดยมีบุรพบทประกอบหน้า เช่น รักซึ่งกันและกัน เพื่อประโยชน์ของกันและกัน.
กันแสง	๒๕๔๒	(ราชา) ก. ร้องไห้, ราชาศัพท์ใช้ว่า ทรงพระกันแสง หรือ ทรงกันแสง. (ข. กนฺแสง ว่า ผ้าเช็ดปาก, ผ้าเช็ดมือ, ผ้าเช็ดหน้า).
กันแสง	๒๕๕๔	ร้องไห้, ใช้ว่า ทรงพระกันแสง หรือ ทรงกันแสง, โบราณเขียนเป็น กรรแสง ก็มี เช่น สมเด็จพระบรมบพิตรพระพุทธเจ้าอยู่หัวทราบแล้วทรงพระกรรแสง (ประชุมพงศ. ๖๔).
กันโชก	๒๕๕๔	กรรโชก.
กันไกร	๒๕๔๒	[-ไกฺร,-ไตฺร] ดู กรรไตร.
กันไกร	๒๕๕๔	ดู ตะไกร ๑.
กันได	๒๕๔๒	น. หลักฐานที่ยึดถือ เช่น กรมธรรม์กันได. (กฎหมาย เล่ม ๒).
กันได	๒๕๕๔	หลักฐานที่ยึดถือ เช่น กรมธรรม์กันได (กฎหมาย เล่ม ๒).
กันไตร	๒๕๔๒	[-ไตฺร] น. กรรไตร.
กันไตร	๒๕๕๔	ดู ตะไกร ๑.
กับ	๒๕๔๒	น. เครื่องดักสัตว์ชนิดหนึ่ง มีลิ้นหรือไก เมื่อไปกระทบเข้าก็จะปิดหรืองับทันที, โดยปริยายหมายถึงอุบายที่ใช้ล่อให้หลงเชื่อ.
กับ	๒๕๕๔	เครื่องดักสัตว์ชนิดหนึ่ง มีลิ้นหรือไก เมื่อไปกระทบเข้าก็จะปิดหรืองับทันที, โดยปริยายหมายถึงอุบายที่ใช้ล่อให้หลงเชื่อ.
กับข้าว	๒๕๕๔	อาหารซึ่งปรกติใช้กินพร้อมข้าว.
กับบุเรศ	๒๕๔๒	[-เรด] (แบบ; กลอน) น. การบูร เช่น กับบุเรศสมุลแว้งก็มี. (ม. คําหลวง มหาพน). (ป. กปฺปุร).
กับบุเรศ	๒๕๕๔	การบูร เช่น กับบุเรศสมุลแว้งก็มี (ม. คำหลวง มหาพน).
กับระเบิด	๒๕๔๒	น. วัตถุระเบิดที่วางดักไว้ เมื่อไปเหยียบหรือกระทบเข้าก็จะระเบิดทันที.
กับระเบิด	๒๕๕๔	วัตถุระเบิดที่วางดักไว้ เมื่อไปเหยียบหรือกระทบเข้าก็จะระเบิดทันที.
กับแกล้ม	๒๕๔๒	[-แกฺล้ม] น. ของกินกับเหล้า, แกล้ม ก็ว่า.
กับแกล้ม	๒๕๕๔	ของกินกับเหล้า, แกล้ม ก็ว่า.
กับแก้	๒๕๔๒	(ถิ่น-พายัพ) น. ชื่อไม้ล้มลุกไร้ดอกชนิด Selaginella argentea (Wall. ex Hook. et Grev.) Spring ในวงศ์ Selaginellaceae ใช้ทำยาได้ ใบอ่อนใช้เป็นผัก, พ่อค้าตีเมีย ก็เรียก.
กับแก้	๒๕๕๔	ชื่อไม้ล้มลุกไร้ดอกชนิด Selaginella argentea (Wall. ex Hook. et Grev.) Spring ในวงศ์ Selaginellaceae ใช้ทำยาได้ ใบอ่อนใช้เป็นผัก, พ่อค้าตีเมีย ก็เรียก.
กัป	๒๕๔๒	[กับ] น. อายุของโลกตั้งแต่เมื่อพระพรหมสร้างเสร็จจนถึงเวลาที่ไฟประลัยกัลป์มาล้างโลก, บางทีใช้เข้าคู่กับคํา กัลป์ เช่น ชั่วกัปชั่วกัลป์ นานนับกัปกัลป์พุทธันดร. (ป. กปฺป; ส. กลฺป). (ดู กัลป-, กัลป์).
กัป	๒๕๕๔	อายุของโลกตั้งแต่เมื่อพระพรหมสร้างเสร็จจนถึงเวลาที่ไฟประลัยกัลป์ มาล้างโลก, บางทีใช้เข้าคู่กับคำ กัลป์ เช่น ชั่วกัปชั่วกัลป์ นานนับกัปกัลป์พุทธันดร. (ป. กปฺป; ส. กลฺป). (ดู กัลป-, กัลป์).
กัปตัน	๒๕๔๒	น. นายเรือ. (อ. captain).
กัปตัน	๒๕๕๔	นายเรือ.
กัปนก	๒๕๔๒	[กับปะหฺนก] (แบบ) ว. กําพร้า, น่าสงสาร, เช่น อันว่าพราหมณชรา ชีณกัปนก. (ม. คําหลวง ชูชก). (ป. กปณก).
กัปนก	๒๕๕๔	กำพร้า, น่าสงสาร, เช่น อันว่าพราหมณชรา ชีณกัปนก (ม. คำหลวง ชูชก).
กัปบาสิก	๒๕๔๒	(แบบ) ว. อันทอด้วยฝ้าย. (ดู กรรบาสิก).
กัปบาสิก	๒๕๕๔	อันทอด้วยฝ้าย.
กัปปาสิก	๒๕๕๔	อันทอด้วยฝ้าย.
กัปปิย	๒๕๔๒	[กับปิยะ] ว. สมควร. (ป.).
กัปปิย-	๒๕๕๔	สมควร.
กัปปิยการก	๒๕๔๒	[-การก] น. ผู้ปฏิบัติภิกษุในเรื่องปัจจัย ๔ คือ จีวร อาหาร ที่อยู่อาศัย ยารักษาโรค.
กัปปิยการก	๒๕๕๔	ผู้ปฏิบัติภิกษุในเรื่องปัจจัย ๔ คือ จีวร อาหาร ที่อยู่อาศัย ยารักษาโรค.
กัปปิยภัณฑ์	๒๕๔๒	น. สิ่งของที่ควรแก่ภิกษุ ได้แก่ ปัจจัย ๔ คือจีวร อาหาร ที่อยู่อาศัย ยารักษาโรค และสิ่งอื่น&#160;ๆ เช่น ร่ม รองเท้า.
กัปปิยภัณฑ์	๒๕๕๔	สิ่งของที่ควรแก่ภิกษุ ได้แก่ ปัจจัย ๔ คือ จีวร อาหาร ที่อยู่อาศัย ยารักษาโรค และสิ่งอื่นๆ เช่น ร่ม รองเท้า.
กัปปิยะ	๒๕๕๔	สมควร.
กัปปิยโวหาร	๒๕๔๒	น. โวหารที่ควรแก่ภิกษุ เช่น เรียกเงินตรา ว่า กัปปิยภัณฑ์, ถ้อยคําสํานวนที่เหมาะแก่กาลเทศะ.
กัปปิยโวหาร	๒๕๕๔	โวหารที่ควรแก่ภิกษุ เช่น เรียกเงินตราว่า กัปปิยภัณฑ์, ถ้อยคำสำนวนที่เหมาะแก่กาลเทศะ.
กัปปีย์	๒๕๔๒	[กับปี] (ปาก) น. กับข้าว (ใช้เฉพาะภิกษุสามเณร), มักใช้เข้าคู่กับคำ จังหัน ว่า กัปปีย์จังหัน.
กัปปีย์	๒๕๕๔	กับข้าว (ใช้เฉพาะภิกษุสามเณร), มักใช้เข้าคู่กับคำ จังหัน ว่า กัปปีย์จังหัน.
กัมบน	๒๕๔๒	[กําบน] (แบบ) ก. หวั่นไหว, กําบน ก็ว่า. (ป. กมฺปน). (ม. คําหลวง กุมาร, หิมพานต์).
กัมบน	๒๕๕๔	หวั่นไหว, กำบน ก็ว่า.
กัมป	๒๕๔๒	[กําปะ-, กําปะนะ-] น. การหวั่นไหว, แผ่นดินไหว. (ป., ส.).
กัมป-	๒๕๕๔	การหวั่นไหว, แผ่นดินไหว.
กัมปน-	๒๕๕๔	การหวั่นไหว, แผ่นดินไหว.
กัมปนาการ	๒๕๔๒	น. อาการคือการหวั่นไหว. (ป.).
กัมปนาการ	๒๕๕๔	อาการคือการหวั่นไหว.
กัมปนาท	๒๕๔๒	น. เสียงสนั่นหวั่นไหว. (ป. กมฺป + นาท).
กัมปนาท	๒๕๕๔	เสียงสนั่นหวั่นไหว.
กัมประโด	๒๕๔๒	น. ผู้ทําหน้าที่หาลูกค้าให้บริษัทหรือธนาคาร. (โปรตุเกส).
กัมประโด	๒๕๕๔	ผู้ทำหน้าที่หาลูกค้าให้บริษัทหรือธนาคาร.
กัมปี	๒๕๔๒	(แบบ) ก. ไหว เช่น อันว่ามหาปรัตพีผืนผไทแท่น แผ่นผเทศมณฑล สกลกัมปี ดุจครวีไหวหว่นนป่นนไปมาเมื่อน้นน. (ม. คําหลวง ฉกษัตริย์). (ป., ส. กมฺป).
กัมปี	๒๕๕๔	ไหว เช่น อันว่ามหาปรัตพีผืนผไทแท่น แผ่นผเทศมณฑล สกลกัมปี ดุจครวีไหวหว่นนป่นนไปมาเมื่อน้นน (ม. คำหลวง ฉกษัตริย์).
กัมพล	๒๕๔๒	[กํา-] (แบบ) น. ผ้าทอด้วยขนสัตว์. (ป.).
กัมพล	๒๕๕๔	ผ้าทอด้วยขนสัตว์.
กัมพุช	๒๕๔๒	[กําพุด, กําพุดชะ-] น. แคว้นเขมร, (โบ) ชื่อแคว้นหนึ่งทางตอนเหนือของอินเดีย, กัมโพช ก็ใช้.
กัมพุช	๒๕๕๔	แคว้นเขมร, (โบ) ชื่อแคว้นหนึ่งทางตอนเหนือของอินเดีย, กัมโพช ก็ใช้.
กัมพุช-	๒๕๕๔	แคว้นเขมร, (โบ) ชื่อแคว้นหนึ่งทางตอนเหนือของอินเดีย, กัมโพช ก็ใช้.
กัมพุชพากย์	๒๕๔๒	น. ภาษาเขมร.
กัมพุชพากย์	๒๕๕๔	ภาษาเขมร.
กัมพู	๒๕๔๒	(แบบ) น. หอยสังข์; ทอง เช่น กัมพูหุ้มพู่พรรณจามรี. (บุณโณวาท), ทองสุคนธ์ปนสุวรรณ์กัมพู. (รามเกียรติ์ ร. ๒), (โบ) เขียนเป็น กําพู กําภู ก็มี. (ป., ส. กมฺพุ).
กัมพู	๒๕๕๔	หอยสังข์
กัมพูชา	๒๕๔๒	น. ชื่อประเทศเขมร.
กัมพูชา	๒๕๕๔	ชื่อประเทศเขมร.
กัมมัชวาต	๒๕๔๒	[กํามัดชะวาด] (แบบ) น. กรรมชวาต, ลมเบ่ง. (ป.).
กัมมัชวาต	๒๕๕๔	กรรมชวาต, ลมเบ่ง.
กัมมัฏฐาน	๒๕๔๒	ดู กรรมฐาน.
กัมมัฏฐาน	๒๕๕๔	ดู กรรมฐาน.
กัมมันตภาพรังสี	๒๕๔๒	[กํามันตะ-] น. การเสื่อมสลายโดยตัวเองของนิวเคลียสของอะตอมที่ไม่เสถียร เป็นผลให้ได้อนุภาคแอลฟา อนุภาคบีตา รังสีแกมมา ซึ่งเป็นคลื่นแม่เหล็กไฟฟ้าที่มีช่วงคลื่นสั้นมากและมีพลังงานสูง ทั้งหมดนี้พุ่งออกมาด้วยความเร็วสูงมาก ในบางกรณีอาจมีพลังงานความร้อนและพลังงานแสงเกิดตามมาด้วย เช่น การเสื่อมสลายของนิวเคลียสของธาตุเรเดียมไปเป็นธาตุเรดอน. (อ. radioactivity).
กัมมันตภาพรังสี	๒๕๕๔	การเสื่อมสลายโดยตัวเองของนิวเคลียสของอะตอมที่ไม่เสถียร เป็นผลให้ได้อนุภาคแอลฟา อนุภาคบีตา รังสีแกมมา ซึ่งเป็นคลื่นแม่เหล็กไฟฟ้าที่มีช่วงคลื่นสั้นมากและมีพลังงานสูง ทั้งหมดนี้พุ่งออกมาด้วยความเร็วสูงมาก ในบางกรณีอาจมีพลังงานความร้อนและพลังงานแสงเกิดตามมาด้วย เช่น การเสื่อมสลายของนิวเคลียสของธาตุเรเดียมไปเป็นธาตุเรดอน.
กัมมันตรังสี	๒๕๔๒	[กํามันตะ-] ว. ที่สามารถเกิดกัมมันตภาพรังสีได้ (ใช้แก่ธาตุหรือสาร). (อ. radioactive).
กัมมันตรังสี	๒๕๕๔	ที่สามารถเกิดกัมมันตภาพรังสีได้ (ใช้แก่ธาตุหรือสาร).
กัมมาร	๒๕๔๒	[กํามาน] (แบบ) น. กรรมาร, ช่างทอง, ช่างเหล็ก. (ป.; ส. กรฺมาร).
กัมมาร	๒๕๕๔	กรรมาร, ช่างทอง, ช่างเหล็ก.
กัมลาศ	๒๕๔๒	[กํามะลาด] (แบบ) น. กมลาสน์ คือ พระพรหม เช่น เพียงกัมลาศลงมาดิน. (ม. คําหลวง กุมาร). (ป., ส. กมลาสน).
กัมลาศ	๒๕๕๔	กมลาสน์ คือ พระพรหม เช่น เพียงกัมลาศลงมาดิน (ม. คำหลวง กุมาร).
กัมโพช	๒๕๔๒	[กําโพด] น. แคว้นเขมร, (โบ) ชื่อแคว้นหนึ่งทางตอนเหนือของอินเดีย, กัมพุช ก็ใช้.
กัมโพช	๒๕๕๔	แคว้นเขมร, (โบ) ชื่อแคว้นหนึ่งทางตอนเหนือของอินเดีย, กัมพุช ก็ใช้.
กัยวิกัย	๒๕๔๒	[ไกยะวิไก] (แบบ) น. การซื้อและการขาย. (ป. กยวิกย).
กัยวิกัย	๒๕๕๔	การซื้อและการขาย.
กัลชาญ	๒๕๔๒	[กันละชาน] ว. กลชาญ, เชี่ยวชาญ, เช่น แด่พระผู้กัลชาญพิเศษ. (ม. คําหลวง ทศพร).
กัลชาญ	๒๕๕๔	กลชาญ, เชี่ยวชาญ, เช่น แด่พระผู้กัลชาญพิเศษ (ม. คำหลวง ทศพร).
กัลบก	๒๕๔๒	[กันละ-] (แบบ) น. ช่างตัดผม, ช่างโกนผม. (ส.; ป. กปฺปก).
กัลบก	๒๕๕๔	ช่างตัดผม, ช่างโกนผม.
กัลป	๒๕๔๒	[กันละปะ-, กัน] น. กัป, อายุของโลกตั้งแต่เมื่อพระพรหมสร้างเสร็จจนถึงเวลาที่ไฟประลัยกัลป์ล้างโลก ซึ่งได้แก่ช่วงเวลากลางวัน วันหนึ่งของพระพรหม คือ ๑,๐๐๐ มหายุค (เท่ากับ ๔,๓๒๐,๐๐๐,๐๐๐ ปีมนุษย์) เมื่อสิ้นกัลป์ พระอิศวรจะล้างโลกด้วยไฟประลัยกัลป์ โลกจะไร้สิ่งมีชีวิตและอยู่ในความมืดมนจนถึงรุ่งเช้าของวันใหม่ แล้วพระพรหมก็จะสร้างโลกเป็นการขึ้นต้นกัลป์ใหม่ โลกจะถูกสร้างและถูกทำลายเช่นนี้สลับกันตลอดอายุของพระพรหม ทั้งนี้ตามคติของพราหมณ์, บางทีใช้เข้าคู่กับคํา กัป เช่น ชั่วกัปชั่วกัลป์ นานนับกัปกัลป์พุทธันดร. (ส.; ป. กปฺป).
กัลป-	๒๕๕๔	กัป, อายุของโลกตั้งแต่เมื่อพระพรหมสร้างเสร็จจนถึงเวลาที่ไฟประลัยกัลป์มาล้างโลก ซึ่งได้แก่ช่วงเวลากลางวัน วันหนึ่งของพระพรหม คือ ๑,๐๐๐ มหายุค (เท่ากับ ๔,๓๒๐,๐๐๐,๐๐๐ ปีมนุษย์) เมื่อสิ้นกัลป์ พระอิศวรจะล้างโลกด้วยไฟประลัยกัลป์ โลกจะไร้สิ่งมีชีวิตและอยู่ในความมืดมนจนถึงรุ่งเช้าของวันใหม่ แล้วพระพรหมก็จะสร้างโลกเป็นการขึ้นต้นกัลป์ใหม่ โลกจะถูกสร้างและถูกทำลายเช่นนี้สลับกันตลอดอายุของพระพรหม ทั้งนี้ตามคติของพราหมณ์, บางทีใช้เข้าคู่กับคำ กัป เช่น ชั่วกัปชั่วกัลป์ นานนับกัปกัลป์พุทธันดร.
กัลปนา	๒๕๔๒	[กันละปะนา] ก. เจาะจงให้.<2t>น. ที่ดินหรือสิ่งอื่นเช่นอาคารซึ่งเจ้าของอุทิศผลประโยชน์ให้แก่วัดหรือศาสนา; ส่วนบุญที่ผู้ทําอุทิศให้แก่ผู้ตาย. (ส.; ป. กปฺปนา).
กัลปนา	๒๕๕๔	เจาะจงให้.
กัลปพฤกษ์	๒๕๔๒	[กันละปะพฺรึก] น. ต้นไม้ที่เชื่อกันว่าให้ผลสําเร็จตามความปรารถนา; เรียกต้นไม้ที่ทําขึ้นเนื่องในการทิ้งทานในงานเมรุหลวง และมีลูกมะนาวบรรจุเงินตราห้อยอยู่ตามกิ่งต่าง&#160;ๆ ของต้นไม้นั้นว่าต้นกัลปพฤกษ์, เรียกลูกมะนาวที่บรรจุเหรียญเงินนั้นว่า ลูกกัลปพฤกษ์; (โบ) ใช้ว่า กํามพฤกษ์ ก็มี เช่น พวกประจํากํามพฤกษ์บังคมไหว้. (รามเกียรติ์ ร. ๒). (ส.; ป. กปฺปรุกฺข).
กัลปพฤกษ์	๒๕๕๔	ต้นไม้ที่เชื่อกันว่าให้ผลสำเร็จตามความปรารถนา
กัลปังหา	๒๕๔๒	[กันละ-] ดู กะละปังหา.
กัลปังหา	๒๕๕๔	ดู กะละปังหา.
กัลปาวสาน	๒๕๔๒	[กันละปาวะสาน] น. ที่สุดแห่งระยะเวลากัลป์หนึ่ง คือ ช่วงเวลา ๔,๓๒๐,๐๐๐,๐๐๐ ปีมนุษย์. (ส. กลฺป + อวสาน).
กัลปาวสาน	๒๕๕๔	ที่สุดแห่งระยะเวลากัลป์หนึ่ง คือ ช่วงเวลา ๔,๓๒๐,๐๐๐,๐๐๐ ปีมนุษย์.
กัลปิต	๒๕๔๒	[กันละปิด] (แบบ) ว. สําเร็จแล้ว; ควรแล้ว; ตัดแล้ว. (ส.; ป. กปฺปิต).
กัลปิต	๒๕๕๔	สำเร็จแล้ว
กัลป์	๒๕๕๔	กัป, อายุของโลกตั้งแต่เมื่อพระพรหมสร้างเสร็จจนถึงเวลาที่ไฟประลัยกัลป์มาล้างโลก ซึ่งได้แก่ช่วงเวลากลางวัน วันหนึ่งของพระพรหม คือ ๑,๐๐๐ มหายุค (เท่ากับ ๔,๓๒๐,๐๐๐,๐๐๐ ปีมนุษย์) เมื่อสิ้นกัลป์ พระอิศวรจะล้างโลกด้วยไฟประลัยกัลป์ โลกจะไร้สิ่งมีชีวิตและอยู่ในความมืดมนจนถึงรุ่งเช้าของวันใหม่ แล้วพระพรหมก็จะสร้างโลกเป็นการขึ้นต้นกัลป์ใหม่ โลกจะถูกสร้างและถูกทำลายเช่นนี้สลับกันตลอดอายุของพระพรหม ทั้งนี้ตามคติของพราหมณ์, บางทีใช้เข้าคู่กับคำ กัป เช่น ชั่วกัปชั่วกัลป์ นานนับกัปกัลป์พุทธันดร.
กัลพุม	๒๕๔๒	[กันพุม] (โบ) น. กรรพุม, มือที่ประนม, เช่น ถวายกรกัลพุมบันสารโกสุม ศิโรจม์. (ม. คำหลวง ฉกษัตริย์); พุ่ม เช่น จับพฤกษางกูรกัลพุม โดยกุสุมฤดูกาล. (ม. คำหลวง วนปเวสน์).
กัลพุม	๒๕๕๔	กรรพุม, มือที่ประนม, เช่น ถวายกรกัลพุมบันสารโกสุม ศิโรจม์ (ม. คำหลวง ฉกษัตริย์)
กัลยา	๒๕๔๒	[กันละยา] น. นางงาม.
กัลยา	๒๕๕๔	นางงาม.
กัลยาณ	๒๕๔๒	[กันละยานะ-] ว. งาม, ดี, ใช้เป็นบทหน้าสมาส เช่น กัลยาณคุณ = คุณอันงาม กัลยาณธรรม = ธรรมอันดี กัลยาณมิตร = มิตรดี. (ป., ส.).
กัลยาณ-	๒๕๕๔	งาม, ดี, ใช้เป็นส่วนหน้าของสมาส เช่น กัลยาณคุณ = คุณอันงาม กัลยาณธรรม = ธรรมอันดี กัลยาณมิตร = มิตรดี.
กัลยาณมิตร	๒๕๔๒	[กันละยานะมิด] น. ชื่อเพลงไทยทํานองหนึ่ง.
กัลยาณมิตร	๒๕๕๔	ชื่อเพลงไทยประเภทโหมโรงเสภา อัตรา ๓ ชั้น แต่งขึ้นจากเพลงหน้าพาทย์ชื่อชำนาญ.
กัลยาณี	๒๕๔๒	[กันละยานี] น. นางงาม, หญิงงาม. (ป., ส.).
กัลยาณี	๒๕๕๔	นางงาม, หญิงงาม.
กัลยาเยี่ยมห้อง	๒๕๔๒	น. ชื่อเพลงไทยทํานองหนึ่ง.
กัลยาเยี่ยมห้อง	๒๕๕๔	ชื่อเพลงไทยทำนองหนึ่ง.
กัลหาย	๒๕๔๒	[กัน-] ก. กรรหาย เช่น ชายใดเดอรร้อนรนนจวนจวบสร้อยสรสวรก็หายกัลหายหื่นหรรษ์. (ม. คําหลวง จุลพน).
กัลหาย	๒๕๕๔	กรรหาย, อยากเป็นกำลัง, หิวโหย, เช่น ชายใดเดอรร้อนรนนจวนจวบสร้อยสรสวรก็หายกัลหายหื่นหรรษ์ (ม. คำหลวง จุลพน).
กัลออม	๒๕๔๒	[กันละ- ] น. ภาชนะสานด้วยไม้ไผ่ ยาชัน รูปคล้ายกระบุง ไม่มีคอ ใช้ใส่น้ำ, กะออม กระออม หรือ กะละออม ก็ว่า.
กัลออม	๒๕๕๔	ภาชนะสานด้วยไม้ไผ่ ยาชัน รูปคล้ายกระบุงขนาดย่อม ปากสอบ ใช้ใส่น้ำ, กะออม กระออม หรือ กะละออม ก็ว่า.
กัลเม็ด	๒๕๔๒	[กันละ-] น. กลเม็ด, วิธีที่แยบคาย, สิ่งที่แยบคาย; แหวนที่มีก้านหัวเป็นเกลียวถอดออกจากเรือนได้ เรียกว่า แหวนกัลเม็ด, ขวดที่มีจุกเป็นเกลียวเรียกว่า ขวดกัลเม็ด.
กัลเม็ด	๒๕๕๔	กลเม็ด, วิธีที่แยบคายหรือพลิกแพลง, สิ่งที่แยบคาย
กัลเว้า	๒๕๔๒	[กันเว้า] ว. พูดอ่อนหวาน, พูดเอาใจ, เช่น ก็มีพระราชโองการอนนกัลเว้า. (ม. คําหลวง มหาราช).
กัลเว้า	๒๕๕๔	พูดอ่อนหวาน, พูดเอาใจ, เช่น ก็มีพระราชโองการอนนกัลเว้า (ม. คำหลวง มหาราช).
กัลเอา	๒๕๔๒	[กัน-] ว. กรรเอา, กลมกล่อม. (ข. กฺรเอา).
กัลเอา	๒๕๕๔	กรรเอา, กลมกล่อม.
กัลโหย	๒๕๔๒	[กัน-] ก. กรรโหย เช่น สารเสียงหงสกัลโหย. (สมุทรโฆษ).
กัลโหย	๒๕๕๔	กรรโหย, โหย, คร่ำครวญ, เช่น สารเสียงหงสกัลโหย
กัศมล	๒๕๔๒	[กัดสะมน] (แบบ) ว. น่าเกลียด, ไม่งาม, อุจาด, เช่น บพิตรพราหมณ์นี้กาจกัศมลร้ายพ้นคนในโลกย์นี้. (ม. คําหลวง กุมาร). (ส.).
กัศมล	๒๕๕๔	น่าเกลียด, ไม่งาม, อุจาด, เช่น บพิตรพราหมณ์นี้กาจกัศมลร้ายพ้นคนในโลกย์นี้ (ม. คำหลวง กุมาร).
กัศยป	๒๕๔๒	[กัดสะหฺยบ] (แบบ) น. เต่า. (ส.).
กัศยป	๒๕๕๔	เต่า.
กัษณ	๒๕๔๒	[กัดสะหฺนะ] (กลอน) น. กษณะ, ขณะ, เช่น ในเมื่อกาลกัษณ. (ม. คําหลวง สักบรรพ).
กัษณ	๒๕๕๔	กษณะ, ขณะ, เช่น ในเมื่อกาลกัษณ (ม. คำหลวง สักบรรพ).
กั่น	๒๕๔๒	น. ส่วนที่ถัดจากโคนอาวุธหรือเครื่องมือเป็นต้น สําหรับหยั่งลงไปในด้าม.
กั่น	๒๕๕๔	ส่วนที่ถัดจากโคนอาวุธ เช่นหอก ดาบ หรือเครื่องมือ เช่นสิ่ว บุ้ง สำหรับหยั่งลงไปในด้าม.
กั้ง	๒๕๔๒	น. ชื่อสัตว์นํ้าไม่มีกระดูกสันหลังในชั้น Crustacea อันดับ Stomatopoda มีหลายวงศ์ ส่วนใหญ่อยู่ในวงศ์ Squillidae หายใจด้วยเหงือก ลําตัวแบนหรือกลม แบ่งเป็นปล้อง&#160;ๆ เปลือกที่หุ้มท่อนหัวและอกคลุมมาถึงอกปล้องที่ ๕ แต่ไม่ถึงปล้องที่ ๘ กรีมีลักษณะแบนราบ มี ๖ ขา, กั้งตั๊กแตน ก็เรียก.
กั้ง	๒๕๕๔	ชื่อสัตว์นํ้าไม่มีกระดูกสันหลังในชั้น Crustacea อันดับ Stomatopoda มีหลายวงศ์ ส่วนใหญ่อยู่ในวงศ์ Squillidae หายใจด้วยเหงือก ลำตัวแบนหรือกลม แบ่งเป็นปล้องๆ เปลือกที่หุ้มท่อนหัวและอกคลุมมาถึงอกปล้องที่ ๕ แต่ไม่ถึงปล้องที่ ๘ กรีมีลักษณะแบนราบ มี ๖ ขา, กั้งตั๊กแตน ก็เรียก.
กั้งกระดาน	๒๕๔๒	ดู กระดาน ๒.
กั้งกระดาน	๒๕๕๔	ดู กระดาน ๒.
กั้งตั๊กแตน	๒๕๔๒	ดู กั้ง ๑.
กั้งตั๊กแตน	๒๕๕๔	ดู กั้ง ๑.
กั้น	๒๕๔๒	ก. กีดขวางหรือทําสิ่งกีดขวางเพื่อบัง คั่น หรือกันไว้ไม่ให้เข้ามา เช่น กั้นกลด ภูเขากั้นเขตแดน กั้นถนน.
กั้น	๒๕๕๔	กีดขวางหรือทำสิ่งกีดขวางเพื่อบัง คั่น หรือกันไว้ไม่ให้เข้ามา เช่น ภูเขากั้นเขตแดน กั้นถนน.
กั้นกาง	๒๕๔๒	ก. กางแขนออกขวางทางไว้, โดยปริยายหมายถึง ทําอย่างใดอย่างหนึ่งเป็นการขัดขวางเพื่อไม่ให้ไปดังประสงค์.
กั้นกาง	๒๕๕๔	กางแขนออกขวางทางไว้.
กั้นซู่	๒๕๔๒	(โบ) น. เครื่องจับปลาชนิดหนึ่ง กล่าวกันว่ามีลักษณะเหมือนถุงอย่างเดียวกับโพงพาง หรือเป็นไม้ซึ่งปักเป็นปีกของเครื่องมือประจําที่ซึ่งเรียก กั้นซู่รั้วไซมาน หรือ ซู่กั้นรั้วไซมาน.
กั้นซู่	๒๕๕๔	ส่วนประกอบของเครื่องมือชนิดหนึ่งใช้จับปลา มีลักษณะเป็นไม้ซึ่งปักเป็นปีกออกไป ๒ ข้างของปากไซมาน.
กั้นซู่รั้วไซมาน	๒๕๕๔	เครื่องมือชนิดหนึ่งใช้จับปลา ลักษณะเป็นถุงตาข่ายยาว ใช้หลักขนาดใหญ่ ๒ ต้น ปักห่างกันประมาณ ๖ เมตร เพื่อกางปากถุงไว้ใต้น้ำสำหรับดักปลาที่ว่ายตามกระแสน้ำลง มีไม้จริงขนาดเล็กหรือไม้รวกปักเป็นระยะออกจากปากถุงเป็นปีก ๒ ข้าง ให้ปีกกางเฉียงออกทำมุมประมาณ ๔๕-๙๐ องศา, ซู่กั้นรั้วไซมาน หรือ รั้วไซมาน ก็เรียก.
กั้นบัง	๒๕๔๒	น. ว่านกั้นบัง. (ดู กําบัง ๓).
กั้นบัง	๒๕๕๔	ว่านกั้นบัง. (ดู กำบัง ๓).
กั้นประตู	๒๕๕๔	เอาของมีค่าอย่างสายสร้อย เข็มขัดทอง เป็นต้น กั้นขบวนขันหมากที่บ้านเจ้าสาว โดยเจ้าบ่าวต้องจ่ายเงินเพื่อให้เป็นค่าเปิดทาง.
กั้นหยั่น	๒๕๔๒	น. มีดปลายแหลม มีคม ๒ ข้าง ส่วนของใบมีดตั้งแต่กั่นถึงปลายใหญ่เท่ากัน เป็นอาวุธ ใช้เหน็บเอว, จีนใช้เป็นเครื่องหมายกันจัญไร เช่นในรูปสิงโตคาบกั้นหยั่น.
กั้นหยั่น	๒๕๕๔	มีดปลายแหลม มีคม ๒ ข้าง ส่วนของใบมีดตั้งแต่กั่นถึงปลายใหญ่เท่ากัน เป็นอาวุธ สอดเข้าฝัก ใช้เหน็บเอว.
กั๊ก	๒๕๔๒	น. เรียกทางสี่แยกว่า สี่กั๊ก; ส่วน ๑ ใน ๔ ของเหล้าเทหนึ่ง, ส่วน ๑ ใน ๔ ของเหล้าขวดใหญ่ขนาด ๗๕๐ ซีซี., ส่วน ๑ ใน ๔ ของนํ้าแข็งซองหนึ่ง แบ่งออกได้เป็น ๔ มือ; เสื้อชนิดหนึ่ง ตัวสั้นเสมอเอว ไม่มีแขน ไม่มีปก ผ่าอกตลอด ติดกระดุมหรือไม่ติดก็ได้ มักใช้สวมทับเสื้อเชิ้ต เรียกว่า เสื้อกั๊ก; วิธีแทงโปวิธีหนึ่ง ถ้าลูกค้าแทงกั๊ก ๒ ประตูใด โปออกประตูใดประตูหนึ่งใน ๒ ประตูนั้น เจ้ามือใช้ ๑ ต่อ ถ้าโปออกประตูอื่นนอกจาก ๒ ประตูที่แทงไว้ เจ้ามือกิน.<2t>(ถิ่น-พายัพ) ก. พูดติดอ่าง.
กั๊ก	๒๕๕๔	เรียกสี่แยก ว่า สี่กั๊ก
กา	๒๕๔๒	น. ชื่อนกชนิด Corvus macrorhynchos ในวงศ์ Corvidae ตัวดํา ร้องกา&#160;ๆ, อีกา ก็เรียก; ชื่อดาวฤกษ์ธนิษฐา เช่น แม้นดาวกามาใกล้ในมนุษย์. (อภัย).
กา	๒๕๕๔	ชื่อนกขนาดกลางชนิด Corvus macrorhynchos Wagler วงศ์ย่อย Corvinae ในวงศ์ Corvidae ปากใหญ่หนาแบนข้าง ตาสีดำ ตัวสีดำ ร้องเสียง “กาๆ”, อีกา ก็เรียก
กาก	๒๕๔๒	น. สิ่งที่เหลือเมื่อคั้นหรือคัดเอาส่วนดีออกแล้ว เช่น กากมะพร้าว; หยากเยื่อ; เดนเลือก (ใช้เป็นคําด่า) เช่น กากมนุษย์ คนกาก.
กาก	๒๕๕๔	สิ่งที่เหลือเมื่อคั้นหรือคัดเอาส่วนดีออกแล้ว เช่น กากมะพร้าว
กาก-	๒๕๕๔	กา (นก).
กากกะรุน	๒๕๕๔	ผงของกะรุนที่เอามาผสมครั่งขัดของแข็งเช่นป้าน.
กากขยาก	๒๕๔๒	น. กากที่หยาบ, หยากเยื่อ.
กากขยาก	๒๕๕๔	กากที่หยาบ, หยากเยื่อ.
กากข้าว	๒๕๔๒	น. ข้าวเปลือกที่ปนอยู่ในข้าวสารหรือข้าวสุก.
กากข้าว	๒๕๕๔	ข้าวเปลือกที่ปนอยู่ในข้าวสารหรือข้าวสุก.
กากคติ	๒๕๔๒	[กากะคะติ] น. ชื่อกาพย์ชนิดหนึ่ง มีดําเนินกลอนอย่างกาที่บินไป เช่น สรรเพ็ชญ์เจ้าได้ ทรงฤทธิ์เรืองไกร ย่อมบำเพงทาน ให้พระวิมุติ โลกุดรญาณแสวงศีลาจาร ประเสริฐหนักหนา. (ชุมนุมตํารากลอน).
กากคติ	๒๕๕๔	ชื่อกาพย์ชนิดหนึ่ง มีดำเนินกลอนอย่างกาที่บินไป เช่น สรรเพ็ชญ์เจ้าได้ ทรงฤทธิ์เรืองไกร ย่อมบำเพงทาน ให้พระวิมุติ โลกุดรญาณแสวงศีลาจาร ประเสริฐหนักหนา
กากณึก	๒๕๔๒	[กากะหฺนึก] น. ทรัพย์มีค่าเท่าค่าแห่งชิ้นเนื้อพอกาพาไปได้; ชื่อมาตราเงินอย่างตํ่าที่สุด. (ป. กากณิกา).
กากณึก	๒๕๕๔	ทรัพย์มีค่าเท่าค่าแห่งชิ้นเนื้อพอกาพาไปได้
กากน้ำตาล	๒๕๕๔	ของเหลวสีดำ เหนียวข้น ไม่สามารถตกผลึกน้ำตาลได้อีก ได้จากกระบวนการผลิตน้ำตาลจากอ้อย.
กากบาท	๒๕๔๒	[กากะบาด] น. ชื่อเครื่องหมายอย่างตีนกา มีรูป + หรือ ; ใช้ + เป็นเครื่องหมายวรรณยุกต์บอกเสียงจัตวา.
กากบาท	๒๕๕๔	ชื่อเครื่องหมายอย่างตีนกา มีรูป + หรือ x
กากภาษา	๒๕๔๒	[กากะพาสา] น. ชาติกา เช่น ลางมารนิรมิตอินทรีย์เศียรเป็นอสุรี และกายเป็นกากภาษา. (คําพากย์).
กากภาษา	๒๕๕๔	ชาติกา เช่น ลางมารนิรมิตอินทรีย์เศียรเป็นอสุรี และกายเป็นกากภาษา
กากรุน	๒๕๔๒	น. ผงของกะรุนที่เอามาผสมครั่งขัดของแข็งเช่นป้าน.
กากรุน	๒๕๕๔	ผงของกะรุนที่เอามาผสมครั่งขัดของแข็งเช่นป้าน.
กากหมู	๒๕๔๒	น. มันหมูที่เจียวเอานํ้ามันออกแล้ว.
กากหมู	๒๕๕๔	มันหมูที่เจียวเอานํ้ามันออกแล้ว.
กากะ	๒๕๕๔	กา (นก).
กากะทิง	๒๕๔๒	ดู กระทิง ๒.
กากะทิง	๒๕๕๔	ดู กระทิง ๒.
กากะเยีย	๒๕๔๒	น. เครื่องสําหรับวางหนังสือใบลาน ทําด้วยไม้ ๘ อันร้อยเชือกไขว้กัน.
กากะเยีย	๒๕๕๔	เครื่องสำหรับวางหนังสือใบลาน ทำด้วยไม้๘ อันร้อยเชือกไขว้กัน.
กากี	๒๕๔๒	น. กาตัวเมีย. (ป., ส.).
กากี	๒๕๕๔	กาตัวเมีย.
กากีแกมเขียว	๒๕๔๒	ว. สีเขียวขี้ม้า.
กากีแกมเขียว	๒๕๕๔	สีเขียวขี้ม้า.
กากเพชร	๒๕๔๒	น. ส่วนของเพชรที่คัดออก; ผงแวววาวคล้ายกระจกสําหรับโรยแต่งเครื่องประดับเป็นต้น; เครื่องใช้ตัดกระจก; เครื่องใช้เจียระไนรัตนชาติ; เครื่องบดวาล์ว, เรียกเครื่องลับมีดเป็นต้นชนิดหนึ่งว่า หินกากเพชร.
กากเพชร	๒๕๕๔	ส่วนของเพชรที่คัดออก
กาคาบพริก	๒๕๔๒	(สํา) ว. ลักษณะที่คนผิวดําแต่งตัวด้วยเสื้อผ้าสีแดง.
กาคาบพริก	๒๕๕๔	ลักษณะที่คนผิวดำแต่งตัวด้วยเสื้อผ้าสีแดง.
กาง	๒๕๔๒	ก. ถ่างออก เช่น กางขา, คลี่ เช่น กางปีก, เหยียดออกไป เช่น กางแขน, ขึงออกไป เช่น กางใบ กางมุ้ง, แบะออก เช่น กางหนังสือ.<2t>ว. ที่ถ่างออก คลี่ออก เหยียดออก ขึงออก หรือ แบะออก เช่น หูกาง ท้องกาง.
กาง	๒๕๕๔	ถ่างออก เช่น กางขา, คลี่ เช่น กางปีก, เหยียดออกไป เช่น กางแขน, ขึงออกไป เช่น กางใบ กางมุ้ง, แบะออก เช่น กางหนังสือ.
กางของ	๒๕๔๒	(ถิ่น-อีสาน) น. ต้นปีบ. (ดู ปีบ ๑).
กางของ	๒๕๕๔	ต้นปีบ. (ดู ปีบ ๑).
กางขี้มอด	๒๕๔๒	(ถิ่น-พายัพ) น. ชื่อไม้ต้นขนาดใหญ่ชนิด Acrocarpus fraxinifolius Wight et Arn. ในวงศ์ Leguminosae มีฝักแบน&#160;ๆ, ขางแดง หรือ แดงนํ้า ก็เรียก.
กางขี้มอด	๒๕๕๔	ชื่อไม้ต้นขนาดใหญ่ชนิด Acrocarpus fraxinifolius Wight et Arn. ในวงศ์ Leguminosae มีฝักแบนๆ, ขางแดง หรือ แดงนํ้า ก็เรียก.
กางเกง	๒๕๔๒	น. เครื่องนุ่งมี ๒ ขา.
กางเกง	๒๕๕๔	เครื่องนุ่งมี ๒ ขา.
กางเกงชาวเขา	๒๕๕๔	กางเกงแบบชาวเขานุ่ง เป็นกางเกงที่มีเป้ายานลงมา ทำให้ทรงกางเกงดูคล้ายรูปสี่เหลี่ยมคางหมู เช่น ฉันชอบกางเกงชาวเขาเพราะนุ่งสบายดี.
กางเกงเล	๒๕๕๔	กางเกงแบบชาวประมง เป็นกางเกงที่ตัดแบบกางเกงขาก๊วยหรือกางเกงแพร ใช้ผ้าฝ้ายสีต่าง ๆ เช่น นักศึกษาสมัยนี้ชอบนุ่งกางเกงเลเวลาทำกิจกรรมกัน.
กางเกียง	๒๕๔๒	ก. ไม่ลงรูป, ไม่ลงรอย, ไม่ลงที่, สวมกันไม่เข้า, ใช้ว่า กางเกี่ยง ก็มี เช่น เมื่อนั้น พระคาวีเห็นนางยังกางเกี่ยง ยิ้มพลางทางลงไปจากเตียง แล้วกล่าวเกลี้ยงแกล้งปลอบให้ชอบใจ. (คาวี), กังเกียง หรือ กําเกียง ก็ว่า.
กางเกียง	๒๕๕๔	ไม่ลงรูป, ไม่ลงรอย, ไม่ลงที่, สวมกันไม่เข้า, ใช้ว่า กางเกี่ยง ก็มี เช่น เมื่อนั้น พระคาวีเห็นนางยังกางเกี่ยง ยิ้มพลางทางลงไปจากเตียง แล้วกล่าวเกลี้ยงแกล้งปลอบให้ชอบใจ (คาวี), กังเกียง หรือ กำเกียง ก็ว่า.
กางเกี่ยง	๒๕๔๒	ดู กางเกียง.
กางเกี่ยง	๒๕๕๔	ดู กางเกียง.
กางเขน	๒๕๔๒	น. ชื่อนกชนิด Copsychus saularis ในวงศ์ Turdidae ตัวขนาดนกปรอด ส่วนบนลําตัวสีดํา ส่วนล่างตั้งแต่หน้าอกลงไปสีขาวหม่น ปีกมีลายพาดสีขาว มักอยู่เป็นคู่หรือกลุ่มเล็ก&#160;ๆ กินแมลง, พายัพเรียก จีแจ๊บ, อีสานเรียก จี่จู้.
กางเขน	๒๕๕๔	ชื่อนกขนาดเล็กหลายชนิด ในวงศ์ Turdidae ปากยาวปานกลางปลายแหลม หางยาวกว่าลำตัวมาก เช่น กางเขนบ้าน [ Copsychus saularis (Linn.)] ส่วนบนลำตัวสีดำ ส่วนล่างตั้งแต่อกลงไปสีขาวหม่น ปีกมีลายพาดสีขาว มักอยู่เป็นคู่หรือกลุ่มเล็ก ๆ กินแมลง,ภาคกลางเรียก กางเขน, พายัพเรียก จีแจ๊บ, อีสานเรียก จี่จู้, ปักษ์ใต้เรียก บินหลา, กางเขนดง [ C. malabaricus (Scopoli)] ปาก หัว หลัง อก และปีกของตัวผู้สีดำเหลือบ หลังส่วนล่างติดโคนหางสีขาว อกส่วนล่างไปจนถึงหางสีน้ำตาลแดง หางยาว ด้านบนสีดำ ใต้หางและขอบหางสีขาว ขาสีน้ำตาลอมชมพู ตัวเมียสีจางไม่สดใสเท่าตัวผู้และหางสั้นกว่า.
กางเวียน	๒๕๔๒	(โบ) น. เครื่องมือสำหรับเขียนวงกลม ส่วนโค้งของวงกลม หรือกะระยะ ทำด้วยโลหะ มี ๒ ขา ปลายข้างหนึ่งแหลม ปลายอีกข้างหนึ่งมีดินสอเป็นต้น อีกแบบหนึ่งมีปลายแหลมทั้ง ๒ ข้าง แบบหลังนี้ใช้สำหรับเขียนบนโลหะก็ได้, วงเวียน หรือ กงเวียน ก็ว่า; การหมุนเวียนชนิดหนึ่ง เช่น แล้วจับเท้าทั้งสองหันเวียนไปดั่งบุคคลทํากางเวียน. (กฎหมายเก่า).
กางเวียน	๒๕๕๔	เครื่องมือสำหรับเขียนวงกลม ส่วนโค้งของวงกลม หรือกะระยะ ทำด้วยโลหะ มี ๒ ขา ปลายข้างหนึ่งแหลม ปลายอีกข้างหนึ่งมีดินสอเป็นต้น อีกแบบหนึ่งมีปลายแหลมทั้ง ๒ ข้าง แบบหลังนี้ใช้สำหรับเขียนบนโลหะก็ได้, กงเวียน ก็ว่า, ปัจจุบันเรียกว่า วงเวียน
กาจับหลัก	๒๕๔๒	น. ไม้แป้นวงกลม มีหลักปักอยู่ที่ริมแป้น ที่ปลายหลักมีวัตถุรูปกระจับสําหรับรับคางศพที่บรรจุโกศ; เครื่องดักทําร้ายของโบราณ มีของแหลมอยู่ข้างล่าง เมื่อคนนั่งกระทบไกเข้าก็ลัดขึ้นเสียบทวาร; ท่าถือขอช้างอย่างหนึ่ง. (ตําราขี่ช้าง).
กาจับหลัก	๒๕๕๔	ไม้แป้นวงกลม มีหลักปักอยู่ที่ริมแป้น ที่ปลายหลักมีวัตถุรูปกระจับสำหรับรับคางศพที่บรรจุโกศ
กาชาด	๒๕๔๒	น. เครื่องหมายรูปกากบาท (+) สีแดงชาดบนพื้นขาว เป็นเครื่องหมายกาชาดสากล.
กาชาด	๒๕๕๔	เครื่องหมายรูปกากบาท (+) สีแดงชาดบนพื้นขาว เป็นเครื่องหมายกาชาดสากล.
กาซะลอง	๒๕๔๒	(ถิ่น-พายัพ) น. ต้นปีบ. (ดู ปีบ ๑).
กาซะลอง	๒๕๕๔	ต้นปีบ. (ดู ปีบ ๑).
กาซะลองคำ	๒๕๔๒	น. ชื่อไม้ต้นชนิด Radermachera ignea (Kurz) Steenis ในวงศ์ Bignoniaceae ชอบขึ้นตามที่ค่อนข้างชุ่มชื้นทางภาคเหนือ เปลือกเรียบสีเทา ดอกสีเหลืองทอง, อ้อยช้าง ก็เรียก.
กาซะลองคำ	๒๕๕๔	ชื่อไม้ต้นชนิด Radermachera ignea (Kurz) Steenis ในวงศ์ Bignoniaceae ชอบขึ้นตามที่ค่อนข้างชุ่มชื้นทางภาคเหนือ เปลือกเรียบสีเทา ดอกสีเหลืองทอง, อ้อยช้าง ก็เรียก.
กาญจน	๒๕๔๒	[กานจะนะ-] (แบบ) น. ทอง. (ส.; ป. กญฺจน).
กาญจน-	๒๕๕๔	ทอง.
กาญจนา	๒๕๕๔	ทอง.
กาญจนาภิเษก	๒๕๔๒	น. พระราชพิธีที่พระเจ้าแผ่นดินกระทำเมื่อครองราชสมบัติได้ ๕๐ ปี.
กาญจนาภิเษก	๒๕๕๔	พระราชพิธีที่พระเจ้าแผ่นดินกระทำเมื่อครองราชสมบัติได้ ๕๐ ปี.
กาฐ	๒๕๔๒	[กาด] (แบบ) น. ไม้ฟืน เช่น คือโกยกาฐอันกองแลนองธรณิภาค กลาดกล่นถกลหลาก อนันต์. (สรรพสิทธิ์), กาษฐะ ก็ใช้. (ป. กฏฺ&#xf700;; ส. กาษฺ&#xf700;).
กาฐ	๒๕๕๔	ไม้ฟืน เช่น คือโกยกาฐอันกองแลนองธรณิภาค กลาดกล่นถกลหลาก อนันต์ (สรรพสิทธิ์)
กาด	๒๕๔๒	น. ชื่อไม้ล้มลุกหลายชนิดหลายสกุล บางชนิดใช้ใบ บางชนิดใช้หัวเป็นผัก เช่น ผักกาดกวางตุ้ง (Brassica chinensis Jusl.) ผักกาดขม หรือ ผักกาดเขียว (B. juncea Czern. et Coss.) ผักกาดขาว หรือ แป๊ะช่าย (B. chinensis Jusl. var. pekinensis Rupr.) ผักกาดหัว หรือ ไช้เท้า (Raphanus sativus L.) ในวงศ์ Cruciferae, ผักกาดหอม (Lactuca sativa L.) ในวงศ์ Compositae, ผักเหล่านี้เป็นพรรณไม้ที่นําเข้ามาปลูกเพื่อเป็นอาหาร.
กาด	๒๕๕๔	ชื่อไม้ล้มลุกหลายชนิด หลายสกุล หลายวงศ์ บางชนิดใช้ใบ บางชนิดใช้หัวเป็นผัก เช่น ผักกาดกวางตุ้ง ( Brassica chinensis L.) ผักกาดขมหรือผักกาดเขียว ( B. juncea Czern. et Coss.) ผักกาดขาวหรือแป๊ะช่าย ( B. chinensis L. var. pekinensis Rupr.) ผักกาดหัวหรือไช้เท้า ( Raphanus sativus L.) ในวงศ์ Cruciferae, ผักกาดหอม ( Lactuca sativa L.) ในวงศ์ Compositae, ผักเหล่านี้เป็นพรรณไม้ที่นำเข้ามาปลูกเพื่อเป็นอาหาร.
กาน	๒๕๔๒	ก. ตัดเพื่อให้แตกใหม่ เช่น กานต้นมะขาม, ตัดเพื่อให้ลําต้นเปลา เช่น กานต้นสน; ควั่นเปลือกและกระพี้ต้นไม้เพื่อให้ยืนต้นตาย เช่น กานต้นสัก, ควั่นเปลือกและกระพี้ต้นไม้เพื่อให้มีลูก เช่น กานต้นมะพร้าว.
กาน	๒๕๕๔	ตัดเพื่อให้แตกใหม่ เช่น กานต้นมะขาม, ตัดเพื่อให้ลำต้นเปลา เช่น กานต้นสน
กานดา	๒๕๔๒	น. หญิงที่รัก. (ส. กานฺตา; ป. กนฺตา).
กานดา	๒๕๕๔	หญิงที่รัก.
กานต์	๒๕๔๒	(แบบ) ว. เป็นที่รัก, โดยมากใช้เป็นส่วนท้ายของสมาส เช่น จันทรกานต์ เป็นที่รักของพระจันทร์ ได้แก่แก้วผลึกที่ถูกแสงจันทร์แล้วมีเหงื่อ, คู่กับ สูรยกานต์ เป็นที่รักของพระอาทิตย์ ได้แก่แก้วที่รวมแสงอาทิตย์ให้เกิดไฟได้. (ส.).
กานต์	๒๕๕๔	เป็นที่รัก, โดยมากใช้เป็นส่วนท้ายของสมาส เช่น จันทรกานต์ เป็นที่รักของพระจันทร์ ได้แก่แก้วผลึกที่ถูกแสงจันทร์แล้วมีเหงื่อ, คู่กับ สูรยกานต์ เป็นที่รักของพระอาทิตย์ ได้แก่แก้วที่รวมแสงอาทิตย์ให้เกิดไฟได้.
กานท	๒๕๔๒	(โบ) น. บทกลอน เช่น สารสยามภาคพร้อง<2t>กลกานท นี้ฤๅ. (ยวนพ่าย).
กานท	๒๕๕๔	บทกลอน เช่น สารสยามภาคพร้อง กลกานท นี้ฤๅ
กานท์	๒๕๕๔	บทกลอน เช่น สารสยามภาคพร้อง กลกานท นี้ฤๅ
กานน	๒๕๔๒	[-นน] (แบบ) น. ป่า, ดง, เช่น อันว่าท้องเขาวงกฏกานน. (ม. คําหลวง วนปเวสน์). (ป., ส.).
กานน	๒๕๕๔	ป่า, ดง, เช่น อันว่าท้องเขาวงกฏกานน (ม. คำหลวง วนปเวสน์).
กานพลู	๒๕๔๒	[-พฺลู] น. ชื่อไม้ต้นขนาดกลางชนิด Syzygium aromaticum (L.) Merr. et L.M. Perry ในวงศ์ Myrtaceae ดอกตูมมีรสเผ็ดร้อน ตากแห้งแล้วใช้เป็นเครื่องเทศและทํายา. (ทมิฬ กิรามบู).
กานพลู	๒๕๕๔	ชื่อไม้ต้นขนาดกลางชนิด Syzygium aromaticum (L.) Merr. et L.M. Perry ในวงศ์ Myrtaceae ดอกตูมมีรสเผ็ดร้อน ตากแห้งแล้วใช้เป็นเครื่องเทศและทำยา.
กาน้า	๒๕๔๒	น. ชื่อไม้ต้นชนิด Canarium album (Lour.) Raeusch. ในวงศ์ Burseraceae ผลคล้ายสมอบางชนิด กินได้ มีถิ่นกําเนิดในประเทศจีน, สมอจีน ก็เรียก.
กาน้า	๒๕๕๔	ชื่อไม้ต้นชนิด Canarium album (Lour.) Raeusch. ในวงศ์ Burseraceae ผลคล้ายสมอบางชนิด กินได้ มีถิ่นกำเนิดในประเทศจีน, สมอจีน ก็เรียก.
กาน้ำ	๒๕๔๒	น. ชื่อนกในวงศ์ Phalacrocoracidae ตัวสีดํา คอยาว ว่ายนํ้าเหมือนเป็ด ดํานํ้าจับปลากินเป็นอาหาร อาศัยอยู่รวมกันเป็นฝูง ในประเทศไทยมี ๓ ชนิด คือ กานํ้าใหญ่ (Phalacrocorax carbo) กานํ้าปากยาว (P. fuscicollis) และ กานํ้าเล็ก (P. niger).
กาน้ำ	๒๕๕๔	ชื่อนกน้ำขนาดกลางถึงขนาดใหญ่หลายชนิด ในวงศ์ Phalacrocoracidae คอยาว ตัวสีดำ ตีนมีพังผืด นิ้วแบบตีนพัดเต็ม ว่ายนํ้าเหมือนเป็ด ดำนํ้าจับปลากิน อาศัยอยู่รวมกันเป็นฝูง ในประเทศไทยมี ๓ ชนิด คือ กานํ้าใหญ่ [ Phalacrocorax carbo (Linn.)] กานํ้าปากยาว ( P. fuscicollisStephens) และกานํ้าเล็ก [P. niger (Vieillot)] .
กาบ	๒๕๔๒	น. เปลือกหุ้มชั้นนอกของผล ช่อดอก หรือลําต้นของต้นไม้บางชนิด ลอกออกได้ เช่น กาบมะพร้าว กาบหมาก กาบกล้วย, โดยปริยายหมายถึงสิ่งที่มีลักษณะเช่นนั้น.
กาบ	๒๕๕๔	เปลือกหุ้มชั้นนอกของผล ช่อดอก หรือลำต้นของต้นไม้บางชนิด ลอกออกได้ เช่น กาบมะพร้าว กาบหมาก กาบกล้วย, โดยปริยายหมายถึงสิ่งที่มีลักษณะเช่นนั้น.
กาบกี้	๒๕๔๒	น. ชื่อหอยนํ้าจืดกาบคู่ชนิด Uniandra contradens ในวงศ์ Amblemidae เป็นหอยกาบขนาดกลาง, กี ก็เรียก.
กาบกี้	๒๕๕๔	ชื่อหอยนํ้าจืดกาบคู่ชนิด Hyriopsis ( Limnoscapha ) myersiana (Lea) ในวงศ์ Amblemidae เป็นหอยกาบขนาดกลาง, กี ก็เรียก.
กาบขนุน	๒๕๕๔	องค์ประกอบของพระปรางค์ อยู่เหนือครรภธาตุ ประดับตรงมุมบนชั้นรัดประคดแต่ละชั้นเรียงขึ้นไป, กลีบขนุน ก็เรียก.
กาบคู่	๒๕๔๒	น. ชื่อเรียกหอยในชั้น Bivalvia หรือ Pelecypoda เปลือกหุ้มตัวมีลักษณะเป็น ๒ กาบ ปิดและเปิดได้.
กาบคู่	๒๕๕๔	ชื่อเรียกหอยชั้น Bivalvia เปลือกหุ้มตัวมีลักษณะเป็น ๒ กาบ ปิดและเปิดได้.
กาบน้ำจืด	๒๕๔๒	ดู กาบ ๒.
กาบน้ำจืด	๒๕๕๔	ดู กาบ ๒.
กาบบัว	๒๕๔๒	น. ชื่อนกขนาดใหญ่ชนิด Mycteria leucocephala ในวงศ์ Ciconiidae ตัวใหญ่ คอและขายาว ลําตัว หัว และคอสีขาว มีแถบดําคาดขวางหน้าอก ขนคลุมปีกตอนปลายสีชมพู ปากยาวสีเหลือง อาศัยอยู่ตามบึงและหนองนํ้า กินปลา.
กาบบัว	๒๕๕๔	ชื่อนกขนาดใหญ่ชนิด Mycteria leucocephala (Pennant) ในวงศ์ Ciconiidae คอและขายาว ปากยาวสีเหลือง หัว คอ และลำตัวสีขาว มีแถบดำคาดขวางอก ขนคลุมขนปีกตอนปลายสีชมพู อาศัยอยู่ตามบึงและหนองนํ้า กินปลาและสัตว์น้ำ.
กาบปูเล	๒๕๔๒	น. ส่วนล่างของทางใบที่หุ้มรอบลําต้นหมากเมื่อแก่จัดแล้วหลุดลงมา.
กาบปูเล	๒๕๕๔	ส่วนล่างของทางใบที่หุ้มรอบลำต้นหมากเมื่อแก่จัดแล้วหลุดลงมา.
กาบพรหมศร	๒๕๔๒	น. ชื่อกาบกระหนกชนิดหนึ่งที่ประกอบกับโคนเสา เช่น เสาบุษบก มีลักษณะคล้ายอินทรธนูละคร.
กาบพรหมศร	๒๕๕๔	ชื่อกาบกระหนกชนิดหนึ่งที่ประกอบกับโคนเสา เช่น เสาบุษบก มีลักษณะคล้ายอินทรธนูละคร.
กาบหอยแครง	๒๕๔๒	ดู ว่านกาบหอย.
กาบหอยแครง	๒๕๕๔	ดู ว่านกาบหอย ที่ ว่าน.
กาบุรุษ	๒๕๔๒	[กาบุหฺรุด] (แบบ) น. คนเลว. (ส. กาปุรุษ; ป. กาปุริส).
กาบุรุษ	๒๕๕๔	คนเลว.
กาบู	๒๕๔๒	น. กระเบื้องมุงหลังคาชนิดหนึ่ง มีลักษณะเป็นกระเบื้อง ๒ แผ่นวางคร่อมกัน แผ่นคว่ำมีรูปร่างเหมือนกาบกล้วย ข้างใต้ตอนบนมีงวงหรือขอสำหรับยึดกับระแนง ส่วนแผ่นหงายที่อยู่ข้างล่างนั้นเป็นแผ่นแบน งอริมขึ้นทั้ง ๒ ข้าง มีขออยู่ตอนบนเพื่อเกี่ยวกับระแนง ปัจจุบันนิยมทำให้กระเบื้องแผ่นคว่ำและแผ่นหงายติดเป็นแผ่นเดียวกันเพื่อให้มีความคงทนมากขึ้น, กระเบื้องกาบกล้วย ก็เรียก.
กาบู	๒๕๕๔	กระเบื้องมุงหลังคาชนิดหนึ่ง มีลักษณะเป็นกระเบื้อง ๒ แผ่นวางคร่อมกัน แผ่นคว่ำมีรูปร่างเหมือนกาบกล้วย ข้างใต้ตอนบนมีงวงหรือขอสำหรับยึดกับระแนง ส่วนแผ่นหงายที่อยู่ข้างล่างนั้นเป็นแผ่นแบนงอริมขึ้นทั้ง ๒ ข้าง มีขออยู่ตอนบนเพื่อเกี่ยวกับระแนง ปัจจุบันนิยมทำให้กระเบื้องแผ่นคว่ำและแผ่นหงายติดเป็นแผ่นเดียวกันเพื่อให้มีความคงทนมากขึ้น, กระเบื้องกาบกล้วย ก็เรียก.
กาบเขียง	๒๕๔๒	น. ส่วนที่หุ้มจั่นหมาก จั่นมะพร้าว.
กาบเขียง	๒๕๕๔	ส่วนที่หุ้มจั่นหมากจั่นมะพร้าว.
กาบเดียว	๒๕๔๒	น. ชื่อเรียกหอยในชั้น Gastropoda มีเปลือกต่อกันเป็นชิ้นเดียวโดยเวียนเป็นวงซ้อนกัน และมีช่องให้ตัวหอยโผล่ออกมาจากเปลือกได้.
กาบเดียว	๒๕๕๔	ชื่อเรียกหอยชั้น Gastropoda เปลือกหุ้มตัวต่อกันเป็นชิ้นเดียว โดยม้วนเป็นวงซ้อนกัน และมีช่องให้หอยยื่นตีนออกมาจากเปลือกได้ เช่น หอยสังข์ หอยโข่ง หอยขม.
กาบเดี่ยว	๒๕๕๔	ชื่อเรียกหอยชั้น Gastropoda เปลือกหุ้มตัวต่อกันเป็นชิ้นเดียว โดยม้วนเป็นวงซ้อนกัน และมีช่องให้หอยยื่นตีนออกมาจากเปลือกได้ เช่น หอยสังข์ หอยโข่ง หอยขม.
กาฝาก	๒๕๔๒	น. ชื่อพืชเบียนหลายชนิดในหลายวงศ์ที่อาศัยเกาะดูดนํ้าและแร่ธาตุ หรือสารอาหารที่สังเคราะห์แล้วจากพรรณไม้อื่น ส่วนใหญ่มักใช้เรียกไม้พุ่มที่อาศัยเกาะเบียนไม้ต้นชนิดต่าง&#160;ๆ ในวงศ์ Loranthaceae, Santalaceae และ Viscaceae.
กาฝาก	๒๕๕๔	ชื่อพืชเบียนหลายชนิดในหลายวงศ์ที่อาศัยเกาะดูดนํ้าและแร่ธาตุ หรือสารอาหารที่สังเคราะห์แล้วจากพรรณไม้ที่อาศัย ส่วนใหญ่มักใช้เรียกไม้พุ่มที่อาศัยเกาะเบียนไม้ต้นชนิดต่างๆ ในวงศ์ Loranthaceae, Santalaceae และ Viscaceae.
กาพย์	๒๕๔๒	น. คําร้อยกรองประเภทหนึ่ง มีหลายชนิด เช่น กาพย์ฉบัง กาพย์สุรางคนางค์ กาพย์ยานี กาพย์ขับไม้. (ส. กาวฺย).
กาพย์	๒๕๕๔	คำร้อยกรองประเภทหนึ่ง มีหลายชนิด เช่น กาพย์ฉบัง กาพย์สุรางคนางค์ กาพย์ยานี กาพย์ขับไม้.
กาพย์กลอน	๒๕๔๒	น. คําร้อยกรอง.
กาพย์กลอน	๒๕๕๔	คำร้อยกรอง.
กาฟักไข่	๒๕๔๒	น. ชื่อการเล่นอย่างหนึ่ง ผู้เล่นหาไม้หรือของอื่นมาคนละชิ้นสมมุติเป็นไข่ มอบให้แก่ผู้ที่ถูกจับสลาก สมมุติเป็นกา ผู้เป็นการักษาสิ่งนั้นไว้ในวงเขตที่กําหนด ผู้เล่นนอกนั้นคอยลักไข่.
กาฟักไข่	๒๕๕๔	ชื่อการเล่นอย่างหนึ่ง ผู้เล่นหาไม้หรือของอื่นมาคนละชิ้นสมมุติเป็นไข่ มอบให้แก่ผู้ที่ถูกจับสลากสมมุติเป็นกา ผู้เป็นการักษาสิ่งนั้นไว้ในวงเขตที่กำหนด ผู้เล่นนอกนั้นคอยลักไข่.
กาม	๒๕๔๒	[กามมะ-] น. ความใคร่, ความใคร่ทางเมถุน. (ป., ส.).
กาม	๒๕๕๔	ความใคร่, ความใคร่ทางเมถุน.
กาม-	๒๕๕๔	ความใคร่, ความใคร่ทางเมถุน.
กามกรีฑา	๒๕๔๒	น. ชั้นเชิงในทางกาม. (ส.).
กามกรีฑา	๒๕๕๔	ชั้นเชิงในทางกาม.
กามกิจ	๒๕๔๒	น. การร่วมประเวณี.
กามกิจ	๒๕๕๔	การร่วมประเวณี.
กามคุณ	๒๕๔๒	น. สิ่งที่น่าปรารถนามี ๕ ประการ คือ รูป เสียง กลิ่น รส สัมผัส; ความปรารถนาในเมถุน. (ป., ส.).
กามคุณ	๒๕๕๔	สิ่งที่น่าปรารถนา มี ๕ ประการ คือ รูป เสียง กลิ่น รส สัมผัส
กามฉันท์	๒๕๔๒	น. ความพอใจในกามคุณทั้ง ๕. (ป.).
กามฉันท์	๒๕๕๔	ความพอใจในกามคุณทั้ง ๕.
กามตัณหา	๒๕๔๒	น. ความอยากในกามคุณทั้ง ๕. (ป.).
กามตัณหา	๒๕๕๔	ความอยากในกามคุณทั้ง ๕.
กามท	๒๕๔๒	[กามมะทะ-] ว. ผู้ให้ตามที่ปรารถนา เช่น หนึ่งโสดกามทราช จักประพาศยลราชี ตามวิถีแนวไม้ไพรระเรียง. (ม. คําหลวง หิมพานต์). (ป., ส.).
กามท-	๒๕๕๔	การให้ตามที่ปรารถนา, ผู้ให้สิ่งที่น่าปรารถนา เช่น หนึ่งโสดกามทราช จักประพาศยลราชี ตามวิถีแนวไม้ไพรระเรียง (ม. คำหลวง หิมพานต์).
กามทท	๒๕๕๔	การให้ตามที่ปรารถนา, ผู้ให้สิ่งที่น่าปรารถนา เช่น หนึ่งโสดกามทราช จักประพาศยลราชี ตามวิถีแนวไม้ไพรระเรียง (ม. คำหลวง หิมพานต์).
กามน	๒๕๔๒	[กา-มน] ว. เต็มไปด้วยกาม เช่น ฤๅโฉมพระศรีศริ อภิลาศกามน. (สุธน). (ป., ส.).
กามน	๒๕๕๔	เต็มไปด้วยกาม เช่น ฤๅโฉมพระศรีศริ อภิลาศกามน
กามภพ	๒๕๔๒	น. ที่เกิดของผู้ที่ยังเกี่ยวด้วยกาม, โลกเป็นที่อยู่อาศัยของผู้เสพกาม ได้แก่ อบายภูมิ ๔ (นรกภูมิ ติรัจฉานภูมิ เปรตวิสัยภูมิ อสุรกายภูมิ) มนุษยโลก ๑ และสวรรค์ ๖ ชั้น (จาตุมหาราชิกหรือจาตุมหาราชิกา ดาวดึงส์ ยามา ดุสิต นิมมานนรดี ปรนิมมิตวสวัตดี) รวมเป็น ๑๑, กามภูมิ ก็ว่า. (ป.).
กามภพ	๒๕๕๔	ที่เกิดของผู้ที่ยังเกี่ยวด้วยกาม, โลกเป็นที่อยู่อาศัยของผู้เสพกาม ได้แก่ อบายภูมิ ๔ (นรกภูมิ ติรัจฉานภูมิ เปรตวิสัยภูมิ อสุรกายภูมิ) มนุษยโลก ๑ และสวรรค์ ๖ ชั้น (จาตุมหาราชิกหรือจาตุมหาราชิกา ดาวดึงส์ ยามา ดุสิต นิมมานนรดี ปรนิมมิตวสวัตดี) รวมเป็น ๑๑, กามภูมิ ก็ว่า.
กามราค	๒๕๔๒	[กามมะราก, กามมะ-] น. ความกําหนัดในกาม. (ป., ส.).
กามราค	๒๕๕๔	ความกำหนัดในกาม.
กามราคะ	๒๕๕๔	ความกำหนัดในกาม.
กามวิตก	๒๕๔๒	น. ความครุ่นคิดในกาม, ความคิดคำนึงในทางกาม. (ป.).
กามวิตก	๒๕๕๔	ความครุ่นคิดในกาม, ความคิดคำนึงในทางกาม (ป.).
กามวิตถาร	๒๕๔๒	[กามวิดถาน] น. การประกอบกามกิจที่ผิดปรกติวิสัย เช่น รักร่วมเพศ, การทรมานตนหรือผู้อื่นก่อนหรือในระหว่างร่วมเพศ.<2t>ว. ผิดปรกติทางเพศเช่นนั้น.
กามวิตถาร	๒๕๕๔	การประกอบกามกิจที่ผิดปรกติวิสัย เช่น รักร่วมเพศ, การทรมานตนหรือผู้อื่นก่อนหรือในระหว่างร่วมเพศ.
กามสมังคี	๒๕๔๒	ว. พร้อมด้วยกามคุณ เช่น เสด็จเสวยอุฬาริกราชกามสมังคีศรีสุขุมสุข. (ม. ร่ายยาว นครกัณฑ์). (ป. กาม + สมงฺคี = มีความพร้อมเพรียง).
กามสมังคี	๒๕๕๔	พร้อมด้วยกามคุณ เช่น เสด็จเสวยอุฬาริกราชกามสมังคีศรีสุขุมสุข (ม. ร่ายยาว นครกัณฑ์).
กามัช	๒๕๔๒	ว. เกิดแต่กาม. (ป., ส.).
กามัช	๒๕๕๔	เกิดแต่กาม.
กามา	๒๕๔๒	(กลอน) น. กาม เช่น เข้าแต่หอล่อกามา. (มูลบท).
กามา	๒๕๕๔	กาม เช่น เข้าแต่หอล่อกามา
กามาทีนพ	๒๕๔๒	น. โทษแห่งกาม. (ป. กาม + อาทีนว).
กามาทีนพ	๒๕๕๔	โทษแห่งกาม.(ป. กาม + อาทีนว).
กามาพจร	๒๕๔๒	ว. ที่ยังข้องอยู่ในกาม, ที่ท่องเที่ยวอยู่ในกามภพ. (ป. กาม + อวจร).
กามาพจร	๒๕๕๔	ที่ยังติดอยู่ในกาม, ที่ท่องเที่ยวอยู่ในกามภพ.
กามามิศ	๒๕๔๒	น. อามิสคือกาม เช่น ฝ่ายเจ้าช้างจงจม ตมเปือกกามามิศ. (ม. คําหลวง ทานกัณฑ์). (ป. กาม + ส. อามิษ).
กามามิศ	๒๕๕๔	อามิสคือกาม เช่น ฝ่ายเจ้าช้างจงจม ตมเปือกกามามิศ (ม. คำหลวง ทานกัณฑ์).
กามารมณ์	๒๕๔๒	น. กามคุณ, อารมณ์ที่น่าใคร่. (ป. กาม + อารฺมณ).
กามารมณ์	๒๕๕๔	กามคุณ, อารมณ์ที่น่าใคร่.
กามาวจร	๒๕๕๔	ที่ยังติดอยู่ในกาม, ที่ท่องเที่ยวอยู่ในกามภพ.
กามินี	๒๕๔๒	น. หญิง เช่น จงกามินีปน รสร่วม กันนา. (ลอ). (ป. ว่า หญิงมีความใคร่).
กามินี	๒๕๕๔	หญิง เช่น จงกามินีปน รสร่วม กันนา
กามิศ	๒๕๔๒	ว. เต็มไปด้วยกาม เช่น ชงครากามิศน้อง ยังยังติดแม่. (ทวาทศมาส), โกมลมิ่งโกมุท กาเมศ เรียมเอย. (ทวาทศมาส).
กามิศ	๒๕๕๔	เต็มไปด้วยกาม เช่น ชงครากามิศน้อง ยังยังติดแม่ (ทวาทศมาส), โกมลมิ่งโกมุท กาเมศ เรียมเอย (ทวาทศมาส).
กามเทพ	๒๕๔๒	น. เทพเจ้าแห่งความรัก. (ป.).
กามเทพ	๒๕๕๔	เทพเจ้าแห่งความรัก.
กามโรค	๒๕๔๒	น. โรคซึ่งติดต่อกันได้โดยการประกอบกามกิจหรือติดต่อกันโดยใช้สิ่งของร่วมกับคนเป็นกามโรคเป็นต้น, เรียกเป็นสามัญว่า โรคบุรุษ หรือ โรคผู้หญิง.
กามโรค	๒๕๕๔	โรคซึ่งติดต่อกันได้โดยการประกอบกามกิจหรือติดต่อกันโดยใช้สิ่งของร่วมกับคนเป็นกามโรคเป็นต้น, เรียกเป็นสามัญว่า โรคบุรุษ หรือ โรคผู้หญิง.
กาย	๒๕๔๒	[กายยะ-] น. ตัว เช่น ไม่มีผ้าพันกาย, และมักใช้เข้าคู่กับคํา ร่าง เป็น ร่างกาย, ใช้เป็นส่วนท้ายของสมาส หมายความว่า หมู่, พวก, เช่น พลกาย = หมู่ทหาร. (ป., ส.).
กาย	๒๕๕๔	ตัว เช่น ไม่มีผ้าพันกาย, มักใช้เข้าคู่กับคำ ร่าง เป็น ร่างกาย, ใช้เป็นส่วนท้ายของสมาส หมายความว่า หมู่, พวก, เช่น พลกาย = หมู่ทหาร.
กาย-	๒๕๕๔	ตัว เช่น ไม่มีผ้าพันกาย, มักใช้เข้าคู่กับคำ ร่าง เป็น ร่างกาย, ใช้เป็นส่วนท้ายของสมาส หมายความว่า หมู่, พวก, เช่น พลกาย = หมู่ทหาร.
กายกรรม	๒๕๔๒	น. การทําทางกาย; การดัดตนเพื่อให้ร่างกายแข็งแรง, การเล่นห้อยโหนโยนตัวเป็นต้น. (ส. กาย + กรฺม; ป. กาย + กมฺม).
กายกรรม	๒๕๕๔	การทำทางกาย
กายทวาร	๒๕๔๒	น. ทางกาย. (ป., ส. กาย + ทฺวาร).
กายทวาร	๒๕๕๔	ทางกาย.
กายทุจริต	๒๕๔๒	[กายยะทุดจะหฺริด] น. ความประพฤติชั่วทางกาย ได้แก่ การฆ่าสัตว์ ๑ การลักทรัพย์ ๑ การประพฤติผิดในกาม ๑.
กายทุจริต	๒๕๕๔	ความประพฤติชั่วทางกาย ได้แก่ การฆ่าสัตว์ ๑ การลักทรัพย์ ๑ การประพฤติผิดในกาม ๑.
กายบริหาร	๒๕๔๒	[กายบอริหาน] น. การบริหารร่างกาย, การออกกำลังกาย.
กายบริหาร	๒๕๕๔	การบริหารร่างกาย, การออกกำลังกาย.
กายพันธน์	๒๕๔๒	น. เครื่องรัดตัว คือ รัดประคด. (ป., ส.).
กายพันธน์	๒๕๕๔	เครื่องรัดตัว คือ รัดประคด.
กายภาพ	๒๕๔๒	ว. เกี่ยวกับสิ่งที่ไม่มีชีวิต, เกี่ยวกับสสารและพลังงาน, เช่น วิทยาศาสตร์กายภาพ (physical science) ศึกษาเกี่ยวกับสสารและพลังงาน; เกี่ยวกับลักษณะตามธรรมชาติของโลก เช่น ภูมิศาสตร์กายภาพ (physical geography) ศึกษาเกี่ยวกับธรรมชาติของผิวดิน บรรยากาศ อากาศ พืช และสัตว์ในถิ่นต่าง&#160;ๆ.
กายภาพ	๒๕๕๔	เกี่ยวกับสิ่งที่ไม่มีชีวิต, เกี่ยวกับสสารและพลังงาน, เช่น วิทยาศาสตร์กายภาพ ศึกษาเกี่ยวกับสสารและพลังงาน
กายภาพบำบัด	๒๕๔๒	น. การรักษาโรคโดยอาศัยวิธีการทางฟิสิกส์แทนการใช้ยา เช่น โดยการนวด การฉายรังสี การใช้กระแสไฟฟ้า การใช้กระแสนํ้า ความร้อน หรือการออกกําลังกาย. (อ. physical therapy).
กายภาพบำบัด	๒๕๕๔	การบำบัด ป้องกัน แก้ไข และฟื้นฟูความบกพร่องของร่างกายที่เกิดเนื่องจากภาวะของโรคหรือการเคลื่อนไหวที่ไม่ปรกติ.
กายวิภาคศาสตร์	๒๕๔๒	[-วิพากคะสาด] น. วิทยาศาสตร์การแพทย์สาขาหนึ่ง ว่าด้วยเรื่องโครงสร้างของร่างกายโดยศึกษาเป็นส่วน&#160;ๆ. (อ. anatomy).
กายวิภาคศาสตร์	๒๕๕๔	วิทยาศาสตร์การแพทย์สาขาหนึ่ง ว่าด้วยเรื่องโครงสร้างของร่างกายโดยศึกษาเป็นส่วนๆ.
กายสิทธิ์	๒๕๔๒	ว. มีฤทธิ์เดชต่าง&#160;ๆ อยู่ในตัว.
กายสิทธิ์	๒๕๕๔	มีฤทธิ์เดชต่างๆ อยู่ในตัว.
กายสุจริต	๒๕๔๒	[กายยะสุดจะหฺริด] น. ความประพฤติชอบทางกาย ได้แก่ การไม่ฆ่าสัตว์ ๑ การไม่ลักทรัพย์ ๑ การไม่ประพฤติผิดในกาม ๑.
กายสุจริต	๒๕๕๔	ความประพฤติชอบทางกาย มี ๓ อย่าง ได้แก่ การไม่ฆ่าสัตว์ ๑ การไม่ลักทรัพย์ ๑ การไม่ประพฤติผิดในกาม ๑.
กายาพยพ	๒๕๔๒	[กายาพะยบ] น. ส่วนต่าง&#160;ๆ ของร่างกาย เช่น มือ เท้า. (ป., ส. กาย + อวยว).
กายาพยพ	๒๕๕๔	ส่วนต่างๆ ของร่างกาย เช่น มือ เท้า.
กายินทรีย์	๒๕๔๒	น. ร่างกายซึ่งเป็นใหญ่ในการรับสัมผัส. (ป. กาย + อินฺทฺริย).
กายินทรีย์	๒๕๕๔	ร่างกายซึ่งเป็นใหญ่ในการรับสัมผัส.
การ	๒๕๔๒	น. งาน, สิ่งหรือเรื่องที่ทํา, มักใช้เข้าคู่กับคํา งาน เช่น การงาน เป็นการเป็นงาน ได้การได้งาน, ถ้าอยู่หน้านาม หมายความว่า เรื่อง, ธุระ, หน้าที่, เช่น การบ้าน การครัว การคลัง การเมือง, ถ้าอยู่หน้ากริยา ทํากริยาให้เป็นนาม เช่น การกิน การเดิน.
การ	๒๕๕๔	งาน, สิ่งหรือเรื่องที่ทำ, มักใช้เข้าคู่กับคำ งาน เช่น การงาน เป็นการเป็นงาน ได้การได้งาน, ถ้าอยู่หน้านาม หมายความว่า เรื่อง, ธุระ, หน้าที่, เช่น การบ้าน การครัว การคลัง การเมือง, ถ้าอยู่หน้ากริยา ทำกริยาให้เป็นนาม เช่น การกิน การเดิน.
การก	๒๕๔๒	[กา-รก] น. ผู้ทํา. (ไว) ก. กริยาที่ทําหน้าที่ประธาน กรรม หรือส่วนขยายของประโยคที่คล้ายกับนาม มี ๕ ชนิด คือ กรรตุการก กรรมการก การิตการก วิกัติการก และวิเศษณการก. (ป., ส.).
การก	๒๕๕๔	ผู้ทำ.
การกลั่นทำลาย	๒๕๔๒	น. กรรมวิธีที่ให้ความร้อนสูงแก่สารอินทรีย์โดยไม่ให้อากาศเข้า เพื่อให้เกิดการเปลี่ยนแปลงทางเคมีขึ้นแก่สารนั้น ให้ผลเป็นสารที่ระเหยได้และแยกตัวออกมา เช่น การกลั่นทําลายขี้เลื่อย ให้ผลเป็นเมทิลแอลกอฮอล์ กรดนํ้าส้ม และสารอื่นอีก, การกลั่นทําลายถ่านหิน ให้ผลเป็นแก๊สถ่านหินที่ใช้เป็นเชื้อเพลิงได้ นํ้ามันเบนซิน ลูกเหม็นกันแมลงสาบ และสารอื่นที่มีประโยชน์อีกมาก กากที่เหลือเรียกว่า ถ่านโค้ก. (อ. destructive distillation).
การกลั่นทำลาย	๒๕๕๔	กรรมวิธีที่ให้ความร้อนสูงแก่สารอินทรีย์โดยไม่ให้อากาศเข้า เพื่อให้เกิดการเปลี่ยนแปลงทางเคมีขึ้นแก่สารนั้น ให้ผลเป็นสารที่ระเหยได้และแยกตัวออกมา เช่น การกลั่นทำลายขี้เลื่อย ให้ผลเป็นเมทิลแอลกอฮอล์ กรดนํ้าส้ม และสารอื่นอีก, การกลั่นทำลายถ่านหิน ให้ผลเป็นแก๊สถ่านหินที่ใช้เป็นเชื้อเพลิงได้ นํ้ามันเบนซิน ลูกเหม็นกันแมลงสาบ และสารอื่นที่มีประโยชน์อีกมาก กากที่เหลือเรียกว่า ถ่านโค้ก.
การก่อวินาศกรรม	๒๕๕๔	การกระทำใด ๆ อันเป็นการมุ่งทำลายทรัพย์สินของประชาชนหรือของรัฐ หรือสิ่งอันเป็นสาธารณูปโภค หรือการรบกวนขัดขวางหน่วงเหนี่ยวระบบการปฏิบัติงานใด ๆ ตลอดจนการประทุษร้ายต่อบุคคลอันเป็นการก่อให้เกิดความปั่นป่วนทางการเมืองการเศรษฐกิจและสังคมแห่งชาติ โดยมุ่งหมายที่จะก่อให้เกิดความเสียหายต่อความมั่นคงของรัฐ.
การขนส่งมวลชน	๒๕๔๒	น. ระบบการขนส่งผู้โดยสารครั้งละมาก&#160;ๆ.
การขนส่งมวลชน	๒๕๕๔	ระบบการขนส่งผู้โดยสารครั้งละมากๆ.
การครัว	๒๕๔๒	น. การหุงหาอาหาร.
การครัว	๒๕๕๔	การหุงหาอาหาร.
การคลัง	๒๕๔๒	น. การจัดการเงิน, การคลังแผ่นดิน หรือ การคลังสาธารณะ คือ การจัดการเงินของประเทศ, การคลังเอกชน คือ การจัดการเงินของบุคคล เช่น บริษัท; ชื่อกระทรวงที่มีอํานาจหน้าที่เกี่ยวกับการเงินแผ่นดิน ภาษีอากร การรัษฎากร กิจการเกี่ยวกับที่ราชพัสดุ กิจการอันกฎหมายบัญญัติให้เป็นการผูกขาดของรัฐ กิจการหารายได้ ซึ่งรัฐมีอํานาจดําเนินการได้แต่ผู้เดียวตามกฎหมาย และไม่อยู่ในอํานาจหน้าที่ของกระทรวง ทบวง กรมอื่น และกิจการซึ่งจะเป็นสัญญาผูกพันต่อเมื่อรัฐบาลได้ให้อํานาจหรือให้สัตยาบัน รวมทั้งการคํ้าประกันหนี้ของส่วนราชการ องค์การของรัฐ สถาบันการเงิน และรัฐวิสาหกิจ.
การคลัง	๒๕๕๔	การจัดการเงิน, การคลังแผ่นดิน หรือ การคลังสาธารณะ คือ การจัดการเงินของประเทศ, การคลังเอกชน คือ การจัดการเงินของบุคคล เช่น บริษัท
การจร	๒๕๔๒	น. งานซึ่งไม่ได้ทําเป็นประจําหรือที่คาดไม่ถึง.
การจร	๒๕๕๔	งานซึ่งไม่ได้ทำเป็นประจำหรือที่คาดไม่ถึง.
การจัดรูปที่ดิน	๒๕๕๔	การดำเนินงานพัฒนาที่ดินที่ใช้เพื่อเกษตรกรรมให้สมบูรณ์ทั่วถึงที่ดินทุกแปลงเพื่อเพิ่มผลผลิตและลดต้นทุนการผลิต โดยทำการรวบรวมที่ดินหลายแปลงในบริเวณเดียวกัน เพื่อวางผังจัดรูปที่ดินเสียใหม่และสร้างสิ่งอำนวยความสะดวกและพัฒนาที่ดินนั้น.
การจัดรูปที่ดินเพื่อพัฒนาพื้นที่	๒๕๕๔	การดำเนินการพัฒนาที่ดินหลายแปลงโดยการวางผังจัดรูปที่ดินใหม่ ปรับปรุงหรือจัดสร้างโครงสร้างพื้นฐาน และการร่วมรับภาระและกระจายผลตอบแทนอย่างเป็นธรรม ทั้งนี้ โดยความร่วมมือระหว่างเอกชนกับเอกชนหรือเอกชนกับรัฐ เพื่อให้เกิดการใช้ประโยชน์ในที่ดินที่เหมาะสมยิ่งขึ้นในด้านต่าง ๆ.
การจัดสรรที่ดิน	๒๕๕๔	การจำหน่ายที่ดินที่ได้แบ่งเป็นแปลงย่อยรวมกันตั้งแต่สิบแปลงขึ้นไป ไม่ว่าจะเป็นการแบ่งจากที่ดินแปลงเดียวหรือแบ่งจากที่ดินหลายแปลงที่มีพื้นที่ติดต่อกัน โดยได้รับทรัพย์สินหรือประโยชน์เป็นค่าตอบแทน และให้หมายความรวมถึงการดำเนินการดังกล่าวที่ได้มีการแบ่งที่ดินเป็นแปลงย่อยไว้ไม่ถึงสิบแปลงและต่อมาได้แบ่งที่ดินแปลงเดิมเพิ่มเติมภายในสามปี เมื่อรวมกันแล้วมีจำนวนตั้งแต่สิบแปลงขึ้นไปด้วย.
การฌาปนกิจสงเคราะห์	๒๕๕๔	กิจการที่บุคคลหลายคนตกลงเข้าร่วมกันเพื่อทำการสงเคราะห์ซึ่งกันและกันในการจัดการศพ หรือจัดการศพและสงเคราะห์ครอบครัวของบุคคลใดบุคคลหนึ่งที่ตกลงเข้าร่วมกันนั้นซึ่งถึงแก่ความตาย และมิได้ประสงค์จะหากำไรหรือรายได้เพื่อแบ่งปันกัน.
การณ์	๒๕๔๒	[กาน] น. เหตุ, เค้า, มูล, เช่น รู้เท่าไม่ถึงการณ์ สังเกตการณ์. (ป., ส.).
การณ์	๒๕๕๔	เหตุ, เค้า, มูล, เช่น รู้เท่าไม่ถึงการณ์ สังเกตการณ์.
การตายโดยผิดธรรมชาติ	๒๕๕๔	การที่บุคคลถึงแก่ความตายด้วยเหตุอย่างใดอย่างหนึ่งดังต่อไปนี้ (๑) ฆ่าตัวตาย (๒) ถูกผู้อื่นทำให้ตาย (๓) ถูกสัตว์ทำร้ายตาย (๔) ตายโดยอุบัติเหตุ (๕) ตายโดยยังมิปรากฏเหตุ.
การต่างประเทศ	๒๕๔๒	น. ชื่อกระทรวงที่มีอํานาจหน้าที่เกี่ยวกับราชการต่างประเทศ.
การต่างประเทศ	๒๕๕๔	ชื่อกระทรวงที่มีอำนาจหน้าที่เกี่ยวกับราชการต่างประเทศ.
การทะเบียนราษฎร	๒๕๔๒	(กฎ) น. งานทะเบียนต่าง&#160;ๆ ตามกฎหมายว่าด้วยการทะเบียนราษฎร เช่น ทะเบียนบ้าน ทะเบียนคนเกิด ทะเบียนคนตาย รวมทั้งการจัดเก็บข้อมูลทะเบียนประวัติราษฎร.
การทะเบียนราษฎร	๒๕๕๔	งานทะเบียนต่างๆ ตามพระราชบัญญัติการทะเบียนราษฎร รวมทั้งการจัดเก็บข้อมูลทะเบียนประวัติราษฎร.
การนำ	๒๕๔๒	(ไฟฟ้า) น. การเคลื่อนที่ของกระแสไฟฟ้าผ่านตัวนําหรือฉนวน; (ความร้อน) การส่งถ่ายพลังงานความร้อนผ่านเทหวัตถุโดยวิธีการซึ่งโมเลกุลของเทหวัตถุนั้นกระทบกระแทกกันเนื่องจากโมเลกุลสั่นสะเทือนอย่างรวดเร็วมาก.
การนำ	๒๕๕๔	การเคลื่อนที่ของกระแสไฟฟ้าผ่านตัวนำหรือฉนวน
การบุเรียน	๒๕๔๒	(โบ) น. การเปรียญ.
การบุเรียน	๒๕๕๔	การเปรียญ.
การบูร	๒๕๔๒	[การะบูน] น. ชื่อไม้ต้นชนิด Cinnamomum camphora (L.) J.S. Presl ในวงศ์ Lauraceae เนื้อไม้มีสารสีขาว กลิ่นฉุนร้อน ซึ่งกลั่นแยกออกมาได้ เรียกว่า การบูร หรือ กรบูร ใช้ทํายา. (ส. กฺรบูร).
การบูร	๒๕๕๔	ชื่อไม้ต้นชนิด Cinnamomum camphora (L.) J. Presl ในวงศ์ Lauraceae เนื้อไม้มีสารสีขาว กลิ่นฉุนร้อน ซึ่งกลั่นแยกออกมาได้ เรียกว่า การบูร หรือ กรบูร ใช้ทำยา.
การบูรป่า	๒๕๔๒	น. ชื่อไม้ล้มลุกชนิด Adenosma indiana (Lour.) Merr. ในวงศ์ Scrophulariaceae ขึ้นตามป่าเบญจพรรณทั่วไป ต้นสูงประมาณ ๓๐ เซนติเมตร ใบเดี่ยวออกตรงข้ามกัน ขอบใบจักถี่ ใบมีกลิ่นคล้ายกลิ่นใบกะเพรา โหระพา แต่อ่อนกว่า ดอกเล็ก สีม่วงออกเป็นช่อเรียวยาวตามง่ามใบและที่ปลายยอด, กระต่ายจาม ข้าวคํา หรือ พริกกระต่าย ก็เรียก.
การบูรป่า	๒๕๕๔	ชื่อไม้ล้มลุกชนิด Adenosma indiana (Lour.) Merr. ในวงศ์ Scrophulariaceae ขึ้นตามป่าเต็งรัง ต้นสูงประมาณ ๓๐ เซนติเมตร ใบเดี่ยวออกตรงข้ามกัน ขอบใบจักถี่ ใบมีกลิ่นคล้ายกลิ่นใบกะเพรา โหระพา แต่อ่อนกว่า ดอกเล็กสีม่วง ออกเป็นช่อเรียวยาวตามง่ามใบและที่ปลายยอด, กระต่ายจาม ข้าวคำ หรือ พริกกระต่าย ก็เรียก.
การบ้าน	๒๕๔๒	น. งานที่ครูกําหนดให้นักเรียนไปทําที่บ้าน (เฉพาะโรงเรียน), งานที่เกี่ยวกับบ้าน, มักใช้เข้าคู่กับคําอื่น เช่น การบ้านการเมือง การบ้านการเรือน.
การบ้าน	๒๕๕๔	งานที่ครูกำหนดให้นักเรียนไปทำที่บ้าน, งานที่เกี่ยวกับบ้าน, มักใช้เข้าคู่กับคำอื่น เช่น การบ้านการเมือง การบ้านการเรือน.
การบ้านการเมือง	๒๕๔๒	น. กิจการบ้านเมืองทั่ว&#160;ๆ ไป.
การบ้านการเมือง	๒๕๕๔	กิจการบ้านเมืองทั่วๆ ไป.
การบ้านการเรือน	๒๕๔๒	ดู การเรือน.
การบ้านการเรือน	๒๕๕๔	ดู การเรือน.
การปฏิรูปที่ดินเพื่อเกษตรกรรม	๒๕๕๔	การปรับปรุงเกี่ยวกับสิทธิ และการถือครองในที่ดินเพื่อเกษตรกรรม รวมตลอดถึงการจัดที่อยู่อาศัยในที่ดินเพื่อเกษตรกรรมนั้น โดยรัฐนำที่ดินของรัฐ หรือที่ดินที่รัฐจัดซื้อหรือเวนคืนมาจัดให้แก่เกษตรกรผู้ยากจน โดยรัฐให้ความช่วยเหลือในการพัฒนาอาชีพเกษตรกรรม.
การประกอบโรคศิลปะ	๒๕๔๒	(กฎ) น. การประกอบวิชาชีพที่กระทำหรือมุ่งหมายจะกระทำต่อมนุษย์เกี่ยวกับการตรวจโรค การวินิจฉัยโรค การบำบัดโรค การป้องกันโรค การส่งเสริมและการฟื้นฟูสุขภาพ การผดุงครรภ์ แต่ไม่รวมถึงการประกอบวิชาชีพทางการแพทย์และสาธารณสุขอื่นตามกฎหมายว่าด้วยการนั้น&#160;ๆ.
การประกอบโรคศิลปะ	๒๕๕๔	การประกอบวิชาชีพที่กระทำหรือมุ่งหมายจะกระทำต่อมนุษย์เกี่ยวกับการตรวจโรค การวินิจฉัยโรค การบำบัดโรค การป้องกันโรค การส่งเสริมและการฟื้นฟูสุขภาพ การผดุงครรภ์ แต่ไม่รวมถึงการประกอบวิชาชีพทางการแพทย์และสาธารณสุขอื่นตามกฎหมายว่าด้วยการนั้นๆ.
การประกันภัยต่อ	๒๕๕๔	การที่ผู้รับประกันภัยเอาการเสี่ยงภัยทั้งหมดหรือบางส่วนของความรับผิดตามสัญญาประกันภัยที่ตนรับไว้ ไปเอาประกันภัยไว้กับผู้รับประกันภัยอีกรายหนึ่งหรือหลายราย ซึ่งเรียกว่า ผู้รับประกันภัยต่อ.
การพา	๒๕๔๒	(ความร้อน) น. การส่งถ่ายพลังงานความร้อนผ่านของเหลวหรือแก๊สโดยวิธีการซึ่งโมเลกุลของของเหลวหรือแก๊สเคลื่อนที่ไป.
การพา	๒๕๕๔	การส่งถ่ายพลังงานความร้อนผ่านของเหลวหรือแก๊สโดยวิธีการซึ่งโมเลกุลของของเหลวหรือแก๊สเคลื่อนที่ไป.
การพาณิชยนาวี	๒๕๕๔	การขนส่งทางทะเล การประกันภัยทางทะเล การเดินเรือ กิจการอู่เรือ กิจการท่าเรือ และกิจการที่เกี่ยวเนื่องหรือเป็นส่วนประกอบกับกิจการดังกล่าว.
การยุบสภา	๒๕๕๔	น.อำนาจของฝ่ายบริหารในการประกาศให้สภาผู้แทนราษฎรสิ้นสุดลง เพื่อจัดให้มีการเลือกตั้งทั่วไปใหม่ การยุบสภาต้องตราเป็นพระราชกฤษฎีกา.
การย์	๒๕๔๒	[กาน] (แบบ) น. หน้าที่, กิจ, ธุระ, งาน. (ส.).
การย์	๒๕๕๔	หน้าที่, กิจ, ธุระ, งาน.
การละเล่น	๒๕๔๒	น. มหรสพต่าง&#160;ๆ, การแสดงต่าง&#160;ๆ เพื่อความสนุกสนานรื่นเริง.
การละเล่น	๒๕๕๔	มหรสพต่างๆ, การแสดงต่างๆ เพื่อความสนุกสนานรื่นเริง.
การวิก	๒๕๔๒	[การะวิก] น. นกการเวก เช่น การวิกรวังวนกุณาล พเพรียกพร้องกระแสงใส. (สมุทรโฆษ). (ป. กรวีก; ส. กรวีก, กลวิงฺก).
การวิก	๒๕๕๔	นกการเวก เช่น การวิกรวังวนกุณาล พเพรียกพร้องกระแสงใส
การสมรส	๒๕๕๔	การแต่งงานที่จดทะเบียนสมรสแล้ว.
การสื่อสาร	๒๕๔๒	น. วิธีการนำถ้อยคำ ข้อความ หรือหนังสือเป็นต้น จากบุคคลหนึ่งหรือสถานที่หนึ่งไปยังอีกบุคคลหนึ่งหรืออีกสถานที่หนึ่ง.
การสื่อสาร	๒๕๕๔	วิธีการนำถ้อยคำ ข้อความ หรือหนังสือ เป็นต้น จากบุคคลหนึ่งหรือสถานที่หนึ่งไปยังอีกบุคคลหนึ่งหรืออีกสถานที่หนึ่ง.
การออกเสียงประชามติ	๒๕๕๔	การขอความเห็นชอบจากประชาชนผู้มีสิทธิเลือกตั้ง ในเรื่องใดเรื่องหนึ่งที่อาจกระทบถึงประโยชน์ส่วนได้เสียของประเทศชาติหรือประชาชน โดยวิธีการให้ออกเสียงลงมติโดยตรง.
การะบุหนิง	๒๕๔๒	น. ดอกแก้ว. (ช.).
การะบุหนิง	๒๕๕๔	ดอกแก้ว.
การะเกด	๒๕๔๒	น. ชื่อไม้พุ่มเพศผู้ชนิด Pandanus tectorius Blume ในวงศ์ Pandanaceae มักขึ้นในที่ชื้นแฉะและริมนํ้า ใบแคบและยาว ขอบใบมีหนามห่าง&#160;ๆ ดอกสีเหลือง กลิ่นหอม, ลําเจียกหนู ก็เรียก.
การะเกด	๒๕๕๔	ชื่อไม้พุ่มเพศผู้ชนิด Pandanus tectorius Parkinson ex Du Roi ในวงศ์ Pandanaceae มักขึ้นในที่ชื้นแฉะและริมนํ้า ใบแคบและยาว ขอบใบมีหนามห่างๆ ดอกสีเหลือง กลิ่นหอม, ลำเจียกหนู ก็เรียก.
การัณย์	๒๕๔๒	[การัน] น. กรณีย์, กิจ, เช่น ชี้แจงแถลงเรื่องการัณย์ ส่งคชสำคัญ ทั้งหมอแลควาญมาถวาย. (ดุษฎีสังเวย).
การัณย์	๒๕๕๔	กรณีย์, กิจ, เช่น ชี้แจงแถลงเรื่องการัณย์ ส่งคชสำคัญ ทั้งหมอแลควาญมาถวาย
การันต์	๒๕๔๒	[การัน] น. &#147;ที่สุดอักษร&#148;, ตัวอักษรที่ไม่ออกเสียง ซึ่งมีไม้ทัณฑฆาตกํากับไว้ เช่นตัว &#147;ต์&#148; ในคําว่า &#147;การันต์&#148;, (ปาก) เรียกตัวอักษรที่มีไม้ทัณฑฆาตกำกับ เช่น ล์ ว่า ล การันต์ ค์ ว่า ค การันต์.
การันต์	๒๕๕๔	“ที่สุดอักษร”, ตัวอักษรที่ไม่ออกเสียง ซึ่งมีไม้ทัณฑฆาตกำกับไว้ เช่นตัว “ต์” ในคำว่า “การันต์”, (ปาก) เรียกตัวอักษรที่มีไม้ทัณฑฆาตกำกับ เช่น ล์ ว่า ล การันต์ ค์ ว่า ค การันต์.
การางหัวขวาน	๒๕๔๒	ดู กะรางหัวขวาน.
การางหัวขวาน	๒๕๕๔	ดู กะราง, กะลาง.
การิตการก	๒๕๔๒	[การิดตะ-] (ไว) น. ผู้ถูกใช้ให้ทํา, เป็นประธานของประโยค เรียงไว้หน้ากริยา &#147;ถูก-ให้&#148; เช่น คนงานถูกนายจ้างให้ทํางานทั้งกลางวันและกลางคืน, ถ้ามิได้เป็นประธานก็เรียงไว้หลังบุรพบท &#147;ยัง&#148; หรือกริยานุเคราะห์ &#147;ให้&#148; เช่น นายจ้างยังลูกจ้างให้ทํางาน นายจ้างให้ลูกจ้างทํางาน.
การิตการก	๒๕๕๔	ผู้ถูกใช้ให้ทำ, เป็นประธานของประโยค เรียงไว้หน้ากริยา “ถูก-ให้” เช่น คนงานถูกนายจ้างให้ทำงานทั้งกลางวันและกลางคืน, ถ้ามิได้เป็นประธานก็เรียงไว้หลังบุรพบท “ยัง” หรือกริยานุเคราะห์ “ให้” เช่น นายจ้างยังลูกจ้างให้ทำงาน นายจ้างให้ลูกจ้างทำงาน.
การิตวาจก	๒๕๔๒	[การิดตะ-] (ไว) ก. กริยาที่บอกว่าประธานเป็นการิตการกหรือผู้รับใช้, กริยาของประโยคที่แสดงว่าประธานทําหน้าที่เป็นการิตการก คือ เป็นผู้ถูกใช้ กริยาของการิตวาจกใช้กริยานุเคราะห์ &#147;ถูก&#148; &#147;ถูก-ให้&#148; หรือ &#147;ถูกให้&#148; เช่น ลูกจ้างถูกนายจ้างให้ทํางาน.
การิตวาจก	๒๕๕๔	กริยาที่บอกว่าประธานเป็นการิตการกหรือผู้รับใช้, กริยาของประโยคที่แสดงว่าประธานทำหน้าที่เป็นการิตการก คือ เป็นผู้ถูกใช้ กริยาของการิตวาจกใช้กริยานุเคราะห์ “ถูก” “ถูก-ให้” หรือ “ถูกให้” เช่น ลูกจ้างถูกนายจ้างให้ทำงาน.
การุญ	๒๕๔๒	[การุน] น. ความกรุณา. (ป., ส.).
การุญ	๒๕๕๔	ความกรุณา.
การุณย์	๒๕๕๔	ความกรุณา.
การเงิน	๒๕๔๒	น. กิจการเกี่ยวกับเงิน, เรื่องเกี่ยวกับเงิน เช่น เดือนนี้การเงินไม่ค่อยดี.
การเงิน	๒๕๕๔	กิจการเกี่ยวกับเงิน, เรื่องเกี่ยวกับเงิน เช่น เดือนนี้การเงินไม่ค่อยดี.
การเต	๒๕๔๒	[กาน-] น. กานดา เช่น ธรณีธรณิศแก้ว<2t>การเต. (ทวาทศมาส).
การเต	๒๕๕๔	กานดา เช่น ธรณีธรณิศแก้ว การเต (ทวาทศมาส).
การเปรียญ	๒๕๔๒	[-ปะเรียน] น. เรียกศาลาวัดสําหรับพระสงฆ์แสดงธรรมว่า ศาลาการเปรียญ.
การเปรียญ	๒๕๕๔	เรียกศาลาวัดสำหรับพระสงฆ์แสดงธรรมว่า ศาลาการเปรียญ.
การเปิดอภิปรายทั่วไป	๒๕๕๔	กลไกที่ฝ่ายนิติบัญญัติใช้ควบคุมฝ่ายบริหาร เช่น การเปิดอภิปรายทั่วไปเพื่อลงมติไม่ไว้วางใจนายกรัฐมนตรี หรือฝ่ายบริหารจะรับฟังความคิดเห็นของฝ่ายนิติบัญญัติ เช่น การเปิดอภิปรายทั่วไปที่คณะรัฐมนตรีร้องขอให้มีขึ้นเพื่อรับฟังความคิดเห็นเรื่องใดเรื่องหนึ่งจากสมาชิกสภา.
การเมือง	๒๕๔๒	น. (๑) งานที่เกี่ยวกับรัฐหรือแผ่นดิน เช่น วิชาการเมือง ได้แก่วิชาว่าด้วยรัฐ การจัดส่วนแห่งรัฐ และการดําเนินการแห่งรัฐ.<2t>(๒) การบริหารประเทศเฉพาะที่เกี่ยวกับนโยบายในการบริหารประเทศ เช่น การเมืองระหว่างประเทศ ได้แก่การดําเนินนโยบายระหว่างประเทศ.<2t>(๓) กิจการอํานวยหรือควบคุมการบริหารราชการแผ่นดิน เช่น ตําแหน่งการเมือง ได้แก่ตําแหน่งซึ่งมีหน้าที่อํานวย (คณะรัฐมนตรี) หรือควบคุม (สภาผู้แทนราษฎร) การบริหารแผ่นดิน.<2t>(ปาก) ว. มีเงื่อนงํา, มีการกระทําอันมีเจตนาอื่นแอบแฝงอยู่, เช่น ป่วยการเมือง.
การเมือง	๒๕๕๔	งานที่เกี่ยวกับรัฐหรือแผ่นดิน เช่น วิชาการเมือง ได้แก่วิชาว่าด้วยรัฐ การจัดส่วนแห่งรัฐ และการดำเนินการแห่งรัฐ.
การเรือน	๒๕๔๒	น. งานของแม่บ้าน เช่น หุงต้มอาหาร เย็บปักถักร้อย, การบ้านการเรือน ก็ว่า.
การเรือน	๒๕๕๔	งานของแม่บ้าน เช่น หุงต้มอาหาร เย็บปักถักร้อย, การบ้านการเรือน ก็ว่า.
การเวก	๒๕๔๒	[การะ-] น. ชื่อนกในเรื่องปรัมปรา เชื่อกันว่ามีอยู่ในป่าหิมพานต์ บินสูงเหนือเมฆ ร้องเพราะ สัตว์ทั้งหลายได้ยินก็หยุดชะงักไป.
การเวก	๒๕๕๔	ชื่อนกในเรื่องปรัมปรา เชื่อกันว่ามีอยู่ในป่าหิมพานต์ บินสูงเหนือเมฆ ร้องเพราะ สัตว์ทั้งหลายได้ยินก็หยุดชะงักไป.
การแผ่รังสี	๒๕๔๒	(ความร้อน) น. การส่งถ่ายพลังงานความร้อนในลักษณะเป็นคลื่นแม่เหล็กไฟฟ้าซึ่งเคลื่อนที่ด้วยความเร็วเท่ากับความเร็วของแสง เมื่อเทหวัตถุใดดูดกลืนคลื่นแม่เหล็กไฟฟ้านั้นไว้ได้ คลื่นแม่เหล็กไฟฟ้าก็จะแปรสภาพเป็นพลังงานความร้อนเป็นผลให้เทหวัตถุนั้นมีอุณหภูมิสูงขึ้นกว่าเดิม.
การแผ่รังสี	๒๕๕๔	การส่งถ่ายพลังงานความร้อนในลักษณะเป็นคลื่นแม่เหล็กไฟฟ้าซึ่งเคลื่อนที่ด้วยความเร็วเท่ากับความเร็วของแสง เมื่อเทหวัตถุใดดูดกลืนคลื่นแม่เหล็กไฟฟ้านั้นไว้ได้ คลื่นแม่เหล็กไฟฟ้าก็จะแปรสภาพเป็นพลังงานความร้อน เป็นผลให้เทหวัตถุนั้นมีอุณหภูมิสูงขึ้นกว่าเดิม.
การไต่สวนมูลฟ้อง	๒๕๕๔	กระบวนไต่สวนของศาลเพื่อวินิจฉัยถึงมูลคดีที่จำเลยต้องหา.
การ์ด	๒๕๔๒	(ปาก) น. บัตรเชิญในโอกาสต่าง&#160;ๆ เช่น การ์ดแต่งงาน การ์ดงานศพ.
การ์ด	๒๕๕๔	บัตรเชิญในโอกาสต่างๆ เช่น การ์ดแต่งงาน การ์ดงานศพ.
การ์ตูน	๒๕๔๒	น. ภาพล้อ, ภาพตลก, บางทีเขียนเป็นภาพบุคคล บางทีเขียนเป็นภาพแสดงเหตุการณ์ที่ผู้เขียนตั้งใจล้อเลียนจะให้ดูรู้สึกขบขัน, หนังสือเล่าเรื่องด้วยภาพเขียน ซึ่งแบ่งหน้ากระดาษเป็นช่อง&#160;ๆ มีคำบรรยายสั้น&#160;ๆ อ่านง่าย เนื้อเรื่องมักเป็นนิทานหรือนวนิยาย.
การ์ตูน	๒๕๕๔	ภาพล้อ, ภาพตลก, บางทีเขียนเป็นภาพบุคคล บางทีเขียนเป็นภาพแสดงเหตุการณ์ที่ผู้เขียนตั้งใจล้อเลียนจะให้ดูรู้สึกขบขัน, หนังสือเล่าเรื่องด้วยภาพเขียน ซึ่งแบ่งหน้ากระดาษเป็นช่องๆ มีคำบรรยายสั้นๆ อ่านง่าย เนื้อเรื่องมักเป็นนิทานหรือนวนิยาย.
กาล	๒๕๔๒	[กาน, กาละ-] น. เวลา, คราว, ครั้ง, หน. (ป., ส.).
กาล	๒๕๕๔	เวลา, คราว, ครั้ง, หน.
กาล-	๒๕๕๔	เวลา, คราว, ครั้ง, หน.
กาลกรรณี	๒๕๔๒	[กาละกันนี, กานละกันนี, กาละกินี, กานละกินี] น. เสนียดจัญไร, ลักษณะที่เป็นอัปมงคล. (ส. กาลกรฺณี; ป. กาลกณฺณี).
กาลกรรณี	๒๕๕๔	เสนียดจัญไร, ลักษณะที่เป็นอัปมงคล.
กาลกิณี	๒๕๕๔	เสนียดจัญไร, ลักษณะที่เป็นอัปมงคล.
กาลกิริยา	๒๕๔๒	[กาละ-, กาน-] น. ความตาย เช่น ถึงซึ่งกาลกิริยา. (ป.).
กาลกิริยา	๒๕๕๔	ความตาย เช่น ถึงซึ่งกาลกิริยา.
กาลจักร	๒๕๔๒	[กาละ-] น. ชื่อพิธีกรรมในลัทธิตันตระ ซึ่งมีข้อปฏิบัติเบื้องต้น ๕ อย่าง คือ ดื่มนํ้าเมา กินเนื้อสัตว์ พรํ่ามนตร์ แสดงท่ายั่วยวน และ เสพเมถุน ซึ่งปฏิบัติในเวลากลางคืนหรือที่มืด, กาฬจักร ก็ว่า. (ส.).
กาลจักร	๒๕๕๔	ชื่อพิธีกรรมในลัทธิตันตระ ซึ่งมีข้อปฏิบัติเบื้องต้น ๕ อย่าง คือ ดื่มนํ้าเมา กินเนื้อสัตว์ พรํ่ามนตร์ แสดงท่ายั่วยวน และเสพเมถุน ซึ่งปฏิบัติในเวลากลางคืนหรือที่มืด, กาฬจักร ก็ว่า.
กาลสมุตถาน	๒๕๔๒	[กาละสะหฺมุด-] น. กองโรคที่เกิดขึ้นเพราะธาตุไม่เป็นไปตามเวลาปรกติ. (แพทย์).
กาลสมุตถาน	๒๕๕๔	กองโรคที่เกิดขึ้นเพราะธาตุไม่เป็นไปตามเวลาปรกติ.
กาลักน้ำ	๒๕๔๒	น. เครื่องมืออย่างง่ายซึ่งอาศัยความดันของอากาศเพื่อใช้ถ่ายเทของเหลวออกจากภาชนะ โดยใช้หลอดหรือท่อที่ใช้ถ่ายเทของเหลวจากระดับหนึ่งไปสู่ระดับที่ตํ่ากว่า โดยไหลผ่านระดับที่สูงกว่าระดับทั้ง ๒ นั้น. (อ. siphon).
กาลักน้ำ	๒๕๕๔	เครื่องมืออย่างง่ายซึ่งอาศัยความดันของอากาศเพื่อใช้ถ่ายเทของเหลวออกจากภาชนะ โดยใช้หลอดหรือท่อที่ใช้ถ่ายเทของเหลวจากระดับหนึ่งไปสู่ระดับที่ตํ่ากว่า โดยไหลผ่านระดับที่สูงกว่าระดับทั้ง ๒ นั้น.
กาลัญญุตา	๒๕๔๒	[กาลันยุตา] น. ความเป็นผู้รู้กาล. (ป.).
กาลัญญุตา	๒๕๕๔	ความเป็นผู้รู้กาล.
กาลัญญู	๒๕๔๒	[กาลันยู] น. ผู้รู้กาล. (ป.).
กาลัญญู	๒๕๕๔	ผู้รู้กาล.
กาลัด	๒๕๔๒	น. แก้วหุง; สายหยุด. (ช.).
กาลัด	๒๕๕๔	แก้วหุง
กาลานุกาล	๒๕๔๒	(โบ) น. งานบำเพ็ญกุศลถวายพระบรมอัฐิและพระอัฐิในกาลใดกาลหนึ่ง. (ป. กาล + อนุกาล).
กาลานุกาล	๒๕๕๔	งานบำเพ็ญกุศลถวายพระบรมอัฐิและพระอัฐิในกาลใดกาลหนึ่ง.
กาลิก	๒๕๔๒	น. ของที่พระสงฆ์เก็บไว้ฉันได้ตามเวลาที่กําหนดให้ มี ๓ อย่าง คือ ๑. ยาวกาลิก-ของที่เก็บไว้ฉันได้ชั่วคราวตั้งแต่เช้าถึงเที่ยงวัน ได้แก่ข้าวปลาอาหาร ๒. ยามกาลิก-ของที่เก็บไว้ฉันได้ชั่วคราวเพียงวันหนึ่งกับคืนหนึ่ง ได้แก่นํ้าอัฐบาน ๓. สัตตาหกาลิก-ของที่เก็บไว้ฉันได้ชั่วคราวเพียง ๗ วัน ได้แก่ เภสัชทั้ง ๕. (ป.).
กาลิก	๒๕๕๔	ของที่พระสงฆ์เก็บไว้ฉันได้ตามเวลาที่กำหนดให้ มี ๓ อย่าง คือ ๑. ยาวกาลิก–ของที่เก็บไว้ฉันได้ชั่วคราวตั้งแต่เช้าถึงเที่ยงวัน ได้แก่ ข้าวปลาอาหาร ๒. ยามกาลิก–ของที่เก็บไว้ฉันได้ชั่วคราวเพียงวันหนึ่งกับคืนหนึ่ง ได้แก่ นํ้าอัฐบาน ๓. สัตตาหกาลิก–ของที่เก็บไว้ฉันได้ชั่วคราวเพียง ๗ วัน ได้แก่ เภสัชทั้ง ๕.
กาลี	๒๕๔๒	ว. ชั่วร้าย, เสนียดจัญไร. (ส. กลิ).
กาลี	๒๕๕๔	ชั่วร้าย, เสนียดจัญไร.
กาลเทศะ	๒๕๔๒	[กาละ-] น. เวลาและสถานที่; ความควรไม่ควร. (ส.).
กาลเทศะ	๒๕๕๔	เวลาและสถานที่
กาลโยค	๒๕๔๒	[กาละ-] (โหร) น. การกําหนด วัน ยาม ฤกษ์ ราศี ดิถี ของแต่ละปี เป็น ธงชัย อธิบดี อุบาทว์ โลกาวินาศ.
กาลโยค	๒๕๕๔	การกำหนด วัน ยาม ฤกษ์ ราศี ดิถี ของแต่ละปี เป็น ธงชัย อธิบดี อุบาทว์ โลกาวินาศ.
กาว	๒๕๔๒	น. ของเหนียวที่เคี่ยวมาจากเอ็น หนัง กีบสัตว์ เป็นต้น สําหรับใช้ติดหรือผนึกสิ่งของ.
กาว	๒๕๕๔	ของเหนียวที่เคี่ยวมาจากเอ็น หนัง กีบสัตว์ เป็นต้น สำหรับใช้ติดหรือผนึกสิ่งของ.
กาววาว	๒๕๔๒	ว. แวววาว, ฉูดฉาด, บาดตา, (ใช้แก่สี).
กาววาว	๒๕๕๔	แวววาว, ฉูดฉาด, บาดตา, (ใช้แก่สี).
กาวาง	๒๕๔๒	น. ชื่อมะปรางพันธุ์หนึ่ง รสเปรี้ยวจัด.
กาวาง	๒๕๕๔	ชื่อมะปรางพันธุ์หนึ่ง รสเปรี้ยวจัด.
กาวใจ	๒๕๕๔	น.ผู้ประสานรอยร้าวให้ผู้ที่โกรธกัน ทะเลาะกัน หรือกินแหนงแคลงใจกัน ได้กลับคืนดีกัน เช่น เขาเป็นกาวใจให้ ๒ คนนี้คืนดีกัน.
กาศิก	๒๕๔๒	[กาสิกะ-] (แบบ) ว. ที่มาจากแคว้นกาสี, เหมือนไหม, แกมไหม. (ส.; ป. กาสิก).
กาศิก	๒๕๕๔	ที่มาจากแคว้นกาสี
กาศิก-	๒๕๕๔	ที่มาจากแคว้นกาสี
กาศิกพัสตร์	๒๕๔๒	น. ผ้าเนื้อละเอียดมาจากแคว้นกาสี. (ส.).
กาศิกพัสตร์	๒๕๕๔	ผ้าเนื้อละเอียดมาจากแคว้นกาสี.
กาษฐะ	๒๕๔๒	[กาดสะถะ] (แบบ) น. ไม้ฟืน; ไม้วัด (คือใช้ในมาตราวัด). (ส.; ป. กฏฺ&#xf700;).
กาษฐะ	๒๕๕๔	ไม้ฟืน
กาษา	๒๕๔๒	น. ผ้าชนิดหนึ่ง เช่น คลังถวายผ้ากาษา. (กฎ. ราชบุรี ๒/๑๐๗), และพระไตรภูวนาทิตยวงศ์ก็ให้ผ้าลายและเสื้อกาสาคนละสํารับ. (พงศ. กรุงเก่า), ฝันว่าห่มผ้าขาวกาสา. (ตําราทํานายฝัน). (ทมิฬและมลายู กาสา ว่า ผ้าดิบ, ผ้าหยาบ).
กาษา	๒๕๕๔	ผ้าชนิดหนึ่ง เช่น คลังถวายผ้ากาษา (กฎ. ราชบุรี ๒/๑๐๗), และพระไตรภูวนาทิตยวงศ์ก็ให้ผ้าลายและเสื้อกาสาคนละสำรับ (พงศ. กรุงเก่า), ฝันว่าห่มผ้าขาวกาสา
กาสร	๒๕๔๒	[-สอน] (แบบ) น. ควาย. (ส.).
กาสร	๒๕๕๔	ควาย.
กาสะ	๒๕๔๒	(ราชา) น. การไอ, ใช้ว่า พระกาสะ. (ป., ส.).
กาสะ	๒๕๕๔	ไอ, ใช้ว่า ทรงพระกาสะ, ใช้ว่า ทรงพระกรรสะ ก็มี.
กาสัก	๒๕๔๒	น. นกที่เชื่อกันว่าเป็นสัตว์กายสิทธิ์บินมาไม่เห็นตัว ถ้าได้ขนมันไว้ก็หายตัวได้.
กาสัก	๒๕๕๔	นกที่เชื่อกันว่าเป็นสัตว์กายสิทธิ์บินมาไม่เห็นตัว ถ้าได้ขนมันไว้ก็หายตัวได้.
กาสา	๒๕๔๒	น. แร่ชนิดหนึ่งมีสีเขียว.
กาสา	๒๕๕๔	ผ้าชนิดหนึ่ง เช่น คลังถวายผ้ากาษา (กฎ. ราชบุรี ๒/๑๐๗), และพระไตรภูวนาทิตยวงศ์ก็ให้ผ้าลายและเสื้อกาสาคนละสำรับ (พงศ. กรุงเก่า), ฝันว่าห่มผ้าขาวกาสา
กาสามปีก	๒๕๔๒	น. (๑) ชื่อไม้ต้นชนิด Vitex peduncularis<2t>Wall. ex Schauer ในวงศ์ Labiatae ขึ้นทั่วไปในป่าเบญจพรรณ ใช้ทํายาได้, กาจับหลัก หรือ ตีนนก ก็เรียก.<2t>(๒) ชื่อไม้พุ่มชนิด Flemingia sootepensis Craib ในวงศ์ Leguminosae ขึ้นทั่วไปในป่าเบญจพรรณ ใช้ทํายาได้.<2t>(๓) ชื่อไม้พุ่มรอเลื้อยชนิด Pueraria striata Kurz ในวงศ์ Leguminosae ใบเป็นใบประกอบ มีใบย่อย ๓ ใบ ดอกเล็กมาก สีม่วง รูปดอกถั่ว ฝักมี ๘-๑๐ เมล็ด.<2t>(๔) ดู ตีนนก (๑).
กาสามปีก	๒๕๕๔	ชื่อไม้ต้นชนิด Vitex peduncularis Wall. ex Schauer ในวงศ์ Labiatae ขึ้นทั่วไปในป่าเบญจพรรณ ใช้ทำยาได้, กาจับหลัก หรือ ตีนนก ก็เรียก.
กาสาร	๒๕๔๒	[-สาน] (แบบ) น. สระ, บ่อ, ทะเลสาบ. (ส.).
กาสาร	๒๕๕๔	สระ, บ่อ, ทะเลสาบ.
กาสาว	๒๕๔๒	[กาสาวะ-] น. ผ้าย้อมฝาด, เขียนเป็น กาสาว์ ก็มี. (ป.).
กาสาว-	๒๕๕๔	ผ้าย้อมฝาด, เขียนเป็น กาสาว์ ก็มี.
กาสาวพัสตร์	๒๕๔๒	น. ผ้าย้อมฝาด คือผ้าเหลืองพระ. (ป. กาสาว + ส. วสฺตร = ผ้า).
กาสาวพัสตร์	๒๕๕๔	ผ้าย้อมฝาด คือผ้าเหลืองพระ.
กาสาวะ	๒๕๕๔	ผ้าย้อมฝาด, เขียนเป็น กาสาว์ ก็มี.
กาสิโน	๒๕๔๒	น. สถานการพนันขนาดใหญ่และโอ่โถง มีการพนันหลายชนิด เช่น รูเล็ตต์ ไพ่. (ฝ. casino).
กาสิโน	๒๕๕๔	สถานการพนันขนาดใหญ่และโอ่โถง มีการพนันหลายชนิด เช่น รูเล็ตต์ ไพ่.
กาหยีเขา	๒๕๕๔	ดู หยี ๒.
กาหล	๒๕๔๒	[-หน] (แบบ) น. แตรงอน เช่น หมื่นกาหลวิชัยมีหน้าที่ประโคมแตรงอน.<2t>ว. เอะอะอื้ออึง เช่น แตกตื่นกันกาหลอลหม่าน, ยามพลบสยงกึกก้อง กาหล แม่ฮา. (กำสรวล).
กาหล	๒๕๕๔	แตรงอน เช่น หมื่นกาหลวิชัยมีหน้าที่ประโคมแตรงอน.
กาหลง	๒๕๔๒	น. ชื่อไม้พุ่มชนิด Bauhinia acuminata L. ในวงศ์ Leguminosae ปลายใบหยักเว้าลึก ดอกใหญ่ สีขาว ออกเป็นช่อสั้นตามง่ามใบ.
กาหลง	๒๕๕๔	ชื่อไม้พุ่มชนิด Bauhinia acuminata L. ในวงศ์ Leguminosae ปลายใบหยักเว้าลึก ดอกใหญ่ สีขาว ออกเป็นช่อสั้นตามง่ามใบ.
กาหลงรัง	๒๕๔๒	(สํา) น. ผู้ที่ไปหลงติดอยู่ ณ บ้านใดบ้านหนึ่งแล้วไม่ยอมกลับบ้านของตน, ผู้เร่ร่อนไปไม่มีที่พักพิงเป็นหลักแหล่ง.
กาหลงรัง	๒๕๕๔	ผู้ที่ไปหลงติดอยู่ ณ บ้านใดบ้านหนึ่งแล้วไม่ยอมกลับบ้านของตน, ผู้เร่ร่อนไปไม่มีที่พักพิงเป็นหลักแหล่ง.
กาหลา	๒๕๔๒	[-หฺลา] ว. เหมือนดอกไม้. (ช.).
กาหลา	๒๕๕๔	เหมือนดอกไม้.
กาหัก	๒๕๔๒	น. นกเงือก. (พจน. ๒๔๙๓).
กาหัก	๒๕๕๔	นกเงือก.
กาฬ	๒๕๔๒	[กาน, กาละ-, กานละ-] น. รอยดําหรือแดงที่ผุดตามร่างกายคนเมื่อตายแล้ว.<2t>ว. ดํา, มักใช้เป็นส่วนหน้าของสมาส. (ป.).
กาฬ	๒๕๕๔	รอยดำหรือแดงที่ผุดตามร่างกายคนเมื่อตายแล้ว.
กาฬ-	๒๕๕๔	รอยดำหรือแดงที่ผุดตามร่างกายคนเมื่อตายแล้ว.
กาฬจักร	๒๕๔๒	[กาละจัก] น. กาลจักร.
กาฬจักร	๒๕๕๔	กาลจักร.
กาฬปักษี	๒๕๔๒	[กาละ-] น. ชื่อโรคชนิดหนึ่ง เป็นเมื่อมารดาออกไฟแล้วได้ ๕ เดือน ยังอยู่ในเขตเรือนไฟ มีอาการร้องไห้แล้วหอบ หรือร้องไห้เมื่อหลับ สะดุ้งผวาตื่นตกใจ. (แพทย์).
กาฬปักษี	๒๕๕๔	ชื่อโรคชนิดหนึ่ง เป็นเมื่อมารดาออกไฟแล้วได้ ๕ เดือน ยังอยู่ในเขตเรือนไฟ มีอาการร้องไห้แล้วหอบ หรือร้องไห้เมื่อหลับ สะดุ้งผวาตื่นตกใจ.
กาฬปักษ์	๒๕๔๒	[กาละ-] ว. ฝ่ายดํา คือ ข้างแรม.
กาฬปักษ์	๒๕๕๔	ฝ่ายดำ คือ ข้างแรม.
กาฬพฤกษ์	๒๕๔๒	น. ชื่อไม้ต้นชนิด Cassia grandis L.f. ในวงศ์ Leguminosae ลําต้นดํา ใบอ่อนสีแดง ดอกเล็ก สีแดงคล้ำแล้วเปลี่ยนเป็นสีชมพูอมส้ม ฝักใหญ่อ้วนสั้น ผิวขรุขระ ด้านข้างมีสัน เป็นพรรณไม้ที่นําเข้ามาปลูก.
กาฬพฤกษ์	๒๕๕๔	ชื่อไม้ต้นชนิด Cassia grandis L. f. ในวงศ์ Leguminosae ลำต้นดำ ใบอ่อนสีแดง ดอกเล็ก สีแดงคล้ำแล้วเปลี่ยนเป็นสีชมพูอมส้ม ฝักใหญ่อ้วนสั้น ผิวขรุขระ ด้านข้างมีสัน เป็นพรรณไม้ที่นำเข้ามาปลูก.
กาฬมุข	๒๕๔๒	น. เกียรติมุข.
กาฬมุข	๒๕๕๔	เกียรติมุข.
กาฬวาต	๒๕๔๒	[กานละ-] น. ลมพายุใหญ่อย่างหนึ่ง เช่น ด้วยกําลังกาฬวาตโบกเบียน.
กาฬวาต	๒๕๕๔	ลมพายุใหญ่อย่างหนึ่ง เช่น ด้วยกำลังกาฬวาตโบกเบียน.
กาฬาวก	๒๕๔๒	[-วะกะ] น. ชื่อช้างตระกูล ๑ ใน ๑๐ ตระกูล กายสีดํา, ช้าง ๑๐ ตระกูล คือ ๑. กาฬาวกหัตถี สีดํา ๒. คังไคยหัตถี สีเหมือนสีนํ้าไหล ๓. ปัณฑรหัตถี สีขาวดังเขาไกรลาส ๔. ตามพหัตถี สีทองแดง ๕. ปิงคลหัตถี สีทองอ่อนดั่งสีตาแมว ๖. คันธหัตถี สีไม้กฤษณา มีกลิ่นตัวหอม ๗. มงคลหัตถี สีนิลอัญชัน มีกิริยาท่าทางเดินงดงาม ๘. เหมหัตถี สีเหลืองดั่งทอง ๙. อุโบสถหัตถี สีทองคํา ๑๐. ฉัททันตหัตถี กายสีขาวบริสุทธิ์ดั่งสีเงินยวง แต่ปากและเท้าสีแดง. (ป.).
กาฬาวกหัตถี	๒๕๕๔	ชื่อช้างตระกูล ๑ ใน ๑๐ ตระกูล กายสีดำ, ช้าง ๑๐ ตระกูล คือ ๑. กาฬาวกหัตถี ๒. คังไคยหัตถี ๓. ปัณฑรหัตถี ๔. ตามพหัตถี ๕. ปิงคล-หัตถี ๖. คันธหัตถี ๗. มงคลหัตถี ๘. เหมหัตถี ๙. อุโบสถ-หัตถี ๑๐. ฉัททันตหัตถี.
กาฬโรค	๒๕๔๒	[กานละ-, กาละ-] น. ชื่อโรคระบาดอย่างร้ายแรงชนิดหนึ่ง มักมีอาการบวมนูนที่รักแร้เป็นต้น.
กาฬโรค	๒๕๕๔	ชื่อโรคระบาดอย่างร้ายแรงชนิดหนึ่ง มักมีอาการบวมนูนที่รักแร้เป็นต้น.
กาฮัง	๒๕๔๒	ดู กะวะ ๒.
กาฮัง	๒๕๕๔	ชื่อนกเงือกชนิด Buceros bicornis Linn. ในวงศ์ Bucerotidae เป็นนกขนาดใหญ่ที่สุดในหมู่นกเงือก โคนขากรรไกรบนมีโหนกแข็งขนาดใหญ่ คอสีขาว ปีกสีดำพาดเหลือง ปลายปีกขาว หางยาวสีขาวพาดดำ ตัวผู้ตาสีแดง ตัวเมียตาสีขาว กินผลไม้และสัตว์ขนาดเล็ก, กก หรือ กะวะ ก็เรียก.
กาเปี้ยด	๒๕๔๒	(ถิ่น) น. ต้นหนอนตายหยาก. (พจน. ๒๔๙๓).
กาเปี้ยด	๒๕๕๔	ต้นหนอนตายหยาก.
กาเฟอีน	๒๕๔๒	น. สารประกอบอินทรีย์ประเภทพิวรีน มีสูตรเคมี C8H10O2N4 ลักษณะเป็นผลึกสีขาว มีในใบชา เมล็ดกาแฟ เป็นยาเสพติดอย่างอ่อน มีฤทธิ์อย่างแรงต่อหัวใจ ใช้ในการแพทย์. (ฝ. caf&#233;ine).
กาเฟอีน	๒๕๕๔	สารประกอบอินทรีย์ประเภทพิวรีน มีสูตรเคมี C8H10O2N4 ลักษณะเป็นผลึกสีขาว มีในใบชา เมล็ดกาแฟ เป็นยาเสพติดอย่างอ่อน มีฤทธิ์อย่างแรงต่อหัวใจ ใช้ในการแพทย์.
กาเมศ	๒๕๕๔	เต็มไปด้วยกาม เช่น ชงครากามิศน้อง ยังยังติดแม่ (ทวาทศมาส), โกมลมิ่งโกมุท กาเมศ เรียมเอย (ทวาทศมาส).
กาเมสุมิจฉาจาร	๒๕๔๒	[-มิดฉาจาน] น. การประพฤติผิดในประเวณี. (ป.).
กาเมสุมิจฉาจาร	๒๕๕๔	การประพฤติผิดในประเวณี.
กาเยน	๒๕๔๒	น. ยางไม้ชนิดหนึ่ง สีเหลืองแก่ ใสคล้ายแก้ว.
กาเยน	๒๕๕๔	ยางไม้ชนิดหนึ่ง สีเหลืองแก่ ใสคล้ายแก้ว.
กาเยนทรีย์	๒๕๕๔	ร่างกายซึ่งเป็นใหญ่ในการรับสัมผัส.
กาเรการ่อน	๒๕๔๒	น. ต้นกะเรกะร่อน. (พจน. ๒๔๙๓).
กาเรการ่อน	๒๕๕๔	ต้นกะเรกะร่อน.
กาเรียน	๒๕๔๒	ดู กระเรียน ๑.
กาเรียน	๒๕๕๔	ดู กระเรียน.
กาเรียนทอง	๒๕๔๒	น. ชื่อเพลงไทยทำนองหนึ่ง. (ดู กระเรียน ๒).
กาเรียนทอง	๒๕๕๔	ชื่อเพลงไทย อัตรา ๒ ชั้น, ชื่อเพลงไทยประเภทเพลงเถา, กระเรียนทอง ก็ว่า.
กาเรียนร่อน	๒๕๕๔	ชื่อเพลงไทย อัตรา ๒ ชั้น.
กาเรียนร้อง	๒๕๕๔	ชื่อเพลงไทย อัตรา ๒ ชั้น, กระเรียนร้อง ก็ว่า.
กาเวียน	๒๕๔๒	น. กาต้มนํ้าชนิดหนึ่ง อยู่ในถังซึ่งมีเตาไฟ.
กาเวียน	๒๕๕๔	กาต้มนํ้าชนิดหนึ่ง อยู่ในถังซึ่งมีเตาไฟ.
กาเหว่า	๒๕๔๒	ดู ดุเหว่า.
กาเหว่า	๒๕๕๔	ดู ดุเหว่า.
กาแฟ	๒๕๔๒	น. ชื่อเครื่องดื่มชนิดหนึ่ง ทํามาจากเมล็ดต้นกาแฟ.
กาแฟ	๒๕๕๔	ชื่อเครื่องดื่มชนิดหนึ่ง ทำมาจากเมล็ดต้นกาแฟ.
กาแฟเย็น	๒๕๕๔	กาแฟใส่นม ใส่น้ำตาล ใส่น้ำแข็ง เช่น กาแฟเย็นเจ้านี้หวานมันอร่อยมาก.
กาแฟใบใหญ่	๒๕๕๔	ดู กาแฟ ๒.
กาแล	๒๕๔๒	(ถิ่น-พายัพ) น. ชื่อไม้เครื่องเรือนที่ต่อจากปั้นลมทั้ง ๒ ด้านไปไขว้กัน อยู่ตอนบนสุดของหลังคาที่ยื่นจากหน้าจั่ว อาจสลักลวดลายตามแต่จะเห็นงาม, เรียก กะแล หรือ แกแล ก็มี.
กาแล	๒๕๕๔	ชื่อไม้เครื่องเรือนที่ต่อจากปั้นลมทั้ง ๒ ด้านไปไขว้กัน อยู่ตอนบนสุดของหลังคาที่ยื่นจากหน้าจั่ว อาจสลักลวดลายตามแต่จะเห็นงาม, บางถิ่น กะแล หรือ แกแล.
กาแล็กซี	๒๕๔๒	น. ระบบขนาดใหญ่ของดาวฤกษ์ ประกอบด้วยกลุ่มดาวฤกษ์ เนบิวลา และเทห์ฟากฟ้าอื่น&#160;ๆ กาแล็กซีมากกว่า ๑,๐๐๐ ล้านกาแล็กซีรวมกันเป็นเอกภพ, ทางช้างเผือก ถือเป็นกาแล็กซีหนึ่ง. (อ. galaxy).
กาแล็กซี	๒๕๕๔	ระบบขนาดใหญ่ของดาวฤกษ์ ประกอบด้วยกลุ่มดาวฤกษ์ เนบิวลา และเทห์ฟากฟ้าอื่นๆ กาแล็กซีมากกว่า ๑,๐๐๐ ล้านกาแล็กซีรวมกันเป็นเอกภพ, ทางช้างเผือก ถือเป็นกาแล็กซีหนึ่ง.
กาแล็กโทส	๒๕๔๒	(วิทยา) น. นํ้าตาลชนิดหนึ่งประเภทโมโนแซ็กคาไรด์ ชนิดแอลโดเฮ็กโซส ลักษณะเป็นของแข็งสีขาว มีรสหวานน้อยกว่านํ้าตาลทราย หลอมละลายที่ ๑๖๕ &#x00b0;ซ.-๑๖๘ &#x00b0;ซ. โมเลกุลของกาแล็กโทสเชื่อมโยงกับโมเลกุลของกลูโคสเป็นโมเลกุลของแล็กโทสซึ่งมีในนํ้านม. (อ. galactose).
กาแล็กโทส	๒๕๕๔	นํ้าตาลชนิดหนึ่งประเภทโมโนแซ็กคาไรด์ ชนิดแอลโดเฮ็กโซส ลักษณะเป็นของแข็งสีขาว มีรสหวานน้อยกว่านํ้าตาลทราย หลอมละลายที่ ๑๖๕ ํ-๑๖๘ ํซ. โมเลกุลของกาแล็กโทสเชื่อมโยงกับโมเลกุลของกลูโคสเป็นโมเลกุลของแล็กโทสซึ่งมีในนํ้านม.
กาแวน	๒๕๔๒	น. ชื่อนกชนิด Crypsirina temia ในวงศ์ Corvidae ซึ่งเป็นวงศ์เดียวกับกา รูปร่างคล้ายนกแซงแซวแต่ปลายหางกว้างกว่า, กระแวน ก็เรียก.
กาแวน	๒๕๕๔	ชื่อนกขนาดกลาง ชนิด Crypsirina temia (Daudin) วงศ์ย่อย Corvidae ในวงศ์ Corvidae ปากค่อนข้างหนาคล้ายปากอีกา บริเวณหนังส่วนหน้าที่ติดกับโคนปากคล้ายกำมะหยี่สีดำ ม่านตาสีฟ้าสด ลำตัวสีดำ ปลายหางยาวกลมมนแผ่ออกได้คล้ายนกแซงแซง, กระแวน ก็เรียก.
กาโมทย	๒๕๔๒	[-โมด] (แบบ) ว. เป็นที่ตั้งขึ้นแห่งความรัก, น่ารัก, เป็นที่เกิดแห่งความรัก, เช่น พรมงคลน้นนโสด แก่แก้วกาโมทยมหิษี กัลยาณีสาวสวรรค์ประเสริฐนั้น. (ม. คําหลวง ทศพร). (ป. กาม + อุทย).
กาโมทย	๒๕๕๔	เป็นที่ตั้งขึ้นแห่งความรัก, น่ารัก, เป็นที่เกิดแห่งความรัก, เช่น พรมงคลน้นนโสด แก่แก้วกาโมทยมหิษี กัลยาณีสาวสวรรค์ประเสริฐนั้น (ม. คำหลวง ทศพร).
กาไหล่	๒๕๔๒	ก. กะไหล่.
กาไหล่	๒๕๕๔	กะไหล่.
กำ	๒๕๔๒	ก. งอนิ้วมือทั้ง ๔ ให้จดอุ้งมือ, เอานิ้วมือทั้ง ๕ โอบรอบสิ่งใดสิ่งหนึ่ง, อาการที่งอนิ้วมือทั้ง ๕ รวบสิ่งใดสิ่งหนึ่งไว้.<2t>น. มือที่กําเข้า; ปริมาณของเต็มมือที่กําเข้า, กำมือ ก็ว่า; มาตราวัดรอบของกลม เมื่อวัดได้เท่าไร แล้วทบกึ่งได้ยาวราว ๑๐ เซนติเมตร เช่น ของกลมวัดรอบได้ยาว ๒๐ เซนติเมตร ของกลมนั้นเรียกว่ามีขนาด ๑ กํา, มี ๓ ชนิด คือ ๑. กําสลึง (ยาว ๔ นิ้ว ๑ กระเบียด หรือ ๑๐.๗๕ เซนติเมตร) ๒. กําเฟื้อง (ยาว ๔ นิ้วครึ่งกระเบียด หรือ ๑๐.๕ เซนติเมตร) ๓. กําสองไพ (ยาว ๔ นิ้ว ๒ หุน หรือ ๑๐.๒๕ เซนติเมตร); ลักษณนามเรียกผักหรือหญ้าที่มัดไว้ เช่น ผักกําหนึ่ง หญ้า ๒ กํา.
กำ	๒๕๕๔	งอนิ้วมือทั้ง ๔ ให้จดอุ้งมือ, เอานิ้วมือทั้ง ๕ โอบรอบสิ่งใดสิ่งหนึ่ง, อาการที่งอนิ้วมือทั้ง ๕ รวบสิ่งใดสิ่งหนึ่งไว้.
กำกวม	๒๕๔๒	น. นกขนปีกสีเขียว ปากแดง กินกุ้งและปลา. (พจน. ๒๔๙๓).
กำกวม	๒๕๕๔	นกขนปีกสีเขียว ปากแดง กินกุ้งและปลา.
กำกัด	๒๕๔๒	ก. จํากัดเข้า, จํากัดให้แคบเข้า.
กำกัด	๒๕๕๔	จำกัดเข้า, จำกัดให้แคบเข้า.
กำกับ	๒๕๔๒	ก. ดูแล, ควบคุม; ควบ ในความเช่น มีหนังสือกํากับมาด้วย.
กำกับ	๒๕๕๔	ดูแลอย่างใกล้ชิดและชี้นำให้เป็นไปตามต้องการ เช่น กำกับรายการ กำกับการแสดง
กำกูน	๒๕๔๒	น. ชื่อพรรณไม้ชนิดหนึ่ง เช่น คูนกํากูนกํายาน. (ลอ), กําคูน ก็ว่า.
กำกูน	๒๕๕๔	ชื่อพรรณไม้ชนิดหนึ่ง เช่น คูนกำกูนกำยาน (ลอ), กำคูน ก็ว่า.
กำขี้ดีกว่ากำตด	๒๕๔๒	(สํา) ได้บ้างดีกว่าไม่ได้อะไรเลย.
กำขี้ดีกว่ากำตด	๒๕๕๔	ได้บ้างดีกว่าไม่ได้อะไรเลย.
กำคูน	๒๕๔๒	น. กํากูน เช่น กรรบูรแกมกําคูนคันธ์. (สมุทรโฆษ).
กำคูน	๒๕๕๔	กำกูน เช่น กรรบูรแกมกำคูนคันธ์
กำจร	๒๕๔๒	[-จอน] ก. ฟุ้งไป. (ส. ขจร ว่า ไปในอากาศ).
กำจร	๒๕๕๔	ฟุ้งไป.
กำจัด	๒๕๔๒	น. ชื่อไม้ต้นขนาดกลางถึงขนาดใหญ่ชนิด Zanthoxylum rhetsa (Roxb.) DC. ในวงศ์ Rutaceae ต้นและกิ่งก้านเป็นหนาม ใบเป็นใบประกอบ มีใบย่อย ๕-๘ คู่ ผลเล็ก ขนาดเส้นผ่านศูนย์กลาง ๖-๗ มิลลิเมตร ผิวขรุขระ มีกลิ่นฉุนคล้ายกลิ่นลูกผักชี เมล็ดกลมดําเป็นมัน ผลใช้เป็นเครื่องแกงเพื่อชูรส, พายัพเรียก มะข่วง หรือ หมากข่วง.
กำจัด	๒๕๕๔	ดู มะแข่น.
กำจัดต้น	๒๕๕๔	ดู มะแข่น.
กำจาย	๒๕๔๒	ก. กระจาย. (ข. ขฺจาย).
กำจาย	๒๕๕๔	กระจาย.
กำชับ	๒๕๔๒	ก. สั่งยํ้าให้แน่นอน.
กำชับ	๒๕๕๔	สั่งยํ้าให้แน่นอน.
กำชับกำชา	๒๕๔๒	ก. ยํ้าแล้วยํ้าอีก เช่น แล้วกําชับกําชาข้าไท. (คาวี).
กำชับกำชา	๒๕๕๔	ยํ้าแล้วยํ้าอีก เช่น แล้วกำชับกำชาข้าไท
กำชำ	๒๕๔๒	(ถิ่น-ปักษ์ใต้) น. ต้นมะหวด. (ดู มะหวด).
กำชำ	๒๕๕๔	ต้นมะหวด. (ดู มะหวด).
กำซาบ	๒๕๔๒	ก. ซึมเข้าไป, ทา, อาบ, หมายถึงศรที่อาบยาพิษก็ได้ เช่น สายกําซาบ.
กำซาบ	๒๕๕๔	ซึมเข้าไป, ทา, อาบ, หมายถึงศรที่อาบยาพิษก็ได้ เช่น สายกำซาบ.
กำซำ	๒๕๔๒	(ถิ่น-ปักษ์ใต้) น. ต้นมะหวด. (ดู มะหวด).
กำซำ	๒๕๕๔	ต้นมะหวด. (ดู มะหวด).
กำดัด	๒๕๔๒	ว. กําลังรุ่น เช่น วัยกำดัด; เต็มที่ เช่น สงัดเสียงสิงสัตว์กำดัดดึก. (โคบุตร).<2t>ก. พะวง, ห่วงใย, ขวนขวาย, เช่น ฤๅสองศุขารมย ชวนชายชํไม้เมิลป่า พระวงวิ่งวาศนาเด็กกำดัดเล่น. (ม. คำหลวง มัทรี); กําหนัด เช่น โอ้เจ้าพี่ศรีสวัสดิ์กำดัดสวาท นุชนาฏแม่อย่าลืมเนื้อความหลัง. (โคบุตร).
กำดัด	๒๕๕๔	กำลังรุ่น เช่น วัยกำดัด
กำดาล	๒๕๔๒	(กลอน) ก. ดาล เช่น กําเดาะกําดาลทวี. (บวรราชนิพนธ์).
กำดาล	๒๕๕๔	ดาล เช่น กำเดาะกำดาลทวี
กำด้น	๒๕๔๒	น. ท้ายทอย, ส่วนที่คอกับศีรษะต่อกัน, เช่น เหมือนกดคอยอกําด้นลูกสาวศรี. (มณีพิชัย).
กำด้น	๒๕๕๔	ท้ายทอย, ส่วนที่คอกับศีรษะต่อกัน, เช่น เหมือนกดคอยอกำด้นลูกสาวศรี
กำตัด	๒๕๔๒	น. ชื่อการเล่นของเด็กชนิดหนึ่ง; การพนันชนิดหนึ่ง ลักษณะเหมือนกําถั่ว ใช้กําเบี้ย ต่างคนต่างถือแต้ม ไม่มีเจ้ามือ กําแล้วจะเติมหรือชักออกก็ได้.
กำตัด	๒๕๕๔	ชื่อการเล่นของเด็กชนิดหนึ่ง
กำตาก	๒๕๔๒	น. สิทธิพิเศษในค่าภาษีอากรขนอนตลาดที่พระเจ้าแผ่นดินยกให้แก่พระยาแรกนาขวัญในระหว่างพิธี ๓ วันในครั้งโบราณ.
กำตาก	๒๕๕๔	สิทธิพิเศษในค่าภาษีอากรขนอนตลาดที่พระเจ้าแผ่นดินยกให้แก่พระยาแรกนาขวัญในระหว่างพิธี ๓ วันในครั้งโบราณ.
กำถั่ว	๒๕๔๒	น. ชื่อการพนันอย่างเดียวกับโปกำ แต่ใช้มือกำเบี้ยแทนการใช้ถ้วยครอบ. (ดู โปกำ ประกอบ).
กำถั่ว	๒๕๕๔	ชื่อการพนันอย่างเดียวกับโปกำ แต่ใช้มือกำเบี้ยแทนการใช้ถ้วยครอบ. (ดู โปกำ ประกอบ).
กำทวน	๒๕๔๒	ว. สนั่น, หวั่นไหว, ก้อง, เช่น เสียงมฤคคชสีหไกรสร สีหนาทกําธร กําทวนข้างป่าหิมพานต์. (สมุทรโฆษ).
กำทวน	๒๕๕๔	สนั่น, หวั่นไหว, ก้อง, เช่น เสียงมฤคคชสีหไกรสร สีหนาทกำธร กำทวนข้างป่าหิมพานต์
กำธร	๒๕๔๒	[-ทอน] ว. สนั่น, หวั่นไหว, สะเทือน, เช่น เสียงเทพอวยอาศิรวาท กำธรอากาศ ฦๅเลวงไชยไชย. (สมุทรโฆษ). (เทียบ ข. กํทร ว่า บรรลือเสียง, ตีรัว).
กำธร	๒๕๕๔	สนั่น, หวั่นไหว, สะเทือน, เช่น เสียงเทพอวยอาศิรวาท กำธรอากาศ ฦๅเลวงไชยไชย
กำนล	๒๕๔๒	[-นน] น. เงินค่าคำนับครู, เงินคํานับบูชาครูปี่พาทย์ คือ พระประคนธรรพ หรือ พระนารท ซึ่งถือว่าเป็นครูเดิมของตน มีเทียนสําหรับจุดที่ตะโพนด้วย. (ข. กํณล่ ว่า เครื่องคํานับ, ค่ากำนล; ไม้สำหรับหนุนอย่างไม้หมอน).
กำนล	๒๕๕๔	เงินค่าคำนับครู, เงินคำนับบูชาครูปี่พาทย์ คือ พระประคนธรรพ หรือ พระนารท ซึ่งถือว่าเป็นครูเดิมของตน มีเทียนสำหรับจุดที่ตะโพนด้วย.
กำนัด	๒๕๔๒	[กำหฺนัด] (โบ) ก. กําหนัด เช่น พิศเพี้ยนพระพนิดาทุกขานลกํานัด<2t>ดัดรัตนธารี มาดู. (สมุทรโฆษ).
กำนัด	๒๕๕๔	กำหนัด เช่น พิศเพี้ยนพระพนิดาทุกขานลกำนัด ดัดรัตนธารี มาดู
กำนัน	๒๕๔๒	น. ผู้ป้องกัน, ผู้รักษา, ผู้ดูแล, เช่น หัวหมื่นกับกํานันพระแสง; (กฎ) ตําแหน่งพนักงานฝ่ายปกครองซึ่งมีอํานาจหน้าที่ปกครองราษฎรที่อยู่ในเขตตําบล.<2t>ก. กัน, ถือ, เช่น พระจงกํานันกําหนดสัญญา. (สุธน).
กำนัน	๒๕๕๔	ผู้ป้องกัน, ผู้รักษา, ผู้ดูแล, เช่น หัวหมื่นกับกำนันพระแสง
กำนัล	๒๕๔๒	ก. ให้ของกันด้วยความนับถือ.
กำนัล	๒๕๕๔	ให้ของกันด้วยความนับถือ.
กำบด	๒๕๔๒	ก. บัง เช่น มีโลมกําบดบัง ปลายเท้า สองแฮ. (โชค-โบราณ).
กำบด	๒๕๕๔	บัง เช่น มีโลมกำบดบัง ปลายเท้า สองแฮ (โชค-โบราณ).
กำบน	๒๕๔๒	ก. กัมบน, หวั่นไหว, เช่น ปางน้นนไกรโกรมธาตุ เอาดอยราชเมรู แลนนทพนชูเปนเซรอด ก็เกอดพิการกำบน. (ม. คำหลวง ทานกัณฑ์). (มาจาก ป., ส. กมฺปน).
กำบน	๒๕๕๔	กัมบน, หวั่นไหว, เช่น ปางน้นนไกรโกรมธาตุ เอาดอยราชเมรู แลนนทพนชูเปนเซรอด ก็เกอดพิการกำบน (ม. คำหลวง ทานกัณฑ์).
กำบัง	๒๕๔๒	ก. บัง เช่น หาที่กําบังฝน, บังอย่างมิดชิด เช่น กําบังกายเข้าไป.
กำบัง	๒๕๕๔	บัง เช่น หาที่กำบังฝน, บังอย่างมิดชิด เช่น กำบังกายเข้าไป.
กำบัด	๒๕๔๒	ก. ปัด.
กำบัด	๒๕๕๔	ปัด.
กำบิด	๒๕๔๒	(โบ) น. กรรบิด, มีด. (ข. กําบิต).
กำบิด	๒๕๕๔	กรรบิด, มีด.
กำปอ	๒๕๔๒	น. ชื่อเพลงเขมรชนิดหนึ่ง เรียกว่า เขมรกําปอ. (วิวาห์พระสมุทร).
กำปอ	๒๕๕๔	ชื่อเพลงไทยสำเนียงเขมร เรียกว่า เขมรกำปอ.
กำปั่น	๒๕๔๒	น. เรือเดินทะเลขนาดใหญ่ชนิดหนึ่ง รูปร่างหัวเรือเรียวแหลม ท้ายเรือมนและราบในระดับเดียวกับหัวเรือ, ถ้ามีเสายาวยื่นออกไปสําหรับผูกสายใบ มีเสากระโดง ๓ เสา มีใบ เรียกว่า กําปั่นใบ, ถ้าเสากระโดงตรงกลางไม่มี มีปล่องไฟโดยใช้เดินด้วยกําลังเครื่องจักรไอนํ้า เรียกว่า กําปั่นไฟ. (เทียบมลายู หรือ ฮินดูสตานี ว่า capel).
กำปั่น	๒๕๕๔	เรือเดินทะเลขนาดใหญ่ชนิดหนึ่ง หัวเรือเรียวแหลม ท้ายเรือมนและราบในระดับเดียวกับหัวเรือ, ถ้ามีเสายาวยื่นออกไปสำหรับผูกสายใบ มีเสากระโดง ๓ เสา มีใบ เรียกว่า กำปั่นใบ, ถ้าเสากระโดงตรงกลางไม่มี มีปล่องไฟโดยใช้เดินด้วยกำลังเครื่องจักรไอนํ้า เรียกว่า กำปั่นไฟ.
กำปั้น	๒๕๔๒	น. มือที่กําเข้าให้แน่นเพื่อจะทุบเป็นต้น.
กำปั้น	๒๕๕๔	มือที่กำเข้าให้แน่นเพื่อจะทุบเป็นต้น.
กำปั้นทุบดิน	๒๕๕๔	ลักษณะการตอบที่ไม่ได้ให้ข้อมูลที่ผู้ถามต้องการรู้ เช่น ฉันถามว่า “ทำไมนาฬิกาไม่เดิน” เขาตอบแบบกำปั้นทุบดินว่า “เพราะมันตายน่ะซิ”.
กำผลา	๒๕๔๒	[-ผฺลา] น. ง้าว.
กำผลา	๒๕๕๔	ง้าว.
กำพง	๒๕๔๒	น. ท่านํ้า, ตําบล, เช่น มีทงงสมรรถพนจร รม่งงมรกําพงไพร. (ม. คําหลวง มหาพน). (ข. กํพง ว่า ท่านํ้า; มลายู กัมพง ว่า ตําบล).
กำพง	๒๕๕๔	ท่านํ้า, ตำบล, เช่น มีทงงสมรรถพนจร รม่งงมรกำพงไพร (ม. คำหลวง มหาพน).
กำพด	๒๕๔๒	น. จอมประสาทหัวช้าง เช่น โขมดสารกําพด ทรงเทริด. (ตําราช้างคําโคลง).
กำพด	๒๕๕๔	จอมประสาทหัวช้าง เช่น โขมดสารกำพด ทรงเทริด
กำพต	๒๕๔๒	[-พด] น. ลูกศร เช่น พระเอาโอสถ ทาลูกกําพต พาดสายศิลปคือ พระอัคนี สมเด็จสี่มือ ดาลเดชระบือ ระเบิดบาดาล. (สุธน).
กำพต	๒๕๕๔	ลูกศร เช่น พระเอาโอสถ ทาลูกกำพต พาดสายศิลปคือ พระอัคนี สมเด็จสี่มือ ดาลเดชระบือ ระเบิดบาดาล
กำพราก	๒๕๔๒	[-พฺราก] น. ไม้รวกหรือไม้ไผ่ที่เสี้ยมปลายให้แหลม ใช้สําหรับขุด เรียกว่า ไม้กําพราก.
กำพราก	๒๕๕๔	ไม้รวกหรือไม้ไผ่ที่เสี้ยมปลายให้แหลม ใช้สำหรับขุด เรียกว่า ไม้กำพราก.
กำพร้า	๒๕๔๒	[-พฺร้า] น. เรียกหนังที่เป็นผิวชั้นนอกของคนและสัตว์ว่า หนังกําพร้า.
กำพร้า	๒๕๕๔	เรียกหนังที่เป็นผิวชั้นนอกสุดของคนและสัตว์ ว่า หนังกำพร้า, ผิวหนัง ก็เรียก.
กำพวด	๒๕๔๒	น. ส่วนประกอบของปี่ซึ่งทําให้เกิดเสียงเวลาเป่า สอดติดอยู่กับเลาปี่.
กำพวด	๒๕๕๔	ชื่อเรียกส่วนประกอบของปี่และแตร ใช้สอดลงไปในช่องใกล้กับปากเป่า ทำด้วยโลหะ.
กำพอง	๒๕๔๒	น. ชื่อตัวไม้อันบนที่เป็นราวลูกกรงเรือนหรือเกวียน, กระพอง ก็เรียก.
กำพอง	๒๕๕๔	ชื่อตัวไม้อันบนที่เป็นราวลูกกรงเรือนหรือเกวียน, กระพอง ก็เรียก.
กำพืด	๒๕๔๒	น. เทือกเถา, เผ่าพันธุ์, (มักใช้เป็นทํานองหยาม) เช่น รู้กําพืด.
กำพืด	๒๕๕๔	เทือกเถา, เผ่าพันธุ์, (มักใช้เป็นทำนองหยาม) เช่น รู้กำพืด.
กำพุด	๒๕๔๒	ดู จุมพรวด.
กำพุด	๒๕๕๔	ดู จุมพรวด.
กำพู	๒๕๔๒	น. ไม้กลึงสําหรับเป็นที่รวมร้อยซี่ร่ม ซี่ฉัตร หรือ ซี่พุ่ม. (ข. กํพูล ว่า ยอด).
กำพู	๒๕๕๔	ไม้กลึงสำหรับเป็นที่รวมร้อยซี่ร่ม ซี่ฉัตร หรือซี่พุ่ม.
กำภู	๒๕๔๒	(โบ) น. กัมพู.
กำภู	๒๕๕๔	กัมพู.
กำม	๒๕๕๔	กรรม เช่น ไข้เจ็บหมอตั้งกำไว้, ท่านว่าเป็นกำมของเขาเอง
กำมพฤกษ์	๒๕๔๒	[-มะพฺรึก] (โบ) น. กัลปพฤกษ์ เช่น พวกประจํากํามพฤกษ์บังคมไหว้. (รามเกียรติ์ ร. ๒).
กำมพฤกษ์	๒๕๕๔	กัลปพฤกษ์ เช่น พวกประจำกำมพฤกษ์บังคมไหว้
กำมลาศน์	๒๕๔๒	[-มะลาด] (โบ) น. กมลาสน์.
กำมลาศน์	๒๕๕๔	กมลาสน์.
กำมะถัน	๒๕๔๒	น. ธาตุสีเหลือง ติดไฟง่าย กลิ่นเหม็นฉุน ใช้ทํายา ทําดินปืน ฯลฯ, สุพรรณถัน ก็ว่า; (วิทยา) ธาตุลําดับที่ ๑๖ สัญลักษณ์ S เป็นอโลหะ ลักษณะเป็นของแข็ง มีอัญรูปหลายแบบ ใช้ประโยชน์ได้มากมาย เช่น ในอุตสาหกรรมทํากรดซัลฟิวริก อุตสาหกรรมยาง ทําหัวไม้ขีดไฟ ดินปืน ดอกไม้เพลิง และยารักษาโรค, ยาประเภทซัลฟาและประเภทเพนิซิลลินก็มีธาตุกํามะถันเป็นองค์ประกอบด้วย. (อ. sulphur).
กำมะถัน	๒๕๕๔	ธาตุสีเหลือง ติดไฟง่าย กลิ่นเหม็นฉุน ใช้ทำยา ทำดินปืน ฯลฯ, สุพรรณถัน ก็ว่า
กำมะลอ	๒๕๔๒	น. เรียกของลงรักแบบญี่ปุ่นและจีน เช่นหีบ โอ กระบะ ว่า เครื่องกํามะลอ, เรียกไม้ดัดชนิดหนึ่งที่ดัดให้เหมือนรูปต้นไม้ที่ญี่ปุ่นและจีนเขียนลงในเครื่องกํามะลอว่า ไม้กํามะลอ; เรียกกลดที่ทําด้วยผ้าขาวหรือแพรขาวเขียนลายทอง สําหรับใช้กับเจ้านายหรือพระพุทธรูปว่า กลดกํามะลอ, เรียกลายที่เขียนที่เครื่องกํามะลอเป็นลายสี ลายทอง หรือ ลายทองแทรกสี หรือเขียนบนผ้าขาวหรือแพรขาวว่า ลายกํามะลอ; เรียกของทําเทียมหรือของเล็กน้อยที่ทําหยาบ&#160;ๆ ไม่ทนทานว่า ของกํามะลอ.<2t>ว. เลวไม่ทนทาน, ไม่ดี, ไม่งาม.
กำมะลอ	๒๕๕๔	เรียกของลงรักแบบญี่ปุ่นและจีน เช่นหีบ โอ กระบะ ว่า เครื่องกำมะลอ, เรียกไม้ดัดชนิดหนึ่งที่ดัดให้เหมือนรูปต้นไม้ที่ญี่ปุ่นและจีนเขียนลงในเครื่องกำมะลอว่า ไม้กำมะลอ
กำมะหยี่	๒๕๔๒	[-หฺยี่] น. ผ้าชนิดหนึ่ง มีขนด้านเดียวอ่อนนุ่ม เป็นมัน.
กำมะหยี่	๒๕๕๔	ผ้าชนิดหนึ่ง มีขนด้านเดียวอ่อนนุ่ม เป็นมัน.
กำมะหริด	๒๕๔๒	[-หฺริด] น. ผ้าที่ทอด้วยขนสัตว์แกมไหม.
กำมะหริด	๒๕๕๔	ผ้าที่ทอด้วยขนสัตว์แกมไหม.
กำมังละการ	๒๕๔๒	น. ตําหนัก. (ช.).
กำมังละการ	๒๕๕๔	ตำหนัก.
กำมังวิลิต	๒๕๔๒	น. ตําหนักในสระ. (ช.).
กำมังวิลิต	๒๕๕๔	ตำหนักในสระ.
กำมัชพล	๒๕๔๒	[-มัดชะพน] น. ชื่อเกณฑ์เลขในคัมภีร์สุริยยาตร ซึ่งคํานวณมาจากจุลศักราช.
กำมัชพล	๒๕๕๔	ชื่อเกณฑ์เลขในคัมภีร์สุริยยาตร ซึ่งคำนวณมาจากจุลศักราช.
กำมา	๒๕๔๒	น. ศอกตูม คือ ศอกที่กํานิ้วมือ, กํา ก็เรียก เช่น ๒ ศอกกํา คือ ๒ ศอกกับอีกศอกตูมหนึ่ง.
กำมือ	๒๕๔๒	น. มือที่กําเข้า; ปริมาณของเต็มมือที่กําเข้า; กำ ก็ว่า; มาตราตวงตามวิธีประเพณีของไทยโบราณ ๔ หยิบมือ = ๑ กำมือ ๔ กำมือ = ๑ ฟายมือ และอีกแบบหนึ่ง ๔ ใจมือ = ๑ กำมือ ๘ กำมือ = ๑ จังออน.
กำมือ	๒๕๕๔	มือที่กำเข้า
กำมเลศ	๒๕๔๒	[-มะเลด] (โบ) น. กมเลศ.
กำมเลศ	๒๕๕๔	กมเลศ.
กำยาน	๒๕๔๒	น. วัตถุหอมชนิดหนึ่ง เกิดจากยางใสกลิ่นหอมที่ออกจากเปลือกของต้นกำยานบางชนิด เกิดขึ้นได้เนื่องจากเปลือกถูกกรีดหรือมีราลง ก็จะขับยางใสกลิ่นหอมออกมา เมื่อแห้งจะแข็งติดอยู่กับลำต้น แกะออกมาได้.
กำยาน	๒๕๕๔	วัตถุหอมชนิดหนึ่ง เกิดจากยางใสกลิ่นหอมที่ออกจากเปลือกของต้นกำยานบางชนิด เกิดขึ้นได้เนื่องจากเปลือกถูกกรีดหรือมีราลง ก็จะขับยางใสกลิ่นหอมออกมา เมื่อแห้งจะแข็งติดอยู่กับลำต้น แกะออกมาได้.
กำยำ	๒๕๔๒	ว. ใหญ่โตแข็งแรง เช่น รูปร่างกํายําลํ่าสัน.
กำยำ	๒๕๕๔	ใหญ่โตแข็งแรง เช่น รูปร่างกำยำลํ่าสัน.
กำรอ	๒๕๔๒	ว. เข็ญใจ เช่น แก่ฝูงมนุษย์ผู้กํารอ. (ม. คําหลวง นครกัณฑ์).
กำรอ	๒๕๕๔	เข็ญใจ เช่น แก่ฝูงมนุษย์ผู้กำรอ (ม. คำหลวง นครกัณฑ์).
กำราก	๒๕๔๒	น. ช้างตกมัน เช่น หยาบคายฉายฉัดถีบแทง กํารากร้ายแรง แลเหลือกำลังควาญหมอ. (ดุษฎีสังเวย), กลจะขี่ช้างกําหรากเหลือลาม. (ตําราขี่ช้าง).
กำราก	๒๕๕๔	ช้างตกมัน เช่น หยาบคายฉายฉัดถีบแทง กำรากร้ายแรง แลเหลือกำลังควาญหมอ (ดุษฎีสังเวย), กลจะขี่ช้างกำหรากเหลือลาม
กำราบ	๒๕๔๒	[-หฺราบ] ก. ทําให้เข็ดหลาบ, ทําให้กลัว, ทําให้สิ้นพยศ, ทําให้สิ้นฤทธิ์.
กำราบ	๒๕๕๔	ทำให้เข็ดหลาบ, ทำให้กลัว, ทำให้สิ้นพยศ, ทำให้สิ้นฤทธิ์.
กำราล	๒๕๔๒	[-ราน] (แบบ) น. เครื่องลาด เช่น นั่งในกําราลไพโรจน์ในนิโครธารามรังเรจน้นน. (ม. คําหลวง ทศพร). (ข. กํราล).
กำราล	๒๕๕๔	เครื่องลาด เช่น นั่งในกำราลไพโรจน์ในนิโครธารามรังเรจน้นน (ม. คำหลวง ทศพร).
กำรู	๒๕๔๒	(โบ) ก. กรู, รวมหมู่กันเข้ามา, ประดังกันเข้ามา, เช่น กํารูคลื่นเป็นเปลว. (แช่งนํ้า).
กำรู	๒๕๕๔	กรู, อาการที่ไปพร้อม ๆ กันอย่างเร็วโดยมีจุดหมาย, เช่น กำรูคลื่นเป็นเปลว (แช่งนํ้า).
กำลอง	๒๕๔๒	(โบ; กลอน) ก. ลอง, ประลอง, เช่น เสร็จสองแทงกันจระโจรม จักแล่นแรดโซรม กำลองกำลังถเมินเชิง. (สมุทรโฆษ).
กำลอง	๒๕๕๔	ลอง, ประลอง, เช่น เสร็จสองแทงกันจระโจรม จักแล่นแรดโซรม กำลองกำลังถเมินเชิง
กำลัง	๒๕๔๒	น. แรง, สิ่งที่ทําให้เกิดอํานาจความเข้มแข็ง.
กำลัง	๒๕๕๔	แรง, สิ่งที่ทำให้เกิดอำนาจความเข้มแข็ง.
กำลังกิน	๒๕๔๒	ว. เหมาะที่จะกิน.
กำลังกิน	๒๕๕๔	เหมาะที่จะกิน.
กำลังกินกำลังนอน	๒๕๔๒	(สำ) ว. อยู่ในวัยกินวัยนอน เช่น เด็กกําลังกินกําลังนอน.
กำลังกินกำลังนอน	๒๕๕๔	อยู่ในวัยกินวัยนอน เช่น เด็กกำลังกินกำลังนอน.
กำลังช้างสาร	๒๕๔๒	ดู ตานเหลือง.
กำลังช้างสาร	๒๕๕๔	ดู ตานเหลือง.
กำลังช้างเผือก	๒๕๔๒	น. ชื่อพรรณไม้ ๒ ชนิดในสกุล Hiptage วงศ์ Malpighiaceae ขึ้นตามป่าเบญจพรรณทั่วไป ใบเดี่ยว ค่อนข้างกลมมน ขอบหยักตื้น&#160;ๆ ออกตรงข้ามกัน ดอกสีขาวอมชมพู ชนิด H. bengalensis Kurz เป็นไม้เถาเนื้อแข็ง, โนรา ก็เรียก; ชนิด H. candicans Hook.f. เป็นไม้พุ่มหรือไม้ต้นขนาดเล็ก, พญาช้างเผือก ก็เรียก.
กำลังช้างเผือก	๒๕๕๔	ชื่อพรรณไม้ ๒ ชนิดย่อยของชนิด Hiptage bengalensis (L.) Kurz ในวงศ์ Malpighiaceae ขึ้นตามป่าเบญจพรรณทั่วไป ใบเดี่ยว ค่อนข้างกลมมน ขอบหยักตื้น ๆ ออกตรงข้ามกัน ดอกสีขาวอมชมพู ชนิดย่อยแรก H. bengalensis (L.) Kurz subsp. bengalensisเป็นไม้เถาเนื้อแข็ง, โนรา ก็เรียก, และชนิดย่อยที่ ๒ H. bengalensis (L.) Kurz subsp. candicans (Hook. f.) Sirirugsa เป็นไม้พุ่มหรือไม้ต้นขนาดเล็ก, พญาช้างเผือก ก็เรียก.
กำลังดี	๒๕๔๒	ว. พอดี.
กำลังดี	๒๕๕๔	พอดี.
กำลังภายใน	๒๕๔๒	น. กําลังที่เร้นอยู่ภายใน, กําลังที่เกิดจากการฝึกจิต โดยเฉพาะในลัทธิเต๋าและพระพุทธศาสนาบางนิกาย เพื่อให้จิตใจกล้าแข็งจนสามารถทําสิ่งที่คนทั่วไปทําไม่ได้.
กำลังภายใน	๒๕๕๔	กำลังที่เร้นอยู่ภายใน, กำลังที่เกิดจากการฝึกจิต โดยเฉพาะในลัทธิเต๋าและพระพุทธศาสนาบางนิกาย เพื่อให้จิตใจกล้าแข็งจนสามารถทำสิ่งที่คนทั่วไปทำไม่ได้.
กำลังม้า	๒๕๔๒	(วิทยา) น. หน่วยวัดกำลังหรืออัตราของการทำงานโดยกำหนดว่า ๑ กำลังม้า คือ อัตราของการทำงานได้ ๕๕๐ ฟุตปอนด์ต่อวินาที ๑ กำลังม้า มีค่าเท่ากับ ๗๔๕.๗ วัตต์, แรงม้า ก็ว่า. (อ. horsepower).
กำลังม้า	๒๕๕๔	หน่วยวัดกำลังหรืออัตราของการทำงาน โดยกำหนดว่า ๑ กำลังม้า คือ อัตราของการทำงานได้ ๕๕๐ ฟุตปอนด์ต่อวินาที ๑ กำลังม้า มีค่าเท่ากับ ๗๔๕.๗ วัตต์, แรงม้า ก็ว่า.
กำลังวังชา	๒๕๔๒	น. กําลัง.
กำลังวังชา	๒๕๕๔	กำลัง.
กำลังวัวเถลิง	๒๕๔๒	[-ถะเหฺลิง] น. ชื่อไม้พุ่มชนิด Anaxagorea luzonensis A. Gray ในวงศ์ Annonaceae ใบเดี่ยว ออกสลับกัน ดอกสีขาวกลิ่นหอม, โคเถลิง ก็เรียก.
กำลังวัวเถลิง	๒๕๕๔	ชื่อไม้พุ่มชนิด Anaxagorea luzonensisA. Gray ในวงศ์ Annonaceae ใบเดี่ยว ออกสลับกัน ดอกสีขาวกลิ่นหอม, โคเถลิง ก็เรียก.
กำลังเทียน	๒๕๔๒	(ฟิสิกส์) น. หน่วยวัดความเข้มของความสว่างของแหล่งกําเนิดแสง, แรงเทียน ก็ว่า, ปัจจุบันใช้หน่วยแคนเดลา.
กำลังเทียน	๒๕๕๔	หน่วยวัดความเข้มของความสว่างของแหล่งกำเนิดแสง, แรงเทียน ก็ว่า, ปัจจุบันใช้หน่วยแคนเดลา.
กำลังเหมาะ	๒๕๔๒	ว. พอเหมาะ.
กำลังเหมาะ	๒๕๕๔	พอเหมาะ.
กำลังใจ	๒๕๔๒	น. สภาพของจิตใจที่มีความเชื่อมั่นและกระตือรือร้นพร้อมที่จะเผชิญกับเหตุการณ์ทุกอย่าง.
กำลังใจ	๒๕๕๔	สภาพของจิตใจที่มีความเชื่อมั่นและกระตือรือร้นพร้อมที่จะเผชิญกับเหตุการณ์ทุกอย่าง.
กำลุง	๒๕๔๒	(แบบ) บ. ใน, ที่, เช่น แล้วจึงตั้งกมลจิตร ประดิษฐ์กําลุงใน หุงการชาลอรรคนิประไพ ก็เผาอาตมนิศกนธ์. (ดุษฎีสังเวย).
กำลุง	๒๕๕๔	ใน, ที่, เช่น แล้วจึงตั้งกมลจิตร ประดิษฐ์กำลุงใน หุงการชาลอรรคนิประไพ ก็เผาอาตมนิศกนธ์
กำลูน	๒๕๔๒	(โบ) ว. น่ากรุณา, น่าเอ็นดู, น่าสงสาร, เช่น ครั้นเห็นยิ่งระทดกําลูนสลดชีวา. (ม. คําหลวง มัทรี). (ป. กลูน).
กำลูน	๒๕๕๔	น่ากรุณา, น่าเอ็นดู, น่าสงสาร, เช่น ครั้นเห็นยิ่งระทดกำลูนสลดชีวา (ม. คำหลวง มัทรี).
กำสรด	๒๕๔๒	[-สด] (แบบ) ก. สลด, แห้ง, เศร้า, เช่น จักคอยเห็นข้าโหยหา แต่องคเอกา จะแสนกำสรดลำเค็ญ. (สุธนู).
กำสรด	๒๕๕๔	สลด, แห้ง, เศร้า, เช่น จักคอยเห็นข้าโหยหา แต่องคเอกา จะแสนกำสรดลำเค็ญ (สุธนู).
กำสรวล	๒๕๔๒	[-สวน] (แบบ) ก. โศกเศร้า, ครํ่าครวญ, ร้องไห้, เช่น ไทกำสรดสงโรธ ท้ยนสงโกจกำสรวลครวญไปพลาง. (ม. คำหลวง ทานกัณฑ์). (โบ กําสรวญ).
กำสรวล	๒๕๕๔	โศกเศร้า, ครํ่าครวญ, ร้องไห้, เช่น ไทกำสรดสงโรธ ท้ยนสงโกจกำสรวลครวญไปพลาง (ม. คำหลวง ทานกัณฑ์), (โบ เขียนเป็น กำสรวญ).
กำหนด	๒๕๔๒	[-หฺนด] ก. หมายไว้, ตราไว้.<2t>น. การหมายไว้, การตราไว้; (เลิก) บทบริหารบัญญัติคล้ายพระราชกฤษฎีกา โดยมากเป็นบัญญัติที่เกี่ยวกับบุคคลหรือข้าราชการบางจําพวก เช่น พระราชกําหนดเครื่องแบบแต่งกายข้าราชการฝ่ายทหารและพลเรือน.
กำหนด	๒๕๕๔	หมายไว้, ตราไว้.
กำหนดการ	๒๕๔๒	น. ระเบียบการที่บอกถึงขั้นตอนของงานที่จะต้องทําตามลําดับ.
กำหนดการ	๒๕๕๔	ระเบียบการที่บอกถึงขั้นตอนของงานที่จะต้องทำตามลำดับ.
กำหนัด	๒๕๔๒	[-หฺนัด] น. ความใคร่ในกามคุณ.<2t>ก. ใคร่ในกามคุณ เช่น เทียรย่อมให้เกิดวัฒนาการกําหนัดใน. (ม. ร่ายยาว มหาพน).
กำหนัด	๒๕๕๔	ความใคร่ในกามคุณ.
กำหมัด	๒๕๔๒	น. มือที่กําเข้าให้แน่นเพื่อจะชกหรือต่อย.
กำหมัด	๒๕๕๔	มือที่กำเข้าให้แน่นเพื่อจะชกหรือต่อย.
กำหราก	๒๕๕๔	ช้างตกมัน เช่น หยาบคายฉายฉัดถีบแทง กำรากร้ายแรง แลเหลือกำลังควาญหมอ (ดุษฎีสังเวย), กลจะขี่ช้างกำหรากเหลือลาม
กำเกรียก	๒๕๔๒	น. ชื่อการพนันใช้กําเบี้ยหรือเม็ดอื่น&#160;ๆ แล้วทายกัน.
กำเกรียก	๒๕๕๔	ชื่อการพนันใช้กำเบี้ยหรือเม็ดอื่นๆ แล้วทายกัน.
กำเกียง	๒๕๔๒	ดู กางเกียง.
กำเกียง	๒๕๕๔	ดู กางเกียง.
กำเดา	๒๕๔๒	น. เลือดที่ออกทางจมูก เรียกว่า เลือดกําเดา. (ข. เกฺดา ว่า ร้อน); แพทย์แผนโบราณเรียกไข้ชนิดหนึ่งที่เกิดจากหวัดว่า ไข้กําเดา.
กำเดา	๒๕๕๔	เลือดที่ออกทางจมูก เรียกว่า เลือดกำเดา. (ข. เกฺดา ว่า ร้อน)
กำเดาะ	๒๕๔๒	ว. กระเตาะ, รุ่น, เพิ่งแตกเนื้อสาว. (ปาเลกัว).
กำเดาะ	๒๕๕๔	กระเตาะ, รุ่น, เพิ่งแตกเนื้อสาว.
กำเนิด	๒๕๔๒	[กําเหฺนิด] น. การเกิด เช่น บิดามารดาเป็นผู้ให้กําเนิดแก่บุตร, มูลเหตุดั้งเดิม เช่น ตัวหนังสือไทยมีกําเนิดมาอย่างไร.<2t>ก. เกิด, มีขึ้น, เป็นขึ้น, เช่น โลกกําเนิดมาจากดวงอาทิตย์.
กำเนิด	๒๕๕๔	การเกิด เช่น บิดามารดาเป็นผู้ให้กำเนิดแก่บุตร, มูลเหตุดั้งเดิม เช่น ตัวหนังสือไทยมีกำเนิดมาอย่างไร.
กำเนียจ	๒๕๔๒	[กำเหฺนียด] ว. เกียจ, คด, ไม่ซื่อ, โกง; คร้าน; (โบ) เขียนเป็น กำนยจ ก็มี เช่น อนนว่าพระโพธิสัตว์ก็ใส่กลกล่าว กํานยจกยจแก่นางพญาด่งงนี้. (ม. คําหลวง กุมาร).
กำเนียจ	๒๕๕๔	เกียจ, คด, ไม่ซื่อ, โกง
กำเบ้อ	๒๕๔๒	(ถิ่น-พายัพ) น. ชื่อไม้พุ่มหลายชนิดในสกุล Mussaenda วงศ์ Rubiaceae ดอกสีเหลืองหรือแสด กลีบหนึ่งของวงกลีบนอกใหญ่แผ่ออกเป็นใบขาว ดูไกล&#160;ๆ คล้ายผีเสื้อเกาะดอกไม้.
กำเบ้อ	๒๕๕๔	ชื่อไม้พุ่มหลายชนิดในสกุล Mussaenda วงศ์ Rubiaceae ดอกสีเหลืองหรือแสด กลีบเลี้ยงกลีบหนึ่งใหญ่แผ่ออกเป็นใบขาว ดูไกลๆ คล้ายผีเสื้อเกาะดอกไม้.
กำเพลิง	๒๕๔๒	[-เพฺลิง] น. ปืนไฟ. (ข. กําเภฺลีง).
กำเพลิง	๒๕๕๔	ปืนไฟ.
กำเริบ	๒๕๔๒	ก. รุนแรงขึ้น เช่น โรคกําเริบ กิเลสกําเริบ.
กำเริบ	๒๕๕๔	รุนแรงขึ้น เช่น โรคกำเริบ กิเลสกำเริบ.
กำเริบเสิบสาน	๒๕๔๒	ก. ได้ใจ, เหิมใจ.
กำเริบเสิบสาน	๒๕๕๔	ได้ใจ, เหิมใจ.
กำเลา	๒๕๔๒	(แบบ) ว. โง่, อ่อน, ไม่รู้เท่าทัน, ไม่มีไหวพริบ, เช่น ดุจตักแตนเต้นเห็นไฟ บมิใฝ่หนีไกล กำเลากำเลาะหวังเขญ. (อนิรุทธ). (ข. กํเลา จาก เขฺลา).
กำเลา	๒๕๕๔	โง่, อ่อน, ไม่รู้เท่าทัน, ไม่มีไหวพริบ, เช่น ดุจตักแตนเต้นเห็นไฟ บมิใฝ่หนีไกล กำเลากำเลาะหวังเขญ
กำเลาะ	๒๕๔๒	(แบบ) ว. หนุ่ม, สาว, เช่น หากกูกำเลาะหลงกาม ไป่คำนึงความ แลโดยอำเภอลำพัง. (สุธน). (ข. กํโละ ว่า หนุ่ม).
กำเลาะ	๒๕๕๔	หนุ่ม, สาว, เช่น หากกูกำเลาะหลงกาม ไป่คำนึงความ แลโดยอำเภอลำพัง
กำเสาะ	๒๕๔๒	ก. กระเสาะ, เสาะ, เช่น เสือกซบสยบสกลลง กำเสาะโศกระด้าวดาล. (สุธน).
กำเสาะ	๒๕๕๔	กระเสาะ, เสาะ, เช่น เสือกซบสยบสกลลง กำเสาะโศกระด้าวดาล
กำเหน็จ	๒๕๔๒	[-เหฺน็ด] น. ค่าจ้างทําเครื่องเงินหรือทองรูปพรรณ.
กำเหน็จ	๒๕๕๔	ค่าจ้างทำเครื่องเงินหรือทองรูปพรรณ.
กำแพง	๒๕๔๒	น. เครื่องกั้น เครื่องล้อม ที่ก่อด้วยอิฐ ดิน หรือ หิน เป็นต้น. (ข. กํแพง).
กำแพง	๒๕๕๔	เครื่องกั้น เครื่องล้อม ที่ก่อด้วยอิฐ ดิน หรือหิน เป็นต้น.
กำแพงขาว	๒๕๔๒	น. ชื่อว่านชนิดหนึ่ง ใบคล้ายหมากผู้หมากเมีย ต้นและใบเขียว มีลายดั่งว่านเสือ แต่ลายเบา มีพรายปรอท หัวเหมือนกระชาย ตุ้มรากกลมทอดไปยาว หัวมีกลิ่นหอม ใช้อยู่คงเขี้ยวเขานองา, อีกชนิดหนึ่งเรียก มายาประสาน เป็นว่านประสานบาดแผล. (กบิลว่าน).
กำแพงขาว	๒๕๕๔	ชื่อว่านชนิดหนึ่ง ใบคล้ายหมากผู้หมากเมีย ต้นและใบเขียว มีลายดั่งว่านเสือ แต่ลายเบา มีพรายปรอท หัวเหมือนกระชาย ตุ้มรากกลมทอดไปยาว หัวมีกลิ่นหอม ใช้อยู่คงเขี้ยวเขานองา, อีกชนิดหนึ่งเรียก มายาประสาน เป็นว่านประสานบาดแผล.
กำแพงมีหูประตูมีช่อง	๒๕๔๒	(สํา) น. การที่จะพูดหรือทําอะไร ให้ระมัดระวัง แม้จะเป็นความลับเพียงไรก็อาจมีคนล่วงรู้ได้.
กำแพงมีหูประตูมีช่อง	๒๕๕๔	การที่จะพูดหรือทำอะไร ให้ระมัดระวัง แม้จะเป็นความลับเพียงไรก็อาจมีคนล่วงรู้ได้.
กำแพงมีหูประตูมีตา	๒๕๕๔	การที่จะพูดหรือทำอะไร ให้ระมัดระวัง แม้จะเป็นความลับเพียงไรก็อาจมีคนล่วงรู้ได้.
กำแพงเขย่ง	๒๕๔๒	[-ขะเหฺย่ง] น. ชื่อพระพิมพ์ปางลีลา ยกพระบาทข้างหนึ่งคล้ายเขย่ง เพราะขุดพบที่จังหวัดกำแพงเพชรเป็นแห่งแรก จึงเรียกว่า พระกำแพงเขย่ง, ถ้ามีขนาดสูงประมาณ ๑ ศอก เรียกว่า พระกำแพงศอก.
กำแพงเขย่ง	๒๕๕๔	ชื่อพระพิมพ์ปางลีลา ยกพระบาทข้างหนึ่งคล้ายเขย่ง เพราะขุดพบที่จังหวัดกำแพงเพชรเป็นแห่งแรก จึงเรียกว่า พระกำแพงเขย่ง, ถ้ามีขนาดสูงประมาณ ๑ ศอก เรียกว่า พระกำแพงศอก.
กำแพงเจ็ดชั้น	๒๕๔๒	น. ชื่อมนตร์.
กำแพงเจ็ดชั้น	๒๕๕๔	ชื่อมนตร์.
กำแพงเศียร	๒๕๔๒	น. ไก่พันทาง มีหงอนเป็นจัก&#160;ๆ. (พจน. ๒๔๙๓).
กำแพงเศียร	๒๕๕๔	ไก่พันทาง มีหงอนเป็นจักๆ.
กำแพงแก้ว	๒๕๔๒	น. กําแพงเตี้ย&#160;ๆ ที่ทําล้อมโบสถ์ วิหาร หรือเจดีย์ เป็นต้น เพื่อให้ดูงาม.
กำแพงแก้ว	๒๕๕๔	กำแพงเตี้ยๆ ที่ทำล้อมโบสถ์ วิหาร หรือเจดีย์ เป็นต้น เพื่อให้ดูงาม.
กำแพ้ง	๒๕๔๒	น. เรียกไม้ไผ่ที่ปล้องข้างในเป็นโรค มีสีดํา&#160;ๆ กลิ่นเหม็นว่า กําแพ้ง, กระแพ้ง ก็ว่า.
กำแพ้ง	๒๕๕๔	ไม้ไผ่ที่ปล้องข้างในเป็นโรค มีสีดำๆ กลิ่นเหม็น, กระแพ้ง ก็ว่า.
กำแสง	๒๕๔๒	(โบ) ก. กันแสง เช่น กําแสงสมรมี กําเสาะจิตรจาบัลย์. (สูตรธนู).
กำแสง	๒๕๕๔	กันแสง เช่น กำแสงสมรมี กำเสาะจิตรจาบัลย์
กำแหง	๒๕๔๒	[-แหงฺ] ว. แข็งแรง, กล้าแข็ง, เข้มแข็ง.<2t>ก. อวดดี.
กำแหง	๒๕๕๔	แข็งแรง, กล้าแข็ง, เข้มแข็ง.
กำโชก	๒๕๔๒	(โบ) ก. กรรโชก.
กำโชก	๒๕๕๔	กรรโชก.
กำโบล	๒๕๔๒	(แบบ) น. กโบล, กระพุ้งแก้ม, เช่น ปรางเปรียบกำโบลบง- กชรัตนรจนา. (สุธน). (ป., ส. กโปล).
กำโบล	๒๕๕๔	กโบล, กระพุ้งแก้ม, เช่น ปรางเปรียบกำโบลบง- กชรัตนรจนา
กำไร	๒๕๔๒	น. ผลที่ได้เกินต้นทุน.<2t>ว. ยิ่ง, เกิน, เช่น ทรงบําเพ็ญบารมีสี่อสงไขยกําไรแสนมหากัป.
กำไร	๒๕๕๔	ผลที่ได้เกินต้นทุน.
กำไล	๒๕๔๒	น. ชื่อเครื่องประดับสําหรับสวมข้อมือหรือข้อเท้า ทําด้วยเงินหรือทองเป็นต้น, ราชาศัพท์เรียกกําไลมือว่า ทองพระกร กําไลเท้าว่า ทองพระบาท.
กำไล	๒๕๕๔	ชื่อเครื่องประดับลักษณะเป็นวง สำหรับสวมข้อมือหรือข้อเท้า ทำด้วยเงินหรือทองเป็นต้น, ราชาศัพท์เรียกกำไลมือ ว่า ทองกร หรือ ทองข้อพระกร กำไลเท้าว่า ทองข้อพระบาท หรือ ทองพระบาท.
กำไลคู่ผี	๒๕๔๒	น. กําไลขื่อผี. (ดู ขื่อผี).
กำไลคู่ผี	๒๕๕๔	กำไลขื่อผี. (ดู ขื่อผี).
กิก	๒๕๔๒	ว. เสียงของแข็งกระทบกัน.
กิก	๒๕๕๔	เสียงของแข็งกระทบกัน.
กิงบุรุษ	๒๕๔๒	(แบบ) น. กินนร เช่น และเป็นที่เขานิยมว่ามีนกอย่างหนึ่งซึ่งเรียกว่ากิงบุรุษ. (ม. ร่ายยาว วนปเวสน์).
กิงบุรุษ	๒๕๕๔	กินนร เช่น และเป็นที่เขานิยมว่ามีนกอย่างหนึ่งซึ่งเรียกว่ากิงบุรุษ (ม. ร่ายยาว วนปเวสน์).
กิจ	๒๕๔๒	[กิด, กิดจะ-] น. ธุระ, งาน. (ป. กิจฺจ).
กิจ	๒๕๕๔	ธุระ, งาน.
กิจ-	๒๕๕๔	ธุระ, งาน.
กิจกรรม	๒๕๔๒	น. การที่ผู้เรียนปฏิบัติการอย่างใดอย่างหนึ่งเพื่อการเรียนรู้; กิจการ.
กิจกรรม	๒๕๕๔	การที่ผู้เรียนปฏิบัติการอย่างใดอย่างหนึ่งเพื่อการเรียนรู้
กิจการ	๒๕๔๒	น. การงานที่ประกอบ, ธุระ.
กิจการ	๒๕๕๔	การงานที่ประกอบ, ธุระ.
กิจจะ	๒๕๔๒	(กลอน) น. กิจ เช่น กอบกิจจะคุ้มขัง. (ชุมนุมตํารากลอน). (ป.).
กิจจะ	๒๕๕๔	กิจ เช่น กอบกิจจะคุ้มขัง
กิจจะลักษณะ	๒๕๔๒	ว. เป็นการเป็นงาน, เป็นเรื่องเป็นราว, เป็นระเบียบเรียบร้อย.
กิจจะลักษณะ	๒๕๕๔	เป็นการเป็นงาน, เป็นเรื่องเป็นราว, เป็นระเบียบเรียบร้อย.
กิจจา	๒๕๔๒	[กิด-] (กลอน) น. เรื่องราว, ข้อความ.
กิจจา	๒๕๕๔	เรื่องราว, ข้อความ.
กิจจานุกิจ	๒๕๔๒	[กิดจานุกิด] น. การงานน้อยใหญ่ หมายเอาการงานทั่วไป. (ป.).
กิจจานุกิจ	๒๕๕๔	การงานน้อยใหญ่ หมายเอาการงานทั่วไป.
กิจวัตร	๒๕๔๒	น. กิจที่ทําเป็นประจํา.
กิจวัตร	๒๕๕๔	กิจที่ทำเป็นประจำ.
กิดาการ	๒๕๔๒	น. อาการเล่าลือ, เสียงสรรเสริญ, ข่าวเลื่องลือ, บางทีเขียนเป็น กิฎาการ ก็มี เช่น แห่งเออกอึงกิฎาการ. (ตะเลงพ่าย). (ป. กิตฺติ + อาการ).
กิดาการ	๒๕๕๔	อาการเล่าลือ, เสียงสรรเสริญ, ข่าวเลื่องลือ, บางทีเขียนเป็น กิฎาการ ก็มี เช่น แห่งเออกอึงกิฎาการ
กิดาหยัน	๒๕๔๒	[-หฺยัน] น. มหาดเล็ก. (ช.).
กิดาหยัน	๒๕๕๔	มหาดเล็ก.
กิตติ	๒๕๔๒	[กิดติ] น. คําเล่าลือ, คําสรรเสริญ. (ป.).
กิตติ	๒๕๕๔	คำเล่าลือ, คำสรรเสริญ.
กิตติกรรมประกาศ	๒๕๔๒	น. ข้อความที่กล่าวถึงผลงานและแสดงความขอบคุณบุคคลที่เกี่ยวข้อง หรือที่ให้ความช่วยเหลือต่าง&#160;ๆ มักเขียนไว้ตอนต้นของวิทยานิพนธ์. (อ. acknowledgements).
กิตติกรรมประกาศ	๒๕๕๔	ข้อความที่กล่าวถึงผลงานและแสดงความขอบคุณบุคคลที่เกี่ยวข้อง หรือที่ให้ความช่วยเหลือต่างๆ มักเขียนไว้ตอนต้นของวิทยานิพนธ์.
กิตติคุณ	๒๕๔๒	น. คุณที่เลื่องลือ.
กิตติคุณ	๒๕๕๔	คุณที่เลื่องลือ.
กิตติมศักดิ์	๒๕๔๒	[-ติมะ-] ว. ยกย่องเพื่อเป็นเกียรติยศ เช่น ปริญญากิตติมศักดิ์ สมาชิกกิตติมศักดิ์.
กิตติมศักดิ์	๒๕๕๔	ยกย่องเพื่อเป็นเกียรติยศ เช่น ปริญญากิตติมศักดิ์ สมาชิกกิตติมศักดิ์.
กิตติศัพท์	๒๕๔๒	น. เสียงเล่าลือ, เสียงสรรเสริญ, เสียงยกย่อง. (ป. กิตฺติ = สรรเสริญ, ยกย่อง + ส. ศพฺท = เสียง).
กิตติศัพท์	๒๕๕๔	เสียงเล่าลือ, เสียงสรรเสริญ, เสียงยกย่อง.
กิน	๒๕๔๒	ก. เคี้ยว เช่น กินหมาก, เคี้ยวกลืน เช่น กินข้าว, ดื่ม เช่น กินนํ้า, ทําให้ล่วงลําคอลงไปสู่กระเพาะ; โดยปริยายหมายความว่าเปลือง เช่น กินเงิน กินเวลา, ทําให้หมดเปลือง เช่น รถกินนํ้ามัน หลอดไฟชนิดนี้กินไฟมาก; รับเอา เช่น กินสินบน, หารายได้โดยไม่สุจริต เช่น กินจอบกินเสียม; ชนะในการพนันบางอย่าง.
กิน	๒๕๕๔	เคี้ยว เช่น กินหมาก, เคี้ยวกลืน เช่น กินข้าว, ดื่ม เช่น กินนํ้า, ทำให้ล่วงลำคอลงไปสู่กระเพาะ
กินกริบ	๒๕๔๒	ก. หาประโยชน์ใส่ตัวได้อย่างแนบเนียน.
กินกริบ	๒๕๕๔	หาประโยชน์ใส่ตัวได้อย่างแนบเนียน.
กินกัน	๒๕๔๒	ก. เอาเงินกันในระหว่างคู่ขาการพนัน, มักใช้ในความปฏิเสธว่า ไม่กินกัน.
กินกัน	๒๕๕๔	เอาเงินกันในระหว่างคู่ขาการพนัน, มักใช้ในความปฏิเสธว่า ไม่กินกัน.
กินกำไร	๒๕๔๒	ก. กินเศษกินเลย, เบียดแว้ง, เบียดบัง.
กินกำไร	๒๕๕๔	กินเศษกินเลย, เบียดแว้ง, เบียดบัง.
กินกุ้งน้อย	๒๕๕๔	ดู ปลาบ ๒.
กินขวา	๒๕๔๒	ก. อาการที่รถ เรือ ว่าว เป็นต้น เคลื่อนลํ้าไปทางขวาหรือซ้ายมากเกินควร
กินขวา	๒๕๕๔	อาการที่รถ เรือ ว่าว เป็นต้น เคลื่อนลํ้าไปทางขวาหรือซ้ายมากเกินควร.
กินขาด	๒๕๔๒	(ปาก) ว. ดีกว่ามาก, เหนือกว่ามาก, ชนะเด็ดขาด.
กินขาด	๒๕๕๔	ดีกว่ามาก, เหนือกว่ามาก, ชนะเด็ดขาด.
กินข้าวต้ม กระโจมกลาง	๒๕๔๒	(สำ) ก. ทำอะไรด้วยความใจร้อนไม่พิจารณาให้รอบคอบ มักเป็นผลเสียแก่ตน.
กินข้าวต้มกระโจมกลาง	๒๕๕๔	ทำอะไรด้วยความใจร้อนไม่พิจารณาให้รอบคอบ มักเป็นผลเสียแก่ตน.
กินข้าวลิง	๒๕๕๔	กินสิ่งที่พอจะหาได้ เพราะไปตกอยู่ในที่ที่ไม่มีอาหารจะกิน เช่น ไปเที่ยวป่าคราวก่อน หลงทางอยู่นาน เกือบจะต้องกินข้าวลิงเสียแล้ว.
กินความ	๒๕๔๒	ก. หมายความไปถึง, ได้ความครบอย่างกะทัดรัด.
กินความ	๒๕๕๔	หมายความไปถึง, ได้ความครบอย่างกะทัดรัด.
กินงาย	๒๕๔๒	ก. กินอาหารมื้อเช้า.
กินงาย	๒๕๕๔	กินอาหารมื้อเช้า.
กินชัน	๒๕๔๒	ดู ชันโรง.
กินชัน	๒๕๕๔	ดู ชันโรง.
กินช้อน	๒๕๔๒	ก. กินอาหารด้วยช้อน.
กินช้อน	๒๕๕๔	กินอาหารด้วยช้อน.
กินซ้าย	๒๕๕๔	อาการที่รถ เรือ ว่าว เป็นต้น เคลื่อนลํ้าไปทางขวาหรือซ้ายมากเกินควร.
กินดอก	๒๕๔๒	ก. ได้รับผลประโยชน์ที่เกิดจากทุนหรือเงินให้กู้.
กินดอก	๒๕๕๔	ได้รับผลประโยชน์ที่เกิดจากทุนหรือเงินให้กู้.
กินดอกเบี้ย	๒๕๕๔	ได้รับผลประโยชน์ที่เกิดจากทุนหรือเงินให้กู้.
กินดอง	๒๕๔๒	ก. กินเลี้ยงในการแต่งงาน.<2t>(ถิ่น-อีสาน) น. พิธีอย่างหนึ่งทําเมื่อผัวเมียมีบุตรด้วยกันคนหนึ่ง หรือไม่มีบุตร แต่ได้ทําพิธีแปลงออกครบ ๓ ปี.
กินดอง	๒๕๕๔	กินเลี้ยงในการแต่งงาน.
กินดาย	๒๕๔๒	ก. กินดะไปจนหมด (ใช้เฉพาะการเล่นหมากแยก).
กินดาย	๒๕๕๔	กินดะไปจนหมด (ใช้เฉพาะการเล่นหมากแยก).
กินดิบ	๒๕๔๒	ก. ชนะโดยง่ายดาย.
กินดิบ	๒๕๕๔	ชนะโดยง่ายดาย.
กินด่าง	๒๕๔๒	(ถิ่น-อีสาน) น. พิธีอย่างหนึ่ง ทําเมื่อผัวเมียมีบุตรด้วยกัน ๒ คน.
กินด่าง	๒๕๕๔	พิธีอย่างหนึ่ง ทำเมื่อผัวเมียมีบุตรด้วยกัน ๒ คน.
กินตะเกียบ	๒๕๔๒	ก. กินอาหารด้วยตะเกียบ.
กินตะเกียบ	๒๕๕๔	กินอาหารด้วยตะเกียบ.
กินตัว	๒๕๔๒	ก. ผุหรือขาดกร่อนไปเองอย่างผ้าขนสัตว์; ริบสิ่งที่นํามาพนันขันต่อกันจากผู้แพ้.
กินตัว	๒๕๕๔	ผุหรือขาดกร่อนไปเองอย่างผ้าขนสัตว์
กินตา	๒๕๔๒	ก. ลวงตาให้เห็นขนาดผิดไป.
กินตา	๒๕๕๔	ลวงตาให้เห็นขนาดผิดไป.
กินตามน้ำ	๒๕๔๒	(สำ) ก. รับของสมนาคุณที่เขาเอามาให้โดยไม่ได้เรียกร้อง (มักใช้แก่เจ้าพนักงานผู้มีอำนาจ).
กินตามน้ำ	๒๕๕๔	รับของสมนาคุณที่เขาเอามาให้โดยไม่ได้เรียกร้อง (มักใช้แก่เจ้าพนักงานผู้มีอำนาจ).
กินตำแหน่ง	๒๕๔๒	ก. ได้ครองตําแหน่ง.
กินตำแหน่ง	๒๕๕๔	ได้ครองตำแหน่ง.
กินทาง	๒๕๔๒	ว. ลํ้าทาง (ใช้แก่ยวดยาน) เช่น ขับรถกินทาง.
กินทาง	๒๕๕๔	ลํ้าทาง (ใช้แก่ยวดยาน) เช่น ขับรถกินทาง.
กินที่	๒๕๔๒	ก. เปลืองที่.
กินที่	๒๕๕๔	เปลืองที่.
กินที่ลับไขที่แจ้ง	๒๕๔๒	(สํา) ก. เปิดเผยเรื่องที่ทํากันในที่ลับ.
กินที่ลับไขที่แจ้ง	๒๕๕๔	เปิดเผยเรื่องที่ทำกันในที่ลับ.
กินนร	๒๕๔๒	[-นอน] น. อมนุษย์ในนิยาย มี ๒ ชนิด ชนิดหนึ่งเป็นครึ่งคนครึ่งนก ท่อนบนเป็นคน ท่อนล่างเป็นนก อีกชนิดหนึ่งมีรูปร่างเหมือนคน เมื่อจะไปไหนมาไหน ก็ใส่ปีกใส่หางบินไป.
กินนร	๒๕๕๔	อมนุษย์ในนิยาย มี ๒ ชนิด ชนิดหนึ่งเป็นครึ่งคนครึ่งนก ท่อนบนเป็นคน ท่อนล่างเป็นนก อีกชนิดหนึ่งมีรูปร่างเหมือนคน เมื่อจะไปไหนมาไหน ก็ใส่ปีกใส่หางบินไป.
กินนรฟ้อนโอ่	๒๕๔๒	น. ชื่อท่าละครชนิดหนึ่ง.
กินนรฟ้อนโอ่	๒๕๕๔	ชื่อท่ารำแบบหนึ่ง โดยมือข้างใดข้างหนึ่งตั้งหงาย หักข้อมือระดับแง่ศีรษะ อีกมือหนึ่งตั้งวงกลางข้างลำตัว แขนตึง.
กินนรรำ	๒๕๔๒	น. ชื่อท่าละครชนิดหนึ่ง; ชื่อเพลงปี่พาทย์ชนิดหนึ่ง. (ดึกดําบรรพ์); ชื่อกลบทชนิดหนึ่งตัวอย่างว่า ชะจิตใจไฉนนางระคางเขิน ปะพบพักตร์จะทักทายชม้ายเมิน ละเลิงเหลือจะเชื้อเชิญเผอิญอาย.
กินนรรำ	๒๕๕๔	ชื่อท่ารำแบบหนึ่ง โดยมือข้างหนึ่งตั้งวงสูงระดับแง่ศีรษะ มืออีกข้างหนึ่งจีบหงาย แขนตึงเฉียงไปด้านหน้าเล็กน้อย เอียงศีรษะข้างเดียวกับมือที่ตั้งวง
กินนรเก็บบัว	๒๕๔๒	น. ชื่อกลบทชนิดหนึ่ง ตัวอย่างว่า ฉิใจฉะใจกระไรสมร หวังสวาทปลิดสวาทบําราศจร ตัดอาลัยตัดอาวรณ์ให้นอนเดียว.
กินนรเก็บบัว	๒๕๕๔	ชื่อกลบทชนิดหนึ่ง ตัวอย่างว่า ฉิใจฉะใจกระไรสมร หวังสวาทปลิดสวาทบำราศจร ตัดอาลัยตัดอาวรณ์ให้นอนเดียว.
กินนรเลียบถ้ำ	๒๕๔๒	น. ชื่อท่ารำแม่บทท่าหนึ่ง, กินรินเลียบถ้ำ ก็ว่า.
กินนรเลียบถ้ำ	๒๕๕๔	ชื่อท่ารำแบบหนึ่ง โดยมือข้างหนึ่งจีบหงาย แขนตึง ระดับไหล่ มืออีกข้างหนึ่งจีบหงายระดับชายพก เอียงศีรษะข้างเดียวกับมือที่แขนตึง, กินรินเลียบถ้ำ ก็ว่า.
กินนอกกินใน	๒๕๔๒	ก. เอากําไรในการซื้อขาย ทั้งในราคาและนอกราคาที่กําหนด.
กินนอกกินใน	๒๕๕๔	เอากำไรในการซื้อขาย ทั้งในราคาและนอกราคาที่กำหนด.
กินนอน	๒๕๔๒	น. เรียกโรงเรียนที่จัดให้นักเรียนกินอยู่หลับนอนในโรงเรียนว่า โรงเรียนกินนอน, เรียกนักเรียนที่อยู่ในโรงเรียนกินนอนว่า นักเรียนกินนอน.
กินนอน	๒๕๕๔	เรียกโรงเรียนที่นักเรียนต้องกินอยู่หลับนอนอยู่ที่โรงเรียนเป็นประจำ ว่า โรงเรียนกินนอน, โรงเรียนประจำ ก็เรียก, เรียกนักเรียนที่อยู่ในโรงเรียนกินนอน ว่า นักเรียนกินนอน หรือ นักเรียนประจำ.
กินน้ำ	๒๕๔๒	ก. มีท้องเรือจมลึกลงไปในนํ้า เช่น เรือกินนํ้าตื้น เรือกินน้ำลึก.
กินน้ำ	๒๕๕๔	มีท้องเรือจมลึกลงไปในนํ้า เช่น เรือกินนํ้าตื้น เรือกินน้ำลึก.
กินน้ำตา	๒๕๔๒	(สํา) ก. ร้องไห้, เศร้าโศก.
กินน้ำตา	๒๕๕๔	ร้องไห้, เศร้าโศก.
กินน้ำตาต่างข้าว	๒๕๔๒	(สำ) ก. ร้องไห้เศร้าโศกจนไม่เป็นอันกิน.
กินน้ำตาต่างข้าว	๒๕๕๔	ร้องไห้เศร้าโศกจนไม่เป็นอันกิน.
กินน้ำพริกถ้วยเก่า	๒๕๔๒	(สำ) ก. อยู่กับเมียคนเดิม.
กินน้ำพริกถ้วยเก่า	๒๕๕๔	อยู่กับเมียคนเดิม.
กินน้ำพริกถ้วยเดียว	๒๕๔๒	(สํา) ก. อยู่กับเมียคนเดียว.
กินน้ำพริกถ้วยเดียว	๒๕๕๔	อยู่กับเมียคนเดียว.
กินน้ำเห็นปลิง	๒๕๔๒	(สํา) ก. รู้สึกตะขิดตะขวงใจเหมือนจะกินนํ้าเห็นปลิงอยู่ในนํ้าก็กินไม่ลง.
กินน้ำเห็นปลิง	๒๕๕๔	รู้สึกตะขิดตะขวงใจเหมือนจะกินนํ้าเห็นปลิงอยู่ในนํ้าก็กินไม่ลง.
กินน้ำใต้ศอก	๒๕๔๒	(สํา) ก. จําต้องยอมเป็นรองเขา, ไม่เทียมหน้าเทียมตาเท่า, (มักหมายถึงเมียน้อยที่ต้องยอมลงให้แก่เมียหลวง).
กินน้ำใต้ศอก	๒๕๕๔	จำต้องยอมเป็นรองเขา, ไม่เทียมหน้าเทียมตาเท่า, (มักหมายถึงเมียน้อยที่ต้องยอมลงให้แก่เมียหลวง).
กินน้ำไม่เผื่อแล้ง	๒๕๔๒	(สํา) ก. มีอะไรใช้หมดทันทีไม่คิดถึงวันข้างหน้า.
กินน้ำไม่เผื่อแล้ง	๒๕๕๔	มีอะไรใช้หมดทันทีไม่คิดถึงวันข้างหน้า.
กินบนเรือนขี้บนหลังคา	๒๕๔๒	(สํา) ก. เนรคุณ.
กินบนเรือนขี้บนหลังคา	๒๕๕๔	เนรคุณ.
กินบวช	๒๕๔๒	ก. กินเครื่องกระยาบวชในลัทธิพิธี เช่นพิธีตรุษ, ใช้เข้าคู่กับคํา ถือศีล เป็น ถือศีลกินบวช, กินในเวลาตามกําหนดของการถือพรตในลัทธิศาสนา.
กินบวช	๒๕๕๔	กินเครื่องกระยาบวชในลัทธิพิธี เช่นพิธีตรุษ, ใช้เข้าคู่กับคำ ถือศีล เป็น ถือศีลกินบวช, กินในเวลาตามกำหนดของการถือพรตในลัทธิศาสนา.
กินบุญ	๒๕๔๒	(ถิ่น-อีสาน, ชาวไทยอิสลาม) ก. กินเลี้ยงในงานทําบุญ.
กินบุญ	๒๕๕๔	กินเลี้ยงในงานทำบุญ.
กินบุญเก่า	๒๕๔๒	(สํา) ก. ได้รับผลแห่งความดีที่ทําไว้แต่ปางก่อน (มักใช้เป็นสํานวนอุปมาแก่คนที่นอนกินนั่งกินสมบัติเก่า).
กินบุญเก่า	๒๕๕๔	ได้รับผลแห่งความดีที่ทำไว้แต่ปางก่อน (มักใช้เป็นสำนวนอุปมาแก่คนที่นอนกินนั่งกินสมบัติเก่า).
กินบ้านกินเมือง	๒๕๔๒	ก. ตื่นสายมาก ในความว่า นอนกินบ้านกินเมือง; (ปาก) ฉ้อราษฎร์บังหลวง.
กินบ้านกินเมือง	๒๕๕๔	ตื่นสายมาก ในความว่า นอนกินบ้านกินเมือง
กินบ้านผ่านเมือง	๒๕๔๒	(โบ) ก. ครองเมือง.
กินบ้านผ่านเมือง	๒๕๕๔	ครองเมือง.
กินปลิง	๒๕๔๒	น. นกชนิดหนึ่ง. (พจน. ๒๔๙๓).
กินปลิง	๒๕๕๔	นกชนิดหนึ่ง.
กินปลี	๒๕๔๒	น. ชื่อนกในวงศ์ Nectariniidae ตัวเล็ก ปากยาวโค้งงองุ้มปลายแหลมเล็ก กินแมลง นํ้าหวานในปลีกล้วยและดอกไม้ ในประเทศไทยมีหลายชนิด เช่น กินปลีอกเหลือง (Nectarinia jugularis) กินปลีแก้มสีทับทิม (Anthreptes singalensis).
กินปลี	๒๕๕๔	ชื่อนกขนาดเล็กหลายชนิด วงศ์ย่อย Nectariniidae ในวงศ์ Nectariniidae ขนคลุมลำตัวสีเหลือบเป็นมัน ตัวผู้สีเข้มกว่าตัวเมีย ซึ่งส่วนใหญ่มีสีน้ำตาลอมเขียว ปากยาวเรียวโค้งลงเหมาะสำหรับดูดน้ำต้อยจากปลีกล้วย ดอกไม้ และจับแมลงกิน เช่น กินปลีอกเหลือง [ Nectarinia jugularis (Linn.)] กินปลีหางยาวเขียว [ Aethopyga nipalensis (Hodgson)] กินปลีท้ายทอยสีน้ำเงิน [ Hypogramma hypogrammicumMüller].
กินปิ่นโต	๒๕๔๒	ก. ว่าจ้างให้ทำอาหารใส่ปิ่นโตส่งให้ตามที่ตกลงกัน, ผูกปิ่นโต ก็ว่า, (ปาก) ว่าปิ่นโต.
กินปิ่นโต	๒๕๕๔	ว่าจ้างให้ทำอาหารใส่ปิ่นโตส่งให้ตามที่ตกลงกัน, ผูกปิ่นโต ก็ว่า, (ปาก) ว่าปิ่นโต.
กินปูนร้อนท้อง	๒๕๔๒	(สํา) ก. ทําอาการมีพิรุธขึ้นเอง, แสดงอาการเดือดร้อนขึ้นเอง.
กินปูนร้อนท้อง	๒๕๕๔	ทำอาการมีพิรุธขึ้นเอง, แสดงอาการเดือดร้อนขึ้นเอง.
กินผัว	๒๕๔๒	ว. มีผัวกี่คน&#160;ๆ ก็ตายจากไปก่อนหมด.
กินผัว	๒๕๕๔	มีผัวกี่คนๆ ก็ตายจากไปก่อนหมด.
กินมือ	๒๕๔๒	ก. กินอาหารด้วยมือ.
กินมือ	๒๕๕๔	กินอาหารด้วยมือ.
กินยุง	๒๕๕๔	ดู หางนกยูง.
กินรวบ	๒๕๕๔	ดู สลากกินรวบ.
กินรังแตน	๒๕๔๒	(สํา) ก. มีอารมณ์เสียหงุดหงิดบ่นว่าเกินกว่าเหตุ.
กินรังแตน	๒๕๕๔	มีอารมณ์เสียหงุดหงิดบ่นว่าเกินกว่าเหตุ.
กินริน	๒๕๔๒	[กินนะริน, กินนะรี] (กลอน) น. กินนรเพศหญิง เช่น ดุจกินรินแน่ง พักตราแพ่งมานุษย์. (ม. คําหลวง ทานกัณฑ์), กินรีแอ่นกินรากร. (ม. คําหลวง วนปเวสน์).
กินริน	๒๕๕๔	กินนรเพศหญิง เช่น ดุจกินรินแน่ง พักตราแพ่งมานุษย์ (ม. คำหลวง ทานกัณฑ์), กินรีแอ่นกินรากร (ม. คำหลวง วนปเวสน์).
กินรินเลียบถ้ำ	๒๕๔๒	น. ชื่อท่ารำแม่บทท่าหนึ่ง, กินนรเลียบถ้ำ ก็ว่า.
กินรินเลียบถ้ำ	๒๕๕๔	ดู กินนรเลียบถ้ำ.
กินรี	๒๕๕๔	กินนรเพศหญิง เช่น ดุจกินรินแน่ง พักตราแพ่งมานุษย์ (ม. คำหลวง ทานกัณฑ์), กินรีแอ่นกินรากร (ม. คำหลวง วนปเวสน์).
กินรุก	๒๕๔๒	ก. เดินหมากเข้าไปกินหมากของอีกฝ่ายหนึ่งแล้วอยู่ในตำแหน่งที่จะกินขุนของอีกฝ่ายหนึ่งทันที (ใช้ในการเล่นหมากรุก).
กินรุก	๒๕๕๔	เดินหมากเข้าไปกินหมากของอีกฝ่ายหนึ่งแล้วอยู่ในตำแหน่งที่จะกินขุนของอีกฝ่ายหนึ่งทันที (ใช้ในการเล่นหมากรุก).
กินรูป	๒๕๔๒	ว. มีลักษณะให้เห็นขนาดย่อมกว่าตัวจริง, ใหญ่ดูเป็นเล็ก, ซ่อนรูป ก็ว่า.
กินรูป	๒๕๕๔	มีลักษณะให้เห็นขนาดเล็กกว่าตัวจริง, ใหญ่ดูเป็นเล็ก, ซ่อนรูป ก็ว่า.
กินลม	๒๕๔๒	ก. ต้านลม, รับลม, เช่น ว่าวกินลม ใบเรือกินลม.
กินลม	๒๕๕๔	ต้านลม, รับลม, เช่น ว่าวกินลม ใบเรือกินลม.
กินลมกินแล้ง	๒๕๔๒	(สํา) ก. ไม่ได้ประโยชน์อะไรเลย.
กินลมกินแล้ง	๒๕๕๔	ไม่ได้ประโยชน์อะไรเลย.
กินลึก	๒๕๔๒	ว. มีเล่ห์ลึกซึ้ง.
กินลึก	๒๕๕๔	มีเล่ห์ลึกซึ้ง.
กินลูกตะกั่ว	๒๕๕๔	ถูกยิง เช่น ไปขัดผลประโยชน์ของผู้มีอิทธิพลเข้าระวังจะได้กินลูกตะกั่ว ใครล่ะอยากจะกินลูกปืน.
กินลูกปืน	๒๕๕๔	ถูกยิง เช่น ไปขัดผลประโยชน์ของผู้มีอิทธิพลเข้าระวังจะได้กินลูกตะกั่ว ใครล่ะอยากจะกินลูกปืน.
กินล้างกินผลาญ	๒๕๔๒	ก. กินครึ่งทิ้งครึ่ง, กินทิ้งกินขว้าง, กินอย่างสุรุ่ยสุร่าย.
กินล้างกินผลาญ	๒๕๕๔	กินครึ่งทิ้งครึ่ง, กินทิ้งกินขว้าง, กินอย่างสุรุ่ยสุร่าย.
กินสั่ง	๒๕๔๒	ก. กินมากผิดปรกติเมื่อถึงคราวจะตาย, โดยปริยายหมายความถึงกินจุเกินควร.
กินสั่ง	๒๕๕๔	กินมากผิดปรกติเมื่อถึงคราวจะตาย, โดยปริยายหมายความถึงกินจุเกินควร.
กินสำรับ	๒๕๔๒	ก. กินอาหารที่เขาจัดมาเป็นสํารับ, (สำ) กินอาหารอย่างดี.
กินสำรับ	๒๕๕๔	กินอาหารที่เขาจัดมาเป็นสำรับ, (สำ) กินอาหารอย่างดี.
กินสินบน	๒๕๔๒	ก. รับเงินหรือสิ่งของต่าง&#160;ๆ เป็นต้นเพื่อให้ทำประโยชน์แก่ผู้ให้ในทางมิชอบ.
กินสินบน	๒๕๕๔	รับเงินหรือสิ่งของต่างๆ เป็นต้นเพื่อให้ทำประโยชน์แก่ผู้ให้ในทางมิชอบ.
กินสี่ถ้วย	๒๕๔๒	ก. กินเลี้ยงในงานมงคล [สี่ถ้วย คือ ขนม ๔ อย่าง อย่างละถ้วย ได้แก่ ไข่กบ (สาคูหรือเมล็ดแมงลัก), นกปล่อย (ลอดช่อง), มะลิลอย (ข้าวตอก), อ้ายตื้อ (ข้าวเหนียว) มีนํ้ากะทิใส่ชามอยู่กลาง].
กินสี่ถ้วย	๒๕๕๔	กินเลี้ยงในงานมงคล [สี่ถ้วย คือ ขนม ๔ อย่าง อย่างละถ้วย ได้แก่ ไข่กบ (สาคูหรือเมล็ดแมงลัก), นกปล่อย (ลอดช่อง), มะลิลอย (ข้าวตอก), อ้ายตื้อ (ข้าวเหนียว) มีนํ้ากะทิใส่ชามอยู่กลาง].
กินส้อม	๒๕๔๒	ก. กินอาหารด้วยส้อม.
กินส้อม	๒๕๕๔	กินอาหารด้วยส้อม.
กินหน้า	๒๕๔๒	ว. ลักษณาการของว่าวที่สายซุงบนสั้น เรียกว่า กินหน้า, ที่สายซุงบนยาว เรียกว่า กินหลัง, ที่เสียหางตัวเอง เรียกว่า กินหาง.
กินหน้า	๒๕๕๔	ลักษณาการของว่าวที่สายซุงบนสั้น เรียกว่า กินหน้า, ที่สายซุงบนยาว เรียกว่า กินหลัง, ที่เสียหางตัวเอง เรียกว่า กินหาง.
กินหลัง	๒๕๕๔	ลักษณาการของว่าวที่สายซุงบนสั้น เรียกว่า กินหน้า, ที่สายซุงบนยาว เรียกว่า กินหลัง, ที่เสียหางตัวเอง เรียกว่า กินหาง.
กินหาง	๒๕๕๔	ลักษณาการของว่าวที่สายซุงบนสั้น เรียกว่า กินหน้า, ที่สายซุงบนยาว เรียกว่า กินหลัง, ที่เสียหางตัวเอง เรียกว่า กินหาง.
กินหู้	๒๕๔๒	(ปาก) ก. ผิดคาด. (มาจากเรื่องแทงหวย ถูกตัวเช้า กินตัวคํ่า).
กินหู้	๒๕๕๔	ผิดคาด.
กินอยู่กับปาก อยากอยู่กับท้อง	๒๕๔๒	(สํา) ก. รู้ดีอยู่แล้วแสร้งทําเป็นไม่รู้.
กินอยู่กับปาก อยากอยู่กับท้อง	๒๕๕๔	รู้ดีอยู่แล้วแสร้งทำเป็นไม่รู้.
กินอยู่พูวาย	๒๕๔๒	ก. กินอย่างอิ่มหนําสําราญ.
กินอยู่พูวาย	๒๕๕๔	กินอย่างอิ่มหนำสำราญ.
กินอย่างหมู อยู่อย่างหมา	๒๕๕๔	เละเทะไม่มีระเบียบ.
กินูน	๒๕๕๔	ชื่อแมลงพวกด้วงหลายชนิดหลายสกุล ในวงศ์ Scarabaeidae ลำตัวมีขนาดและสีแตกต่างกันแล้วแต่ชนิด ตัวอ่อนอาศัยอยู่ในดินกินรากพืช ตัวเต็มวัยอาศัยอยู่บนต้นไม้กินใบไม้ มักบินเข้าหาแสงไฟ ชาวบ้านในภาคเหนือและภาคตะวันออกเฉียงเหนือนิยมนำมารับประทาน ที่พบบ่อย เช่น ชนิด Anomala antiqueGyllenhal ลำตัวสีดำเหลือบน้ำเงิน ยาว ๑๘-๒๐ มิลลิเมตร ชนิด Sophrops foveatus Moser ลำตัวสีน้ำตาลแดง ยาวประมาณ ๑๕ มิลลิเมตร, แมลงนูน ก็เรียก.
กินเกลียว	๒๕๔๒	ก. เข้ากันได้สนิท, มักใช้ในความปฏิเสธว่า ไม่กินเกลียวกัน.
กินเกลียว	๒๕๕๔	เข้ากันได้สนิท, มักใช้ในความปฏิเสธว่า ไม่กินเกลียวกัน.
กินเกลือกินกะปิ	๒๕๔๒	(สํา) ว. อดทนต่อความลำบากยากแค้น เช่น เขาเคยกินเกลือกินกะปิมาด้วยกัน.
กินเกลือกินกะปิ	๒๕๕๔	อดทนต่อความลำบากยากแค้น เช่น เขาเคยกินเกลือกินกะปิมาด้วยกัน.
กินเครา	๒๕๔๒	[-เคฺรา] น. ชื่อนกในวรรณคดี เช่น นกพริกจิกจอกกินเครา. (สมุทรโฆษ).
กินเครา	๒๕๕๔	ชื่อนกในวรรณคดี เช่น นกพริกจิกจอกกินเครา
กินเจ	๒๕๔๒	ก. ถือศีลอย่างญวนหรือจีน โดยกินอาหารจำพวกผักล้วน ไม่มีเนื้อสัตว์.
กินเจ	๒๕๕๔	ถือศีลอย่างญวนหรือจีน โดยกินอาหารจำพวกผักล้วน ไม่มีเนื้อสัตว์.
กินเปล่า	๒๕๔๒	[-เปฺล่า] ก. ได้ประโยชน์เปล่า&#160;ๆ ไม่ต้องตอบแทน.<2t>น. เรียกเงิน ทรัพย์สิน หรือสิ่งอื่น&#160;ๆ ที่เสียไป เพื่อให้ได้สิทธิตามที่ตกลงกันว่า เงินกินเปล่า.<2t>ว. ได้ประโยชน์แต่ฝ่ายเดียว เช่น เตะกินเปล่า.
กินเปล่า	๒๕๕๔	ได้ประโยชน์เปล่าๆ ไม่ต้องตอบแทน.
กินเปี้ยว	๒๕๔๒	น. ชื่อนกกระเต็นชนิด Halcyon chloris ในวงศ์ Alcedinidae ปากแบนข้างสีดําปลายแหลม ลําตัวด้านบนสีนํ้าเงินเขียว คอและใต้ท้องสีขาว หากินในป่าแสม ป่าโกงกาง กินปูเปี้ยวและปลา.
กินเปี้ยว	๒๕๕๔	ชื่อนกกระเต็นชนิด Halcyon chloris (Boddaert) ในวงศ์ Alcedinidae ปากแบนข้างสีดำปลายแหลม ขากรรไกรบนสีดำ ขากรรไกรล่างสีเทาอมชมพู ลำตัวด้านบนสีน้ำเงินแกมเขียว คอและท้องสีขาว หากินตามป่าชายเลน แต่อาจพบได้ในแหล่งน้ำจืดทั่วไป กินปูเปี้ยว ปลา และสัตว์เลื้อยคลานบางชนิด.
กินเพรา	๒๕๔๒	[-เพฺรา] น. กินอาหารมื้อเย็น.
กินเพรา	๒๕๕๔	กินอาหารมื้อเย็น.
กินเมีย	๒๕๔๒	ว. มีเมียกี่คน&#160;ๆ ก็ตายจากไปก่อนหมด.
กินเมีย	๒๕๕๔	มีเมียกี่คนๆ ก็ตายจากไปก่อนหมด.
กินเมือง	๒๕๔๒	ก. ครอบครองเมือง.
กินเมือง	๒๕๕๔	ครอบครองเมือง.
กินเลี้ยง	๒๕๔๒	ก. กินอาหารร่วมกันหลายคนเพื่อสังสรรค์กันเป็นต้น.
กินเลี้ยง	๒๕๕๔	กินอาหารร่วมกันหลายคนเพื่อสังสรรค์กันเป็นต้น.
กินเล็กกินน้อย	๒๕๕๔	เบียดบังแม้แต่เงินหรือของเล็ก ๆ น้อย ๆ เช่น ถ้าเจ้าหน้าที่ในโครงการไม่กินเล็กกินน้อย โครงการนี้คงจะก้าวหน้าไปไกลแล้ว.
กินเวลา	๒๕๔๒	ก. เปลืองเวลา, ใช้เวลามาก.
กินเวลา	๒๕๕๔	เปลืองเวลา, ใช้เวลามาก.
กินเศษกินเลย	๒๕๔๒	(สำ) ก. กินกําไร, ยักเอาเพียงบางส่วนที่มีจํานวนเล็กน้อยไว้, ยักเอาส่วนที่เหลือไว้เป็นของตน, เอาเพียงบางส่วนไว้เป็นของตน.
กินเศษกินเลย	๒๕๕๔	กินกำไร, ยักเอาเพียงบางส่วนที่มีจำนวนเล็กน้อยไว้, ยักเอาส่วนที่เหลือไว้เป็นของตน, เอาเพียงบางส่วนไว้เป็นของตน.
กินเส้น	๒๕๔๒	ก. ชอบกัน, เข้ากันได้, มักใช้ในความปฏิเสธว่า ไม่กินเส้นกัน.
กินเส้น	๒๕๕๔	ชอบกัน, เข้ากันได้, มักใช้ในความปฏิเสธว่า ไม่กินเส้นกัน.
กินเหนียว	๒๕๔๒	(ถิ่น-ปักษ์ใต้) ก. กินเลี้ยงในงานแต่งงาน.
กินเหนียว	๒๕๕๔	กินเลี้ยงในงานแต่งงาน.
กินเหมือนหมู อยู่เหมือนหมา	๒๕๔๒	(สํา) ว. เละเทะไม่มีระเบียบ.
กินเหมือนหมู อยู่เหมือนหมา	๒๕๕๔	เละเทะไม่มีระเบียบ.
กินเหล็กกินไหล	๒๕๔๒	(สํา) ว. ทนต่อความเหน็ดเหนื่อยหรือความเจ็บปวดได้อย่างผิดปรกติ.
กินเหล็กกินไหล	๒๕๕๔	ทนต่อความเหน็ดเหนื่อยหรือความเจ็บปวดได้อย่างผิดปรกติ.
กินแกลบกินรำ	๒๕๔๒	[-แกฺลบ-] (สํา) ว. โง่ เช่น ฉันไม่ได้กินแกลบกินรำนี่ จะได้ไม่รู้เท่าทันคุณ.
กินแกลบกินรำ	๒๕๕๔	โง่ เช่น ฉันไม่ได้กินแกลบกินรำนี่ จะได้ไม่รู้เท่าทันคุณ.
กินแขก	๒๕๔๒	(ถิ่น-พายัพ) ก. กินเลี้ยงในการแต่งงาน.
กินแขก	๒๕๕๔	กินเลี้ยงในการแต่งงาน.
กินแจ	๒๕๕๔	ถือศีลอย่างญวนหรือจีน โดยกินอาหารจำพวกผักล้วน ไม่มีเนื้อสัตว์.
กินแถว	๒๕๔๒	ก. เอาตัวหมากออกจากกระดานตลอดทั้งแถว (ใช้เฉพาะการเล่นหมากแยก).<2t>ว. กระทบกระเทือนทุกคนในพวกนั้น, ถูกลงโทษทุกคนในพวกนั้น.
กินแถว	๒๕๕๔	เอาตัวหมากออกจากกระดานตลอดทั้งแถว (ใช้เฉพาะการเล่นหมากแยก). ว. กระทบกระเทือนทุกคนในพวกนั้น, ถูกลงโทษทุกคนในพวกนั้น.
กินแบ่ง	๒๕๔๒	น. เรียกสลากที่จําหน่ายแก่ผู้ถือเพื่อรับรางวัลในการเสี่ยงโชค โดยผู้จําหน่ายหักส่วนลดเป็นกําไรว่า สลากกินแบ่ง.
กินแบ่ง	๒๕๕๔	เรียกสลากที่จำหน่ายแก่ผู้ถือเพื่อรับรางวัลในการเสี่ยงโชค โดยผู้จำหน่ายหักส่วนลดเป็นกำไร ว่า สลากกินแบ่ง.
กินแรง	๒๕๔๒	ก. เอาเปรียบผู้อื่นในการทํางานหรือในการเลี้ยงชีพ; หนักแรง, ต้องใช้แรงมาก.
กินแรง	๒๕๕๔	เอาเปรียบผู้อื่นในการทำงานหรือในการเลี้ยงชีพ
กินแหนง	๒๕๔๒	ก. สงสัย, ระแวง, ไม่แน่ใจ, มักใช้เข้าคู่กับคำ แคลงใจ เป็น กินแหนงแคลงใจ.
กินแหนง	๒๕๕๔	สงสัย, ระแวง, ไม่แน่ใจ, มักใช้เข้าคู่กับคำ แคลงใจ เป็น กินแหนงแคลงใจ.
กินโต๊ะ	๒๕๔๒	ก. กินเลี้ยงด้วยอาหารอย่างดีแบบนั่งโต๊ะ, โดยปริยายหมายความว่า รุมทําร้าย.
กินโต๊ะ	๒๕๕๔	กินเลี้ยงด้วยอาหารอย่างดีแบบนั่งโต๊ะ, โดยปริยายหมายความว่า รุมทำร้าย.
กินใจ	๒๕๔๒	ก. รู้สึกแหนงใจ, สะดุดใจ, กระทบใจ; ซาบซึ้งใจ.
กินใจ	๒๕๕๔	รู้สึกแหนงใจ, สะดุดใจ, กระทบใจ
กินใน	๒๕๔๒	ก. แหนงใจ, กินใจ.
กินใน	๒๕๕๔	แหนงใจ, กินใจ.
กินไม่ลง	๒๕๔๒	(ปาก) ก. เอาชนะไม่ได้.
กินไม่ลง	๒๕๕๔	เอาชนะไม่ได้.
กิมตึ๋ง	๒๕๔๒	น. ชื่อเครื่องหมายถ้วยปั้นชนิดหนึ่งที่สั่งมาจากประเทศจีน. (จ.).
กิมตึ๋ง	๒๕๕๔	ชื่อเครื่องหมายถ้วยปั้นชนิดหนึ่งที่สั่งมาจากประเทศจีน.
กิมิชาติ	๒๕๔๒	(แบบ) น. หนอน, หมู่หนอน. (ป.).
กิมิชาติ	๒๕๕๔	หนอน, หมู่หนอน.
กิมิวิทยา	๒๕๔๒	น. วิชาว่าด้วยหนอน.
กิมิวิทยา	๒๕๕๔	วิชาว่าด้วยหนอน.
กิระ	๒๕๔๒	ว. เล่าลือ เช่น คํากิระ หมายความว่า คําเล่าลือ. (ป.).
กิระ	๒๕๕๔	เล่าลือ เช่น คำกิระ หมายความว่า คำเล่าลือ.
กิริณี	๒๕๔๒	น. ช้างพัง. (โบ เขียนเป็น กิรินี). (ป.).
กิริณี	๒๕๕๔	ช้างพัง, ใช้ว่า กริณี หรือ กรินี ก็มี.
กิรินท	๒๕๔๒	[-ริน] (แบบ) น. ช้างสําคัญ เช่น อ้าบัดนี้แม่มาเดอรดิน สีพิกากิรินทไกรอาศน กวยนแก้วราชรจนา. (ม. คําหลวง วนปเวสน์). (ป. กรินฺท; ส. กรินฺ ว่า ผู้มีมือคืองวง).
กิรินท	๒๕๕๔	ช้างสำคัญ เช่น อ้าบัดนี้แม่มาเดอรดิน สีพิกากิรินทไกรอาศน กวยนแก้วราชรจนา (ม. คำหลวง วนปเวสน์).
กิรินี	๒๕๕๔	ช้างพัง, ใช้ว่า กริณี หรือ กรินี ก็มี.
กิริยา	๒๕๔๒	น. การกระทํา; อาการที่แสดงออกมาด้วยกาย, มารยาท, บางทีใช้ในอาการที่ดี เช่น มีกิริยา หมายความว่า มีกิริยาดี. (ป.).
กิริยา	๒๕๕๔	การกระทำ
กิริยาสะท้อน	๒๕๔๒	น. การเคลื่อนไหวอย่างฉับพลันของกล้ามเนื้อที่ไม่อยู่ในอํานาจสั่งงานของสมอง เพื่อตอบสนองสิ่งกระตุ้น เป็นการหลีกเลี่ยงอันตรายหรือสิ่งรบกวน เช่นหดมือเมื่อถูกของร้อน.
กิริยาสะท้อน	๒๕๕๔	การเคลื่อนไหวอย่างฉับพลันของกล้ามเนื้อที่ไม่อยู่ในอำนาจสั่งงานของสมอง เพื่อตอบสนองสิ่งกระตุ้น เป็นการหลีกเลี่ยงอันตรายหรือสิ่งรบกวน เช่นหดมือเมื่อถูกของร้อน.
กิริเนศวร	๒๕๔๒	[-เนสวน, -เนด] น. ช้างสําคัญ เช่น ทรงนั่งกิริเนศวรโจมทอง. (ม. คําหลวง ทานกัณฑ์).
กิริเนศวร	๒๕๕๔	ช้างสำคัญ เช่น ทรงนั่งกิริเนศวรโจมทอง (ม. คำหลวง ทานกัณฑ์).
กิเลน	๒๕๔๒	น. ชื่อสัตว์ในนิยายจีน, ตามตําราของจีนว่า หัวเป็นมังกร มีเขาอ่อน ๑ เขา ตัวเป็นกวาง ตีนมีกีบเหมือนม้า หางเป็นพวง.
กิเลน	๒๕๕๔	ชื่อสัตว์ในนิยายจีน, ตามตำราของจีนว่า หัวเป็นมังกร มีเขาอ่อน ๑ เขา ตัวเป็นกวาง ตีนมีกีบเหมือนม้า หางเป็นพวง.
กิเลส	๒๕๔๒	[-เหฺลด, -เหฺลดสะ-] น. เครื่องทําใจให้เศร้าหมอง ได้แก่ โลภ โกรธ หลง เช่น ยังตัดกิเลสไม่ได้ กิเลสหนา; กิริยามารยาท ในคําว่า กิเลสหยาบ.
กิเลส	๒๕๕๔	เครื่องทำใจให้เศร้าหมอง ได้แก่ โลภ โกรธ หลง เช่น ยังตัดกิเลสไม่ได้ กิเลสหนา
กิเลส-	๒๕๕๔	เครื่องทำใจให้เศร้าหมอง ได้แก่ โลภ โกรธ หลง เช่น ยังตัดกิเลสไม่ได้ กิเลสหนา
กิเลสมาร	๒๕๔๒	น. กิเลสซึ่งนับเป็นมารอย่างหนึ่ง. (ป.). (ดู มาร).
กิเลสมาร	๒๕๕๔	กิเลสซึ่งนับเป็นมารอย่างหนึ่ง. (ป.). (ดู มาร).
กิโมโน	๒๕๔๒	น. เครื่องแต่งกายประจําชาติญี่ปุ่น เป็นเสื้อยาว หลวม แขนกว้าง มีผ้าคาดเอว, โดยปริยายใช้เรียกเสื้อสตรีที่มีลักษณะเช่นนั้น.
กิโมโน	๒๕๕๔	เครื่องแต่งกายประจำชาติญี่ปุ่น เป็นเสื้อยาว หลวม แขนกว้าง มีผ้าคาดเอว, โดยปริยายใช้เรียกเสื้อสตรีที่มีลักษณะเช่นนั้น.
กิโยตีน	๒๕๔๒	น. เครื่องมือประหารชีวิตแบบหนึ่ง ประกอบด้วยใบมีดขนาดใหญ่ ด้านคมมีลักษณะเฉียง เลื่อนลงมาตามร่องเสาให้ตัดคอนักโทษ. (ฝ. guillotine).
กิโยตีน	๒๕๕๔	เครื่องมือประหารชีวิตแบบหนึ่ง ประกอบด้วยใบมีดขนาดใหญ่ ด้านคมมีลักษณะเฉียง เลื่อนลงมาตามร่องเสาให้ตัดคอนักโทษ.
กิโล	๒๕๔๒	เป็นคําประกอบข้างหน้าหน่วยมาตราเมตริก หมายความว่า พัน เช่น กิโลเมตร กิโลกรัม.<2t>(ปาก) น. เครื่องชั่ง เช่น กิโลนี้ไม่เที่ยง; คำเรียกสั้น&#160;ๆ ของกิโลกรัมและกิโลเมตร.
กิโล	๒๕๕๔	เป็นคำประกอบข้างหน้าหน่วยมาตราเมตริก หมายความว่า พัน เช่น กิโลเมตร กิโลกรัม.
กิโล-	๒๕๕๔	เป็นคำประกอบข้างหน้าหน่วยมาตราเมตริก หมายความว่า พัน เช่น กิโลเมตร กิโลกรัม.
กิโลกรัม	๒๕๔๒	น. ชื่อมาตราชั่งนํ้าหนัก เท่ากับ ๑,๐๐๐ กรัม, อักษรย่อว่า กก., (ปาก) เรียกสั้น&#160;ๆ ว่า กิโล หรือ โล. (ฝ. kilogramme).
กิโลกรัม	๒๕๕๔	ชื่อมาตราชั่งนํ้าหนัก เท่ากับ ๑,๐๐๐ กรัม, อักษรย่อว่า กก., (ปาก) เรียกสั้นๆ ว่า กิโล หรือ โล.
กิโลมกะ	๒๕๔๒	[-มะกะ] น. พังผืด. (ป.).
กิโลมกะ	๒๕๕๔	พังผืด.
กิโลลิตร	๒๕๔๒	น. ชื่อมาตราตวง เท่ากับ ๑,๐๐๐ ลิตร หรือ ๑ ลูกบาศก์เมตร, อักษรย่อว่า กล. (ฝ. kilolitre).
กิโลลิตร	๒๕๕๔	ชื่อมาตราตวง เท่ากับ ๑,๐๐๐ ลิตร หรือ ๑ ลูกบาศก์เมตร, อักษรย่อว่า กล.
กิโลเมตร	๒๕๔๒	น. ชื่อมาตราวัด เท่ากับ ๑,๐๐๐ เมตร, อักษรย่อว่า กม., (ปาก) เรียกสั้น&#160;ๆ ว่า กิโล. (ฝ. kilometre).
กิโลเมตร	๒๕๕๔	ชื่อมาตราวัด เท่ากับ ๑,๐๐๐ เมตร, อักษรย่อว่า กม., (ปาก) เรียกสั้นๆ ว่า กิโล.
กิโลเฮิรตซ์	๒๕๔๒	น. หน่วยวัดความถี่ของกระแสไฟฟ้าสลับหรือคลื่นวิทยุ ใช้สัญลักษณ์ kHz ๑ กิโลเฮิรตซ์ มีค่าเท่ากับ ๑,๐๐๐ เฮิรตซ์ หรือเท่ากับ ๑,๐๐๐ ไซเกิลต่อวินาที. (อ. kilohertz).
กิโลเฮิรตซ์	๒๕๕๔	หน่วยวัดความถี่ของกระแสไฟฟ้าสลับหรือคลื่นวิทยุ ใช้สัญลักษณ์ kHz ๑ กิโลเฮิรตซ์ มีค่าเท่ากับ ๑,๐๐๐ เฮิรตซ์ หรือเท่ากับ ๑,๐๐๐ ไซเกิลต่อวินาที.
กิโลไซเกิล	๒๕๔๒	น. หน่วยวัดความถี่ของกระแสไฟฟ้าสลับหรือคลื่นวิทยุ มีค่าเท่ากับ ๑,๐๐๐ ไซเกิลต่อวินาที, ปัจจุบันใช้ว่า กิโลเฮิรตซ์. (อ. kilocycle).
กิโลไซเกิล	๒๕๕๔	หน่วยวัดความถี่ของกระแสไฟฟ้าสลับหรือคลื่นวิทยุ มีค่าเท่ากับ ๑,๐๐๐ ไซเกิลต่อวินาที, ปัจจุบันใช้ว่า กิโลเฮิรตซ์.
กิ่ง	๒๕๔๒	น. ส่วนที่แยกออกจากต้น, แขนง; ใช้เรียกส่วนย่อยที่แยกออกไปจากส่วนใหญ่ แต่ยังขึ้นอยู่กับส่วนใหญ่ เช่น กิ่งอําเภอ กิ่งสถานีตํารวจ; ลักษณนามเรียกงาช้างว่า กิ่ง; ชื่อเรือชนิดหนึ่งในกระบวนพยุหยาตรา.
กิ่ง	๒๕๕๔	ส่วนที่แยกออกจากต้น, แขนง
กิ่งก้อย	๒๕๔๒	(สำ) ว. เล็ก เช่น หัวเท่ากิ่งก้อย คือ หัวเล็กนิดเดียว.<2t>น. นิ้วเล็ก เช่น จะชนะไม่เท่ากิ่งก้อย. (สังข์ทอง).
กิ่งก้อย	๒๕๕๔	เล็ก เช่น หัวเท่ากิ่งก้อย คือ หัวเล็กนิดเดียว.
กิ่งทองใบหยก	๒๕๔๒	(สํา) ว. เหมาะสมกัน (ใช้แก่หญิงกับชายที่จะแต่งงานกัน).
กิ่งทองใบหยก	๒๕๕๔	เหมาะสมกัน (ใช้แก่หญิงกับชายที่จะแต่งงานกัน).
กิ่งหาย	๒๕๔๒	ดู หิ่งหาย.
กิ่งหาย	๒๕๕๔	ดู หิ่งหาย.
กิ่งอำเภอ	๒๕๔๒	(กฎ) น. ท้องที่ที่มีความจำเป็นในการปกครอง แยกมาจากอำเภอที่มีเขตท้องที่กว้างขวางแต่จำนวนประชากรไม่มาก หรือที่ที่มีชุมชนมากแต่ท้องที่ไม่กว้างขวางพอที่จะตั้งขึ้นเป็นอำเภอ มีปลัดอำเภอผู้เป็นหัวหน้าประจำกิ่งอำเภอเป็นหัวหน้าปกครอง.
กิ่งอำเภอ	๒๕๕๔	ท้องที่ที่มีความจำเป็นในการปกครอง แยกมาจากอำเภอที่มีเขตท้องที่กว้างขวางแต่จำนวนประชากรไม่มาก หรือที่ที่มีชุมชนมากแต่ท้องที่ไม่กว้างขวางพอที่จะตั้งขึ้นเป็นอำเภอ มีปลัดอำเภอผู้เป็นหัวหน้าประจำกิ่งอำเภอเป็นหัวหน้าปกครอง.
กิ่ว	๒๕๔๒	ว. คอดมาก, เล็กตอนกลาง, เช่น คอกิ่ว ท้องกิ่ว หางกิ่ว; (ถิ่น-พายัพ) คอด.
กิ่ว	๒๕๕๔	คอดมาก, เล็กตอนกลาง, เช่น คอกิ่ว ท้องกิ่ว หางกิ่ว
กิ้งกือ	๒๕๔๒	น. ชื่อสัตว์ไม่มีกระดูกสันหลังหลายวงศ์ มีเปลือกตัวแข็ง ลําตัวยาวแบ่งเป็นปล้อง ไม่แบ่งอกหรือท้องให้เห็น ปล้องตามลําตัวจับกันเป็นคู่ตามยาวยืดหดเข้าหากันได้ ทําให้สามารถขดตัวเป็นวงกลมได้เมื่อถูกรบกวน ปล้องแต่ละคู่จะมีขา ๒ คู่ ยกเว้นปล้องแรกไม่มีขา ปล้องที่ ๒ ถึง ๔ มีขาเพียงคู่เดียว จํานวนขาอาจมีได้ถึง ๒๔๐ คู่ ชนิดตัวโตที่พบบ่อย&#160;ๆ อยู่ในสกุล Graphidostreptus ส่วนตัวขนาดย่อมอยู่ในสกุล Cylindroiulus ทั้ง ๒ สกุลอยู่ในวงศ์ Julidae.
กิ้งกือ	๒๕๕๔	ชื่อสัตว์ขาปล้อง ชั้น Diplopodae มีเปลือกตัวแข็ง ลำตัวกลมยาวแบ่งเป็นปล้อง ไม่แบ่งอกหรือท้องให้เห็น ปล้องตามลำตัวจับกันเป็นคู่ตามยาวยืดหดเข้าหากันได้ ทำให้สามารถขดตัวเป็นวงกลมได้เมื่อถูกรบกวน ปล้องแต่ละคู่จะมีขา ๒ คู่ ยกเว้นปล้องแรกไม่มีขา ปล้องที่ ๒ ถึง ๔ มีขาเพียงคู่เดียว จำนวนขาอาจมีได้ถึง ๒๔๐ คู่ ชนิดตัวโตที่พบบ่อย อยู่ในสกุล Thyropygusเช่น กิ้งกือกระบอก ชนิด T. allevatus (Karsch) วงศ์ Harpagophoridae ส่วนตัวขนาดย่อมอยู่ในสกุล Nepalmatoiulasวงศ์ Julidae.
กิ้งกือเหล็ก	๒๕๔๒	น. ชื่อกิ้งกือขนาดเล็กชนิด Polydesmus spp. ในวงศ์ Polydesmidae โตขนาดก้านไม้ขีดไฟ ยาว ๒-๒.๕ เซนติเมตร สีดําเป็นมัน ขอบข้างลําตัวและท้องสีครีมอ่อน หากินอยู่ตามกองขยะ ปุ๋ยหมัก มักซุกอยู่ในที่มืดและชื้น.
กิ้งกือเหล็ก	๒๕๕๔	ชื่อกิ้งกือขนาดเล็กชนิด Polydesmusspp. ในวงศ์ Polydesmidae โตขนาดก้านไม้ขีดไฟ ลำตัวแบนทางด้านบน ยาว ๒-๒.๕ เซนติเมตร สีดำเป็นมัน ขอบข้างลำตัวและท้องสีครีมอ่อน หากินอยู่ตามกองขยะ ปุ๋ยหมัก มักซุกอยู่ในที่มืดและชื้น.
กิ้งก่า	๒๕๔๒	น. ชื่อสัตว์เลื้อยคลานในวงศ์ Agamidae ตัวมีเกล็ด หางยาว ส่วนใหญ่อาศัยบนต้นไม้ มีหลายสกุลและหลายชนิด เช่น กิ้งก่าบ้านหัวนํ้าเงิน (Calotes mystaceus) กิ้งก่าเขา (Acanthosaura armata), อีสานเรียก ปอม หรือ กะปอม.
กิ้งก่า	๒๕๕๔	ชื่อสัตว์เลื้อยคลานหลายชนิดหลายสกุล ในวงศ์ Agamidae มีขนาดลำตัวต่าง ๆ กัน สันกลางของคอถึงลำตัวมีหนามแหลมจำนวนและขนาดต่างกัน เพศผู้มีสีเข้มและปรับสีได้ดีแตกต่างจากเพศเมีย ตัวและขามีเกล็ด ขาและนิ้วเล็กเรียว เล็บแหลมคม หางยาว ส่วนใหญ่อาศัยบนต้นไม้ เช่น กิ้งก่าบ้านหัวนํ้าเงิน ( Calotes mystaceus Dumeril & Bibron) กิ้งก่าเขา [ Acanthosaura armata (Hardwicke & Gray)], อีสานเรียก ปอม กะปอม กะทั่ง หรือ กะท้าง.
กิ้งโครง	๒๕๔๒	น. ชื่อนกในวงศ์ Sturnidae ลักษณะคล้ายนกเอี้ยงซึ่งอยู่ในวงศ์เดียวกัน กินผลไม้และแมลง ในประเทศไทยมีหลายชนิด เช่น กิ้งโครงคอดํา (Sturnus nigricollis) กิ้งโครงแกลบปีกขาว (S. sinensis), คลิ้งโคลง ก็เรียก.
กิ้งโครง	๒๕๕๔	ชื่อนกขนาดเล็กถึงขนาดกลางหลายชนิด ในวงศ์ Sturnidae รูปร่างอ้วนป้อมคล้ายนกเอี้ยง หางสั้น ขาแข็งแรง กินผลไม้และแมลง ในประเทศไทยมี ๖ ชนิด ชนิดที่มีขนาดเล็ก เช่น กิ้งโครงแกลบปีกขาว [ Sturnus sinensis (Gmelin)] ชนิดที่มีขนาดกลาง เช่น กิ้งโครงคอดำ ( S. nigricollis (Paykull)), คลิ้งโคลง ก็เรียก.
กิ๊ก	๒๕๕๔	เสียงของแข็งกระทบกัน.
กิ๊กก๊อก	๒๕๕๔	ไม่มีค่า, ไม่สลักสำคัญ, เช่น เรื่องกิ๊กก๊อก คนกิ๊กก๊อก.
กิ๊บ	๒๕๔๒	น. ที่หนีบผมทําด้วยโลหะหรือพลาสติกเป็นต้น สําหรับบังคับผมให้อยู่ในลักษณะที่ต้องการหรือเพื่อประดับตกแต่ง.
กิ๊บ	๒๕๕๔	ที่หนีบผมทำด้วยโลหะหรือพลาสติกเป็นต้น สำหรับบังคับผมให้อยู่ในลักษณะที่ต้องการหรือเพื่อประดับตกแต่ง.
กิ๋ว	๒๕๔๒	ว. เสียงร้องเยาะเย้ย, บางทีทำอาการกระดิกนิ้วชี้ตรงไปที่หน้าผู้ที่ถูกเย้ย, กุ๋ย หรือ กุ๋ย&#160;ๆ ก็ว่า.
กิ๋ว	๒๕๕๔	เสียงร้องเยาะเย้ย, บางทีทำอาการกระดิกนิ้วชี้ตรงไปที่หน้าผู้ที่ถูกเย้ย, กุ๋ย หรือ กุ๋ยๆ ก็ว่า.
กิ๋วๆ	๒๕๕๔	เสียงร้องเยาะเย้ย, บางทีทำอาการกระดิกนิ้วชี้ตรงไปที่หน้าผู้ที่ถูกเย้ย, กุ๋ย หรือ กุ๋ยๆ ก็ว่า.
กี	๒๕๔๒	ดู กาบกี้.
กี	๒๕๕๔	ดู กาบกี้.
กีฏ	๒๕๔๒	[กีตะ-] (แบบ) น. แมลง. (ป. กีฏ ว่า ตั๊กแตน).
กีฏ-	๒๕๕๔	แมลง.
กีฏวิทยา	๒๕๔๒	น. วิชาว่าด้วยแมลง. (อ. entomology).
กีฏวิทยา	๒๕๕๔	วิชาว่าด้วยแมลง.
กีด	๒๕๔๒	ก. กั้น, ขวาง, เกะกะ.
กีด	๒๕๕๔	กั้น, ขวาง, เกะกะ.
กีดกัน	๒๕๔๒	ก. กันไม่ให้ทําได้โดยสะดวก.
กีดกัน	๒๕๕๔	กันไม่ให้ทำได้โดยสะดวก.
กีดกั้น	๒๕๔๒	ก. ขัดขวางไว้.
กีดกั้น	๒๕๕๔	ขัดขวางไว้.
กีดขวาง	๒๕๔๒	ก. ขวางกั้นไว้, ขวางเกะกะ.
กีดขวาง	๒๕๕๔	ขวางกั้นไว้, ขวางเกะกะ.
กีดหน้าขวางตา	๒๕๔๒	ก. เกะกะขัดขวางทําให้เขาไม่สะดวกใจ.
กีดหน้าขวางตา	๒๕๕๔	เกะกะขัดขวางทำให้เขาไม่สะดวกใจ.
กีตาร์	๒๕๔๒	น. เครื่องดีดชนิดหนึ่ง รูปคล้ายซอฝรั่ง มี ๖ สาย ใช้มือดีด. (อ. guitar).
กีตาร์	๒๕๕๔	เครื่องสายประเภทดีดชนิดหนึ่ง มักมี ๖ สาย ใช้กระดีดหรือนิ้วมือดีดสายที่ทำด้วยไนลอนหรือโลหะ.
กีบ	๒๕๔๒	น. เล็บเท้าสัตว์บางชนิดในพวกกินหญ้าอย่างม้าและวัว.
กีบ	๒๕๕๔	เล็บเท้าสัตว์บางชนิดในพวกกินหญ้าอย่างม้าและวัว.
กีบแรด	๒๕๔๒	น. ชื่อเฟินชนิด Angiopteris evecta Hoffm. ในวงศ์ Marattiaceae ทางใบยาวแยกแขนง ที่โคนก้านใบมีส่วนคล้ายกีบแรดหรือกีบม้ากํากับอยู่ ใช้ทํายาได้, ว่านกีบแรด หรือ ว่านกีบม้า ก็เรียก.
กีบแรด	๒๕๕๔	ชื่อเฟินชนิด Angiopteris evecta (G. Forst.) Hoffm. ในวงศ์ Marattiaceae ทางใบยาวแยกแขนง ที่โคนก้านใบมีส่วนคล้ายกีบแรดหรือกีบม้ากำกับอยู่ ใช้ทำยาได้, ว่านกีบแรด หรือ ว่านกีบม้า ก็เรียก.
กีรติ	๒๕๔๒	[กีระติ] (แบบ) น. เกียรติ. (ส.).
กีรติ	๒๕๕๔	เกียรติ.
กีฬา	๒๕๔๒	น. กิจกรรมหรือการเล่นเพื่อความสนุกเพลิดเพลิน เพื่อความแข็งแรงของร่างกาย หรือเพื่อผ่อนคลายความเคร่งเครียดทางจิต. (ป.). (ดู กรีฑา).
กีฬา	๒๕๕๔	กิจกรรมหรือการเล่นที่มีกฎกติกากำหนด เพื่อความสนุกเพลิดเพลินผ่อนคลายความเครียด หรือเสริมสร้างร่างกายให้แข็งแรง และอาจใช้เป็นการแข่งขันเพื่อความเป็นเลิศ เช่น ฟุตบอล ว่ายน้ำ หมากรุก ปีนเขา ล่าสัตว์. (ป.). (ดู กรีฑา ๑).
กี่	๒๕๔๒	น. เครื่องทอผ้า, เครื่องเย็บสมุด; ที่ตั้งพระกลดหรือพระแสงง้าวเป็นต้น.
กี่	๒๕๕๔	เครื่องทอผ้า, เครื่องเย็บสมุด
กี่กระตุก	๒๕๔๒	น. เครื่องทอผ้าชนิดหนึ่งที่มีสายกระตุกเพื่อให้กระสวยพุ่งไปได้เอง.
กี่กระตุก	๒๕๕๔	เครื่องทอผ้าชนิดหนึ่งที่มีสายกระตุกเพื่อให้กระสวยพุ่งไปได้เอง.
กี่มากน้อย	๒๕๔๒	ว. เท่าไร.
กี่มากน้อย	๒๕๕๔	เท่าไร.
กี่เพ้า	๒๕๕๔	เครื่องแต่งกายหญิงจีน เป็นชุดกระโปรงยาวรัดรูป ผ่าข้างสูง.
กี้	๒๕๔๒	น. เวลาที่ล่วงไปหยก&#160;ๆ, มักใช้ประกอบกับคํา เมื่อ เมื่อแต่ หรือ เมื่อตะ เป็น เมื่อกี้ เมื่อแต่กี้ เมื่อตะกี้ หรือ เมื่อกี๊ เมื่อแต่กี๊ เมื่อตะกี๊.
กี้	๒๕๕๔	เวลาที่ล่วงไปหยกๆ, มักใช้ประกอบกับคำ เมื่อ เมื่อแต่ หรือ เมื่อตะ เป็น เมื่อกี้ เมื่อแต่กี้ เมื่อตะกี้ หรือ เมื่อกี๊ เมื่อแต่กี๊ เมื่อตะกี๊.
กี๊	๒๕๕๔	เวลาที่ล่วงไปหยกๆ, มักใช้ประกอบกับคำ เมื่อ เมื่อแต่ หรือ เมื่อตะ เป็น เมื่อกี้ เมื่อแต่กี้ เมื่อตะกี้ หรือ เมื่อกี๊ เมื่อแต่กี๊ เมื่อตะกี๊.
กี๋	๒๕๔๒	น. ฐานสําหรับรองสิ่งของหรือสำหรับนั่ง ทําด้วยวัตถุต่าง&#160;ๆ มีรูปต่าง&#160;ๆ กัน เช่น กี๋รองแจกัน กี๋รองกระถางต้นไม้; ภาชนะมีรูปต่าง&#160;ๆ สําหรับใส่เครื่องนํ้าชาแบบจีน เช่น กี๋ญวน.
กี๋	๒๕๕๔	ฐานสำหรับรองสิ่งของหรือสำหรับนั่ง ทำด้วยวัตถุต่างๆ มีรูปต่างๆ กัน เช่น กี๋รองแจกัน กี๋รองกระถางต้นไม้
กึก	๒๕๔๒	ว. เสียงของแข็ง&#160;ๆ กระทบกัน; ทันที เช่น หยุดกึก; (กลอน) ดังก้อง เช่น กึกฟ้าหล้าหล่มธรณี. (สมุทรโฆษ).
กึก	๒๕๕๔	เสียงของแข็งกระทบกัน
กึกกัก	๒๕๔๒	ว. เสียงดังเช่นนั้น, ติด&#160;ๆ ขัด&#160;ๆ.
กึกกัก	๒๕๕๔	เสียงดังเช่นนั้น, ติดๆ ขัดๆ.
กึกกือ	๒๕๔๒	ว. ใช้เข้าคู่กับคํา พิลึก ว่า พิลึกกึกกือ หมายความว่า แปลกประหลาดมาก, ผิดปรกติมาก, ชอบกลมาก.
กึกกือ	๒๕๕๔	ใช้เข้าคู่กับคำ พิลึก ว่า พิลึกกึกกือ หมายความว่า แปลกประหลาดมาก, ผิดปรกติมาก, ชอบกลมาก.
กึกก้อง	๒๕๔๒	ว. ดังสนั่น, ดังมาก.
กึกก้อง	๒๕๕๔	ดังสนั่น, ดังมาก.
กึง	๒๕๔๒	ว. เสียงดังเช่นนั้น, ดังก้อง.
กึง	๒๕๕๔	เสียงดังเช่นนั้น, ดังก้อง.
กึงกัง	๒๕๔๒	ว. เสียงดังอย่างล้อเกวียนกระทบพื้นที่แข็ง.
กึงกัง	๒๕๕๔	เสียงดังอย่างล้อเกวียนกระทบพื้นที่แข็ง.
กึ่ง	๒๕๔๒	ว. ครึ่ง.
กึ่ง	๒๕๕๔	ครึ่ง.
กึ่งกลาง	๒๕๔๒	ว. ใจกลาง, ตรงกลาง.
กึ่งกลาง	๒๕๕๔	ใจกลาง, ตรงกลาง.
กึ่งราชการ	๒๕๔๒	ว. ไม่ใช่ทางราชการแท้.
กึ่งราชการ	๒๕๕๔	ไม่ใช่ทางราชการแท้.
กึ๋น	๒๕๔๒	น. กระเพาะที่ ๒ ของสัตว์ประเภทสัตว์ปีก มีหน้าที่ย่อยอาหารต่อจากกระเพาะที่ ๑ ประกอบด้วยผนังที่มีกล้ามเนื้อหนาและเหนียวสําหรับบดอาหาร โดยมีหินก้อนเล็ก&#160;ๆ ที่กลืนเข้าไปเป็นเครื่องช่วย.
กึ๋น	๒๕๕๔	กระเพาะที่ ๒ ของสัตว์ประเภทสัตว์ปีก มีหน้าที่ย่อยอาหารต่อจากกระเพาะที่ ๑ ประกอบด้วยผนังที่มีกล้ามเนื้อหนาและเหนียวสำหรับบดอาหาร โดยมีหินก้อนเล็กๆ ที่กลืนเข้าไปเป็นเครื่องช่วย
กุ	๒๕๔๒	ก. สร้างให้เป็นเรื่องเป็นข่าวขึ้นโดยไม่มีมูล.
กุ	๒๕๕๔	สร้างให้เป็นเรื่องเป็นข่าวขึ้นโดยไม่มีมูล.
กุก	๒๕๔๒	ว. เสียงของแข็ง&#160;ๆ กระทบกัน.<2t>ก. กิริยาที่หนูร้องดังเช่นนั้น เรียกว่า หนูกุก.<2t>น. เครื่องดักหนูเป็นหีบมีกระดานหก มีลูกกลิ้ง เมื่อหนูเข้าไปเหยียบกระดานหก ลูกกลิ้งจะกลิ้งมาปิดช่อง แล้วหนูจะกระโดดเข้าไปยังอีกที่หนึ่ง และถูกขังอยู่ในนั้น; เสียงส่งท้ายการขันของนกเขาหลวง ซึ่งอาจมีได้ถึง ๓ กุก.
กุก	๒๕๕๔	เสียงของแข็งกระทบกัน.
กุกกัก	๒๕๔๒	ว. กึกกัก, ติด&#160;ๆ ขัด&#160;ๆ, ไม่สะดวก; เสียงดังเช่นนั้น.
กุกกัก	๒๕๕๔	กึกกัก, ติดๆ ขัดๆ, ไม่สะดวก, เสียงดังเช่นนั้น.
กุกกุฏ	๒๕๔๒	[-กุตะ-] (แบบ) น. ไก่, ไก่ป่า, เช่น กุกกุฏสังวัจฉร (ปีระกา). (ป.).
กุกกุฏ-	๒๕๕๔	ไก่, ไก่ป่า, เช่น กุกกุฏสังวัจฉร หมายความว่า ปีระกา.
กุกกุร	๒๕๔๒	[-กุระ-] (แบบ) น. สุนัข, ลูกสุนัข, เช่น กุกกุร สังวัจฉร (ปีจอ). (ป.).
กุกกุร-	๒๕๕๔	สุนัข, ลูกสุนัข, เช่น กุกกุรสังวัจฉร หมายความว่า ปีจอ.
กุกขี้หมู	๒๕๔๒	ดู รักหมู.
กุกขี้หมู	๒๕๕๔	ดู รักหมู ที่ รัก ๑.
กุกรรม	๒๕๔๒	(แบบ) น. การชั่ว, การไม่ดี. (ส.; ป. กุกมฺม).
กุกรรม	๒๕๕๔	น การชั่ว, การไม่ดี.
กุกะ	๒๕๔๒	ว. ขรุขระ เช่น ทั้งนํ้าใจก็ดื้อดันดุกุกะไม่คิดกลัว. (ม. ร่ายยาว ชูชก).
กุกะ	๒๕๕๔	ขรุขระ เช่น ทั้งนํ้าใจก็ดื้อดันดุกุกะไม่คิดกลัว (ม. ร่ายยาว ชูชก).
กุกะมะเทิ่ง	๒๕๔๒	ว. ทะลึ่งตึงตัง.
กุกะมะเทิ่ง	๒๕๕๔	ทะลึ่งตึงตัง.
กุกุธภัณฑ์	๒๕๔๒	[กุกุดทะ-] (โบ) น. กกุธภัณฑ์.
กุกุธภัณฑ์	๒๕๕๔	กกุธภัณฑ์.
กุกๆ กักๆ	๒๕๕๔	กึกกัก, ติดๆ ขัดๆ, ไม่สะดวก, เสียงดังเช่นนั้น.
กุก่อง	๒๕๔๒	(โบ) ว. รุ่งเรือง, สุกใส, เช่น กุก่องกนกมี. (สมุทรโฆษ).
กุก่อง	๒๕๕๔	รุ่งเรือง, สุกใส, เช่น กุก่องกนกมี
กุงอน	๒๕๔๒	[-งอน] น. นกช้อนหอย เช่น มีกุโงกกุงานและกุงอน. (สมุทรโฆษ).
กุงอน	๒๕๕๔	นกช้อนหอย เช่น มีกุโงกกุงานและกุงอน
กุงาน	๒๕๔๒	น. ห่าน, ใช้หมายความถึง นกยูง ก็มี เช่น แพนกุงานกระพือ. (สมุทรโฆษ), กลางคชเทอดแพน กุงาน ง่าคว้าง. (ลิลิตพยุหยาตรา).
กุงาน	๒๕๕๔	ห่าน, ใช้หมายความถึง นกยูง ก็มี เช่น แพนกุงานกระพือ (สมุทรโฆษ), กลางคชเทอดแพน กุงาน ง่าคว้าง
กุจี	๒๕๔๒	(แบบ) น. หญิงค่อม เช่น ทฤษฎีกุจีจิตจํานง. (สุธน).
กุจี	๒๕๕๔	หญิงค่อม เช่น ทฤษฎีกุจีจิตจำนง
กุญชร	๒๕๔๒	[กุนชอน] (แบบ) น. ช้าง. (ป.).
กุญชร	๒๕๕๔	ช้าง.
กุญชรเกษม	๒๕๕๔	ชื่อเพลงระบำสำหรับช้าง ใช้ในการแสดงโขนตอนพระคเณศเสียงา.
กุญแจ	๒๕๔๒	น. เครื่องสําหรับใส่ประตูหน้าต่างเป็นต้น เพื่อยึดหรือสลักไม่ให้เปิดเข้าออกได้ เวลากดหรือไขออก มีเสียงลั่นดังกริ๊ก มีลูกไข เรียกว่า ลูกกุญแจ, ประแจ ก็เรียก. (ป., ส. กุญฺจิกา ว่า ลูกดาล, เทียบมลายู กุญจี).
กุญแจ	๒๕๕๔	เครื่องสำหรับใส่ประตูหน้าต่างเป็นต้น เพื่อยึดหรือสลักไม่ให้เปิดเข้าออกได้ เวลากดหรือไขออกมีเสียงลั่นดังกริ๊ก มีลูกไข เรียกว่า ลูกกุญแจ, ประแจ ก็เรียก.
กุญแจกล	๒๕๔๒	น. กุญแจที่เปิดโดยใช้รหัส.
กุญแจกล	๒๕๕๔	กุญแจที่เปิดโดยใช้รหัส.
กุญแจประจำหลัก	๒๕๔๒	น. กุญแจเสียง.
กุญแจปากตาย	๒๕๔๒	น. เครื่องมือโลหะชนิดหนึ่ง รูปร่างตอนปลายทั้ง ๒ ข้างคล้ายก้ามปู มีขนาดปากตายตัว ใช้สําหรับขันหรือคลายนอตเป็นต้น.
กุญแจปากตาย	๒๕๕๔	เครื่องมือโลหะชนิดหนึ่ง รูปร่างตอนปลายทั้ง ๒ ข้างคล้ายก้ามปู มีขนาดปากตายตัว ใช้สำหรับขันหรือคลายนอตเป็นต้น.
กุญแจผี	๒๕๔๒	น. ลูกกุญแจหรือเส้นลวดเป็นต้นที่ทําขึ้นสําหรับไขกุญแจ มักใช้เพื่อการทุจริต.
กุญแจผี	๒๕๕๔	ลูกกุญแจหรือเส้นลวดเป็นต้นที่ทำขึ้นสำหรับไขกุญแจ มักใช้เพื่อการทุจริต.
กุญแจมือ	๒๕๔๒	น. ห่วงเหล็กมีกุญแจไข สําหรับเจ้าหน้าที่ใช้ใส่ข้อมือผู้ต้องหา.
กุญแจมือ	๒๕๕๔	ห่วงเหล็กมีกุญแจไข สำหรับเจ้าหน้าที่ใช้ใส่ข้อมือผู้ต้องหา.
กุญแจรหัส	๒๕๔๒	น. กุญแจที่ใช้ระบบสัญลักษณ์; สมุดประมวลรหัส เพื่อใช้เข้ารหัสและถอดรหัส บรรจุข้อความที่เข้ารหัสไว้ด้านหนึ่งและข้อความที่ถอดรหัสแล้วไว้อีกด้านหนึ่ง.
กุญแจรหัส	๒๕๕๔	กุญแจที่ใช้ระบบสัญลักษณ์
กุญแจเลื่อน	๒๕๔๒	น. เครื่องมือโลหะชนิดหนึ่ง มีส่วนประกอบสําหรับเลื่อนเพื่อปรับขนาดปากได้ ใช้สําหรับขันหรือคลายนอตเป็นต้น.
กุญแจเลื่อน	๒๕๕๔	เครื่องมือโลหะชนิดหนึ่ง มีส่วนประกอบสำหรับเลื่อนเพื่อปรับขนาดปากได้ ใช้สำหรับขันหรือคลายนอตเป็นต้น.
กุญแจเสียง	๒๕๔๒	pic017.gif,กุญแจเสียง>น. เครื่องหมายอย่างหนึ่งที่ใช้ในการบันทึกเสียงดนตรีสากล เขียนไว้ตอนหน้าของบรรทัด ๕ เส้นเพื่อกําหนดระดับเสียงของตัวโน้ต, กุญแจประจําหลัก ก็เรียก.
กุญแจเสียง	๒๕๕๔	ระบบเสียงซึ่งประกอบด้วยกลุ่มโน้ต โดยมีโน้ตใดโน้ตหนึ่งทำหน้าที่เป็นศูนย์กลาง.
กุญแจแหวน	๒๕๔๒	[-แหฺวน] น. เครื่องมือโลหะชนิดหนึ่ง ตอนปลายทั้ง ๒ ข้างมีลักษณะคล้ายแหวน ขอบเหลี่ยม มีขนาดตายตัว ใช้สําหรับขันหรือคลายนอตเป็นต้น.
กุญแจแหวน	๒๕๕๔	เครื่องมือโลหะชนิดหนึ่ง ตอนปลายทั้ง ๒ ข้างมีลักษณะคล้ายแหวน ขอบเหลี่ยม มีขนาดตายตัว ใช้สำหรับขันหรือคลายนอตเป็นต้น.
กุฎ	๒๕๔๒	[กุด, กุดา] (กลอน) น. ยอด เช่น มัชฌิมากุฎาประมาณ. (สมุทรโฆษ). (ป., ส. กูฏ).
กุฎ	๒๕๕๔	ยอด เช่น มัชฌิมากุฎาประมาณ
กุฎา	๒๕๕๔	ยอด เช่น มัชฌิมากุฎาประมาณ
กุฎาคาร	๒๕๔๒	น. เรือนยอดเช่นปราสาท เช่น ธก็แต่งกุฎาคาร ปราสาท. (ลอ.).
กุฎาคาร	๒๕๕๔	เรือนยอดอย่างปราสาท เช่น ธก็แต่งกุฎาคาร ปราสาท (ลอ.).
กุฎาธาร	๒๕๔๒	น. ยอด เช่น กุฎาธารธาษตรี. (ยอพระเกียรติ ร. ๒).
กุฎาธาร	๒๕๕๔	ยอด เช่น กุฎาธารธาษตรี (ยอพระเกียรติ ร. ๒).
กุฎี	๒๕๔๒	น. กระท่อมที่อยู่ของนักบวช เช่น พระภิกษุ, เรือนหรือตึกสําหรับพระภิกษุสามเณรอยู่. (ป., ส. กุฏิ).
กุฎี	๒๕๕๔	ที่อยู่ของนักบวชเช่นพระภิกษุ, เรือนหรือตึกสำหรับพระภิกษุสามเณรอยู่, โบราณเรียกว่า กะดี
กุฎุมพี	๒๕๔๒	ดู กระฎุมพี. (ป. กุฏุมฺพิก; ส. กุฏุมฺพินฺ).
กุฎุมพี	๒๕๕๔	ดู กระฎุมพี.
กุฏฐัง	๒๕๔๒	น. โรคเรื้อนซึ่งทําให้อวัยวะเช่นมือและเท้ากุดเหี้ยนไป. (ป.).
กุฏฐัง	๒๕๕๔	โรคเรื้อน. (ดู เรื้อน).
กุฏิ	๒๕๔๒	[กุด, กุดติ, กุติ] น. เรือนหรือตึกสําหรับพระภิกษุสามเณรอยู่. (ป., ส.).
กุฏิ	๒๕๕๔	เรือนหรือตึกสำหรับพระภิกษุสามเณรอยู่.
กุฏไต	๒๕๔๒	(แบบ) น. เสื้อชนิดหนึ่ง เช่น ห่มกุฏไตขอหง้า, โกตไต ก็ว่า เช่น ห่มโกตไตอวดอ้าง. (พยุหยาตรา). (เทียบอิหร่าน และ ตุรกี ว่า เสื้อกั๊กสําหรับทหาร).
กุฏไต	๒๕๕๔	เสื้อชนิดหนึ่ง เช่น ห่มกุฏไตขอหง้า, โกตไต ก็ว่า เช่น ห่มโกตไตอวดอ้าง
กุณฑล	๒๕๔๒	[-ทน] น. ตุ้มหู. (ป., ส.).
กุณฑล	๒๕๕๔	ตุ้มหู.
กุณฑี	๒๕๔๒	[-ที] น. คนที, หม้อนํ้า, หม้อนํ้ามีหู, เต้านํ้า, เช่น พลูกัดชลกุณฑี<3t>ลูกไม้. (โลกนิติ). (ป., ส.).
กุณฑี	๒๕๕๔	คนที, หม้อนํ้า, หม้อนํ้ามีหู, เต้านํ้า, เช่น พลูกัดชลกุณฑี ลูกไม้
กุณฑ์	๒๕๔๒	น. ไฟ เช่น เกิดกุณฑ์วุ่นวายทั้งเวียงชัย. (อิเหนา). (ส.).
กุณฑ์	๒๕๕๔	ไฟ เช่น เกิดกุณฑ์วุ่นวายทั้งเวียงชัย
กุณาล	๒๕๔๒	[-นาน] (แบบ) น. นกดุเหว่า เช่น การวิกระวังวน<3t>กุณาล. (สมุทรโฆษ). (ป., ส.).
กุณาล	๒๕๕๔	นกดุเหว่า เช่น การวิกระวังวน กุณาล
กุณิ	๒๕๔๒	น. คนง่อย. (ป., ส.); กระเช้า เช่น แลมีมือกุ&#160;&#x0e4d;กุณีแลขอขุดธงง ก็ท่องยงงไพรกันดาร เอามูลผลาหารในพนาลี. (ม. คําหลวง วนปเวสน์).
กุณิ	๒๕๕๔	คนง่อย. (ป., ส.)
กุณี	๒๕๕๔	คนง่อย. (ป., ส.)
กุณโฑ	๒๕๔๒	[-โท] น. คนโท, หม้อนํ้า.
กุณโฑ	๒๕๕๔	คนโท, หม้อนํ้ารูปต่าง ๆ คอยาว.
กุด	๒๕๔๒	ก. ตัด ในคําว่า กุดหัว ว่า ตัดหัว.<2t>ว. ด้วนสั้นหรือเหี้ยนเข้าไป เช่น ยอดกุด นิ้วกุด หางกุด.<2t>(ถิ่น-อีสาน) น. บึง, ลํานํ้าที่ปลายด้วน.
กุด	๒๕๕๔	ตัด ในคำว่า กุดหัว ว่า ตัดหัว.
กุดจี่	๒๕๕๔	ชื่อแมลงพวกด้วงหลายชนิดหลายสกุล ในวงศ์ Scarabaeidae หัวแบน ขาแบน ด้านข้างขามีลักษณะเป็นหนามคล้ายฟันเลื่อย ลำตัวยาว ๐.๕-๖.๐ เซนติเมตร ส่วนใหญ่สีน้ำตาลเข้มหรือดำ อาศัยอยู่ตามมูลสัตว์ ปั้นมูลสัตว์เป็นก้อนเพื่อวางไข่ ตัวเต็มวัยเมื่อถูกตัวมักทำเสียงดังฉู่ฉี่ บางครั้งจึงเรียก ตัวฉู่ฉี่หรือด้วงจู้จี้ ชนิดที่พบบ่อย เช่น Onitis subopacusArrow, Onthophagus seniculus Fabricius พบทุกภาค, กุดจี่ที่มีขนาดใหญ่ เช่น กุดจี่ขี้ช้างหรือด้วงขี้ช้าง ( Heliocopris dominus Bates) พบมากในภาคเหนือและภาคอีสาน, จี่ ก็เรียก.
กุดัง	๒๕๔๒	(ปาก) น. โรงเก็บสินค้าหรือสิ่งของเป็นต้น, โกดัง ก็เรียก; เรียกรถบรรทุกขนาดใหญ่ชนิดหนึ่งว่า รถกุดัง. (ม. gudang ว่า โรงงาน, โรงเก็บของ, ร้านขายของ).
กุดัง	๒๕๕๔	โรงเก็บสินค้าหรือสิ่งของเป็นต้น, โกดัง ก็เรียก
กุดั่น	๒๕๔๒	น. ทองแกมแก้ว คือ เครื่องประดับเพชรพลอยหรือกระจก เช่น ลายปั้นกุดั่น คือ ลายปั้นปิดทองประดับกระจก, โกศกุดั่น คือ โกศทําด้วยไม้จําหลักปิดทอง ประดับกระจก; ชื่อลายเป็นดอกไม้ ๔ กลีบรวมกันอยู่เป็นพืด, ถ้าแยกอยู่ห่าง&#160;ๆ เรียกว่า ประจํายาม.
กุดั่น	๒๕๕๔	ทองแกมแก้ว คือ เครื่องประดับเพชรพลอยหรือกระจก เช่น ลายปั้นกุดั่น คือ ลายปั้นปิดทองประดับกระจก, โกศกุดั่น คือ โกศทำด้วยไม้จำหลักปิดทองประดับกระจก
กุดา	๒๕๔๒	(แบบ) ใช้เป็นสร้อยคําของ กุฎี เช่น สู่กุฎีกุดาสวรรค์. (ม. คําหลวง มัทรี).
กุดา	๒๕๕๔	ใช้เป็นสร้อยคำของ กุฎี เช่น สู่กุฎีกุดาสวรรค์ (ม. คำหลวง มัทรี).
กุทัณฑ์	๒๕๔๒	น. เกาทัณฑ์, ธนู.
กุทัณฑ์	๒๕๕๔	เกาทัณฑ์, ธนู.
กุน	๒๕๔๒	น. ชื่อปีที่ ๑๒ ของรอบปีนักษัตร มีหมูเป็นเครื่องหมาย.
กุน	๒๕๕๔	ชื่อปีที่ ๑๒ ของรอบปีนักษัตร มีหมูเป็นเครื่องหมาย.
กุนซือ	๒๕๕๔	ที่ปรึกษา เช่น พรรคนี้มีกุนซือเก่ง ๆ หลายคน ใครนะเป็นกุนซือให้นายกยุบสภา.
กุนที	๒๕๔๒	[กุนนะที] น. แม่นํ้าน้อย&#160;ๆ, แม่นํ้าเล็ก&#160;ๆ, เช่น แตกเป็นนิเทศกุนทีน้อย&#160;ๆ. (ม. ร่ายยาว กุมาร). (ป. กุนฺนที; ส. กุนที, กุ = น้อย + นที = แม่นํ้า).
กุนที	๒๕๕๔	แม่นํ้าน้อยๆ, แม่นํ้าเล็กๆ, เช่น แตกเป็นนิเทศกุนทีน้อยๆ (ม. ร่ายยาว กุมาร).
กุนเชียง	๒๕๔๒	น. ไส้กรอกอย่างจีน.
กุนเชียง	๒๕๕๔	ไส้กรอกอย่างจีน.
กุบ	๒๕๔๒	น. ซองหนังชนิดหนึ่ง เมื่อตัดทองคําใบชิ้นสี่เหลี่ยมเล็ก&#160;ๆ สอดในกระดาษแก้วหนาแผ่นเล็กซ้อนกันเป็นตั้งแล้วใส่ในซองหนังนั้น ตีซองแผ่ทองคำให้บางออกไป; ชาวภาคพายัพบางถิ่นและพวกเงี้ยวเรียกหมวกชนิดต่าง&#160;ๆ ว่า กุบ; (ถิ่น-ปักษ์ใต้) กลัก, กล่อง.
กุบ	๒๕๕๔	ซองหนังชนิดหนึ่ง เมื่อตัดทองคำใบชิ้นสี่เหลี่ยมเล็กๆ สอดในกระดาษแก้วหนาแผ่นเล็กซ้อนกันเป็นตั้งแล้วใส่ในซองหนังนั้น ตีซองแผ่ทองคำให้บางออกไป
กุบกับ	๒๕๔๒	ว. เสียงดังเช่นนั้น.
กุบกับ	๒๕๕๔	เสียงดังเช่นนั้น.
กุม	๒๕๔๒	ก. เอาอุ้งมือปิด ป้อง กัน หรือ จับไว้ เช่น กุมขมับ กุมมือ กุมดาบ; คุม เช่น กุมตัว กุมสติ กุมอํานาจ.
กุม	๒๕๕๔	เอาอุ้งมือปิด ป้อง กัน หรือจับไว้ เช่น กุมขมับ กุมมือ กุมดาบ
กุมฝอย	๒๕๔๒	น. ขยะ, เศษของที่ทิ้งแล้ว, คุมฝอย หรือ มูลฝอย ก็ว่า.
กุมฝอย	๒๕๕๔	ขยะ, เศษสิ่งของที่ทิ้งแล้ว, หยากเยื่อ, คุมฝอย หรือ มูลฝอย ก็ว่า.
กุมภ	๒๕๔๒	[กุมพะ-] น. หม้อ; ชื่อกลุ่มดาวรูปหม้อ เรียกว่า ราศีกุมภ์ เป็นราศีที่ ๑๐ ในจักรราศี. (ป.).
กุมภ-	๒๕๕๔	หม้อ
กุมภการ	๒๕๔๒	น. ช่างหม้อ. (ป.).
กุมภการ	๒๕๕๔	ช่างหม้อ.
กุมภนิยา	๒๕๔๒	น. ชื่อพิธีชุบศรพรหมาสตร์ของอินทรชิตในเรื่องรามเกียรติ์.
กุมภนิยา	๒๕๕๔	ชื่อพิธีชุบศรพรหมาสตร์ของอินทรชิตในเรื่องรามเกียรติ์.
กุมภัณฑ	๒๕๔๒	[-พันทะ-] น. ยักษ์ เช่น หนึ่งท่าทานพกุมภัณฑ์คันธอสูร โสรจสินธุสมบูรณ์ ณ สระ (สมุทรโฆษ); ฟักเขียว เช่น ป่าเอลาลุอลาพุกุมภัณฑอคร้าวอนันต์. (สมุทรโฆษ).
กุมภัณฑ-	๒๕๕๔	ยักษ์ เช่น หนึ่งท่าทานพกุมภัณฑ์คันธอสูร โสรจสินธุสมบูรณ์ ณ สระ (สมุทรโฆษ)
กุมภัณฑยักษ์	๒๕๔๒	น. ลมกุมารอย่างหนึ่งมีอาการคล้ายบาดทะยัก ผู้ที่เป็นลมนี้ตาจะช้อนสูง หน้าเขียว มือกํา เท้างอ หลังแอ่น กัดฟัน. (แพทย์).
กุมภัณฑยักษ์	๒๕๕๔	ลมกุมารอย่างหนึ่งมีอาการคล้ายบาดทะยัก ผู้ที่เป็นลมนี้ตาจะช้อนสูง หน้าเขียว มือกำ เท้างอ หลังแอ่น กัดฟัน.
กุมภัณฑ์	๒๕๕๔	ยักษ์ เช่น หนึ่งท่าทานพกุมภัณฑ์คันธอสูร โสรจสินธุสมบูรณ์ ณ สระ (สมุทรโฆษ)
กุมภา	๒๕๔๒	(กลอน) น. จระเข้ เช่น ตัวกูหลงอยู่ด้วยกุมภา จะเสื่อมเสียวิชาที่เรียนรู้. (ไกรทอง).
กุมภา	๒๕๕๔	จระเข้ เช่น ตัวกูหลงอยู่ด้วยกุมภา จะเสื่อมเสียวิชาที่เรียนรู้
กุมภาพันธ์	๒๕๔๒	น. ชื่อเดือนที่ ๒ ตามสุริยคติ ซึ่งเริ่มต้นด้วยเดือนมกราคม มี ๒๘ หรือ ๒๙ วัน, (เลิก) ชื่อเดือนที่ ๑๑ ตามสุริยคติ ซึ่งเริ่มด้วยเดือนเมษายน. (ป. กุมฺภ = หม้อ + อาพนฺธ = ผูก = เดือนที่อาทิตย์มาสู่ราศีกุมภ์).
กุมภาพันธ์	๒๕๕๔	ชื่อเดือนที่ ๒ ตามสุริยคติ ซึ่งเริ่มด้วยเดือนมกราคม มี ๒๘ หรือ ๒๙ วัน, (เลิก) ชื่อเดือนที่ ๑๑ ตามสุริยคติ ซึ่งเริ่มด้วยเดือนเมษายน.
กุมภิล	๒๕๔๒	[กุมพิน, -พี] (แบบ) น. จระเข้. (ป. กุมฺภีล; ส. กุมฺภีร).
กุมภิล	๒๕๕๔	จระเข้.
กุมภีล์	๒๕๕๔	จระเข้.
กุมภ์	๒๕๕๔	หม้อ
กุมลัคน์	๒๕๔๒	(โหร) ก. ลักษณาการที่ดาวพระเคราะห์อยู่ประจำในเรือนเดียวกับลัคน์ เรียกว่า กุมลัคน์.
กุมลัคน์	๒๕๕๔	ลักษณาการที่ดาวพระเคราะห์อยู่ประจำในเรือนเดียวกับลัคน์.
กุมาร	๒๕๔๒	[-มาน] น. เด็กชาย. (ป., ส. กุมาร ว่า เด็กชาย, ลูกหลวง); ชื่อกัณฑ์ที่ ๘ แห่งมหาเวสสันดรชาดก.
กุมาร	๒๕๕๔	เด็กชาย. (ป., ส. กุมาร ว่า เด็กชาย, ลูกหลวง)
กุมาร-ลฬิตา	๒๕๕๔	ชื่อฉันท์วรรณพฤติแบบหนึ่ง กำหนดด้วย ๒ คณะ คือ ช คณะ และ ส คณะ และเติมครุข้างท้ายอีก ๑ คำ หรือ ๑ พยางค์ จึงมีบาทละ ๗ คำ หรือ ๗ พยางค์ (ตามแบบว่า กุมารลฬิตาชฺสฺคา) ตัวอย่างว่า อนึ่งนุชมีจิต สนิทกรุณะเปรมปรี ดิสวามิมะนะภักดี ภิบาลบมิอนาทร
กุมารลฬิตา	๒๕๔๒	[กุมาระละลิตา] น. ชื่อฉันท์วรรณพฤติแบบหนึ่ง กําหนดด้วย ๒ คณะ คือ ช คณะ และ ส คณะ และเติมครุข้างท้ายอีก ๑ คำ หรือ ๑ พยางค์ จึงมีบาทละ ๗ คำ หรือ ๗ พยางค์ (ตามแบบว่า กุมารลฬิตาชฺสฺคา) ตัวอย่างว่า อนึ่งนุชมีจิต สนิทกรุณะเปรมปรี ดิสวามิมะนะภักดี ภิบาลบมิอนาทร. (ชุมนุมตำรากลอน).
กุมารา	๒๕๔๒	(กลอน) น. กุมาร, เด็กชาย, เช่น เมื่อนั้น พระไชยเชษฐ์ความแสนเสนหา พยายามตามปลอบกุมารา อนิจจาปลื้มใจไม่ดูดี. (ไชยเชษฐ์), (ป.; ส. กุมาร ว่า เด็กชาย, ลูกหลวง).
กุมารา	๒๕๕๔	กุมาร, เด็กชาย, เช่น เมื่อนั้น พระไชยเชษฐ์ความแสนเสนหา พยายามตามปลอบกุมารา อนิจจาปลื้มใจไม่ดูดี (ไชยเชษฐ์).
กุมาริกา	๒๕๕๔	ดู เครือเขามวกขาว.
กุมารี	๒๕๔๒	น. เด็กหญิง. (ป., ส.).
กุมารี	๒๕๕๔	เด็กหญิง.
กุมุท	๒๕๔๒	[กุมุด] (แบบ) น. บัว, บัวขาว, บัวสาย. (ป., ส.); เลขนับจํานวนสูงเท่ากับ ๑๐,๐๐๐,๐๐๐ ยกกําลัง ๑๕ หรือ ๑ มี ๐ ตามหลัง ๑๐๕ ตัว.
กุมุท	๒๕๕๔	บัว, บัวขาว, บัวสาย. (ป., ส.)
กุมเหง	๒๕๔๒	(ปาก) ก. ข่มเหง, รังแก, ใช้กําลังหรืออํานาจทําให้เดือดร้อน, คุมเหง ก็ว่า.
กุมเหง	๒๕๕๔	ข่มเหง, รังแก, ใช้กำลังหรืออำนาจทำให้เดือดร้อน, คุมเหง ก็ว่า.
กุย	๒๕๔๒	น. ชื่อสัตว์เคี้ยวเอื้องชนิด Saiga tatarica ในวงศ์ Bovidae มีถิ่นกําเนิดในแถบไซบีเรียตอนใต้ มองโกเลียตะวันตก และจีนตะวันตกเฉียงเหนือ เขามีราคาแพง ใช้ทํายาได้.
กุย	๒๕๕๔	ชื่อสัตว์เลี้ยงลูกด้วยนมชนิด Saiga tatarica (Linn.) ในวงศ์ Bovidae เป็นสัตว์เคี้ยวเอื้อง หัวใหญ่ ตัวอ้วน มีเขาเฉพาะตัวผู้ รูปร่างคล้ายพิณฝรั่ง สีขาวนวลโปร่งแสง มีวงเป็นข้อนูนต่อเนื่องกันจากโคนถึงปลาย จมูกลักษณะคล้ายกระเปาะ พองมีสันตามยาว หางสั้นมาก มีถิ่นกำเนิดในแถบไซบีเรียตอนใต้ มองโกเลียตะวันตก และจีนตะวันตกเฉียงเหนือ ไม่พบในประเทศไทย เขามีราคาแพง ใช้ทำยาได้.
กุยช่าย	๒๕๔๒	น. ชื่อไม้ล้มลุกชนิด Allium tuberosum Roxb. ในวงศ์ Alliaceae คล้ายต้นหอมหรือกระเทียม ใบแบน กลิ่นฉุน กินได้ นําเข้ามาปลูกเพื่อเป็นอาหาร, พายัพเรียก หอมแป้น. (จ.).
กุยช่าย	๒๕๕๔	ชื่อไม้ล้มลุกชนิด Allium tuberosum Roxb. ในวงศ์ Alliaceae คล้ายต้นหอมหรือกระเทียม ใบแบน กลิ่นฉุน กินได้ นำเข้ามาปลูกเพื่อเป็นอาหาร, พายัพเรียก หอมแป้น.
กุยเฮง	๒๕๔๒	น. เสื้อแบบจีนชนิดหนึ่ง คอกลม ผ่าอกตลอด ติดกระดุม มีกระเป๋าด้านล่างข้างละกระเป๋า. (จ.).
กุยเฮง	๒๕๕๔	เสื้อแบบจีนชนิดหนึ่ง คอกลม ผ่าอกตลอด ติดกระดุม มีกระเป๋าด้านล่างข้างละกระเป๋า.
กุรระ	๒๕๔๒	[กุระระ, กุรุระ] (แบบ) น. นกเขา, แปลว่า เหยี่ยว ก็มี เช่น แม่กุรร์จาปน้อยหาย แลนา. (ม. คําหลวง ทานกัณฑ์). (ป., ส. กุรร).
กุรระ	๒๕๕๔	นกเขา, แปลว่า เหยี่ยว ก็มี เช่น แม่กุรร์จาปน้อยหาย แลนา (ม. คำหลวง ทานกัณฑ์).
กุระ	๒๕๔๒	(ถิ่น-ปักษ์ใต้) น. ชื่อไม้ต้นขนาดกลางชนิด Sapium indicum Willd. ในวงศ์ Euphorbiaceae ขึ้นตามที่ลุ่มนํ้าขังและริมคลองนํ้ากร่อย ทุกส่วนมียางขาว ผลกลม แก่จัดแยกออกเป็น ๓ ซีก, สมอทะเล ก็เรียก.
กุระ	๒๕๕๔	ชื่อไม้ต้นขนาดกลางชนิด Shirakiopsis indica (Willd.) Esser ในวงศ์ Euphorbiaceae ขึ้นตามที่ลุ่มนํ้าขังและริมคลองนํ้ากร่อย ทุกส่วนมียางขาว ผลกลม แก่จัดแยกออกเป็น ๓ ซีก, สมอทะเล ก็เรียก.
กุรุง	๒๕๔๒	(โบ) น. กรุง เช่น จากกุรุงสาวถีกับสงฆ์ ห้าร้อยหย่อนองค์ อดิเรกประดับบริพาร. (บุณโณวาท).
กุรุง	๒๕๕๔	กรุง เช่น จากกุรุงสาวถีกับสงฆ์ ห้าร้อยหย่อนองค์ อดิเรกประดับบริพาร
กุรุพินท์	๒๕๔๒	น. ทับทิม, เขียนเป็น กรพินธุ์ ก็มี เช่น ดยรดาษแก้วกรพินธุ์. (ม. คําหลวง มหาราช). (ส. กุรุวินฺทุ ว่า แก้วทับทิม).
กุรุพินท์	๒๕๕๔	ทับทิม, เขียนเป็น กรพินธุ์ ก็มี เช่น จงแต่งเขนต่างขันธ์ ผ้าเกราะพรรณรายแพร้ว ดยรดาษแก้วกรพินธุ์ (ม. คำหลวง มหาราช).
กุรุระ	๒๕๕๔	นกเขา, แปลว่า เหยี่ยว ก็มี เช่น แม่กุรร์จาปน้อยหาย แลนา (ม. คำหลวง ทานกัณฑ์).
กุรุส	๒๕๔๒	น. มาตรานับจำนวน เท่ากับ ๑๒ โหล หรือ ๑๔๔. (อ. gross).
กุรุส	๒๕๕๔	มาตรานับจำนวน เท่ากับ ๑๒ โหล หรือ ๑๔๔.
กุล	๒๕๔๒	[กุน, กุนละ-, กุละ-] น. ตระกูล, สกุล. (ป., ส.).
กุล	๒๕๕๔	ตระกูล, สกุล.
กุล-	๒๕๕๔	ตระกูล, สกุล.
กุลทูสก	๒๕๔๒	[กุละทูสก] น. ผู้ประทุษร้ายต่อตระกูล หมายถึงภิกษุที่ประจบตระกูลต่าง&#160;ๆ ด้วยอาการที่ผิดวินัย. (ป.).
กุลทูสก	๒๕๕๔	ผู้ประทุษร้ายต่อตระกูล หมายถึงภิกษุที่ประจบตระกูลต่างๆ ด้วยอาการที่ผิดวินัย.
กุลธิดา	๒๕๔๒	[กุนละ-] น. ลูกหญิงผู้มีตระกูล.
กุลธิดา	๒๕๕๔	ลูกหญิงผู้มีตระกูล.
กุลบดี	๒๕๔๒	[กุนละ-] น. หัวหน้าตระกูล. (ส.).
กุลบดี	๒๕๕๔	หัวหน้าตระกูล.
กุลบุตร	๒๕๔๒	[กุนละ-] น. ลูกชายผู้มีตระกูล.
กุลบุตร	๒๕๕๔	ลูกชายผู้มีตระกูล.
กุลสตรี	๒๕๔๒	[กุนละ-] น. หญิงผู้มีตระกูลและมีความประพฤติดี.
กุลสตรี	๒๕๕๔	หญิงผู้มีตระกูลและมีความประพฤติดี.
กุลสัมพันธ์	๒๕๔๒	[กุนละ-] ว. เกี่ยวเนื่องกันทางตระกูล. (ป.).
กุลสัมพันธ์	๒๕๕๔	เกี่ยวเนื่องกันทางตระกูล.
กุลา	๒๕๔๒	น. ชื่อว่าวชนิดหนึ่ง มีรูปร่าง ๕ แฉก หัวแหลม, คู่กับ ว่าวปักเป้า, ว่าวจุฬา ก็เรียก.
กุลา	๒๕๕๔	ชื่อว่าวชนิดหนึ่ง มีรูปร่าง ๕ แฉก หัวแหลม, คู่กับ ว่าวปักเป้า, ว่าวจุฬา ก็เรียก.
กุลาซ่อนผ้า	๒๕๔๒	น. การเล่นของเด็กชนิดหนึ่ง.
กุลาซ่อนผ้า	๒๕๕๔	การเล่นของเด็กชนิดหนึ่ง.
กุลาดำ	๒๕๔๒	น. ชื่อกุ้งทะเลชนิด Penaeus monodon ในวงศ์ Penaeidae ตัวแบนข้าง ขนาดค่อนข้างใหญ่ สีเขียวอมน้ำตาล มีแถบสีดำและสีจางพาดขวางเป็นลายตลอดลำตัว.
กุลาดำ	๒๕๕๔	ชื่อกุ้งทะเลชนิด Penaeus monodon Fabricius ในวงศ์ Penaeidae ขนาดยาวได้ถึง ๓๐ เซนติเมตร ตัวแบนข้าง สีเขียวอมน้ำตาล มีแถบสีดำและสีจางพาดขวางเป็นลายตลอดลำตัว.
กุลาตีอก	๒๕๕๔	การเล่นชนิดหนึ่งในงานพระราชพิธี.
กุลาตีไม้	๒๕๔๒	น. การเล่นชนิดหนึ่งในงานพระราชพิธี. (กฎ. ราชบุรี; ดึกดําบรรพ์).
กุลาตีไม้	๒๕๕๔	การเล่นชนิดหนึ่งในงานพระราชพิธี.
กุลาลาย	๒๕๔๒	น. ชื่อกุ้งทะเลชนิด Penaeus semisulcatus ในวงศ์ Penaeidae รูปร่างและขนาดคล้ายกุ้งกุลาดํา สีน้ำตาลอมแดง แต่มีลายน้อยกว่ากุ้งกุลาดำ หนวดมีลายสลับเป็นปล้อง.
กุลาลาย	๒๕๕๔	ชื่อกุ้งทะเลชนิด Penaeus semisulcatus De Haan ในวงศ์ Penaeidae รูปร่างและขนาดคล้ายกุ้งกุลาดำ ลำตัวสีน้ำตาลอมแดง แต่มีลายน้อยกว่ากุ้งกุลาดำ หนวดมีลายสลับเป็นปล้อง.
กุลาหล	๒๕๔๒	[-หน] (กลอน) ว. โกลาหล เช่น สนั่นครั่นครื้น กุลาหล. (รามเกียรติ์ ร. ๑).
กุลาหล	๒๕๕๔	โกลาหล เช่น สนั่นครั่นครื้นกุลาหล
กุลี	๒๕๔๒	น. คนรับจ้างทํางานหนักมีหาบหามเป็นต้น.
กุลี	๒๕๕๔	คนรับจ้างทำงานหนักมีหาบหามเป็นต้น.
กุลีกุจอ	๒๕๔๒	ก. ช่วยจัดช่วยทําอย่างเอาจริงเอาจัง.
กุลีกุจอ	๒๕๕๔	ช่วยจัดช่วยทำอย่างเอาจริงเอาจัง.
กุศราช	๒๕๔๒	[กุดสะหฺราด, กุดสะราด] น. ผ้าโบราณชนิดหนึ่ง มีดอกคล้ายผ้าลาย เนื้อหยาบหนา เช่น คลี่ผ้ากุศราชออกคาดพุง. (สังข์ทอง).
กุศราช	๒๕๕๔	ผ้าโบราณชนิดหนึ่ง มีดอกคล้ายผ้าลาย เนื้อหยาบหนา เช่น คลี่ผ้ากุศราชออกคาดพุง
กุศล	๒๕๔๒	[-สน] น. สิ่งที่ดีที่ชอบ, บุญ.<2t>ว. ฉลาด. (ส.; ป. กุสล).
กุศล	๒๕๕๔	สิ่งที่ดีที่ชอบ, บุญ.
กุศลกรรมบถ	๒๕๔๒	[กุสนละกํามะบด] น. ธรรมหมวดหนึ่ง มี ๑๐ อย่าง คือ กายสุจริต ๓ วจีสุจริต ๔ มโนสุจริต ๓. (ส.).
กุศลกรรมบถ	๒๕๕๔	ธรรมหมวดหนึ่ง มี ๑๐ อย่าง คือ กายสุจริต ๓ วจีสุจริต ๔ มโนสุจริต ๓.
กุศโลบาย	๒๕๔๒	[กุสะ-, กุดสะ-] น. อุบายอันแยบคาย. (ส. กุศล + อุปาย).
กุศโลบาย	๒๕๕๔	อุบายอันแยบคาย.
กุสล	๒๕๔๒	[-สน] (โบ) น. กุศล. (ป.; ส. กุศล).
กุสล	๒๕๕๔	กุศล.
กุสุม	๒๕๔๒	[กุสุมะ-, กุสุมมะ-] (แบบ) น. ดอกไม้. (ป.).
กุสุม	๒๕๕๔	ดอกไม้.
กุสุม-	๒๕๕๔	ดอกไม้.
กุสุมภ์	๒๕๔๒	(แบบ) น. ดอกคํา. (ป.).
กุสุมภ์	๒๕๕๔	ดอกคำ.
กุสุมวิจิตร	๒๕๔๒	น. ชื่อฉันท์วรรณพฤติแบบหนึ่ง กําหนดด้วย ๔ คณะ คือ น คณะ ย คณะ น คณะ ย คณะ บาทละ ๑๒ คำ หรือ ๑๒ พยางค์ (ตามแบบว่า นยสหิตานฺยา กุสุมวิจิตฺตา) ตัวอย่างว่า จะรจิตรอรรถา ปิสุณวจีขวน พิปริตญาณยล บรชนทำลาย. (ชุมนุมตำรากลอน).
กุสุมวิจิตร	๒๕๕๔	ชื่อฉันท์วรรณพฤติแบบหนึ่ง กำหนดด้วย ๔ คณะ คือ น คณะ ย คณะ น คณะ ย คณะ บาทละ ๑๒ คำ หรือ ๑๒ พยางค์ (ตามแบบว่า นยสหิตานฺยา กุสุมวิจิตฺตา) ตัวอย่างว่า จะรจิตรอรรถา ปิสุณวจีขวน พิปริตญาณยล บรชนทำลาย
กุสุมา	๒๕๔๒	(แบบ) น. ดอกไม้. (ป.).
กุสุมา	๒๕๕๔	ดอกไม้.
กุสุมาลย์	๒๕๔๒	(แบบ) น. ดอกไม้. (ป.).
กุสุมาลย์	๒๕๕๔	ดอกไม้.
กุสุมิตลดาเวลลิตา	๒๕๔๒	[กุสุมิตะละดาเวนลิตา] น. ชื่อฉันท์วรรณพฤติแบบหนึ่ง กําหนดด้วย ๖ คณะ คือ ม คณะ ต คณะ น คณะ ย คณะ ย คณะ ย คณะ บาทละ ๑๘ คำ หรือ ๑๘ พยางค์ (ตามแบบว่า โม โต โน โย ยา กุสุมิตลตาเวลฺลิตากฺขุตฺวสีหิ) ตัวอย่างว่า มนตรีมาตย์ผู้ฉลาดมละ ทุจริตธรรม์ พึงผดุงสรร- พสิ่งสวัสดิ์. (ชุมนุมตำรากลอน).
กุสุมิตลดาเวลลิตา	๒๕๕๔	ชื่อฉันท์วรรณพฤติแบบหนึ่ง กำหนดด้วย ๖ คณะ คือ ม คณะ ต คณะ น คณะ ย คณะ ย คณะ ย คณะ บาทละ ๑๘ คำ หรือ ๑๘ พยางค์ (ตามแบบว่า โม โต โน โย ยา กุสุมิตลตาเวลฺลิตากฺขุตฺวสีหิ) ตัวอย่างว่า มนตรีมาตย์ผู้ฉลาดมละ ทุจริตธรรม์ พึงผดุงสรร- พสิ่งสวัสดิ์
กุหนี	๒๕๔๒	[-หฺนี] (ถิ่น-ปักษ์ใต้) น. กระสอบป่าน, งู่หนี ก็ว่า. (ส. โคณี ว่า กระสอบป่าน).
กุหนี	๒๕๕๔	กระสอบป่าน, งู่หนี ก็ว่า.
กุหนุง	๒๕๔๒	[-หฺนุง] น. เขาสูง. (ช.).
กุหนุง	๒๕๕๔	เขาสูง.
กุหร่า	๒๕๔๒	[-หฺร่า] น. สีเทาเจือแดง บางทีกระเดียดเหลืองเล็กน้อย เป็นสีชนิดสักหลาด. (เทียบทมิฬ กุลฺลา ว่า หมวก; อิหร่าน กุลา ว่า กะบังหน้า).
กุหร่า	๒๕๕๔	สีเทาเจือแดง บางทีกระเดียดเหลืองเล็กน้อย เป็นสีชนิดสักหลาด.
กุหลาบ	๒๕๔๒	[-หฺลาบ] น. (๑) ชื่อไม้พุ่มในสกุล Rosa วงศ์ Rosaceae ต้นตรงหรือทอดเลื้อย ลําต้นและกิ่งมีหนาม ขอบใบจัก ดอกสีต่าง&#160;ๆ กลิ่นหอม มีมากชนิดและมากพันธุ์ เรียกชื่อต่าง&#160;ๆ กัน ดอกของกุหลาบบางชนิด เช่น กุหลาบมอญ หรือ ยี่สุ่น (R. damascena Mill) ใช้กลั่นนํ้าหอม.<2t>(๒) ชื่อไม้พุ่มหรือไม้ต้นขนาดเล็กในสกุล Rhododendron วงศ์ Ericaceae ขึ้นตามป่าเขาในระดับสูง เช่น กุหลาบแดง (R. simsii Planch.) กุหลาบขาว (R. ludwigianum Hoss.).
กุหลาบ	๒๕๕๔	ชื่อไม้พุ่มในสกุล Rosa วงศ์ Rosaceae ต้นตรงหรือทอดเลื้อย ลำต้นและกิ่งมีหนาม ขอบใบจัก ดอกสีต่างๆ กลิ่นหอม มีมากชนิดและมากพันธุ์ เรียกชื่อต่างๆ กัน ดอกของกุหลาบบางชนิด เช่น กุหลาบมอญหรือยี่สุ่น ( R. damascena Mill.) ใช้กลั่นนํ้าหอม.
กุหล่า	๒๕๔๒	[-หฺล่า] น. ชนชาติต้องสู้และไทยใหญ่, กุลา หรือ คุลา ก็ว่า.
กุหล่า	๒๕๕๔	ชนชาติต้องสู้และไทใหญ่, กุลา หรือ คุลา ก็ว่า.
กุเรา	๒๕๔๒	น. ชื่อปลาทะเลและนํ้ากร่อยหลายชนิดใน ๒ สกุล คือ สกุล Eleutheronema และ Polynemus วงศ์ Polynemidae ครีบอกตอนล่างมีก้านครีบแยกออกจากกันเป็นเส้นยาวรวม ๓-๗ เส้น แล้วแต่ชนิด ลําตัวและครีบสีเทาอมเงิน เช่น ชนิด E. tetradactylum, P. sextarius, กุเลา ก็เรียก.
กุเรา	๒๕๕๔	ชื่อปลาทะเลและนํ้ากร่อยหลายชนิดใน ๒ สกุล คือ ในสกุล Eleutheronemaและในสกุล Polynemus วงศ์ Polynemidae ครีบอกตอนล่างมีก้านครีบแยกออกจากกันเป็นเส้นยาวรวม ๓-๗ เส้น แล้วแต่ชนิด ลำตัวและครีบสีเทาอมเงิน เช่น ชนิด E. tetradactylum (Shaw), P. sextarius Bloch & Schneider ขนาดยาวได้ถึง ๑.๘ เซนติเมตร, กุเลา ก็เรียก.
กุเลา	๒๕๔๒	น. ปลากุเรา. (ดู กุเรา).
กุเลา	๒๕๕๔	ปลากุเรา. (ดู กุเรา).
กุเวร	๒๕๔๒	[-เวน] น. ชื่อท้าวจาตุมหาราชองค์หนึ่ง ประจําทิศอุดร, ท้าวเวสวัณ หรือ ท้าวเวสสุวัณ ก็เรียก. (ป., ส.).
กุเวร	๒๕๕๔	ชื่อท้าวจาตุมหาราชองค์หนึ่ง ประจำทิศอุดร, ท้าวเวสวัณ หรือ ท้าวเวสสุวัณ ก็เรียก.
กุแล	๒๕๔๒	น. ชื่อปลาทะเลหลายชนิดในสกุล Sardinella และ Herklotsichthys วงศ์ Clupeidae ลําตัวยาว แบนข้างมาก สันท้องแหลม เกล็ดบางหลุดง่าย เกล็ดในแนวสันท้องเป็นเหลี่ยมคมเรียงต่อกันคล้ายฟันเลื่อย ปากเล็กเชิดขึ้นเล็กน้อย ฟันเล็กมาก ซี่เหงือกมีจํานวนมาก ไม่มีก้านครีบแข็งหรือเงี่ยง ลําตัวสีเงิน เฉพาะด้านหลังสีนํ้าเงินเข้ม บนลําตัวที่ใกล้มุมแผ่นปิดเหงือกมักมีแต้มสีดําคลํ้า ๑ จุด ครีบหลังและครีบหางสีดําคลํ้าอมเหลือง ขนาดยาวได้ถึง ๑๘ เซนติเมตร, อกรา หรือ อกแล ก็เรียก, ส่วน กุแลกลม หรือ กุแลกล้วย หมายถึงชนิดในสกุล Dussumieria ซึ่งอยู่ในวงศ์เดียวกัน ลักษณะทั่วไปคล้ายกัน เว้นแต่มีลําตัวแบนข้างเล็กน้อย หัวแหลม ท้องกลม ไม่มีเกล็ดที่เรียงกันเป็นฟันเลื่อย ซี่เหงือกมีน้อย ขนาดยาวได้ถึง ๒๒ เซนติเมตร, อกรากล้วย หรือ อกแลกล้วย ก็เรียก; ทั้งหมดเป็นปลาผิวนํ้า อยู่กันเป็นฝูง ปลาขนาดเล็กอาจเข้ามาอยู่ใกล้ฝั่งหรือในนํ้ากร่อย, หลังเขียว ก็เรียก.
กุแล	๒๕๕๔	ชื่อปลาทะเลหลายชนิดในสกุล Sardinella และ Herklotsichthys วงศ์ Clupeidae ลำตัวยาว แบนข้างมาก สันท้องบางคล้ายคมมีด เกล็ดบางหลุดง่าย เกล็ดในแนวสันท้องเป็นเหลี่ยมคมเรียงต่อกันคล้ายฟันเลื่อย ปากเล็กเชิดขึ้นเล็กน้อย ฟันเล็กมาก ซี่เหงือกมีจำนวนมาก ไม่มีก้านครีบแข็งหรือเงี่ยง ลำตัวสีเงิน เฉพาะด้านหลังสีนํ้าเงินเข้ม บนลำตัวที่ใกล้มุมแผ่นปิดเหงือกมักมีแต้มสีดำคลํ้า ๑ จุด ครีบหลังและครีบหางสีดำคลํ้าอมเหลือง ขนาดยาวได้ถึง ๑๘ เซนติเมตร, อกรา หรือ อกแล ก็เรียก, ส่วน กุแลกลม หรือ กุแลกล้วย หมายถึงชนิดในสกุล Dussumieria ซึ่งอยู่ในวงศ์เดียวกัน ลักษณะทั่วไปคล้ายกัน เว้นแต่มีลำตัวแบนข้างเล็กน้อย หัวแหลม ท้องกลม ไม่มีเกล็ดที่เรียงกันเป็นฟันเลื่อย ซี่เหงือกมีจำนวนน้อยและสั้น ขนาดยาวได้ถึง ๒๒ เซนติเมตร, อกรากล้วย หรือ อกแลกล้วย ก็เรียก
กุแหละ	๒๕๔๒	[-แหฺละ] น. ชื่อเรือขุดชนิดหนึ่ง เสริมข้างกระดาน รูปร่างเพรียว หัวและท้ายเรือแหลมสูง มี ๒ แจว ใช้ตามชายฝั่งทะเลหรือแถบปากนํ้า สําหรับบรรทุกหอย ปู ปลา เป็นต้น.
กุแหละ	๒๕๕๔	ชื่อเรือขุดชนิดหนึ่ง เสริมข้างกระดาน รูปร่างเพรียว หัวและท้ายเรือแหลมสูง มี ๒ แจว ใช้ตามชายฝั่งทะเลหรือแถบปากนํ้า สำหรับบรรทุกหอย ปู ปลา เป็นต้น.
กุโงก	๒๕๔๒	น. นกยูง, กระโงก ก็ใช้. (ข. โกฺงก).
กุโงก	๒๕๕๔	นกยูง, กระโงก ก็ใช้.
กุโนกามอ	๒๕๔๒	(ถิ่น-ปัตตานี) น. ต้นคนทีเขมา. (ดู คนทีเขมา).
กุโนกามอ	๒๕๕๔	ต้นคนทีเขมา. (ดู คนทีเขมา ที่ คนที ๒).
กุ่ม	๒๕๔๒	น. ชื่อไม้ต้นในสกุล Crateva วงศ์ Capparidaceae ใบเป็นใบประกอบมีใบย่อย ๓ ใบ ดอกเป็นช่อ กลีบดอกสีขาวแล้วกลายเป็นสีเหลือง ผลกลมหรือรูปไข่ ผิวนอกแข็งและสาก&#160;ๆ สีเขียวนวล เช่น กุ่มบก [C. adansonii DC. subsp. trifoliata (Roxb.) Jacobs] กุ่มนํ้า [C. magna (Lour.) DC. และ C. religiosa Forst.f.].
กุ่ม	๒๕๕๔	ชื่อไม้ต้นในสกุล Crateva วงศ์ Capparaceae ใบเป็นใบประกอบมีใบย่อย ๓ ใบ ดอกเป็นช่อ กลีบดอกสีขาวแล้วกลายเป็นสีเหลือง ผลกลมหรือรูปไข่ ผิวนอกแข็งและสากๆ สีเขียวนวล เช่น กุ่มบก [ C. adansonii DC. subsp. trifoliata (Roxb.) Jacobs] กุ่มนํ้า [ C. magna (Lour.) DC. และ C. religiosa G. Forst.].
กุ้ง	๒๕๔๒	น. ชื่อสัตว์นํ้าไม่มีกระดูกสันหลังในชั้น Crustacea อันดับ Decapoda มีหลายวงศ์ หายใจด้วยเหงือก ลําตัวยาว แบนหรือกลม แบ่งเป็นปล้อง&#160;ๆ เปลือกที่หุ้มท่อนหัวและอกคลุมมาถึงอกปล้องที่ ๘ ส่วนใหญ่กรีมีลักษณะแบนข้าง ก้ามและขาอยู่ที่ส่วนหัวและอก มี ๑๐ ขา มีทั้งในนํ้าจืดและนํ้าเค็ม มีหลายชนิด เช่น กุ้งก้ามกราม กุ้งก้ามเกลี้ยง กุ้งตะกาด กุ้งตะเข็บ กุ้งนาง กุ้งฝอย กุ้งหลวง กุ้งหัวแข็ง กุ้งหัวโขน.
กุ้ง	๒๕๕๔	ชื่อสัตว์นํ้าไม่มีกระดูกสันหลังในชั้น Crustacea อันดับ Decapoda มีหลายวงศ์ หายใจด้วยเหงือก ลำตัวยาว แบนหรือกลม แบ่งเป็นปล้องๆ เปลือกที่หุ้มท่อนหัวและอกคลุมมาถึงอกปล้องที่ ๘ ส่วนใหญ่กรีมีลักษณะแบนข้าง ก้ามและขาอยู่ที่ส่วนหัวและอก มี ๑๐ ขา พบในนํ้าจืดและนํ้าเค็ม มีหลายชนิด เช่น กุ้งก้ามกราม กุ้งก้ามเกลี้ยง กุ้งกุลาดำ กุ้งตะกาด กุ้งตะเข็บ กุ้งหัวแข็ง กุ้งแชบ๊วย.
กุ้งดีด	๒๕๔๒	น. ชื่อกุ้งขนาดเล็กหลายชนิดหลายสกุล เช่น สกุล Alpheus ในวงศ์ Alpheidae มีก้ามใหญ่ ๒ ข้าง โดยมีก้ามข้างหนึ่งโตกว่า สามารถงับก้ามทําให้เกิดเสียงดังโดยเฉพาะเมื่อกระทบขันเสียงจะดังยิ่งขึ้น จึงได้ชื่อว่า กุ้งดีดขัน พบอาศัยหลบซ่อนอยู่ตามซอกวัสดุต่าง&#160;ๆ ริมฝั่งทั้งในนํ้าเค็มและนํ้ากร่อย ยกเว้นชนิด Alpheus microrhynchus ที่พบอยู่ในนํ้าจืดด้วย, กระเตาะ ก็เรียก.
กุ้งดีด	๒๕๕๔	ชื่อกุ้งขนาดเล็กหลายชนิดหลายสกุล เช่น สกุล Alpheus ในวงศ์ Alpheidae มีก้ามใหญ่ ๒ ข้าง ก้ามข้างหนึ่งโตกว่ามาก สามารถทำให้เกิดเสียงดังด้วยวิธีหนีบก้าม โดยเฉพาะเมื่อกระทบขันเสียงจะดังยิ่งขึ้น จึงได้ชื่อว่า กุ้งดีดขัน พบอาศัยหลบซ่อนอยู่ตามซอกวัสดุต่างๆ ริมฝั่งทั้งในนํ้าเค็มและนํ้ากร่อย ยกเว้นชนิด Alpheus microrhynchus De Man ที่พบอยู่ในนํ้าจืดด้วย, กระเตาะ ก็เรียก.
กุ้งดีดขัน	๒๕๕๔	ชื่อกุ้งขนาดเล็กหลายชนิดหลายสกุล เช่น สกุล Alpheus ในวงศ์ Alpheidae มีก้ามใหญ่ ๒ ข้าง ก้ามข้างหนึ่งโตกว่ามาก สามารถทำให้เกิดเสียงดังด้วยวิธีหนีบก้าม โดยเฉพาะเมื่อกระทบขันเสียงจะดังยิ่งขึ้น จึงได้ชื่อว่า กุ้งดีดขัน พบอาศัยหลบซ่อนอยู่ตามซอกวัสดุต่างๆ ริมฝั่งทั้งในนํ้าเค็มและนํ้ากร่อย ยกเว้นชนิด Alpheus microrhynchus De Man ที่พบอยู่ในนํ้าจืดด้วย, กระเตาะ ก็เรียก.
กุ้งนาง	๒๕๔๒	น. กุ้งก้ามกรามเพศเมียลำตัวและก้ามมีขนาดเล็กกว่าเพศผู้เสมอเมื่อมีอายุเท่ากัน.
กุ้งนาง	๒๕๕๔	กุ้งก้ามกรามเพศเมีย ลำตัวและก้ามมีขนาดเล็กกว่าเพศผู้เสมอเมื่อมีอายุเท่ากัน สีอ่อนกว่ากุ้งก้ามกรามซึ่งเป็นเพศผู้ วางไข่ติดหน้าท้อง ไข่ฟักเป็นตัวอ่อนในน้ำกร่อย แล้วมาอาศัยเจริญเติบโตจนเป็นตัวเต็มวัยในน้ำจืด.
กุ้งปล้อง	๒๕๕๔	ดู แสม ๔.
กุ้งฝอย	๒๕๔๒	น. ชื่อกุ้งตัวเล็ก&#160;ๆ มีหลายชนิด ที่พบในทะเล คือ ชนิด Penaeopsis avirostris ในวงศ์ Penaeidae ที่พบในนํ้าจืด คือ สกุล Caridina และ สกุล Atyopsis ในวงศ์ Atyidae และชนิด Macrobrachium lanchesteri ในวงศ์ Palaemonidae.
กุ้งฝอย	๒๕๕๔	ชื่อกุ้งตัวเล็กๆ ขนาดยาวไม่เกิน ๔ เซนติเมตร มีหลายชนิด พบในน้ำจืด ที่รู้จักกันทั่วไป ได้แก่ ชนิด Macrobrachium lanchesteri (De Man) ในวงศ์ Palaemonidae และหลายชนิดในสกุล Caridina วงศ์ Atyidae.
กุ้งฟัด	๒๕๔๒	น. กุ้งแห้งที่เอาเปลือกออก.
กุ้งฟัด	๒๕๕๔	กุ้งแห้งที่เอาเปลือกออก.
กุ้งมังกร	๒๕๔๒	ดู หัวโขน ๓.
กุ้งมังกร	๒๕๕๔	ชื่อกุ้งทะเลขนาดใหญ่ในสกุล Panulirusวงศ์ Palinuridae หัวและอกโต ผิวเปลือกมีหนามมากและมีลายหลายสี, กุ้งหนามใหญ่ หรือ กุ้งหัวโขน ก็เรียก.
กุ้งยิง	๒๕๔๒	น. ฝีหัวเล็ก&#160;ๆ ซึ่งเกิดจากการอักเสบที่ต่อมขอบตา.
กุ้งยิง	๒๕๕๔	ฝีหัวเล็กๆ ซึ่งเกิดจากการอักเสบที่ต่อมขอบตา.
กุ้งส้ม	๒๕๔๒	น. ของกินชนิดหนึ่งทําด้วยกุ้ง ใช้หมักด้วยข้าวสุก เกลือ และกระเทียม.
กุ้งส้ม	๒๕๕๔	ของกินชนิดหนึ่งทำด้วยกุ้ง ใช้หมักด้วยข้าวสุก เกลือ และกระเทียม.
กุ้งหนามใหญ่	๒๕๔๒	ดู หัวโขน ๓.
กุ้งหนามใหญ่	๒๕๕๔	ดู กุ้งมังกร.
กุ้งหลวง	๒๕๔๒	ดู ก้ามกราม.
กุ้งหลวง	๒๕๕๔	ดู ก้ามกราม.
กุ้งหัวโขน	๒๕๕๔	ดู กุ้งมังกร.
กุ้งเต้น	๒๕๔๒	น. ชื่อสัตว์หลายชนิดในวงศ์ Talitridae, Hyalidae และ Acanthogammaridae เป็นต้น ลักษณะคล้ายกุ้ง ลําตัวมีขนาดเล็ก ยาว ๐.๕-๑๕.๐ มิลลิเมตร ตัวแบนทางข้าง หัวไม่มีปลอก อกปล้องแรกรวมกับหัว อกที่เหลือมี ๗ ปล้อง ท้องมี ๖ ปล้อง รยางค์ ๒ คู่แรกอยู่ติดกับหัวโตกว่าคู่อื่น บางคู่ปลายคล้ายก้ามหนีบ รยางค์ที่อกถัดมามี ๕ คู่ รยางค์ท้องมี ๖ คู่ ๓ คู่สุดท้ายสั้นแข็งใช้สําหรับดีด จึงดีดได้เก่ง อาศัยอยู่ตามฝั่งนํ้าหรือที่ชื้นแฉะ ชนิดที่พบบ่อยตามชายทะเลฝั่งตะวันออกของไทย ได้แก่ Orchestia floresiana.
กุ้งเต้น	๒๕๕๔	ชื่ออาหารประเภทกับแกล้ม ใช้กุ้งแม่น้ำที่ยังสด ผ่าหลัง ราดด้วยน้ำมะนาว กินกับน้ำจิ้ม, ชื่ออาหารประเภทกับแกล้ม ใช้กุ้งฝอยเป็น ๆ บีบมะนาว ปรุงด้วยพริกตำและน้ำปลา.
กุ้งเหลือง	๒๕๔๒	น. ชื่อกุ้งทะเลชนิด Penaeus latisulcatus ในวงศ์ Penaeidae ขนาดเล็กกว่ากุ้งกุลาดํา ลําตัวสีเหลืองปนนํ้าตาล ขอบของส่วนท้องสีม่วง แพนหางสีฟ้า, กุ้งเหลืองหางฟ้า ก็เรียก.
กุ้งเหลือง	๒๕๕๔	ชื่อกุ้งทะเลชนิด Penaeus latisulcatus Kishinouye ในวงศ์ Penaeidae ขนาดเล็กกว่ากุ้งกุลาดำ ลำตัวสีเหลืองปนนํ้าตาล ขอบของส่วนท้องสีม่วง แพนหางสีฟ้า, กุ้งเหลืองหางฟ้า ก็เรียก.
กุ้งเหลืองหางฟ้า	๒๕๔๒	ดู กุ้งเหลือง.
กุ้งเหลืองหางฟ้า	๒๕๕๔	ดู กุ้งเหลือง.
กุ้งแห	๒๕๔๒	น. ชื่อกุ้งขนาดกลางชนิด Macrobrachium equidens ในวงศ์ Palaemonidae ก้ามมีปื้นสีเข้ม อาศัยอยู่ในย่านน้ำกร่อย พบบ้างในน้ำจืดหรือชายทะเล.
กุ้งแห	๒๕๕๔	ดู กะต่อม.
กุ้งแห้ง	๒๕๔๒	น. กุ้งทะเลที่ตากแห้ง, โดยปริยายหมายความว่า ผอมมาก.
กุ้งแห้ง	๒๕๕๔	กุ้งทะเลที่ตากแห้ง, โดยปริยายหมายความว่า ผอมมาก.
กุ้งไม้	๒๕๔๒	น. กุ้งที่ปอกเปลือกเสียบไม้ตากแห้ง.
กุ้งไม้	๒๕๕๔	กุ้งที่ปอกเปลือกเสียบไม้ตากแห้ง.
กุ๊ก	๒๕๔๒	น. ชื่อนกชนิดหนึ่งในจําพวกนกเค้า เรียกว่า นกกุ๊ก. (พจน. ๒๔๙๓).
กุ๊ก	๒๕๕๔	ชื่อนกชนิดหนึ่งในจำพวกนกเค้า เรียกว่า นกกุ๊ก.
กุ๊กกิ๊ก	๒๕๔๒	ก. พูดหรือเล่นกันเงียบ&#160;ๆ; ประจบ เช่น ไปกุ๊กกิ๊กกับแม่ไม่นานก็ได้เงินมา.
กุ๊กกิ๊ก	๒๕๕๔	พูดหรือเล่นกันเงียบๆ
กุ๊กๆ กิ๊กๆ	๒๕๕๔	พูดหรือเล่นกันเงียบๆ
กุ๊น	๒๕๔๒	ก. ขลิบเย็บหุ้มริมผ้าหรือของอื่น&#160;ๆ ใช้แถบผ้าย้วยหรือเฉลียงเย็บหุ้ม ๒ ข้างเม้มเข้าเป็นตะเข็บกลมบ้างแบนบ้าง มักใช้ที่คอเสื้อหรือชายเสื้อเป็นต้น.
กุ๊น	๒๕๕๔	ขลิบเย็บหุ้มริมผ้าหรือของอื่นๆ ใช้แถบผ้าย้วยหรือเฉลียงเย็บหุ้ม ๒ ข้างเม้มเข้าเป็นตะเข็บกลมบ้างแบนบ้าง มักใช้ที่คอเสื้อหรือชายเสื้อเป็นต้น.
กุ๊ย	๒๕๔๒	น. คนเลว, คนโซ. (จ. กุ๊ย ว่า ผี).
กุ๊ย	๒๕๕๔	คนโซ
กุ๋ย	๒๕๔๒	ว. เสียงร้องเยาะเย้ย, บางทีทำอาการกระดิกนิ้วชี้ตรงไปที่หน้าผู้ที่ถูกเย้ย, กิ๋ว หรือ กิ๋ว&#160;ๆ ก็ว่า.
กุ๋ย	๒๕๕๔	เสียงร้องเยาะเย้ย, บางทีทำอาการกระดิกนิ้วชี้ตรงไปที่หน้าผู้ที่ถูกเย้ย, กิ๋ว หรือ กิ๋วๆ ก็ว่า.
กุ๋ยๆ	๒๕๕๔	เสียงร้องเยาะเย้ย, บางทีทำอาการกระดิกนิ้วชี้ตรงไปที่หน้าผู้ที่ถูกเย้ย, กิ๋ว หรือ กิ๋วๆ ก็ว่า.
กู	๒๕๔๒	ส. คําใช้แทนตัวผู้พูด ในปัจจุบันมักถือกันว่าไม่สุภาพ, เป็นสรรพนามบุรุษที่ ๑.
กู	๒๕๕๔	คำใช้แทนตัวผู้พูด ในปัจจุบันมักถือกันว่าไม่สุภาพ, เป็นสรรพนามบุรุษที่ ๑.
กูฏ	๒๕๔๒	[กูด, กูตา] (แบบ) น. ยอด. (ป., ส.).
กูฏ	๒๕๕๔	ยอด.
กูฏา	๒๕๕๔	ยอด.
กูฏาคาร	๒๕๔๒	(แบบ) น. เรือนยอด. (ป., ส.).
กูฏาคาร	๒๕๕๔	เรือนยอด.
กูณฑ์	๒๕๔๒	น. ไฟ, หลุมไฟ, หม้อไฟ. (ส.).
กูณฑ์	๒๕๕๔	ไฟ, หลุมไฟ, หม้อไฟ.
กูด	๒๕๔๒	น. ชื่อเฟินหลายชนิดหลายสกุลและหลายวงศ์ ชนิดที่กินได้ เช่น กูดขาว หรือ ผักกูด (Diplazium esculentum Sw.) กูดกิน [Pteridium aquilinum (L.) Kuhn var. yarrabense Domin] กูดแดง (Stenochlaena palustris Bedd.); ทางเหนือและอีสาน เรียกเฟินว่า กูด.
กูด	๒๕๕๔	ชื่อเฟินหลายชนิดหลายสกุลและหลายวงศ์ ชนิดที่กินได้ เช่น กูดขาวหรือผักกูด ( Diplazium esculentum Sw.) กูดกิน [ Pteridium aquilinum (L.) Kuhn var. yarrabense Domin] กูดแดง ( Stenochlaena palustris Bedd.)
กูน	๒๕๔๒	น. ลูก. (ข.).
กูน	๒๕๕๔	ลูก.
กูบ	๒๕๔๒	น. ประทุนหลังช้าง, ประทุนรถเช่นรถม้าที่มีรูปโค้ง, ลักษณนามว่า หลัง.
กูบ	๒๕๕๔	ประทุนหลังช้าง, ประทุนรถเช่นรถม้าที่มีรูปโค้ง, ลักษณนามว่า หลัง.
กูปรี	๒๕๔๒	[-ปฺรี] น. ชื่อวัวป่าขนาดใหญ่ชนิด Bos sauveli ในวงศ์ Bovidae ซึ่งเป็นวงศ์เดียวกับกระทิงและวัวแดง ตัวสีดํา ตัวผู้มีเขาขนาดใหญ่ ส่วนปลายบิดชี้ขึ้นข้างบน ปลายแตกเป็นเส้น&#160;ๆ มองเห็นเป็นพู่ ส่วนตัวเมียเขาเล็กกว่า ปลายไม่แตกเป็นพู่ มีถิ่นอาศัยอยู่บริเวณจังหวัดศรีสะเกษและตามชายแดนไทย-กัมพูชา หากินในทุ่งหญ้าโดยรวมฝูงอยู่กับกระทิงและวัวแดง เป็นสัตว์ป่าสงวนของไทยที่ใกล้จะสูญพันธุ์แล้ว, โคไพร ก็เรียก.
กูปรี	๒๕๕๔	ชื่อวัวป่าขนาดใหญ่ชนิด Bos sauveli Urbain ในวงศ์ Bovidae เมื่อโตเต็มที่ตัวผู้สีดำ มีเขาขนาดใหญ่ ส่วนปลายบิดชี้ขึ้นข้างบน ใช้เขาขุดดินและแทงต้นไม้ทำให้ปลายแตกเป็นเส้นๆ ร่นลงไปมองเห็นเป็นพู่ ตัวเมียสีน้ำตาลอมเทาหรือน้ำตาลเข้ม เขาเล็กกว่า ปลายไม่แตกเป็นพู่ มีถิ่นอาศัยอยู่บริเวณอีสานใต้ตามชายแดนไทย–กัมพูชา ลาว เวียดนาม เป็นสัตว์ป่าสงวนของไทยที่ใกล้จะสูญพันธุ์, โคไพร ก็เรียก.
กูรม	๒๕๔๒	[กูระมะ-] น. เต่า. (ส.).
กูรม-	๒๕๕๔	เต่า.
กูรมะ	๒๕๕๔	เต่า.
กูรมาวตาร	๒๕๔๒	[-วะตาน] น. อวตารเป็นเต่า เป็นอวตารปางที่ ๒ ของพระนารายณ์. (ส.).
กูรมาวตาร	๒๕๕๔	อวตารเป็นเต่า เป็นอวตารปางที่ ๒ ของพระนารายณ์.
กูรำ	๒๕๔๒	ดู เลียงผา ๑.
กูรำ	๒๕๕๔	ดู เลียงผา ๑.
กู่	๒๕๔๒	(โบ) น. วิหาร เช่น ในกู่แก้วเกษมมฤคทายพนน้นน. (ม. คําหลวง ทศพร); (ถิ่น-พายัพ) อนุสาวรีย์, กุฏิ, เจดีย์.
กู่	๒๕๕๔	วิหาร เช่น ในกู่แก้วเกษมมฤคทายพนน้นน (ม. คำหลวง ทศพร)
กู่เจิง	๒๕๕๔	ดู เจ้ง.
กู่ไม่กลับ	๒๕๔๒	(สํา) ก. ไม่ฟังคําทัดทาน, ห้ามไม่อยู่.
กู่ไม่กลับ	๒๕๕๔	ไม่ฟังคำทัดทาน, ห้ามไม่อยู่.
กู้	๒๕๔๒	ก. ทําให้กลับคืนดีอย่างเดิม เช่น กู้เรือ กู้ชาติ กู้ชื่อ; เก็บเข้าที่ เช่น กู้ข้าว กู้ผ้า; เอาเครื่องจับปลาขึ้นจากนํ้า เช่น กู้ไซ กู้ลอบ.
กู้	๒๕๕๔	ทำให้กลับคืนดีอย่างเดิม เช่น กู้เรือ กู้ชาติ กู้ชื่อ
กู้ภัย	๒๕๔๒	ก. ช่วยให้รอดปลอดภัย.
กู้ภัย	๒๕๕๔	ช่วยให้รอดปลอดภัย.
กู้ยืม	๒๕๕๔	ยืมเงินโดยให้ดอกเบี้ย.
กู้หน้า	๒๕๔๒	(ปาก) ก. ช่วยทําให้ชื่อเสียงคงดีอยู่.
กู้หน้า	๒๕๕๔	ช่วยทำให้ชื่อเสียงคงดีอยู่.
กู๊ก	๒๕๔๒	น. นกกุ๊ก.
กู๊ก	๒๕๕๔	นกกุ๊ก.
กเบนทร์	๒๕๔๒	[กะ-] (กลอน) ดู กบินทร์.
กเบนทร์	๒๕๕๔	ดู กบินทร์.
กเบนทร์	๒๕๖๙	ดู กบินทร์ .
กเรณุ	๒๕๔๒	[กะเรนุ] (แบบ) น. ช้าง เช่น ไร้เกวียนกาญจนยานสินธพแลสี- พิกากเรณุหัสดี ดำรง. (สรรพสิทธิ์). (ป.).
กเรณุ	๒๕๕๔	ช้าง เช่น ไร้เกวียนกาญจนยานสินธพแลสี- พิกากเรณุหัสดี ดำรง
กเรณุกา	๒๕๔๒	(แบบ) น. ช้างพัง. (ป.).
กเรณุกา	๒๕๕๔	ช้างพัง.
กเรนทร	๒๕๔๒	(กลอน; แผลงมาจาก กรินทร์) น. ช้าง เช่น พลคชคณหาญหัก กเรนทรปรปักษ์ ปราบประลัย. (สมุทรโฆษ).
กเรนทร	๒๕๕๔	พญาช้าง, ช้างที่ควรยกย่อง, เช่น พลคชคณหาญหัก กเรนทรปรปักษ์ ปราบประลัย
กเรนทร์	๒๕๕๔	พญาช้าง, ช้างที่ควรยกย่อง, เช่น พลคชคณหาญหัก กเรนทรปรปักษ์ ปราบประลัย
กเลวระ	๒๕๔๒	[กะเลวะระ] (แบบ) น. ซากศพ เช่น ถึงกระนั้นก็จะพบพานซึ่งกเลวระร่าง มิเลือดก็เนื้อจะเหลืออยู่บ้างสักสิ่งอัน. (ม. ร่ายยาว มัทรี), ใช้ว่า กเฬวราก ก็มี. (ป., ส.).
กเลวระ	๒๕๕๔	ซากศพ เช่น ถึงกระนั้นก็จะพบพานซึ่งกเลวระร่าง มิเลือดก็เนื้อจะเหลืออยู่บ้างสักสิ่งอัน (ม. ร่ายยาว มัทรี), บางทีใช้ว่า กเฬวราก หรือ กเฬวรากซากศพ ก็มี.
กเฬวราก	๒๕๔๒	[กะเลวะราก] (กลอน) น. ซากศพ, บางทีใช้เข้าคู่กันเป็น กเฬวรากซากศพ, เขียนเป็น กเฬวราก์ ก็มี เช่น เผากเฬวราก์ผู้อนาถ. (มาลัยคําหลวง).
กเฬวราก	๒๕๕๔	ซากศพ, บางทีใช้เข้าคู่กันเป็น กเฬวรากซากศพ, เขียนเป็น กเฬวราก์ ก็มี เช่น เผากเฬวราก์ผู้อนาถ
กโบร	๒๕๔๒	[กะโบน] (แบบ) น. ศอก, ข้อศอก. (พจน.). (ป. กปฺปร; ส. กูรฺปร).
กโบร	๒๕๕๔	ศอก, ข้อศอก. (พจน.).
กโบล	๒๕๔๒	[กะโบน] น. แก้ม. (ป. กโปล).
กโบล	๒๕๕๔	แก้ม.
กโโบโรกโบโร	๒๕๖๙	(แบบ) ศอก, ข้อศอก. (พจน.). (ป. กปฺปร; ส. กูรฺปร).
กโโบโโบลโโบล	๒๕๖๙	(แบบ) แก้ม. (ป. กโปล).
ก็	๒๕๔๒	สัน. แล้ว, จึง, ย่อม, เช่น พอหันหน้ามาก็พบเขาทำดีก็ได้ดี.
ก็	๒๕๕๔	แล้ว, จึง, ย่อม, เช่น พอหันหน้ามาก็พบเขา ทำดีก็ได้ดี.
ก็	๒๕๖๙	แล้ว, จึง, ย่อม, เช่น พอหันหน้ามาก็พบเขา, ทำดีก็ได้ดี.
ก็ดี	๒๕๔๒	นิ. แสดงความหมายเป็นส่วน ๆ หรือเน้นความให้มีนํ้าหนักเท่ากัน เช่น บิดาก็ดี มารดาก็ดี ย่อมรักบุตร ยานี้กินก็ได้ ทาก็ได้.
ก็ตาม	๒๕๔๒	นิ. ใช้อย่าง ก็ดี, แต่บางแห่งมีแววความหมายเท่ากับ ก็ตามใจ ก็ตามที ก็ตามเรื่อง แล้วแต่กรณีที่ใช้ โดยอาศัยพฤติการณ์ของเรื่องเป็นเครื่องแวดล้อม.
ก็แหละ	๒๕๔๒	นิ. คําขึ้นต้นใหม่ต่อข้อความเดิม เช่น ก็แหละการที่บุคคลจะมีความเจริญได้นั้น จะต้องมีคุณธรรม.
ก็ได้	๒๕๔๒	นิ. แสดงความหมายว่ายอมอย่างไม่เต็มใจนัก เช่น ท่านจะไปก็ได้.
ก่ง	๒๕๔๒	ก. ทำให้งอเป็นรูปโค้ง, ทำให้โค้ง, เช่น ก่งศร ก่งคอ, โก่ง ก็ว่า.<2t>ว. โค้ง เช่น คิ้วก่ง, โก่ง ก็ว่า.
ก่ง	๒๕๕๔	ทำให้งอเป็นรูปโค้ง, ทำให้โค้ง, เช่น ก่งศร ก่งคอ, โก่ง ก็ว่า. ว. โค้ง เช่น คิ้วก่ง, โก่ง ก็ว่า.
ก่ง	๒๕๖๙	ทำให้งอเป็นรูปโค้ง, ทำให้โค้ง, เช่น ก่งศร, ก่งคอ , ใช้เป็นคำวิเศษณ์ก็ได้ หมายความว่า โค้ง เช่น คิ้วก่ง , โโก่ง ก็ว่า.
ก่น	๒๕๔๒	(โบ) ก. ตั้งหน้า, มุ่ง, เช่น อยู่เย็นยงงก่นเกอดพิจลการ. (ม. คําหลวง ทานกัณฑ์).
ก่น	๒๕๕๔	ตั้งหน้า, มุ่ง, เช่น อยู่เย็นยงงก่นเกอดพิจลการ (ม. คำหลวง ทานกัณฑ์).
ก่น	๒๕๖๙	(โบ) เฝ้า, มุ่ง, เช่น อยู่เย็นยงงก่นเกอดพิจลการ (ม. คําหลวง ทานกัณฑ์), กน ก็ว่า.
ก่นสร้าง	๒๕๔๒	(โบ) ก. ขุดโค่นต้นไม้ตอไม้และแผ้วถางเพื่อปลูกสร้าง, โก่นสร้าง ก็ว่า.
ก่นสร้าง	๒๕๕๔	ขุดโค่นต้นไม้ตอไม้และแผ้วถางเพื่อปลูกสร้าง, โก่นสร้าง ก็ว่า.
ก่นสร้าง	๒๕๖๙	(โบ) ขุดโค่นต้นไม้ตอไม้และแผ้วถางเพื่อปลูกสร้าง, โก่นสร้าง ก็ว่า.
ก่นแต่	๒๕๔๒	ก. เฝ้าแต่, มัวแต่, เช่น ก่นแต่จะร้องไห้.
ก่นแต่	๒๕๕๔	เฝ้าแต่, มัวแต่, เช่น ก่นแต่จะร้องไห้.
ก่นแต่	๒๕๖๙	เฝ้าแต่, มัวแต่, เช่น ก่นแต่จะร้องไห้.
ก่นโคตร	๒๕๔๒	ก. ขุดโคตรขึ้นมาด่า.
ก่นโคตร	๒๕๕๔	ขุดโคตรขึ้นมาด่า.
ก่นโคตร	๒๕๖๙	ขุดโคตรขึ้นมาด่า.
ก่อ	๒๕๔๒	ก. ทําให้เกิดขึ้น มีขึ้น หรือเป็นรูปขึ้น เช่น ก่อไฟ ก่อสงคราม ก่อตึก.
ก่อ	๒๕๕๔	ทำให้เกิดขึ้น มีขึ้น หรือเป็นรูปขึ้น เช่น ก่อไฟ ก่อสงคราม ก่อตึก.
ก่อกรรมทำเข็ญ	๒๕๔๒	ก. ก่อความเดือดร้อนให้รํ่าไป.
ก่อกรรมทำเข็ญ	๒๕๕๔	ก่อความเดือดร้อนให้.
ก่อกวน	๒๕๔๒	ก. ก่อให้เกิดความรําคาญหรือไม่สงบอยู่ได้.
ก่อกวน	๒๕๕๔	ก่อให้เกิดความรำคาญหรือไม่สงบ.
ก่อการ	๒๕๔๒	ก. ริเริ่มการ.
ก่อการ	๒๕๕๔	ริเริ่มการ.
ก่อการร้าย	๒๕๕๔	เป็นฐานความผิดอาญา ที่ผู้กระทำก่อให้เกิดอันตรายอย่างร้ายแรงต่อบุคคล ต่อทรัพย์สินอันเป็นสาธารณะ หรือต่อทรัพย์สินของรัฐหนึ่งรัฐใด หรือของบุคคลใดหรือต่อสิ่งแวดล้อมอันก่อให้เกิดความเสียหายทางเศรษฐกิจอย่างสำคัญ โดยผู้กระทำมุ่งหมายเพื่อขู่เข็ญหรือบังคับรัฐบาลไทย รัฐบาลต่างประเทศ หรือองค์การระหว่างประเทศ ให้กระทำหรือไม่กระทำการใดอันจะก่อให้เกิดความเสียหายอย่างร้ายแรง หรือเพื่อสร้างความปั่นป่วนโดยให้เกิดความหวาดกลัวในหมู่ประชาชน แต่ทั้งนี้ไม่รวมถึงการใช้เสรีภาพตามรัฐธรรมนูญ.
ก่อง	๒๕๔๒	น. เครื่องประดับหน้าอก; ชื่อแผ่นผ้าที่ปิดอกหญิงคล้ายเต่า ที่หญิงรุ่นสาวใช้.
ก่อง	๒๕๕๔	เครื่องประดับหน้าอก
ก่อตัว	๒๕๕๔	ก.รวมตัว เช่น เมฆก่อตัว พายุดีเปรสชันก่อตัวขึ้นในทะเลจีนใต้.
ก่อตั้ง	๒๕๔๒	ก. จัดตั้งขึ้น, ริเริ่มตั้งขึ้น.
ก่อตั้ง	๒๕๕๔	ก.จัดตั้งขึ้น, ริเริ่มตั้งขึ้น.
ก่อน	๒๕๔๒	ว. เดิม, เริ่ม, ลําดับแรก, เช่น แต่ก่อน, ถ้าใช้ประกอบหลังคํานามบอกเวลา หมายความว่า ล่วงมาแล้ว เช่น วันก่อน เดือนก่อน, ถ้าใช้ประกอบหน้าคํานามบอกเวลา หมายความว่า ยังไม่มาถึง เช่น ก่อนเที่ยง, ใช้ประกอบหลังคํากริยา บางกรณีหมายความว่า ให้ระงับยับยั้งไว้ชั่วคราว เช่น หยุดก่อน รอก่อน, บางกรณีหมายความว่า ล่วงหน้า เช่น ไปก่อน.
ก่อน	๒๕๕๔	ใช้บอกลำดับเวลา หมายความว่า เดิม เช่น แต่ก่อนที่ผ่านมา วันก่อน เดือนก่อน, ลำดับแรก เช่น ก่อนอื่น หยุดก่อน รอก่อน.
ก่อมก้อ	๒๕๔๒	ว. ค่อม, เตี้ย, เช่น มีเจ่งตาบอดพลาย<2t>ก่อมก้อ. (โลกนิติ).
ก่อมก้อ	๒๕๕๔	ค่อม, เตี้ย, เช่น มีเจ่งตาบอดพลาย ก่อมก้อ
ก่อร่างสร้างตัว	๒๕๔๒	ก. ตั้งเนื้อตั้งตัวได้เป็นหลักฐาน.
ก่อร่างสร้างตัว	๒๕๕๔	ตั้งเนื้อตั้งตัวได้เป็นหลักฐาน.
ก่อฤกษ์	๒๕๔๒	ก. ทําพิธีเริ่มก่อสร้าง เช่น วางอิฐวางหิน.
ก่อฤกษ์	๒๕๕๔	ทำพิธีเริ่มก่อสร้าง เช่น วางอิฐวางหิน.
ก่อสร้าง	๒๕๔๒	ก. ก่อและสร้างโดยใช้อิฐและปูนเป็นส่วนใหญ่.
ก่อสร้าง	๒๕๕๔	ก่อและสร้างโดยใช้อิฐและปูนเป็นส่วนใหญ่.
ก่อหวอด	๒๕๔๒	ก. เริ่มจับกลุ่มเพื่อทําการอย่างใดอย่างหนึ่ง.
ก่อหวอด	๒๕๕๔	อาการที่ปลาบางชนิดมีปลากัด ปลาช่อน เป็นต้น พ่นฟองน้ำไว้สำหรับเก็บไข่, โดยปริยายหมายถึงอาการที่เริ่มจับกลุ่มเพื่อทำการอย่างใดอย่างหนึ่ง.
ก่ออิฐถือปูน	๒๕๕๔	ก่ออิฐและฉาบปูนทับ.
ก่ออิฐเปลือย	๒๕๕๔	ก่ออิฐโดยไม่ฉาบปูน.
ก่อแล้วต้องสาน	๒๕๔๒	(สํา) ก. เริ่มอะไรแล้วต้องทําต่อให้เสร็จ.
ก่อแล้วต้องสาน	๒๕๕๔	เริ่มอะไรแล้วต้องทำต่อให้เสร็จ.
ก่าน	๒๕๔๒	ว. ด่าง, ผ่าน, มีลายพาด, เช่น พนคณนกหค ก่านแกม ปีกหางนวยแนม นนวยนเนียร้องริน. (ม. คำหลวง มหาพน); เก่ง, กล้า, กั่น, เช่น ปางเมื่อเจ้าเข้าดงด่าน ตววก่านกาจชาติชัฏขน สัตวตนสื่อชื่อมนนหมี ได้ทีทำนำความเข็ญ. (ม. คําหลวง ทานกัณฑ์).
ก่าน	๒๕๕๔	ด่าง, ผ่าน, มีลายพาด, เช่น พนคณนกหค ก่านแกม ปีกหางนวยแนม นนวยนเนียร้องริน (ม. คำหลวง มหาพน)
ก่าย	๒๕๔๒	ก. พาด, พาดไขว้กัน, เช่น เอาฟืนก่ายกัน, พาดเกยอยู่หรือค้างอยู่ เช่น เอามือก่ายหน้าผาก นอนเอาขาก่ายกัน, บางทีก็ใช้เข้าคู่กับคํา เกย เป็น ก่ายเกย หรือ เกยก่าย.
ก่าย	๒๕๕๔	พาด, พาดไขว้กัน, เช่น เอาฟืนก่ายกัน, พาดเกยอยู่หรือค้างอยู่ เช่น เอามือก่ายหน้าผาก นอนเอาขาก่ายกัน, บางทีก็ใช้เข้าคู่กับคำ เกย เป็น ก่ายเกย หรือ เกยก่าย.
ก่ายกอง	๒๕๔๒	ว. มักใช้เข้าคู่กับคํา มากมาย เป็น มากมายก่ายกอง หมายความว่า มากเกิน, ล้นหลาม.
ก่ายกอง	๒๕๕๔	มักใช้เข้าคู่กับคำ มากมาย เป็น มากมายก่ายกอง หมายความว่า มากเกิน, ล้นหลาม.
ก่ำ	๒๕๔๒	ว. สุกใส, เข้ม, จัด, (มักใช้แก่สีแดงหรือทองที่สุก).
ก่ำ	๒๕๕๔	สุกใส, เข้ม, จัด, (มักใช้แก่สีแดงหรือทองที่สุก).
ก่ำต้น	๒๕๔๒	(ถิ่น-พายัพ) น. ต้นมะกลํ่าตาช้าง. (ดู มะกลํ่า).
ก่ำต้น	๒๕๕๔	ต้นมะกลํ่าตาช้าง. (ดู มะกลํ่า).
ก่ำบี้	๒๕๕๔	ผีเสื้อ. (ดู ผีเสื้อ ๑).
ก่ำบึ้ง	๒๕๔๒	ดู บึ้ง ๑.
ก่ำบึ้ง	๒๕๕๔	ดู บึ้ง ๑.
ก่ำเคือ	๒๕๔๒	(ถิ่น-พายัพ) น. ต้นมะกลํ่าตาหนู. (ดู มะกลํ่า).
ก่ำเคือ	๒๕๕๔	ต้นมะกลํ่าตาหนู. (ดู มะกลํ่า).
ก่ำเบ้อ	๒๕๕๔	ผีเสื้อกลางวัน. (ดู ผีเสื้อ ๑).
ก้ง	๒๕๔๒	(ถิ่น-พายัพ) ว. ลาย, ด่าง, เช่น แมวก้ง ผ้าตาก้ง (คือ ผ้าตาโต ๆ ที่มีสีต่าง ๆ กัน).
ก้ง	๒๕๕๔	ลาย, ด่าง, เช่น แมวก้ง ผ้าตาก้ง (คือ ผ้าตาโต ๆ ที่มีสีต่าง ๆ กัน).
ก้งฉ่าย	๒๕๕๔	ผักกาดเขียวปลีดองหวาน.
ก้งฉ่าย	๒๕๖๙	ผักกาดเขียวปลีดองหวาน. (จ.).
ก้งโค้ง	๒๕๔๒	ก. โก่งก้นให้โด่ง, โน้มตัวลงยกก้นให้สูงขึ้น, โก้งโค้ง ก็ว่า.
ก้งโค้ง	๒๕๕๔	โก่งก้นให้โด่ง, โน้มตัวลงยกก้นให้สูงขึ้น, โก้งโค้ง ก็ว่า.
ก้งโค้ง	๒๕๖๙	ยืนแล้วโน้มตัวลง ศีรษะต่ำลงมากจนก้นโด่ง, โโก้งโค้ง ก็ว่า.
ก้น	๒๕๔๒	น. ส่วนเบื้องล่างหรือส่วนท้ายของลําตัว, โดยปริยายหมายความถึงบริเวณก้นด้วย เช่น ล้างก้น; ส่วนล่างของภาชนะ เช่น ก้นหม้อ, ส่วนสุดของห้วงหรือแอ่ง เช่น ก้นบ่อ ก้นสระ ก้นคลอง, ตรงข้ามกับ ปาก; ส่วนสุดที่เหลือ เช่น ก้นเทียน ก้นบุหรี่.
ก้น	๒๕๕๔	ส่วนเบื้องล่างของลำตัวของคนหรือส่วนท้ายของลำตัวของสัตว์, โดยปริยายหมายความถึงบริเวณก้นด้วย เช่น ล้างก้น
ก้น	๒๕๖๙	ส่วนเบื้องล่างของลำตัวของคนหรือส่วนท้ายของลําตัวของสัตว์ .
ก้นกบ	๒๕๔๒	น. ปลายกระดูกสันหลังที่สุดลงมาข้างล่าง, พายัพเรียก ก้นหย่อน, โดยปริยายเรียกสิ่งที่มีลักษณะคล้ายคลึงเช่นนั้น เช่น ก้นกบว่าวจุฬา.
ก้นกบ	๒๕๕๔	ปลายกระดูกสันหลังที่สุดลงมาข้างล่าง, พายัพเรียก ก้นหย่อน, โดยปริยายเรียกสิ่งที่มีลักษณะคล้ายคลึงเช่นนั้น เช่น ก้นกบว่าวจุฬา.
ก้นกบ	๒๕๖๙	ปลายกระดูกสันหลังที่สุดลงมาข้างล่าง.
ก้นกรอง	๒๕๕๔	ส่วนท้ายของบุหรี่ชนิดที่มีที่กรองสารพิษเช่นนิโคตินซึ่งอยู่ในควันบุหรี่, เดิมเรียกว่า ก้นก๊อก, เรียกบุหรี่ที่มีที่กรองสารพิษนี้ ว่า บุหรี่ก้นกรอง.
ก้นกรอง	๒๕๖๙	ส่วนท้ายของบุหรี่ชนิดที่มีที่กรองสารพิษเช่นนิโคตินซึ่งอยู่ในควันบุหรี่, เดิมเรียกว่า ก้นก๊อก, บุหรี่ที่มีที่กรองสารพิษนี้เรียกว่า บุหรี่ก้นกรอง.
ก้นกระดก	๒๕๔๒	(สำ) ว. ลืมตัวเพราะถูกเยินยอ.
ก้นกระดก	๒๕๕๔	ลืมตัวเพราะถูกเยินยอ.
ก้นกระดก	๒๕๖๙	(สำ) ลืมตัวเพราะถูกเยินยอ.
ก้นกุฏิ	๒๕๔๒	[-กุดติ] (ปาก) ว. ที่สนิทเป็นที่ไว้วางใจได้.
ก้นกุฏิ	๒๕๕๔	ที่สนิทเป็นที่ไว้วางใจได้.
ก้นกุฏิ	๒๕๖๙	(ปาก) ที่สนิทเป็นที่ไว้วางใจได้.
ก้นก๊อก	๒๕๕๔	ดู ก้นกรอง.
ก้นก๊อก	๒๕๖๙	ดู ก้นกรอง (อ. cork-tip).
ก้นขบ	๒๕๔๒	น. ชื่องูชนิด Cylindrophis ruffus ในวงศ์ Aniliidae หรือ Uropeltidae สีดําแกมม่วง มีลายขาวเป็นปล้อง&#160;ๆ ไม่มีพิษ แต่เข้าใจกันว่ามีพิษข้างหางเพราะชูและแผ่หางซึ่งปลายมีสีแดงส้ม.
ก้นขบ	๒๕๕๔	ชื่องูขนาดเล็กชนิด Cylindrophis ruffus (Laurenti) ในวงศ์ Aniliidae หรือ Uropeltidae สีดำแกมม่วง มีลายประตามลำตัวสีขาวเห็นได้ชัดเมื่อยังมีขนาดเล็ก ท้องมีลายดำขาวสลับกัน พื้นท้องของหางเกือบปลายสุดมีสีแดงอมส้ม ไม่มีพิษ แต่เข้าใจกันว่ามีพิษข้างหางเพราะชูและแผ่หางแบนม้วนให้เห็นเมื่อพบศัตรู.
ก้นขบ	๒๕๖๙	ดู งูก้นขบ.
ก้นครัว	๒๕๔๒	(ปาก) ว. ไม่ได้ออกหน้าออกตา.
ก้นครัว	๒๕๕๔	ไม่ได้ออกหน้าออกตา.
ก้นครัว	๒๕๖๙	(สำ) ไม่ได้ออกหน้าออกตา.
ก้นตะกรน	๒๕๔๒	น. ก้นที่มีขี้ตะกอน.<2t>ว. เดนคัด, เดนเลือก, ขนาดเล็กมาก, ในคำว่า มะม่วงก้นตะกรน.
ก้นตะกรน	๒๕๕๔	ก้นที่มีขี้ตะกอน.
ก้นตะกรน	๒๕๖๙	ก้นภาชนะที่มีขี้ตะกอน.
ก้นถุง	๒๕๕๔	ดู เงินก้นถุง.
ก้นถุง	๒๕๖๙	ดู เงินก้นถุง.
ก้นบึ้ง	๒๕๔๒	น. ส่วนสุดของสิ่งที่ลึก, ส่วนใต้สุด, โดยปริยายหมายถึงลักษณะที่คล้ายคลึงเช่นนั้น เช่น ก้นบึ้งของหัวใจ.
ก้นบึ้ง	๒๕๕๔	ส่วนสุดของสิ่งที่ลึก, ส่วนใต้สุด, โดยปริยายหมายถึงลักษณะที่คล้ายคลึงเช่นนั้น เช่น ก้นบึ้งของหัวใจ.
ก้นบึ้ง	๒๕๖๙	ส่วนสุดของสิ่งที่ลึก, ส่วนใต้สุด, เช่น ก้นบึ้งของมหาสมุทร, ก้นบึ้งของหัวใจ.
ก้นบุหรี่	๒๕๕๔	ส่วนท้ายของมวนบุหรี่ที่สั้นจนสูบต่อไปไม่ได้, ก้นยา ก็เรียก.
ก้นบุหรี่	๒๕๖๙	ส่วนท้ายของมวนบุหรี่ที่สั้นจนสูบต่อไม่ได้, ก้นยา ก็ว่า.
ก้นปล่อง	๒๕๔๒	น. ชื่อยุงในสกุล Anopheles วงศ์ Culicidae มีหลายชนิด ที่พบเป็นสามัญเช่น ชนิด A. minimus ยุงเหล่านี้เวลาเกาะหรือดูดเลือดคนหรือสัตว์ หัวจะปักลง ก้นชี้ขึ้น ผนังด้านล่างของส่วนท้องไม่มีเกล็ด ตัวเมียมีรยางค์ที่ปากยาวออกมา ๑ คู่ เช่นเดียวกับตัวผู้ ทําให้เหมือนกับมีปากเป็นสามแฉก ตัวเมียดูดเลือดและบางชนิดเป็นพาหะในการนําโรคมาสู่คนและสัตว์ เช่น โรคมาลาเรีย ตัวผู้กินนํ้าหรือนํ้าหวานจากดอกไม้.
ก้นปล่อง	๒๕๕๔	ชื่อยุงในสกุล Anopheles วงศ์ Culicidae ที่พบทั่วไป เช่น ชนิด A. dirus Peyton & Harrison, A. minimusTheobald, A. maculatus Theobald ยุงเหล่านี้เวลาเกาะหรือดูดเลือดคนหรือสัตว์ หัวจะปักลง ก้นชี้ขึ้น ผนังด้านล่างของส่วนท้องไม่มีเกล็ด ทั้งเพศผู้และเพศเมียมีรยางค์ปากยื่นยาวออกมา ๑ คู่ ทำให้เหมือนกับมีปากเป็นสามแฉก เพศเมียดูดเลือดและบางชนิดเป็นพาหะในการนำโรคมาสู่คนและสัตว์ เช่น ไข้มาลาเรีย เพศผู้กินนํ้าหรือนํ้าหวานจากเกสรดอกไม้.
ก้นปล่อง	๒๕๖๙	ดู ยุงก้นปล่อง.
ก้นปอด	๒๕๔๒	น. ก้นที่สอบเล็กผิดปรกติ, ก้นที่ไม่ใคร่มีเนื้อ.
ก้นปอด	๒๕๕๔	ก้นที่สอบเล็กผิดปรกติ, ก้นที่ไม่ใคร่มีเนื้อ.
ก้นปอด	๒๕๖๙	ก้นที่สอบเล็กผิดปรกติ, ก้นที่ไม่ใคร่มีเนื้อ.
ก้นปิด	๒๕๔๒	ว. เรียกใบไม้ที่มีก้านติดอยู่ภายในของใบ เช่น ใบบัว ใบมะละกอ ว่า ใบก้นปิด.
ก้นปิด	๒๕๕๔	เรียกใบไม้ที่มีก้านติดอยู่ภายในของใบ เช่นใบบัว ใบมะละกอ ว่า ใบก้นปิด.
ก้นปิด	๒๕๖๙	ที่มีก้านติดอยู่ภายในของใบอย่างใบบัว ใบมะละกอ เรียกว่า ใบก้นปิด.
ก้นปูด	๒๕๔๒	(ถิ่น-พายัพ) น. นกกะปูด. (ดู กะปูด).
ก้นปูด	๒๕๕๔	นกกะปูด. (ดู กะปูด).
ก้นยา	๒๕๕๔	ส่วนท้ายของมวนบุหรี่ที่สั้นจนสูบต่อไปไม่ได้, ก้นบุหรี่ ก็เรียก.
ก้นยา	๒๕๖๙	ส่วนท้ายของมวนบุหรี่ที่สั้นจนสูบต่อไปไม่ได้, ก้นบุหรี่ ก็ว่า.
ก้นย้อย	๒๕๔๒	น. เนื้อก้น ๒ ข้างที่ยุ้ยออกมา.
ก้นย้อย	๒๕๕๔	เนื้อก้น ๒ ข้างที่ยุ้ยออกมา.
ก้นย้อย	๒๕๖๙	เนื้อก้น ๒ ข้างที่ยุ้ยออกมา.
ก้นร้อน	๒๕๕๔	นั่งอยู่ที่ใดได้ไม่นาน เช่น แม่คนนี้ก้นร้อน นั่งที่ไหนไม่ได้นานหรอก.
ก้นร้อน	๒๕๖๙	(ปาก) นั่งอยู่ที่ใดได้ไม่นาน เช่น แม่คนนี้ก้นร้อน นั่งที่ไหนไม่ได้นานหรอก , ใช้เป็นคำวิเศษณ์ก็ได้ เช่น คนก้นร้อนนั่งที่ไหนก็ไม่นาน.
ก้นหนัก	๒๕๔๒	ว. ไปนั่งคุยอยู่นาน ไม่ยอมกลับง่าย&#160;ๆ.
ก้นหนัก	๒๕๕๔	นั่งอยู่ที่ใดที่หนึ่งได้นาน ๆ ไม่ลุกหรือขยับเขยื้อนไปไหนง่าย ๆ เช่น แม่คนนี้ก้นหนัก ไปนั่งคุยอยู่บ้านเพื่อนตั้งแต่เช้ายังไม่ยอมกลับ.
ก้นหนัก	๒๕๖๙	(ปาก) นั่งอยู่ที่ใดที่หนึ่งได้นาน ๆ ไม่ลุกหรือขยับเขยื้อนไปไหนง่าย ๆ เช่น แม่คนนี้ก้นหนัก ไปนั่งคุยอยู่บ้านเพื่อนตั้งแต่เช้ายังไม่ยอมกลับ, ใช้เป็นคำวิเศษณ์ก็ได้ เช่น คนก้นหนักนั่งที่ไหนก็นั่งนาน.
ก้นหม้อข้าวไม่ทันดำ	๒๕๖๙	(สำ) อยู่ด้วยกันฉันสามีภรรยาไม่นานก็เลิกร้างกัน.
ก้นหย่อน	๒๕๔๒	(ถิ่น-พายัพ) น. ก้นกบ.
ก้นหย่อน	๒๕๕๔	ก้นกบ.
ก้นหอย	๒๕๔๒	น. รอยเส้นขดวนเข้าหาศูนย์กลางอย่างรูปก้นหอยมีที่นิ้วมือเป็นต้น, โดยปริยายเรียกสิ่งที่มีลักษณะคล้ายคลึงเช่นนั้น เช่น ม้วนผมแบบก้นหอย.
ก้นหอย	๒๕๕๔	รอยเส้นขดวนเข้าหาศูนย์กลางอย่างรูปก้นหอยมีที่นิ้วมือเป็นต้น, โดยปริยายเรียกสิ่งที่มีลักษณะคล้ายคลึงเช่นนั้น เช่น ม้วนผมแบบก้นหอย.
ก้นหอย	๒๕๖๙	รอยเส้นขดวนเข้าหาศูนย์กลางอย่างรูปก้นหอย มีที่นิ้วมือเป็นต้น.
ก้นอ้อย	๒๕๔๒	น. เนื้อก้น ๒ ข้างตรงที่นั่งทับ.
ก้นอ้อย	๒๕๕๔	เนื้อก้น ๒ ข้างตรงที่นั่งทับ.
ก้นอ้อย	๒๕๖๙	เนื้อก้น ๒ ข้างตรงที่นั่งทับ.
ก้นแมลงสาบ	๒๕๔๒	ว. แหลมมนอย่างก้นแมลงสาบ, เรียกเครื่องมือเหล็กที่มีลักษณะเช่นนั้นว่า เหล็กก้นแมลงสาบ.
ก้นแมลงสาบ	๒๕๕๔	แหลมมนอย่างก้นแมลงสาบ, เรียกเครื่องมือเหล็กที่มีลักษณะเช่นนั้น ว่า เหล็กก้นแมลงสาบ.
ก้นแมลงสาบ	๒๕๖๙	แหลมมนอย่างก้นแมลงสาบ เช่น เหล็กก้นแมลงสาบ.
ก้ม	๒๕๔๒	ก. ทําให้ตํ่าลงโดยอาการน้อม (ใช้เฉพาะ หัว หน้า และหลัง) เช่น ก้มหัว ก้มหน้า ก้มหลัง.
ก้ม	๒๕๕๔	ทำให้ตํ่าลงโดยอาการน้อม (ใช้เฉพาะ หัว หน้า และหลัง) เช่น ก้มหัว ก้มหน้า ก้มหลัง.
ก้ม	๒๕๖๙	ทําให้ตํ่าลงโดยอาการน้อม (ใช้เฉพาะ หัว หน้า และหลัง) เช่น ก้มหัว, ก้มหน้า, ก้มหลัง.
ก้ม ๆ เงย ๆ	๒๕๕๔	ก้มบ้างเงยบ้าง, ทำ ๆ หยุด ๆ ต่อเนื่องกันไป.
ก้ม ๆ เงย ๆ	๒๕๖๙	ก้มบ้างเงยบ้าง ทำ ๆ หยุด ๆ ต่อเนื่องกันไป.
ก้มหน้า	๒๕๔๒	(สํา) ก. จําทน เช่น ต้องก้มหน้าทําตามประสายาก.
ก้มหน้า	๒๕๕๔	จำทน เช่น ต้องก้มหน้าทำตามประสายาก.
ก้มหน้า	๒๕๖๙	(สำ) จำยอม, จำทน, ก้มหน้าก้มตา ก็ว่า.
ก้มหน้าก้มตา	๒๕๔๒	(สํา) ก. ทําโดยไม่มองดูสิ่งอื่น, ทําโดยตั้งใจ, เช่น ก้มหน้าก้มตาทําไปจนกว่าจะสําเร็จ.
ก้มหน้าก้มตา	๒๕๕๔	ทำโดยไม่มองดูสิ่งอื่น, ทำโดยตั้งใจ, เช่น ก้มหน้าก้มตาทำไปจนกว่าจะสำเร็จ.
ก้มหน้าก้มตา	๒๕๖๙	(สำ) จำยอม, จำทน, ก้มหน้า ก็ว่า .
ก้มหลัง	๒๕๔๒	ก. น้อมหลังลงเพื่อแสดงกิริยาเคารพ.
ก้มหลัง	๒๕๕๔	น้อมหลังลงเพื่อแสดงกิริยาเคารพ.
ก้มหลัง	๒๕๖๙	น้อมหลังลงเพื่อแสดงกิริยาเคารพ.
ก้มหัว	๒๕๔๒	ก. น้อมหัวลงเพื่อแสดงกิริยาเคารพ, โดยปริยายหมายความว่า ยอมอ่อนน้อม (มักใช้ในความปฏิเสธ) เช่น ไม่ยอมก้มหัวให้ใคร.
ก้มหัว	๒๕๕๔	น้อมหัวลงเพื่อแสดงกิริยาเคารพ, โดยปริยายหมายความว่า ยอมอ่อนน้อม (มักใช้ในความปฏิเสธ) เช่น ไม่ยอมก้มหัวให้ใคร.
ก้มหัว	๒๕๖๙	น้อมหัวลงเพื่อแสดงกิริยาเคารพ.
ก้อ	๒๕๔๒	ว. แสดงอาการเจ้าชู้ เช่น ไก่ก้อ.
ก้อ	๒๕๕๔	แสดงอาการเจ้าชู้อย่างไก่แจ้.
ก้อง	๒๕๔๒	ว. ดังมากอย่างเสียงในที่จํากัดเช่นในโบสถ์, ดังไปได้ไกล เช่น เขาตะโกนก้องมาจากที่สูง.
ก้อง	๒๕๕๔	ดังมากอย่างเสียงในที่จำกัดเช่นในโบสถ์, ดังไปได้ไกล เช่น เขาตะโกนก้องมาจากที่สูง.
ก้องโลก	๒๕๕๔	มีชื่อเสียงโด่งดังไปทั่วโลก.
ก้อน	๒๕๔๒	น. คําบอกลักษณะของเล็ก&#160;ๆ ที่เกาะหรือติดรวมกันแน่น ไม่กําหนดรูปแน่นอน โดยมากมีลักษณะค่อนข้างกลม เช่น ข้าวเกาะกันเป็นก้อน, เรียกสิ่งที่มีลักษณะเช่นนั้น เช่น ก้อนข้าว; สิ่งที่แยกหรือแตกออกจากสิ่งใหญ่ ไม่กําหนดรูปแน่นอน โดยมากมีลักษณะค่อนข้างกลม เช่น ก้อนอิฐ ก้อนหิน ก้อนดิน; ลักษณนามเรียกของเช่นนั้น เช่น ข้าว ๓ ก้อน หิน ๒ ก้อน; โดยปริยายหมายถึง จํานวนรวม เช่น ได้เป็นเงินก้อน; (ถิ่น-ปักษ์ใต้) เงิน ๑ สลึง (ที่สงขลามีค่า = ๑๕ สตางค์).
ก้อน	๒๕๕๔	คำบอกลักษณะของเล็ก ๆ ที่เกาะหรือติดรวมกันแน่น ไม่กำหนดรูปแน่นอน โดยมากมีลักษณะค่อนข้างกลม เช่น ข้าวเกาะกันเป็นก้อน, เรียกสิ่งที่มีลักษณะเช่นนั้น เช่น ก้อนข้าว
ก้อนขี้หมา	๒๕๔๒	น. ปุ่มเหนือปลายปากบนของจระเข้, ขี้หมา หรือ หัวขี้หมา ก็เรียก.
ก้อนขี้หมา	๒๕๕๔	ปุ่มเหนือปลายปากบนของจระเข้, ขี้หมา หรือ หัวขี้หมา ก็เรียก.
ก้อนเส้า	๒๕๔๒	น. ก้อนดิน ก้อนอิฐ หรือก้อนหินเป็นต้นที่เอามาตั้งต่างเตา; ชื่อดาวฤกษ์ภรณี มี ๓ ดวง.
ก้อนเส้า	๒๕๕๔	ก้อนอิฐหรือก้อนหินเป็นต้น อย่างน้อย ๓ ก้อน ที่เอามาตั้งต่างเตา
ก้อม	๒๕๔๒	(โบ) น. ปลาย.<2t>ว. ค่อม, เตี้ย.<2t>ก. ก้ม.
ก้อม	๒๕๕๔	ปลาย.
ก้อย	๒๕๔๒	น. นิ้วเล็กที่สุดของนิ้วทั้ง ๕ เรียกว่า นิ้วก้อย; ในการเล่นปั่นแปะหรือโยนหัวโยนก้อย เรียกสมมุติด้านหนึ่งของสตางค์หรือเหรียญกระษาปณ์ว่า ด้านก้อย, คู่กับ ด้านหัว; โดยปริยายหมายความว่า เล็ก เช่น หัวเท่ากิ่งก้อย คือ หัวเล็กนิดเดียว, ไม่รู้จักนิ้วก้อยหัวแม่มือ หมายความว่า ไม่รู้จักเด็กไม่รู้จักผู้ใหญ่ หรือ ไม่รู้จักตํ่าสูง.
ก้อย	๒๕๕๔	นิ้วเล็กที่สุดของนิ้วทั้ง ๕ เรียกว่า นิ้วก้อย
ก้อร่อก้อติก	๒๕๔๒	ว. แสดงอาการเจ้าชู้, ทําเป็นเจ้าชู้.
ก้อร่อก้อติก	๒๕๕๔	ทำตัวให้ใกล้ชิด พัวพันในทำนองชู้สาว.
ก้าง	๒๕๔๒	น. ส่วนแข็งที่ประกอบเป็นโครงร่างของปลา โดยปรกติหมายเอาชิ้นที่แหลมเล็ก&#160;ๆ.
ก้าง	๒๕๕๔	ส่วนแข็งที่ประกอบเป็นโครงร่างของปลา โดยปรกติหมายเอาชิ้นที่แหลมเล็กๆ.
ก้างขวางคอ	๒๕๔๒	น. ผู้ขัดขวางมิให้ทําการได้สะดวก, ผู้ขัดขวางให้ผู้อื่นเสียประโยชน์.
ก้างขวางคอ	๒๕๕๔	ผู้ขัดขวางมิให้ทำการได้สะดวก, ผู้ขัดขวางให้ผู้อื่นเสียประโยชน์.
ก้างปลา	๒๕๔๒	น. ชื่อไม้พุ่มหลายชนิดในสกุล Phyllanthus และ Securinega วงศ์ Euphorbiaceae ใบยาวรี ปลายใบทู่ ออกดอกเป็นกลุ่มอยู่ตามง่ามใบแถวปลายกิ่ง ชนิดผลสีขาว เรียก ก้างปลาขาว (S. virosa Baill.) ชนิดผลสีคลํ้า เรียก ก้างปลาแดง (S. leucopyrus Muell. Arg.) และชนิด P. reticulatus Poir. ชนิดหลังนี้เรียกกันว่า ก้างปลาเครือ ใช้ทํายาได้.
ก้างปลา	๒๕๕๔	ชื่อไม้พุ่มหลายชนิดในสกุล Flueggea และ Phyllanthus วงศ์ Euphorbiaceae ใบยาวรี ปลายใบทู่ ออกดอกเป็นกลุ่มอยู่ตามง่ามใบแถวปลายกิ่ง ชนิดผลสีขาวเรียก ก้างปลาขาว [ F.virosa (Roxb. ex Willd.) Voigt] ชนิดผลสีคลํ้าเรียก ก้างปลาแดง ( F. leucopyrusWilld.) และชนิด P. reticulatus Poir. เรียก ก้างปลาเครือ ใช้ทำยาได้.
ก้างพระร่วง	๒๕๕๔	ชื่อปลาน้ำจืดไม่มีเกล็ดจำพวกเดียวกับปลาเนื้ออ่อน ชนิด Kryptopterus bicirrhis (Valenciennes) ในวงศ์ Siluridae ลำตัวยาวแบนข้างมาก ปากเล็กเชิดขึ้น เนื้อมีลักษณะใสจนมองทะลุลำตัวเห็นแถวกระดูกและอวัยวะภายในต่าง ๆ ขนาดยาวไม่เกิน ๑๒ เซนติเมตร, กระจก ก็เรียก.
ก้าน	๒๕๔๒	น. ส่วนที่ต่อดอก หรือใบ หรือผล กับกิ่งไม้, เรียกสิ่งที่มีลักษณะคล้ายคลึงเช่นนั้น เช่น ก้านตุ้มหู ก้านไม้ขีด; กระดูกกลางแห่งใบไม้บางอย่าง เช่น มะพร้าว จาก.
ก้าน	๒๕๕๔	ส่วนที่ต่อดอก หรือใบ หรือผล กับกิ่งไม้, เรียกสิ่งที่มีลักษณะคล้ายคลึงเช่นนั้น เช่น ก้านตุ้มหู ก้านไม้ขีด
ก้านขด	๒๕๔๒	น. ชื่อลายชนิดหนึ่งที่เขียนเป็นลายขดไปขดมา.
ก้านขด	๒๕๕๔	ชื่อลายชนิดหนึ่งที่เขียนเป็นลายขดไปขดมา.
ก้านคอ	๒๕๔๒	น. ลําคอด้านหลัง.
ก้านคอ	๒๕๕๔	ลำคอด้านหลัง.
ก้านตอง	๒๕๔๒	น. ไม้ขนาบข้างเรือรูปกลม&#160;ๆ คล้ายทางกล้วย.
ก้านตอง	๒๕๕๔	ไม้ขนาบข้างเรือรูปกลมๆ คล้ายทางกล้วย.
ก้านต่อดอก	๒๕๔๒	น. ชื่อวิธีร้อยดอกไม้เป็นตาข่าย; ชื่อลายชนิดหนึ่ง; ชื่อกลบทชนิดหนึ่ง เช่น แสนถวิลเทวษว้าอาวรณ์สมร ทุกข์ระทมกรมทรวงดั่งศรรอน จะนั่งนอนมีแต่พรํ่ากําสรวลครวญ.
ก้านต่อดอก	๒๕๕๔	ชื่อวิธีร้อยดอกไม้เป็นตาข่าย
ก้านบัว	๒๕๔๒	น. กําไลเท้า.
ก้านบัว	๒๕๕๔	กำไลเท้า.
ก้านปล้อง	๒๕๕๔	ดู สามเหลี่ยม ๒.
ก้านพร้าว	๒๕๔๒	น. โกฐก้านพร้าว. (ดู โกฐก้านพร้าว).
ก้านพร้าว	๒๕๕๔	โกฐก้านพร้าว. (ดู โกฐก้านพร้าว ที่ โกฐ).
ก้านมะพร้าว	๒๕๔๒	ดู ทางมะพร้าว.
ก้านมะพร้าว	๒๕๕๔	ดู ทางมะพร้าว.
ก้านยาว	๒๕๔๒	น. ชื่อทุเรียนพันธุ์หนึ่ง; (ปาก) ผู้ที่มีรูปร่างผอมสูงกว่าปรกติ.
ก้านยาว	๒๕๕๔	ชื่อทุเรียนพันธุ์หนึ่ง
ก้านเหลือง	๒๕๔๒	น. ชื่อไม้ต้นขนาดกลางถึงขนาดใหญ่ชนิด Nauclea orientalis (L.) L. ในวงศ์ Rubiaceae คล้ายกระทุ่ม ขึ้นตามริมนํ้า เนื้อไม้สีเหลือง ละเอียด ใช้ในการก่อสร้าง.
ก้านเหลือง	๒๕๕๔	ชื่อไม้ต้นขนาดกลางถึงขนาดใหญ่ชนิด Nauclea orientalis (L.) L. ในวงศ์ Rubiaceae คล้ายกระทุ่ม ขึ้นตามริมนํ้า เนื้อไม้สีเหลือง ละเอียด ใช้ในการก่อสร้าง.
ก้านแข็ง	๒๕๔๒	น. เรียกกําไลชนิดหนึ่งว่า กําไลก้านแข็ง.
ก้านแข็ง	๒๕๕๔	เรียกกำไลชนิดหนึ่งว่า กำไลก้านแข็ง.
ก้านแย่ง	๒๕๔๒	น. ชื่อลายชนิดหนึ่ง ซึ่งมีรูปโครงเป็นตาข่ายแย่งดอกแย่งก้านกัน.
ก้านแย่ง	๒๕๕๔	ชื่อลายชนิดหนึ่ง ซึ่งมีรูปโครงเป็นตาข่ายแย่งดอกแย่งก้านกัน.
ก้าบ ๆ	๒๕๔๒	ว. เสียงร้องของเป็ด.
ก้าบ ๆ	๒๕๕๔	เสียงร้องของเป็ด.
ก้าม	๒๕๔๒	น. อวัยวะของสัตว์บางชนิดเช่นปูและกุ้ง สําหรับหนีบอาหารเป็นต้น.
ก้าม	๒๕๕๔	อวัยวะของสัตว์บางชนิดเช่นปูและกุ้ง สำหรับหนีบอาหารเป็นต้น.
ก้ามกราม	๒๕๔๒	น. ชื่อกุ้งนํ้าจืดชนิด Macrobrachium rosenbergii ในวงศ์ Palaemonidae ตัวโต เปลือกสีครามปนเขียว ก้ามสีฟ้า มีหนาม วางไข่ในนํ้ากร่อย, กุ้งหลวง ก็เรียก, เพศเมียเรียก กุ้งนาง.
ก้ามกราม	๒๕๕๔	ชื่อกุ้งชนิด Macrobrachium rosenbergii (De Man) ในวงศ์ Palaemonidae ตัวโต เปลือกสีครามปนเขียว ก้ามใหญ่สีฟ้าหรือสีคราม มีหนาม ไข่ฟักเป็นตัวอ่อนในน้ำกร่อยแล้วมาอาศัยเจริญเติบโตจนเป็นตัวเต็มวัยในน้ำจืด, กุ้งก้ามคราม หรือ กุ้งหลวง ก็เรียก, เพศเมียเรียก กุ้งนาง.
ก้ามกุ้ง	๒๕๔๒	ดู ผกากรอง.
ก้ามกุ้ง	๒๕๕๔	ดู ผกากรอง.
ก้ามคราม	๒๕๕๔	ดู ก้ามกราม.
ก้ามดาบ	๒๕๔๒	ดู เปี้ยว ๑.
ก้ามดาบ	๒๕๕๔	ดู เปี้ยว ๑.
ก้ามปู	๒๕๔๒	น. ชื่อไม้ต้นขนาดใหญ่ชนิด Albizia saman (Jacq.) F. Muell. ในวงศ์ Leguminosae เรือนยอดทึบแบนแผ่สาขากว้างใหญ่จึงให้ร่มเงาได้ดี ช่อดอกเป็นพู่สีชมพูแก่ ฝักแก่สีนํ้าตาลไหม้ ยาวประมาณ ๑๒ เซนติเมตร รสหวาน เป็นไม้ที่นําเข้ามาปลูก เดิมเรียก จามจุรีแดง แต่มักเรียกสั้น&#160;ๆ ว่า จามจุรี, พายัพเรียก ฉำฉา หรือ สำสา.
ก้ามปู	๒๕๕๔	ชื่อไม้ต้นขนาดใหญ่ชนิด Samanea saman (Jacq.) Merr. ในวงศ์ Leguminosae เรือนยอดทึบแบนแผ่สาขากว้างใหญ่จึงให้ร่มเงาได้ดี ช่อดอกเป็นพู่สีชมพูแก่ ฝักแก่สีนํ้าตาลไหม้ ยาวประมาณ ๑๒ เซนติเมตร รสหวาน เป็นไม้ที่นำเข้ามาปลูก, เดิมเรียก จามจุรีแดง แต่มักเรียกสั้นๆ ว่า จามจุรี, พายัพเรียก ฉำฉา หรือ สำสา.
ก้ามปูหลุด	๒๕๔๒	น. ชื่อไม้ล้มลุกชนิด Tradescantia zebrina Hort. ex Bosse ในวงศ์ Commelinaceae ลําต้นเรียว และเป็นปล้อง&#160;ๆ เลื้อยไปตามดิน ใบสีเขียวหม่น ใบด้านบนมีแถบสีเทาคาดตามยาว ด้านล่างสีม่วงแดง ดอกสีชมพู.
ก้ามปูหลุด	๒๕๕๔	ชื่อไม้ล้มลุกชนิด Tradescantia zebrina Hort ex Bosse ในวงศ์ Commelinaceae ลำต้นเรียว และเป็นปล้องๆ เลื้อยไปตามดิน ใบสีเขียวหม่น ใบด้านบนมีแถบสีเทาคาดตามยาว ด้านล่างสีม่วงแดง ดอกสีชมพู.
ก้ามเกลี้ยง	๒๕๔๒	น. ชื่อกุ้งนํ้าจืดชนิด Macrobrachium sintangense ในวงศ์ Palaemonidae ตัวเล็กกว่ากุ้งก้ามกราม ก้ามเล็กเรียบไม่มีหนาม.
ก้ามเกลี้ยง	๒๕๕๔	ชื่อกุ้งนํ้าจืดชนิด Macrobrachium sintangense (De Man) ในวงศ์ Palaemonidae ตัวเล็กกว่ากุ้งก้ามกราม ก้ามเล็กเรียบไม่มีหนาม.
ก้าว	๒๕๔๒	น. ระยะทางชั่วยกเท้าย่างไปครั้งหนึ่ง.<2t>ก. ยกเท้าย่างไป.
ก้าว	๒๕๕๔	ยกเท้าเคลื่อนไปวางข้างหน้าหรือข้างหลัง เช่น วันนี้เดินซื้อของทั้งวัน เหนื่อยจนก้าวขาไม่ออก, ยกเท้าเคลื่อนไปวางข้างหน้าหรือข้างหลังแล้วยกอีกเท้าหนึ่งตาม เช่น ก้าวออกมาข้างหน้า ๑ ก้าว. น. ระยะทางชั่วยกเท้าเคลื่อนไปวางข้างหน้าหรือข้างหลังแล้วยกอีกเท้าหนึ่งตาม, ลักษณนามเรียกระยะทางชั่วยกเท้าเคลื่อนไปวางข้างหน้าหรือข้างหลังแล้วยกอีกเท้าหนึ่งตาม เช่น เดินได้ ๕ ก้าว.
ก้าวก่าย	๒๕๔๒	ก. ล่วงลํ้าเข้าไปยุ่งเกี่ยวหน้าที่ผู้อื่น, เหลื่อมลํ้าไม่เป็นระเบียบ เช่น งานก้าวก่ายกัน.
ก้าวก่าย	๒๕๕๔	ล่วงลํ้าเข้าไปยุ่งเกี่ยวหน้าที่ผู้อื่น, เหลื่อมลํ้าไม่เป็นระเบียบ เช่น งานก้าวก่ายกัน.
ก้าวร้าว	๒๕๔๒	ว. เกะกะระราน (ใช้แก่กิริยาและวาจาที่กระด้างและล่วงเกินผู้อื่น).
ก้าวร้าว	๒๕๕๔	เกะกะระราน (ใช้แก่กิริยาและวาจาที่กระด้างและล่วงเกินผู้อื่น).
ก้าวล่วง	๒๕๔๒	ก. ละเมิด เช่น ภิกษุก้าวล่วงสิกขาบท.
ก้าวล่วง	๒๕๕๔	ละเมิด เช่น ภิกษุก้าวล่วงสิกขาบท.
ก้าวหน้า	๒๕๔๒	ก. เปลี่ยนแปลงของเดิมให้ดีขึ้นตามลําดับ, เจริญวัฒนาเร็วกว่าปรกติ.
ก้าวหน้า	๒๕๕๔	เปลี่ยนแปลงของเดิมให้ดีขึ้นตามลำดับ, เจริญวัฒนาเร็วกว่าปรกติ.
ก้าวเฉียง	๒๕๔๒	ก. เดินเป็นฟันปลา (ใช้แก่การแล่นเรือ); โดยปริยายใช้แก่การพูดไม่ตรงหรือพูดเลี่ยง เช่น นงลักษณ์แกล้งกล่าวก้าวเฉียง. (อิเหนา).
ก้าวเฉียง	๒๕๕๔	เดินเป็นฟันปลา (ใช้แก่การแล่นเรือ)
ก้ำ	๒๕๔๒	(โบ) น. ด้าน, ฝ่าย, ทิศ.
ก้ำ	๒๕๕๔	ด้าน, ฝ่าย, ทิศ.
ก้ำกึ่ง	๒๕๔๒	ว. เกือบเท่า&#160;ๆ กัน, พอ&#160;ๆ กัน, ไล่เลี่ยกัน, เช่น ฝีมือกํ้ากึ่งกัน.
ก้ำกึ่ง	๒๕๕๔	เกือบเท่า ๆ กัน, พอ ๆ กัน, ไล่เลี่ยกัน, เช่น ฝีมือกํ้ากึ่งกัน.
ก้ำเกิน	๒๕๔๒	ว. ล่วงเกิน, เกินเลย.
ก้ำเกิน	๒๕๕๔	ล่วงเกิน, เกินเลย.
ก๊ก	๒๕๔๒	น. พวก, หมู่, เหล่า, โดยปรกติมักใช้เข้าคู่กันว่า เป็นก๊กเป็นพวก เป็นก๊กเป็นหมู่ เป็นก๊กเป็นเหล่า. (จ. ว่า ประเทศ).
ก๊ก	๒๕๕๔	พวก, หมู่, เหล่า, โดยปรกติมักใช้เข้าคู่กันว่า เป็นก๊กเป็นพวก เป็นก๊กเป็นหมู่ เป็นก๊กเป็นเหล่า.
ก๊ก	๒๕๖๙	พวก, หมู่, เหล่า, มักใช้เข้าคู่กันว่า เป็นก๊กเป็นพวก เป็นก๊กเป็นหมู่ เป็นก๊กเป็นเหล่า. (จ. ว่า ประเทศ).
ก๊ง	๒๕๔๒	(ปาก) ก. ดื่ม (ใช้แก่เหล้า) เช่น ก๊งเหล้า.<2t>น. หน่วยตวงเหล้าโรงเป็นต้นตามวิธีประเพณี ๑ ก๊ง เท่ากับ ๕๐ ลูกบาศก์เซนติเมตร. (จ.).
ก๊ง	๒๕๕๔	ดื่ม (ใช้แก่เหล้า) เช่น ก๊งเหล้า.
ก๊ง	๒๕๖๙	หน่วยตวงเหล้าโรงเป็นต้นตามวิธีประเพณี ๑ ก๊ง เท่ากับ ๕๐ ลูกบาศก์เซนติเมตร. (จ.).
ก๊งฉ่าย	๒๕๕๔	ผักกาดเขียวปลีดองหวาน.
ก๊วน	๒๕๕๔	กลุ่มคนที่สนิทสนมและร่วมทำกิจกรรมเดียวกันเป็นประจำ เช่น เขาสนิทกับรัฐมนตรีคนนี้เพราะเล่นกอล์ฟก๊วนเดียวกัน
ก๊วยเตี๋ยว	๒๕๕๔	ชื่อของกินชนิดหนึ่ง ทำด้วยแป้งข้าวเจ้าเป็นเส้นๆ ถ้าลวกสุกแล้วปรุงด้วยเครื่องมีหมูเป็นต้น เรียกว่า ก๋วยเตี๋ยวแห้ง ถ้าใส่น้ำซุป เรียกว่า ก๋วยเตี๋ยวน้ำ ถ้านำเส้นมาผัด เรียกว่า ก๋วยเตี๋ยวผัด.
ก๊อ	๒๕๔๒	(ถิ่น-พายัพ) น. ทับทิม เช่น ต้นก๊อ ว่า ต้นทับทิม. (พจน. ๒๔๙๓).
ก๊อก	๒๕๔๒	น. เครื่องเปิดปิดนํ้าจากท่อหรือภาชนะ, หัวก๊อก ก็เรียก. (อ. cock).
ก๊อก	๒๕๕๔	เครื่องเปิดปิดนํ้าจากท่อหรือภาชนะ, หัวก๊อก ก็เรียก.
ก๊อก ๆ แก็ก ๆ	๒๕๕๔	เล็ก ๆ น้อย ๆ เช่น ตอนนี้ตกงาน ต้องหาอะไรทำก๊อก ๆ แก็ก ๆ ไปก่อน.
ก๊อกแก๊ก	๒๕๕๔	เสียงอย่างแก้วหรือโลหะกระทบกันเบา ๆ.
ก๊อซ	๒๕๔๒	น. เรียกผ้าบาง โปร่ง ที่ใช้ปิดแผลหรือพันแผลว่า ผ้าก๊อซ. (อ. gauze).
ก๊อซ	๒๕๕๔	เรียกผ้าบาง โปร่ง ที่ใช้ปิดแผลหรือพันแผล ว่า ผ้าก๊อซ.
ก๊อบปี้	๒๕๔๒	น. กระดาษที่ใช้สําหรับทําสําเนา เรียกว่า กระดาษก๊อบปี้. (อ. carbon paper); (ปาก) ลักษณนามเรียกสําเนาหนังสือ เช่น ก๊อบปี้หนึ่ง สําเนา ๒ ก๊อบปี้. (อ. copy).
ก๊อบปี้	๒๕๕๔	กระดาษที่ใช้สำหรับทำสำเนา เรียกว่า กระดาษก๊อบปี้. (อ. carbon paper)
ก๊าซ	๒๕๔๒	น. อากาศธาตุ, (วิทยา) สถานะหนึ่งของสสาร รูปร่างและปริมาตรไม่คงที่ ขึ้นอยู่กับภาชนะที่บรรจุ, เรียกไฟซึ่งเกิดจากการจุดอะเซทิลีน ซึ่งได้จากก้อนแคลเซียมคาร์ไบด์ทําปฏิกิริยากับนํ้าว่า ไฟก๊าซ, แก๊ส ก็ว่า. (อ. gas).
ก๊าซ	๒๕๕๔	อากาศธาตุ, (วิทยา) สถานะหนึ่งของสสาร รูปร่างและปริมาตรไม่คงที่ ขึ้นอยู่กับภาชนะที่บรรจุ, เรียกไฟซึ่งเกิดจากการจุดอะเซทิลีน ซึ่งได้จากก้อนแคลเซียมคาร์ไบด์ทำปฏิกิริยากับนํ้า ว่า ไฟก๊าซ, แก๊ส ก็ว่า.
ก๊าซชีวภาพ	๒๕๔๒	น. แก๊สที่เกิดจากการเสื่อมสลายผุพังของสิ่งมีชีวิต หรือสิ่งที่สืบเนื่องจากสิ่งมีชีวิต ติดไฟได้ ใช้เป็นเชื้อเพลิงเป็นต้น.
ก๊าซชีวภาพ	๒๕๕๔	แก๊สที่เกิดจากการเสื่อมสลายผุพังของสิ่งมีชีวิต หรือสิ่งที่สืบเนื่องจากสิ่งมีชีวิต ติดไฟได้ ใช้เป็นเชื้อเพลิงเป็นต้น.
ก๊าซน้ำตา	๒๕๔๒	น. สารที่อยู่ในสภาพที่แพร่กระจายเป็นไอหรือควันทําให้ระคายเคืองนัยน์ตาอย่างรุนแรง นํ้าตาไหล และมองไม่เห็นชั่วขณะหนึ่ง. (อ. tear gas).
ก๊าซน้ำตา	๒๕๕๔	สารที่อยู่ในสภาพที่แพร่กระจายเป็นไอหรือควัน ทำให้ระคายเคืองนัยน์ตาอย่างรุนแรง นํ้าตาไหล และมองไม่เห็นชั่วขณะหนึ่ง.
ก๊าซหุงต้ม	๒๕๔๒	น. แก๊สที่ประกอบด้วยสารอินทรีย์ที่ติดไฟได้ง่าย ใช้ในการหุงต้มเป็นต้น.
ก๊าซหุงต้ม	๒๕๕๔	แก๊สที่ประกอบด้วยสารอินทรีย์ที่ติดไฟได้ง่าย ใช้ในการหุงต้มเป็นต้น.
ก๊าซเฉื่อย	๒๕๔๒	น. ธาตุที่เป็นแก๊ส มีสมบัติไม่ไวต่อปฏิกิริยาเคมี ได้แก่ ฮีเลียม นีออน อาร์กอน คริปทอน ซีนอน และเรดอน, ปัจจุบันเรียก ก๊าซมีตระกูล, แก๊สมีตระกูล (noble gases) หรือ ก๊าซหายาก, แก๊สหายาก (rare gases). (อ. inert gases).
ก๊าซเฉื่อย	๒๕๕๔	ธาตุที่เป็นแก๊ส มีสมบัติไม่ไวต่อปฏิกิริยาเคมี ได้แก่ ฮีเลียม นีออน อาร์กอน คริปทอน ซีนอน และเรดอน, ปัจจุบันเรียก ก๊าซมีตระกูลหรือแก๊สมีตระกูล (noble gases) ก๊าซหายากหรือแก๊สหายาก (rare gases).
ก๊าซไข่เน่า	๒๕๔๒	น. แก๊สพิษชนิดหนึ่ง มีกลิ่นเหม็นเหมือนไข่เน่า มีสูตร H2S เกิดขึ้นจากการเสื่อมสลายของสารอินทรีย์ที่ประกอบด้วยกํามะถัน ในธรรมชาติมักมีปรากฏละลายอยู่ในบ่อนํ้าร้อนและในแหล่งนํ้าแร่บางแห่ง. (อ. hydrogen sulphide).
ก๊าซไข่เน่า	๒๕๕๔	แก๊สพิษชนิดหนึ่ง มีกลิ่นเหม็นเหมือนไข่เน่า มีสูตร H2S เกิดขึ้นจากการเสื่อมสลายของสารอินทรีย์ที่ประกอบด้วยกำมะถัน ในธรรมชาติมักมีปรากฏละลายอยู่ในบ่อนํ้าร้อนและในแหล่งนํ้าแร่บางแห่ง.
ก๊าด	๒๕๔๒	น. เรียกนํ้ามันชนิดหนึ่งที่ใช้ตามตะเกียงว่า นํ้ามันก๊าด. (อ. kerosene).
ก๊าด	๒๕๕๔	เรียกนํ้ามันชนิดหนึ่งที่ใช้จุดไฟตะเกียงเป็นต้น ว่า นํ้ามันก๊าด.
ก๊าน	๒๕๔๒	(ถิ่น-พายัพ) ก. ค้าน, แพ้, สู้ไม่ได้, เช่น ก๊านพ่ายหนี.
ก๊าน	๒๕๕๔	แพ้, สู้ไม่ได้, เช่น ก๊านพ่ายหนี.
ก๋วยเตี๋ยว	๒๕๔๒	น. ชื่อของกินชนิดหนึ่ง ทําด้วยแป้งข้าวเจ้าเป็นเส้น&#160;ๆ ลวกสุกแล้วปรุงด้วยเครื่องมีหมูเป็นต้น. (จ).
ก๋วยเตี๋ยว	๒๕๕๔	ชื่อของกินชนิดหนึ่ง ทำด้วยแป้งข้าวเจ้าเป็นเส้นๆ ถ้าลวกสุกแล้วปรุงด้วยเครื่องมีหมูเป็นต้น เรียกว่า ก๋วยเตี๋ยวแห้ง ถ้าใส่น้ำซุป เรียกว่า ก๋วยเตี๋ยวน้ำ ถ้านำเส้นมาผัด เรียกว่า ก๋วยเตี๋ยวผัด.
ก๋วยเตี๋ยวถังแตก	๒๕๕๔	ชื่อก๋วยเตี๋ยวชนิดหนึ่ง มีแต่เส้นผัดกับผัก ราคาถูก.
ก๋อย	๒๕๔๒	ดู อีก๋อย.
ก๋า	๒๕๔๒	(ปาก) ว. อาการที่ทําท่าว่าเก่ง เช่น ยืนก๋า เต้นก๋า.
ก๋า	๒๕๕๔	อาการที่ทำท่าว่าเก่ง เช่น ยืนก๋า เต้นก๋า.
ก๋ากั่น	๒๕๔๒	ว. อวดกล้า (มักใช้แก่ผู้หญิง).
ก๋ากั่น	๒๕๕๔	อวดกล้า (มักใช้แก่ผู้หญิง).
