AA (Alcoholics Anonymous)	เอเอ	จิตวิทยา	
ability	ความสามารถ	จิตวิทยา	
abnormal	อปรกติ	จิตวิทยา	
Abnormal Psychology	จิตวิทยาอปรกติ	จิตวิทยา	
abreaction	อารมณ์ที่แสดงออกจากการเก็บกด	จิตวิทยา	
absenteeism	บันทึกการขาดงาน	จิตวิทยา	
absolute threshold	ระดับสัมบูรณ์ที่สามารถรับรู้	จิตวิทยา	
Abstraction Theory	ทฤษฎีนามธรรม	จิตวิทยา	
abuse	การทำร้าย	จิตวิทยา	
abuse	การกระทำมิชอบ	จิตวิทยา	
abusing parent	พ่อแม่ที่ทำทารุณกรรมลูก	จิตวิทยา	
accident-prone personality	บุคลิกภาพที่ง่ายต่อการเกิดอุบัติเหตุ	จิตวิทยา	
accommodation	การปรับโครงสร้างการรู้คิด	จิตวิทยา	
accomplishment quotient (AQ)	ระดับความสำเร็จ	จิตวิทยา	
achieved role	การบรรลุบทบาท	จิตวิทยา	
achievement oriented leadership	ภาวะผู้นำมุ่งสัมฤทธิผล	จิตวิทยา	
Achievement Quotient (AQ)	ระดับผลสัมฤทธิ์	จิตวิทยา	
achievement testing	การทดสอบผลสัมฤทธิ์	จิตวิทยา	
acquired characteristics	ลักษณะนิสัยที่ได้รับมา	จิตวิทยา	
acquired drive	แรงขับที่ได้มา	จิตวิทยา	
acquisition	สิ่งที่ติดตัวมา	จิตวิทยา	
acting out	การปลดปล่อย	จิตวิทยา	
activation	การกระตุ้น	จิตวิทยา	
active listening	การฟังอย่างตั้งใจ	จิตวิทยา	
actor-observer effect	ผลของผู้กระทำและผู้สังเกต	จิตวิทยา	
acuity	ความเฉียบคม	จิตวิทยา	
AD (Alzheimer’s Disease)	เอดี	จิตวิทยา	
adaptation	การปรับตัว	จิตวิทยา	
adaption	การปรับตัว	จิตวิทยา	
adaptational mechanism	กลไกการปรับตัว	จิตวิทยา	
adaption	การปรับตัว	จิตวิทยา	
adaptation	การปรับตัว	จิตวิทยา	
adaptive behavior	พฤติกรรมปรับตัว	จิตวิทยา	
adherence	การยึดติด	จิตวิทยา	
adjustment	การปรับแก้	จิตวิทยา	
adjustment	การปรับตัว	จิตวิทยา	
adjustment disorder	โรคการปรับตัวผิดปรกติ	จิตวิทยา	
Adlerian Psychology	จิตวิทยาสกุลแอดเลอร์	จิตวิทยา	
adolescence	ช่วงวัยรุ่น	จิตวิทยา	
adolescent	วัยรุ่น	จิตวิทยา	
adult	ผู้ใหญ่	จิตวิทยา	
Adult Career Concerns Inventory	แบบสำรวจความสนใจในอาชีพสำหรับผู้ใหญ่	จิตวิทยา	
adultery	การทำชู้	จิตวิทยา	
Adult Vocational Maturity Inventory	แบบสำรวจวุฒิภาวะทางอาชีพสำหรับผู้ใหญ่	จิตวิทยา	
Adversity Quotient (AQ)	อัตราส่วนความทุกข์ยาก	จิตวิทยา	
advertising	การโฆษณา	จิตวิทยา	
advice giving	การให้คำแนะนำ	จิตวิทยา	
aesthetic view	สุนทรียทัศน์	จิตวิทยา	
affect	ความรู้สึกที่แสดงออก	จิตวิทยา	
affection	อารมณ์อ่อนโยน	จิตวิทยา	
affective cognitive synthesis	การสังเคราะห์การรู้คิดและอารมณ์	จิตวิทยา	
affectivity	ความอ่อนไหวทางอารมณ์	จิตวิทยา	
affiliation	ความใฝ่สัมพันธ์	จิตวิทยา	
affirmative action	การยืนยันสิทธิประโยชน์	จิตวิทยา	
afterimage	ภาพติดตา	จิตวิทยา	
aftershock	การช็อกหลังเกิดเหตุ	จิตวิทยา	
age	อายุ	จิตวิทยา	
age crisis	วิกฤตอายุ	จิตวิทยา	
age discrimination	การกีดกันทางอายุ	จิตวิทยา	
age grading	การแบ่งวัย	จิตวิทยา	
ageing; aging	การสูงวัย	จิตวิทยา	
ageism	แนวคิดนิยมทางลบต่อผู้สูงอายุ	จิตวิทยา	
agency	หน่วยงาน	จิตวิทยา	
agent	ตัวแทน	จิตวิทยา	
aging; ageing	การสูงวัย	จิตวิทยา	
aggression	ความก้าวร้าว	จิตวิทยา	
aggressive behavior	พฤติกรรมก้าวร้าว	จิตวิทยา	
aggressive drive	แรงขับความก้าวร้าว	จิตวิทยา	
Alcoholics Anonymous (AA)	ชมรมผู้ติดสุรานิรนาม	จิตวิทยา	
alert	การตื่นตัว	จิตวิทยา	
alienation	ความแปลกแยก	จิตวิทยา	
Allport-Vernon-Lindzey Study of Values	การศึกษาค่านิยมโดยอัลล์พอร์ตกับเวอร์นอนและลินด์ซีย์	จิตวิทยา	
alpha rhythm	จังหวะของคลื่นสมองแอลฟา	จิตวิทยา	
Alpha Test	แบบทดสอบแอลฟา	จิตวิทยา	
Army Alpha Test	แบบทดสอบแอลฟา	จิตวิทยา	
altruism	ความเอื้อเฟื้อ	จิตวิทยา	
altruistic suicide	การสละชีพเพื่อประโยชน์ของส่วนรวม	จิตวิทยา	
Alzheimer’s Disease (AD)	โรคอัลไซเมอร์	จิตวิทยา	
ambiguity in the relationship	สัมพันธภาพที่คลุมเครือ	จิตวิทยา	
ambiguous figures	ภาพหลายนัย	จิตวิทยา	
ambiguous propaganda	การโฆษณาชวนเชื่อแบบคลุมเครือ	จิตวิทยา	
ambivalence	ภาวะสองจิตสองใจ	จิตวิทยา	
ambiversion	ลักษณะก้ำกึ่ง	จิตวิทยา	
American Psychological Association (APA)	สมาคมจิตวิทยาอเมริกัน	จิตวิทยา	
Ames Distorted Room	ห้องบิดเบือนอีมส์	จิตวิทยา	
amnesia	ภาวะสูญเสียความจำ	จิตวิทยา	
amok	กลุ่มอาการอะม็อก	จิตวิทยา	
anal phase	ขั้นทวารหนัก	จิตวิทยา	
anal stage	ขั้นทวารหนัก	จิตวิทยา	
anchoring and adjustment heuristic	ตัวช่วยอย่างง่ายที่ใช้เป็นจุดเปรียบเทียบและปรับแก้	จิตวิทยา	
androgyny	แอนโดรจีนี	จิตวิทยา	
anecdotal method	วิธีการบันทึกพฤติกรรมตรง	จิตวิทยา	
method of anecdote	วิธีการบันทึกพฤติกรรมตรง	จิตวิทยา	
anecdotal record	การบันทึกพฤติกรรมตรง	จิตวิทยา	
anger	ความโกรธ	จิตวิทยา	
angry aggression	ความก้าวร้าวจากความโกรธ	จิตวิทยา	
animism	แอนนิมิซึม	จิตวิทยา	
animism	ความเชื่อว่าธรรมชาติมีชีวิต	จิตวิทยา	
anticipation	การคาดการณ์	จิตวิทยา	
antisocial personality	บุคลิกภาพต่อต้านสังคม	จิตวิทยา	
anxiety	วิตกกังวล	จิตวิทยา	
APA (American Psychological Association)	เอพีเอ	จิตวิทยา	
apathy	ไร้อารมณ์	จิตวิทยา	
Applied Psychology	จิตวิทยาประยุกต์	จิตวิทยา	
appraisal	การประเมินค่า	จิตวิทยา	
apprehension span	ช่วงการรับรู้ขั้นต้น	จิตวิทยา	
approach	แนวคิด	จิตวิทยา	
approach	แนวทาง	จิตวิทยา	
approach-approach conflict	ความขัดแย้งในใจแบบต้องการทั้งสองสิ่งในเวลาเดียวกัน	จิตวิทยา	
approach-avoidance conflict	ความขัดแย้งในใจแบบต้องการและไม่ต้องการในสิ่งเดียวกัน	จิตวิทยา	
appropriate affect	ความรู้สึกที่แสดงออกอย่างเหมาะสม	จิตวิทยา	
APS (Associtation for Psychological Science)	เอพีเอส	จิตวิทยา	
aptitude	ความถนัด	จิตวิทยา	
aptitude test	แบบทดสอบความถนัด	จิตวิทยา	
aptitude tests for occupation	แบบทดสอบความถนัดทางอาชีพ	จิตวิทยา	
AQ (Achievement Quotient)	เอคิว	จิตวิทยา	
AQ (Adversity Quotient)	เอคิว	จิตวิทยา	
arbitration	การอนุญาโตตุลาการ	จิตวิทยา	
Army Alpha Test	แบบทดสอบแอลฟา	จิตวิทยา	
Alpha Test	แบบทดสอบแอลฟา	จิตวิทยา	
arrest of development	พัฒนาการที่หยุดชะงัก	จิตวิทยา	
arugamama	อะรุกะมะมะ	จิตวิทยา	
asceticism	โดษนิยม	จิตวิทยา	
ascribed role	บทบาทที่ถูกกำหนด	จิตวิทยา	
aspiration	ปณิธาน	จิตวิทยา	
aspiration	ประณิธาน	จิตวิทยา	
assaultive behavior	พฤติกรรมทำร้ายรุนแรง	จิตวิทยา	
assertive training	การฝึกความกล้าแสดงออก	จิตวิทยา	
assessment	การประเมิน	จิตวิทยา	
assessment in counseling	การประเมินในการให้บริการปรึกษา	จิตวิทยา	
assimilation	การซึมซับ	จิตวิทยา	
assimilation	การสมานลักษณ์	จิตวิทยา	
association	การเชื่อมโยง	จิตวิทยา	
Association for Psychological Science (APS)	สมาคมศาสตร์ทางจิตวิทยา	จิตวิทยา	
asylum	สถานดูแลผู้ป่วยโรคจิต	จิตวิทยา	
Atomism	จุลจิตวิทยา	จิตวิทยา	
atomistic approach	แนวคิดจุลจิตวิทยา	จิตวิทยา	
Atomistic Psychology	จิตวิทยาอะตอม	จิตวิทยา	
attachment	ความผูกพันทางจิตใจ	จิตวิทยา	
attachment disorder	โรคความผิดปรกติของความผูกพันทางจิตใจ	จิตวิทยา	
attachment style	รูปแบบความผูกพันทางจิตใจ	จิตวิทยา	
attensity	ความชัดเจน	จิตวิทยา	
attention	ความใส่ใจ	จิตวิทยา	
attention span	ช่วงความใส่ใจ	จิตวิทยา	
attitude	เจตคติ	จิตวิทยา	
attitude accessibility	การเข้าถึงเจตคติ	จิตวิทยา	
attitude change	การเปลี่ยนเจตคติ	จิตวิทยา	
attitude-discrepant behavior	พฤติกรรมไม่สอดคล้องกับเจตคติ	จิตวิทยา	
attitude inoculation	การเพาะความคิดเพื่อต่อต้านการเปลี่ยนเจตคติ	จิตวิทยา	
attitude of target for psychological operations	เจตคติของเป้าหมายในการปฏิบัติการทางจิตวิทยา	จิตวิทยา	
attitude scale	มาตรวัดเจตคติ	จิตวิทยา	
Attitudes toward Women as Managers (ATWAM)	มาตรวัดเจตคติที่มีต่อผู้จัดการหญิง	จิตวิทยา	
attitude theory	ทฤษฎีเจตคติ	จิตวิทยา	
attribution	การอนุมานสาเหตุ	จิตวิทยา	
attribution theory	ทฤษฎีการอนุมานสาเหตุ	จิตวิทยา	
ATWAM (Attitudes toward Women as Managers)	เอทีดับเบิลยูเอเอ็ม	จิตวิทยา	
authoritarian	อำนาจนิยม	จิตวิทยา	
authoritarian	เผด็จการ	จิตวิทยา	
authoritarian management	การบริหารจัดการแบบอำนาจนิยม	จิตวิทยา	
authoritarian personality	บุคลิกภาพแบบอำนาจนิยม	จิตวิทยา	
authoritative parenting style	รูปแบบการอบรมเลี้ยงดูแบบเอาใจใส่	จิตวิทยา	
autism	ออทิซึม	จิตวิทยา	
autistic disorder	โรคออทิสติก	จิตวิทยา	
autistic thinking	การคิดแบบออทิสติก	จิตวิทยา	
autobiography	อัตชีวประวัติ	จิตวิทยา	
autokinetic effect	การรับรู้แสงเคลื่อนไหวได้เอง	จิตวิทยา	
automatic processing	การประมวลสารอย่างอัตโนมัติ	จิตวิทยา	
autonomous morality	จริยธรรมยึดกฎเกณฑ์ภายใน	จิตวิทยา	
availability heuristic	ตัวช่วยอย่างง่ายเท่าที่หาได้	จิตวิทยา	
aversion	ความรู้สึกไม่พึงประสงค์	จิตวิทยา	
aversion therapy	การบำบัดด้วยวิธีไม่พึงประสงค์	จิตวิทยา	
aversive behavior	พฤติกรรมไม่พึงประสงค์	จิตวิทยา	
aversive stimulus	สิ่งเร้าไม่พึงประสงค์	จิตวิทยา	
avoidance-avoidance conflict	ความขัดแย้งในใจแบบไม่ต้องการทั้งสองสิ่งในเวลาเดียวกัน	จิตวิทยา	
awareness	การตระหนักรู้	จิตวิทยา	
awareness	การมีสติ	จิตวิทยา	
babble	เสียงพูดอ้อแอ้ของทารก	จิตวิทยา	
babbling	เสียงพูดอ้อแอ้ของทารก	จิตวิทยา	
babble stage	ขั้นอ้อแอ้	จิตวิทยา	
babbling	เสียงพูดอ้อแอ้ของทารก	จิตวิทยา	
babble	เสียงพูดอ้อแอ้ของทารก	จิตวิทยา	
Babinski reflex	ปฏิกิริยาสะท้อนบาบินสกี	จิตวิทยา	
baby talk	การพูดแบบทารก	จิตวิทยา	
balance theory	ทฤษฎีดุลยภาพ	จิตวิทยา	
bandwagon effect	การคล้อยตามคนส่วนมาก	จิตวิทยา	
bargaining	การต่อรอง	จิตวิทยา	
bargaining power	อำนาจต่อรอง	จิตวิทยา	
BARS (Behaviorally Anchored Rating Scale)	มาตรวัดพฤติกรรมของลูกจ้าง	จิตวิทยา	
basal age	อายุสมองพื้นฐาน	จิตวิทยา	
basal mental age	อายุสมองพื้นฐาน	จิตวิทยา	
basic concepts	มโนทัศน์พื้นฐาน	จิตวิทยา	
basic concepts	ความคิดรวบยอดพื้นฐาน	จิตวิทยา	
basic intelligence	ข่าวกรองมูลฐาน	จิตวิทยา	
basic intelligence factors	องค์ประกอบทางเชาวน์ปัญญาพื้นฐาน	จิตวิทยา	
basic needs	ความต้องการพื้นฐาน	จิตวิทยา	
basic trust	ความไว้วางใจพื้นฐาน	จิตวิทยา	
battery of tests	ชุดแบบทดสอบ	จิตวิทยา	
Bayley Infant Neurodevelopment Screener (BINS)	มาตรคัดกรองพัฒนาการทางสมองในวัยทารกโดยเบย์ลีย์	จิตวิทยา	
Bayley Scale of Infant Development (BSID)	มาตรวัดพัฒนาการวัยทารกโดยเบย์ลีย์	จิตวิทยา	
behavior	พฤติกรรม	จิตวิทยา	
behavioral analysis	การวิเคราะห์พฤติกรรม	จิตวิทยา	
behavioral approach to leadership	การศึกษาภาวะผู้นำผ่านพฤติกรรม	จิตวิทยา	
behavioral belief	ความเชื่อเกี่ยวกับพฤติกรรม	จิตวิทยา	
behavioral confirmation	การยืนยันพฤติกรรม	จิตวิทยา	
behavioral counseling	การให้บริการปรึกษาเชิงพฤติกรรม	จิตวิทยา	
behavioral dependence	พฤติกรรมการพึ่งพิง	จิตวิทยา	
behavioral intention	เจตนาเชิงพฤติกรรม	จิตวิทยา	
Behaviorally Anchored Rating Scale (BARS)	มาตรวัดพฤติกรรมของลูกจ้าง	จิตวิทยา	
behavioral medicine	เวชศาสตร์พฤติกรรม	จิตวิทยา	
behavioral observation	การสังเกตพฤติกรรม	จิตวิทยา	
behavioral science	พฤติกรรมศาสตร์	จิตวิทยา	
behavior contract	ข้อตกลงด้านพฤติกรรม	จิตวิทยา	
behaviorism	พฤติกรรมนิยม	จิตวิทยา	
behavior modeling	ตัวแบบพฤติกรรม	จิตวิทยา	
behavior modification	การปรับพฤติกรรม	จิตวิทยา	
behavior therapy	พฤติกรรมบำบัด	จิตวิทยา	
belief	ความเชื่อ	จิตวิทยา	
belief in a just-world	ความเชื่อว่าโลกนี้มีความยุติธรรม	จิตวิทยา	
belief preserverance	การคงอยู่ของความเชื่อ	จิตวิทยา	
belief system theory of stability and change	ทฤษฎีการคงตัวและการเปลี่ยนแปลงของระบบความเชื่อ	จิตวิทยา	
Bem-Sex-Role Inventory (BSRI)	เครื่องมือวัดบทบาททางเพศโดยเบ็ม	จิตวิทยา	
benchmark	ระดับเทียบเคียง	จิตวิทยา	
benchmark job	งานเพื่อใช้ในการเทียบเคียง	จิตวิทยา	
benevolent sexism	ความลำเอียงทางเพศแบบให้คุณ	จิตวิทยา	
bereavement	ความโศกเศร้าจากการสูญเสีย	จิตวิทยา	
beta rhythm	จังหวะคลื่นสมองเบตา	จิตวิทยา	
bias	ความลำเอียง	จิตวิทยา	
big five personality factors	ห้าองค์ประกอบหลักของบุคลิกภาพ	จิตวิทยา	
Binet-Simon Scale	มาตรเชาวน์ปัญญาบีเนและซีมง	จิตวิทยา	
BINS (Bayley Infant Neurodevelopment Screener)	บีไอเอ็นเอส	จิตวิทยา	
bipolar	สองขั้ว	จิตวิทยา	
bipolar disorder	โรคอารมณ์สองขั้ว	จิตวิทยา	
birth order	ลำดับการเกิด	จิตวิทยา	
birth order effect	ผลของลำดับการเกิด	จิตวิทยา	
birth trauma	ความตื่นตระหนกแรกเกิด	จิตวิทยา	
birth trauma	การบาดเจ็บขณะคลอด	จิตวิทยา	
bisexual	บุคคลสองเพศ	จิตวิทยา	
bisexual	การฝักใฝ่สองเพศ	จิตวิทยา	
bisexuality	การฝักใฝ่สองเพศ	จิตวิทยา	
body awareness	การตระหนักรูปร่างตน	จิตวิทยา	
body image	จินตภาพทางกาย	จิตวิทยา	
bogus pipeline technique	เทคนิคการสื่อสารแบบลวง	จิตวิทยา	
bonding	ความผูกพัน	จิตวิทยา	
borderline intellectual functioning	เชาวน์ปัญญาระดับคาบเส้น	จิตวิทยา	
BPRS (Brief Psychiatric Rating Scale)	บีพีอาร์เอส	จิตวิทยา	
brain spurt	การขยายตัวอย่างรวดเร็วของสมอง	จิตวิทยา	
brain spurt	ขนาดสมองที่ขยายอย่างรวดเร็ว	จิตวิทยา	
brainstorming	การระดมสมอง	จิตวิทยา	
brainwashing	การล้างสมอง	จิตวิทยา	
brainwaves	คลื่นสมอง	จิตวิทยา	
Brief Psychiatric Rating Scale (BPRS)	มาตรประมาณค่าทางจิตเวชแบบสั้น	จิตวิทยา	
bringing up	การเลี้ยงดู	จิตวิทยา	
BSID (Bayley Scale of Infant Development)	บีเอสไอดี	จิตวิทยา	
BSRI (Bem-Sex-Role Inventory)	บีเอสอาร์ไอ	จิตวิทยา	
bureaucratic attitude	เจตคติแบบเจ้าขุนมูลนาย	จิตวิทยา	
bureaucratic attitude	เจตคติแบบคับแคบ	จิตวิทยา	
burnout	ความเหนื่อยหน่าย	จิตวิทยา	
bystander apathy	ภาวะการวางเฉย	จิตวิทยา	
bystander effect	ภาวะการวางเฉย	จิตวิทยา	
California Occupational Preference Survey	แบบสำรวจความสนใจในอาชีพฉบับแคลิฟอร์เนีย	จิตวิทยา	
California Personality Inventory (CPI)	แบบสำรวจบุคลิกภาพฉบับแคลิฟอร์เนีย	จิตวิทยา	
campaign impact indicator	เครื่องบ่งชี้การรณรงค์	จิตวิทยา	
Cannon-Bard Theory of Emotion	ทฤษฎีอารมณ์แคนนอนและบาร์ด	จิตวิทยา	
career	อาชีพ	จิตวิทยา	
career choice	ทางเลือกอาชีพ	จิตวิทยา	
career development	พัฒนาการทางอาชีพ	จิตวิทยา	
career development inventory	แบบสำรวจพัฒนาการทางอาชีพ	จิตวิทยา	
career guidance	การแนะแนวอาชีพ	จิตวิทยา	
vocational guidance	การแนะแนวอาชีพ	จิตวิทยา	
Career Maturity Inventory (CMI)	แบบสำรวจวุฒิภาวะทางอาชีพ	จิตวิทยา	
career paths	เส้นทางอาชีพ	จิตวิทยา	
career patterns	แบบแผนอาชีพ	จิตวิทยา	
career planning	การวางแผนอาชีพ	จิตวิทยา	
caregiver	ผู้ดูแล	จิตวิทยา	
caretaker	ผู้ดูแล	จิตวิทยา	
case history	ประวัติรายบุคคล	จิตวิทยา	
case study	กรณีศึกษา	จิตวิทยา	
castration complex	ปมความกลัวการสูญเสียอวัยวะเพศ	จิตวิทยา	
catatonia	ภาวะพฤติกรรมการเคลื่อนไหวผิดปรกติ	จิตวิทยา	
catch-22 situation	สถานการณ์ยุ่งยาก	จิตวิทยา	
catharsis	การระบายทางอารมณ์	จิตวิทยา	
caudal	-ด้านหาง	จิตวิทยา	
caudal	-ด้านล่าง	จิตวิทยา	
causal belief	ความเชื่อเชิงสาเหตุ	จิตวิทยา	
causality	ความเป็นเหตุและผล	จิตวิทยา	
centering	การรับรู้ด้านเดียว	จิตวิทยา	
centration	การรับรู้ด้านเดียว	จิตวิทยา	
central route to persuasion	การโน้มน้าวใจทางสายแกนกลาง	จิตวิทยา	
centration	การรับรู้ด้านเดียว	จิตวิทยา	
centering	การรับรู้ด้านเดียว	จิตวิทยา	
cephalocaudal development	พัฒนาการแบบเซฟาโลคอดัล	จิตวิทยา	
CER (conditioned emotional response)	ซีอีอาร์	จิตวิทยา	
character disorder	โรคบุคลิกลักษณะผิดปรกติ	จิตวิทยา	
character traits	อุปนิสัยของบุคคล	จิตวิทยา	
charisma	บารมี	จิตวิทยา	
charismatic leader	ผู้นำที่มีบารมี	จิตวิทยา	
checklist	รายการสำหรับการตรวจสอบ	จิตวิทยา	
child development	พัฒนาการเด็ก	จิตวิทยา	
Child Psychology	จิตวิทยาเด็ก	จิตวิทยา	
circular behavior	พฤติกรรมแบบเวียนซ้ำ	จิตวิทยา	
circular reaction	พฤติกรรมแบบเวียนซ้ำ	จิตวิทยา	
civil affairs	กิจการพลเรือน	จิตวิทยา	
CJD (Creutzfeldt-Jakob Disease)	ซีเจดี	จิตวิทยา	
clarification	การสร้างความกระจ่าง	จิตวิทยา	
clairvoyance	ตาทิพย์	จิตวิทยา	
clairvoyance	ทิพยสัมผัส	จิตวิทยา	
classical conditioning	การวางเงื่อนไขแบบคลาสสิก	จิตวิทยา	
Clever Hans	ฮันส์แสนรู้	จิตวิทยา	
client	ผู้รับบริการปรึกษา	จิตวิทยา	
counselee	ผู้รับบริการปรึกษา	จิตวิทยา	
client-centered (psycho) therapy	การบำบัดแบบผู้รับบริการปรึกษาเป็นศูนย์กลาง	จิตวิทยา	
Clinical Psychology	จิตวิทยาคลินิก	จิตวิทยา	
closed counseling group	กลุ่มให้บริการปรึกษาแบบปิด	จิตวิทยา	
closure	การปิด	จิตวิทยา	
closure	การทำให้สมบูรณ์	จิตวิทยา	
CMI (Career Maturity Inventory	ซีเอ็มไอ	จิตวิทยา	
cognition	การรู้คิด	จิตวิทยา	
cognitive	เกี่ยวกับการรู้คิด	จิตวิทยา	
cognitive conditioning	การวางเงื่อนไขเกี่ยวกับการรู้คิด	จิตวิทยา	
cognitive dissonance theory	ทฤษฎีความไม่สอดคล้องด้านการรู้คิด	จิตวิทยา	
cognitive processing	กระบวนการรู้คิด	จิตวิทยา	
Cognitive Psychology	จิตวิทยาการรู้คิด	จิตวิทยา	
cognitive schema	โครงสร้างการรู้คิด	จิตวิทยา	
cognitive style	แบบการรู้คิด	จิตวิทยา	
cognitive-behavior therapy	พฤติกรรมบำบัดผ่านการรู้คิด	จิตวิทยา	
cohesion	ความเชื่อมแน่น	จิตวิทยา	
cohesion	การดึงดูดของกลุ่ม	จิตวิทยา	
cohesion	ความผูกยึด	จิตวิทยา	
cohesiveness	ความผูกยึด	จิตวิทยา	
cold war	สงครามเย็น	จิตวิทยา	
collective bargaining	การร่วมเจรจาต่อรอง	จิตวิทยา	
collective behavior	พฤติกรรมรวมหมู่	จิตวิทยา	
collective behavior	พฤติกรรมร่วม	จิตวิทยา	
collective unconscious	จิตไร้สำนึกร่วม	จิตวิทยา	
collectivism	คติรวมหมู่	จิตวิทยา	
communication skill	ทักษะการสื่อสาร	จิตวิทยา	
community relations	ชุมชนสัมพันธ์	จิตวิทยา	
companionate love	ความรักฉันเพื่อน	จิตวิทยา	
compensable factor	ปัจจัยกำหนดค่าตอบแทนของงาน	จิตวิทยา	
compensation	การชดเชย	จิตวิทยา	
competence	สมรรถนะ	จิตวิทยา	
competence values	ค่านิยมสมรรถวิสัย	จิตวิทยา	
competitive advantage	การได้เปรียบในการแข่งขัน	จิตวิทยา	
complementary of roles	บทบาทเสริมซึ่งกันและกัน	จิตวิทยา	
complex	ปม	จิตวิทยา	
compliance	การจำยอม	จิตวิทยา	
compliance	การยอมตาม	จิตวิทยา	
comprehension test	แบบทดสอบความเข้าใจ	จิตวิทยา	
compulsion	การย้ำทำ	จิตวิทยา	
compulsive reaction	การย้ำทำ	จิตวิทยา	
concept	มโนทัศน์	จิตวิทยา	
concept	ความคิดรวบยอด	จิตวิทยา	
concept formation	การสร้างความคิดรวบยอด	จิตวิทยา	
conceptual definition	นิยามเชิงมโนทัศน์	จิตวิทยา	
concern	ความเป็นห่วง	จิตวิทยา	
concern	ความเครียด	จิตวิทยา	
concreteness	ความเป็นรูปธรรม	จิตวิทยา	
concrete operational stage	ขั้นปฏิบัติการเชิงรูปธรรม	จิตวิทยา	
concurrent validity	ความตรงตามสภาพ	จิตวิทยา	
condition	เงื่อนไข	จิตวิทยา	
condition	ภาวการณ์ของเป้าหมาย	จิตวิทยา	
conditioned emotional response (CER)	การตอบสนองทางอารมณ์ถูกวางเงื่อนไข	จิตวิทยา	
conditioned inhibition	การยับยั้งผ่านการวางเงื่อนไข	จิตวิทยา	
conditioning	การวางเงื่อนไข	จิตวิทยา	
confabulation	การสร้างเรื่องจากความจำเสื่อม	จิตวิทยา	
confederate	หน้าม้า	จิตวิทยา	
confidentiality	การเก็บรักษาความลับ	จิตวิทยา	
conflict	ความขัดแย้งในใจ	จิตวิทยา	
conflict of interest	ผลประโยชน์ขัดกัน	จิตวิทยา	
conflict of interest	ผลประโยชน์ทับซ้อน	จิตวิทยา	
confluence model	รูปแบบการบรรจบ	จิตวิทยา	
conformity	การคล้อยตาม	จิตวิทยา	
confrontation	การเผชิญหน้า	จิตวิทยา	
confusion	ความสับสน	จิตวิทยา	
congruence	ความจริงใจ	จิตวิทยา	
congruence	ความเป็นวัตถุวิสัย	จิตวิทยา	
congruence	ความกลมกลืน	จิตวิทยา	
conjoint family therapy	การบำบัดร่วมผ่านครอบครัว	จิตวิทยา	
connector	ผู้เชื่อมต่อ	จิตวิทยา	
connotative meaning	ความหมายโดยนัย	จิตวิทยา	
conscience	จิตสำนึก	จิตวิทยา	
consciousness	สติสัมปชัญญะ	จิตวิทยา	
consciousness-raising therapy	การบำบัดเพื่อเพิ่มสติสัมปชัญญะ	จิตวิทยา	
conservation	การอนุรักษ์	จิตวิทยา	
consideration	ลักษณะมุ่งความสัมพันธ์	จิตวิทยา	
consistency	ความสอดคล้อง	จิตวิทยา	
consistency	ความสม่ำเสมอ	จิตวิทยา	
constancy	ความคงที่	จิตวิทยา	
Constitutional Psychology	จิตวิทยาโครงสร้างลักษณะนิสัย	จิตวิทยา	
construct	ภาวะสันนิษฐาน	จิตวิทยา	
construct	โครงสร้าง	จิตวิทยา	
construct validity	ความตรงตามภาวะสันนิษฐาน	จิตวิทยา	
construct validity	ความตรงตามโครงสร้าง	จิตวิทยา	
consultation	การปรึกษาหารือ	จิตวิทยา	
content validity	ความตรงตามเนื้อหา	จิตวิทยา	
contiguity	การเชื่อมโยง	จิตวิทยา	
contingency	เงื่อนไขการเชื่อมโยงของสองเหตุการณ์	จิตวิทยา	
contingency management	การบริหารจัดการเชื่อมโยงของสองเหตุการณ์	จิตวิทยา	
continuity	ความต่อเนื่อง	จิตวิทยา	
contract	ข้อตกลง	จิตวิทยา	
contract	สัญญา	จิตวิทยา	
control belief	ความเชื่อเกี่ยวกับการควบคุม	จิตวิทยา	
controlled processing	การประมวลสารอย่างควบคุม	จิตวิทยา	
conventional arbitration	การอนุญาโตตุลาการแบบประเพณีนิยม	จิตวิทยา	
conversion	การพลิกกลับ	จิตวิทยา	
conversion	การผกผัน	จิตวิทยา	
conversion disorder	โรคคอนเวอร์ชัน	จิตวิทยา	
cooing	การเปล่งเสียงอ้อแอ้	จิตวิทยา	
coping	การเผชิญปัญหา	จิตวิทยา	
coping behavior	พฤติกรรมเผชิญปัญหา	จิตวิทยา	
counselee	ผู้รับบริการปรึกษา	จิตวิทยา	
client	ผู้รับบริการปรึกษา	จิตวิทยา	
counseling	การให้บริการปรึกษา	จิตวิทยา	
counseling psychologist	นักจิตวิทยาการให้บริการปรึกษา	จิตวิทยา	
Counseling Psychology	จิตวิทยาการให้บริการปรึกษา	จิตวิทยา	
counseling technique	เทคนิคการให้บริการปรึกษา	จิตวิทยา	
counselor	ผู้ให้บริการปรึกษา	จิตวิทยา	
counterconditioning	การวางเงื่อนไขตรงกันข้าม	จิตวิทยา	
countertransference	การถ่ายโยงความรู้สึกกลับ	จิตวิทยา	
covariation principle	หลักความแปรผันร่วม	จิตวิทยา	
covert behavior	พฤติกรรมภายใน	จิตวิทยา	
covert propaganda	การโฆษณาชวนเชื่อแบบซ่อนเร้น	จิตวิทยา	
CPI (California Personality Inventory)	ซีพีไอ	จิตวิทยา	
creative thinking	การคิดสร้างสรรค์	จิตวิทยา	
credibility	ความน่าเชื่อถือ	จิตวิทยา	
Creutzfeldt-Jakob Disease (CJD)	โรคครอทซ์เฟลดท์และเจค็อบ	จิตวิทยา	
crime	อาชญากรรม	จิตวิทยา	
criterion-related validity	ความตรงตามเกณฑ์	จิตวิทยา	
critical incidents technique	เทคนิคเหตุการณ์วิกฤต	จิตวิทยา	
critical period	ระยะวิกฤต	จิตวิทยา	
cross-linkage theory	ทฤษฎีการเชื่อมต่อแบบข้ามกัน	จิตวิทยา	
cue	สิ่งชี้แนะ	จิตวิทยา	
cue	สัญญาณบอกใบ้	จิตวิทยา	
curiosity	ความอยากรู้อยากเห็น	จิตวิทยา	
current intelligence	ข่าวกรองความเคลื่อนไหว	จิตวิทยา	
cybernetic theory of aging	ทฤษฎีการสูงวัยแบบไซเบอร์	จิตวิทยา	
DAT (Differential Aptitude Tests)	ดีเอที	จิตวิทยา	
daydream	ฝันกลางวัน	จิตวิทยา	
death instinct	สัญชาตญาณแห่งความตาย	จิตวิทยา	
death instinct	สัญชาตญาณแห่งการทำลาย	จิตวิทยา	
debriefing	การอธิบายหลังการทดลอง	จิตวิทยา	
décalage	ความไม่ต่อเนื่อง	จิตวิทยา	
deception	การลวง	จิตวิทยา	
defense mechanism	กลไกป้องกันตน	จิตวิทยา	
defense reaction	ปฏิกิริยาป้องกันตน	จิตวิทยา	
deflection	การหลีกเลี่ยง	จิตวิทยา	
deflection	การหันเหความคิด	จิตวิทยา	
deindividuation	การลดความเป็นตัวตน	จิตวิทยา	
delusion	การหลงผิด	จิตวิทยา	
delusion of grandeur	การหลงผิดว่าตนเป็นใหญ่	จิตวิทยา	
grandeur delusion	การหลงผิดว่าตนเป็นใหญ่	จิตวิทยา	
delusion of persecution	การหลงผิดว่ามีคนปองร้าย	จิตวิทยา	
delusion of reference	การหลงผิดว่าถูกพาดพิง	จิตวิทยา	
demand characteristics	สิ่งชี้แนะในสถานการณ์	จิตวิทยา	
demand characteristics of the situation	สิ่งชี้แนะในสถานการณ์	จิตวิทยา	
dementia	โรคสมองเสื่อม	จิตวิทยา	
dementia	ภาวะสมองเสื่อม	จิตวิทยา	
democratic leader	ผู้นำแบบประชาธิปไตย	จิตวิทยา	
denial	การปฏิเสธ	จิตวิทยา	
denotative meaning	ความหมายโดยตรง	จิตวิทยา	
dependent variable	ตัวแปรตาม	จิตวิทยา	
depression	ภาวะซึมเศร้า	จิตวิทยา	
depth perception	การรับรู้ความลึก	จิตวิทยา	
de-reflection	การลดความหมกมุ่น	จิตวิทยา	
descriptive belief	ความเชื่อเชิงพรรณนา	จิตวิทยา	
desensitization	การลดความวิตกกังวล	จิตวิทยา	
development	พัฒนาการ	จิตวิทยา	
Developmental Psychology	จิตวิทยาพัฒนาการ	จิตวิทยา	
developmental stage	ขั้นพัฒนาการ	จิตวิทยา	
developmental tasks	ภาระงานพัฒนาการ	จิตวิทยา	
devil’s advocate technique	เทคนิคการสนับสนุนแบบซักค้าน	จิตวิทยา	
dexterity	ความคล่องแคล่ว	จิตวิทยา	
dexterity test	แบบทดสอบวัดความคล่องแคล่ว	จิตวิทยา	
diagnosis	การวินิจฉัย	จิตวิทยา	
Diagnostic and Statistical Manual of Mental Disorders (DSM)	คู่มือการวินิจฉัยโรคและสถิติของโรคทางจิตเวช	จิตวิทยา	
Dictionary of Occupational Titles (DOT)	พจนานุกรมอาชีพ	จิตวิทยา	
DID (Dissociative Identity Disorder)	ดีไอดี	จิตวิทยา	
difference threshold	ระดับการรับรู้ความแตกต่าง	จิตวิทยา	
Differential Aptitude Tests (DAT)	แบบทดสอบจำแนกความถนัด	จิตวิทยา	
diffusion of responsibility	การกระจายความรับผิดชอบ	จิตวิทยา	
dilemma	ภาวะยุ่งยากสองด้าน	จิตวิทยา	
dilemma	ภาวะกลืนไม่เข้าคายไม่ออก	จิตวิทยา	
directive leadership	ภาวะผู้นำแบบให้แนวทาง	จิตวิทยา	
disability	การขาดความสามารถ	จิตวิทยา	
disaster	ภัยพิบัติ	จิตวิทยา	
disaster counseling	การให้บริการปรึกษาผู้ประสบภัยพิบัติ	จิตวิทยา	
discrimination	การรู้จักแยกแยะ	จิตวิทยา	
discrimination	การกีดกัน	จิตวิทยา	
disgust	อารมณ์สะอิดสะเอียน	จิตวิทยา	
displaced aggression	ความก้าวร้าวต่อสิ่งทดแทน	จิตวิทยา	
displacement	การแทนที่	จิตวิทยา	
disposition	พื้นนิสัย	จิตวิทยา	
disposition	อัชฌาสัย	จิตวิทยา	
dispositional attribution	การอนุมานสาเหตุจากลักษณะนิสัยเดิม	จิตวิทยา	
dissimulation	การปกปิด	จิตวิทยา	
dissimulation	การซ่อนเร้น	จิตวิทยา	
dissociated personality	บุคลิกภาพแบบแตกแยก	จิตวิทยา	
dissociation	การสูญเสียความสามารถด้านโยงความคิด	จิตวิทยา	
dissociation	การแตกแยก	จิตวิทยา	
dissociative disorder	โรคดิสโซซิเอทิฟ	จิตวิทยา	
Dissociative Identity Disorder (DID)	โรคบุคลิกภาพหลายแบบในบุคคลเดียวกัน	จิตวิทยา	
distorted propaganda	การโฆษณาชวนเชื่อแบบบิดเบือน	จิตวิทยา	
distortion	การบิดเบือน	จิตวิทยา	
distraction-conflict theory	ทฤษฎีหันเหและความขัดแย้ง	จิตวิทยา	
distributive justice	ความยุติธรรมด้านการกระจาย	จิตวิทยา	
dizygotic twins	แฝดคล้าย	จิตวิทยา	
dizygotic twins	แฝดต่างไข่	จิตวิทยา	
fraternal twins	แฝดคล้าย	จิตวิทยา	
fraternal twins	แฝดต่างไข่	จิตวิทยา	
doctrine	ลัทธิ	จิตวิทยา	
doctrine	คำสอน	จิตวิทยา	
dogma	การบังคับให้เชื่อ	จิตวิทยา	
dogma	คำสอนต้องเชื่อ	จิตวิทยา	
dogmatic	การยัดเยียดความคิด	จิตวิทยา	
dogmatism	การมีทัศนะแบบยึดมั่นถือมั่น	จิตวิทยา	
dogmatism scale	มาตรวัดทัศนะแบบยึดมั่นถือมั่น	จิตวิทยา	
domestic intelligence	ข่าวกรองในประเทศ	จิตวิทยา	
door-in-the-face technique	เทคนิคการขอมากก่อนแล้วขอน้อยทีหลัง	จิตวิทยา	
DOT (Dictionary of Occupational Titles)	ดีโอที	จิตวิทยา	
dotting test	แบบทดสอบสร้างจุด	จิตวิทยา	
double approach-avoidance conflict	ความขัดแย้งในใจแบบเข้าหาและหลีกหนีทวีคูณ	จิตวิทยา	
downsizing	การลดขนาดหน่วยงาน	จิตวิทยา	
Down’s syndrome	กลุ่มอาการดาวน์	จิตวิทยา	
downward social comparison	การเปรียบเทียบทางสังคมกับคนที่ด้อยกว่า	จิตวิทยา	
dream	ความฝัน	จิตวิทยา	
dream interpretation	การตีความหมายความฝัน	จิตวิทยา	
drive	แรงขับ	จิตวิทยา	
drive reduction	การลดแรงขับ	จิตวิทยา	
drive-reduction hypothesis	สมมติฐานลดแรงขับ	จิตวิทยา	
drive-reduction theory	ทฤษฎีลดแรงขับ	จิตวิทยา	
drive theory of social facilitation	ทฤษฎีแรงขับในการหนุนจากสังคม	จิตวิทยา	
DSM (Diagnostic and Statistical Manual of Mental Disorders)	ดีเอสเอ็ม	จิตวิทยา	
dual personality	บุคลิกภาพสองแบบในบุคคลเดียวกัน	จิตวิทยา	
dull	ทึบ	จิตวิทยา	
dull normal	ทึบปรกติ	จิตวิทยา	
duty fear	ความหวาดกลัวในหน้าที่	จิตวิทยา	
duty motive	แรงจูงใจจากหน้าที่	จิตวิทยา	
dyadic behavior	พฤติกรรมลูกโซ่	จิตวิทยา	
Dynamic Psychiatry	จิตเวชพลวัต	จิตวิทยา	
Dynamic Psychology	จิตวิทยาพลวัต	จิตวิทยา	
dynamic theory	ทฤษฎีพลวัต	จิตวิทยา	
EAP (Employee Assistance Program) อีเอพี	(โปรแกรมการช่วยเหลือพนักงาน	จิตวิทยา	
EAP (Employee Assistance Program) อีเอพี	โปรแกรมการช่วยเหลือลูกจ้าง)	จิตวิทยา	
eco-feminism	สตรีนิยมนิเวศ	จิตวิทยา	
eco-feminism	สิทธิสตรีนิเวศ	จิตวิทยา	
Ecological Psychology	จิตวิทยานิเวศ	จิตวิทยา	
ECT (Electroconvulsive Therapy)	อีซีที	จิตวิทยา	
ectoderm	เอ็กโทเดิร์ม	จิตวิทยา	
ectomorphy	เอ็กโทมอร์ฟี	จิตวิทยา	
Edipus complex	ปมเอดิปัส	จิตวิทยา	
Edipus complex	ปมโอดิปุส	จิตวิทยา	
Oedipus complex	ปมเอดิปัส	จิตวิทยา	
Oedipus complex	ปมโอดิปุส	จิตวิทยา	
Educational Psychology	จิตวิทยาการศึกษา	จิตวิทยา	
EEG (Electroencephalo Graph)	อีอีจี	จิตวิทยา	
effectiveness of target	ประสิทธิผลของกลุ่มเป้าหมาย	จิตวิทยา	
efficacy expectation	ความคาดหวังเกี่ยวกับความสามารถของตน	จิตวิทยา	
ego	ตน	จิตวิทยา	
ego	อีโก	จิตวิทยา	
ego-alien	ความแปลกแยกในตน	จิตวิทยา	
ego analysis	การวิเคราะห์ตน	จิตวิทยา	
ego cathexis	การปลดปล่อยแรงขับในตน	จิตวิทยา	
egocentric	การยึดตนเป็นศูนย์กลาง	จิตวิทยา	
ego-defensive function of attitude	หน้าที่ของเจตคติด้านการป้องกันตน	จิตวิทยา	
ego disintegration	การแตกสลายในตน	จิตวิทยา	
ego-dystonic	ความขัดแย้งที่มีอยู่ในตน	จิตวิทยา	
ego failure	ความล้มเหลวแห่งตน	จิตวิทยา	
ego ideal	อุดมการณ์แห่งตน	จิตวิทยา	
ego instinct	สัญชาตญาณแห่งตน	จิตวิทยา	
ego-integrity	การมีศักดิ์ศรีแห่งตน	จิตวิทยา	
ego-integrity	บูรณภาพแห่งตน	จิตวิทยา	
ego libido	พลังลิบีโด	จิตวิทยา	
ego psychology	จิตวิทยาแห่งตน	จิตวิทยา	
ego strength (ES)	พลังแห่งตน	จิตวิทยา	
ego-syntonic	ความกลมกลืนแห่งตน	จิตวิทยา	
elaboration-likelihood model of persuasion	รูปแบบความเป็นไปได้ของการขยายความในการโน้มน้าวใจ	จิตวิทยา	
elation	อารมณ์ครึกครื้น	จิตวิทยา	
Electra complex	ปมอิเล็กตรา	จิตวิทยา	
Electroconvulsive Therapy (ECT)	การรักษาด้วยไฟฟ้า	จิตวิทยา	
Electroencephalo Graph (EEG)	เครื่องบันทึกคลื่นไฟฟ้าสมอง	จิตวิทยา	
Electroshock Therapy (EST)	การรักษาด้วยไฟฟ้า	จิตวิทยา	
embedded figure	ภาพที่ซ่อนเร้น	จิตวิทยา	
embryo	เอ็มบริโอ	จิตวิทยา	
emergent leader	ผู้นำโดยสถานการณ์	จิตวิทยา	
emotion	อารมณ์	จิตวิทยา	
emotional cognition	การรู้คิดทางอารมณ์	จิตวิทยา	
emotional conflict	ความขัดแย้งทางอารมณ์	จิตวิทยา	
emotional decompensation	การระเบิดทางอารมณ์	จิตวิทยา	
emotional disorder	ความผิดปรกติทางอารมณ์	จิตวิทยา	
emotional divorce	อารมณ์ร้างรา	จิตวิทยา	
emotional-focused coping	การแก้ปัญหาโดยมุ่งจัดการกับอารมณ์	จิตวิทยา	
emotional immaturity	อารมณ์ที่ขาดวุฒิภาวะ	จิตวิทยา	
emotional instability	อารมณ์แปรปรวน	จิตวิทยา	
emotional intelligence	เชาวน์อารมณ์	จิตวิทยา	
Emotionally-Unstable Character Disorder (EUCD)	อาการผิดปรกติที่ขาดความมั่นคงทางอารมณ์	จิตวิทยา	
emotionally-unstable personality	บุคลิกภาพขาดความมั่นคงทางอารมณ์	จิตวิทยา	
Emotional Quotient (EQ)	ความฉลาดทางอารมณ์	จิตวิทยา	
emotional release	การปลดปล่อยทางอารมณ์	จิตวิทยา	
emotional security	ความปลอดภัยทางอารมณ์	จิตวิทยา	
emotional stability	ความมั่นคงทางอารมณ์	จิตวิทยา	
emotional stress	ความเครียดทางอารมณ์	จิตวิทยา	
emotional stupor	ความซึมเซาทางอารมณ์	จิตวิทยา	
emotional support	การประคับประคองทางอารมณ์	จิตวิทยา	
emotional tension	ความตึงเครียดทางอารมณ์	จิตวิทยา	
emotive technique	วิธีการบำบัดอารมณ์	จิตวิทยา	
empathy	การรู้ซึ้งถึงความรู้สึก	จิตวิทยา	
Empirical Psychology	จิตวิทยาเชิงประจักษ์	จิตวิทยา	
employee	ลูกจ้าง	จิตวิทยา	
employee appraisal	การประเมินลูกจ้าง	จิตวิทยา	
employee evaluation	การประเมินลูกจ้าง	จิตวิทยา	
Employee Assistance Program (EAP)	โปรแกรมการช่วยเหลือพนักงาน	จิตวิทยา	
Employee Assistance Program (EAP)	โปรแกรมการช่วยเหลือลูกจ้าง	จิตวิทยา	
employee comparison technique	เทคนิคการจัดอันดับลูกจ้าง	จิตวิทยา	
employee evaluation	การประเมินลูกจ้าง	จิตวิทยา	
employee appraisal	การประเมินลูกจ้าง	จิตวิทยา	
employee selection	การคัดเลือกลูกจ้าง	จิตวิทยา	
employment discrimination	การเลือกปฏิบัติในการจ้างงาน	จิตวิทยา	
employment interview	การสัมภาษณ์การจ้างงาน	จิตวิทยา	
Employment Psychology	จิตวิทยาการจ้างงาน	จิตวิทยา	
empowerment	การให้อำนาจ	จิตวิทยา	
enacted role	บทบาทที่ปฏิบัติ	จิตวิทยา	
encounter	ประจันหน้า	จิตวิทยา	
encounter exercises	การฝึกการประจันหน้า	จิตวิทยา	
encounter group	กลุ่มประจันหน้า	จิตวิทยา	
encounter movement	ความเคลื่อนไหวกลุ่มเผชิญหน้า	จิตวิทยา	
encouragement therapy	การบำบัดด้วยการเสริมกำลังใจ	จิตวิทยา	
end	เป้าหมาย	จิตวิทยา	
end	ส่วนสุดท้าย	จิตวิทยา	
end	ปลาย	จิตวิทยา	
endoderm	เอ็นโดเดิร์ม	จิตวิทยา	
endogamy	การสมรสในกลุ่ม	จิตวิทยา	
endomorphy	เอ็นโดมอร์ฟี	จิตวิทยา	
Engendering Psychology	จิตวิทยาความหลากหลาย	จิตวิทยา	
Engineering Psychology	จิตวิทยาวิศวกรรม	จิตวิทยา	
enrichment	การเพิ่มคุณค่า	จิตวิทยา	
Environmental Psychology	จิตวิทยาสิ่งแวดล้อม	จิตวิทยา	
environmental stress	ความเครียดจากสิ่งแวดล้อม	จิตวิทยา	
envy	ความอิจฉา	จิตวิทยา	
EPI (Eysenck Personality Inventory)	อีพีไอ	จิตวิทยา	
EQ (Emotional Quotient)	อีคิว	จิตวิทยา	
equal-appearing intervals scale	มาตรช่วงปรากฏเท่ากัน	จิตวิทยา	
equal-status contact	การติดต่อโดยสถานภาพเท่าเทียมกัน	จิตวิทยา	
equilibration	ความสมดุล	จิตวิทยา	
equity	สมธรรม	จิตวิทยา	
ergonomics	การยศาสตร์	จิตวิทยา	
ergonomics	เออร์โกโนมิกส์	จิตวิทยา	
ergonomist	นักการยศาสตร์	จิตวิทยา	
Eros	อีรอส	จิตวิทยา	
eroticism	อีโรทิซิซึม	จิตวิทยา	
escalation of aggression	การเพิ่มความก้าวร้าว	จิตวิทยา	
escalation of commitment	การเพิ่มขึ้นของความผูกมัด	จิตวิทยา	
ES (ego strength)	อีเอส	จิตวิทยา	
ESP (Extrasensory Perception)	อีเอสพี	จิตวิทยา	
EST (Electroshock Therapy)	อีเอสที	จิตวิทยา	
ethical conflict	ความขัดแย้งทางจริยธรรม	จิตวิทยา	
ethical dilemma	ภาวะยุ่งยากสองด้านทางจริยธรรม	จิตวิทยา	
EUCD (Emotionally-Unstable Character Disorder)	อียูซีดี	จิตวิทยา	
evaluation	การประเมินค่า	จิตวิทยา	
evaluative belief	ความเชื่อเชิงประเมิน	จิตวิทยา	
eversion theory of aging	ทฤษฎีพลิกผันของวัยสูงอายุ	จิตวิทยา	
evolution	วิวัฒนาการ	จิตวิทยา	
excitation transfer	การถ่ายโอนความตื่นเต้น	จิตวิทยา	
excitement	ความตื่นเต้น	จิตวิทยา	
exhibitionism	โรคชอบอวดอวัยวะเพศ	จิตวิทยา	
exhibitionism	พวกอวดแสดงตน	จิตวิทยา	
exhibitionist	ผู้ชอบเปิดเผยเรือนร่าง	จิตวิทยา	
existential analysis	การวิเคราะห์อัตถิภาวะ	จิตวิทยา	
existential counseling	การให้บริการปรึกษาแบบอัตถิภาวนิยม	จิตวิทยา	
Existential Psychology	จิตวิทยาอัตถิภาวะ	จิตวิทยา	
existential therapy	การบำบัดอัตถิภาวะ	จิตวิทยา	
exoteric	ความหมายพื้นผิว	จิตวิทยา	
expatriate	ผู้บริหารต่างชาติ	จิตวิทยา	
Expectancy Theory	ทฤษฎีความคาดหวัง	จิตวิทยา	
experiment	การทดลอง	จิตวิทยา	
Experimental Psychology	จิตวิทยาการทดลอง	จิตวิทยา	
explanatory style	รูปแบบการอธิบาย	จิตวิทยา	
explicit behavior	พฤติกรรมเปิดเผยตรงไปตรงมา	จิตวิทยา	
expressive therapy	การบำบัดผ่านการแสดงออก	จิตวิทยา	
external attribution	การอนุมานสาเหตุภายนอก	จิตวิทยา	
external frustration	ความคับข้องใจที่เกิดจากสิ่งเร้าภายนอก	จิตวิทยา	
external inhibition	การยับยั้งภายนอก	จิตวิทยา	
externalization	การผันสู่ภายนอก	จิตวิทยา	
extinction	การหยุดพฤติกรรม	จิตวิทยา	
extrapsychic conflict	ความขัดแย้งภายนอกจิตใจ	จิตวิทยา	
Extrasensory Perception (ESP)	การรับรู้พิเศษ	จิตวิทยา	
extraversion	บุคลิกภาพแบบเปิดเผย	จิตวิทยา	
extroversion	บุคลิกภาพแบบเปิดเผย	จิตวิทยา	
extrinsic motivation	แรงจูงใจภายนอก	จิตวิทยา	
extrinsic motivation	แรงจูงใจนอกตัวกิจกรรม	จิตวิทยา	
extroversion	บุคลิกภาพแบบเปิดเผย	จิตวิทยา	
extraversion	บุคลิกภาพแบบเปิดเผย	จิตวิทยา	
eye contact	การประสานสายตา	จิตวิทยา	
Eysenck Personality Inventory (EPI)	แบบสำรวจบุคลิกภาพโดยไอเซนก์	จิตวิทยา	
fables test	แบบทดสอบเล่านิทาน	จิตวิทยา	
face	หน้า	จิตวิทยา	
face recognition	การระลึกหน้า	จิตวิทยา	
face-to-face group	กลุ่มที่มีขนาดเล็ก	จิตวิทยา	
face validity	ความตรงตามลักษณะของเครื่องมือวัด	จิตวิทยา	
Facial Action Coding System (FACS)	ระบบจำแนกการแสดงทางสีหน้า	จิตวิทยา	
facial display	การแสดงออกทางอารมณ์ผ่านสีหน้า	จิตวิทยา	
facial expressions	การแสดงออกทางสีหน้า	จิตวิทยา	
facilitator	ผู้เอื้ออำนวยให้กลุ่ม	จิตวิทยา	
FACS (Facial Action Coding System)	เอฟเอซีเอส	จิตวิทยา	
fact memory	ความจำถึงข้อเท็จจริง	จิตวิทยา	
factor	องค์ประกอบ	จิตวิทยา	
factor	ปัจจัย	จิตวิทยา	
factor analysis	การวิเคราะห์องค์ประกอบ	จิตวิทยา	
factorial theory of personality	ทฤษฎีวิเคราะห์องค์ประกอบบุคลิกภาพ	จิตวิทยา	
Faculty Psychology	จิตวิทยาพลังด้านสมองและจิตใจ	จิตวิทยา	
failure	ความล้มเหลว	จิตวิทยา	
faith	ศรัทธา	จิตวิทยา	
false consensus effect	ผลความเห็นพ้องที่ผิด	จิตวิทยา	
false-negative cases	กรณีผิดทางลบ	จิตวิทยา	
false-positive cases	กรณีผิดทางบวก	จิตวิทยา	
false uniqueness effect	ผลเอกลักษณ์เฉพาะตนที่ผิด	จิตวิทยา	
family interaction method	วิธีการปฏิสัมพันธ์ในครอบครัว	จิตวิทยา	
family therapy	ครอบครัวบำบัด	จิตวิทยา	
family values	ค่านิยมของครอบครัว	จิตวิทยา	
fantasy	เพ้อฝัน	จิตวิทยา	
Fascism-Scale (F-Scale)	มาตรวัดเผด็จการ	จิตวิทยา	
father complex	ปมปิตุฆาต	จิตวิทยา	
father complex	ปมบิดา	จิตวิทยา	
father-daughter incest	การสมสู่ระหว่างพ่อกับลูกสาว	จิตวิทยา	
father figure	ตัวแทนพ่อ	จิตวิทยา	
father surrogate	พ่อทดแทน	จิตวิทยา	
fear	ความกลัว	จิตวิทยา	
feature profile test	แบบทดสอบการประกอบภาพ	จิตวิทยา	
Fechner’s law	กฎของเฟชเนอร์	จิตวิทยา	
feedback	ผลสะท้อนกลับ	จิตวิทยา	
feedback	การป้อนกลับ	จิตวิทยา	
feeling	ความรู้สึก	จิตวิทยา	
feelings of guilt	ความรู้สึกผิด	จิตวิทยา	
guilt feelings	ความรู้สึกผิด	จิตวิทยา	
sense of guilt	ความรู้สึกผิด	จิตวิทยา	
feelings of inferiority	ความรู้สึกด้อย	จิตวิทยา	
inferiority feelings	ความรู้สึกด้อย	จิตวิทยา	
feelings of superiority	ความรู้สึกเขื่อง	จิตวิทยา	
feelings of superiority	ความรู้สึกเด่น	จิตวิทยา	
superiority feelings	ความรู้สึกเขื่อง	จิตวิทยา	
superiority feelings	ความรู้สึกเด่น	จิตวิทยา	
femininity	ความเป็นหญิง	จิตวิทยา	
fetal period	ช่วงอายุตัวอ่อน	จิตวิทยา	
fetishism	การเกิดอารมณ์เพศจากสิ่งเฉพาะ	จิตวิทยา	
fetus	ตัวอ่อน	จิตวิทยา	
fidelity	ความจงรักภักดี	จิตวิทยา	
fidelity	ความเที่ยงตรง	จิตวิทยา	
field	สนาม	จิตวิทยา	
field	ขอบเขต	จิตวิทยา	
field dependence-independence	ขอบเขตการรับรู้ของบุคคลที่พึ่งพาและไม่พึ่งพาสิ่งแวดล้อม	จิตวิทยา	
field experiment	การทดลองในสนาม	จิตวิทยา	
field study	การศึกษาภาคสนาม	จิตวิทยา	
field theory	ทฤษฎีสนาม	จิตวิทยา	
field work	งานสนาม	จิตวิทยา	
figural evaluation	การประเมินค่าของภาพ	จิตวิทยา	
figural production	ผลิตผลภาพความรู้สึก	จิตวิทยา	
figure and ground	ภาพและพื้น	จิตวิทยา	
filial maturity	วุฒิภาวะสืบทอด	จิตวิทยา	
filled-space illusion	การลวงตาที่ใช้การเติมเต็มในช่องว่าง	จิตวิทยา	
final-offer arbitration	การอนุญาโตตุลาการข้อเสนอสุดท้าย	จิตวิทยา	
finger maze	การแก้ปัญหาเขาวงกตโดยใช้นิ้วมือ	จิตวิทยา	
first impressions	ความประทับใจครั้งแรก	จิตวิทยา	
fishbowl technique	เทคนิคฟิชโบวล์	จิตวิทยา	
fixation	การยึดติด	จิตวิทยา	
fixation	การจดจ่อ	จิตวิทยา	
fixed belief	ความเชื่อยึดติด	จิตวิทยา	
fixed effects fallacy	ความผิดพลาดที่เกิดจากการเหมาสรุป	จิตวิทยา	
fixed idea	ความคิดยึดติด	จิตวิทยา	
fixed role therapy	การบำบัดโดยการกำหนดบทบาทแบบตายตัว	จิตวิทยา	
FJA (Functional Job Analysis)	เอฟเจเอ	จิตวิทยา	
flexible work hour	เวลาทำงานที่ยืดหยุ่น	จิตวิทยา	
flexitime	เวลาทำงานที่ยืดหยุ่น	จิตวิทยา	
flextime	เวลาทำงานที่ยืดหยุ่น	จิตวิทยา	
flexiplace	สถานที่ทำงานที่ยืดหยุ่น	จิตวิทยา	
flexitime	เวลาทำงานที่ยืดหยุ่น	จิตวิทยา	
flexible work hours	เวลาทำงานที่ยืดหยุ่น	จิตวิทยา	
flextime	เวลาทำงานที่ยืดหยุ่น	จิตวิทยา	
flex schedule	ตารางเวลาทำงานที่ยืดหยุ่น	จิตวิทยา	
flextime	เวลาทำงานที่ยืดหยุ่น	จิตวิทยา	
flexible work hours	เวลาทำงานที่ยืดหยุ่น	จิตวิทยา	
flexitime	เวลาทำงานที่ยืดหยุ่น	จิตวิทยา	
flight	การหลบหนี	จิตวิทยา	
flight from reality	การหลบหนีความจริง	จิตวิทยา	
flight into reality	การหลบหนีสู่ความจริง	จิตวิทยา	
floating affect	อารมณ์ถ่ายโอน	จิตวิทยา	
floating anxiety	ความวิตกกังวลที่เลื่อนลอย	จิตวิทยา	
flowing consciousness	ความใจลอย	จิตวิทยา	
fluctuation	การกระเพื่อม	จิตวิทยา	
fluctuation	การขึ้น ๆ ลง ๆ	จิตวิทยา	
fluctuation	ความไม่คงที่	จิตวิทยา	
fluctuation of attention	ความใส่ใจที่ไม่คงที่	จิตวิทยา	
folk devils	มารชาวบ้าน	จิตวิทยา	
Folk Psychology	จิตวิทยาพื้นบ้าน	จิตวิทยา	
follow-up counseling	การติดตามผลการให้บริการปรึกษา	จิตวิทยา	
foot-in-the-door technique	เทคนิคการขอน้อยก่อนแล้วขอมากทีหลัง	จิตวิทยา	
forced-choice technique	เทคนิคการบังคับเลือก	จิตวิทยา	
forced distribution technique	เทคนิคการบังคับให้กระจาย	จิตวิทยา	
Forensic Psychology	นิติจิตวิทยา	จิตวิทยา	
Legal Psychology	นิติจิตวิทยา	จิตวิทยา	
forestalling	การชิงโฆษณาก่อน	จิตวิทยา	
forgetting	การลืม	จิตวิทยา	
formal operational stage	ขั้นปฏิบัติการนามธรรม	จิตวิทยา	
frame of reference	กรอบแนวคิด	จิตวิทยา	
fraternal twins	แฝดคล้าย	จิตวิทยา	
fraternal twins	แฝดต่างไข่	จิตวิทยา	
dizygotic twins	แฝดคล้าย	จิตวิทยา	
dizygotic twins	แฝดต่างไข่	จิตวิทยา	
free association	การเชื่อมโยงโดยอิสระ	จิตวิทยา	
free rider	คนแอบอิงประโยชน์	จิตวิทยา	
free will	เจตจำนงเสรี	จิตวิทยา	
Freudian slip	การพลั้งปาก	จิตวิทยา	
frigidity	ภาวะการขาดความตื่นตัว	จิตวิทยา	
Fromm’s theory	ทฤษฎีของฟรอมม์	จิตวิทยา	
frontal leuctomy	การผ่ากลีบสมอง	จิตวิทยา	
frontal lobotomy	การผ่ากลีบสมอง	จิตวิทยา	
lobotomy	การผ่ากลีบสมอง	จิตวิทยา	
frustration	ความคับข้องใจ	จิตวิทยา	
frustration-aggression hypothesis	สมมติฐานความคับข้องใจและความก้าวร้าว	จิตวิทยา	
F-Scale (Fascism-Scale)	มาตรวัดเผด็จการ	จิตวิทยา	
fugue	ฟิวจ์	จิตวิทยา	
fulfillment	การเติมเต็ม	จิตวิทยา	
Fullerton-Cattell Law	กฎฟุลเลอร์ตันและแคตเทลล์	จิตวิทยา	
fully functioning person	บุคคลที่ทำหน้าที่อย่างเต็มความสามารถ	จิตวิทยา	
fully functioning person	บุคคลผู้มีชีวิตเต็ม	จิตวิทยา	
functional ability	ความสามารถตามหน้าที่	จิตวิทยา	
functional age	วัยที่สามารถทำงาน	จิตวิทยา	
functional analysis of behavior	การวิเคราะห์พฤติกรรม	จิตวิทยา	
functional approach to attitude	แนวทางการทำหน้าที่ของเจตคติ	จิตวิทยา	
functional autonomy	การทำหน้าที่อิสระ	จิตวิทยา	
functional group	กลุ่มพันธกิจ	จิตวิทยา	
Functional Job Analysis (FJA)	การวิเคราะห์งานตามหน้าที่	จิตวิทยา	
Functional Psychology	จิตวิทยาการหน้าที่	จิตวิทยา	
functionalism	คติการหน้าที่	จิตวิทยา	
functional turnover	การลาออกจากหน้าที่	จิตวิทยา	
function of attitude	หน้าที่ของเจตคติ	จิตวิทยา	
fundamental	พื้นฐาน	จิตวิทยา	
fundamental	รากฐาน	จิตวิทยา	
fundamental attribution error	ความคลาดเคลื่อนพื้นฐานในการอนุมานสาเหตุ	จิตวิทยา	
fundamental color	แม่สี	จิตวิทยา	
fundamental definition	นิยามพื้นฐาน	จิตวิทยา	
fundamental symptoms	อาการพื้นฐาน	จิตวิทยา	
future shock	การช็อกต่ออนาคต	จิตวิทยา	
galvanic skin response (GSR)	การตอบสนองที่ผิวหนังแบบกัลวานิก	จิตวิทยา	
galvanotropism	กัลวานอทรอพิซึม	จิตวิทยา	
gang	แก๊ง	จิตวิทยา	
gender identity	เอกลักษณ์แห่งเพศ	จิตวิทยา	
gender role	บทบาททางเพศ	จิตวิทยา	
gene	ยีน	จิตวิทยา	
gene	จีน	จิตวิทยา	
general factor (G)	องค์ประกอบความสามารถทั่วไป	จิตวิทยา	
generalization	การสรุปรวบยอด	จิตวิทยา	
generalization	การสรุปครอบคลุม	จิตวิทยา	
generalization	การแผ่ขยาย	จิตวิทยา	
generalized reinforcer	ตัวเสริมแรงสรุปครอบคลุม	จิตวิทยา	
General Psychology	จิตวิทยาทั่วไป	จิตวิทยา	
general will	เจตจำนงทั่วไป	จิตวิทยา	
generation	ชั่วคน	จิตวิทยา	
generation	ชั่วรุ่น	จิตวิทยา	
generation gap	ช่องว่างระหว่างวัย	จิตวิทยา	
genetic epistemology	ญาณวิทยาทางพันธุกรรม	จิตวิทยา	
genital stage	ขั้นเพศรส	จิตวิทยา	
genius	อัจฉริยะ	จิตวิทยา	
genotype	จีโนไทป์	จิตวิทยา	
genotype	แบบชนิดพันธุกรรม	จิตวิทยา	
genuineness	ความจริงแท้	จิตวิทยา	
geographical group	กลุ่มลักษณะทางภูมิศาสตร์	จิตวิทยา	
gerontology	พฤฒวิทยา	จิตวิทยา	
Gesell Development Norms	ตารางวัดความสามารถกีเซลล์	จิตวิทยา	
Gestalt	เกสตอลต์	จิตวิทยา	
Gestalt Psychology	จิตวิทยาเกสตอลต์	จิตวิทยา	
Gestalt theory	ทฤษฎีเกสตอลต์	จิตวิทยา	
Gestalt therapy	จิตบำบัดเกสตอลต์	จิตวิทยา	
G (general factor)	จี	จิตวิทยา	
GH (growth hormone)	จีเอช	จิตวิทยา	
gifted	พรสวรรค์	จิตวิทยา	
gifted	ความสามารถพิเศษ	จิตวิทยา	
gifted child	เด็กที่มีพรสวรรค์	จิตวิทยา	
gifted child	เด็กที่มีความสามารถพิเศษ	จิตวิทยา	
Gilles de la Tourette’s syndrome	กลุ่มอาการกล้ามเนื้อกระตุกกีลเดอลาตูแรต	จิตวิทยา	
goal	เป้าหมาย	จิตวิทยา	
goal directed behavior	พฤติกรรมนำสู่เป้าหมาย	จิตวิทยา	
goal setting	การกำหนดเป้าหมาย	จิตวิทยา	
golden rule	กฎทองคำ	จิตวิทยา	
Goldstein-Scheerer Test	แบบทดสอบโกลด์สไตน์และเชียเรอร์	จิตวิทยา	
Goodenough Draw-a-Man Test	แบบทดสอบวาดรูปคนโดยกูเดอนาฟ	จิตวิทยา	
Goodenough Draw-a-Person Test	แบบทดสอบวาดรูปบุคคลโดยกูเดอนาฟ	จิตวิทยา	
goodness of fit	ความสอดคล้องที่สุด	จิตวิทยา	
Gordon Personal Profile Inventory	แบบทดสอบบุคลิกภาพโดยกอร์ดอน	จิตวิทยา	
Gottschaldt figures	รูปกอทท์ชอลดท์	จิตวิทยา	
Graduated and Reciprocated Initiatives in Tension Reduction (GRIT)	การริเริ่มและเพิ่มการตอบสนองต่อกันในการลดความตึงเครียด	จิตวิทยา	
grandeur delusion	การหลงผิดว่าตนเป็นใหญ่	จิตวิทยา	
delusion of grandeur	การหลงผิดว่าตนเป็นใหญ่	จิตวิทยา	
graphic rating scale	มาตรการประมาณค่ารูปกราฟ	จิตวิทยา	
grasping reflex	ปฏิกิริยาสะท้อนแบบกำ	จิตวิทยา	
gregariousness	การอยู่รวมกลุ่ม	จิตวิทยา	
grief	ความเศร้าโศก	จิตวิทยา	
grievance	การร้องทุกข์	จิตวิทยา	
GRIT (Graduated and Reciprocated Initiatives in Tension Reduction	กริต	จิตวิทยา	
group	กลุ่ม	จิตวิทยา	
group behavior	พฤติกรรมกลุ่ม	จิตวิทยา	
group cohesion	ความเป็นน้ำหนึ่งใจเดียวกันในกลุ่ม	จิตวิทยา	
group counseling	การให้บริการปรึกษาเป็นกลุ่ม	จิตวิทยา	
group dynamics	พลวัตกลุ่ม	จิตวิทยา	
group guidance	การแนะแนวเป็นกลุ่ม	จิตวิทยา	
group polarization	การมีทัศนะที่หนักแน่นขึ้นในทิศทางเดียวกันหลังการอภิปรายกลุ่ม	จิตวิทยา	
group pressure	แรงกดดันจากกลุ่ม	จิตวิทยา	
group psychology	จิตวิทยากลุ่ม	จิตวิทยา	
group sensitivity	กลุ่มฝึกความไวในการเข้าใจตนและกลุ่ม	จิตวิทยา	
group therapy	กลุ่มบำบัด	จิตวิทยา	
groupthink	การคิดเป็นกลุ่ม	จิตวิทยา	
group work	กลุ่มทำงาน	จิตวิทยา	
growth group	กลุ่มพัฒนาตน	จิตวิทยา	
growth hormone (GH)	ฮอร์โมนการเจริญเติบโต	จิตวิทยา	
GSR (galvanic skin response)	จีเอสอาร์	จิตวิทยา	
guerrilla	ผู้สู้รบแบบกองโจร	จิตวิทยา	
guerrilla warfare	การรบแบบกองโจร	จิตวิทยา	
guidance	การแนะแนว	จิตวิทยา	
Guilford Dimensions of Intelligence	ทฤษฎีมิติด้านเชาวน์ปัญญาโดยกิลฟอร์ด	จิตวิทยา	
Guilford-Zimmerman Temperament Survey (GZTS)	แบบประเมินบุคลิกภาพโดยกิลฟอร์ดและซิมเมอร์แมน	จิตวิทยา	
guilt	ความรู้สึกผิด	จิตวิทยา	
guilt feelings	ความรู้สึกผิด	จิตวิทยา	
feelings of guilt	ความรู้สึกผิด	จิตวิทยา	
sense of guilt	ความรู้สึกผิด	จิตวิทยา	
Guthrie’s Contiguous Conditioning Theory	ทฤษฎีเงื่อนไขความต่อเนื่องของกัทรี	จิตวิทยา	
Guttman Scale	มาตรกัตต์แมน	จิตวิทยา	
GZTS (Guilford-Zimmerman Temperament Survey)	จีแซดทีเอส	จิตวิทยา	
habit	นิสัย	จิตวิทยา	
habitat	แหล่งที่อยู่	จิตวิทยา	
habitat	ถิ่นที่อยู่	จิตวิทยา	
habit formation	การสร้างนิสัย	จิตวิทยา	
habituation	ความคุ้นเคย	จิตวิทยา	
habituation	ความเคยชิน	จิตวิทยา	
habituation	การติดเป็นนิสัย	จิตวิทยา	
hallucination	น ประสาทหลอน	จิตวิทยา	
hallucinogen	สารก่อประสาทหลอน	จิตวิทยา	
hallucinosis	ภาวะประสาทหลอน	จิตวิทยา	
halo effect	เฮโลเอฟเฟกต์	จิตวิทยา	
handedness	ความถนัดการใช้มือ	จิตวิทยา	
handicap	ความพิการ	จิตวิทยา	
haptic	การศึกษาเกี่ยวกับการสัมผัส	จิตวิทยา	
Hawthorne effect	ฮอว์ทอร์นเอฟเฟกต์	จิตวิทยา	
Head Start	เฮดสตาร์ต	จิตวิทยา	
Health Psychology	จิตวิทยาสุขภาพ	จิตวิทยา	
hearing	การได้ยิน	จิตวิทยา	
Hebb’s Theory of Perceptual Learning	ทฤษฎีการเรียนรู้แบบรับรู้ของเฮบบ์	จิตวิทยา	
hedonics	เฮโดนิกส์	จิตวิทยา	
hedonic tone	ระดับความรู้สึก	จิตวิทยา	
hedonism	เฮโดนิซึม	จิตวิทยา	
hedonism	คติสุขารมณ์	จิตวิทยา	
Heller’s dementia	กลุ่มอาการของเฮลเลอร์	จิตวิทยา	
Heller’s syndrome	กลุ่มอาการของเฮลเลอร์	จิตวิทยา	
Hellin’s law	กฎของเฮลลิน	จิตวิทยา	
Helmholtz theory of accommodation	ทฤษฎีการปรับสายตาโดย เฮล์มโฮลทซ์	จิตวิทยา	
Helmholtz theory of hearing	ทฤษฎีการได้ยินโดยเฮล์มโฮลทซ์	จิตวิทยา	
Helmholtz theory of vision	ทฤษฎีการมองเห็นของเฮล์มโฮลทซ์	จิตวิทยา	
helping relationship	สัมพันธภาพในการให้ความช่วยเหลือ	จิตวิทยา	
helplessness	การช่วยตนเองไม่ได้	จิตวิทยา	
helplessness	การยอมจำนน	จิตวิทยา	
Henmon-Nelson Test of Mental Ability	แบบทดสอบความสามารถทางเชาวน์ปัญญาโดยเฮนมอนและเนลสัน	จิตวิทยา	
Herbartianism	จิตวิทยานิยมแฮร์บาร์ท	จิตวิทยา	
Herbartian Psychology	จิตวิทยาของแฮร์บาท	จิตวิทยา	
here and now	ที่นี่และเดี๋ยวนี้	จิตวิทยา	
hereditarianism	พันธุกรรมนิยม	จิตวิทยา	
hereditary predisposition	ความโน้มเอียงรับโรคทางพันธุกรรม	จิตวิทยา	
hereditary predisposition	ความไวแฝงรับโรคทางพันธุกรรม	จิตวิทยา	
heredity	พันธุกรรม	จิตวิทยา	
heredity	กรรมพันธุ์	จิตวิทยา	
Hering afterimage	ภาพติดตาเฮริง	จิตวิทยา	
Hering illusion	ภาพลวงตาเฮริง	จิตวิทยา	
Hering theory of color vision	ทฤษฎีการเห็นสีเฮริง	จิตวิทยา	
heterogeneous	-วิวิธพันธุ์	จิตวิทยา	
heterogeneous	-ไม่เป็นเนื้อเดียวกัน	จิตวิทยา	
heteromorphic	การเบี่ยงเบนจากแบบปรกติ	จิตวิทยา	
heteronomous morality	จริยธรรมยึดกฎเกณฑ์ภายนอก	จิตวิทยา	
heterozygote	เฮเทโรไซโกต	จิตวิทยา	
heterozygote	รูปร่างต่างกัน	จิตวิทยา	
heuristic approach	แนวการศึกษาเชิงสืบค้น	จิตวิทยา	
heuristic approach	แนวความคิดเชิงสืบค้น	จิตวิทยา	
heuristics	กลวิธีการแก้ปัญหา	จิตวิทยา	
heuristics	ตัวช่วยการตัดสินใจ	จิตวิทยา	
heuristics	วิธีพิเศษในการสืบค้น	จิตวิทยา	
heuristic thinking	แนวคิดเชิงสืบค้น	จิตวิทยา	
hidden-clue situation	สถานการณ์แฝง	จิตวิทยา	
hidden-clue test	แบบทดสอบสถานการณ์แฝง	จิตวิทยา	
hidden figure	ภาพแฝง	จิตวิทยา	
hidden-figures test	แบบทดสอบภาพแฝง	จิตวิทยา	
hidden observer	ผู้สังเกตแฝง	จิตวิทยา	
hierarchy	ลำดับขั้น	จิตวิทยา	
hierarchy of habit	ลำดับขั้นของนิสัย	จิตวิทยา	
hierarchy of needs	ลำดับขั้นความต้องการ	จิตวิทยา	
hierarchy of needs	ลำดับขั้นความต้องการจำเป็น	จิตวิทยา	
higher-level skills	ทักษะขั้นสูงขึ้น	จิตวิทยา	
higher order conditioning	การวางเงื่อนไขขั้นสูงขึ้น	จิตวิทยา	
higher response unit	หน่วยการตอบสนองขั้นสูงขึ้น	จิตวิทยา	
hindsight bias	ความลำเอียงว่าได้รู้มาก่อนแล้ว	จิตวิทยา	
histrionic personality disorder	บุคลิกภาพผิดปรกติแบบฮิสทรีโอนิก	จิตวิทยา	
holism	ลัทธิองค์รวม	จิตวิทยา	
Holmgren’s Test	การทดสอบของโฮล์มเกรน	จิตวิทยา	
homeostasis	ภาวะธำรงดุล	จิตวิทยา	
homogamy	การมีคู่ครองที่มีคุณลักษณะทางพันธุกรรมที่คล้ายคลึงกัน	จิตวิทยา	
homogamy	การมีคู่ครองที่มีคุณลักษณะแบบเดียวกัน	จิตวิทยา	
homogeneous	-เอกพันธุ์	จิตวิทยา	
homogeneous	-เป็นเนื้อเดียวกัน	จิตวิทยา	
homogeneous group	กลุ่มลักษณะเดียวกัน	จิตวิทยา	
homogeneous grouping	กลุ่มที่มีลักษณะแบบเดียวกัน	จิตวิทยา	
homogeneous reinforcement	การให้การเสริมแรงแบบเดียวกัน	จิตวิทยา	
homologous chromosome	โครโมโซมสายพันธุ์เดียว	จิตวิทยา	
homonomy drive	แรงขับเพื่อแสวงหาความรักและการยอมรับของกลุ่ม	จิตวิทยา	
homosexual	ผู้ใฝ่เพศเดียวกัน	จิตวิทยา	
homosexuality	การใฝ่เพศเดียวกัน	จิตวิทยา	
homozygote	โฮโมไซโกต	จิตวิทยา	
Honi effect	ปรากฏการณ์โฮนี	จิตวิทยา	
Honi phenomenon	ปรากฏการณ์โฮนี	จิตวิทยา	
horde	กลุ่มไร้ระเบียบ	จิตวิทยา	
horizontal-vertical illusion	ภาพลวงตาแนวนอนและแนวตั้ง	จิตวิทยา	
Hormic theory	ทฤษฎีฮอร์มิก	จิตวิทยา	
hormone	ฮอร์โมน	จิตวิทยา	
Horner’s law	กฎของฮอร์เนอร์	จิตวิทยา	
Horney triangle	สามเหลี่ยมฮอร์ไนย์	จิตวิทยา	
hostile aggression	ความก้าวร้าวจากความเป็นปฏิปักษ์	จิตวิทยา	
hue	มิติสี	จิตวิทยา	
human engineering	วิศวกรรมมนุษย์	จิตวิทยา	
Humanistic Psychology	จิตวิทยามนุษยนิยม	จิตวิทยา	
human relations	มนุษยสัมพันธ์	จิตวิทยา	
humor	อารมณ์ขัน	จิตวิทยา	
hunger drive	แรงขับความหิว	จิตวิทยา	
hunger pain	ความหิวโหย	จิตวิทยา	
hypnosis	การสะกดจิต	จิตวิทยา	
hypochondriasis	โรคคิดว่าตนป่วย	จิตวิทยา	
hypothalamus	ไฮโปทาลามัส	จิตวิทยา	
hypothesis	สมมติฐาน	จิตวิทยา	
hypothesis	สมมุติฐาน	จิตวิทยา	
hypothymia	ความซึมเศร้า	จิตวิทยา	
hysteria	โรคฮิสทีเรีย	จิตวิทยา	
id	อิด	จิตวิทยา	
idealism	จิตนิยม	จิตวิทยา	
idealization	การมองดีเกินจริง	จิตวิทยา	
ideal self	ตนในอุดมคติ	จิตวิทยา	
idea of reference	ความคิดว่าถูกพาดพิง	จิตวิทยา	
identical twins	แฝดเหมือน	จิตวิทยา	
identical twins	แฝดร่วมไข่	จิตวิทยา	
monozygotic twins	แฝดเหมือน	จิตวิทยา	
monozygotic twins	แฝดร่วมไข่	จิตวิทยา	
identification	การเลียนแบบพฤติกรรมโดยไม่รู้ตัว	จิตวิทยา	
identification figure	บุคคลต้นแบบ	จิตวิทยา	
identification with the aggressor	การเลียนแบบผู้ก้าวร้าว	จิตวิทยา	
identity	เอกลักษณ์	จิตวิทยา	
identity achievement	ความสำเร็จในการสร้างเอกลักษณ์	จิตวิทยา	
identity confusion	ความสับสนในบทบาท	จิตวิทยา	
identity crisis	วิกฤตเอกลักษณ์	จิตวิทยา	
identity diffusion	ความสับสนในการสร้างเอกลักษณ์	จิตวิทยา	
identity disorder	ภาวะผิดปรกติในเอกลักษณ์	จิตวิทยา	
identity foreclosure	การด่วนรับเอกลักษณ์	จิตวิทยา	
Idiographic Psychology	จิตวิทยาปัจเจกบุคคล	จิตวิทยา	
Idiothetic Psychology	จิตวิทยาปัจเจกบุคคล	จิตวิทยา	
idiographic research	การวิจัยปัจเจกบุคคล	จิตวิทยา	
idiot	ปัญญาอ่อนระดับแรง	จิตวิทยา	
idiot	อีเดียต	จิตวิทยา	
Idiothetic Psychology	จิตวิทยาปัจเจกบุคคล	จิตวิทยา	
Idiographic Psychology	จิตวิทยาปัจเจกบุคคล	จิตวิทยา	
illusion	ภาพลวงตา	จิตวิทยา	
illusion of control	การควบคุมแบบลวงตา	จิตวิทยา	
illusory correlation	สหสัมพันธ์แบบลวงตา	จิตวิทยา	
image	ภาพที่จำได้	จิตวิทยา	
image	ภาพลักษณ์	จิตวิทยา	
imagination	จินตนาการ	จิตวิทยา	
imago	ภาพในจินตนาการ	จิตวิทยา	
imbalance	อสมดุล	จิตวิทยา	
unbalance	อสมดุล	จิตวิทยา	
imbecile	ปัญญาอ่อนระดับปานกลาง	จิตวิทยา	
imbecile	อิมบิซีล	จิตวิทยา	
imitation	การเลียนแบบ	จิตวิทยา	
immature	การขาดวุฒิภาวะ	จิตวิทยา	
immature defense	การป้องกันตนแบบขาดวุฒิภาวะ	จิตวิทยา	
immobility	การนิ่งไม่ไหวติง	จิตวิทยา	
implicit	โดยนัย	จิตวิทยา	
implicit	โดยปริยาย	จิตวิทยา	
implicit association test	การทดสอบการเชื่อมโยงโดยนัย	จิตวิทยา	
implicit memory	ความจำที่ระลึกได้โดยปริยาย	จิตวิทยา	
implicit personality theory	ทฤษฎีบุคลิกภาพโดยนัย	จิตวิทยา	
impression management	การสร้างความประทับใจ	จิตวิทยา	
imprinting	การเรียนรู้แบบฝังใจในช่วงต้นชีวิต	จิตวิทยา	
impulse	แรงกระตุ้น	จิตวิทยา	
impulse-control disorders	โรคขาดการควบคุมแรงกระตุ้นภายในตนเอง	จิตวิทยา	
impulsion	พลังผลักดันความหุนหัน	จิตวิทยา	
impulsive	ขาดความยั้งคิด	จิตวิทยา	
impulsive	หุนหัน	จิตวิทยา	
impulsive character	อุปนิสัยหุนหัน	จิตวิทยา	
inappropriate affect	การแสดงออกของอารมณ์ที่ไม่เหมาะสม	จิตวิทยา	
in-basket test	ตะกร้าทดสอบ	จิตวิทยา	
inbreeding	การผสมพันธุ์ในสายพันธุ์เดียวกัน	จิตวิทยา	
inbreeding	การปฏิสัมพันธ์ข้ามรุ่นในวงแคบ	จิตวิทยา	
incentive	ตัวล่อ	จิตวิทยา	
incentive	สิ่งจูงใจภายนอก	จิตวิทยา	
incentive motivation	ตัวล่อเพื่อทำให้เกิดแรงจูงใจ	จิตวิทยา	
incest	การสมสู่ร่วมสายโลหิต	จิตวิทยา	
incest taboo	การสมสู่ต้องห้าม	จิตวิทยา	
incoherence	ความไม่ปะติดปะต่อ	จิตวิทยา	
inconsistency	ความไม่คงเส้นคงวา	จิตวิทยา	
incorporation	การรวมเข้าไป	จิตวิทยา	
independent variable	ตัวแปรอิสระ	จิตวิทยา	
independent variable	ตัวแปรต้น	จิตวิทยา	
indirect aggression	ความก้าวร้าวทางอ้อม	จิตวิทยา	
individualism	ปัจเจกนิยม	จิตวิทยา	
Industrial-Organizational Psychology	จิตวิทยาอุตสาหกรรมและองค์การ	จิตวิทยา	
Industrial Psychology	จิตวิทยาอุตสาหกรรม	จิตวิทยา	
infancy	วัยทารก	จิตวิทยา	
inferential belief	ความเชื่อเชิงอนุมาน	จิตวิทยา	
inferiority complex	ปมด้อย	จิตวิทยา	
inferiority feelings	ความรู้สึกด้อย	จิตวิทยา	
feelings of inferiority	ความรู้สึกด้อย	จิตวิทยา	
infidelity	การนอกใจคู่สมรส	จิตวิทยา	
informational belief	ความเชื่อจากข่าวสาร	จิตวิทยา	
informational influence	การมีอิทธิพลผ่านข้อมูล	จิตวิทยา	
informational social influence	การมีอิทธิพลทางสังคมผ่านข้อมูล	จิตวิทยา	
information processing	กระบวนการประมวลผลข้อมูล	จิตวิทยา	
informed consent	การยินยอมโดยการบอกกล่าว	จิตวิทยา	
ingratiation	การประจบ	จิตวิทยา	
ingroup	กลุ่มเรา	จิตวิทยา	
initiating structure	ลักษณะมุ่งงาน	จิตวิทยา	
initiative	ความคิดริเริ่ม	จิตวิทยา	
initiative-guilt	ความคิดริเริ่มและความรู้สึกผิด	จิตวิทยา	
inkblot test	แบบทดสอบหยดหมึก	จิตวิทยา	
innate	มีมาแต่กำเนิด	จิตวิทยา	
inner language	ภาษาในใจ	จิตวิทยา	
inoculation theory	ทฤษฎีการเพาะความคิด	จิตวิทยา	
insanity	ความวิกลจริต	จิตวิทยา	
insight	การหยั่งรู้	จิตวิทยา	
insightful learning	การเรียนรู้แบบหยั่งรู้	จิตวิทยา	
insomnia	การนอนไม่หลับ	จิตวิทยา	
instinct	สัญชาตญาณ	จิตวิทยา	
instinctual drives	แรงขับสัญชาตญาณ	จิตวิทยา	
instrumental aggression	ความก้าวร้าวเพื่อเป้าหมายอื่น	จิตวิทยา	
instrumental values	ค่านิยมวิถีปฏิบัติ	จิตวิทยา	
insufficient justification	การมีเหตุผลไม่เพียงพอ	จิตวิทยา	
integration	บูรณาการ	จิตวิทยา	
intellect	ความฉลาดรู้	จิตวิทยา	
intellectualization	การใช้ปัญญา	จิตวิทยา	
intelligence	เชาวน์ปัญญา	จิตวิทยา	
intelligence	ข่าวกรอง	จิตวิทยา	
intelligence estimation	การประมาณการข่าวกรอง	จิตวิทยา	
Intelligence Quotient (IQ)	หน่วยวัดระดับเชาวน์ปัญญา	จิตวิทยา	
interaction	การมีปฏิสัมพันธ์	จิตวิทยา	
interactional justice	ความยุติธรรมด้านปฏิสัมพันธ์	จิตวิทยา	
internal attribution	การอนุมานสาเหตุภายใน	จิตวิทยา	
internalization	การซึมซับ	จิตวิทยา	
internalization	การโยงกับตัวเอง	จิตวิทยา	
intersex	ผู้มีสองเพศทางกายภาพ	จิตวิทยา	
interval scale	มาตราช่วงเท่ากัน	จิตวิทยา	
interview	การสัมภาษณ์	จิตวิทยา	
intraversion	บุคลิกภาพแบบเก็บตัว	จิตวิทยา	
introversion	บุคลิกภาพแบบเก็บตัว	จิตวิทยา	
intrinsic motivation	แรงจูงใจภายใน	จิตวิทยา	
intrinsic motivation	แรงจูงใจในตัวกิจกรรม	จิตวิทยา	
introjection	การรับมาเป็นของตน	จิตวิทยา	
introspection	การตรวจสอบภายในจิตใจ	จิตวิทยา	
introspective method	วิธีการตรวจสอบภายในจิตใจ	จิตวิทยา	
Introspective Psychology	จิตวิทยาการพินิจภายใน	จิตวิทยา	
introversion	บุคลิกภาพแบบเก็บตัว	จิตวิทยา	
intraversion	บุคลิกภาพแบบเก็บตัว	จิตวิทยา	
intuition	การรู้เอง	จิตวิทยา	
inventory	แบบสำรวจ	จิตวิทยา	
involution	การเสื่อมสภาพทางพัฒนาการ	จิตวิทยา	
IQ (Intelligence Quotient)	ไอคิว	จิตวิทยา	
isolation	การแยกตน	จิตวิทยา	
isolation	การแยกอารมณ์	จิตวิทยา	
Jackson personality inventory	แบบสำรวจบุคลิกภาพโดยแจ็กสัน	จิตวิทยา	
Jackson’s law	กฎของแจ็กสัน	จิตวิทยา	
Jackson’s principle	กฎของแจ็กสัน	จิตวิทยา	
Jacobson’s Progressive Relaxation Therapy	การบำบัดแบบผ่อนคลายแบบก้าวหน้าของจาคอบสัน	จิตวิทยา	
James-Lange Theory of Emotion	ทฤษฎีอารมณ์ของเจมส์และแลง	จิตวิทยา	
JDI (Job Descriptive Index)	เจดีไอ	จิตวิทยา	
jealousy	ความริษยา	จิตวิทยา	
jigsaw classroom	ห้องเรียนจิกซอว์	จิตวิทยา	
JND (just noticeable difference)	เจเอ็นดี	จิตวิทยา	
job analysis	การวิเคราะห์งาน	จิตวิทยา	
Job Descriptive Index (JDI)	ดัชนีบรรยายงาน	จิตวิทยา	
job dissatisfaction	ความไม่พึงพอใจในงาน	จิตวิทยา	
job enlargement	การเพิ่มความรับผิดชอบในงาน	จิตวิทยา	
job enrichment	การเพิ่มคุณค่างาน	จิตวิทยา	
job evaluation	การประเมินงาน	จิตวิทยา	
job family	กลุ่มงาน	จิตวิทยา	
job involvement	ความผูกมัดกับงาน	จิตวิทยา	
job rotation	การหมุนเวียนงาน	จิตวิทยา	
job satisfaction	ความพึงพอใจในการทำงาน	จิตวิทยา	
job’s characteristic model	รูปแบบลักษณะงาน	จิตวิทยา	
Johari Window	หน้าต่างโจฮาริ	จิตวิทยา	
joy	ความสนุกสนานร่าเริง	จิตวิทยา	
just noticeable difference (JND)	จุดเปลี่ยนการรับรู้	จิตวิทยา	
just’s world phenomenon	ปรากฏการณ์โลกมีความยุติธรรม	จิตวิทยา	
just-world hypothesis	สมมุติฐานว่าโลกมีความยุติธรรม	จิตวิทยา	
juvenile delinquency	พฤติกรรมเบี่ยงเบนของเด็กและเยาวชน	จิตวิทยา	
juvenile period	ช่วงอายุวัยรุ่น	จิตวิทยา	
juvenile period	วัยเด็กและเยาวชน	จิตวิทยา	
K-ABC (Kaufman Assessment Battery for Children)	เค-เอบีซี	จิตวิทยา	
KAIT (Kaufman Adolescent and Adult Intelligence Test)	เคเอไอที	จิตวิทยา	
Kamin effect	คามินเอฟเฟกต์	จิตวิทยา	
Kaufman Adolescent and Adult Intelligence Test (KAIT)	แบบทดสอบเชาวน์ปัญญาวัยรุ่นและผู้ใหญ่โดยคอฟแมน	จิตวิทยา	
Keeler polygraph	เครื่องจับเท็จแบบคีเลอร์	จิตวิทยา	
Kelly’s theory	ทฤษฎีของเคลลี	จิตวิทยา	
Kelvin scale	มาตราเคลวิน	จิตวิทยา	
KGIS (Kuder General Interest Survey)	เคจีไอเอส	จิตวิทยา	
kinesics	ศาสตร์แห่งสีหน้าท่าทาง	จิตวิทยา	
kinesthesis	การสัมผัสความเคลื่อนไหว	จิตวิทยา	
kinesthetic sense	การรับรู้การเคลื่อนไหว	จิตวิทยา	
kin selection	การเลือกเครือญาติ	จิตวิทยา	
Kinsey reports	รายงานคินซีย์	จิตวิทยา	
Kinsey Scale	มาตราคินเซย์	จิตวิทยา	
kinship	เครือญาติ	จิตวิทยา	
KIPS (Knowledge Information Processing System)	เคไอพีเอส	จิตวิทยา	
Kleinian school	กลุ่มไคลเนียน	จิตวิทยา	
Klinefelter’s disease	กลุ่มอาการผิดปรกติของโรคซึ่งเกิดจากโครโมโซม	จิตวิทยา	
Keinefelter’s syndrome	กลุ่มอาการผิดปรกติของโรคซึ่งเกิดจากโครโมโซม	จิตวิทยา	
Klüver-Bucy syndrome	กลุ่มอาการคลูเวอร์และบิวซี	จิตวิทยา	
knee-jerk reflex	ปฏิกิริยาสะท้อนกลับของเข่า	จิตวิทยา	
knowledge function of attitude	หน้าที่ของเจตคติด้านความรู้	จิตวิทยา	
Knowledge Information Processing System (KIPS)	ระบบการประมวลข้อมูลความรู้	จิตวิทยา	
Kohlberg’s theory of moral development	ทฤษฎีพัฒนาการทางจริยธรรมของโคห์ลเบิร์ก	จิตวิทยา	
koro	กลุ่มอาการโคโร	จิตวิทยา	
Korsakoff’s psychosis	กลุ่มอาการคอร์ซาคอฟฟ์	จิตวิทยา	
Korsakoff’s syndrome	กลุ่มอาการคอร์ซาคอฟฟ์	จิตวิทยา	
Kretschmer’s constitutional typology	โครงสร้างบุคลิกภาพของเครทช์เมอร์	จิตวิทยา	
Kübler-Ross’s stages of dying	ขั้นตอนการตายโดยคูเบลอร์-รอสส์	จิตวิทยา	
Kuder General Interest Survey (KGIS)	แบบสำรวจความสนใจโดยคูเดอร์	จิตวิทยา	
Kufs’ disease	โรคของคัฟส์	จิตวิทยา	
labeling theory	ทฤษฎีการตราหน้า	จิตวิทยา	
la belle indifferénce	ความไม่รู้ร้อนรู้หนาว	จิตวิทยา	
labile affect	อารมณ์แกว่งไกว	จิตวิทยา	
laissez-faire	เลเซแฟร์	จิตวิทยา	
lallation	ภาษาทารก	จิตวิทยา	
laloplegia	ลาโลเพลเกีย	จิตวิทยา	
Lamaze method	วิธีเตรียมตัวคลอดแบบลามาซ	จิตวิทยา	
Lambert’s law	กฎของแลมเบิร์ต	จิตวิทยา	
languor	แลงเกอร์	จิตวิทยา	
languour	แลงเกอร์	จิตวิทยา	
lanugo	ขนอ่อน	จิตวิทยา	
lapsus	แลปซุส	จิตวิทยา	
latah	ลาตา	จิตวิทยา	
late-adolescent	วัยรุ่นตอนปลาย	จิตวิทยา	
latency	ช่วงเวลาก่อนตอบสนอง	จิตวิทยา	
latency of response	ช่วงเวลาก่อนตอบสนอง	จิตวิทยา	
latent homosexuality	รักเพศเดียวกันชนิดแฝง	จิตวิทยา	
latent learning	การเรียนรู้แฝง	จิตวิทยา	
lateral thinking	ความคิดนอกกรอบ	จิตวิทยา	
latitude of acceptance	ละติจูดของการยอมรับ	จิตวิทยา	
latitude of noncommitment	ละติจูดของการเป็นกลาง	จิตวิทยา	
latitude of rejection	ละติจูดของการปฏิเสธ	จิตวิทยา	
law of analogy	กฎการเรียนรู้แบบอุปมาอุปไมย	จิตวิทยา	
law of assimilation	กฎแห่งการซึมซับประสบการณ์	จิตวิทยา	
law of association	กฎแห่งความเชื่อมโยง	จิตวิทยา	
law of closure	กฎแห่งการทำให้สมบูรณ์	จิตวิทยา	
law of coexistence	กฎแห่งความพร้อมกัน	จิตวิทยา	
law of cohesion	กฎแห่งความเป็นหนึ่งเดียว	จิตวิทยา	
law of effect	กฎแห่งผล	จิตวิทยา	
law of exercise	กฎแห่งการฝึกปฏิบัติ	จิตวิทยา	
law of frequency	กฎแห่งความถี่	จิตวิทยา	
law of learning	กฎแห่งการเรียนรู้	จิตวิทยา	
law of readiness	กฎแห่งความพร้อม	จิตวิทยา	
law of repetition	กฎแห่งการซ้ำ	จิตวิทยา	
law of thought	กฎแห่งการคิด	จิตวิทยา	
law of use	กฎแห่งการใช้	จิตวิทยา	
leader	ผู้นำ	จิตวิทยา	
leadership	ภาวะผู้นำ	จิตวิทยา	
learned helplessness	การช่วยตนเองไม่ได้ที่เกิดจากการเรียนรู้	จิตวิทยา	
learned helplessness	การยอมจำนนอันเกิดจากการเรียนรู้	จิตวิทยา	
learned helplessness theory	ทฤษฎีการช่วยตนเองไม่ได้ที่เกิดจากการเรียนรู้	จิตวิทยา	
learned helplessness theory	ทฤษฎีการยอมจำนนอันเกิดจากการเรียนรู้	จิตวิทยา	
learning	การเรียนรู้	จิตวิทยา	
learning curve	โค้งการเรียนรู้	จิตวิทยา	
learning difficulties	ความลำบากที่จะเรียนรู้	จิตวิทยา	
learning disability	การด้อยความสามารถในการเรียนรู้	จิตวิทยา	
learning disorder	ความผิดปรกติในการเรียนรู้	จิตวิทยา	
learning model	แบบจำลองการเรียนรู้	จิตวิทยา	
learning plateau	เส้นแสดงความคงที่ของการเรียนรู้	จิตวิทยา	
learning type	แบบการเรียนรู้	จิตวิทยา	
Legal Psychology	นิติจิตวิทยา	จิตวิทยา	
Forensic Psychology	นิติจิตวิทยา	จิตวิทยา	
lesbian	เลสเบียน	จิตวิทยา	
lesion	รอยโรค	จิตวิทยา	
Lewy Body disease	โรคเลวีบอดี	จิตวิทยา	
libidinal phase	ขั้นแรงขับสัญชาตญาณเพศ	จิตวิทยา	
libidinal stage	ขั้นแรงขับสัญชาตญาณเพศ	จิตวิทยา	
libido	ลิบีโด	จิตวิทยา	
lie detector	เครื่องจับเท็จ	จิตวิทยา	
life instinct	สัญชาตญาณแห่งการมีชีวิตอยู่	จิตวิทยา	
life instinct	สัญชาตญาณเพี่อความอยู่รอด	จิตวิทยา	
Likert scale	มาตรลิเคิร์ต	จิตวิทยา	
limbic system	ระบบลิมบิก	จิตวิทยา	
lobotomy	การผ่ากลีบสมอง	จิตวิทยา	
frontal leuctomy	การผ่ากลีบสมอง	จิตวิทยา	
frontal lobotomy	การผ่ากลีบสมอง	จิตวิทยา	
locus of control	แนวคิดอำนาจควบคุมตน	จิตวิทยา	
loosening of association	การขาดการเชื่อมโยงกระแสความคิด	จิตวิทยา	
long term memory	ความจำระยะยาว	จิตวิทยา	
low-ball technique	เทคนิคการตกลงก่อนแล้วเพิ่มเงื่อนไขทีหลัง	จิตวิทยา	
LSD (Lysergic acid diethylamide)	น แอลเอสดี	จิตวิทยา	
lucid dream	ความฝันชัดเจน	จิตวิทยา	
lunatic asylum	สถานที่กักขังผู้ป่วยโรคจิต	จิตวิทยา	
Lysergic acid diethylemide (LSD)	สารบิดเบือนประสาท	จิตวิทยา	
Machiavellianism	คตินิยมมาเคียเวลลี	จิตวิทยา	
Make A Picture Story (MAPS)	การเล่านิทานจากภาพ	จิตวิทยา	
malingering	การแสร้งป่วย	จิตวิทยา	
MA (mental age)	เอ็มเอ	จิตวิทยา	
Management by Objective (MBO)	การจัดการตามวัตถุประสงค์	จิตวิทยา	
Managerial Psychology	จิตวิทยาผู้จัดการ	จิตวิทยา	
mandala	อาณามณฑล	จิตวิทยา	
manifest anxiety	ความวิตกกังวลที่ปรากฏ	จิตวิทยา	
Manikin Test	แบบทดสอบต่อภาพคน	จิตวิทยา	
manipulate	จัดกระทำ	จิตวิทยา	
manipulation	การจัดกระทำ	จิตวิทยา	
manipulation	การชักใยอยู่เบื้องหลัง	จิตวิทยา	
MAPS (Make A Picture Story)	เอ็มเอพีเอส	จิตวิทยา	
marathon group	กลุ่มมาราธอน	จิตวิทยา	
marginal intelligence	เชาวน์ปัญญาก้ำกึ่ง	จิตวิทยา	
marginal mental state	สภาวะจิตก้ำกึ่ง	จิตวิทยา	
margin of attention	ชายขอบของความใส่ใจ	จิตวิทยา	
margin of consciousness	ชายขอบของสติสัมปชัญญะ	จิตวิทยา	
masculinity	ความเป็นชาย	จิตวิทยา	
mask	หน้ากาก	จิตวิทยา	
Maslow’s motivational hierarchy	ลำดับขั้นแรงจูงใจของมาสโลว์	จิตวิทยา	
masochism	มาโซคิซึม	จิตวิทยา	
mass hysteria	โรคอุปาทานกลุ่ม	จิตวิทยา	
mass psychogenic illness	โรคทางจิตใจที่เกิดเป็นกลุ่ม	จิตวิทยา	
Mass Psychology	จิตวิทยามวลชน	จิตวิทยา	
mass sociogenic illness	โรคทางสังคมที่เกิดเป็นกลุ่ม	จิตวิทยา	
matching hypothesis	สมมติฐานความสมพงศ์	จิตวิทยา	
maternal deprivation hypothesis	สมมติฐานของการขาดแม่	จิตวิทยา	
MAT–Expanded Form (Matrix Analogies Test–Expanded Form)	เอ็มเอทีฉบับเพิ่มเติม	จิตวิทยา	
mating behavior	พฤติกรรมสมสู่	จิตวิทยา	
mating preference	ความพึงใจในการเลือกคู่ครอง	จิตวิทยา	
mating preference	ความพึงใจในการเลือกสมสู่	จิตวิทยา	
MAT (Metropolitan Achievement Test)	เอ็มเอที	จิตวิทยา	
MAT (Miller Analogies Test)	เอ็มเอที	จิตวิทยา	
Matrix Analogies Test–Expanded Form (MAT–Expanded Form)	แบบทดสอบแก้ปัญหาจากภาพเมทริกซ์ฉบับเพิ่มเติม	จิตวิทยา	
maturation	วุฒิภาวะ	จิตวิทยา	
mature defense	การป้องกันตนแบบมีวุฒิภาวะ	จิตวิทยา	
Maudsley Personality Inventory (MPI)	แบบสำรวจวัดบุคลิกภาพฉบับมอดส์ลีย์	จิตวิทยา	
MBO (Management by Objective)	เอ็มบีโอ	จิตวิทยา	
MBTI (Myers-Briggs Type Indicator)	เอ็มบีทีไอ	จิตวิทยา	
McCarthy Scales of Children’s Abilities	มาตรวัดความสามารถเด็กโดยแม็กคาร์ที	จิตวิทยา	
McCarthy Screening Test (MST)	แบบทดสอบเพื่อการคัดกรองโดยแม็กคาร์ที	จิตวิทยา	
mediated generalization	การสรุปครอบคลุมโดยสื่อกลาง	จิตวิทยา	
mediation	การไกล่เกลี่ย	จิตวิทยา	
mediator	ผู้ไกล่เกลี่ย	จิตวิทยา	
mediator	ตัวแปรส่งผ่าน	จิตวิทยา	
mediator variable	ตัวแปรส่งผ่าน	จิตวิทยา	
Medical Psychology	จิตวิทยาเวชศาสตร์	จิตวิทยา	
medical student hypochondria	กลุ่มอาการนักศึกษาแพทย์	จิตวิทยา	
medical student syndrome	กลุ่มอาการนักศึกษาแพทย์	จิตวิทยา	
meditation	การเข้าสมาธิ	จิตวิทยา	
medium	สื่อ	จิตวิทยา	
medium	ร่างทรง	จิตวิทยา	
melancholia	ภาวะซึมเศร้ารุนแรง	จิตวิทยา	
memory	ความจำ	จิตวิทยา	
Memory-for-Designs Test (MFD)	แบบทดสอบการวาดภาพจากความจำ	จิตวิทยา	
memory span	ช่วงความจำ	จิตวิทยา	
menarche	การเริ่มแรกมีระดู	จิตวิทยา	
mental age (MA)	อายุสมอง	จิตวิทยา	
mental apparatus	โครงสร้างจิตใจ	จิตวิทยา	
psychic apparatus	โครงสร้างจิตใจ	จิตวิทยา	
mental defective	ความบกพร่องทางสมอง	จิตวิทยา	
mental deficiency	ความบกพร่องทางสมอง	จิตวิทยา	
mental handicap	ความบกพร่องทางสมอง	จิตวิทยา	
mental hospital	โรงพยาบาลจิตเวช	จิตวิทยา	
psychiatric hospital	โรงพยาบาลจิตเวช	จิตวิทยา	
mental representation	ตัวแทนในจิตใจ	จิตวิทยา	
mental retardation	ปัญญาอ่อน	จิตวิทยา	
mental status	สภาพจิต	จิตวิทยา	
mental status examination	การตรวจสภาพจิต	จิตวิทยา	
mental subnormality	ความสามารถทางสมองต่ำกว่าเกณฑ์มาตรฐาน	จิตวิทยา	
mental test	แบบทดสอบทางสมอง	จิตวิทยา	
mental vs psychological	ด้านจิตใจเทียบเคียงกับด้านจิตวิทยา	จิตวิทยา	
mentor	ผู้ให้คำแนะนำ	จิตวิทยา	
mere-exposure effect	ผลเพียงจากการได้รับรู้บ่อย	จิตวิทยา	
merit pay	การจ่ายค่าตอบแทนตามความเป็นธรรม	จิตวิทยา	
merit rating	การให้อันดับผลงานอย่างเป็นธรรม	จิตวิทยา	
merit system	ระบบความเป็นธรรม	จิตวิทยา	
Merrill-Palmer scale	มาตรวัดเมอร์ริลล์และพาล์มเมอร์	จิตวิทยา	
merycism	โรคสำรอกอาหาร	จิตวิทยา	
rumination disorder	โรคสำรอกอาหาร	จิตวิทยา	
mesoderm	เมโซเดิร์ม	จิตวิทยา	
mesomorphy	เมโซมอร์ฟี	จิตวิทยา	
meta-analysis	การอภิวิเคราะห์	จิตวิทยา	
metacognition	เหนือการรู้คิด	จิตวิทยา	
metacognition	อภิปัญญา	จิตวิทยา	
metamemory	อภิสัญญา	จิตวิทยา	
metapsychology	อภิจิตวิทยา	จิตวิทยา	
methadone	เมทาโดน	จิตวิทยา	
methamphetamine	เมทแอมเฟตามีน	จิตวิทยา	
method of anecdote	วิธีการบันทึกพฤติกรรมตรง	จิตวิทยา	
anecdotal method	วิธีการบันทึกพฤติกรรมตรง	จิตวิทยา	
Metropolitan Achievement Test (MAT)	แบบทดสอบวัดผลสัมฤทธิ์ในเมืองหลวง	จิตวิทยา	
MFD (Memory-for-Designs Test)	เอ็มเอฟดี	จิตวิทยา	
migraine	โรคไมเกรน	จิตวิทยา	
milieu therapy	การบำบัดด้วยสิ่งแวดล้อม	จิตวิทยา	
military information	ข่าวสารทางทหาร	จิตวิทยา	
Military Psychiatry	จิตเวชศาสตร์การทหาร	จิตวิทยา	
Military Psychology	จิตวิทยาการทหาร	จิตวิทยา	
Miller Analogies Test (MAT)	แบบทดสอบวัดอุปมาอุปไมยโดยมิลเลอร์	จิตวิทยา	
Mill-Hill Vocabulary scale	มาตรคำศัพท์มิลล์และฮิลล์	จิตวิทยา	
mindfulness	การทำโดยใช้ความคิด	จิตวิทยา	
mindlessness	การทำโดยไม่คิด	จิตวิทยา	
minimum group	กลุ่มที่มีองค์ประกอบความเป็นกลุ่มน้อยที่สุด	จิตวิทยา	
Minnesota Multiphasic Personality Inventory (MMPI)	แบบสำรวจ บุคลิกภาพฉบับมินนิโซตา	จิตวิทยา	
Minnesota Multiphasic Personality Inventory–2 (MMPI–2)	แบบสำรวจบุคลิกภาพฉบับมินนิโซตาฉบับที่สอง	จิตวิทยา	
minority influence	อิทธิพลเสียงข้างน้อย	จิตวิทยา	
mirror drawing test	แบบทดสอบวาดภาพจากกระจก	จิตวิทยา	
mirror-image perceptions	การรับรู้เหมือนภาพที่เห็นในกระจก	จิตวิทยา	
mirror technique	เทคนิคกระจกสะท้อน	จิตวิทยา	
misattribution	การอนุมานสาเหตุผิด	จิตวิทยา	
misinformation effect	ผลการรับข้อมูลที่ผิด	จิตวิทยา	
mixed-motive game	เกมแรงกระตุ้น	จิตวิทยา	
mixed-motive game	เกมแรงจูงใจผสม	จิตวิทยา	
MMPI (Minnesota Multiphasic Personality Inventory)	เอ็มเอ็มพีไอ	จิตวิทยา	
MMPI–2 (Minnesota Multiphasic Personality Inventory–2)	เอ็มเอ็มพีไอ–ทู	จิตวิทยา	
mnemonics	วิธีช่วยจำ	จิตวิทยา	
modeling	การมีตัวแบบ	จิตวิทยา	
moderator	ตัวแปรกำกับ	จิตวิทยา	
moderator variable	ตัวแปรกำกับ	จิตวิทยา	
modern racism	อคติทางเชื้อชาติยุคใหม่	จิตวิทยา	
molar	องค์รวม	จิตวิทยา	
molar behavior	พฤติกรรมองค์รวม	จิตวิทยา	
molecular behavior	พฤติกรรมย่อย	จิตวิทยา	
mongolism	มองโกลิซึม	จิตวิทยา	
monocular cue	สัญญาณตาเดียว	จิตวิทยา	
monozygotic twins	แฝดร่วมไข่	จิตวิทยา	
monozygotic twins	แฝดเหมือน	จิตวิทยา	
identical twins	แฝดร่วมไข่	จิตวิทยา	
identical twins	แฝดเหมือน	จิตวิทยา	
mood	อารมณ์	จิตวิทยา	
mood	ภาวะอารมณ์	จิตวิทยา	
mood congruence effects	ผลของอารมณ์ที่สอดคล้อง	จิตวิทยา	
mood congruence psychotic features	ลักษณะอาการโรคจิตที่มีอารมณ์สอดคล้อง	จิตวิทยา	
mood-dependent memory	ความจำที่ขึ้นกับอารมณ์	จิตวิทยา	
mood disorder	โรคอารมณ์ผิดปรกติ	จิตวิทยา	
mood dysphoric	ภาวะอารมณ์ทุกข์	จิตวิทยา	
mood ecstasy	ภาวะอารมณ์ปีติเกินเหตุ	จิตวิทยา	
mood elation	ภาวะอารมณ์ร่าเริงเกินเหตุ	จิตวิทยา	
mood elevated	ภาวะอารมณ์ขึ้น	จิตวิทยา	
mood euphoria	ภาวะอารมณ์ครึ้มใจเกินเหตุ	จิตวิทยา	
mood euthymic	ภาวะอารมณ์ปรกติ	จิตวิทยา	
mood exaltation	ภาวะอารมณ์สุขอย่างลืมตัว	จิตวิทยา	
mood expansive	ภาวะอารมณ์ผยอง	จิตวิทยา	
mood-incongruence psychotic features	ลักษณะอาการโรคจิตที่มีอารมณ์ไม่สอดคล้อง	จิตวิทยา	
mood irritable	ภาวะอารมณ์กระวนกระวาย	จิตวิทยา	
mood labile	ภาวะอารมณ์แกว่ง	จิตวิทยา	
mood swing	ภาวะอารมณ์แกว่ง	จิตวิทยา	
moral development	พัฒนาการทางจริยธรรม	จิตวิทยา	
moral dilemma	ภาวะยุ่งยากสองทางเลือกทางจริยธรรม	จิตวิทยา	
moral exclusion	การอยู่นอกขอบข่ายจริยธรรม	จิตวิทยา	
moral inclusion	การอยู่ในขอบข่ายจริยธรรม	จิตวิทยา	
morality	คุณธรรม	จิตวิทยา	
morality	จริยธรรม	จิตวิทยา	
morality of constraint	จริยธรรมยึดกฎเกณฑ์	จิตวิทยา	
morality of cooperation	จริยธรรมของความร่วมมือ	จิตวิทยา	
moral judgment	จรรยาวิพากย์	จิตวิทยา	
moral reasoning	การใช้เหตุผลเชิงจริยธรรม	จิตวิทยา	
moral values	ค่านิยมเชิงจริยธรรม	จิตวิทยา	
moratorium	ระยะรอเลือกเอกลักษณ์	จิตวิทยา	
Morita therapy	การบำบัดแบบมอริตะ	จิตวิทยา	
moron	ปัญญาอ่อนเล็กน้อย	จิตวิทยา	
mother figure	ตัวแทนแม่	จิตวิทยา	
mother surrogate	แม่ทดแทน	จิตวิทยา	
motivation	การจูงใจ	จิตวิทยา	
motivation	แรงจูงใจ	จิตวิทยา	
motivational research	การวิจัยด้านแรงจูงใจ	จิตวิทยา	
motive	แรงกระตุ้น	จิตวิทยา	
motive	แรงผลักดัน	จิตวิทยา	
MPI (Maudsley Personality Inventory)	เอ็มพีไอ	จิตวิทยา	
MSCA (McCarthy Scales of Children’s Ability)	เอ็มเอสซีเอ	จิตวิทยา	
MST (McCarthy Screening Test)	เอ็มเอสที	จิตวิทยา	
Multiple Aptitude Test	แบบทดสอบวัดความถนัดหลากหลาย	จิตวิทยา	
multiple intelligence	พหุเชาวน์ปัญญา	จิตวิทยา	
multiple personality	พหุบุคลิกภาพในบุคคลเดียวกัน	จิตวิทยา	
Münchausen syndrome	กลุ่มอาการมุนเชาเซิน	จิตวิทยา	
Münchausen syndrome by proxy	กลุ่มอาการมุนเชาเซินที่เกิดจากบุคคลใกล้ชิด	จิตวิทยา	
mundane realism	ความเหมือนชีวิตจริง	จิตวิทยา	
music therapy	ดนตรีบำบัด	จิตวิทยา	
mutation	การกลายพันธุ์	จิตวิทยา	
mutism	อาการพูดไม่ได้	จิตวิทยา	
mutism	อาการไม่ยอมพูด	จิตวิทยา	
multitrait-multimethod matrix	เมทริกซ์หลายลักษณะและหลายวิธี	จิตวิทยา	
Myers-Briggs Type Indicator (MBTI)	แบบวัดบุคลิกภาพโดยไมเออรส์และบริกส์	จิตวิทยา	
myth	ความเชื่อปรัมปรา	จิตวิทยา	
N Ach (need for achievement)	เอ็นแอช	จิตวิทยา	
N Aff (need for affiliation)	เอ็นแอฟ	จิตวิทยา	
narcissism	ความหลงตนเอง	จิตวิทยา	
narcissistic personality disorder	โรคบุคลิกภาพผิดปรกติแบบหลงตนเอง	จิตวิทยา	
nativism	ชาติภูมินิยม	จิตวิทยา	
nativistic theory	ทฤษฎีชาติภูมินิยม	จิตวิทยา	
natural experiment	การทดลองตามธรรมชาติ	จิตวิทยา	
naturalistic fallacy	ความผิดพลาดตามธรรมชาติ	จิตวิทยา	
nature-nurture controversy	ข้อโต้แย้งธรรมชาติและการอบรมเลี้ยงดู	จิตวิทยา	
need	ความต้องการ	จิตวิทยา	
need for achievement (N Ach)	ความต้องการสัมฤทธิผล	จิตวิทยา	
need for affiliation (N Aff)	ความต้องการความรักใคร่ผูกพัน	จิตวิทยา	
need for cognition	ความต้องการการรู้คิด	จิตวิทยา	
negative punishment	การลงโทษทางลบ	จิตวิทยา	
negative reinforcement	การเสริมแรงทางลบ	จิตวิทยา	
negative-state relieve model	รูปแบบการบรรเทาภาวะทางลบ	จิตวิทยา	
negativism	คตินิยมทำตรงกันข้าม	จิตวิทยา	
negativity effect	ผลทางลบ	จิตวิทยา	
negotiation and bargaining	การเจรจาต่อรอง	จิตวิทยา	
neo-Freudian	กลุ่มทฤษฎีฟรอยด์ใหม่	จิตวิทยา	
neonatal period	ช่วงแรกเกิด	จิตวิทยา	
neonate	ทารกแรกเกิด	จิตวิทยา	
neurasthenia	โรคอ่อนเปลี้ย	จิตวิทยา	
Neuropsychiatry	ประสาทจิตเวชศาสตร์	จิตวิทยา	
Neuropsychology	ประสาทจิตวิทยา	จิตวิทยา	
nominal scale	มาตราจัดกลุ่ม	จิตวิทยา	
Nomothetic Psychology	จิตวิทยาปทัสถาน	จิตวิทยา	
nomothetic research	การวิจัยปทัสถาน	จิตวิทยา	
nonfunctional group	กลุ่มอพันธกิจ	จิตวิทยา	
Non-Rapid-Eye-Movement Sleep (NREM sleep)	ช่วงการหลับที่ไม่มีการกลอกตาอย่างรวดเร็ว	จิตวิทยา	
nonreactive measures	การวัดที่ไร้ปฏิกิริยาจากผู้ถูกวัด	จิตวิทยา	
nonsense syllable	พยางค์ไร้ความหมาย	จิตวิทยา	
nonverbal behavior	พฤติกรรมที่ไม่ใช่คำพูด	จิตวิทยา	
non-verbal test	แบบทดสอบที่ไม่ใช้ภาษา	จิตวิทยา	
non-zero-sum game	เกมผลรวมไม่เป็นศูนย์	จิตวิทยา	
norm	บรรทัดฐาน	จิตวิทยา	
norm	ปทัสถาน	จิตวิทยา	
norm	ปทัฏฐาน	จิตวิทยา	
normal curve	เส้นโค้งปรกติ	จิตวิทยา	
normative belief	ความเชื่อตามบรรทัดฐาน	จิตวิทยา	
normative influence	การมีอิทธิพลตามบรรทัดฐาน	จิตวิทยา	
norm of reciprocity	บรรทัดฐานต่างตอบแทน	จิตวิทยา	
norm of social-responsibility	บรรทัดฐานความรับผิดชอบทางสังคม	จิตวิทยา	
NREM sleep (Non-Rapid-Eye-Movement Sleep)	เอ็นเร็มสลีป	จิตวิทยา	
nuclear schizophrenia	โรคจิตเภทแบบเป็นแกน	จิตวิทยา	
nymphomania	อาการใคร่ไม่รู้อิ่มของหญิง	จิตวิทยา	
obedience	การเชื่อฟัง	จิตวิทยา	
obesity	ความอ้วน	จิตวิทยา	
obesity	ภาวะอ้วน	จิตวิทยา	
object	ที่หมาย	จิตวิทยา	
object constancy	ความคงที่ของที่หมาย	จิตวิทยา	
object permanence	การคงอยู่ของวัตถุ	จิตวิทยา	
object relationship	ความสัมพันธ์ระหว่างเด็กกับบุคคลต้นแบบ	จิตวิทยา	
objective	วัตถุวิสัย	จิตวิทยา	
objective	ปรวิสัย	จิตวิทยา	
objective	ปรนัย	จิตวิทยา	
objective	เป้าหมาย	จิตวิทยา	
Objective Psychology	จิตวิทยาวัตถุวิสัย	จิตวิทยา	
Objective Psychology	จิตวิทยาแบบปรนัย	จิตวิทยา	
objective psychotherapy	จิตบำบัดมุ่งเป้าหมาย	จิตวิทยา	
objective scoring	การให้คะแนนปรนัย	จิตวิทยา	
objective self-awareness	การตระหนักตนอย่างปรนัย	จิตวิทยา	
oblique décalage	ความไม่ต่อเนื่องทางอ้อม	จิตวิทยา	
observation	การสังเกต	จิตวิทยา	
observational learning	การเรียนรู้จากการสังเกต	จิตวิทยา	
Oedipus complex	ปมโอดิปุส	จิตวิทยา	
Oedipus complex	ปมเอดิปัส	จิตวิทยา	
Edipus complex	ปมโอดิปุส	จิตวิทยา	
Edipus complex	ปมเอดิปัส	จิตวิทยา	
OLSAT (Otis-Lennon School Ability Test)	โอแอลเอสเอที	จิตวิทยา	
OMD (Organic Mental Disorder)	โอเอ็มดี	จิตวิทยา	
omnipotency of thought	อำนาจการคิด	จิตวิทยา	
operant conditioning	การวางเงื่อนไขการกระทำ	จิตวิทยา	
operation	ปฏิบัติการ	จิตวิทยา	
operational definition	นิยามเชิงปฏิบัติการ	จิตวิทยา	
opinion	ความคิดเห็น	จิตวิทยา	
opinion poll	การสำรวจความคิดเห็น	จิตวิทยา	
abduction	การอวนัย	ปรัชญา	
abhava	อภาวะ	ปรัชญา	
abhidharma	อภิธรรม	ปรัชญา	
absence	อวิภู	ปรัชญา	
absolute	สัมบูรณ์	ปรัชญา	
absolute	อสัมพัทธ์	ปรัชญา	
Absolute	สิ่งสัมบูรณ์	ปรัชญา	
Absolute	องค์สัมบูรณ์	ปรัชญา	
Absolute Idealism	จิตนิยมสัมบูรณ์	ปรัชญา	
absolute mind	จิตสัมบูรณ์	ปรัชญา	
absolute pacifism	ตินิยมแบบสัมบูรณ์	ปรัชญา	
absolutism	สัมบูรณนิยม	ปรัชญา	
abstract	นามธรรม	ปรัชญา	
abstraction	การถอดสิ่งสากล	ปรัชญา	
absurd	ไร้แก่นสาร	ปรัชญา	
academy	บัณฑิตยสถาน	ปรัชญา	
academy	วิทยสถาน	ปรัชญา	
acident	จรสมบัติ	ปรัชญา	
accidentalism	อุบัติเหตุนิยม	ปรัชญา	
accidentalism	จรสมบัตินิยม	ปรัชญา	
acosmism	อจักรวาลนิยม	ปรัชญา	
acrasia;akrasia	ความมีใจอ่อนแอ	ปรัชญา	
act	การกระทำ	ปรัชญา	
action	กัตตุภาวะ	ปรัชญา	
action	ภาวะทำการ	ปรัชญา	
active	กัมมันต์	ปรัชญา	
activity	กัมมันตภาพ	ปรัชญา	
activity	กิจกรรม	ปรัชญา	
act of man	การกระทำของมนุษย์	ปรัชญา	
actulity	ตัถยภาพ	ปรัชญา	
actulity	ภาวะจริง	ปรัชญา	
actualization	การกลายเป็นภาวะจริง	ปรัชญา	
advaita	อไทฺวต	ปรัชญา	
adventitious idea	พาหิรกมโนคติ	ปรัชญา	
aesthetic attitude	สุนทรียเจตคติ	ปรัชญา	
aestheticism	สุนทรียนิยม	ปรัชญา	
aesthetic judgement	การตัดสินเชิงสุนทรียภาพ	ปรัชญา	
aesthetic	สุนทรียศาสตร์	ปรัชญา	
aesthetic value	คุณค่าทางสุนทรียภาพ	ปรัชญา	
aether	เอแทร์	ปรัชญา	
agent	ตัวกระทำ	ปรัชญา	
aggregate	กลุ่มกอง	ปรัชญา	
aggregate	ขันธ์	ปรัชญา	
agnosticism	อไญยนิยม	ปรัชญา	
ahamkara	อหังการ	ปรัชญา	
ahimsa	อหิงสา	ปรัชญา	
aither	ไอแทร์	ปรัชญา	
akasa	อากาสะ	ปรัชญา	
akasa	อากาศ	ปรัชญา	
akrasia;acrasia	ความมีใจอ่อนแอ	ปรัชญา	
alienation	อัญภาวะ	ปรัชญา	
altruism	ปรัตถนิยม	ปรัชญา	
ambiguity	ความกำกวม	ปรัชญา	
ambiguity of accent	ความกำกวมเนื่องจากการออกเสียง	ปรัชญา	
Amida	อมิดะ	ปรัชญา	
Amitabha	อมิตาภะ	ปรัชญา	
amorality	ภาวะอศีลธรรม	ปรัชญา	
amphiboly	ความกำกวมในโครงสร้างประโยค	ปรัชญา	
Analects	ประมวลคำสอน	ปรัชญา	
analogical inference	การอนุมานแบบแนวเทียบ	ปรัชญา	
analogical reasoning	การให้เหตุผลแบบแนวเทียบ	ปรัชญา	
analogy	แนวเทียบ	ปรัชญา	
analytic judgement	การตัดสินเชิงวิเคราะห์	ปรัชญา	
analytic knowledge	ความรู้เชิงวิเคราะห์	ปรัชญา	
analytic philosophy	ปรัชญาเชิงวิเคราะห์	ปรัชญา	
analytic statement	ข้อความเชิงวิเคราะห์	ปรัชญา	
anarchism	อนาธิปไตย	ปรัชญา	
anatma	อนาตมา	ปรัชญา	
anatta	อนัตตา	ปรัชญา	
anatmavada	อนาตมวาท	ปรัชญา	
Anattavada	อนัตตวาท	ปรัชญา	
anekantavada	อเนกานตวาท	ปรัชญา	
animism	วิญญาณนิยม	ปรัชญา	
annihilism	อุจเฉทนิยม	ปรัชญา	
annihilism	อุจเฉททิฏฐิ	ปรัชญา	
antecedent	บรรพบท	ปรัชญา	
antecedent	ข้อนำ	ปรัชญา	
antecedent statement	ข้อความบรรพบท	ปรัชญา	
antecedent statement	ข้อความนำ	ปรัชญา	
anthropocentrism	มานุษยประมาณนิยม	ปรัชญา	
anthropomorphism	มานุษยรูปนิยม	ปรัชญา	
antithesis	ภาวะแย้ง	ปรัชญา	
anumana	อนุมาน	ปรัชญา	
anumana pramana	อนุมานประมาณ	ปรัชญา	
anupalabdhi	อนุปลัพธิ	ปรัชญา	
a posteriori judgement	การตัดสินหลังประสบการณ์	ปรัชญา	
a posteriori knowledge	ความรู้หลังประสบการณ์	ปรัชญา	
appearance	สภาพปรากฏ	ปรัชญา	
apperception	วิสัญญชาน	ปรัชญา	
appetite	อภิจฉา	ปรัชญา	
appetite	ความทะยานอยาก	ปรัชญา	
apprehension	การรับรู้ขั้นต้น	ปรัชญา	
apprehension	สังกัป	ปรัชญา	
a priori judgement	การตัดสินก่อนประสบการณ์	ปรัชญา	
a priori knowledge	ความรู้ก่อนประสบการณ์	ปรัชญา	
archetype	แม่แบบ	ปรัชญา	
architectonic	โครงสร้างของความรู้	ปรัชญา	
argument	การอ้างเหตุผล	ปรัชญา	
argument	ข้ออ้างเหตุผล	ปรัชญา	
argumentation	กระบวนการอ้างเหตุผล	ปรัชญา	
argument by analogy	การอ้างเหตุผลโดยอาศัยแนวเทียบ	ปรัชญา	
argument from analogy	การอ้างเหตุผลจากแนวเทียบ	ปรัชญา	
argumentum ad hominem	การอ้างเหตุผลโดยอ้างเรื่องส่วนตัว	ปรัชญา	
aristocracy	อภิชนาธิปไตย	ปรัชญา	
Aristotle's cause	ปัจจัยของอาริสโตเติล	ปรัชญา	
artificial intelligence	ปัญญาประดิษฐ์	ปรัชญา	
arthapatti	อรรถาปัตติ	ปรัชญา	
asat	อสัต	ปรัชญา	
asatkarya-vada	อสัตการยวาท	ปรัชญา	
asceticism	พรตนิยม	ปรัชญา	
association	สนธิการ	ปรัชญา	
associationism	สนธิการนิยม	ปรัชญา	
assumption	ฐานบท	ปรัชญา	
assumption	ข้อสมมุติพื้นฐาน	ปรัชญา	
astika	อาสติกะ	ปรัชญา	
Astikaya	อัสติกาย	ปรัชญา	
atheism	อเทวนิยม	ปรัชญา	
atman	อาตมัน	ปรัชญา	
atmavada	อาตมวาท	ปรัชญา	
atomism	ปรมาณูนิยม	ปรัชญา	
atta	อัตตา	ปรัชญา	
attribute	คุณลักษณะ	ปรัชญา	
authentic existence	ความมีอยู่แท้	ปรัชญา	
automatism	ชีวยนตนิยม	ปรัชญา	
autonomy	อัตตาณัติ	ปรัชญา	
autonomy	ภาวะอิสระ	ปรัชญา	
awareness	ความตระหนัก	ปรัชญา	
axiology	อัคฆวิทยา	ปรัชญา	
axiology	คุณวิทยา	ปรัชญา	
axiom	สัจพจน์	ปรัชญา	
bad infinity	อนันตภาพเลว	ปรัชญา	
becoming	การแปรเปลี่ยน	ปรัชญา	
becoming	ภพ	ปรัชญา	
becoming	ภวะ	ปรัชญา	
behavior	พฤติกรรม	ปรัชญา	
behaviorism	พฤติกรรมนิยม	ปรัชญา	
being	สัต	ปรัชญา	
being	ภาวะ	ปรัชญา	
Being	สัต	ปรัชญา	
Being-by-Himself	พระเป็นเจ้า	ปรัชญา	
being-for-itself	สิ่งเพื่อตัวเอง	ปรัชญา	
being-for-itself-in-itself	ภาวะในตัวเองสำหรับตัวเอง	ปรัชญา	
being-in-itself	สิ่งในตัวเอง	ปรัชญา	
beingness	ความมีเป็น	ปรัชญา	
belief	ความเชื่อ	ปรัชญา	
Bhagavad-Gita	ภควัทคีตา	ปรัชญา	
bhakti	ภักติ	ปรัชญา	
bhakti	ภักดี	ปรัชญา	
bhakti yoga	ภักติโยคะ	ปรัชญา	
bioethics	ชีวจริยศาสตร์	ปรัชญา	
bliss	ความสุขทางปัญญา	ปรัชญา	
Bodhisattva	พระโพธิสัตว์	ปรัชญา	
body	กาย	ปรัชญา	
bondage	พันธนาการ	ปรัชญา	
bondage	การติดข้อง	ปรัชญา	
bourgeoisie	ชั้นชนกระฎุมพี	ปรัชญา	
bourgeoisie	ชั้นชนผู้มั่งมี	ปรัชญา	
Brahma	พรหม [พฺรม]	ปรัชญา	
Brahm	พระพรหมา [พฺรมมา]	ปรัชญา	
Brahma Sutra	พรหมสูตร	ปรัชญา	
Brahman	พรหมัน [พฺรมมัน]	ปรัชญา	
Brahmanism	ศาสนาพราหมณ์	ปรัชญา	
Buddhism	พระพุทธศาสนา	ปรัชญา	
Bushido	บูชิโด	ปรัชญา	
Cantor’s set theory	ทฤษฎีเซตของคันทอร์	ปรัชญา	
capitalism	ทุนนิยม	ปรัชญา	
cardinal virtue	คุณธรรมหลัก	ปรัชญา	
Cravaka	จารวาก	ปรัชญา	
caste	วรรณะ	ปรัชญา	
categorical imperative	คำสั่งเด็ดขาด	ปรัชญา	
categorical proposition	ประพจน์เด็ดขาด	ปรัชญา	
categorical proposition	ประพจน์สามัญ	ปรัชญา	
categorical proposition	ญัตติเด็ดขาด	ปรัชญา	
categorical proposition	ญัตติสามัญ	ปรัชญา	
categorical statement	ข้อความเด็ดขาด	ปรัชญา	
categorical syllogism	ตรรกบทเด็ดขาด	ปรัชญา	
categorical syllogism	ปรัตถานุมานเด็ดขาด	ปรัชญา	
category	ประเภท	ปรัชญา	
category	ปทารถะ	ปรัชญา	
causality	เหตุภาพ	ปรัชญา	
causality	ปัจจัยภาพ	ปรัชญา	
causal law	กฎแห่งเหตุและผล	ปรัชญา	
law of causation	กฎแห่งเหตุและผล	ปรัชญา	
causal theory of perception	ทฤษฎีสัญชานเชิงสาเหตุ	ปรัชญา	
Causa Sui	สยัมภู	ปรัชญา	
causation	เหตุกรรม	ปรัชญา	
causation	ปัจจยาการ	ปรัชญา	
cause	เหตุ	ปรัชญา	
cause	ปัจจัย	ปรัชญา	
chance	ความบังเอิญ	ปรัชญา	
change	ความเปลี่ยนแปลง	ปรัชญา	
chaos	ภาวะยุ่งเหยิง	ปรัชญา	
Christian morality	ศีลธรรมคริสต์	ปรัชญา	
Christian philosophy	ปรัชญาคริสต์	ปรัชญา	
circular argument	การอ้างเหตุผลแบบทวนปัญหา	ปรัชญา	
repettio principii argument	การอ้างเหตุผลแบบทวนปัญหา	ปรัชญา	
vicious circle argumen	การอ้างเหตุผลแบบทวนปัญหา	ปรัชญา	
circularity	การทวนปัญหา	ปรัชญา	
circularity	การทวนคำนิยาม	ปรัชญา	
class	ชั้นชน	ปรัชญา	
class consciousness	ความสำนึกเรื่องชั้นชน	ปรัชญา	
classicism	ศึกษิตนิยม	ปรัชญา	
class struggle	การต่อสู้ระหว่างชนชั้น	ปรัชญา	
code of conduct	จรรยาบรรณ	ปรัชญา	
cogito	สิ่งคิด	ปรัชญา	
cogito	การคิด	ปรัชญา	
cogito ergo sum	ฉันคิด เพราะฉะนั้น ฉันจึงมีอยู่	ปรัชญา	
cognition	ประชาน	ปรัชญา	
coherence	สหนัย	ปรัชญา	
coherence theory of truth	ทฤษฎีความจริงแบบสหนัย	ปรัชญา	
common language	ภาษาสามัญ	ปรัชญา	
communism	ลัทธิคอมมิวนิสต์	ปรัชญา	
commutative law	กฎการสลับที่ได้	ปรัชญา	
compatibilism	นิยัตินิยมแบบเข้ากันได้	ปรัชญา	
complex	เชิงผสม	ปรัชญา	
compound proposition	ประพจน์เชิงซ้อน	ปรัชญา	
compound proposition	ญัตติเชิงซ้อน	ปรัชญา	
compound statement	ข้อความเชิงซ้อน	ปรัชญา	
comprehension	ความรู้รอบ	ปรัชญา	
Comte positivism	ปฏิฐานนิยมของกงต์	ปรัชญา	
conatus	พลังวิริยะ	ปรัชญา	
concept	มโนภาพ	ปรัชญา	
concept	มโนทัศน์	ปรัชญา	
conclusion	ข้อสรุป	ปรัชญา	
concrete	รูปธรรม	ปรัชญา	
condition	เงื่อนไข	ปรัชญา	
conditional argument	การอ้างเหตุผลแบบมีเงื่อนไข	ปรัชญา	
conditional pacifism	ตินิยมแบบมีเงื่อนไข	ปรัชญา	
conditional proposition	ประพจน์เงื่อนไข	ปรัชญา	
conditional proposition	ญัตติแบบเงื่อนไข	ปรัชญา	
conditional statement	ข้อความแบบมีเงื่อนไข	ปรัชญา	
conditioning	การปรับสภาวะ	ปรัชญา	
conduct	ความประพฤติ	ปรัชญา	
Confucianism	ลัทธิขงจื๊อ	ปรัชญา	
conjunction	ข้อความรวม	ปรัชญา	
conjunction statement	ข้อความรวม	ปรัชญา	
conjunction connective	คำเชื่อมเชิงรวม	ปรัชญา	
connective	คำเชื่อมเชิงรวม	ปรัชญา	
conjunctive proposition	ประพจน์รวม	ปรัชญา	
connectionism	ลัทธิเชื่อมต่อ	ปรัชญา	
connective	คำเชื่อม	ปรัชญา	
connotation	องค์ประกอบของบนิยาม	ปรัชญา	
connotation	ความหมายขยาย	ปรัชญา	
conscience	มโนธรรม	ปรัชญา	
conscious illusion theory	ทฤษฎีลวงอย่างรู้ตัว	ปรัชญา	
consciousness	พิชาน	ปรัชญา	
consequent	อนุบท	ปรัชญา	
consequent	ข้อตาม	ปรัชญา	
consequential ethics	จริยศาสตร์ตามผลการกระทำ	ปรัชญา	
consistency	ความกลมกลืน	ปรัชญา	
consistency	ภาวะแนบนัย	ปรัชญา	
consistency	ความคงเส้นคงวา	ปรัชญา	
constitution	การปรุงแต่ง	ปรัชญา	
constitution	สิ่งที่ปรุงแต่ง	ปรัชญา	
constitution	สังขาร	ปรัชญา	
contemplation	การเข้าฌาน	ปรัชญา	
contemplation	การเพ่งพินิจ	ปรัชญา	
continence	ความยับยั้ง	ปรัชญา	
continuity	ตติ	ปรัชญา	
contradiction	ความขัดแย้งกัน	ปรัชญา	
contradictory	ขัดแย้งกัน	ปรัชญา	
contrariety	ความขัดกัน	ปรัชญา	
convention	สัญนิยม	ปรัชญา	
conventionalism	ลัทธิสัญนิยม	ปรัชญา	
conventional sign	สัญญะตามสัญนิยม	ปรัชญา	
conversion	การปริวรรต	ปรัชญา	
conversion	การสับเปลี่ยนคำตรรก	ปรัชญา	
copula	ตัวเชื่อม	ปรัชญา	
corrective justice	ความยุติธรรมเพื่อแก้ไขความประพฤติ	ปรัชญา	
correspondence	ความสมนัย	ปรัชญา	
correspondence theory of truth	ทฤษฎีความจริงแบบสมนัย	ปรัชญา	
cosmological argumemt	การอ้างเหตุผลทางจักรวาลวิทยา	ปรัชญา	
cosmological proof	การพิสูจน์ทางจักรวาลวิทยา	ปรัชญา	
cosmology	จักรวาลวิทยา	ปรัชญา	
cosmos	จักรวาล	ปรัชญา	
creation	การสร้าง	ปรัชญา	
creation	การเนรมิต	ปรัชญา	
creative evolution	วิวัฒนาการสร้างสรรค์	ปรัชญา	
creative intuition	อัชฌัตติกญาณสร้างสรรค์	ปรัชญา	
creative theory of perception	ทฤษฎีสัญชานเชิงสร้างสรรค์	ปรัชญา	
criterion; criterium (L.)	เกณฑ์	ปรัชญา	
critical idealism	จิตนิยมวิพากษ์	ปรัชญา	
Critique of Judgement	วิจารณ์การตัดสิน	ปรัชญา	
cynic	ซีนิก	ปรัชญา	
cynicism	ลัทธิซีนิก	ปรัชญา	
darana	ทรรศนะ	ปรัชญา	
dealienation	การพ้นจากอัญภาวะ	ปรัชญา	
deconstructionism	ลัทธิรื้อถอน	ปรัชญา	
deduction	การนิรนัย	ปรัชญา	
Deism	เทวัสนิยม	ปรัชญา	
deity	เทวภาพ	ปรัชญา	
deity	เทวดา	ปรัชญา	
demythologization	การถอดเรื่องปรัมปรา	ปรัชญา	
denotation	สมาชิกของนิยาม	ปรัชญา	
denotation	ความหมายตรง	ปรัชญา	
deontological ethics	จริยศาสตร์เน้นหน้าที่	ปรัชญา	
deontological theory	ทฤษฎีเน้นหน้าที่	ปรัชญา	
duty-based	ทฤษฎีเน้นหน้าที่	ปรัชญา	
descriptive ethics	จริยศาสตร์เชิงพรรณนา	ปรัชญา	
descriptivism	พรรณนานิยม	ปรัชญา	
destiny	พรหมลิขิต	ปรัชญา	
destiny	เทวลิขิต	ปรัชญา	
predestination	พรหมลิขิต	ปรัชญา	
predestination	เทวลิขิต	ปรัชญา	
determination	การพิจารณากำหนด	ปรัชญา	
determinism	นิยัตินิยม	ปรัชญา	
deterministic law	กฎนิยัติ	ปรัชญา	
deterministic law	กฎตายตัว	ปรัชญา	
dialectic	วิภาษวิธี	ปรัชญา	
dialectic	ปฏิพัฒนาการ	ปรัชญา	
dialectical materialism	วัตถุนิยมปฏิพัฒนาการ	ปรัชญา	
dialogue	สังสนทนา	ปรัชญา	
dianoetic virtues	คุณธรรมทางพุทธิ- ปัญญา	ปรัชญา	
intellectual virtues	คุณธรรมทางพุทธิ- ปัญญา	ปรัชญา	
différance	การเลื่อนเวลานิยาม	ปรัชญา	
direct realist theory of perception	ทฤษฎีสัญชานเชิงสัจนิยมโดยตรง	ปรัชญา	
disjunction	ข้อความเลือก	ปรัชญา	
disjunctive proposition	ประพจน์เลือก	ปรัชญา	
disjunctive proposition	ญัตติเลือก	ปรัชญา	
disjunctive syllogism	รูปนิรนัยชนิดเลือก	ปรัชญา	
disjunctive syllogism	ตรรกบทเชิงเลือก	ปรัชญา	
distribution	การกระจาย	ปรัชญา	
distributive justice	ความยุติธรรมในการจัดสรร	ปรัชญา	
division	วิภาค	ปรัชญา	
division	การแบ่ง	ปรัชญา	
doctrine of the mean	หลักคำสอนมัชฌิม	ปรัชญา	
dogma	สิทธันต์	ปรัชญา	
dogma	คำสอนต้องเชื่อ	ปรัชญา	
dogmatism	สิทธันตนิยม	ปรัชญา	
double negation	การปฏิเสธซ้อน	ปรัชญา	
double truth	ทวิสัจ	ปรัชญา	
dualism	ทวินิยม	ปรัชญา	
duration	ช่วงเวลา	ปรัชญา	
duration	การล่วงเวลา	ปรัชญา	
duty-based	ทฤษฎีเน้นหน้าที่	ปรัชญา	
deontological theory	ทฤษฎีเน้นหน้าที่	ปรัชญา	
economic determinism	นิยัตินิยมทางเศรษฐกิจ	ปรัชญา	
ecstasy	ปีติสานติ์	ปรัชญา	
effect	ผล	ปรัชญา	
efficient cause	สัมฤทธิเหตุ	ปรัชญา	
efficient cause	สัมฤทธิปัจจัย	ปรัชญา	
egalitarianism	สมภาพนิยม	ปรัชญา	
ego	อัตตา	ปรัชญา	
egoism	อัตตานิยม	ปรัชญา	
egoism	อัตตัตถนิยม	ปรัชญา	
egoistic hedonism	สุขารมณ์นิยมเพื่อตนเอง	ปรัชญา	
egoistic hedonism	รตินิยมเพื่อตนเอง	ปรัชญา	
egotism	อติมานะ	ปรัชญา	
élan vital	พลังทะยานแห่งชีวิต	ปรัชญา	
element	ธาตุ	ปรัชญา	
elitism	อติชนนิยม	ปรัชญา	
emergence	การอุบัติ	ปรัชญา	
emergent evolution	อุบัติวิวัฒนาการ	ปรัชญา	
emergent theory of mind	ทฤษฎีอุบัติการของจิต	ปรัชญา	
emotion	อาเวค	ปรัชญา	
emotion	อารมณ์	ปรัชญา	
emotive	เชิงอาเวค	ปรัชญา	
emotive theory of ethics	ทฤษฎีจริยศาสตร์เชิงอาเวค	ปรัชญา	
emotivism	อาเวคนิยม	ปรัชญา	
empirical	เชิงประจักษ์	ปรัชญา	
empirical	เชิงประสบการณ์	ปรัชญา	
empirical apperception	ประจักษวิสัญชาน	ปรัชญา	
empirical impossibility	ความเป็นไปไม่ได้เชิงประจักษ์	ปรัชญา	
empirical knowledge	ความรู้เชิงประจักษ์	ปรัชญา	
empirical knowledge	ความรู้เชิงประสบการณ์	ปรัชญา	
empirical truth	ความจริงเชิงประจักษ์	ปรัชญา	
empirical truth	ความจริงเชิงประสบการณ์	ปรัชญา	
empiricism	ประจักษนิยม	ปรัชญา	
empiricism	ประสบการณ์นิยม	ปรัชญา	
empirio-criticism	ทฤษฎีวิพากษ์เชิงประสบการณ์	ปรัชญา	
empirio-criticism	ลัทธิวิพากษ์ เชิงประสบการณ์	ปรัชญา	
encrateia	ความมีใจเข้มแข็ง	ปรัชญา	
enkrateia	ความมีใจเข้มแข็ง	ปรัชญา	
Encyclopedists, the	กลุ่มผู้เขียนสารานุกรม	ปรัชญา	
end	จุดหมายปลายทาง	ปรัชญา	
enlightenment	การตรัสรู้	ปรัชญา	
enlightenment	การรู้แจ้ง	ปรัชญา	
Enlightenment, the	ยุคเรืองปัญญา	ปรัชญา	
Enlightenment, the	สมัยเรืองปัญญา	ปรัชญา	
entelechy	สัมฤทธิภาวะ	ปรัชญา	
enthymeme	ตรรกบทย่อ	ปรัชญา	
enthymeme	ปรัตถานุมานย่อ	ปรัชญา	
entity	สิ่ง	ปรัชญา	
enumerative induction	การอุปนัยแบบแจงนับ	ปรัชญา	
enunciation	ประโยคแถลงออก	ปรัชญา	
Epicureanism	ลัทธิเอพิคิวเรียน	ปรัชญา	
epiphenomenalism	อนุปรากฏการณ์นิยม	ปรัชญา	
epistemology	ญาณวิทยา	ปรัชญา	
equity	ความเท่าเทียมกัน	ปรัชญา	
equity	ความเสมอภาค	ปรัชญา	
equivalence	สูตรประพจน์สมภาค	ปรัชญา	
equivalent proposition	ประพจน์สมภาค	ปรัชญา	
equivocality	ความกำกวมในคำ	ปรัชญา	
equivocation	ความกำกวมในคำ	ปรัชญา	
error	ความเคลื่อนคลาด	ปรัชญา	
essence	สาระ	ปรัชญา	
essence	สารัตถะ	ปรัชญา	
essence	แก่นสาร	ปรัชญา	
ether	อีเทอร์	ปรัชญา	
ethice	จริยธรรม	ปรัชญา	
ethical hedonism	สุขารมณ์นิยมเชิงจริยศาสตร์	ปรัชญา	
ethical hedonism	รตินิยมเชิงจริยศาสตร์	ปรัชญา	
ethical naturalism	ธรรมชาตินิยมทางจริยศาสตร์	ปรัชญา	
ethical philosophy	จริยปรัชญา	ปรัชญา	
ethics	จริยศาสตร์	ปรัชญา	
Euler’s Circle	วงกลมของออยเลอร์	ปรัชญา	
evil	ความชั่วร้าย	ปรัชญา	
evolutionary ethics	จริยศาสตร์เชิงวิวัฒนาการ	ปรัชญา	
exceptive proposition	ประพจน์ยกเว้น	ปรัชญา	
exceptive proposition	ญัตติยกเว้น	ปรัชญา	
excluded middle	กฎนิรมัชฌิม	ปรัชญา	
law of	กฎนิรมัชฌิม	ปรัชญา	
exclusive disjunctive argument	การอ้างเหตุผลแบบให้เลือกชนิดไม่รวม	ปรัชญา	
exclusive proposition	ประพจน์ผูกขาด	ปรัชญา	
exclusive proposition	ญัตติผูกขาด	ปรัชญา	
existence	ความมีอยู่	ปรัชญา	
existence	การดำรงอยู่	ปรัชญา	
existentialism	อัตถิภาวนิยม	ปรัชญา	
experience	ประสบการณ์	ปรัชญา	
explication	อรรถวิภาค	ปรัชญา	
explicative knowledge	ความรู้เชิงอรรถวิภาค	ปรัชญา	
explicitly compound proposition	ประพจน์เชิงซ้อนเปิดเผย	ปรัชญา	
explicitly compound proposition	ญัตติเชิงซ้อนเปิดเผย	ปรัชญา	
external relation	ความสัมพันธ์ภายนอก	ปรัชญา	
extrasensory perception	อภิสัญชาน	ปรัชญา	
extrasensory perception	การรับรู้เหนือผัสสะ	ปรัชญา	
abacterial	ไร้แบคทีเรีย	แพทยศาสตร์	
abacterial	ไร้บัคเตรี	แพทยศาสตร์	
abaissement	การทำให้ต่ำลง	แพทยศาสตร์	
abaissement	การกด	แพทยศาสตร์	
abaissement	การกดต้อแก้วตา	แพทยศาสตร์	
abaissement	การกดต้อกระจก [มีความหมายเหมือนกับ cataractopiesis	แพทยศาสตร์	
abarognosis	ภาวะเสียการรู้น้ำหนัก	แพทยศาสตร์	
abasia	ภาวะเดินไม่ได้	แพทยศาสตร์	
abasia, trembling	ภาวะเดินไม่ได้เหตุขาสั่น	แพทยศาสตร์	
abasia trepidans	ภาวะเดินไม่ได้เหตุขาสั่น	แพทยศาสตร์	
abasia astasia	ภาวะเดินไม่ได้เหตุยืนไม่อยู่	แพทยศาสตร์	
astasia-abasia	ภาวะเดินไม่ได้เหตุยืนไม่อยู่	แพทยศาสตร์	
abasia atactica	ภาวะเดินไม่ได้เหตุเสียสหการ	แพทยศาสตร์	
abate	ทุเลา	แพทยศาสตร์	
subside	ทุเลา	แพทยศาสตร์	
abatement	ความทุเลา	แพทยศาสตร์	
abatement	การทุเลา [มีความหมายเหมือนกับ regression 2]	แพทยศาสตร์	
subsidence	ความทุเลา	แพทยศาสตร์	
subsidence	การทุเลา [มีความหมายเหมือนกับ regression 2]	แพทยศาสตร์	
abdomen	ท้อง	แพทยศาสตร์	
abdomen	ส่วนท้อง	แพทยศาสตร์	
abdomen, acute	โรคเฉียบพลันในช่องท้อง	แพทยศาสตร์	
abdomen, pendulous	ท้องยาน	แพทยศาสตร์	
abdomen, scaphoid	ท้องกิ่ว	แพทยศาสตร์	
abdomen, surgical	โรคฉุกเฉินในช่องท้องทางศัลยกรรม	แพทยศาสตร์	
abdominal	-ท้อง	แพทยศาสตร์	
abdominal	-ส่วนท้อง	แพทยศาสตร์	
abdominal binder	ผ้าพันท้อง	แพทยศาสตร์	
bandage, abdominal	ผ้าพันท้อง	แพทยศาสตร์	
abdominal viscera	อวัยวะช่องท้อง	แพทยศาสตร์	
abdominal wall	ผนังท้อง	แพทยศาสตร์	
abdominoanterior	-หันท้องไปข้างหน้า	แพทยศาสตร์	
abdominocentesis	การเจาะท้อง	แพทยศาสตร์	
abduct	กาง	แพทยศาสตร์	
abduct	กลอกออก	แพทยศาสตร์	
abduction	การกางออก	แพทยศาสตร์	
aberrant	วิปลาส	แพทยศาสตร์	
aberrant	ผิดตำแหน่ง	แพทยศาสตร์	
aberration	การเบี่ยง	แพทยศาสตร์	
aberration	การพร่า	แพทยศาสตร์	
aberration	ความพร่า	แพทยศาสตร์	
aberration	การคลาดเคลื่อน	แพทยศาสตร์	
aberration, chromatic	รงควิปลาส	แพทยศาสตร์	
aberration, chromatic	ความพร่าสี	แพทยศาสตร์	
aberration, dioptric	ความพร่าเหตุขอบเลนส์	แพทยศาสตร์	
aberration, spherical	ความพร่าเหตุขอบเลนส์	แพทยศาสตร์	
aberration, distantial	ความพร่าระยะไกล	แพทยศาสตร์	
aberration, optical	ความพร่าแสง [มีความหมายเหมือนกับ coma 2]	แพทยศาสตร์	
aberration, spherical	ความพร่าเหตุขอบเลนส์	แพทยศาสตร์	
aberration, dioptric	ความพร่าเหตุขอบเลนส์	แพทยศาสตร์	
abetalipoproteinaemia	โรคเลือดไร้บีตาลิโพโปรตีน	แพทยศาสตร์	
abetalipoproteinemia	โรคเลือดไร้บีตาลิโพโปรตีน	แพทยศาสตร์	
abeyance	ภาวะงัน	แพทยศาสตร์	
abiotrophy	การเสื่อมชีวสภาพ	แพทยศาสตร์	
abirritant	สารบรรเทาระคาย	แพทยศาสตร์	
abirritant	-บรรเทาระคาย	แพทยศาสตร์	
abirritation	การหย่อนความตึงตัว	แพทยศาสตร์	
abirritation	การหย่อนความตื่นกระตุ้น	แพทยศาสตร์	
ablactation	การหย่านม [มีความหมายเหมือนกับ weanling 1]	แพทยศาสตร์	
ablactation	การหยุดหลั่งน้ำนม [มีความหมายเหมือนกับ delactation]	แพทยศาสตร์	
ablate	ตัดออก	แพทยศาสตร์	
ablate	เอาออก	แพทยศาสตร์	
ablate	ลอก	แพทยศาสตร์	
ablation	การตัดออก	แพทยศาสตร์	
ablation	การลอก [มีความหมายเหมือนกับ detachment	แพทยศาสตร์	
ablatio retinae	ภาวะจอตาลอก	แพทยศาสตร์	
ablatio retinae	การลอกของจอตา	แพทยศาสตร์	
ablepharia	สภาพไร้หนังตาแต่กำเนิด	แพทยศาสตร์	
ablepharon	สภาพไร้หนังตาแต่กำเนิด	แพทยศาสตร์	
ablepsia	ตาบอด [มีความหมายเหมือนกับ amaurosis 1]	แพทยศาสตร์	
blindness	ตาบอด [มีความหมายเหมือนกับ amaurosis 1]	แพทยศาสตร์	
typhlosis	ตาบอด [มีความหมายเหมือนกับ amaurosis 1]	แพทยศาสตร์	
abluent	สิ่งชะล้าง	แพทยศาสตร์	
ablution	การชะล้าง	แพทยศาสตร์	
ablutomania	อาการย้ำชะล้าง	แพทยศาสตร์	
abnormal	ผิดปรกติ	แพทยศาสตร์	
aboral	ไปจากปาก	แพทยศาสตร์	
aboral	ห่างจากปาก	แพทยศาสตร์	
abort	แท้ง	แพทยศาสตร์	
abort	ตัดระยะโรค	แพทยศาสตร์	
aborticide	ยาแท้ง [มีความหมายเหมือนกับ abortient 1]	แพทยศาสตร์	
abortifacient	ยาแท้ง [มีความหมายเหมือนกับ abortient 1]	แพทยศาสตร์	
abortient	ยาแท้ง [มีความหมายเหมือนกับ aborticide	แพทยศาสตร์	
abortient	-ทำให้แท้ง	แพทยศาสตร์	
abortifacient	ยาแท้ง [มีความหมายเหมือนกับ abortient 1]	แพทยศาสตร์	
aborticide	ยาแท้ง [มีความหมายเหมือนกับ abortient 1]	แพทยศาสตร์	
abortion	การแท้ง	แพทยศาสตร์	
abortion	การทำแท้ง [มีความหมายเหมือนกับ abortion	แพทยศาสตร์	
abortion, artificial	การทำแท้ง [มีความหมายเหมือนกับ abortion 2]	แพทยศาสตร์	
abortion, criminal	การทำแท้งผิดกฎหมาย	แพทยศาสตร์	
abortion, criminal	การรีดลูก	แพทยศาสตร์	
abortion, incomplete	การแท้งค้าง	แพทยศาสตร์	
abortion, missed	การแท้งหลง	แพทยศาสตร์	
abortion, spontaneous	การแท้งเอง	แพทยศาสตร์	
miscarriage	การแท้งเอง	แพทยศาสตร์	
abortion, therapeutic	การทำแท้งเพื่อบำบัด	แพทยศาสตร์	
abortionist	นักรีดลูก	แพทยศาสตร์	
abortive	-แท้ง	แพทยศาสตร์	
abortive	-คลอดก่อนกำหนด	แพทยศาสตร์	
abortive	-ยุติก่อนกำหนด	แพทยศาสตร์	
abouchement	การบรรจบของหลอดหรือท่อ	แพทยศาสตร์	
abrachia	สภาพไร้แขนแต่กำเนิด	แพทยศาสตร์	
abrachiocephalia	สภาพไร้แขนไร้ศีรษะ	แพทยศาสตร์	
abrachius	คนไร้แขนแต่กำเนิด	แพทยศาสตร์	
abrasion	การถลอก	แพทยศาสตร์	
abrasion	แผลถลอก	แพทยศาสตร์	
abreaction	ปฏิกิริยาปลดเปลื้อง	แพทยศาสตร์	
abruptio placentae	รกลอกก่อนกำหนด	แพทยศาสตร์	
abscess	ฝี	แพทยศาสตร์	
abscess	โพรงหนอง	แพทยศาสตร์	
abscess, acute	ฝีเฉียบพลัน	แพทยศาสตร์	
abscess, alveolar	ฝีเบ้าฟัน	แพทยศาสตร์	
abscess, amebic	ฝีอะมีบิก	แพทยศาสตร์	
amoebic	ฝีอะมีบิก	แพทยศาสตร์	
abscess, appendiceal	ฝีไส้ติ่ง	แพทยศาสตร์	
abscess, arthrifluent	ฝีลามจากข้อ	แพทยศาสตร์	
abscess, breast	ฝีเต้านม	แพทยศาสตร์	
abscess, mammary	ฝีเต้านม	แพทยศาสตร์	
abscess, chronic	ฝีเรื้อรัง	แพทยศาสตร์	
abscess, cold	ฝีสบาย	แพทยศาสตร์	
abscess, corneal	ฝีกระจกตา [มีความหมายเหมือนกับ unguis 2]	แพทยศาสตร์	
abscess, diffuse	ฝีแผ่	แพทยศาสตร์	
abscess, emphysematous	ฝีมีลม	แพทยศาสตร์	
abscess, tympanitic	ฝีมีลม	แพทยศาสตร์	
abscess, encystic	ฝีถุงหุ้ม	แพทยศาสตร์	
abscess, glandular	ฝีปุ่มน้ำเหลือง	แพทยศาสตร์	
abscess, gravitation	ฝีเซาะลง	แพทยศาสตร์	
abscess, intradural	ฝีเยื่อดูรา	แพทยศาสตร์	
abscess, ischiorectal	ฝีข้างทวารหนัก	แพทยศาสตร์	
abscess, liver	ฝีตับ	แพทยศาสตร์	
abscess, mammary	ฝีเต้านม	แพทยศาสตร์	
abscess, breast	ฝีเต้านม	แพทยศาสตร์	
abscess, marginal	ฝีขอบทวารหนัก	แพทยศาสตร์	
abscess, metastatic	ฝีแพร่กระจาย	แพทยศาสตร์	
abscess, milk	ฝีน้ำนม	แพทยศาสตร์	
abscess, miliary	ฝีข้าวฟ่าง	แพทยศาสตร์	
abscess, mural	ฝีผนังท้อง	แพทยศาสตร์	
abscess, parametrial	ฝีปีกมดลูก	แพทยศาสตร์	
abscess, pelvic	ฝีอุ้งเชิงกราน	แพทยศาสตร์	
abscess, peridental	ฝีปริทันต์	แพทยศาสตร์	
abscess, periodontal	ฝีปริทันต์	แพทยศาสตร์	
abscess, peritonsillar	ฝีรอบทอนซิล	แพทยศาสตร์	
quinsy	ฝีรอบทอนซิล	แพทยศาสตร์	
abscess, phlegmonous	ฝีไฟลามทุ่ง	แพทยศาสตร์	
abscess, primary	ฝีต้น	แพทยศาสตร์	
abscess, primary	ฝีปฐมภูมิ	แพทยศาสตร์	
abscess, pulp	ฝีโพรงฟัน	แพทยศาสตร์	
abscess, pulp	ตะมอย [มีความหมายเหมือนกับ felon	แพทยศาสตร์	
abscess, pulpal	ฝีโพรงฟัน	แพทยศาสตร์	
abscess, pulpal	ตะมอย [มีความหมายเหมือนกับ felon	แพทยศาสตร์	
abscess, residual	ฝีค้าง	แพทยศาสตร์	
abscess, secondary	ฝีตาม	แพทยศาสตร์	
abscess, secondary	ฝีทุติยภูมิ	แพทยศาสตร์	
abscess, sudoriparous	ฝีต่อมเหงื่อ	แพทยศาสตร์	
abscess, tympanitic	ฝีมีลม	แพทยศาสตร์	
abscess, emphysematous	ฝีมีลม	แพทยศาสตร์	
abscess, verminous	ฝีมีหนอน	แพทยศาสตร์	
abscopal	-ผลพลอยเสียจากรังสี	แพทยศาสตร์	
absence	การหมดสติชั่วขณะ	แพทยศาสตร์	
absolute	ล้วน ๆ	แพทยศาสตร์	
absolute	สัมบูรณ์	แพทยศาสตร์	
absorb	ดูดซึม	แพทยศาสตร์	
absorb	ดูดกลืน	แพทยศาสตร์	
absorbance	ความดูดกลืนรังสี	แพทยศาสตร์	
absorbefacient	สารช่วยการดูดซึม	แพทยศาสตร์	
absorbefacient	-ช่วยการดูดซึม	แพทยศาสตร์	
absorbent	ตัวดูดซึม	แพทยศาสตร์	
absorbent	-ดูดซึมได้	แพทยศาสตร์	
absorption	การดูดซึม [มีความหมายเหมือนกับ sorption 2]	แพทยศาสตร์	
absorption	การดูดกลืน	แพทยศาสตร์	
absorption	ความหมกมุ่น	แพทยศาสตร์	
absorption, excrementitial	การดูดซึมสิ่งขับถ่าย	แพทยศาสตร์	
absorption, intestinal	การดูดซึมทางลำไส้	แพทยศาสตร์	
absorption, parenteral	การดูดซึมนอกลำไส้	แพทยศาสตร์	
abstergent	ยาล้าง	แพทยศาสตร์	
abstergent	-ใช้ล้าง	แพทยศาสตร์	
abstinence	การงดเสพ	แพทยศาสตร์	
abstinence	วิรัติ	แพทยศาสตร์	
abstraction	การแยกออก	แพทยศาสตร์	
abstraction	ใบหน้ายาวเหตุสบฟันผิดปรกติ	แพทยศาสตร์	
abtorsion	ลูกตาหมุนออก	แพทยศาสตร์	
disclination	ลูกตาหมุนออก	แพทยศาสตร์	
acalculia	ภาวะเสียการคำนวณ	แพทยศาสตร์	
acantha	หนาม	แพทยศาสตร์	
acantha	เงี่ยง	แพทยศาสตร์	
acantha	เงี่ยงกระดูก	แพทยศาสตร์	
acanthaceous	-มีหนาม	แพทยศาสตร์	
acanthaceous	-มีเงี่ยง	แพทยศาสตร์	
acanthaesthesia	ความรู้สึกเหมือนถูกหนาม	แพทยศาสตร์	
acanthesthesia	ความรู้สึกเหมือนถูกหนาม	แพทยศาสตร์	
acanthocephalus	หนอนพยาธิหัวหนาม	แพทยศาสตร์	
acanthocyte	เม็ดเลือดแดงมีหนาม	แพทยศาสตร์	
acanthoma	อะแคนโทมา	แพทยศาสตร์	
acanthopelvis	เชิงกรานสันแหลม	แพทยศาสตร์	
acapnia	ภาวะพร่องคาร์บอนไดออกไซด์	แพทยศาสตร์	
acarbia	ภาวะพร่องไบคาร์บอเนต	แพทยศาสตร์	
acardia	สภาพไร้หัวใจแต่กำเนิด	แพทยศาสตร์	
acardiac	ไร้หัวใจ	แพทยศาสตร์	
acardiacus	ทารกไร้หัวใจ	แพทยศาสตร์	
acariasis	โรคตัวไร	แพทยศาสตร์	
acaricide	สารฆ่าไร	แพทยศาสตร์	
acaricide	ฆ่าไร	แพทยศาสตร์	
acarid	เห็บ	แพทยศาสตร์	
acarid	ไร	แพทยศาสตร์	
acarus	เห็บ	แพทยศาสตร์	
acarus	ไร	แพทยศาสตร์	
acarodermatitis	ผิวหนังอักเสบเหตุตัวไร	แพทยศาสตร์	
acarology	วิทยาเห็บไร	แพทยศาสตร์	
acarophobia	อาการกลัวตัวไร	แพทยศาสตร์	
acarus	เห็บ	แพทยศาสตร์	
acarus	ไร	แพทยศาสตร์	
acarid	เห็บ	แพทยศาสตร์	
acarid	ไร	แพทยศาสตร์	
acaryote	เซลล์ไร้นิวเคลียส	แพทยศาสตร์	
acaudate	ไร้หาง	แพทยศาสตร์	
ecaudate	ไร้หาง	แพทยศาสตร์	
accelerant	ตัวเร่ง	แพทยศาสตร์	
acceleration	ความเร่ง	แพทยศาสตร์	
accelerator	ผู้เร่ง	แพทยศาสตร์	
accelerator	ตัวเร่ง	แพทยศาสตร์	
accelerator	ประสาทเร่ง	แพทยศาสตร์	
accentuation	การเน้น	แพทยศาสตร์	
acceptor	ตัวรับ	แพทยศาสตร์	
accession	การเริ่มปรากฏ	แพทยศาสตร์	
accessory	เสริม	แพทยศาสตร์	
accessory	ช่วย	แพทยศาสตร์	
accessory	สำรอง	แพทยศาสตร์	
accessory	เกิน	แพทยศาสตร์	
acclimatation	การปรับตัวเข้ากับอากาศ	แพทยศาสตร์	
acclimatation	การปรับตัวเข้ากับภูมิอากาศ	แพทยศาสตร์	
acclimatation	ความชินภูมิอากาศ	แพทยศาสตร์	
acclimation	การปรับตัวเข้ากับอากาศ	แพทยศาสตร์	
acclimation	การปรับตัวเข้ากับภูมิอากาศ	แพทยศาสตร์	
acclimation	ความชินภูมิอากาศ	แพทยศาสตร์	
acclimatisation	การปรับตัวเข้ากับอากาศ	แพทยศาสตร์	
acclimatisation	การปรับตัวเข้ากับภูมิอากาศ	แพทยศาสตร์	
acclimatisation	ความชินภูมิอากาศ	แพทยศาสตร์	
acclimatization	การปรับตัวเข้ากับอากาศ	แพทยศาสตร์	
acclimatization	การปรับตัวเข้ากับภูมิอากาศ	แพทยศาสตร์	
acclimatization	ความชินภูมิอากาศ	แพทยศาสตร์	
accommodation	การปรับตาให้เหมาะกับระยะ	แพทยศาสตร์	
accommodation	การปรับประสาท	แพทยศาสตร์	
accouchée	ผู้คลอด	แพทยศาสตร์	
accouchement	การคลอด [มีความหมายเหมือนกับ delivery 1]	แพทยศาสตร์	
childbirth	การคลอด [มีความหมายเหมือนกับ delivery 1]	แพทยศาสตร์	
labor	การคลอด [มีความหมายเหมือนกับ delivery 1]	แพทยศาสตร์	
labour	การคลอด [มีความหมายเหมือนกับ delivery 1]	แพทยศาสตร์	
parturition	การคลอด [มีความหมายเหมือนกับ delivery 1]	แพทยศาสตร์	
partus	การคลอด [มีความหมายเหมือนกับ delivery 1]	แพทยศาสตร์	
tocus	การคลอด [มีความหมายเหมือนกับ delivery 1]	แพทยศาสตร์	
accouchement force	การข่มคลอด	แพทยศาสตร์	
accoucheur	ผู้ทำคลอด	แพทยศาสตร์	
accoucheur	หมอตำแย	แพทยศาสตร์	
accoucheuse	ผู้ทำคลอด	แพทยศาสตร์	
accoucheuse	หมอตำแย	แพทยศาสตร์	
accrete	งอกติดกัน	แพทยศาสตร์	
accretion	การงอกติดกัน	แพทยศาสตร์	
accretion	การงอกโดยสะสม	แพทยศาสตร์	
accretion	การสะสม	แพทยศาสตร์	
acenaesthesia	ความรู้สึกไร้สุข	แพทยศาสตร์	
acenesthesia	ความรู้สึกไร้สุข	แพทยศาสตร์	
acephalus	ทารกไร้หัว	แพทยศาสตร์	
acetabulum	เบ้าหัวกระดูกต้นขา	แพทยศาสตร์	
acetimeter	มาตรกรดน้ำส้ม	แพทยศาสตร์	
acetometer	มาตรกรดน้ำส้ม	แพทยศาสตร์	
acetonaemia	ภาวะเลือดมีแอซีโทนเกิน	แพทยศาสตร์	
acetonemia	ภาวะเลือดมีแอซีโทนเกิน	แพทยศาสตร์	
acetonuria	ภาวะปัสสาวะมีแอซีโทน	แพทยศาสตร์	
achalasia	ภาวะกล้ามเนื้อเรียบไม่คลาย	แพทยศาสตร์	
achalasia, sphincteral	ภาวะหูรูดไม่คลาย	แพทยศาสตร์	
acheilia	สภาพไร้ริมฝีปากแต่กำเนิด	แพทยศาสตร์	
acheiropodia	สภาพไร้มือไร้เท้าแต่กำเนิด	แพทยศาสตร์	
achlorhydria	ภาวะไร้กรดเกลือ	แพทยศาสตร์	
achondroplasia	ภาวะกระดูกอ่อนไม่เจริญ	แพทยศาสตร์	
achondroplasty	ภาวะกระดูกอ่อนไม่เจริญ	แพทยศาสตร์	
achromat	คนเห็นไร้สี	แพทยศาสตร์	
achromat	คนตาบอดทุกสี	แพทยศาสตร์	
achromate	คนเห็นไร้สี	แพทยศาสตร์	
achromate	คนตาบอดทุกสี	แพทยศาสตร์	
monochromat	คนเห็นไร้สี	แพทยศาสตร์	
monochromat	คนตาบอดทุกสี	แพทยศาสตร์	
achromatic	ไม่ติดสี	แพทยศาสตร์	
achromatic	-ย้อมไม่ติด	แพทยศาสตร์	
achromatic	ไม่มีสี	แพทยศาสตร์	
achromatism	การเห็นไร้สี	แพทยศาสตร์	
achromatism	การบอดทุกสี	แพทยศาสตร์	
achromatopsia	การเห็นไร้สี	แพทยศาสตร์	
achromatopsia	การบอดทุกสี	แพทยศาสตร์	
acritochromacy	การเห็นไร้สี	แพทยศาสตร์	
acritochromacy	การบอดทุกสี	แพทยศาสตร์	
blindness, complete color	การเห็นไร้สี	แพทยศาสตร์	
blindness, complete color	การบอดทุกสี	แพทยศาสตร์	
blindness, complete colour	การเห็นไร้สี	แพทยศาสตร์	
blindness, complete colour	การบอดทุกสี	แพทยศาสตร์	
blindness, total color	การเห็นไร้สี	แพทยศาสตร์	
blindness, total color	การบอดทุกสี	แพทยศาสตร์	
blindness, total colour	การเห็นไร้สี	แพทยศาสตร์	
blindness, total colour	การบอดทุกสี	แพทยศาสตร์	
monochromatism	การเห็นไร้สี	แพทยศาสตร์	
monochromatism	การบอดทุกสี	แพทยศาสตร์	
vision, achromatic	การเห็นไร้สี	แพทยศาสตร์	
vision, achromatic	การบอดทุกสี	แพทยศาสตร์	
achromia	ภาวะไร้สี	แพทยศาสตร์	
achromia	ภาวะสิ้นสี	แพทยศาสตร์	
achromic	ไร้สี	แพทยศาสตร์	
achromic	สิ้นสี	แพทยศาสตร์	
achromic point	จุดสิ้นสี	แพทยศาสตร์	
achylia gastrica	ภาวะกระเพาะไร้กรดเกลือและเพปซิน	แพทยศาสตร์	
acidaemia	ภาวะเลือดกระเดียดกรด	แพทยศาสตร์	
acidemia	ภาวะเลือดกระเดียดกรด	แพทยศาสตร์	
acidity	สภาพกรด	แพทยศาสตร์	
acidity	ภาวะเปรี้ยว	แพทยศาสตร์	
acidophil	สิ่งติดสีกรด	แพทยศาสตร์	
acidophil	เซลล์ต่อมใต้สมองติดสีกรด	แพทยศาสตร์	
acidophil	สิ่งมีชีวิตเจริญดีในภาวะกรด	แพทยศาสตร์	
acidophil	-ติดสีกรด	แพทยศาสตร์	
acidophil	-ชอบกรด [มีความหมายเหมือนกับ acidophilic]	แพทยศาสตร์	
acidophile	สิ่งติดสีกรด	แพทยศาสตร์	
acidophile	เซลล์ต่อมใต้สมองติดสีกรด	แพทยศาสตร์	
acidophile	สิ่งมีชีวิตเจริญดีในภาวะกรด	แพทยศาสตร์	
acidophile	-ติดสีกรด	แพทยศาสตร์	
acidophile	-ชอบกรด [มีความหมายเหมือนกับ acidophilic]	แพทยศาสตร์	
acidophilic	-ติดสีกรด	แพทยศาสตร์	
acidophilic	-ชอบกรด [มีความหมายเหมือนกับ acidophil	แพทยศาสตร์	
acidosis	ภาวะกระเดียดกรด	แพทยศาสตร์	
acinar	-กระเปาะ	แพทยศาสตร์	
acinose	-กระเปาะ	แพทยศาสตร์	
acinous	-กระเปาะ	แพทยศาสตร์	
acinus	กระเปาะ	แพทยศาสตร์	
acne	สิว	แพทยศาสตร์	
aconuresis	การถ่ายปัสสาวะไม่รู้ตัว	แพทยศาสตร์	
acoprosis	ภาวะลำไส้ไร้อุจจาระ	แพทยศาสตร์	
acorea	สภาพไร้รูม่านตา	แพทยศาสตร์	
acoria	อาการกินไม่รู้อิ่ม	แพทยศาสตร์	
acquired	ที่ได้มา	แพทยศาสตร์	
acquired	-เกิดภายหลัง	แพทยศาสตร์	
acriflavine	ยาเหลือง	แพทยศาสตร์	
acrinia	การไม่หลั่ง	แพทยศาสตร์	
acrinia	การหลั่งน้อย	แพทยศาสตร์	
acritochromacy	การเห็นไร้สี	แพทยศาสตร์	
acritochromacy	การบอดทุกสี	แพทยศาสตร์	
achromatism	การเห็นไร้สี	แพทยศาสตร์	
achromatism	การบอดทุกสี	แพทยศาสตร์	
achromatopsia	การเห็นไร้สี	แพทยศาสตร์	
achromatopsia	การบอดทุกสี	แพทยศาสตร์	
blindness, complete color	การเห็นไร้สี	แพทยศาสตร์	
blindness, complete color	การบอดทุกสี	แพทยศาสตร์	
blindness, complete colour	การเห็นไร้สี	แพทยศาสตร์	
blindness, complete colour	การบอดทุกสี	แพทยศาสตร์	
blindness, total color	การเห็นไร้สี	แพทยศาสตร์	
blindness, total color	การบอดทุกสี	แพทยศาสตร์	
blindness, total colour	การเห็นไร้สี	แพทยศาสตร์	
blindness, total colour	การบอดทุกสี	แพทยศาสตร์	
monochromatism	การเห็นไร้สี	แพทยศาสตร์	
monochromatism	การบอดทุกสี	แพทยศาสตร์	
vision, achromatic	การเห็นไร้สี	แพทยศาสตร์	
vision, achromatic	การบอดทุกสี	แพทยศาสตร์	
acroanaesthesia	อาการชาแขนขา	แพทยศาสตร์	
acroanesthesia	อาการชาแขนขา	แพทยศาสตร์	
acrobystitis	หนังหุ้มปลายอักเสบ	แพทยศาสตร์	
posthitis	หนังหุ้มปลายอักเสบ	แพทยศาสตร์	
acrocephaly	สภาพหัวหลิม	แพทยศาสตร์	
oxycephaly	สภาพหัวหลิม	แพทยศาสตร์	
acrokeratosis	ภาวะผิวแขนขาคล้ายหนังงู	แพทยศาสตร์	
acromastitis	หัวนมอักเสบ	แพทยศาสตร์	
mamillitis	หัวนมอักเสบ	แพทยศาสตร์	
mammillitis	หัวนมอักเสบ	แพทยศาสตร์	
thelitis	หัวนมอักเสบ	แพทยศาสตร์	
acromegalia	สภาพโตเกินไม่สมส่วน	แพทยศาสตร์	
acromegaly	สภาพโตเกินไม่สมส่วน	แพทยศาสตร์	
acromegalogigantism	สภาพร่างยักษ์ไม่สมส่วน	แพทยศาสตร์	
acromion	ปุ่มหัวไหล่	แพทยศาสตร์	
acroparaesthesia	อาการเหน็บปลายมือปลายเท้า	แพทยศาสตร์	
acroparesthesia	อาการเหน็บปลายมือปลายเท้า	แพทยศาสตร์	
acrophobia	อาการกลัวที่สูง	แพทยศาสตร์	
hypsophobia	อาการกลัวที่สูง	แพทยศาสตร์	
action	การกระทำ	แพทยศาสตร์	
action	การปฏิบัติ	แพทยศาสตร์	
action	การทำงาน	แพทยศาสตร์	
action	กิริยา	แพทยศาสตร์	
action	การแสดงฤทธิ์	แพทยศาสตร์	
action, reflex	กิริยารีเฟล็กซ์	แพทยศาสตร์	
action of drug	ฤทธิ์ยา	แพทยศาสตร์	
activate	ปลุกฤทธิ์	แพทยศาสตร์	
activator	สารปลุกฤทธิ์	แพทยศาสตร์	
activator	ตัวปลุกฤทธิ์	แพทยศาสตร์	
active	-มีฤทธิ์	แพทยศาสตร์	
active	กัมมันต์	แพทยศาสตร์	
activity	การงาน	แพทยศาสตร์	
activity	กิจกรรม	แพทยศาสตร์	
activity	กัมมันตภาพ	แพทยศาสตร์	
acuity	ความเฉียบแหลม	แพทยศาสตร์	
acuity	ความชัดเจน	แพทยศาสตร์	
acuity, visual	สายตา [มีความหมายเหมือนกับ acuity of vision 2 และ sight 3 และ vision 3]	แพทยศาสตร์	
acuity of vision	การเห็นชัด	แพทยศาสตร์	
acuity of vision	สายตา [มีความหมายเหมือนกับ acuity	แพทยศาสตร์	
acuity of vision	visual และ sight 3 และ vision 3]	แพทยศาสตร์	
acupuncture	การฝังเข็ม	แพทยศาสตร์	
acute	ปัจจุบัน	แพทยศาสตร์	
acute	เฉียบพลัน	แพทยศาสตร์	
acystia	สภาพไร้กระเพาะปัสสาวะแต่กำเนิด	แพทยศาสตร์	
adactyly	สภาพไร้นิ้วแต่กำเนิด	แพทยศาสตร์	
Adam’s apple	ลูกกระเดือก	แพทยศาสตร์	
eminence, thyroid	ลูกกระเดือก	แพทยศาสตร์	
prominence, laryngeal	ลูกกระเดือก	แพทยศาสตร์	
protuberance, laryngeal	ลูกกระเดือก	แพทยศาสตร์	
adaptation	การปรับตัว	แพทยศาสตร์	
adaptation, dark	การปรับสายตาในที่มืด	แพทยศาสตร์	
addiction, drug	การติดยา	แพทยศาสตร์	
dependence, drug	การติดยา	แพทยศาสตร์	
dependency, drug	การติดยา	แพทยศาสตร์	
adduct	หุบ	แพทยศาสตร์	
adduct	กลอกเข้า	แพทยศาสตร์	
adenocarcinoma	มะเร็งชนิดต่อม	แพทยศาสตร์	
adenoid	คล้ายต่อม	แพทยศาสตร์	
adenoiditis	ทอนซิลคอหอยอักเสบ	แพทยศาสตร์	
adenoids	ทอนซิลคอหอย	แพทยศาสตร์	
adenoids	ทอนซิลคอหอยโต	แพทยศาสตร์	
adenoma	เนื้องอกต่อม	แพทยศาสตร์	
adenomyosis externa	เยื่อบุมดลูกต่างที่	แพทยศาสตร์	
endometriosis	เยื่อบุมดลูกต่างที่	แพทยศาสตร์	
endometriosis externa	เยื่อบุมดลูกต่างที่	แพทยศาสตร์	
adenopathy	โรคต่อม	แพทยศาสตร์	
adhesion	การยึดติด	แพทยศาสตร์	
adhesion	สิ่งยึดติด	แพทยศาสตร์	
adhesive	-ยึดติด	แพทยศาสตร์	
adhesive	สารยึดติด	แพทยศาสตร์	
adiadochokinesia	ภาวะเสียการเคลื่อนไหวสลับอย่างเร็ว	แพทยศาสตร์	
adiadochokinesis	ภาวะเสียการเคลื่อนไหวสลับอย่างเร็ว	แพทยศาสตร์	
adiadokokinesia	ภาวะเสียการเคลื่อนไหวสลับอย่างเร็ว	แพทยศาสตร์	
adiadokokinesis	ภาวะเสียการเคลื่อนไหวสลับอย่างเร็ว	แพทยศาสตร์	
adipocyte	เซลล์ไขมัน	แพทยศาสตร์	
adipolysis	การสลายไขมัน	แพทยศาสตร์	
lipolysis	การสลายไขมัน	แพทยศาสตร์	
adipose	ไขมัน	แพทยศาสตร์	
adipose	มีลักษณะไขมัน	แพทยศาสตร์	
adipose	อ้วน	แพทยศาสตร์	
adiposis	การมีไขมันเกิน	แพทยศาสตร์	
adiposis hepatica	ไขมันจุกตับ	แพทยศาสตร์	
adipositas cordis	ไขมันจุกหัวใจ	แพทยศาสตร์	
adiposity	ภาวะเนื้อเยื่อไขมันมาก	แพทยศาสตร์	
hyperadiposis	ภาวะเนื้อเยื่อไขมันมาก	แพทยศาสตร์	
hyperadiposity	ภาวะเนื้อเยื่อไขมันมาก	แพทยศาสตร์	
adipsia	อาการเบื่อน้ำ	แพทยศาสตร์	
adjacent	ข้างเคียง	แพทยศาสตร์	
adjacent	ใกล้เคียง	แพทยศาสตร์	
adjacent	ประชิด	แพทยศาสตร์	
adjacent	ติด	แพทยศาสตร์	
adjacent	แนบ	แพทยศาสตร์	
adjacent	ถัดไป	แพทยศาสตร์	
adjoining	ข้างเคียง	แพทยศาสตร์	
adjoining	ใกล้เคียง	แพทยศาสตร์	
adjoining	ประชิด	แพทยศาสตร์	
adjoining	ติด	แพทยศาสตร์	
adjoining	แนบ	แพทยศาสตร์	
adjoining	ถัดไป	แพทยศาสตร์	
adjustment	การปรับแก้	แพทยศาสตร์	
adjustment	การปรับตัวได้	แพทยศาสตร์	
adjuvant	ตัวเสริม	แพทยศาสตร์	
administration of drug	การบริหารยา	แพทยศาสตร์	
admixture	การเพิ่มผสม	แพทยศาสตร์	
admixture	สิ่งเพิ่มผสม	แพทยศาสตร์	
adnexa oculi	อวัยวะเคียงลูกตา	แพทยศาสตร์	
adnexa uteri	ปีกมดลูก	แพทยศาสตร์	
adnexitis	ปีกมดลูกอักเสบ	แพทยศาสตร์	
adnexopexy	การตรึงปีกมดลูก	แพทยศาสตร์	
adolescence	วัยรุ่น	แพทยศาสตร์	
adrenal	-เคียงไต	แพทยศาสตร์	
adrenal	ต่อมหมวกไต [มีความหมายเหมือนกับ gland	แพทยศาสตร์	
adrenalectomy	การตัดต่อมหมวกไต	แพทยศาสตร์	
suprarenalectomy	การตัดต่อมหมวกไต	แพทยศาสตร์	
adrenaline	ฮอร์โมนเนื้อในต่อมหมวกไต	แพทยศาสตร์	
epinephrine	ฮอร์โมนเนื้อในต่อมหมวกไต	แพทยศาสตร์	
adsorb	ดูดซับ	แพทยศาสตร์	
adsorbate	สิ่งถูกดูดซับ	แพทยศาสตร์	
adsorbent	ตัวดูดซับ	แพทยศาสตร์	
adsorption	การดูดซับ [มีความหมายเหมือนกับ sorption 1]	แพทยศาสตร์	
adult	เต็มวัย	แพทยศาสตร์	
adult	ตัวเต็มวัย	แพทยศาสตร์	
adult	ผู้ใหญ่	แพทยศาสตร์	
adulteration	การปลอมปน	แพทยศาสตร์	
adynamia	อาการไม่มีแรง	แพทยศาสตร์	
aeration	การฟอกเลือดในปอด	แพทยศาสตร์	
aeration	การอัดแก๊สหรืออากาศเข้าของเหลว	แพทยศาสตร์	
aerophagia	อาการกลืนอากาศ	แพทยศาสตร์	
aerophagy	อาการกลืนอากาศ	แพทยศาสตร์	
gastrospiry	อาการกลืนอากาศ	แพทยศาสตร์	
pneumophagia	อาการกลืนอากาศ	แพทยศาสตร์	
aerophobia	อาการกลัวลม	แพทยศาสตร์	
aerosis	การเกิดแก๊สในเนื้อเยื่อ	แพทยศาสตร์	
aerosol	ละอองลอย	แพทยศาสตร์	
aerosol	หมอกยา	แพทยศาสตร์	
aerothorax	ภาวะโพรงเยื่อหุ้มปอดมีอากาศ	แพทยศาสตร์	
pneumatothorax	ภาวะโพรงเยื่อหุ้มปอดมีอากาศ	แพทยศาสตร์	
pneumothorax	ภาวะโพรงเยื่อหุ้มปอดมีอากาศ	แพทยศาสตร์	
aesthesia	ความรู้สึก	แพทยศาสตร์	
aesthesia	การรับรู้	แพทยศาสตร์	
aesthesia	การกำหนดรู้ [มีความหมาย เหมือนกับ sense 1]	แพทยศาสตร์	
esthesia	ความรู้สึก	แพทยศาสตร์	
esthesia	การรับรู้	แพทยศาสตร์	
esthesia	การกำหนดรู้ [มีความหมาย เหมือนกับ sense 1]	แพทยศาสตร์	
perception	ความรู้สึก	แพทยศาสตร์	
perception	การรับรู้	แพทยศาสตร์	
perception	การกำหนดรู้ [มีความหมาย เหมือนกับ sense 1]	แพทยศาสตร์	
aetiology	สมุฏฐานวิทยา	แพทยศาสตร์	
aetiology	สมุฏฐาน	แพทยศาสตร์	
etiology	สมุฏฐานวิทยา	แพทยศาสตร์	
etiology	สมุฏฐาน	แพทยศาสตร์	
afebrile	ไม่มีไข้	แพทยศาสตร์	
apyretic	ไม่มีไข้	แพทยศาสตร์	
affect	อารมณ์แสดงออก	แพทยศาสตร์	
affect	มีอิทธิพลเหนือ	แพทยศาสตร์	
affect	ชอบ	แพทยศาสตร์	
affect	แสร้งทำ	แพทยศาสตร์	
affect, blunted	อารมณ์เฉยเมย	แพทยศาสตร์	
affect, blunted	อารมณ์ทื่อ	แพทยศาสตร์	
affect, flat	อารมณ์เฉยเมย	แพทยศาสตร์	
affect, flat	อารมณ์ทื่อ	แพทยศาสตร์	
affected	-ได้รับผล	แพทยศาสตร์	
affected	-เป็นโรค	แพทยศาสตร์	
affected	-แสร้งทำ	แพทยศาสตร์	
affection	ความชอบ	แพทยศาสตร์	
affection	ความรัก	แพทยศาสตร์	
affection	สภาพเป็นโรค	แพทยศาสตร์	
afferent	-นำเข้า	แพทยศาสตร์	
afflux	ไหลพรวด	แพทยศาสตร์	
afteraction	ผลตามหลัง	แพทยศาสตร์	
aftereffect	ผลตามหลัง	แพทยศาสตร์	
afterbirth	สิ่งคลอดตาม	แพทยศาสตร์	
secundines	สิ่งคลอดตาม	แพทยศาสตร์	
aftercataract	เศษต้อแก้วตา	แพทยศาสตร์	
aftercataract	เศษต้อกระจก	แพทยศาสตร์	
aftereffect	ผลตามหลัง	แพทยศาสตร์	
afteraction	ผลตามหลัง	แพทยศาสตร์	
afterimage	ภาพติดตาชั่วขณะ	แพทยศาสตร์	
photogene	ภาพติดตาชั่วขณะ	แพทยศาสตร์	
afterpains	อาการปวดมดลูกหลังคลอด	แพทยศาสตร์	
aftervision	การเห็นติดตาชั่วขณะ	แพทยศาสตร์	
agaesthesia	ความรู้สึกเจ็บปวด [มีความหมายเหมือนกับ algesia 1]	แพทยศาสตร์	
agesthesia	ความรู้สึกเจ็บปวด [มีความหมายเหมือนกับ algesia 1]	แพทยศาสตร์	
nociception	ความรู้สึกเจ็บปวด [มีความหมายเหมือนกับ algesia 1]	แพทยศาสตร์	
sense, pain	ความรู้สึกเจ็บปวด [มีความหมายเหมือนกับ algesia 1]	แพทยศาสตร์	
agalactia	ภาวะน้ำนมแห้ง	แพทยศาสตร์	
agalactosis	ภาวะน้ำนมแห้ง	แพทยศาสตร์	
agastria	สภาพไร้กระเพาะอาหารแต่กำเนิด	แพทยศาสตร์	
age, bone	อายุตามกระดูก	แพทยศาสตร์	
age, chronological	อายุตามปฏิทิน	แพทยศาสตร์	
age, emotional	อายุทางอารมณ์	แพทยศาสตร์	
age, gestational	อายุครรภ์	แพทยศาสตร์	
age, menstrual	อายุครรภ์นับจากขาดระดู	แพทยศาสตร์	
age, mental	อายุเชาวน์	แพทยศาสตร์	
age, reproductive	วัยเจริญพันธุ์	แพทยศาสตร์	
ageing	การเปลี่ยนตามวัย	แพทยศาสตร์	
aging	การเปลี่ยนตามวัย	แพทยศาสตร์	
agent	ตัวกระทำ	แพทยศาสตร์	
agent	ผู้กระทำ	แพทยศาสตร์	
agent	ตัวแทน	แพทยศาสตร์	
agent, antianxiety	ยาสงบประสาทรอง	แพทยศาสตร์	
agent, antianxiety	ยาคลายกังวล [มีความหมายเหมือนกับ anxiolytic 1]	แพทยศาสตร์	
drug, anxiolytic	ยาสงบประสาทรอง	แพทยศาสตร์	
drug, anxiolytic	ยาคลายกังวล [มีความหมายเหมือนกับ anxiolytic 1]	แพทยศาสตร์	
tranquiliser	ยาสงบประสาทรอง	แพทยศาสตร์	
tranquiliser	ยาคลายกังวล [มีความหมายเหมือนกับ anxiolytic 1]	แพทยศาสตร์	
tranquilizer, minor	ยาสงบประสาทรอง	แพทยศาสตร์	
tranquilizer, minor	ยาคลายกังวล [มีความหมายเหมือนกับ anxiolytic 1]	แพทยศาสตร์	
agent, biological	ชีวสาร	แพทยศาสตร์	
biologicals	ชีวสาร	แพทยศาสตร์	
agent, disease	ตัวก่อโรค	แพทยศาสตร์	
agent, disease	สิ่งก่อโรค	แพทยศาสตร์	
agent, antianxiety	ยาสงบประสาทรอง	แพทยศาสตร์	
agent, antianxiety	ยาคลายกังวล [มีความหมายเหมือนกับ anxiolytic 1]	แพทยศาสตร์	
drug, anxiolytic	ยาสงบประสาทรอง	แพทยศาสตร์	
drug, anxiolytic	ยาคลายกังวล [มีความหมายเหมือนกับ anxiolytic 1]	แพทยศาสตร์	
tranquiliser	ยาสงบประสาทรอง	แพทยศาสตร์	
tranquiliser	ยาคลายกังวล [มีความหมายเหมือนกับ anxiolytic 1]	แพทยศาสตร์	
tranquilizer, minor	ยาสงบประสาทรอง	แพทยศาสตร์	
tranquilizer, minor	ยาคลายกังวล [มีความหมายเหมือนกับ anxiolytic 1]	แพทยศาสตร์	
agent, biological	ชีวสาร	แพทยศาสตร์	
biologicals	ชีวสาร	แพทยศาสตร์	
agent, disease	ตัวก่อโรค	แพทยศาสตร์	
agent, disease	สิ่งก่อโรค	แพทยศาสตร์	
agent, enhancing	สารเพิ่มความชัดภาพ	แพทยศาสตร์	
medium, contrast	สารเพิ่มความชัดภาพ	แพทยศาสตร์	
medium, enhancing	สารเพิ่มความชัดภาพ	แพทยศาสตร์	
agent, sclerosing	สารก่อกระด้าง	แพทยศาสตร์	
agesthesia	ความรู้สึกเจ็บปวด [มีความหมายเหมือนกับ algesia 1]	แพทยศาสตร์	
agaesthesia	ความรู้สึกเจ็บปวด [มีความหมายเหมือนกับ algesia 1]	แพทยศาสตร์	
nociception	ความรู้สึกเจ็บปวด [มีความหมายเหมือนกับ algesia 1]	แพทยศาสตร์	
sense, pain	ความรู้สึกเจ็บปวด [มีความหมายเหมือนกับ algesia 1]	แพทยศาสตร์	
ageusia	ภาวะเสียการรู้รส	แพทยศาสตร์	
ageustia	ภาวะเสียการรู้รส	แพทยศาสตร์	
agglutination	การเกาะกลุ่ม [มีความหมายเหมือนกับ clumping]	แพทยศาสตร์	
agglutination	การประสาน	แพทยศาสตร์	
aggravate	ทำให้ร้ายแรงขึ้น	แพทยศาสตร์	
aggregate	ส่วนปรุงแต่ง	แพทยศาสตร์	
aggregate	รวมกลุ่ม	แพทยศาสตร์	
aggression	ความก้าวร้าว	แพทยศาสตร์	
aggressive	ก้าวร้าว	แพทยศาสตร์	
aggressive	ห้าวหาญ	แพทยศาสตร์	
aging	การเปลี่ยนตามวัย	แพทยศาสตร์	
ageing	การเปลี่ยนตามวัย	แพทยศาสตร์	
agitation	ภาวะกายใจไม่สงบ	แพทยศาสตร์	
agnosia	ภาวะเสียการระลึกรู้	แพทยศาสตร์	
agnosia, acoustic	ภาวะเสียการระลึกรู้ทางการได้ยิน	แพทยศาสตร์	
agnosia, auditory	ภาวะเสียการระลึกรู้ทางการได้ยิน	แพทยศาสตร์	
agnosia, gustatory	ภาวะเสียการระลึกรู้รส	แพทยศาสตร์	
agnosia, olfactory	ภาวะเสียการระลึกรู้ทางกลิ่น	แพทยศาสตร์	
agnosia, tactile	ภาวะเสียการระลึกรู้ทางการสัมผัส	แพทยศาสตร์	
agnosia, visual	ภาวะเสียการระลึกรู้ทางการเห็น	แพทยศาสตร์	
blindness, cortical psychic	ภาวะเสียการระลึกรู้ทางการเห็น	แพทยศาสตร์	
blindness, psychic	ภาวะเสียการระลึกรู้ทางการเห็น	แพทยศาสตร์	
psychanopsia	ภาวะเสียการระลึกรู้ทางการเห็น	แพทยศาสตร์	
agonist	ตัวทำการ	แพทยศาสตร์	
agony	ความเจ็บปวดรวดร้าว	แพทยศาสตร์	
agony	ความลิงโลด	แพทยศาสตร์	
agoraphilia	อาการชอบที่โล่ง	แพทยศาสตร์	
agoraphobia	อาการกลัวที่โล่ง	แพทยศาสตร์	
agranulocytosis	ภาวะแกรนูโลไซต์น้อย	แพทยศาสตร์	
agraphia	ภาวะเสียการเขียนสื่อความ	แพทยศาสตร์	
aichmophobia	อาการกลัวของแหลม	แพทยศาสตร์	
AIDS	กลุ่มอาการภูมิคุ้มกันเสื่อม	แพทยศาสตร์	
syndrome, acquired immune deficiency	กลุ่มอาการภูมิคุ้มกันเสื่อม	แพทยศาสตร์	
syndrome, acquired immunodeficiency	กลุ่มอาการภูมิคุ้มกันเสื่อม	แพทยศาสตร์	
ailurophilia	อาการชอบแมว	แพทยศาสตร์	
ailurophobia	อาการกลัวแมว	แพทยศาสตร์	
air, alveolar	อากาศถุงลม	แพทยศาสตร์	
air, reserve	อากาศสำรอง	แพทยศาสตร์	
air, residual	อากาศค้าง	แพทยศาสตร์	
air, tidal	อากาศหายใจเข้าออก	แพทยศาสตร์	
airway	ทางเดินอากาศหายใจ [มีความหมายเหมือนกับ passage	แพทยศาสตร์	
airway	ท่อหายใจทางปาก	แพทยศาสตร์	
akathisia	อาการนั่งไม่ติดที่	แพทยศาสตร์	
akinesia	ภาวะเสียการเคลื่อนไหว	แพทยศาสตร์	
akinesis	ภาวะเสียการเคลื่อนไหว	แพทยศาสตร์	
alacrima	ภาวะไร้น้ำตา	แพทยศาสตร์	
alacrima	ภาวะน้ำตาน้อย	แพทยศาสตร์	
alactasia	ภาวะขาดแล็กเทส	แพทยศาสตร์	
albinism	สภาพเผือก	แพทยศาสตร์	
albino	คนเผือก	แพทยศาสตร์	
albino	สัตว์เผือก	แพทยศาสตร์	
albino	-เผือก	แพทยศาสตร์	
albumin	แอลบูมิน	แพทยศาสตร์	
albuminuria	ภาวะปัสสาวะมีแอลบูมิน	แพทยศาสตร์	
alcohol	แอลกอฮอล์	แพทยศาสตร์	
alcohol, absolute	แอลกอฮอล์สัมบูรณ์	แพทยศาสตร์	
alcoholisation	การแปรเป็นแอลกอฮอล์	แพทยศาสตร์	
alcoholization	การบำบัดด้วยแอลกอฮอล์	แพทยศาสตร์	
alcoholisation	การแปรเป็นแอลกอฮอล์	แพทยศาสตร์	
alcoholization	การบำบัดด้วยแอลกอฮอล์	แพทยศาสตร์	
alcoholism	โรคพิษสุรา	แพทยศาสตร์	
alexia	ภาวะเสียการสื่อความเหตุศูนย์การเห็น	แพทยศาสตร์	
amnesia, visual	ภาวะเสียการสื่อความเหตุศูนย์การเห็น	แพทยศาสตร์	
aphasia, visual	ภาวะเสียการสื่อความเหตุศูนย์การเห็น	แพทยศาสตร์	
blindness, word	ภาวะเสียการอ่าน	แพทยศาสตร์	
algesia	ความรู้สึกเจ็บปวด [มีความหมายเหมือนกับ agaesthesia/agesthesia	แพทยศาสตร์	
algesia	ความเจ็บ	แพทยศาสตร์	
algesia	ความปวด	แพทยศาสตร์	
algid	เย็นเยือก	แพทยศาสตร์	
algogenesis	การก่อความเจ็บปวด	แพทยศาสตร์	
algophobia	อาการกลัวเจ็บ	แพทยศาสตร์	
odynophobia	อาการกลัวเจ็บ	แพทยศาสตร์	
alienation	ความรู้สึกแปลกพวก	แพทยศาสตร์	
alimentary	-อาหาร	แพทยศาสตร์	
alimentation	การให้อาหาร	แพทยศาสตร์	
alimentation	การรับอาหาร	แพทยศาสตร์	
alimentation, rectal	การให้อาหารทางทวารหนัก	แพทยศาสตร์	
alkalaemia	ภาวะเลือดมีด่างเกิน	แพทยศาสตร์	
alkalemia	ภาวะเลือดมีด่างเกิน	แพทยศาสตร์	
alkaloid	แอลคาลอยด์	แพทยศาสตร์	
alkalosis	แอลคาโลซิส	แพทยศาสตร์	
allergen	สารก่อภูมิแพ้	แพทยศาสตร์	
allergy	ภูมิแพ้	แพทยศาสตร์	
allergy, food	ภูมิแพ้อาหาร	แพทยศาสตร์	
alleviate	บรรเทา	แพทยศาสตร์	
alleviate	ประทัง	แพทยศาสตร์	
palliate	บรรเทา	แพทยศาสตร์	
palliate	ประทัง	แพทยศาสตร์	
alleviation	การบรรเทาอาการ	แพทยศาสตร์	
alleviation	การประทังอาการ	แพทยศาสตร์	
palliation	การบรรเทาอาการ	แพทยศาสตร์	
palliation	การประทังอาการ	แพทยศาสตร์	
alleviative	-บรรเทาอาการ	แพทยศาสตร์	
alleviative	-ประทังอาการ	แพทยศาสตร์	
palliative	ยาบรรเทาอาการ	แพทยศาสตร์	
palliative	ยาประทังอาการ	แพทยศาสตร์	
alleviative	-บรรเทาอาการ	แพทยศาสตร์	
alleviative	-ประทังอาการ	แพทยศาสตร์	
palliative	ยาบรรเทาอาการ	แพทยศาสตร์	
palliative	ยาประทังอาการ	แพทยศาสตร์	
allograft	เนื้อเยื่อปลูกถ่ายเอกพันธุ์	แพทยศาสตร์	
graft, allogeneic	เนื้อเยื่อปลูกถ่ายเอกพันธุ์	แพทยศาสตร์	
homograft	เนื้อเยื่อปลูกถ่ายเอกพันธุ์	แพทยศาสตร์	
homotransplant	เนื้อเยื่อปลูกถ่ายเอกพันธุ์	แพทยศาสตร์	
allokeratoplasty	ศัลยกรรมใส่กระจกตาเทียม	แพทยศาสตร์	
aloes	ยาดำ	แพทยศาสตร์	
alopecia adnata	สภาพหัวล้านแต่กำเนิด	แพทยศาสตร์	
alopecia areata	อาการผมร่วงเป็นหย่อม	แพทยศาสตร์	
alopecia capitis totalis	หัวล้านเกลี้ยง	แพทยศาสตร์	
alopecia seborrheica	หัวล้านเหตุรังแค	แพทยศาสตร์	
seborrhoeica	หัวล้านเหตุรังแค	แพทยศาสตร์	
alveolus	ถุงลม	แพทยศาสตร์	
alveolus	เบ้าฟัน	แพทยศาสตร์	
amastia	สภาพไร้เต้านมแต่กำเนิด	แพทยศาสตร์	
amazia	สภาพไร้เต้านมแต่กำเนิด	แพทยศาสตร์	
Amaurosis	ตาบอดตาใส	แพทยศาสตร์	
Amaurosis	ตาบอด [มีความหมายเหมือนกับ ablepsia	แพทยศาสตร์	
amaurosis fugax	ตามืดชั่วขณะ	แพทยศาสตร์	
amazia	สภาพไร้เต้านมแต่กำเนิด	แพทยศาสตร์	
amastia	สภาพไร้เต้านมแต่กำเนิด	แพทยศาสตร์	
amber	อำพัน	แพทยศาสตร์	
succinum	อำพัน	แพทยศาสตร์	
ambilateral	ทั้งสองข้าง	แพทยศาสตร์	
amblyopia	ตามัว	แพทยศาสตร์	
ameba	อะมีบา	แพทยศาสตร์	
amoeba	อะมีบา	แพทยศาสตร์	
amebacide	สารฆ่าอะมีบา	แพทยศาสตร์	
amoebacide	สารฆ่าอะมีบา	แพทยศาสตร์	
amebicide	สารฆ่าอะมีบา	แพทยศาสตร์	
amoebicide	สารฆ่าอะมีบา	แพทยศาสตร์	
ameloblastoma	เนื้องอกเซลล์กำเนิดฟัน	แพทยศาสตร์	
amenorrhea	ภาวะขาดระดู	แพทยศาสตร์	
amenorrhoea	ภาวะขาดระดู	แพทยศาสตร์	
menostasia	ภาวะขาดระดู	แพทยศาสตร์	
menostasis	ภาวะขาดระดู	แพทยศาสตร์	
ametropia	สายตาผิดปรกติ	แพทยศาสตร์	
amnesia	ภาวะเสียความจำ	แพทยศาสตร์	
amnesia, visual	ภาวะเสียการสื่อความเหตุศูนย์การเห็น	แพทยศาสตร์	
amnesia, visual	ภาวะเสียการอ่าน	แพทยศาสตร์	
alexia	ภาวะเสียการสื่อความเหตุศูนย์การเห็น	แพทยศาสตร์	
alexia	ภาวะเสียการอ่าน	แพทยศาสตร์	
aphasia, visual	ภาวะเสียการสื่อความเหตุศูนย์การเห็น	แพทยศาสตร์	
aphasia, visual	ภาวะเสียการอ่าน	แพทยศาสตร์	
blindness, word	ภาวะเสียการสื่อความเหตุศูนย์การเห็น	แพทยศาสตร์	
blindness, word	ภาวะเสียการอ่าน	แพทยศาสตร์	
amnion	เยื่อถุงน้ำคร่ำ	แพทยศาสตร์	
amniotic	-เยื่อถุงน้ำคร่ำ	แพทยศาสตร์	
amoeba	อะมีบา	แพทยศาสตร์	
ameba	อะมีบา	แพทยศาสตร์	
amoebacide	สารฆ่าอะมีบา	แพทยศาสตร์	
amebacide	สารฆ่าอะมีบา	แพทยศาสตร์	
amoebicide	สารฆ่าอะมีบา	แพทยศาสตร์	
amebicide	สารฆ่าอะมีบา	แพทยศาสตร์	
amphiarthrosis	ข้อต่อชนิดกระดูกอ่อนคั่น	แพทยศาสตร์	
joint, cartilaginous	ข้อต่อชนิดกระดูกอ่อนคั่น	แพทยศาสตร์	
amphibian	สัตว์สะเทินน้ำสะเทินบก	แพทยศาสตร์	
amplitude	ความกว้าง	แพทยศาสตร์	
amplitude	ช่วง	แพทยศาสตร์	
amplitude of accommodation	ช่วงปรับสายตา	แพทยศาสตร์	
amplitude of contraction	ช่วงหดตัว	แพทยศาสตร์	
amputation	การตัดอวัยวะออก	แพทยศาสตร์	
amputation, root	การตัดรากฟัน	แพทยศาสตร์	
radectomy	การตัดรากฟัน	แพทยศาสตร์	
radiectomy	การตัดรากฟัน	แพทยศาสตร์	
amusia	ภาวะเสียการรู้ดนตรี	แพทยศาสตร์	
amygdaline	คล้ายอัลมอนด์	แพทยศาสตร์	
amygdaline	-ทอนซิล [มีความหมายเหมือนกับ tonsillar]	แพทยศาสตร์	
amylase	เอนไซม์ย่อยแป้ง	แพทยศาสตร์	
amylase	แอมีเลส	แพทยศาสตร์	
amylogenesis	การทำให้เกิดแป้ง	แพทยศาสตร์	
amyloid	คล้ายแป้ง	แพทยศาสตร์	
amyloid	แอมีลอยด์	แพทยศาสตร์	
amyloidosis	โรคแอมีลอยด์	แพทยศาสตร์	
amylosis	โรคแอมีลอยด์	แพทยศาสตร์	
amylophagia	อาการกระหายอาหารแป้ง	แพทยศาสตร์	
amylosis	โรคแอมีลอยด์	แพทยศาสตร์	
amyloidosis	โรคแอมีลอยด์	แพทยศาสตร์	
amyosthenia	กล้ามเนื้ออ่อนแรง	แพทยศาสตร์	
myasthenia	กล้ามเนื้ออ่อนแรง	แพทยศาสตร์	
myoasthenia	กล้ามเนื้ออ่อนแรง	แพทยศาสตร์	
amyotrophy	กล้ามเนื้อฝ่อลีบ	แพทยศาสตร์	
myatrophy	กล้ามเนื้อฝ่อลีบ	แพทยศาสตร์	
myoatrophy	กล้ามเนื้อฝ่อลีบ	แพทยศาสตร์	
anacidity	ภาวะไร้กรด	แพทยศาสตร์	
inacidity	ภาวะไร้กรด	แพทยศาสตร์	
anaclitic	-ยึดติดทางอารมณ์	แพทยศาสตร์	
anaemia	ภาวะเลือดจาง	แพทยศาสตร์	
anemia	ภาวะเลือดจาง	แพทยศาสตร์	
spanaemia	ภาวะเลือดจาง	แพทยศาสตร์	
spanemia	ภาวะเลือดจาง	แพทยศาสตร์	
anaesthesia	อาการชา	แพทยศาสตร์	
anaesthesia	อาการไม่รู้สึก [มีความหมายเหมือนกับ numbness]	แพทยศาสตร์	
anaesthesia	การชา	แพทยศาสตร์	
anaesthesia	การให้ยาชา [ศัพท์ที่มีคำ anesthesia ประกอบดูที่ anaesthesia	แพทยศาสตร์	
anesthesia	อาการชา	แพทยศาสตร์	
anesthesia	อาการไม่รู้สึก [มีความหมายเหมือนกับ numbness]	แพทยศาสตร์	
anesthesia	การชา	แพทยศาสตร์	
anesthesia	การให้ยาชา [ศัพท์ที่มีคำ anesthesia ประกอบดูที่ anaesthesia	แพทยศาสตร์	
anaesthesia, general	อาการสลบ	แพทยศาสตร์	
anaesthesia, local	อาการชาเฉพาะที่	แพทยศาสตร์	
anaesthesia, local	อาการไม่รู้สึกเฉพาะที่	แพทยศาสตร์	
anaesthesia, nursing	การพยาบาลวิสัญญี	แพทยศาสตร์	
anaesthesia, spinal	การชาโดยฉีดยาเข้าช่องน้ำไขสันหลัง	แพทยศาสตร์	
anaesthesiology	วิสัญญีวิทยา	แพทยศาสตร์	
anesthesiology	วิสัญญีวิทยา	แพทยศาสตร์	
anaesthetic	ยาระงับความรู้สึก [ศัพท์ที่มีคำ anesthetic ประกอบ ดูที่ anaesthetic	แพทยศาสตร์	
anesthetic	ยาระงับความรู้สึก [ศัพท์ที่มีคำ anesthetic ประกอบ ดูที่ anaesthetic	แพทยศาสตร์	
anaesthetic, general	ยาสลบ	แพทยศาสตร์	
anaesthetic, general	ยาระงับความรู้สึกทั้งตัว	แพทยศาสตร์	
anaesthetic, local	ยาชา	แพทยศาสตร์	
anaesthetic, local	ยาระงับความรู้สึกเฉพาะที่	แพทยศาสตร์	
anaesthetisation	การทำให้ชา	แพทยศาสตร์	
anesthetization	การทำให้ชา	แพทยศาสตร์	
anaesthetist	วิสัญญีแพทย์	แพทยศาสตร์	
anesthetist	วิสัญญีแพทย์	แพทยศาสตร์	
anal	-ทวารหนัก	แพทยศาสตร์	
analeptic	ยาปลุกสมอง	แพทยศาสตร์	
analgesia	ความไม่รู้เจ็บ	แพทยศาสตร์	
analgesia, local	ความไม่รู้เจ็บเฉพาะที่	แพทยศาสตร์	
analgesic	ยาระงับปวด	แพทยศาสตร์	
analgia	ความไม่เจ็บ	แพทยศาสตร์	
anamnesis	ความสามารถจำ	แพทยศาสตร์	
anaphia	ภาวะเสียกายสัมผัส	แพทยศาสตร์	
anaphylaxis	แอนาฟิแล็กซิส	แพทยศาสตร์	
anasarca	การบวมทั้งตัว	แพทยศาสตร์	
anasarca	มานทะลุน	แพทยศาสตร์	
anastatic	ยาบูรณะสภาพ [มีความหมายเหมือนกับ restorative 2]	แพทยศาสตร์	
anastomosis	การเชื่อมประสาน	แพทยศาสตร์	
anastomosis	การต่อ	แพทยศาสตร์	
anatomy	กายวิภาคศาสตร์	แพทยศาสตร์	
anatomy	การตัดซ้ำ	แพทยศาสตร์	
anatomy, animal	สัตวกายวิภาคศาสตร์ [มีความหมายเหมือนกับ zootomy 1]	แพทยศาสตร์	
anatomy, descriptive	กายวิภาคศาสตร์พรรณนา	แพทยศาสตร์	
anatomy, gross	มหกายวิภาคศาสตร์	แพทยศาสตร์	
anatomy, macroscopic	มหกายวิภาคศาสตร์	แพทยศาสตร์	
anatomy, microscopic	จุลกายวิภาคศาสตร์ [มีความหมายเหมือนกับ histology]	แพทยศาสตร์	
anatomy, pathologic	พยาธิกายวิภาคศาสตร์	แพทยศาสตร์	
anatomy, pathological	พยาธิกายวิภาคศาสตร์	แพทยศาสตร์	
pathoanatomy	พยาธิกายวิภาคศาสตร์	แพทยศาสตร์	
anatomy, surgical	ศัลยกายวิภาคศาสตร์	แพทยศาสตร์	
anatomy, topographic	กายวิภาคศาสตร์เฉพาะส่วน	แพทยศาสตร์	
ancylostome	พยาธิปากขอ	แพทยศาสตร์	
ankylostome	พยาธิปากขอ	แพทยศาสตร์	
hookworm	พยาธิปากขอ	แพทยศาสตร์	
androgen	ฮอร์โมนเพศชาย	แพทยศาสตร์	
androgenic	-ให้ลักษณะชาย	แพทยศาสตร์	
androsterone	แอนดรอสเทอโรน	แพทยศาสตร์	
anemia	ภาวะเลือดจาง	แพทยศาสตร์	
anaemia	ภาวะเลือดจาง	แพทยศาสตร์	
spanaemia	ภาวะเลือดจาง	แพทยศาสตร์	
spanemia	ภาวะเลือดจาง	แพทยศาสตร์	
anencephaly	สภาพไร้สมองใหญ่	แพทยศาสตร์	
anesthesia	อาการชา	แพทยศาสตร์	
anesthesia	อาการไม่รู้สึก [มีความหมายเหมือนกับ numbness]	แพทยศาสตร์	
anesthesia	การชา	แพทยศาสตร์	
anesthesia	การให้ยาชา [ศัพท์ที่มีคำ anesthesia ประกอบดูที่ anaesthesia	แพทยศาสตร์	
anaesthesia	อาการชา	แพทยศาสตร์	
anaesthesia	อาการไม่รู้สึก [มีความหมายเหมือนกับ numbness]	แพทยศาสตร์	
anaesthesia	การชา	แพทยศาสตร์	
anaesthesia	การให้ยาชา [ศัพท์ที่มีคำ anesthesia ประกอบดูที่ anaesthesia	แพทยศาสตร์	
anesthesiology	วิสัญญีวิทยา	แพทยศาสตร์	
anaesthesiology	วิสัญญีวิทยา	แพทยศาสตร์	
anesthetic	ยาระงับความรู้สึก [ศัพท์ที่มีคำ anesthetic ประกอบ ดูที่ anaesthetic	แพทยศาสตร์	
anaesthetic	ยาระงับความรู้สึก [ศัพท์ที่มีคำ anesthetic ประกอบ ดูที่ anaesthetic	แพทยศาสตร์	
anesthetist	วิสัญญีแพทย์	แพทยศาสตร์	
anaesthetist	วิสัญญีแพทย์	แพทยศาสตร์	
anesthetization	การทำให้ชา	แพทยศาสตร์	
anaesthetisation	การทำให้ชา	แพทยศาสตร์	
aneurysm	หลอดเลือดโป่งพอง	แพทยศาสตร์	
aneurysm, abdominal	หลอดเลือดช่องท้องโป่งพอง	แพทยศาสตร์	
aneurysm, saccular	หลอดเลือดโป่งพองเป็นกระเปาะ	แพทยศาสตร์	
aneurysm, sacculated	หลอดเลือดโป่งพองเป็นกระเปาะ	แพทยศาสตร์	
angiitis	หลอดเลือดอักเสบ	แพทยศาสตร์	
angiitis	หลอดน้ำเหลืองอักเสบ	แพทยศาสตร์	
angina	อาการปวดเค้น	แพทยศาสตร์	
angina pectoris	อาการปวดเค้นหัวใจ [มีความหมายเหมือนกับ sternalgia	แพทยศาสตร์	
stenocardia	อาการปวดเค้นหัวใจ [มีความหมายเหมือนกับ sternalgia	แพทยศาสตร์	
angiocardiography	การถ่ายภาพรังสีหัวใจและหลอดเลือด	แพทยศาสตร์	
cardioangiography	การถ่ายภาพรังสีหัวใจและหลอดเลือด	แพทยศาสตร์	
angiography	การบันทึกภาพรังสีหลอดเลือดหรือหลอดน้ำเหลือง	แพทยศาสตร์	
angiography	ตำราว่าด้วยหลอดเลือดและหลอดน้ำเหลือง	แพทยศาสตร์	
angiography	การศึกษาหลอดเลือดและหลอดน้ำเหลือง	แพทยศาสตร์	
angiology	นาฬิวิทยา	แพทยศาสตร์	
angiology	วิทยาหลอดเลือดและหลอดน้ำเหลือง	แพทยศาสตร์	
angioplasty	ศัลยกรรมตกแต่งหลอดเลือด	แพทยศาสตร์	
angiospasm	ภาวะหลอดเลือดบีบเกร็ง	แพทยศาสตร์	
spasm, vascular	ภาวะหลอดเลือดบีบเกร็ง	แพทยศาสตร์	
angiostenosis	ภาวะหลอดเลือดตีบ	แพทยศาสตร์	
angiotonia	ความตึงตัวของหลอดเลือด	แพทยศาสตร์	
vasotonia	ความตึงตัวของหลอดเลือด	แพทยศาสตร์	
angiotribe	เครื่องบี้หลอดเลือด	แพทยศาสตร์	
vasotribe	เครื่องบี้หลอดเลือด	แพทยศาสตร์	
angiotripsy	การบี้หลอดเลือด	แพทยศาสตร์	
vasotripsy	การบี้หลอดเลือด	แพทยศาสตร์	
anhedonia	ภาวะสิ้นยินดี	แพทยศาสตร์	
anhidrosis	ภาวะขาดเหงื่อ	แพทยศาสตร์	
anhidrotic	สารห้ามเหงื่อ	แพทยศาสตร์	
anhidrotic	-ห้ามเหงื่อ	แพทยศาสตร์	
antihidrotic	สารห้ามเหงื่อ	แพทยศาสตร์	
antihidrotic	-ห้ามเหงื่อ	แพทยศาสตร์	
anhydraemia	ภาวะเลือดขาดน้ำ	แพทยศาสตร์	
anhydremia	ภาวะเลือดขาดน้ำ	แพทยศาสตร์	
anhydrous	ไร้น้ำ	แพทยศาสตร์	
aniridia	สภาพไร้ม่านตาแต่กำเนิด	แพทยศาสตร์	
irideremia	สภาพไร้ม่านตาแต่กำเนิด	แพทยศาสตร์	
aniseikonia	อาการตาเห็นรูปต่างกัน	แพทยศาสตร์	
anisochromia	ภาวะสีเม็ดเลือดแดงไม่เสมอกัน	แพทยศาสตร์	
anisocoria	ภาวะรูม่านตาไม่เท่ากัน	แพทยศาสตร์	
anisocytosis	ภาวะเม็ดเลือดแดงหลากขนาด	แพทยศาสตร์	
anisomastia	สภาพถันต่างขนาด	แพทยศาสตร์	
ankle	ตาตุ่ม	แพทยศาสตร์	
ankle	ข้อเท้า [มีความหมายเหมือนกับ joint	แพทยศาสตร์	
ankyloblepharon	ภาวะหนังตาติดกัน	แพทยศาสตร์	
ankyloglossia	ลิ้นยึด	แพทยศาสตร์	
tongue, adherent	ลิ้นยึด	แพทยศาสตร์	
tongue-tie	ลิ้นยึด	แพทยศาสตร์	
ankylosis	ข้อยึดติด [มีความหมายเหมือนกับ arthroclisis	แพทยศาสตร์	
ankylostome	พยาธิปากขอ	แพทยศาสตร์	
ancylostome	พยาธิปากขอ	แพทยศาสตร์	
hookworm	พยาธิปากขอ	แพทยศาสตร์	
ankylostomiasis	โรคพยาธิปากขอ	แพทยศาสตร์	
uncinariasis	โรคพยาธิปากขอ	แพทยศาสตร์	
uncinariosis	โรคพยาธิปากขอ	แพทยศาสตร์	
anodyne	ยาแก้ปวด	แพทยศาสตร์	
anodyne	แก้ปวด	แพทยศาสตร์	
anomalous	ผิดธรรมดา	แพทยศาสตร์	
anomalous	วิกล	แพทยศาสตร์	
anomaly	วิกลภาพ	แพทยศาสตร์	
anophthalmia	สภาพไร้ลูกตาแต่กำเนิด	แพทยศาสตร์	
anophthalmia	คนไร้ลูกตาแต่กำเนิด	แพทยศาสตร์	
anophthalmos	สภาพไร้ลูกตาแต่กำเนิด	แพทยศาสตร์	
anophthalmos	คนไร้ลูกตาแต่กำเนิด	แพทยศาสตร์	
anophthalmus	สภาพไร้ลูกตาแต่กำเนิด	แพทยศาสตร์	
anophthalmus	คนไร้ลูกตาแต่กำเนิด	แพทยศาสตร์	
anopia	สภาพไร้ลูกตา	แพทยศาสตร์	
anopia	สายตาเสีย [มีความหมายเหมือนกับ anopsia]	แพทยศาสตร์	
anopsia	สายตาเสีย [มีความหมายเหมือนกับ anopia 2]	แพทยศาสตร์	
anorchia	สภาพไร้อัณฑะ	แพทยศาสตร์	
anorectic	ยาเบื่ออาหาร	แพทยศาสตร์	
anorectic	-เบื่ออาหาร	แพทยศาสตร์	
anoretic	ยาเบื่ออาหาร	แพทยศาสตร์	
anoretic	-เบื่ออาหาร	แพทยศาสตร์	
anorexic	ยาเบื่ออาหาร	แพทยศาสตร์	
anorexic	-เบื่ออาหาร	แพทยศาสตร์	
anorexia	ภาวะเบื่ออาหาร	แพทยศาสตร์	
anorexia nervosa	โรคเบื่ออาหารเหตุจิตใจ	แพทยศาสตร์	
anorexic	ยาเบื่ออาหาร	แพทยศาสตร์	
anorexic	-เบื่ออาหาร	แพทยศาสตร์	
anorectic	ยาเบื่ออาหาร	แพทยศาสตร์	
anorectic	-เบื่ออาหาร	แพทยศาสตร์	
anoretic	ยาเบื่ออาหาร	แพทยศาสตร์	
anoretic	-เบื่ออาหาร	แพทยศาสตร์	
anoscopy	การตรวจทวารหนักด้วยกล้อง	แพทยศาสตร์	
anosmia	ภาวะเสียการรู้กลิ่น	แพทยศาสตร์	
dysosmia	ภาวะเสียการรู้กลิ่น	แพทยศาสตร์	
anosognosia	ภาวะเสียสำนึกความพิการ	แพทยศาสตร์	
anoxaemia	ภาวะเลือดขาดออกซิเจน	แพทยศาสตร์	
anoxemia	ภาวะเลือดขาดออกซิเจน	แพทยศาสตร์	
anoxia	ภาวะขาดออกซิเจน	แพทยศาสตร์	
ANS (spine, anterior nasal)	เอเอ็นเอส	แพทยศาสตร์	
ANS (system, autonomic nervous)	เอเอ็นเอส  [มีความหมายเหมือนกับ system	แพทยศาสตร์	
antacid	ยาลดกรด	แพทยศาสตร์	
antagonise	ต่อต้าน	แพทยศาสตร์	
antagonise	เป็นปฏิปักษ์	แพทยศาสตร์	
antagonize	ต่อต้าน	แพทยศาสตร์	
antagonize	เป็นปฏิปักษ์	แพทยศาสตร์	
antagonism	การต่อต้าน	แพทยศาสตร์	
antagonism	การเป็นปฏิปักษ์	แพทยศาสตร์	
antagonist	สารต้าน	แพทยศาสตร์	
antagonist	ตัวต้าน	แพทยศาสตร์	
antagonist	ปฏิปักษ์	แพทยศาสตร์	
antagonize	ต่อต้าน	แพทยศาสตร์	
antagonize	เป็นปฏิปักษ์	แพทยศาสตร์	
antagonise	ต่อต้าน	แพทยศาสตร์	
antagonise	เป็นปฏิปักษ์	แพทยศาสตร์	
anteflexion	การงอทางด้านหน้า	แพทยศาสตร์	
antegrade	-เคลื่อนไปข้างหน้า	แพทยศาสตร์	
antegrade	-ยื่นไปข้างหน้า	แพทยศาสตร์	
anterograde	-เคลื่อนไปข้างหน้า	แพทยศาสตร์	
anterograde	-ยื่นไปข้างหน้า	แพทยศาสตร์	
ante mortem	ก่อนตาย	แพทยศาสตร์	
antenatal	ก่อนเกิด	แพทยศาสตร์	
antepartum	ก่อนคลอด	แพทยศาสตร์	
anterior	-หน้า	แพทยศาสตร์	
anterograde	-เคลื่อนไปข้างหน้า	แพทยศาสตร์	
anterograde	-ยื่นไปข้างหน้า	แพทยศาสตร์	
antegrade	-เคลื่อนไปข้างหน้า	แพทยศาสตร์	
antegrade	-ยื่นไปข้างหน้า	แพทยศาสตร์	
anteroinferior	-ส่วนล่างด้านหน้า	แพทยศาสตร์	
anterosuperior	-ส่วนบนด้านหน้า	แพทยศาสตร์	
anthelminthic	-ฆ่าหนอนพยาธิ	แพทยศาสตร์	
anthelminthic	ยาฆ่าหนอนพยาธิ [มีความหมายเหมือนกับ vermifuge 2]	แพทยศาสตร์	
anthelmintic	-ฆ่าหนอนพยาธิ	แพทยศาสตร์	
anthelmintic	ยาฆ่าหนอนพยาธิ [มีความหมายเหมือนกับ vermifuge 2]	แพทยศาสตร์	
helminthagogue	-ฆ่าหนอนพยาธิ	แพทยศาสตร์	
helminthagogue	ยาฆ่าหนอนพยาธิ [มีความหมายเหมือนกับ vermifuge 2]	แพทยศาสตร์	
anthropology	มานุษยวิทยา	แพทยศาสตร์	
anthrostomy	การเจาะระบายโพรง	แพทยศาสตร์	
antibacterial	สารต้านแบคทีเรีย	แพทยศาสตร์	
antibacterial	-ต้านแบคทีเรีย	แพทยศาสตร์	
antibiosis	ปฏิชีวภาพ	แพทยศาสตร์	
antibiotic	ยาปฏิชีวนะ	แพทยศาสตร์	
antibiotic	-ปฏิชีวนะ	แพทยศาสตร์	
antibody	สารภูมิต้านทาน	แพทยศาสตร์	
anticholinergic	แอนติโคลิเนอร์จิก	แพทยศาสตร์	
anticoagulant	สารกันเลือดเป็นลิ่ม	แพทยศาสตร์	
anticonvulsant	ยากันชัก	แพทยศาสตร์	
anticonvulsant	ยาแก้ชัก	แพทยศาสตร์	
anticonvulsant	-กันชัก	แพทยศาสตร์	
anticonvulsant	-แก้ชัก	แพทยศาสตร์	
anticonvulsive	ยากันชัก	แพทยศาสตร์	
anticonvulsive	ยาแก้ชัก	แพทยศาสตร์	
anticonvulsive	-กันชัก	แพทยศาสตร์	
anticonvulsive	-แก้ชัก	แพทยศาสตร์	
antidepressant	ยาแก้ซึมเศร้า	แพทยศาสตร์	
antidepressant	-แก้ซึมเศร้า	แพทยศาสตร์	
thymoleptic	ยาแก้ซึมเศร้า	แพทยศาสตร์	
thymoleptic	-แก้ซึมเศร้า	แพทยศาสตร์	
antidiarrheic	ยาแก้ท้องร่วง	แพทยศาสตร์	
antidiarrhoeic	ยาแก้ท้องร่วง	แพทยศาสตร์	
antidiuretic	ยาลดปัสสาวะ	แพทยศาสตร์	
antidote	ยาแก้พิษ	แพทยศาสตร์	
antidromic	-ทวนทิศ	แพทยศาสตร์	
antidysenteric	ยาแก้บิด	แพทยศาสตร์	
antidysenteric	-แก้บิด	แพทยศาสตร์	
antiemetic	ยาแก้อาเจียน	แพทยศาสตร์	
antienzyme	สารต้านเอนไซม์	แพทยศาสตร์	
antifebrile	ยาลดไข้	แพทยศาสตร์	
antifebrile	-ลดไข้	แพทยศาสตร์	
antipyretic	ยาลดไข้	แพทยศาสตร์	
antipyretic	-ลดไข้	แพทยศาสตร์	
antigen	สารก่อภูมิต้านทาน	แพทยศาสตร์	
antihidrotic	สารห้ามเหงื่อ	แพทยศาสตร์	
antihidrotic	-ห้ามเหงื่อ	แพทยศาสตร์	
anhidrotic	สารห้ามเหงื่อ	แพทยศาสตร์	
anhidrotic	-ห้ามเหงื่อ	แพทยศาสตร์	
antihistamine	สารต้านฮิสทามีน	แพทยศาสตร์	
antihormone	สารต้านฮอร์โมน	แพทยศาสตร์	
anti-infective	-ต้านการติดเชื้อ	แพทยศาสตร์	
anti-inflammatory	ยาแก้อักเสบ	แพทยศาสตร์	
anti-inflammatory	-แก้อักเสบ	แพทยศาสตร์	
antileprotic	ยารักษาโรคเรื้อน	แพทยศาสตร์	
antilithic	ยาป้องกันนิ่ว	แพทยศาสตร์	
antilithic	-ป้องกันนิ่ว	แพทยศาสตร์	
antiluetic	ยาต้านซิฟิลิส	แพทยศาสตร์	
antiluetic	-ต้านซิฟิลิส	แพทยศาสตร์	
antisyphilitic	ยาต้านซิฟิลิส	แพทยศาสตร์	
antisyphilitic	-ต้านซิฟิลิส	แพทยศาสตร์	
antimalarial	ยาต้านมาลาเรีย	แพทยศาสตร์	
antimalarial	-ต้านมาลาเรีย	แพทยศาสตร์	
antimanic	ยาต้านฟุ้งพล่าน	แพทยศาสตร์	
antimicrobial	ยาต้านจุลชีพ	แพทยศาสตร์	
antimicrobial	-ต้านจุลชีพ	แพทยศาสตร์	
antimycotic	ยาต้านเชื้อรา	แพทยศาสตร์	
antineuralgic	ยาแก้ปวดประสาท	แพทยศาสตร์	
antineuralgic	-แก้ปวดประสาท	แพทยศาสตร์	
antineuritic	ยารักษาประสาทอักเสบ	แพทยศาสตร์	
antiparasitic	ยาต้านปรสิต	แพทยศาสตร์	
antiparasitic	ยาต้านพยาธิ	แพทยศาสตร์	
antiparasitic	-ต้านปรสิต	แพทยศาสตร์	
antiparasitic	-ต้านพยาธิ	แพทยศาสตร์	
antipathy	ความชัง	แพทยศาสตร์	
antiperistalsis	การบีบรูดย้อน	แพทยศาสตร์	
retrostalsis	การบีบรูดย้อน	แพทยศาสตร์	
antiphlogistic	ยาแก้อักเสบ	แพทยศาสตร์	
antiphlogistic	-แก้อักเสบ	แพทยศาสตร์	
antipruritic	ยาแก้คัน	แพทยศาสตร์	
antipruritic	-แก้คัน	แพทยศาสตร์	
antipsychotic	ยารักษาโรคจิต [มีความหมายเหมือนกับ drug	แพทยศาสตร์	
antipsychotic	neuroleptic และ tranquiliser/tranquilizer	แพทยศาสตร์	
antipsychotic	-รักษาโรคจิต [มีความหมายเหมือนกับ neuroleptic]	แพทยศาสตร์	
antiputrefactive	-กันเน่า	แพทยศาสตร์	
antipyretic	ยาลดไข้	แพทยศาสตร์	
antipyretic	-ลดไข้	แพทยศาสตร์	
antifebrile	ยาลดไข้	แพทยศาสตร์	
antifebrile	-ลดไข้	แพทยศาสตร์	
antiscorbutic	-ต้านโรคลักปิดลักเปิด	แพทยศาสตร์	
antisepsis	การระงับเชื้อ	แพทยศาสตร์	
antiseptic	สารระงับเชื้อ	แพทยศาสตร์	
antiserum	แอนติซีรัม	แพทยศาสตร์	
antispasmodic	ยาแก้เกร็ง	แพทยศาสตร์	
antispasmodic	-แก้เกร็ง	แพทยศาสตร์	
antisyphilitic	ยาต้านซิฟิลิส	แพทยศาสตร์	
antisyphilitic	-ต้านซิฟิลิส	แพทยศาสตร์	
antiluetic	ยาต้านซิฟิลิส	แพทยศาสตร์	
antiluetic	-ต้านซิฟิลิส	แพทยศาสตร์	
antitetanic	ยาต้านบาดทะยัก	แพทยศาสตร์	
antitetanic	-ต้านบาดทะยัก	แพทยศาสตร์	
antitussive	ยาแก้ไอ	แพทยศาสตร์	
antitussive	-แก้ไอ	แพทยศาสตร์	
antivivisectionist	ผู้ต้านการทดลองในสัตว์ [มีความหมายเหมือนกับ zoophile 2]	แพทยศาสตร์	
antrum	ห้อง	แพทยศาสตร์	
antrum	ช่อง	แพทยศาสตร์	
antrum	โพรง	แพทยศาสตร์	
antrum, gastric	กระเพาะส่วนปลาย [มีความหมายเหมือนกับ pylorus]	แพทยศาสตร์	
antrum, pyloric	กระเพาะส่วนปลาย [มีความหมายเหมือนกับ pylorus]	แพทยศาสตร์	
antrum, mastoid	โพรงกกหู	แพทยศาสตร์	
antrum, maxillary	โพรงขากรรไกรบน	แพทยศาสตร์	
antrum, pyloric	กระเพาะส่วนปลาย [มีความหมายเหมือนกับ pylorus]	แพทยศาสตร์	
antrum, gastric	กระเพาะส่วนปลาย [มีความหมายเหมือนกับ pylorus]	แพทยศาสตร์	
antrum auris	รูหู	แพทยศาสตร์	
antrum auris	ปากรูหู [มีความหมายเหมือนกับ meatus	แพทยศาสตร์	
duct, acoustic	รูหู	แพทยศาสตร์	
duct, acoustic	ปากรูหู [มีความหมายเหมือนกับ meatus	แพทยศาสตร์	
duct, auditory	รูหู	แพทยศาสตร์	
duct, auditory	ปากรูหู [มีความหมายเหมือนกับ meatus	แพทยศาสตร์	
anuria	ภาวะไร้ปัสสาวะ	แพทยศาสตร์	
anus	ทวารหนัก	แพทยศาสตร์	
anxiety	ความวิตกกังวล	แพทยศาสตร์	
anxiety, free-floating	อาการวิตกกังวลโดยไม่รู้สาเหตุ	แพทยศาสตร์	
anxiolytic	ยาสงบประสาทรอง	แพทยศาสตร์	
anxiolytic	ยาคลายกังวล [มีความหมายเหมือนกับ agent	แพทยศาสตร์	
anxiolytic	-สงบประสาท	แพทยศาสตร์	
anxiolytic	-คลายกังวล	แพทยศาสตร์	
aorta	เอออร์ตา	แพทยศาสตร์	
aorta	ท่อเลือดแดง	แพทยศาสตร์	
aorta, ascending	เอออร์ตาส่วนขึ้น	แพทยศาสตร์	
aorta, descending	เอออร์ตาส่วนลง	แพทยศาสตร์	
aortic	-เอออร์ตา	แพทยศาสตร์	
aortic	-ท่อเลือดแดง	แพทยศาสตร์	
apathy	ไร้อารมณ์	แพทยศาสตร์	
apathy, mental	ไร้อารมณ์	แพทยศาสตร์	
apeidosis	ภาวะเสื่อมผิดแบบ	แพทยศาสตร์	
aperient	ยาระบายอย่างอ่อน [มีความหมายเหมือนกับ aperitive 2]	แพทยศาสตร์	
laxative	ยาระบายอย่างอ่อน [มีความหมายเหมือนกับ aperitive 2]	แพทยศาสตร์	
aperitive	ยาเจริญอาหาร	แพทยศาสตร์	
aperitive	ยาระบายอย่างอ่อน [มีความหมายเหมือนกับ aperient	แพทยศาสตร์	
aperture	รู	แพทยศาสตร์	
aperture	ช่อง	แพทยศาสตร์	
aperture	ปาก	แพทยศาสตร์	
aperture, anterior nasal	ช่องจมูกส่วนหน้า	แพทยศาสตร์	
aperture, piriform	ช่องจมูกส่วนหน้า	แพทยศาสตร์	
aperture, piriform	ช่องจมูกส่วนหน้า	แพทยศาสตร์	
aperture, anterior nasal	ช่องจมูกส่วนหน้า	แพทยศาสตร์	
apex cordis	ปลายหัวใจ	แพทยศาสตร์	
aphacia	สภาพไร้แก้วตา	แพทยศาสตร์	
aphakia	สภาพไร้แก้วตา	แพทยศาสตร์	
aphagia	อาการกลืนไม่ลง	แพทยศาสตร์	
aphakia	สภาพไร้แก้วตา	แพทยศาสตร์	
aphacia	สภาพไร้แก้วตา	แพทยศาสตร์	
aphasia	ภาวะเสียการสื่อความ	แพทยศาสตร์	
aphasia, acoustic	ภาวะเสียการสื่อความเหตุศูนย์รับเสียง	แพทยศาสตร์	
aphasia, auditory	ภาวะเสียการสื่อความเหตุศูนย์รับเสียง	แพทยศาสตร์	
deafness, word	ภาวะเสียการสื่อความเหตุศูนย์รับเสียง	แพทยศาสตร์	
aphasia, frontocortical	ภาวะเสียการสื่อความเหตุศูนย์สั่งการ	แพทยศาสตร์	
aphasia, motor	ภาวะเสียการสื่อความเหตุศูนย์สั่งการ	แพทยศาสตร์	
aphasia, nonfluent	ภาวะเสียการสื่อความเหตุศูนย์สั่งการ	แพทยศาสตร์	
aphasia, verbal	ภาวะเสียการสื่อความเหตุศูนย์สั่งการ	แพทยศาสตร์	
aphasia, impressive	ภาวะเสียการสื่อความเหตุศูนย์รับความรู้สึก	แพทยศาสตร์	
aphasia, receptive	ภาวะเสียการสื่อความเหตุศูนย์รับความรู้สึก	แพทยศาสตร์	
aphasia, sensory	ภาวะเสียการสื่อความเหตุศูนย์รับความรู้สึก	แพทยศาสตร์	
aphasia, temporoparietal	ภาวะเสียการสื่อความเหตุศูนย์รับความรู้สึก	แพทยศาสตร์	
aphasia, Wernicke’s	ภาวะเสียการสื่อความเหตุศูนย์รับความรู้สึก	แพทยศาสตร์	
aphasia, intellectual	ภาวะเสียการสื่อความเหตุศูนย์พูด	แพทยศาสตร์	
aphasia, true	ภาวะเสียการสื่อความเหตุศูนย์พูด	แพทยศาสตร์	
aphasia, verbal	ภาวะเสียการสื่อความเหตุศูนย์สั่งการ	แพทยศาสตร์	
aphasia, frontocortical	ภาวะเสียการสื่อความเหตุศูนย์สั่งการ	แพทยศาสตร์	
aphasia, motor	ภาวะเสียการสื่อความเหตุศูนย์สั่งการ	แพทยศาสตร์	
aphasia, nonfluent	ภาวะเสียการสื่อความเหตุศูนย์สั่งการ	แพทยศาสตร์	
aphasia, visual	ภาวะเสียการสื่อความเหตุศูนย์การเห็น	แพทยศาสตร์	
aphasia, visual	ภาวะเสียการอ่าน	แพทยศาสตร์	
alexia	ภาวะเสียการสื่อความเหตุศูนย์การเห็น	แพทยศาสตร์	
alexia	ภาวะเสียการอ่าน	แพทยศาสตร์	
amnesia, visual	ภาวะเสียการสื่อความเหตุศูนย์การเห็น	แพทยศาสตร์	
amnesia, visual	ภาวะเสียการอ่าน	แพทยศาสตร์	
blindness, word	ภาวะเสียการสื่อความเหตุศูนย์การเห็น	แพทยศาสตร์	
blindness, word	ภาวะเสียการอ่าน	แพทยศาสตร์	
aphonia	เสียงหาย	แพทยศาสตร์	
aphrasia	ภาวะเสียการสื่อการพูด	แพทยศาสตร์	
aphrodisiac	ยาเร้ากำหนัด	แพทยศาสตร์	
apicolysis	การยุบยอดปอด	แพทยศาสตร์	
aplasia	ภาวะไม่เจริญ	แพทยศาสตร์	
aplasia	ภาวะไม่งอก	แพทยศาสตร์	
aplasia	ภาวะไม่สร้าง	แพทยศาสตร์	
aplastic	ไม่เจริญ	แพทยศาสตร์	
aplastic	ไม่งอก	แพทยศาสตร์	
aplastic	ไม่สร้าง	แพทยศาสตร์	
apnea	การหยุดหายใจ	แพทยศาสตร์	
apnoea	การหยุดหายใจ	แพทยศาสตร์	
apomorphine	แอโพมอร์ฟีน	แพทยศาสตร์	
apophysis, genial	เงี่ยงกระดูกคาง	แพทยศาสตร์	
apophysis, genial	จะงอยคาง	แพทยศาสตร์	
spina mentalis	เงี่ยงกระดูกคาง	แพทยศาสตร์	
spina mentalis	จะงอยคาง	แพทยศาสตร์	
spine, mental	เงี่ยงกระดูกคาง	แพทยศาสตร์	
spine, mental	จะงอยคาง	แพทยศาสตร์	
apoplexy	การตกเลือดในสมอง	แพทยศาสตร์	
apoplexy	การตกเลือดมาก	แพทยศาสตร์	
apoplexy, heat	โรคลมเหตุร้อน [ดู heliosis	แพทยศาสตร์	
apoplexy, heat	sunstroke ประกอบ]	แพทยศาสตร์	
stroke, heat	โรคลมเหตุร้อน [ดู heliosis	แพทยศาสตร์	
stroke, heat	sunstroke ประกอบ]	แพทยศาสตร์	
thermoplegia	โรคลมเหตุร้อน [ดู heliosis	แพทยศาสตร์	
thermoplegia	sunstroke ประกอบ]	แพทยศาสตร์	
apoptosis	เซลล์เดี่ยวแตกตายเอง	แพทยศาสตร์	
appendage	รยางค์	แพทยศาสตร์	
appendectomy	การตัดไส้ติ่ง	แพทยศาสตร์	
appendicitis	โรคไส้ติ่งอักเสบ	แพทยศาสตร์	
appendix	ไส้ติ่ง [มีความหมายเหมือนกับ appendix vermiformis	แพทยศาสตร์	
appendix	ติ่ง	แพทยศาสตร์	
appendix vermiformis	ไส้ติ่ง [มีความหมายเหมือนกับ appendix 1]	แพทยศาสตร์	
vermix	ไส้ติ่ง [มีความหมายเหมือนกับ appendix 1]	แพทยศาสตร์	
appetite	ความอยากอาหาร	แพทยศาสตร์	
appetite	ความอยาก	แพทยศาสตร์	
apposition	การอยู่แนบ	แพทยศาสตร์	
apposition	การวางแนบ	แพทยศาสตร์	
apprehension	ความหวาดวิตก	แพทยศาสตร์	
apprehension	การรับรู้	แพทยศาสตร์	
apraxia	ภาวะเสียการรู้ปฏิบัติ	แพทยศาสตร์	
apyretic	ไม่มีไข้	แพทยศาสตร์	
afebrile	ไม่มีไข้	แพทยศาสตร์	
aqueduct, cerebral	ท่อน้ำสมอง	แพทยศาสตร์	
arachnoid	คล้ายใยแมงมุม	แพทยศาสตร์	
arachnoid	เยื่ออะแร็กนอยด์	แพทยศาสตร์	
arachnoid	เยื่อหุ้มสมองชั้นกลาง [มีความหมายเหมือนกับ arachnoidea	แพทยศาสตร์	
arachnoidea	เยื่ออะแร็กนอยด์	แพทยศาสตร์	
arachnoidea	เยื่อหุ้มสมองชั้นกลาง [มีความหมายเหมือนกับ arachnoid 2]	แพทยศาสตร์	
arachnoidea mater	เยื่ออะแร็กนอยด์	แพทยศาสตร์	
arachnoidea mater	เยื่อหุ้มสมองชั้นกลาง [มีความหมายเหมือนกับ arachnoid 2]	แพทยศาสตร์	
arachnoid mater	เยื่ออะแร็กนอยด์	แพทยศาสตร์	
arachnoid mater	เยื่อหุ้มสมองชั้นกลาง [มีความหมายเหมือนกับ arachnoid 2]	แพทยศาสตร์	
arachnoiditis	เยื่ออะแร็กนอยด์อักเสบ	แพทยศาสตร์	
arachnoiditis	เยื่อหุ้มสมองชั้นกลางอักเสบ	แพทยศาสตร์	
arachnoid mater	เยื่ออะแร็กนอยด์	แพทยศาสตร์	
arachnoid mater	เยื่อหุ้มสมองชั้นกลาง [มีความหมายเหมือนกับ arachnoid 2]	แพทยศาสตร์	
arachnoidea	เยื่ออะแร็กนอยด์	แพทยศาสตร์	
arachnoidea	เยื่อหุ้มสมองชั้นกลาง [มีความหมายเหมือนกับ arachnoid 2]	แพทยศาสตร์	
arachnoidea mater	เยื่ออะแร็กนอยด์	แพทยศาสตร์	
arachnoidea mater	เยื่อหุ้มสมองชั้นกลาง [มีความหมายเหมือนกับ arachnoid 2]	แพทยศาสตร์	
arbovirus	อาร์โบไวรัส	แพทยศาสตร์	
arc, reflex	วงรีเฟล็กซ์	แพทยศาสตร์	
circle, reflex	วงรีเฟล็กซ์	แพทยศาสตร์	
arch, aortic	ส่วนโค้งเอออร์ตา	แพทยศาสตร์	
arch, costal	ส่วนโค้งซี่โครง	แพทยศาสตร์	
arch, palatal	ส่วนโค้งเพดานปาก	แพทยศาสตร์	
arch, palatine	หลืบเพดานอ่อน	แพทยศาสตร์	
arch, pubic	ส่วนโค้งหัวหน่าว	แพทยศาสตร์	
arch, superciliary	โหนกคิ้ว	แพทยศาสตร์	
arch, supraciliary	โหนกคิ้ว	แพทยศาสตร์	
arch, supraorbital	โหนกคิ้ว	แพทยศาสตร์	
arch, zygomatic	โค้งกระดูกโหนกแก้ม [มีความหมายเหมือนกับ zygoma 2]	แพทยศาสตร์	
archenteron	ส่วนเจริญเป็นทางเดินอาหาร	แพทยศาสตร์	
arcus juvenilis	เส้นขอบกระจกตาวัยเด็ก	แพทยศาสตร์	
embryotoxon, anterior	เส้นขอบกระจกตาวัยเด็ก	แพทยศาสตร์	
arcus senilis	เส้นขอบกระจกตาวัยชรา	แพทยศาสตร์	
area, body surface	พื้นที่ผิวกาย	แพทยศาสตร์	
area, motor	ศูนย์ประสาทสั่งการ	แพทยศาสตร์	
area, Wernicke’s second motor speech	ศูนย์ประสานการพูด	แพทยศาสตร์	
field, Wernicke’s	ศูนย์ประสานการพูด	แพทยศาสตร์	
zone, Wernicke’s	ศูนย์ประสานการพูด	แพทยศาสตร์	
ariboflavinosis	โรคปากนกกระจอก	แพทยศาสตร์	
ariboflavinosis	โรคขาดวิตามินบี 2	แพทยศาสตร์	
hyporiboflavinosis	โรคปากนกกระจอก	แพทยศาสตร์	
hyporiboflavinosis	โรคขาดวิตามินบี 2	แพทยศาสตร์	
arm	แขนท่อนบน	แพทยศาสตร์	
arm	แขนท่อนต้น	แพทยศาสตร์	
arm, upper	แขนท่อนบน	แพทยศาสตร์	
arm, upper	แขนท่อนต้น	แพทยศาสตร์	
armpit	รักแร้	แพทยศาสตร์	
axilla	รักแร้	แพทยศาสตร์	
space, axillary	รักแร้	แพทยศาสตร์	
arrest, cardiac	หัวใจหยุด	แพทยศาสตร์	
arrest, heart	หัวใจหยุด	แพทยศาสตร์	
arrest, respiratory	การหายใจหยุด	แพทยศาสตร์	
arrest, systolic	หัวใจหยุดในท่าบีบ	แพทยศาสตร์	
arrhythmia	ภาวะหัวใจเสียจังหวะ	แพทยศาสตร์	
arrhythmic	เสียจังหวะ	แพทยศาสตร์	
artefact	สิ่งแปลกปน	แพทยศาสตร์	
artefact	สิ่งทำขึ้น	แพทยศาสตร์	
artifact	สิ่งแปลกปน	แพทยศาสตร์	
artifact	สิ่งทำขึ้น	แพทยศาสตร์	
arteriography	การบันทึกภาพรังสีหลอดเลือดแดง	แพทยศาสตร์	
arteriole	หลอดเลือดแดงจิ๋ว	แพทยศาสตร์	
arteriopathy	โรคหลอดเลือดแดง	แพทยศาสตร์	
arteriosclerosis	ภาวะหลอดเลือดแดงแข็ง	แพทยศาสตร์	
sclerosis, arterial	ภาวะหลอดเลือดแดงแข็ง	แพทยศาสตร์	
arteriosclerosis, cerebral	ภาวะหลอดเลือดสมองแข็ง	แพทยศาสตร์	
arteriospasm	การหดเกร็งของหลอดเลือดแดง	แพทยศาสตร์	
arteritis	หลอดเลือดแดงอักเสบ	แพทยศาสตร์	
artery	หลอดเลือดแดง	แพทยศาสตร์	
artery, small	หลอดเลือดแดงเล็ก	แพทยศาสตร์	
arthralgia	อาการปวดข้อ	แพทยศาสตร์	
arthrodynia	อาการปวดข้อ	แพทยศาสตร์	
arthritis	ข้ออักเสบ	แพทยศาสตร์	
arthrocace	ข้อผุ	แพทยศาสตร์	
arthrocele	ข้อบวม	แพทยศาสตร์	
arthroncus	ข้อบวม	แพทยศาสตร์	
arthrophyma	ข้อบวม	แพทยศาสตร์	
arthrocentesis	การเจาะข้อ	แพทยศาสตร์	
arthrocentesis	การเจาะดูดข้อ	แพทยศาสตร์	
arthrochalasis	ข้อหย่อน	แพทยศาสตร์	
arthroclasia	ศัลยกรรมแก้ข้อยึดติด	แพทยศาสตร์	
arthrolysis	ศัลยกรรมแก้ข้อยึดติด	แพทยศาสตร์	
arthroclisis	ข้อยึดติด [มีความหมายเหมือนกับ ankylosis]	แพทยศาสตร์	
arthroclisis	การตรึงข้อ [มีความหมายเหมือนกับ arthrodesia	แพทยศาสตร์	
arthroclisis	arthrodesis และ syndesis 1]	แพทยศาสตร์	
arthrokleisis	ข้อยึดติด [มีความหมายเหมือนกับ ankylosis]	แพทยศาสตร์	
arthrokleisis	การตรึงข้อ [มีความหมายเหมือนกับ arthrodesia	แพทยศาสตร์	
arthrokleisis	arthrodesis และ syndesis 1]	แพทยศาสตร์	
arthrodesia	การตรึงข้อ [มีความหมายเหมือนกับ arthroclisis	แพทยศาสตร์	
arthrodesia	arthrokleisis 2 และ syndesis 1]	แพทยศาสตร์	
arthrodesis	การตรึงข้อ [มีความหมายเหมือนกับ arthroclisis	แพทยศาสตร์	
arthrodesis	arthrokleisis 2 และ syndesis 1]	แพทยศาสตร์	
arthrodynia	อาการปวดข้อ	แพทยศาสตร์	
arthralgia	อาการปวดข้อ	แพทยศาสตร์	
arthrodysplasia	ข้อวิรูปพันธุกรรม	แพทยศาสตร์	
arthroempyesis	ข้อเป็นหนอง	แพทยศาสตร์	
arthroendoscopy	การส่องกล้องตรวจในข้อ	แพทยศาสตร์	
arthrography	การบันทึกภาพรังสีข้อ	แพทยศาสตร์	
arthrogryposis	ข้องอค้าง	แพทยศาสตร์	
arthrokleisis	ข้อยึดติด [มีความหมายเหมือนกับ ankylosis]	แพทยศาสตร์	
arthrokleisis	การตรึงข้อ [มีความหมายเหมือนกับ arthrodesia	แพทยศาสตร์	
arthrokleisis	arthrodesis และ syndesis 1]	แพทยศาสตร์	
arthroclisis	ข้อยึดติด [มีความหมายเหมือนกับ ankylosis]	แพทยศาสตร์	
arthroclisis	การตรึงข้อ [มีความหมายเหมือนกับ arthrodesia	แพทยศาสตร์	
arthroclisis	arthrodesis และ syndesis 1]	แพทยศาสตร์	
arthrolith	ก้อนนิ่วในข้อ	แพทยศาสตร์	
arthrolithiasis	โรคเกาต์	แพทยศาสตร์	
gout	โรคเกาต์	แพทยศาสตร์	
arthrology	ธิวิทยา	แพทยศาสตร์	
arthrology	วิทยาข้อ	แพทยศาสตร์	
arthrolysis	ศัลยกรรมแก้ข้อยึดติด	แพทยศาสตร์	
arthroclasia	ศัลยกรรมแก้ข้อยึดติด	แพทยศาสตร์	
arthromeningitis	เยื่อบุข้ออักเสบ	แพทยศาสตร์	
synovitis	เยื่อบุข้ออักเสบ	แพทยศาสตร์	
arthrometer	มาตรมุมเคลื่อนไหวข้อ	แพทยศาสตร์	
arthrometer	เครื่องวัดมุมเคลื่อนไหวข้อ	แพทยศาสตร์	
arthrometry	การวัดมุมเคลื่อนไหวข้อ	แพทยศาสตร์	
arthroncus	ข้อบวม	แพทยศาสตร์	
arthrocele	ข้อบวม	แพทยศาสตร์	
arthrophyma	ข้อบวม	แพทยศาสตร์	
arthroneuralgia	อาการปวดประสาทข้อ	แพทยศาสตร์	
arthronosos	โรคข้อ [มีความหมายเหมือนกับ arthrosis 2]	แพทยศาสตร์	
arthropathy	โรคข้อ [มีความหมายเหมือนกับ arthrosis 2]	แพทยศาสตร์	
arthropathology	ธิพยาธิวิทยา	แพทยศาสตร์	
arthropathology	พยาธิวิทยาข้อ	แพทยศาสตร์	
arthropathy	โรคข้อ [มีความหมายเหมือนกับ arthrosis 2]	แพทยศาสตร์	
arthronosos	โรคข้อ [มีความหมายเหมือนกับ arthrosis 2]	แพทยศาสตร์	
arthrophyma	ข้อบวม	แพทยศาสตร์	
arthrocele	ข้อบวม	แพทยศาสตร์	
arthroncus	ข้อบวม	แพทยศาสตร์	
arthroplasty	ศัลยกรรมตกแต่งข้อ	แพทยศาสตร์	
arthroscope	กล้องสันธิทรรศน์	แพทยศาสตร์	
arthroscope	กล้องส่องในข้อ	แพทยศาสตร์	
arthroscopy	ธิทรรศนา	แพทยศาสตร์	
arthroscopy	การส่องกล้องในข้อ	แพทยศาสตร์	
arthroscopy, diagnostic	การส่องกล้องในข้อเพื่อวินิจฉัย	แพทยศาสตร์	
arthrosis	ข้อ	แพทยศาสตร์	
arthrosis	โรคข้อ [มีความหมายเหมือนกับ arthronosos	แพทยศาสตร์	
arthrostomy	การเจาะระบายข้อ	แพทยศาสตร์	
arthrotomy	การผ่าข้อ	แพทยศาสตร์	
articular	-ข้อ	แพทยศาสตร์	
articulation	ข้อ	แพทยศาสตร์	
articulation	การออกเสียงชัด	แพทยศาสตร์	
syntaxis	ข้อ	แพทยศาสตร์	
syntaxis	การออกเสียงชัด	แพทยศาสตร์	
artifact	สิ่งแปลกปน	แพทยศาสตร์	
artifact	สิ่งทำขึ้น	แพทยศาสตร์	
artefact	สิ่งแปลกปน	แพทยศาสตร์	
artefact	สิ่งทำขึ้น	แพทยศาสตร์	
asbestos	แร่ใยหิน	แพทยศาสตร์	
asbestos	ใยหิน	แพทยศาสตร์	
asbestosis	โรคใยหิน	แพทยศาสตร์	
ascariasis	โรคพยาธิไส้เดือน	แพทยศาสตร์	
ascaris	พยาธิไส้เดือน	แพทยศาสตร์	
ascites	ท้องมาน [มีความหมายเหมือนกับ hydroperitoneum	แพทยศาสตร์	
dropsy, abdominal	ท้องมาน [มีความหมายเหมือนกับ hydroperitoneum	แพทยศาสตร์	
dropsy, peritoneal	ท้องมาน [มีความหมายเหมือนกับ hydroperitoneum	แพทยศาสตร์	
ascites, bloody	มานเลือด	แพทยศาสตร์	
asepsis	ภาวะปลอดเชื้อ	แพทยศาสตร์	
asepsis	การป้องกันเชื้อ	แพทยศาสตร์	
aseptic	-ปลอดเชื้อ	แพทยศาสตร์	
aseptic	-ป้องกันเชื้อ	แพทยศาสตร์	
asexual	ไร้เพศ	แพทยศาสตร์	
aspergilloma	ก้อนราแอสเพอร์จิลลัส	แพทยศาสตร์	
aspergillosis	โรคราแอสเพอร์จิลลัส	แพทยศาสตร์	
asphyxia	ภาวะขาดอากาศหายใจ	แพทยศาสตร์	
asphyxiation	การขาดอากาศหายใจ	แพทยศาสตร์	
asphyxiation	การหยุดหายใจ	แพทยศาสตร์	
asphyxiation	การหายใจไม่ออก	แพทยศาสตร์	
suffocation	การขาดอากาศหายใจ	แพทยศาสตร์	
suffocation	การหยุดหายใจ	แพทยศาสตร์	
suffocation	การหายใจไม่ออก	แพทยศาสตร์	
aspirate	ดูดออก	แพทยศาสตร์	
aspirate	สิ่งดูดออก	แพทยศาสตร์	
aspirate	สูดสิ่งแปลกปลอม	แพทยศาสตร์	
aspiration	การดูดออก	แพทยศาสตร์	
aspiration	การสูด	แพทยศาสตร์	
assay	การสอบปริมาณ	แพทยศาสตร์	
assay	การสอบศักยภาพ	แพทยศาสตร์	
assimilation	การนำอาหารไปเสริมสร้างเนื้อเยื่อ	แพทยศาสตร์	
astasia-abasia	ภาวะเดินไม่ได้เหตุยืนไม่อยู่	แพทยศาสตร์	
abasia astasia	ภาวะเดินไม่ได้เหตุยืนไม่อยู่	แพทยศาสตร์	
astereognosis	ภาวะเสียการระลึกรู้โดยคลำ	แพทยศาสตร์	
asterixis	อาการสั่นกระพือ	แพทยศาสตร์	
tremor, flapping	อาการสั่นกระพือ	แพทยศาสตร์	
asthenia	อาการอ่อนเปลี้ย	แพทยศาสตร์	
asthenia	อาการหมดแรง	แพทยศาสตร์	
asthenophobia	อาการกลัวอ่อนเปลี้ย	แพทยศาสตร์	
asthenopia	ตาล้า	แพทยศาสตร์	
asthenopia	ตาเพลีย	แพทยศาสตร์	
eyestrain	ตาล้า	แพทยศาสตร์	
eyestrain	ตาเพลีย	แพทยศาสตร์	
ophthalmocopia	ตาล้า	แพทยศาสตร์	
ophthalmocopia	ตาเพลีย	แพทยศาสตร์	
asthma	โรคหืด [มีความหมายเหมือนกับ asthma	แพทยศาสตร์	
asthma, bronchial	โรคหืดหลอดลม [มีความหมายเหมือนกับ asthma]	แพทยศาสตร์	
asthma, cardiac	โรคหืดหัวใจ	แพทยศาสตร์	
asthma, dust	โรคหืดแพ้ฝุ่น	แพทยศาสตร์	
asthma, food	โรคหืดแพ้อาหาร	แพทยศาสตร์	
asthmagenic	-ก่อโรคหืด	แพทยศาสตร์	
asthmatic	-โรคหืด	แพทยศาสตร์	
asthmatic	คนเป็นหืด	แพทยศาสตร์	
astigmatism	สายตาพร่าต่างแนว	แพทยศาสตร์	
astraphobia	อาการกลัวฟ้าคะนอง	แพทยศาสตร์	
astringent	ยาสมาน [มีความหมายเหมือนกับ stegnotic 2]	แพทยศาสตร์	
astrocytoma	แอสโทรไซโทมา	แพทยศาสตร์	
asymbolia	ภาวะเสียความเข้าใจสื่อ	แพทยศาสตร์	
asymptomatic	ไร้อาการ	แพทยศาสตร์	
asyndesis	อาการสื่อภาษาสับสน	แพทยศาสตร์	
asynergia	การเสียสหการของอวัยวะ	แพทยศาสตร์	
asynergy	การเสียสหการของอวัยวะ	แพทยศาสตร์	
asystole	หัวใจหยุดนิ่ง	แพทยศาสตร์	
standstill, cardiac	หัวใจหยุดนิ่ง	แพทยศาสตร์	
ataxia	ภาวะกล้ามเนื้อเสียสหการ	แพทยศาสตร์	
ataxia, locomotor	โรคไขสันหลังเสื่อม  [มีความหมาย เหมือนกับ tabes 2]	แพทยศาสตร์	
disease, Duchenne’s	โรคไขสันหลังเสื่อม  [มีความหมาย เหมือนกับ tabes 2]	แพทยศาสตร์	
neurosyphilis, tabetic	โรคไขสันหลังเสื่อม  [มีความหมาย เหมือนกับ tabes 2]	แพทยศาสตร์	
tabes dorsalis	โรคไขสันหลังเสื่อม  [มีความหมาย เหมือนกับ tabes 2]	แพทยศาสตร์	
tabes spinalis	โรคไขสันหลังเสื่อม  [มีความหมาย เหมือนกับ tabes 2]	แพทยศาสตร์	
ataxia, ocular	อาการตากระตุก	แพทยศาสตร์	
nystagmus	อาการตากระตุก	แพทยศาสตร์	
nystaxis	อาการตากระตุก	แพทยศาสตร์	
talantropia	อาการตากระตุก	แพทยศาสตร์	
atelectasis	ปอดแฟบ	แพทยศาสตร์	
atherogenesis	การเกิดหลอดเลือดแดงแข็ง	แพทยศาสตร์	
atheroma	ตะกรันท่อเลือดแดง	แพทยศาสตร์	
atherosclerosis	โรคท่อเลือดแดงและหลอดเลือดแดงแข็ง	แพทยศาสตร์	
athetosis	อาการสั่นหลังอัมพาต	แพทยศาสตร์	
atlantoaxial	-ระหว่างกระดูกคอชิ้นที่หนึ่งกับชิ้นที่สอง	แพทยศาสตร์	
atlas	กระดูกคอชิ้นที่หนึ่ง	แพทยศาสตร์	
atlas	หนังสือภาพ	แพทยศาสตร์	
atomiser	เครื่องพ่นหมอก	แพทยศาสตร์	
atomiser	เครื่องพ่นละออง	แพทยศาสตร์	
atomiser	เครื่องทำละออง	แพทยศาสตร์	
atomizer	เครื่องพ่นหมอก	แพทยศาสตร์	
atomizer	เครื่องพ่นละออง	แพทยศาสตร์	
atomizer	เครื่องทำละออง	แพทยศาสตร์	
nebuliser	เครื่องพ่นหมอก	แพทยศาสตร์	
nebuliser	เครื่องพ่นละออง	แพทยศาสตร์	
nebuliser	เครื่องทำละออง	แพทยศาสตร์	
nebulizer	เครื่องพ่นหมอก	แพทยศาสตร์	
nebulizer	เครื่องพ่นละออง	แพทยศาสตร์	
nebulizer	เครื่องทำละออง	แพทยศาสตร์	
atonia	การขาดความตึงตัว	แพทยศาสตร์	
atony	การขาดความตึงตัว	แพทยศาสตร์	
atonic	หย่อน	แพทยศาสตร์	
atonic	ไม่ตึง	แพทยศาสตร์	
atonic	ขาดความตึงตัว	แพทยศาสตร์	
atony	การขาดความตึงตัว	แพทยศาสตร์	
atonia	การขาดความตึงตัว	แพทยศาสตร์	
atopen	สารก่อภูมิแพ้	แพทยศาสตร์	
atopic	ผิดที่	แพทยศาสตร์	
atopic	-เคลื่อนจากที่	แพทยศาสตร์	
atopic	-ภูมิแพ้กรรมพันธุ์	แพทยศาสตร์	
atopy	ภาวะภูมิแพ้กรรมพันธุ์	แพทยศาสตร์	
atresia	สภาพตีบตัน	แพทยศาสตร์	
atresia	ภาวะฝ่อ	แพทยศาสตร์	
atresia	ภาวะไม่เจริญ	แพทยศาสตร์	
atresia	ภาวะด้อยเจริญ	แพทยศาสตร์	
atresia, anal	ทวารหนักไร้รูเปิดแต่กำเนิด	แพทยศาสตร์	
atresia ani	ทวารหนักไร้รูเปิดแต่กำเนิด	แพทยศาสตร์	
proctatresia	ทวารหนักไร้รูเปิดแต่กำเนิด	แพทยศาสตร์	
atresia, biliary	ท่อน้ำดีตีบตันแต่กำเนิด	แพทยศาสตร์	
atresia, follicular	ไข่ฝ่อ	แพทยศาสตร์	
atresia folliculi	ไข่ฝ่อ	แพทยศาสตร์	
atresia ani	ทวารหนักไร้รูเปิดแต่กำเนิด	แพทยศาสตร์	
atresia, anal	ทวารหนักไร้รูเปิดแต่กำเนิด	แพทยศาสตร์	
proctatresia	ทวารหนักไร้รูเปิดแต่กำเนิด	แพทยศาสตร์	
atresia folliculi	ไข่ฝ่อ	แพทยศาสตร์	
atresia, follicular	ไข่ฝ่อ	แพทยศาสตร์	
atrium	หัวใจห้องบน	แพทยศาสตร์	
atrium	ห้อง	แพทยศาสตร์	
atrophic	เหี่ยว	แพทยศาสตร์	
atrophic	ฝ่อ	แพทยศาสตร์	
atrophic	ลีบ	แพทยศาสตร์	
atrophy	การเหี่ยว	แพทยศาสตร์	
atrophy	การฝ่อ	แพทยศาสตร์	
atrophy	การลีบ	แพทยศาสตร์	
atrophy, acute yellow	ตับเหี่ยวเหลือง	แพทยศาสตร์	
hepatodystrophy	ตับเหี่ยวเหลือง	แพทยศาสตร์	
atrophy, cerebral	สมองฝ่อ	แพทยศาสตร์	
attention	ความใส่ใจ	แพทยศาสตร์	
attenuate	ทำให้อ่อนฤทธิ์	แพทยศาสตร์	
attenuate	ทำให้เบาบาง	แพทยศาสตร์	
attitude	ท่าทรงตัว	แพทยศาสตร์	
attitude	เจตคติ	แพทยศาสตร์	
attraction	การดึงดูด	แพทยศาสตร์	
atypical	นอกแบบ	แพทยศาสตร์	
audiologist	นักโสตสัมผัสวิทยา	แพทยศาสตร์	
audiology	โสตสัมผัสวิทยา	แพทยศาสตร์	
audiometer	มาตรการได้ยิน	แพทยศาสตร์	
audiovisual	-โสตทัศน์	แพทยศาสตร์	
visuoauditory	-โสตทัศน์	แพทยศาสตร์	
audition	การฟัง	แพทยศาสตร์	
audition	การได้ยิน	แพทยศาสตร์	
auditory	-ฟัง	แพทยศาสตร์	
auditory	-ได้ยิน	แพทยศาสตร์	
auditory	-หู [มีความหมายเหมือนกับ aural	แพทยศาสตร์	
aura	สัญญาณบอกเหตุ	แพทยศาสตร์	
aural	-หู [มีความหมายเหมือนกับ auditory 3]	แพทยศาสตร์	
otic	-หู [มีความหมายเหมือนกับ auditory 3]	แพทยศาสตร์	
otor	-หู [มีความหมายเหมือนกับ auditory 3]	แพทยศาสตร์	
auricle	ติ่งหัวใจห้องบน	แพทยศาสตร์	
auricle	หัวใจห้องต้น	แพทยศาสตร์	
auricle	ใบหู [มีความหมายเหมือนกับ concha	แพทยศาสตร์	
auriscope	กล้องส่องตรวจหู	แพทยศาสตร์	
otoscope	กล้องส่องตรวจหู	แพทยศาสตร์	
aurist	โสตแพทย์	แพทยศาสตร์	
otologist	โสตแพทย์	แพทยศาสตร์	
aurotherapy	การรักษาด้วยทอง	แพทยศาสตร์	
chrysotherapy	การรักษาด้วยทอง	แพทยศาสตร์	
auscultation	การฟังตรวจ [มีความหมายเหมือนกับ stethoscopy 1]	แพทยศาสตร์	
autism	ออทิซึม	แพทยศาสตร์	
autism	ภาวะอัตตาวรณ์	แพทยศาสตร์	
autoclave	หม้อนึ่งอัดไอน้ำ	แพทยศาสตร์	
autodigestion	การย่อยตัวเอง	แพทยศาสตร์	
autogenous	อัตพันธุ์	แพทยศาสตร์	
autogenous	-เกิดในตัว	แพทยศาสตร์	
autograft	เนื้อเยื่อปลูกถ่ายให้ตนเอง	แพทยศาสตร์	
autoplast	เนื้อเยื่อปลูกถ่ายให้ตนเอง	แพทยศาสตร์	
graft, autochthonous	เนื้อเยื่อปลูกถ่ายให้ตนเอง	แพทยศาสตร์	
graft, autologous	เนื้อเยื่อปลูกถ่ายให้ตนเอง	แพทยศาสตร์	
autoimmunity	ภูมิต้านตนเอง	แพทยศาสตร์	
autoinfection	การติดเชื้อในตัวเอง	แพทยศาสตร์	
self-infection	การติดเชื้อในตัวเอง	แพทยศาสตร์	
autointoxication	ภาวะถูกพิษในตัวเอง	แพทยศาสตร์	
autointoxication	ภาวะอัตพิษ [มีความหมายเหมือนกับ toxicosis	แพทยศาสตร์	
autolysis	การสลายตัวเอง	แพทยศาสตร์	
automatic	อัตโนมัติ	แพทยศาสตร์	
automatic	เป็นไปเอง	แพทยศาสตร์	
automaticity	การทำงานได้เอง	แพทยศาสตร์	
automatism	ภาวะอัตโนมัติ [มีความหมายเหมือนกับ telergy 1]	แพทยศาสตร์	
autonomic	อิสระ	แพทยศาสตร์	
autonomous	-ทำงานโดยอิสระ	แพทยศาสตร์	
autopsy	การตรวจศพ [มีความหมายเหมือนกับ necropsy	แพทยศาสตร์	
autosome	ออโตโซม	แพทยศาสตร์	
autotopagnosia	ภาวะเสียการระลึกรู้อวัยวะตน	แพทยศาสตร์	
autotransfusion	การถ่ายเลือดกลับให้ตนเอง	แพทยศาสตร์	
transfusion, autologous	การถ่ายเลือดกลับให้ตนเอง	แพทยศาสตร์	
auxocardia	ภาวะหัวใจโต	แพทยศาสตร์	
cardiomegaly	ภาวะหัวใจโต	แพทยศาสตร์	
avascular	ไร้หลอดเลือด	แพทยศาสตร์	
avian	-สัตว์ปีก	แพทยศาสตร์	
avidity	ความโลภ	แพทยศาสตร์	
avirulence	ความหมดฤทธิ์	แพทยศาสตร์	
avirulence	ความไร้ฤทธิ์	แพทยศาสตร์	
avitaminosis	ภาวะพร่องวิตามิน	แพทยศาสตร์	
hypovitaminosis	ภาวะพร่องวิตามิน	แพทยศาสตร์	
avivement	การขริบแผล	แพทยศาสตร์	
avulsion	การดึงให้ขาด	แพทยศาสตร์	
axial	ตามแกน	แพทยศาสตร์	
axilla	รักแร้	แพทยศาสตร์	
armpit	รักแร้	แพทยศาสตร์	
space, axillary	รักแร้	แพทยศาสตร์	
axillary	-รักแร้	แพทยศาสตร์	
axis	แกน	แพทยศาสตร์	
axis	แกนหมุน	แพทยศาสตร์	
axis	เส้นแกน	แพทยศาสตร์	
axis	กระดูกคอชิ้นที่สอง	แพทยศาสตร์	
axon	แกนร่างกาย	แพทยศาสตร์	
axon	ใยประสาทนำออก	แพทยศาสตร์	
axon	ลำกระดูกสันหลัง [มีความหมายเหมือนกับ column	แพทยศาสตร์	
axon	vertebrarium และ spine 1]	แพทยศาสตร์	
axonopathy	โรคใยประสาทนำออก	แพทยศาสตร์	
axonotmesis	ภาวะเส้นประสาทรอบนอกถูกตัด	แพทยศาสตร์	
neurapraxia	ภาวะเส้นประสาทรอบนอกถูกตัด	แพทยศาสตร์	
neurotmesis	ภาวะเส้นประสาทรอบนอกถูกตัด	แพทยศาสตร์	
azoospermia	น้ำกามไร้ตัวอสุจิ	แพทยศาสตร์	
azotaemia	ภาวะเลือดคั่งสารไนโตรเจน	แพทยศาสตร์	
azotemia	ภาวะเลือดคั่งสารไนโตรเจน	แพทยศาสตร์	
azotorrhea	การเสียสารไนโตรเจนมากเกิน	แพทยศาสตร์	
azotorrhoea	การเสียสารไนโตรเจนมากเกิน	แพทยศาสตร์	
azoturia	ภาวะปัสสาวะมีสารไนโตรเจนเกิน	แพทยศาสตร์	
azygous	ไม่เป็นคู่	แพทยศาสตร์	
impar	ไม่เป็นคู่	แพทยศาสตร์	
unpaired	ไม่เป็นคู่	แพทยศาสตร์	
azymia	ภาวะไร้เอนไซม์	แพทยศาสตร์	
babesiasis	โรคบาบีเซีย	แพทยศาสตร์	
bacillaemia	ภาวะเลือดมีแบคทีเรียทรงแท่ง	แพทยศาสตร์	
bacillaemia	ภาวะเลือดมีบาซิลลัส	แพทยศาสตร์	
bacillemia	ภาวะเลือดมีแบคทีเรียทรงแท่ง	แพทยศาสตร์	
bacillemia	ภาวะเลือดมีบาซิลลัส	แพทยศาสตร์	
bacillicide	สารฆ่าแบคทีเรียทรงแท่ง	แพทยศาสตร์	
bacillicide	สารฆ่าบาซิลลัส	แพทยศาสตร์	
bacillosis	โรคติดเชื้อแบคทีเรียทรงแท่ง	แพทยศาสตร์	
bacillosis	โรคติดเชื้อบาซิลลัส	แพทยศาสตร์	
bacilluria	ภาวะปัสสาวะมีแบคทีเรียทรงแท่ง	แพทยศาสตร์	
bacilluria	ภาวะปัสสาวะมีบาซิลลัส	แพทยศาสตร์	
bacillus	แบคทีเรียทรงแท่ง	แพทยศาสตร์	
bacillus	บาซิลลัส	แพทยศาสตร์	
backbone	กระดูกสันหลัง	แพทยศาสตร์	
vertebra	กระดูกสันหลัง	แพทยศาสตร์	
backknee	เข่าแอ่น	แพทยศาสตร์	
genu recurvatum	เข่าแอ่น	แพทยศาสตร์	
bacteraemia	ภาวะเลือดมีแบคทีเรีย	แพทยศาสตร์	
bacteremia	ภาวะเลือดมีแบคทีเรีย	แพทยศาสตร์	
bacteriaemia	ภาวะเลือดมีแบคทีเรีย	แพทยศาสตร์	
bacteriemia	ภาวะเลือดมีแบคทีเรีย	แพทยศาสตร์	
bacteria, acid-fast	แบคทีเรียติดสีทนกรด	แพทยศาสตร์	
bacteria, pathogenic	แบคทีเรียก่อโรค	แพทยศาสตร์	
bactericide	สารฆ่าแบคทีเรีย	แพทยศาสตร์	
bacteriologist	นักวิทยาแบคทีเรีย	แพทยศาสตร์	
bacteriology	วิทยาแบคทีเรีย	แพทยศาสตร์	
bacteriolysis	การสลายแบคทีเรีย	แพทยศาสตร์	
bacteriophage	ไวรัสสลายแบคทีเรีย	แพทยศาสตร์	
bacteriostasis	การหยุดยั้งแบคทีเรีย	แพทยศาสตร์	
bacteriuria	ภาวะปัสสาวะมีแบคทีเรีย	แพทยศาสตร์	
balance, acid-base	ดุลกรด-เบส	แพทยศาสตร์	
balance, water	ดุลน้ำ	แพทยศาสตร์	
isohydria	ดุลน้ำ	แพทยศาสตร์	
ballism	การเหวี่ยงต้นแขนต้นขารุนแรงเหตุสมอง	แพทยศาสตร์	
ballismus	การเหวี่ยงต้นแขนต้นขารุนแรงเหตุสมอง	แพทยศาสตร์	
ballistic	-เหวี่ยงต้นแขนต้นขารุนแรงเหตุสมอง	แพทยศาสตร์	
ballistic	-ขว้างหรือยิงด้วยพลังแรง	แพทยศาสตร์	
ballottement	การกระเด้ง [มีความหมายเหมือนกับ repercussion 2]	แพทยศาสตร์	
band	แถบ	แพทยศาสตร์	
band	ปื้น	แพทยศาสตร์	
bandage	ผ้าพัน	แพทยศาสตร์	
bandage	พันผ้า	แพทยศาสตร์	
bandage	การพันผ้า	แพทยศาสตร์	
bandage, abdominal	ผ้าพันท้อง	แพทยศาสตร์	
abdominal binder	ผ้าพันท้อง	แพทยศาสตร์	
bandage, binocle	การพันผ้าปิดสองตา	แพทยศาสตร์	
bandage, circular	การพันผ้าวงรอบ	แพทยศาสตร์	
bandage, compression	การพันผ้ารัด	แพทยศาสตร์	
bandage, elastic	ผ้าพันยืด	แพทยศาสตร์	
bandage, figure-of-8	การพันผ้าแบบไขว้	แพทยศาสตร์	
bandage, figure-of-8	การพันผ้ารูปเลขแปด	แพทยศาสตร์	
bandage, plaster of Paris	ผ้าเฝือกปูน	แพทยศาสตร์	
bandage, recurrent	ผ้าพันทาบวน	แพทยศาสตร์	
bandage, spiral	การพันผ้าแบบเกลียว	แพทยศาสตร์	
bank, blood	คลังเลือด	แพทยศาสตร์	
bank, eye	คลังดวงตา	แพทยศาสตร์	
bank, tissue	คลังเนื้อเยื่อ	แพทยศาสตร์	
baraesthesia	การรับรู้แรงกดดัน	แพทยศาสตร์	
baresthesia	การรับรู้แรงกดดัน	แพทยศาสตร์	
sense, pressure	การรับรู้แรงกดดัน	แพทยศาสตร์	
baroceptor	ปลายประสาทรับแรงดัน	แพทยศาสตร์	
baroreceptor	ปลายประสาทรับแรงดัน	แพทยศาสตร์	
barrel	กระบอกสูบ	แพทยศาสตร์	
barren	เป็นหมัน	แพทยศาสตร์	
barren	ไม่อุดม	แพทยศาสตร์	
barrier, filtration	สิ่งกั้นกรอง	แพทยศาสตร์	
basin	กระดูกเชิงกราน	แพทยศาสตร์	
bone, pelvic	กระดูกเชิงกราน	แพทยศาสตร์	
os pubis	กระดูกเชิงกราน	แพทยศาสตร์	
basophil	สิ่งติดสีเบส	แพทยศาสตร์	
basophil	เม็ดเลือดขาวเบโซฟิล [มีความหมายเหมือนกับ leucocyte	แพทยศาสตร์	
basophil	เซลล์ต่อมใต้สมองติดสีเบส	แพทยศาสตร์	
basophil	-ติดสีเบส	แพทยศาสตร์	
basophil	-ชอบเบส [มีความหมายเหมือนกับ basophile	แพทยศาสตร์	
basophile	-ติดสีเบส	แพทยศาสตร์	
basophile	-ชอบเบส [มีความหมายเหมือนกับ basophil 4]	แพทยศาสตร์	
basophilic	-ติดสีเบส	แพทยศาสตร์	
basophilic	-ชอบเบส [มีความหมายเหมือนกับ basophil 4]	แพทยศาสตร์	
bathophobia	อาการกลัวความลึก	แพทยศาสตร์	
bearing-down	ลมเบ่ง	แพทยศาสตร์	
beat, apex	จุดหัวใจเต้น	แพทยศาสตร์	
bed, nail	เนื้อใต้เล็บ	แพทยศาสตร์	
bedbug	เรือด	แพทยศาสตร์	
bedsore	แผลกดทับ [มีความหมายเหมือนกับ decubitus 2]	แพทยศาสตร์	
sore, pressure	แผลกดทับ [มีความหมายเหมือนกับ decubitus 2]	แพทยศาสตร์	
ulcer, decubital	แผลกดทับ [มีความหมายเหมือนกับ decubitus 2]	แพทยศาสตร์	
ulcer, decubitus	แผลกดทับ [มีความหมายเหมือนกับ decubitus 2]	แพทยศาสตร์	
begma	อาการไอ	แพทยศาสตร์	
begma	สิ่งไอออก	แพทยศาสตร์	
belch	เรอ	แพทยศาสตร์	
belly, bound	ท้องผูก	แพทยศาสตร์	
belly, drum	ดานลม	แพทยศาสตร์	
belly, wooden	ท้องดาน	แพทยศาสตร์	
belly button	สะดือ	แพทยศาสตร์	
navel	สะดือ	แพทยศาสตร์	
omphalus	สะดือ	แพทยศาสตร์	
umbilicus	สะดือ	แพทยศาสตร์	
belly of muscle	ปลีกล้ามเนื้อ	แพทยศาสตร์	
bends	โรคเคซองชนิดปวดแขนขาและท้อง	แพทยศาสตร์	
benign	ไม่ร้าย	แพทยศาสตร์	
benignant	ไม่ร้าย	แพทยศาสตร์	
benzoin	กำยาน	แพทยศาสตร์	
beriberi	โรคเหน็บชา	แพทยศาสตร์	
beriberi, cardiac	โรคเหน็บชาจับหัวใจ	แพทยศาสตร์	
beriberi, infantile	โรคเหน็บชาทารก	แพทยศาสตร์	
bestiality	การสมสู่กับสัตว์	แพทยศาสตร์	
zooerastia	การสมสู่กับสัตว์	แพทยศาสตร์	
bhang	กัญชา	แพทยศาสตร์	
cannabis	กัญชา	แพทยศาสตร์	
marihuana	กัญชา	แพทยศาสตร์	
marijuana	กัญชา	แพทยศาสตร์	
biceps	มีสองหัว	แพทยศาสตร์	
biceps	กล้ามเนื้อสองหัว	แพทยศาสตร์	
biceps	ไบเซ็ปส์	แพทยศาสตร์	
bicornate	มีสองเขา	แพทยศาสตร์	
bicornate	มีสองกิ่ง	แพทยศาสตร์	
bicornuate	มีสองเขา	แพทยศาสตร์	
bicornuate	มีสองกิ่ง	แพทยศาสตร์	
bicuspid	-สองปุ่ม	แพทยศาสตร์	
bicuspid	ไบคัสพิด	แพทยศาสตร์	
bicuspid	-สองแผ่น	แพทยศาสตร์	
bicuspid	ฟันกรามน้อย [มีความหมายเหมือนกับ premolar 1 และ tooth	แพทยศาสตร์	
bifid	-แยกสองกิ่ง	แพทยศาสตร์	
bifid	-แยกสองแฉก	แพทยศาสตร์	
biforate	มีสองทวาร	แพทยศาสตร์	
bifurcate	-แยกสองง่าม	แพทยศาสตร์	
bifurcation	การแยกสองง่าม	แพทยศาสตร์	
bifurcation	จุดแยกสองง่าม	แพทยศาสตร์	
bifurcation	จุดแยกสองราก	แพทยศาสตร์	
bigeminal	แฝด	แพทยศาสตร์	
twin	แฝด	แพทยศาสตร์	
bilateral	-สองด้าน	แพทยศาสตร์	
bilateral	-สองฝ่าย	แพทยศาสตร์	
bile	น้ำดี [มีความหมายเหมือนกับ gall 1]	แพทยศาสตร์	
biliary	-น้ำดี	แพทยศาสตร์	
biliary	-ท่อน้ำดี	แพทยศาสตร์	
biliary	-ถุงน้ำดี	แพทยศาสตร์	
biliation	การหลั่งน้ำดี	แพทยศาสตร์	
biligenic	-ผลิตน้ำดี	แพทยศาสตร์	
biliuria	ปัสสาวะมีสารสีน้ำดี	แพทยศาสตร์	
bilobate	-สองกลีบ	แพทยศาสตร์	
bilobular	-สองกลีบ	แพทยศาสตร์	
bilocular	-สองห้อง	แพทยศาสตร์	
bilocular	-สองช่อง	แพทยศาสตร์	
biloculate	-สองห้อง	แพทยศาสตร์	
biloculate	-สองช่อง	แพทยศาสตร์	
bimanous	มีสองมือ	แพทยศาสตร์	
bimanual	-สองมือ	แพทยศาสตร์	
bimester	ระยะสองเดือน	แพทยศาสตร์	
binaural	-สองหู	แพทยศาสตร์	
binocular	กล้องสองตา	แพทยศาสตร์	
binocular	-สองตา	แพทยศาสตร์	
bioassay	การสอบปริมาณโดยชีววิธี	แพทยศาสตร์	
bioavailability	อัตราสารเข้าระบบชีวภาพ	แพทยศาสตร์	
bioavailability	ชีวสภาพพร้อมใช้	แพทยศาสตร์	
biochemistry	ชีวเคมี	แพทยศาสตร์	
biochemistry, human	มนุษยชีวเคมี [มีความหมายเหมือนกับ chemistry	แพทยศาสตร์	
biocide	สารชีวฆาต	แพทยศาสตร์	
bioclimatics	ชีวภูมิอากาศวิทยา	แพทยศาสตร์	
bioclimatics	ภูมิอากาศวิทยาชีวภาพ	แพทยศาสตร์	
bioclimatology	ชีวภูมิอากาศวิทยา	แพทยศาสตร์	
bioclimatology	ภูมิอากาศวิทยาชีวภาพ	แพทยศาสตร์	
bioeffective	-ชีวผล	แพทยศาสตร์	
bioelectricity	ไฟฟ้าชีวภาพ	แพทยศาสตร์	
bioelement	ชีวธาตุ	แพทยศาสตร์	
biologicals	ชีวสาร	แพทยศาสตร์	
agent, biological	ชีวสาร	แพทยศาสตร์	
biologist	นักชีววิทยา	แพทยศาสตร์	
biology	ชีววิทยา	แพทยศาสตร์	
biomedical instrumentation	วิชาการอุปกรณ์ชีวเวช	แพทยศาสตร์	
biometeorology	ชีวอุตุนิยมวิทยา	แพทยศาสตร์	
biometry	ชีวสถิติศาสตร์	แพทยศาสตร์	
biostatistics	ชีวสถิติศาสตร์	แพทยศาสตร์	
biomicroscope, slit-lamp	กล้องจักษุจุลทรรศน์	แพทยศาสตร์	
biopharmacy	ชีวเภสัชศาสตร์	แพทยศาสตร์	
biophysics	ชีวฟิสิกส์	แพทยศาสตร์	
biopsy	การเก็บตัวอย่างเนื้อเยื่อ	แพทยศาสตร์	
biorhythm	จังหวะชีวภาพ	แพทยศาสตร์	
biostatistics	ชีวสถิติศาสตร์	แพทยศาสตร์	
biometry	ชีวสถิติศาสตร์	แพทยศาสตร์	
biotherapy	ชีวสารรักษา	แพทยศาสตร์	
biotic	-ชีวิต	แพทยศาสตร์	
biotic	ชีวนะ	แพทยศาสตร์	
biotype	แบบชนิดชีวะ	แพทยศาสตร์	
biped	มีสองเท้า	แพทยศาสตร์	
biped	สัตว์สองเท้า	แพทยศาสตร์	
biramous	มีสองแขนง	แพทยศาสตร์	
birth, dead	การตายคลอด	แพทยศาสตร์	
stillbirth	การตายคลอด	แพทยศาสตร์	
bisexual	-รักร่วมสองเพศ	แพทยศาสตร์	
bisexual	ผู้รักร่วมสองเพศ	แพทยศาสตร์	
blackout	อาการหน้ามืด	แพทยศาสตร์	
bladder	กระเพาะปัสสาวะ [มีความหมายเหมือนกับ bladder	แพทยศาสตร์	
bladder	ถุง	แพทยศาสตร์	
vesica	กระเพาะปัสสาวะ [มีความหมายเหมือนกับ bladder	แพทยศาสตร์	
vesica	ถุง	แพทยศาสตร์	
bladder, urinary	กระเพาะปัสสาวะ [มีความหมายเหมือนกับ bladder	แพทยศาสตร์	
vesica urinaria	กระเพาะปัสสาวะ [มีความหมายเหมือนกับ bladder	แพทยศาสตร์	
blastocyte	เซลล์วัยอ่อน	แพทยศาสตร์	
bleb	เม็ดพอง	แพทยศาสตร์	
bleeding	อาการเลือดออก	แพทยศาสตร์	
bleeding	เลือดไหล	แพทยศาสตร์	
bleeding	การตกเลือด	แพทยศาสตร์	
bleeding per gum	การตกเลือดจากเหงือก	แพทยศาสตร์	
bleeding per gum	เลือดออกตามไรฟัน	แพทยศาสตร์	
ulaemorrhagia	การตกเลือดจากเหงือก	แพทยศาสตร์	
ulaemorrhagia	เลือดออกตามไรฟัน	แพทยศาสตร์	
ulemorrhagia	การตกเลือดจากเหงือก	แพทยศาสตร์	
ulemorrhagia	เลือดออกตามไรฟัน	แพทยศาสตร์	
blennorrhea	อาการน้ำเมือกไหล	แพทยศาสตร์	
blennorrhea	โรคหนองใน [มีความหมายเหมือนกับ gonorrhea/gonorrhoea และ pyoblennorrhea/pyoblennorrhoea 2]	แพทยศาสตร์	
blennorrhoea	อาการน้ำเมือกไหล	แพทยศาสตร์	
blennorrhoea	โรคหนองใน [มีความหมายเหมือนกับ gonorrhea/gonorrhoea และ pyoblennorrhea/pyoblennorrhoea 2]	แพทยศาสตร์	
blennuria	ปัสสาวะมีมูก	แพทยศาสตร์	
blepharism	อาการตากะพริบไม่หยุด	แพทยศาสตร์	
blepharism	เปลือกตาเกร็งกระตุก	แพทยศาสตร์	
blepharitis	หนังตาอักเสบ [มีความหมายเหมือนกับ tarsitis 3]	แพทยศาสตร์	
palpebritis	หนังตาอักเสบ [มีความหมายเหมือนกับ tarsitis 3]	แพทยศาสตร์	
blepharoblennorrhea	เปลือกตาเป็นหนอง	แพทยศาสตร์	
blepharoblennorrhoea	เปลือกตาเป็นหนอง	แพทยศาสตร์	
blepharochalasis	หนังตาบนยาน	แพทยศาสตร์	
blepharophimosis	ตาตีบ	แพทยศาสตร์	
blepharoptosis	หนังตาตก [มีความหมายเหมือนกับ ptosis 2]	แพทยศาสตร์	
blepharorrhaphy	การเย็บหนังตาติดกัน	แพทยศาสตร์	
tarsorrhaphy	การเย็บหนังตาติดกัน	แพทยศาสตร์	
blepharospasm	ตาปิดเกร็ง	แพทยศาสตร์	
blind, color	บอดสี	แพทยศาสตร์	
blind, colour	บอดสี	แพทยศาสตร์	
blindgut	กระพุ้งไส้ใหญ่	แพทยศาสตร์	
caecum	กระพุ้งไส้ใหญ่	แพทยศาสตร์	
cecum	กระพุ้งไส้ใหญ่	แพทยศาสตร์	
coecum	กระพุ้งไส้ใหญ่	แพทยศาสตร์	
typhlon	กระพุ้งไส้ใหญ่	แพทยศาสตร์	
blindness	ตาบอด [มีความหมายเหมือนกับ amaurosis 2]	แพทยศาสตร์	
ablepsia	ตาบอด [มีความหมายเหมือนกับ amaurosis 2]	แพทยศาสตร์	
typhlosis	ตาบอด [มีความหมายเหมือนกับ amaurosis 2]	แพทยศาสตร์	
blindness, color	ตาบอดสี	แพทยศาสตร์	
blindness, colour	ตาบอดสี	แพทยศาสตร์	
blindness, complete color	การเห็นไร้สี	แพทยศาสตร์	
blindness, complete color	การบอดทุกสี	แพทยศาสตร์	
blindness, complete colour	การเห็นไร้สี	แพทยศาสตร์	
blindness, complete colour	การบอดทุกสี	แพทยศาสตร์	
achromatism	การเห็นไร้สี	แพทยศาสตร์	
achromatism	การบอดทุกสี	แพทยศาสตร์	
achromatopsia	การเห็นไร้สี	แพทยศาสตร์	
achromatopsia	การบอดทุกสี	แพทยศาสตร์	
acritochromacy	การเห็นไร้สี	แพทยศาสตร์	
acritochromacy	การบอดทุกสี	แพทยศาสตร์	
blindness, total color	การเห็นไร้สี	แพทยศาสตร์	
blindness, total color	การบอดทุกสี	แพทยศาสตร์	
blindness, total colour	การเห็นไร้สี	แพทยศาสตร์	
blindness, total colour	การบอดทุกสี	แพทยศาสตร์	
monochromatism	การเห็นไร้สี	แพทยศาสตร์	
monochromatism	การบอดทุกสี	แพทยศาสตร์	
vision, achromatic	การเห็นไร้สี	แพทยศาสตร์	
vision, achromatic	การบอดทุกสี	แพทยศาสตร์	
blindness, cortical psychic	ภาวะเสียการระลึกรู้ทางการเห็น	แพทยศาสตร์	
agnosia, visual	ภาวะเสียการระลึกรู้ทางการเห็น	แพทยศาสตร์	
blindness, psychic	ภาวะเสียการระลึกรู้ทางการเห็น	แพทยศาสตร์	
psychanopsia	ภาวะเสียการระลึกรู้ทางการเห็น	แพทยศาสตร์	
blindness, day	ตาฟางกลางวัน	แพทยศาสตร์	
hemeralopia	ตาฟางกลางวัน	แพทยศาสตร์	
blindness, eclipse	ตาบอดเหตุสุริยุปราคา	แพทยศาสตร์	
blindness, night	ตาฟางกลางคืน	แพทยศาสตร์	
blindness, night	ตาบอดแสง	แพทยศาสตร์	
nyctalopia	ตาฟางกลางคืน	แพทยศาสตร์	
nyctalopia	ตาบอดแสง	แพทยศาสตร์	
blindness, psychic	ภาวะเสียการระลึกรู้ทางการเห็น	แพทยศาสตร์	
agnosia, visual	ภาวะเสียการระลึกรู้ทางการเห็น	แพทยศาสตร์	
blindness, cortical psychic	ภาวะเสียการระลึกรู้ทางการเห็น	แพทยศาสตร์	
psychanopsia	ภาวะเสียการระลึกรู้ทางการเห็น	แพทยศาสตร์	
blindness, total color	การเห็นไร้สี	แพทยศาสตร์	
blindness, total color	การบอดทุกสี	แพทยศาสตร์	
blindness, total colour	การเห็นไร้สี	แพทยศาสตร์	
blindness, total colour	การบอดทุกสี	แพทยศาสตร์	
achromatism	การเห็นไร้สี	แพทยศาสตร์	
achromatism	การบอดทุกสี	แพทยศาสตร์	
achromatopsia	การเห็นไร้สี	แพทยศาสตร์	
achromatopsia	การบอดทุกสี	แพทยศาสตร์	
acritochromacy	การเห็นไร้สี	แพทยศาสตร์	
acritochromacy	การบอดทุกสี	แพทยศาสตร์	
blindness, complete color	การเห็นไร้สี	แพทยศาสตร์	
blindness, complete color	การบอดทุกสี	แพทยศาสตร์	
blindness, complete colour	การเห็นไร้สี	แพทยศาสตร์	
blindness, complete colour	การบอดทุกสี	แพทยศาสตร์	
monochromatism	การเห็นไร้สี	แพทยศาสตร์	
monochromatism	การบอดทุกสี	แพทยศาสตร์	
vision, achromatic	การเห็นไร้สี	แพทยศาสตร์	
vision, achromatic	การบอดทุกสี	แพทยศาสตร์	
blindness, word	ภาวะเสียการสื่อความเหตุศูนย์การเห็น	แพทยศาสตร์	
blindness, word	ภาวะเสียการอ่าน	แพทยศาสตร์	
alexia	ภาวะเสียการสื่อความเหตุศูนย์การเห็น	แพทยศาสตร์	
alexia	ภาวะเสียการอ่าน	แพทยศาสตร์	
amnesia, visual	ภาวะเสียการสื่อความเหตุศูนย์การเห็น	แพทยศาสตร์	
amnesia, visual	ภาวะเสียการอ่าน	แพทยศาสตร์	
aphasia, visual	ภาวะเสียการสื่อความเหตุศูนย์การเห็น	แพทยศาสตร์	
aphasia, visual	ภาวะเสียการอ่าน	แพทยศาสตร์	
blister	ตุ่มพอง	แพทยศาสตร์	
blister, pus	ตุ่มหนอง	แพทยศาสตร์	
ecthyma	ตุ่มหนอง	แพทยศาสตร์	
blister, water	ตุ่มใส	แพทยศาสตร์	
block, heart	ภาวะหัวใจขัด	แพทยศาสตร์	
block, nerve	การสะกดประสาท	แพทยศาสตร์	
block, partial heart	ภาวะหัวใจขัดบางส่วน	แพทยศาสตร์	
blood, cord	เลือดสายสะดือ	แพทยศาสตร์	
blood, defibrinated	เลือดแยกไฟบริน	แพทยศาสตร์	
blood, occult	เลือดแฝง	แพทยศาสตร์	
blood, whole	เลือดครบ	แพทยศาสตร์	
bloodborn	-ติดต่อทางเลือด	แพทยศาสตร์	
blood clot	ลิ่มเลือด	แพทยศาสตร์	
blood count, differential	การนับแยกชนิดเม็ดเลือด	แพทยศาสตร์	
blood group	หมู่เลือด	แพทยศาสตร์	
blood grouping	การจัดหมู่เลือด	แพทยศาสตร์	
blood typing	การจัดหมู่เลือด	แพทยศาสตร์	
bloodless	ไร้เลือด	แพทยศาสตร์	
bloodless	ไม่เสียเลือด	แพทยศาสตร์	
blood platelet	เกล็ดเลือด	แพทยศาสตร์	
platelet	เกล็ดเลือด	แพทยศาสตร์	
thrombocyte	เกล็ดเลือด	แพทยศาสตร์	
bloodshot	กลัดเลือด	แพทยศาสตร์	
blood substitute	สิ่งแทนเลือด	แพทยศาสตร์	
blood typing	การจัดหมู่เลือด	แพทยศาสตร์	
blood grouping	การจัดหมู่เลือด	แพทยศาสตร์	
body, ciliary	ซิลิอารีบอดี	แพทยศาสตร์	
body, foreign	สิ่งแปลกปลอม	แพทยศาสตร์	
body, foreign	สิ่งแปลกที่	แพทยศาสตร์	
body, vitreous	วุ้นตา	แพทยศาสตร์	
humor, vitreous	วุ้นตา	แพทยศาสตร์	
humour, vitreous	วุ้นตา	แพทยศาสตร์	
vitreous	วุ้นตา	แพทยศาสตร์	
vitreum	วุ้นตา	แพทยศาสตร์	
vitrina	วุ้นตา	แพทยศาสตร์	
boil	ฝี	แพทยศาสตร์	
furuncle	ฝี	แพทยศาสตร์	
bone, breast	กระดูกอก	แพทยศาสตร์	
sternum	กระดูกอก	แพทยศาสตร์	
bone, calf	กระดูกน่อง	แพทยศาสตร์	
fibula	กระดูกน่อง	แพทยศาสตร์	
paracnemidion	กระดูกน่อง	แพทยศาสตร์	
paracnemis	กระดูกน่อง	แพทยศาสตร์	
perone	กระดูกน่อง	แพทยศาสตร์	
bone, cancellous	กระดูกฟ่าม	แพทยศาสตร์	
bone, cancellous	กระดูกฟองน้ำ	แพทยศาสตร์	
bone, spongy	กระดูกฟ่าม	แพทยศาสตร์	
bone, spongy	กระดูกฟองน้ำ	แพทยศาสตร์	
bone, carpal	กระดูกข้อมือ	แพทยศาสตร์	
carpale (เอก.)	กระดูกข้อมือ	แพทยศาสตร์	
carpalia (พหู.)	กระดูกข้อมือ	แพทยศาสตร์	
bone, cheek	กระดูกโหนกแก้ม [มีความหมายเหมือนกับ zygoma 3]	แพทยศาสตร์	
bone, zygomatic	กระดูกโหนกแก้ม [มีความหมายเหมือนกับ zygoma 3]	แพทยศาสตร์	
jugum	กระดูกโหนกแก้ม [มีความหมายเหมือนกับ zygoma 3]	แพทยศาสตร์	
mala	กระดูกโหนกแก้ม [มีความหมายเหมือนกับ zygoma 3]	แพทยศาสตร์	
bone, collar	กระดูกไหปลาร้า	แพทยศาสตร์	
clavicle	กระดูกไหปลาร้า	แพทยศาสตร์	
bone, compact	กระดูกเนื้อแน่น	แพทยศาสตร์	
bone, dense	กระดูกเนื้อแน่น	แพทยศาสตร์	
bone, cranial	กระดูกหุ้มสมอง	แพทยศาสตร์	
cranium	กระดูกหุ้มสมอง	แพทยศาสตร์	
bone, dense	กระดูกเนื้อแน่น	แพทยศาสตร์	
bone, compact	กระดูกเนื้อแน่น	แพทยศาสตร์	
bone, frontal	กระดูกหน้าผาก	แพทยศาสตร์	
bone, haunch	กระดูกสะโพก	แพทยศาสตร์	
bone, hip	กระดูกสะโพก	แพทยศาสตร์	
bone, innominate	กระดูกสะโพก	แพทยศาสตร์	
bone, heel	กระดูกส้นเท้า	แพทยศาสตร์	
calcaneum	กระดูกส้นเท้า	แพทยศาสตร์	
calcaneus	กระดูกส้นเท้า	แพทยศาสตร์	
bone, hip	กระดูกสะโพก	แพทยศาสตร์	
bone, haunch	กระดูกสะโพก	แพทยศาสตร์	
bone, innominate	กระดูกสะโพก	แพทยศาสตร์	
bone, metacarpal	กระดูกฝ่ามือ [มีความหมายเหมือนกับ metacarpal 2]	แพทยศาสตร์	
bone, metatarsal	กระดูกฝ่าเท้า [มีความหมายเหมือนกับ metatarsal 2]	แพทยศาสตร์	
bone, nasal	กระดูกจมูก	แพทยศาสตร์	
bone, navicular	กระดูกรูปเรือ [มีความหมายเหมือนกับ scaphoid 2]	แพทยศาสตร์	
bone, scaphoid	กระดูกรูปเรือ [มีความหมายเหมือนกับ scaphoid 2]	แพทยศาสตร์	
bone, occipital	กระดูกท้ายทอย	แพทยศาสตร์	
bone, parietal	กระดูกข้างขม่อม	แพทยศาสตร์	
bone, pelvic	กระดูกเชิงกราน	แพทยศาสตร์	
basin	กระดูกเชิงกราน	แพทยศาสตร์	
os pubis	กระดูกเชิงกราน	แพทยศาสตร์	
bone, scaphoid	กระดูกรูปเรือ [มีความหมายเหมือนกับ scaphoid 2]	แพทยศาสตร์	
bone, navicular	กระดูกรูปเรือ [มีความหมายเหมือนกับ scaphoid 2]	แพทยศาสตร์	
bone, sesamoid	กระดูกในเอ็นกล้ามเนื้อ [มีความหมายเหมือนกับ sesamoid 2]	แพทยศาสตร์	
bone, sphenoid	กระดูกสฟีนอยด์ [มีความหมายเหมือนกับ sphenoid 1]	แพทยศาสตร์	
bone, spicule	เสี้ยนกระดูก	แพทยศาสตร์	
bone, spongy	กระดูกฟ่าม	แพทยศาสตร์	
bone, spongy	กระดูกฟองน้ำ	แพทยศาสตร์	
bone, cancellous	กระดูกฟ่าม	แพทยศาสตร์	
bone, cancellous	กระดูกฟองน้ำ	แพทยศาสตร์	
bone, tarsal	กระดูกข้อเท้า [มีความหมายเหมือนกับ tarsal	แพทยศาสตร์	
tarsalia	กระดูกข้อเท้า [มีความหมายเหมือนกับ tarsal	แพทยศาสตร์	
bone, temporal	กระดูกขมับ	แพทยศาสตร์	
bone, thigh	กระดูกต้นขา [มีความหมายเหมือนกับ femur 1]	แพทยศาสตร์	
bone, turbinate	กระดูกม้วน [มีความหมายเหมือนกับ turbinate 2]	แพทยศาสตร์	
bone, zygomatic	กระดูกโหนกแก้ม [มีความหมายเหมือนกับ zygoma 3]	แพทยศาสตร์	
bone, cheek	กระดูกโหนกแก้ม [มีความหมายเหมือนกับ zygoma 3]	แพทยศาสตร์	
jugum	กระดูกโหนกแก้ม [มีความหมายเหมือนกับ zygoma 3]	แพทยศาสตร์	
mala	กระดูกโหนกแก้ม [มีความหมายเหมือนกับ zygoma 3]	แพทยศาสตร์	
bone, zygomatic process of temporal	ส่วนยื่นกระดูกขมับจดกระดูกโหนกแก้ม [มีความหมายเหมือนกับ zygoma 1]	แพทยศาสตร์	
borborygmus	เสียงท้องร้อง	แพทยศาสตร์	
borborygmus	เสียงลำไส้บีบตัว	แพทยศาสตร์	
rugitus	เสียงท้องร้อง	แพทยศาสตร์	
rugitus	เสียงลำไส้บีบตัว	แพทยศาสตร์	
sound, gurgling	เสียงท้องร้อง	แพทยศาสตร์	
sound, gurgling	เสียงลำไส้บีบตัว	แพทยศาสตร์	
bout	คราว	แพทยศาสตร์	
episode	คราว	แพทยศาสตร์	
bowel	ลำไส้	แพทยศาสตร์	
bowel	ไส้ [มีความหมายเหมือนกับ enteron	แพทยศาสตร์	
intestine	ลำไส้	แพทยศาสตร์	
intestine	ไส้ [มีความหมายเหมือนกับ enteron	แพทยศาสตร์	
bowleg	ขาโก่ง	แพทยศาสตร์	
genu varum	ขาโก่ง	แพทยศาสตร์	
gonyectyposis	ขาโก่ง	แพทยศาสตร์	
knee, out	ขาโก่ง	แพทยศาสตร์	
brace	อุปกรณ์พยุง	แพทยศาสตร์	
orthosis	อุปกรณ์พยุง	แพทยศาสตร์	
brachial	ของแขน	แพทยศาสตร์	
brachial	-แขน	แพทยศาสตร์	
brachialgia	อาการปวดแขน	แพทยศาสตร์	
brachiotomy	การตัดแขน	แพทยศาสตร์	
brachium	แขน	แพทยศาสตร์	
brachium	ต้นแขน	แพทยศาสตร์	
brachycardia	หัวใจเต้นช้า	แพทยศาสตร์	
bradycardia	หัวใจเต้นช้า	แพทยศาสตร์	
oligocardia	หัวใจเต้นช้า	แพทยศาสตร์	
brachydactyly	สภาพนิ้วสั้นผิดปรกติ	แพทยศาสตร์	
bradycardia	หัวใจเต้นช้า	แพทยศาสตร์	
brachycardia	หัวใจเต้นช้า	แพทยศาสตร์	
oligocardia	หัวใจเต้นช้า	แพทยศาสตร์	
bradykinesia	อาการเคลื่อนไหวช้า	แพทยศาสตร์	
bradylalia	อาการพูดช้า	แพทยศาสตร์	
bradylexia	อาการอ่านช้า	แพทยศาสตร์	
bradyphagia	อาการกินช้า	แพทยศาสตร์	
bradytocia	อาการคลอดช้า	แพทยศาสตร์	
bradyuria	อาการถ่ายปัสสาวะช้า	แพทยศาสตร์	
brain stem	ก้านสมอง	แพทยศาสตร์	
branchial	-เหงือก	แพทยศาสตร์	
breast	เต้านม [มีความหมายเหมือนกับ pectus 3]	แพทยศาสตร์	
mamma	เต้านม [มีความหมายเหมือนกับ pectus 3]	แพทยศาสตร์	
breast, accessory	เต้านมเกิน	แพทยศาสตร์	
breast, pigeon	อกไก่	แพทยศาสตร์	
chest, keeled	อกไก่	แพทยศาสตร์	
chest, pigeon	อกไก่	แพทยศาสตร์	
pectus carinatum	อกไก่	แพทยศาสตร์	
pectus gallinatum	อกไก่	แพทยศาสตร์	
breathing	การหายใจ	แพทยศาสตร์	
respiration	การหายใจ	แพทยศาสตร์	
breech	ก้น	แพทยศาสตร์	
bromhidrosis	ภาวะกลิ่นตัวแรง	แพทยศาสตร์	
bronchial	-หลอดลม	แพทยศาสตร์	
bronchiectasis	โรคหลอดลมพอง	แพทยศาสตร์	
bronchiectasis	โรคมองคร่อ	แพทยศาสตร์	
bronchiocele	กระพุ้งหลอดลมฝอย	แพทยศาสตร์	
bronchiole	หลอดลมฝอย	แพทยศาสตร์	
bronchiolitis	หลอดลมฝอยอักเสบ	แพทยศาสตร์	
bronchiospasm	หลอดลมหดเกร็ง	แพทยศาสตร์	
bronchospasm	หลอดลมหดเกร็ง	แพทยศาสตร์	
bronchiostenosis	หลอดลมตีบ	แพทยศาสตร์	
bronchoconstriction	หลอดลมตีบ	แพทยศาสตร์	
bronchostenosis	หลอดลมตีบ	แพทยศาสตร์	
bronchitis	หลอดลมอักเสบ	แพทยศาสตร์	
bronchocele	กระพุ้งหลอดลม	แพทยศาสตร์	
bronchodilatation	หลอดลมขยาย	แพทยศาสตร์	
bronchodilation	การขยายหลอดลม	แพทยศาสตร์	
bronchodilator	สารขยายหลอดลม	แพทยศาสตร์	
bronchogenic	-เกิดที่หลอดลม	แพทยศาสตร์	
broncholith	นิ่วหลอดลม	แพทยศาสตร์	
bronchorrhagia	การตกเลือดในหลอดลม	แพทยศาสตร์	
bronchoscope	กล้องส่องตรวจหลอดลม	แพทยศาสตร์	
bronchospasm	หลอดลมหดเกร็ง	แพทยศาสตร์	
bronchiospasm	หลอดลมหดเกร็ง	แพทยศาสตร์	
bronchovesicular	-ถุงลมและหลอดลม	แพทยศาสตร์	
vesiculobronchial	-ถุงลมและหลอดลม	แพทยศาสตร์	
bronchus	หลอดลม	แพทยศาสตร์	
bronchus, main	หลอดลมประธาน	แพทยศาสตร์	
brontophobia	อาการกลัวฟ้าร้อง	แพทยศาสตร์	
brooding	อาการครุ่นวิตก	แพทยศาสตร์	
brow	หน้าผาก [มีความหมายเหมือนกับ forehead	แพทยศาสตร์	
brow	คิ้ว [มีความหมายเหมือนกับ eyebrow	แพทยศาสตร์	
bruise	รอยฟกช้ำ [มีความหมายเหมือนกับ ecchymosis และ suggillation 1]	แพทยศาสตร์	
contusion	รอยฟกช้ำ [มีความหมายเหมือนกับ ecchymosis และ suggillation 1]	แพทยศาสตร์	
bruxism	การนอนกัดฟัน	แพทยศาสตร์	
odontoprisis	การนอนกัดฟัน	แพทยศาสตร์	
bubo, venereal	ฝีมะม่วง	แพทยศาสตร์	
buccal	-แก้ม	แพทยศาสตร์	
genal	-แก้ม	แพทยศาสตร์	
jugal	-แก้ม	แพทยศาสตร์	
bulimia	อาการหิวไม่หาย [มีความหมายเหมือนกับ sitiomania	แพทยศาสตร์	
buphthalmia	ต้อหินวัยทารก	แพทยศาสตร์	
buphthalmos	ต้อหินวัยทารก	แพทยศาสตร์	
buphthalmus	ต้อหินวัยทารก	แพทยศาสตร์	
hydrophthalmia	ต้อหินวัยทารก	แพทยศาสตร์	
hydrophthalmos	ต้อหินวัยทารก	แพทยศาสตร์	
hydrophthalmus	ต้อหินวัยทารก	แพทยศาสตร์	
burn	แผลไหม้	แพทยศาสตร์	
burn	รอยไหม้	แพทยศาสตร์	
bursa	ถุงลดเสียดสี	แพทยศาสตร์	
bursa	ถุงของไหลข้น	แพทยศาสตร์	
bursa, omental	ถุงโอเมนตัม	แพทยศาสตร์	
sac, omental	ถุงโอเมนตัม	แพทยศาสตร์	
buttocks	แก้มก้น	แพทยศาสตร์	
clunes	แก้มก้น	แพทยศาสตร์	
nates	แก้มก้น	แพทยศาสตร์	
rumps	แก้มก้น	แพทยศาสตร์	
bypass	ทางเลี่ยง	แพทยศาสตร์	
cachectic	ผอมหนังหุ้มกระดูก	แพทยศาสตร์	
cachexia	ภาวะผอมหนังหุ้มกระดูก [มีความหมายเหมือนกับ skeletisation/skeletization 1]	แพทยศาสตร์	
cadaver	ศพ	แพทยศาสตร์	
corpse	ศพ	แพทยศาสตร์	
cadaveric	-ศพ	แพทยศาสตร์	
caecectomy	การตัดกระพุ้งไส้ใหญ่	แพทยศาสตร์	
cecectomy	การตัดกระพุ้งไส้ใหญ่	แพทยศาสตร์	
typhlectomy	การตัดกระพุ้งไส้ใหญ่	แพทยศาสตร์	
caecitis	กระพุ้งไส้ใหญ่อักเสบ	แพทยศาสตร์	
cecitis	กระพุ้งไส้ใหญ่อักเสบ	แพทยศาสตร์	
typhlenteritis	กระพุ้งไส้ใหญ่อักเสบ	แพทยศาสตร์	
typhlitis	กระพุ้งไส้ใหญ่อักเสบ	แพทยศาสตร์	
typhloenteritis	กระพุ้งไส้ใหญ่อักเสบ	แพทยศาสตร์	
typhloteritis	กระพุ้งไส้ใหญ่อักเสบ	แพทยศาสตร์	
caecoptosis	กระพุ้งไส้ใหญ่ย้อย	แพทยศาสตร์	
cecoptosis	กระพุ้งไส้ใหญ่ย้อย	แพทยศาสตร์	
typhloptosis	กระพุ้งไส้ใหญ่ย้อย	แพทยศาสตร์	
caecostomy	ศัลยกรรมทำรูเปิดกระพุ้งไส้ใหญ่	แพทยศาสตร์	
cecostomy	ศัลยกรรมทำรูเปิดกระพุ้งไส้ใหญ่	แพทยศาสตร์	
typhlostomy	ศัลยกรรมทำรูเปิดกระพุ้งไส้ใหญ่	แพทยศาสตร์	
caecotomy	การผ่ากระพุ้งไส้ใหญ่	แพทยศาสตร์	
cecotomy	การผ่ากระพุ้งไส้ใหญ่	แพทยศาสตร์	
typhlotomy	การผ่ากระพุ้งไส้ใหญ่	แพทยศาสตร์	
caecum	กระพุ้งไส้ใหญ่	แพทยศาสตร์	
cecum	กระพุ้งไส้ใหญ่	แพทยศาสตร์	
coecum	กระพุ้งไส้ใหญ่	แพทยศาสตร์	
blindgut	กระพุ้งไส้ใหญ่	แพทยศาสตร์	
typhlon	กระพุ้งไส้ใหญ่	แพทยศาสตร์	
caffeine	แคฟเฟอีน	แพทยศาสตร์	
caffeinism	ภาวะพิษแคฟเฟอีน	แพทยศาสตร์	
calcaneum	กระดูกส้นเท้า	แพทยศาสตร์	
bone, heel	กระดูกส้นเท้า	แพทยศาสตร์	
calcaneus	กระดูกส้นเท้า	แพทยศาสตร์	
calcification	การมีแคลเซียมเกาะ	แพทยศาสตร์	
calcination	การเผาให้เป็นผง	แพทยศาสตร์	
calculus	นิ่ว [มีความหมายเหมือนกับ concretion 1]	แพทยศาสตร์	
calculus, biliary	นิ่วน้ำดี	แพทยศาสตร์	
cholelith	นิ่วน้ำดี	แพทยศาสตร์	
gallstone	นิ่วน้ำดี	แพทยศาสตร์	
calculus, dental	หินน้ำลาย	แพทยศาสตร์	
calculus, dental	หินปูน	แพทยศาสตร์	
odontolith	หินน้ำลาย	แพทยศาสตร์	
odontolith	หินปูน	แพทยศาสตร์	
tophus, dental	หินน้ำลาย	แพทยศาสตร์	
tophus, dental	หินปูน	แพทยศาสตร์	
calculus, impacted	นิ่วอุดแน่น	แพทยศาสตร์	
calculus, lung	นิ่วปอด	แพทยศาสตร์	
pulmolith	นิ่วปอด	แพทยศาสตร์	
calculus, pancreatic	นิ่วตับอ่อน	แพทยศาสตร์	
pancreatolith	นิ่วตับอ่อน	แพทยศาสตร์	
calculus, renal	นิ่วไต	แพทยศาสตร์	
nephrolith	นิ่วไต	แพทยศาสตร์	
calculus, salivary	นิ่วน้ำลาย	แพทยศาสตร์	
ptyalith	นิ่วน้ำลาย	แพทยศาสตร์	
ptyalolith	นิ่วน้ำลาย	แพทยศาสตร์	
sialolith	นิ่วน้ำลาย	แพทยศาสตร์	
calculus, urinary	นิ่วปัสสาวะ	แพทยศาสตร์	
urolith	นิ่วปัสสาวะ	แพทยศาสตร์	
calculus, vesical	นิ่วกระเพาะปัสสาวะ	แพทยศาสตร์	
calf	น่อง	แพทยศาสตร์	
sura	น่อง	แพทยศาสตร์	
calix	กิ่ง	แพทยศาสตร์	
calyx	กิ่ง	แพทยศาสตร์	
calix, major	กิ่งใหญ่	แพทยศาสตร์	
calix, minor	กิ่งน้อย	แพทยศาสตร์	
calix, renal	กิ่งกรวยไต	แพทยศาสตร์	
callosity	หนังหนาด้าน [มีความหมายเหมือนกับ callus 1]	แพทยศาสตร์	
keratosis	หนังหนาด้าน [มีความหมายเหมือนกับ callus 1]	แพทยศาสตร์	
tyloma	หนังหนาด้าน [มีความหมายเหมือนกับ callus 1]	แพทยศาสตร์	
callous	-หนังหนาด้าน	แพทยศาสตร์	
callus	หนังหนาด้าน [มีความหมายเหมือนกับ callosity	แพทยศาสตร์	
callus	กระดูกซ่อม	แพทยศาสตร์	
calorimeter	มาตรปริมาณความร้อน	แพทยศาสตร์	
calvaria	ฝากะโหลก	แพทยศาสตร์	
cap, skull	ฝากะโหลก	แพทยศาสตร์	
concha of cranium	ฝากะโหลก	แพทยศาสตร์	
calyx	กิ่ง	แพทยศาสตร์	
calix	กิ่ง	แพทยศาสตร์	
canal	หลอด	แพทยศาสตร์	
canal	ทางเดิน	แพทยศาสตร์	
canal	ทางไหล	แพทยศาสตร์	
canal	ช่อง	แพทยศาสตร์	
canal	คลอง	แพทยศาสตร์	
canal, alimentary	ทางเดินอาหาร [มีความหมายเหมือนกับ enteron	แพทยศาสตร์	
tract, alimentary	ทางเดินอาหาร [มีความหมายเหมือนกับ enteron	แพทยศาสตร์	
tract, digestive	ทางเดินอาหาร [มีความหมายเหมือนกับ enteron	แพทยศาสตร์	
canal, auditory	ช่องหู	แพทยศาสตร์	
canal, external auditory	ช่องหูชั้นนอก	แพทยศาสตร์	
canal, internal auditory	ช่องหูชั้นใน	แพทยศาสตร์	
canal, semicircular	หลอดกึ่งวงกลม	แพทยศาสตร์	
canal, spinal	ช่องบรรจุไขสันหลัง	แพทยศาสตร์	
canal, vertebral	คลองกระดูกสันหลัง	แพทยศาสตร์	
cancer	มะเร็ง [มีความหมายเหมือนกับ malignancy 3]	แพทยศาสตร์	
cancerigenic	-ก่อมะเร็ง	แพทยศาสตร์	
cancerogenic	-ก่อมะเร็ง	แพทยศาสตร์	
carcinogenic	-ก่อมะเร็ง	แพทยศาสตร์	
cancerology	วิทยามะเร็ง [มีความหมายเหมือนกับ oncology 2]	แพทยศาสตร์	
cancrology	วิทยามะเร็ง [มีความหมายเหมือนกับ oncology 2]	แพทยศาสตร์	
carcinology	วิทยามะเร็ง [มีความหมายเหมือนกับ oncology 2]	แพทยศาสตร์	
cancerophobia	โรคกลัวมะเร็ง	แพทยศาสตร์	
cancerphobia	โรคกลัวมะเร็ง	แพทยศาสตร์	
carcinophobia	โรคกลัวมะเร็ง	แพทยศาสตร์	
cancerous	-มะเร็ง	แพทยศาสตร์	
cancerophobia	โรคกลัวมะเร็ง	แพทยศาสตร์	
cancerphobia	โรคกลัวมะเร็ง	แพทยศาสตร์	
carcinophobia	โรคกลัวมะเร็ง	แพทยศาสตร์	
cancriform	คล้ายมะเร็ง	แพทยศาสตร์	
cancroid	คล้ายมะเร็ง	แพทยศาสตร์	
carcinomatoid	คล้ายมะเร็ง	แพทยศาสตร์	
cancrology; cancerology; carcinology	วิทยามะเร็ง [มีความหมายเหมือนกับ oncology 2]	แพทยศาสตร์	
cancrology; cancerology; carcinology	วิทยามะเร็ง [มีความหมายเหมือนกับ oncology 2]	แพทยศาสตร์	
cancrology; cancerology; carcinology	วิทยามะเร็ง [มีความหมายเหมือนกับ oncology 2]	แพทยศาสตร์	
cancrum oris; stomatitis, gangrenous; stomatitis gangrenosa; stomatonecrosis; stomatonoma	ปากเน่า	แพทยศาสตร์	
candidiasis	โรคราเเคนดิดา	แพทยศาสตร์	
candidiasis, atrophic; candidiasis,	โรคราแคนดิดาชนิดผื่นแดง	แพทยศาสตร์	
candidiasis, pseudomembranous	โรคราแคนดิดาชนิดเยื่อเทียม	แพทยศาสตร์	
canescent	หงอก	แพทยศาสตร์	
canine	สัตว์พวกสุนัข	แพทยศาสตร์	
cannabis; bhang; marihuana; marijuana	กัญชา	แพทยศาสตร์	
cannabism	การติดกัญชา	แพทยศาสตร์	
cannula	หลอดคา	แพทยศาสตร์	
cantharides	แมลงวันสเปน	แพทยศาสตร์	
canthus	หัวหรือหางตา	แพทยศาสตร์	
canthus, inner; canthus, medial;	หัวตา	แพทยศาสตร์	
canthus, lateral; canthus, outer;	หางตา	แพทยศาสตร์	
cap, knee; patella	สะบ้า	แพทยศาสตร์	
cap, skull; calvaria; concha of cranium	ฝากะโหลก	แพทยศาสตร์	
capacity	ความจุ	แพทยศาสตร์	
capacity, inspiratory	ความจุหายใจเข้า	แพทยศาสตร์	
capacity, maximal breathing	สมรรถภาพหายใจสูงสุด	แพทยศาสตร์	
capacity, maximal tubular excretory	สมรรถภาพขับถ่ายสูงสุดของหลอดไตฝอย	แพทยศาสตร์	
capacity, oxygen	ความจุออกซิเจน	แพทยศาสตร์	
capacity, residual	ความจุอากาศค้าง	แพทยศาสตร์	
capacity, respiratory	สมรรถภาพจับแก๊สของเลือด	แพทยศาสตร์	
capacity, total lung	ความจุทั้งปอด	แพทยศาสตร์	
capillaritis; telangiitis	หลอดเลือดฝอยอักเสบ	แพทยศาสตร์	
capillary	หลอดเลือดฝอย	แพทยศาสตร์	
capillary	หลอดฝอย	แพทยศาสตร์	
capillary, bile	หลอดน้ำดีฝอย	แพทยศาสตร์	
capillary, lymph	หลอดน้ำเหลืองฝอย	แพทยศาสตร์	
capsule	ถุงหุ้ม	แพทยศาสตร์	
capsule, lens; phacocyst	ถุงหุ้มแก้วตา	แพทยศาสตร์	
capsule, renal	ถุงหุ้มไต	แพทยศาสตร์	
capsule, renal	เยื่อหุ้มไต	แพทยศาสตร์	
caput	หัว	แพทยศาสตร์	
caput succedaneum	หัวปูดเหตุคลอด	แพทยศาสตร์	
caraway	ยี่หร่า	แพทยศาสตร์	
carbuncle	ฝีฝักบัว	แพทยศาสตร์	
carcass	ซาก	แพทยศาสตร์	
carcinectomy; carcinomectomy	การตัดมะเร็ง	แพทยศาสตร์	
carcinogen	สารก่อมะเร็ง	แพทยศาสตร์	
carcinogenesis	การก่อมะเร็ง	แพทยศาสตร์	
carcinogenic; cancerigenic; cancerogenic	-ก่อมะเร็ง	แพทยศาสตร์	
carcinogenicity	อำนาจก่อมะเร็ง	แพทยศาสตร์	
carcinology; cancerology; cancrology	วิทยามะเร็ง [มีความหมายเหมือนกับ oncology 2]	แพทยศาสตร์	
carcinolysis	การสลายมะเร็ง	แพทยศาสตร์	
carcinoma	มะเร็ง	แพทยศาสตร์	
carcinoma, hepatocellular	มะเร็งเซลล์ตับ [มีความหมายเหมือนกับ	แพทยศาสตร์	
carcinoma, squamous cell	มะเร็งเซลล์สความัส	แพทยศาสตร์	
carcinomatoid; cancriform; cancroid	คล้ายมะเร็ง	แพทยศาสตร์	
carcinomatosis; carcinosis	มะเร็งกระจายทั่ว	แพทยศาสตร์	
carcinomectomy; carcinectomy	การตัดมะเร็ง	แพทยศาสตร์	
carcinophobia; cancerophobia; cancerphobia	โรคกลัวมะเร็ง	แพทยศาสตร์	
carcinosis; carcinomatosis	มะเร็งกระจายทั่ว	แพทยศาสตร์	
carcinostatic	-ยั้งมะเร็ง	แพทยศาสตร์	
cardamom	กระวาน	แพทยศาสตร์	
cardia	ปากกระเพาะ	แพทยศาสตร์	
cardiac	-หัวใจ	แพทยศาสตร์	
cardialgia; cardiodynia	อาการปวดแสบกระเพาะ	แพทยศาสตร์	
cardiant; stimulant, cardiac	สารกระตุ้นหัวใจ	แพทยศาสตร์	
cardicentesis; cardiocentesis;	การเจาะหัวใจ	แพทยศาสตร์	
cardiectasis	ภาวะหัวใจโป่งพอง	แพทยศาสตร์	
cardiectomy	การตัดหัวใจ	แพทยศาสตร์	
cardioaccelerator	ตัวเร่งหัวใจ	แพทยศาสตร์	
cardioactive	-ออกฤทธิ์ต่อหัวใจ	แพทยศาสตร์	
cardioangiography; angiocardiography	การถ่ายภาพรังสีหัวใจและหลอดเลือด	แพทยศาสตร์	
cardiocentesis; cardicentesis;	การเจาะหัวใจ	แพทยศาสตร์	
cardiodilator	เครื่องมือถ่างปากกระเพาะ	แพทยศาสตร์	
cardiodynia; cardialgia	อาการปวดแสบกระเพาะ	แพทยศาสตร์	
cardioinhibitor	สิ่งรั้งหัวใจ	แพทยศาสตร์	
cardiologist	หทัยแพทย์	แพทยศาสตร์	
cardiologist	นักหทัยวิทยา	แพทยศาสตร์	
cardiology	หทัยวิทยา	แพทยศาสตร์	
cardiomegaly; auxocardia	ภาวะหัวใจโต	แพทยศาสตร์	
cardiopath	ผู้ป่วยโรคหัวใจ [มีความหมายเหมือนกับ	แพทยศาสตร์	
cardiopathia; cardiopathy	โรคหัวใจ	แพทยศาสตร์	
cardiopericarditis	การอักเสบของหัวใจและเยื่อหุ้ม	แพทยศาสตร์	
cardiophobia	อาการกลัวหัวใจพิการ	แพทยศาสตร์	
cardioptosia; cardioptosis	หัวใจย้อย	แพทยศาสตร์	
cardiopuncture; cardicentesis;	การเจาะหัวใจ	แพทยศาสตร์	
cardiorrhaphy	ศัลยกรรมซ่อมหัวใจ	แพทยศาสตร์	
cardiorrhexis	หัวใจแตก	แพทยศาสตร์	
cardiosurgery	หทัยศัลยศาสตร์	แพทยศาสตร์	
cardiosurgery	ศัลยศาสตร์หัวใจ	แพทยศาสตร์	
cardiotherapy	การรักษาโรคหัวใจ	แพทยศาสตร์	
cardiotonic	-บำรุงหัวใจ	แพทยศาสตร์	
cardiotoxic	-เป็นพิษต่อหัวใจ	แพทยศาสตร์	
cardiovascular	-หัวใจร่วมหลอดเลือด	แพทยศาสตร์	
carditis	หัวใจอักเสบ	แพทยศาสตร์	
care	การบริบาล	แพทยศาสตร์	
care	การดูแล	แพทยศาสตร์	
care, critical	วิกฤตรักษ์	แพทยศาสตร์	
care, critical	วิกฤตบริบาล	แพทยศาสตร์	
care, critical respiratory	การบริบาลภาวะหายใจวิกฤต	แพทยศาสตร์	
care, medical	เวชบริบาล	แพทยศาสตร์	
caries	การผุของกระดูก	แพทยศาสตร์	
caries, dental	ฟันผุ [มีความหมายเหมือนกับ caries 2]	แพทยศาสตร์	
carminative	-ขับลม	แพทยศาสตร์	
carotenaemia/carotenemia;	ภาวะเลือดมีแคโรทีนมาก	แพทยศาสตร์	
carotenoderma; carotenodermia	ผิวเหลืองจากแคโรทีน	แพทยศาสตร์	
carpal	-ข้อมือ	แพทยศาสตร์	
carpale (เอก.); bone, carpal; carpalia (พหู.)	กระดูกข้อมือ	แพทยศาสตร์	
carpectomy	การตัดกระดูกข้อมือ	แพทยศาสตร์	
carphology; tilmus	อาการทึ้งผ้าปูนอน	แพทยศาสตร์	
carpoptosis; hand, drop; wristdrop	อาการข้อมือตก	แพทยศาสตร์	
carpoptosis; hand, drop; wristdrop	อาการมือตก	แพทยศาสตร์	
carpus; wrist	ข้อมือ	แพทยศาสตร์	
carrier	พาหะ	แพทยศาสตร์	
cartilage; gristle	กระดูกอ่อน	แพทยศาสตร์	
cartilage, alar	กระดูกอ่อนปีกจมูก	แพทยศาสตร์	
cartilage, articular	กระดูกอ่อนข้อต่อ	แพทยศาสตร์	
cartilage, auricular	กระดูกอ่อนใบหู	แพทยศาสตร์	
cartilage, ensiform; cartilage, xiphoid;	ลิ้นปี่	แพทยศาสตร์	
cartilage, xiphoid; cartilage, xyphoid;	ลิ้นปี่	แพทยศาสตร์	
cartilaginous	-กระดูกอ่อน	แพทยศาสตร์	
caruncle	ปุ่มเนื้อ	แพทยศาสตร์	
caruncle, lacrimal	ปุ่มเนื้อหัวตา	แพทยศาสตร์	
caruncle, sublingual; papilla, sublingual	ปุ่มเนื้อใต้ลิ้น	แพทยศาสตร์	
caryokinesis; karyokinesis	การแบ่งนิวเคลียส	แพทยศาสตร์	
caryophyllus; clove	กานพลู	แพทยศาสตร์	
case	กรณี	แพทยศาสตร์	
case, borderline	กรณีคาบเส้น	แพทยศาสตร์	
case, index	ผู้ป่วยต้นปัญหา	แพทยศาสตร์	
case, trial	กล่องเลนส์วัดสายตา	แพทยศาสตร์	
case control	กลุ่มควบคุม	แพทยศาสตร์	
case history	ประวัติผู้ป่วย	แพทยศาสตร์	
caseous; tyroid	คล้ายเนยแข็ง	แพทยศาสตร์	
cassette	กล่อง	แพทยศาสตร์	
cast	เฝือก	แพทยศาสตร์	
cast, circular	เฝือกพัน	แพทยศาสตร์	
cast, plaster	เฝือกปูน	แพทยศาสตร์	
cast, slab	เฝือกแผ่น	แพทยศาสตร์	
castrate	ตัดต่อมบ่งเพศ	แพทยศาสตร์	
castrate	ตอน [มีความหมาย	แพทยศาสตร์	
castration	การทำหมัน	แพทยศาสตร์	
castration	การตอน	แพทยศาสตร์	
castration, radiation;	การทำหมันด้วยรังสี	แพทยศาสตร์	
sterilisation/sterilization, radiation	การทำไร้เชื้อด้วยรังสี	แพทยศาสตร์	
casualty	อุบัติเหตุ	แพทยศาสตร์	
casuistics	การบันทึกศึกษาโรค	แพทยศาสตร์	
catamenia; emmenia; menses	ระดู	แพทยศาสตร์	
catamenia; emmenia; menses	ประจำเดือน [มีความหมายเหมือนกับ	แพทยศาสตร์	
cataplexy	ภาวะปวกเปียก	แพทยศาสตร์	
cataract	ต้อแก้วตา	แพทยศาสตร์	
cataract	ต้อกระจก	แพทยศาสตร์	
cataract, capsular	ต้อแก้วตาที่ถุงหุ้ม	แพทยศาสตร์	
cataract, capsular	ต้อกระจกที่ถุงหุ้ม	แพทยศาสตร์	
cataract, juvenile	ต้อแก้วตาวัยเด็ก	แพทยศาสตร์	
cataract, juvenile	ต้อกระจกวัยเด็ก	แพทยศาสตร์	
cataract, senile	ต้อแก้วตาวัยชรา	แพทยศาสตร์	
cataract, senile	ต้อกระจกวัยชรา	แพทยศาสตร์	
cataractopiesis; couching	การกดต้อแก้วตา	แพทยศาสตร์	
cataractopiesis; couching	การกดต้อกระจก	แพทยศาสตร์	
catarrh	เยื่อเมือกอักเสบ	แพทยศาสตร์	
catatonia	อาการเคลื่อนไหวน้อยหรือมากเกิน	แพทยศาสตร์	
catechu; gambir	สีเสียดเทศ	แพทยศาสตร์	
catgut	เอ็นเย็บแผล	แพทยศาสตร์	
catharsis; purgation	การถ่ายท้อง	แพทยศาสตร์	
cathartic	ยาถ่าย	แพทยศาสตร์	
cathartic	ยารุ [มีความหมายเหมือนกับ	แพทยศาสตร์	
catheter	หลอดสวน	แพทยศาสตร์	
catheterisation/catheterization	การใช้หลอดสวน	แพทยศาสตร์	
cauda	หาง	แพทยศาสตร์	
caudad	ไปทางหาง	แพทยศาสตร์	
cauda equina	กลุ่มรากประสาทคล้ายหางม้า	แพทยศาสตร์	
caudal	-หาง	แพทยศาสตร์	
caudalward	ไปทางท้าย	แพทยศาสตร์	
caudate	-มีหาง	แพทยศาสตร์	
causalgia; thermalgia	อาการปวดแสบปวดร้อน	แพทยศาสตร์	
causalgy	การจี้ทำลาย	แพทยศาสตร์	
cause	เหตุ	แพทยศาสตร์	
cause	ต้นเหตุ	แพทยศาสตร์	
cause	สมุฏฐาน	แพทยศาสตร์	
cause, constitutional	เหตุกาย	แพทยศาสตร์	
cause, exciting	เหตุเร้า	แพทยศาสตร์	
cause, immediate; cause, precipitating	เหตุกระตุ้น	แพทยศาสตร์	
cause, immediate; cause, precipitating	ชนวนเหตุ	แพทยศาสตร์	
cause, precipitating; cause, immediate	เหตุกระตุ้น	แพทยศาสตร์	
cause, precipitating; cause, immediate	ชนวนเหตุ	แพทยศาสตร์	
cause, predisposing	เหตุโน้ม [มีความหมายเหมือนกับ cause	แพทยศาสตร์	
cause, primary	เหตุปฐมภูมิ	แพทยศาสตร์	
cause, proximate	เหตุใกล้	แพทยศาสตร์	
cause, remote	เหตุไกล	แพทยศาสตร์	
cause, secondary	เหตุทุติยภูมิ	แพทยศาสตร์	
cause, ultimate	เหตุเก่าก่อน [มีความหมายเหมือนกับ	แพทยศาสตร์	
cause, underlying	เหตุพื้นเดิม	แพทยศาสตร์	
cause, underlying	เหตุเบื้องหลัง	แพทยศาสตร์	
caustic	ทำให้ไหม้	แพทยศาสตร์	
caustic	กัดกร่อน	แพทยศาสตร์	
cava; vena cava	ท่อเลือดดำ	แพทยศาสตร์	
cavernous	-โพรง	แพทยศาสตร์	
cavitary	โพรงเล็ก	แพทยศาสตร์	
cavitation	การเกิดโพรง	แพทยศาสตร์	
cavity	โพรง	แพทยศาสตร์	
cavity	ช่อง	แพทยศาสตร์	
cavity, abdominal	ช่องท้อง	แพทยศาสตร์	
cavity, abdominal	โพรงท้อง	แพทยศาสตร์	
cavity, abscess	โพรงฝี	แพทยศาสตร์	
cavity, cranial	โพรงกะโหลก	แพทยศาสตร์	
cavity, mastoid	โพรงโหนกกกหู	แพทยศาสตร์	
cavity, middle ear; cavity, tympanic	โพรงหูส่วนกลาง [มีความหมายเหมือนกับ	แพทยศาสตร์	
cavity, nasal; naris, internal	โพรงจมูก	แพทยศาสตร์	
cavity, nasal; naris, internal	ช่องจมูก	แพทยศาสตร์	
cavity, oral	ช่องปาก	แพทยศาสตร์	
cavity, pleural	โพรงเยื่อหุ้มปอด	แพทยศาสตร์	
cavity, popliteal; fossa, popliteal;	แอ่งหลังข้อเข่า	แพทยศาสตร์	
cavity, popliteal; fossa, popliteal;	แอ่งขาพับ	แพทยศาสตร์	
cavity, thoracic	ช่องอก	แพทยศาสตร์	
cavity, tympanic; cavity, middle ear	โพรงหูส่วนกลาง [มีความหมายเหมือนกับ	แพทยศาสตร์	
CCU (unit, coronary care)	ซีซียู	แพทยศาสตร์	
cecectomy/caecectomy; typhlectomy	การตัดกระพุ้งไส้ใหญ่	แพทยศาสตร์	
cecitis/caecitis; typhlenteritis; typhlitis;	กระพุ้งไส้ใหญ่อักเสบ	แพทยศาสตร์	
cecoptosis/caecoptosis; typhloptosis	กระพุ้งไส้ใหญ่ย้อย	แพทยศาสตร์	
cecostomy/caecostomy; typhlostomy	ศัลยกรรมทำรูเปิดกระพุ้งไส้ใหญ่	แพทยศาสตร์	
cecotomy/caecotomy; typhlotomy	การผ่ากระพุ้งไส้ใหญ่	แพทยศาสตร์	
cecum/caecum/coecum; blindgut; typhlon	กระพุ้งไส้ใหญ่	แพทยศาสตร์	
celiac	-ท้อง	แพทยศาสตร์	
celioscope; laparoscope; peritoneoscope	กล้องส่องตรวจช่องท้อง	แพทยศาสตร์	
celiotomy; laparotomy; section, abdominal	การผ่าท้อง	แพทยศาสตร์	
cell, air; vesicle, air	ถุงลม	แพทยศาสตร์	
cell, air; vesicle, air	ถุงอากาศ	แพทยศาสตร์	
cell, cone; cone, retinal	เซลล์รูปกรวยในจอตา	แพทยศาสตร์	
cell, epithelial	เซลล์เนื้อเยื่อบุผิว	แพทยศาสตร์	
cell, germ; cell, sex; gamete	เซลล์สืบพันธุ์	แพทยศาสตร์	
cell, nerve; neuron; neurone	เซลล์ประสาท	แพทยศาสตร์	
cell, rod; rod, retinal	เซลล์รูปแท่งในจอตา	แพทยศาสตร์	
cell, sex; cell, germ; gamete	เซลล์สืบพันธุ์	แพทยศาสตร์	
cellulitis	เซลล์เนื้อเยื่ออักเสบ	แพทยศาสตร์	
celom/coelom	โพรง	แพทยศาสตร์	
celotomy; herniotomy; kelotomy	การผ่าตัดไส้เลื่อน	แพทยศาสตร์	
center/centre	ศูนย์	แพทยศาสตร์	
center/centre	ศูนย์กลาง [ศัพท์ที่มีคำ center	แพทยศาสตร์	
centesis; nyxis; paracentesis; puncture	การเจาะ [มีความหมายเหมือนกับ terebration 1]	แพทยศาสตร์	
centigray	หน่วยรังสีดูดกลืน	แพทยศาสตร์	
central	-กลาง	แพทยศาสตร์	
centre/center	ศูนย์	แพทยศาสตร์	
centre/center	ศูนย์กลาง [ศัพท์ที่มีคำ center	แพทยศาสตร์	
centre, auditory	ศูนย์ได้ยิน	แพทยศาสตร์	
centre, auditory word	ศูนย์ฟัง	แพทยศาสตร์	
centre, Broca’s; centre, speech	ศูนย์พูด	แพทยศาสตร์	
centre, deglutition; centre, swallowing	ศูนย์กลืน	แพทยศาสตร์	
centre, feeding; centre, hunger	ศูนย์หิว	แพทยศาสตร์	
centre, germinal; nodule, secondary	ศูนย์ผลิตลิมโฟไซต์	แพทยศาสตร์	
centre, gustatory; centre, taste	ศูนย์รู้รส	แพทยศาสตร์	
centre, hunger; centre, feeding	ศูนย์หิว	แพทยศาสตร์	
centre, micturition	ศูนย์ถ่ายปัสสาวะ	แพทยศาสตร์	
centre, motor	ศูนย์สั่งการ	แพทยศาสตร์	
centre, nerve	ศูนย์ประสาท	แพทยศาสตร์	
centre, ossification	ศูนย์เริ่มสร้างกระดูก	แพทยศาสตร์	
centre, respiratory	ศูนย์หายใจ	แพทยศาสตร์	
centre, salivatory	ศูนย์เร่งน้ำลาย [มีความหมายเหมือนกับ	แพทยศาสตร์	
centre, satiety	ศูนย์อิ่ม	แพทยศาสตร์	
centre, sensory	ศูนย์รู้สึก	แพทยศาสตร์	
centre, speech; centre, Broca’s	ศูนย์พูด	แพทยศาสตร์	
centre, sudorific; centre, sweat	ศูนย์หลั่งเหงื่อ	แพทยศาสตร์	
centre, swallowing; centre, deglutition	ศูนย์กลืน	แพทยศาสตร์	
centre, sweat; centre, sudorific	ศูนย์หลั่งเหงื่อ	แพทยศาสตร์	
centre, taste; centre, gustatory	ศูนย์รู้รส	แพทยศาสตร์	
centre, thermoregulatory	ศูนย์ควบคุมอุณหภูมิ	แพทยศาสตร์	
centre, vasoconstrictor	ศูนย์บีบหลอดเลือด	แพทยศาสตร์	
centre, vasodilator	ศูนย์ขยายหลอดเลือด	แพทยศาสตร์	
centre, vasomotor	ศูนย์ปรับขนาดหลอดเลือด	แพทยศาสตร์	
centre, visual	ศูนย์เห็น	แพทยศาสตร์	
centre, visual word	ศูนย์อ่าน	แพทยศาสตร์	
centre, vomiting	ศูนย์อาเจียน	แพทยศาสตร์	
centrifugal	-หนีศูนย์	แพทยศาสตร์	
centripetal	-สู่ศูนย์	แพทยศาสตร์	
cephalad; craniad	ไปทางหัว [มีความหมายเหมือนกับ cephalic 2]	แพทยศาสตร์	
cephalalgia; cephalgia; cephalodynia	อาการปวดศีรษะ	แพทยศาสตร์	
cephalematoma;	ก้อนเลือดใต้หนังศีรษะเหตุคลอด	แพทยศาสตร์	
cephalic	-หัว	แพทยศาสตร์	
cephalocaudad	-จากหัวไปหาง	แพทยศาสตร์	
cephalodynia; cephalalgia; cephalgia	อาการปวดศีรษะ	แพทยศาสตร์	
cephalomeningitis	เยื่อหุ้มสมองอักเสบ	แพทยศาสตร์	
cephaloural	-หัวร่วมหาง	แพทยศาสตร์	
cerate	ขี้ผึ้ง	แพทยศาสตร์	
ceratin	เซอราทิน [มีความหมายเหมือนกับ keratin]	แพทยศาสตร์	
ceratitis; corneitis; keratitis	กระจกตาอักเสบ	แพทยศาสตร์	
ceratolysis; keratolysis	การลอกหลุดของหนังกำพร้า	แพทยศาสตร์	
cerebella (พหู.); cerebellum (เอก.);	สมองน้อย	แพทยศาสตร์	
cerebellar	-สมองน้อย	แพทยศาสตร์	
cerebellum (เอก.); cerebella (พหู.);	สมองน้อย	แพทยศาสตร์	
cerebral	–สมองใหญ่	แพทยศาสตร์	
cerebration	การทำงานของสมองใหญ่	แพทยศาสตร์	
cerebrifugal	ไปจากสมอง	แพทยศาสตร์	
cerebripetal	ไปสู่สมอง	แพทยศาสตร์	
cerebritis	สมองใหญ่อักเสบ	แพทยศาสตร์	
cerebropathy; encephalopathy	โรคสมอง	แพทยศาสตร์	
cerebrospinal	-สมองร่วมไขสันหลัง	แพทยศาสตร์	
cerebrovascular accident (CVA); stroke;	โรคลมปัจจุบัน	แพทยศาสตร์	
syndrome, stroke	โรคลมเหตุหลอดเลือดสมอง	แพทยศาสตร์	
cerebrum	สมองใหญ่	แพทยศาสตร์	
cerumen; earwax	ขี้หู	แพทยศาสตร์	
cervical	-คอ	แพทยศาสตร์	
cervicectomy; hysterotrachelectomy;	การตัดคอมดลูก	แพทยศาสตร์	
cervicitis; trachelitis	คอมดลูกอักเสบ	แพทยศาสตร์	
cervico-occipital	-คอร่วมท้ายทอย	แพทยศาสตร์	
cervicovaginitis	คอมดลูกและช่องคลอดอักเสบ	แพทยศาสตร์	
cervix	คอ	แพทยศาสตร์	
cervix uteri; neck, uterine; neck of the womb	คอมดลูก [มีความหมายเหมือนกับ cervix 2]	แพทยศาสตร์	
cestode	ตัวตืด	แพทยศาสตร์	
chalazion	ถุงน้ำไมโบเมียน	แพทยศาสตร์	
chalazion	ปรวดหนังตา	แพทยศาสตร์	
chamber	ห้อง	แพทยศาสตร์	
chamber, anterior	ห้องหน้า	แพทยศาสตร์	
chamber, counting	สไลด์นับเม็ดเลือด	แพทยศาสตร์	
chamber, heart	ห้องหัวใจ	แพทยศาสตร์	
chamber, posterior	ห้องหลัง	แพทยศาสตร์	
chancre; sore, venereal	แผลกามโรค	แพทยศาสตร์	
chancre, hard; chancre, indurated	แผลริมแข็ง	แพทยศาสตร์	
chancre, simple; chancre, soft; chancroid	แผลริมอ่อน	แพทยศาสตร์	
chancroid; chancre, simple; chancre, soft	แผลริมอ่อน	แพทยศาสตร์	
channel	ช่อง	แพทยศาสตร์	
channel	ทาง	แพทยศาสตร์	
channel	ร่อง	แพทยศาสตร์	
channel	ราง	แพทยศาสตร์	
charcoal, activated	ถ่านปลุกฤทธิ์	แพทยศาสตร์	
chartaceous; papyraceous	คล้ายกระดาษ	แพทยศาสตร์	
cheilitis	ริมฝีปากอักเสบ	แพทยศาสตร์	
cheilitis, angular; cheilosis, angular;	มุมปากอักเสบ	แพทยศาสตร์	
cheiloplasty	ศัลยกรรมตกแต่งริมฝีปาก	แพทยศาสตร์	
cheiloschisis; cleft lip; harelip;	ปากแหว่ง [มีความหมายเหมือนกับ	แพทยศาสตร์	
cheilosis	ริมฝีปากอักเสบแตกเป็นร่อง	แพทยศาสตร์	
cheilosis, angular; cheilitis, angular;	มุมปากอักเสบ	แพทยศาสตร์	
cheiralgia	อาการปวดมือ	แพทยศาสตร์	
cheiromegaly; chiromegaly	สภาพมือโต	แพทยศาสตร์	
chemistry, clinical	เคมีคลินิก	แพทยศาสตร์	
chemistry, food	เคมีอาหาร	แพทยศาสตร์	
chemistry, pharmaceutical; pharmacochemistry	เคมีเภสัช	แพทยศาสตร์	
chemistry, physiological; physiochemistry	สรีรเคมี [มีความหมายเหมือนกับ	แพทยศาสตร์	
chemosis	เยื่อตาบวม	แพทยศาสตร์	
chemotherapy	เคมีบำบัด	แพทยศาสตร์	
chest; thorax	ทรวงอก	แพทยศาสตร์	
chest; thorax	อก [มีความหมายเหมือนกับ pectus 2]	แพทยศาสตร์	
chest, flail	ภาวะซี่โครงรวน	แพทยศาสตร์	
chest, flail	ภาวะอกรวน	แพทยศาสตร์	
chest, flat	อกเต่า	แพทยศาสตร์	
chest, funnel; pectus excavatum;	อกหวำ	แพทยศาสตร์	
chest, keeled; breast, pigeon; chest, pigeon;	อกไก่	แพทยศาสตร์	
chest, pigeon; breast, pigeon; chest, keeled;	อกไก่	แพทยศาสตร์	
chiasm	ส่วนไขว้ [มีความหมายเหมือนกับ chiasma]	แพทยศาสตร์	
chiasma	ส่วนไขว้ [มีความหมายเหมือนกับ chiasm 1]	แพทยศาสตร์	
chiasma, optic	ส่วนไขว้ประสาทตา	แพทยศาสตร์	
chickenpox; varicella	โรคอีสุกอีใส	แพทยศาสตร์	
childbed	ระยะหลังคลอด	แพทยศาสตร์	
childbirth; accouchement; labor/labour;	การคลอด [มีความหมายเหมือนกับ	แพทยศาสตร์	
chill	อาการหนาวสะท้าน [มีความหมายเหมือนกับ	แพทยศาสตร์	
chiromegaly; cheiromegaly	สภาพมือโต	แพทยศาสตร์	
chloroleukaemia/chloroleukemia; chloroma;	ก้อนเขียวเหตุมะเร็งเม็ดเลือดขาว	แพทยศาสตร์	
choana (เอก.); choanae (พหู.);	รูจมูกด้านหลัง	แพทยศาสตร์	
choke	หายใจไม่ออก [มีความหมายเหมือนกับ	แพทยศาสตร์	
chokes	โรคเคซองชนิดหายใจไม่ออก	แพทยศาสตร์	
cholagogue; choleretic	ยาขับน้ำดี	แพทยศาสตร์	
cholangiography	การถ่ายภาพรังสีท่อน้ำดี	แพทยศาสตร์	
cholecyst; gallbladder; vesica fellea	ถุงน้ำดี	แพทยศาสตร์	
cholecystagogue	ยาบีบถุงน้ำดี	แพทยศาสตร์	
cholecystalgia	อาการปวดถุงน้ำดี	แพทยศาสตร์	
cholecystectasia	ถุงน้ำดีโป่งพอง	แพทยศาสตร์	
cholecystectomy	การตัดถุงน้ำดี	แพทยศาสตร์	
cholecystectomy, laparoscopic	การตัดถุงน้ำดีอาศัยกล้อง	แพทยศาสตร์	
cholecystitis	ถุงน้ำดีอักเสบ	แพทยศาสตร์	
cholecystography	การถ่ายภาพรังสีถุงน้ำดี	แพทยศาสตร์	
cholecystostomy	การผ่าระบายถุงน้ำดี	แพทยศาสตร์	
cholecystotomy	การผ่าถุงน้ำดี	แพทยศาสตร์	
choledochus; duct, common bile	ท่อน้ำดีร่วม	แพทยศาสตร์	
cholelith; calculus, biliary; gallstone	นิ่วน้ำดี	แพทยศาสตร์	
cholelithiasis	โรคนิ่วน้ำดี	แพทยศาสตร์	
cholera	อหิวาตกโรค	แพทยศาสตร์	
choleretic; cholagogue	ยาขับน้ำดี	แพทยศาสตร์	
cholinergic; parasympathomimetic	-เลียนพาราซิมพาเทติก	แพทยศาสตร์	
choluria	ปัสสาวะมีน้ำดี	แพทยศาสตร์	
chondritis	กระดูกอ่อนอักเสบ	แพทยศาสตร์	
chord; cord	เส้น	แพทยศาสตร์	
chord; cord	สาย	แพทยศาสตร์	
chorda dorsalis; notochord	แกนสันหลัง	แพทยศาสตร์	
chromatophilia; chromophilia	การย้อมติดสีง่าย	แพทยศาสตร์	
chromatophobia; chromophobia	การย้อมติดสียาก	แพทยศาสตร์	
chromatophore	รงคพาหะ	แพทยศาสตร์	
chromatopsia; vision, chromatic;	การเห็นสี	แพทยศาสตร์	
chromophilia; chromatophilia	การย้อมติดสีง่าย	แพทยศาสตร์	
chromophobia; chromatophobia	การย้อมติดสียาก	แพทยศาสตร์	
chronic	เรื้อรัง	แพทยศาสตร์	
chronicity	ความเรื้อรัง	แพทยศาสตร์	
chronotoraxic	-หลงเวลา	แพทยศาสตร์	
chronotropic	-เปลี่ยนอัตราเต้น	แพทยศาสตร์	
chyle	น้ำเหลืองไขมันปน	แพทยศาสตร์	
cicatrisation/cicatrization;	การเกิดแผลเป็น	แพทยศาสตร์	
cicatrix; scar	แผลเป็น	แพทยศาสตร์	
cilia (พหู.); cilium (เอก.)	ขนเซลล์	แพทยศาสตร์	
ciliary	-ขนเซลล์	แพทยศาสตร์	
cilium (เอก.); cilia (พหู.)	ขนเซลล์	แพทยศาสตร์	
cineangiography	การถ่ายภาพยนตร์หลอดเลือด	แพทยศาสตร์	
cionectomy; uvulectomy	การตัดลิ้นไก่	แพทยศาสตร์	
cionotomy; staphylotomy; uvulotomy	ศัลยกรรมลิ้นไก่	แพทยศาสตร์	
circle, reflex; arc, reflex	วงรีเฟล็กซ์	แพทยศาสตร์	
circulation	การไหลเวียน	แพทยศาสตร์	
circulation, blood	การไหลเวียนเลือด [มีความหมายเหมือนกับ	แพทยศาสตร์	
circulation, collateral	การไหลเวียนสำรอง [มีความหมายเหมือนกับ	แพทยศาสตร์	
circulation, compensatory	การไหลเวียนชดเชย [มีความหมายเหมือนกับ	แพทยศาสตร์	
circulation, coronary	การไหลเวียนเลี้ยงหัวใจ	แพทยศาสตร์	
circulation, general; circulation, greater;	การไหลเวียนเลี้ยงกาย	แพทยศาสตร์	
circulation, lesser; circulation, pulmonary	การไหลเวียนผ่านปอด	แพทยศาสตร์	
circulation, lymph	การไหลเวียนน้ำเหลือง	แพทยศาสตร์	
circulation, placental	การไหลเวียนผ่านรก	แพทยศาสตร์	
circulation, portal	การไหลเวียนพอร์ทัล	แพทยศาสตร์	
circulation, pulmonary; circulation, lesser	การไหลเวียนผ่านปอด	แพทยศาสตร์	
circulation, systemic; circulation, general;	การไหลเวียนเลี้ยงกาย	แพทยศาสตร์	
circulatory	-การไหลเวียน	แพทยศาสตร์	
circumanal; perianal; periproctic	-รอบทวารหนัก	แพทยศาสตร์	
circumarticular	-รอบข้อ	แพทยศาสตร์	
circumaxillary	-รอบรักแร้	แพทยศาสตร์	
circumcision	การขริบหนังหุ้มปลาย	แพทยศาสตร์	
circumduction	การหมุนรอบ (แขนขา	แพทยศาสตร์	
circumduction	ลูกตา)	แพทยศาสตร์	
circumocular	-รอบนัยน์ตา	แพทยศาสตร์	
circumoral; perioral	-รอบปาก	แพทยศาสตร์	
circumscribed	-มีเขตรอบ	แพทยศาสตร์	
cirrhosis	โรคตับแข็ง	แพทยศาสตร์	
cirrhosis, alcoholic	โรคตับแข็งเหตุสุรา	แพทยศาสตร์	
cirrhosis, biliary	โรคตับแข็งเหตุน้ำดี	แพทยศาสตร์	
cirrhosis, portal	โรคตับแข็งพอร์ทัล	แพทยศาสตร์	
cirrhosis, toxic	โรคตับแข็งเหตุพิษ	แพทยศาสตร์	
cirrhotic	-มีลักษณะตับแข็ง	แพทยศาสตร์	
civet	ชะมดเช็ด	แพทยศาสตร์	
classic; classical	-ตรงต้นแบบ	แพทยศาสตร์	
clastic	-ทำให้แตก	แพทยศาสตร์	
clastothrix; hair, bamboo; trichoclasia;	ภาวะผมเปราะ	แพทยศาสตร์	
claudication; lame	อาการกะเผลกเหตุปวด	แพทยศาสตร์	
claudication, intermittent	อาการปวดขาเป็นระยะเหตุขาดเลือด	แพทยศาสตร์	
clavicle; bone, collar	กระดูกไหปลาร้า	แพทยศาสตร์	
clawfoot	เท้าหงิก	แพทยศาสตร์	
clawhand; hand, claw	มือหงิก	แพทยศาสตร์	
clearance	การชำระ	แพทยศาสตร์	
clearance, creatinine	การชำระครีแอทินิน	แพทยศาสตร์	
cleavage	การแตก	แพทยศาสตร์	
cleavage	การแยก [มีความหมายเหมือนกับ	แพทยศาสตร์	
cleft	รอยแยก	แพทยศาสตร์	
cleft	ร่อง	แพทยศาสตร์	
cleft	แอ่ง	แพทยศาสตร์	
cleft lip; cheiloschisis; harelip;	ปากแหว่ง [มีความหมายเหมือนกับ	แพทยศาสตร์	
cleft lip, double	ปากแหว่งคู่	แพทยศาสตร์	
cleft lip, single	ปากแหว่งเดี่ยว [มีความหมายเหมือนกับ	แพทยศาสตร์	
cleft palate; palatoschisis; uraniscochasma;	เพดานโหว่	แพทยศาสตร์	
climacteric; climacterium	ระยะเริ่มหมดประจำเดือน	แพทยศาสตร์	
climatology	ภูมิอากาศวิทยา	แพทยศาสตร์	
clinic	เวชสถาน	แพทยศาสตร์	
clinic	คลินิก	แพทยศาสตร์	
clinical	-ด้านการรักษา	แพทยศาสตร์	
clinical	-คลินิก	แพทยศาสตร์	
clinician	แพทย์ฝ่ายรักษา	แพทยศาสตร์	
clinoid	-รูปคล้ายเตียง	แพทยศาสตร์	
clinometer	มาตรความเอียง	แพทยศาสตร์	
clitoris	ปุ่มกระสัน	แพทยศาสตร์	
cloaca	ทวารร่วม	แพทยศาสตร์	
clone	โคลน	แพทยศาสตร์	
cloning	การโคลน	แพทยศาสตร์	
clonus	อาการกระตุกสั่น	แพทยศาสตร์	
clonus, ankle	ข้อเท้ากระตุกสั่น	แพทยศาสตร์	
closure	สภาพปิดตัน	แพทยศาสตร์	
clot; coagulum	ลิ่ม	แพทยศาสตร์	
clot; coagulum	ก้อน	แพทยศาสตร์	
clot, blood	ลิ่มเลือด	แพทยศาสตร์	
clove; caryophyllus	กานพลู	แพทยศาสตร์	
clubfoot; talipes	เท้าปุก	แพทยศาสตร์	
clubfooted; talipedic	-เท้าปุก [มีความหมายเหมือนกับ taliped 1]	แพทยศาสตร์	
clubhand; talipomanus	มือบิด	แพทยศาสตร์	
clumping	การเกาะกลุ่ม [มีความหมายเหมือนกับ	แพทยศาสตร์	
clunes; buttocks; nates; rumps	แก้มก้น	แพทยศาสตร์	
clysma; clyster; enema	ยาสวนทวาร	แพทยศาสตร์	
clyster; clysma; enema	ยาสวนทวาร	แพทยศาสตร์	
CNS (system, central nervous)	ซีเอ็นเอส	แพทยศาสตร์	
coagulate	จับเป็นลิ่ม	แพทยศาสตร์	
coagulate	จับเป็นก้อน	แพทยศาสตร์	
coagulum; clot	ลิ่ม	แพทยศาสตร์	
coagulum; clot	ก้อน	แพทยศาสตร์	
coccus	แบคทีเรียทรงกลม	แพทยศาสตร์	
coccus	ค็อกคัส	แพทยศาสตร์	
coccyx; vertebra, coccygeal	กระดูกก้นกบ	แพทยศาสตร์	
cochlea	อวัยวะรูปหอยโข่ง	แพทยศาสตร์	
coecum/caecum/cecum; blindgut; typhlon	กระพุ้งไส้ใหญ่	แพทยศาสตร์	
coelom/celom	โพรง	แพทยศาสตร์	
cohesion	ความเชื่อมแน่น	แพทยศาสตร์	
coitus; copulation; intercourse, sexual;	การร่วมประเวณี	แพทยศาสตร์	
coitus; copulation; intercourse, sexual;	การร่วมเพศ	แพทยศาสตร์	
coitus; copulation; intercourse, sexual;	การสังวาส	แพทยศาสตร์	
cold, allergic	โรคหวัดภูมิแพ้	แพทยศาสตร์	
cold, common; coryza;	โรคหวัด	แพทยศาสตร์	
cold, common; coryza;	ไข้หวัด	แพทยศาสตร์	
colic	-ลำไส้ใหญ่	แพทยศาสตร์	
colic	-ไส้ใหญ่	แพทยศาสตร์	
colic, menstrual;	อาการปวดระดู	แพทยศาสตร์	
colic, renal	อาการปวดนิ่วไต	แพทยศาสตร์	
collapse	ฟุบ	แพทยศาสตร์	
collapse, circulatory	การไหลเวียนล้ม	แพทยศาสตร์	
collateral	เบี่ยง	แพทยศาสตร์	
collunarium	ยาล้างจมูก	แพทยศาสตร์	
collutory	ยาบ้วนปาก	แพทยศาสตร์	
collutory	ยากลั้วคอ	แพทยศาสตร์	
collyrium	ยาล้างตา	แพทยศาสตร์	
collyrium	ยาหยอดตา	แพทยศาสตร์	
coloboma	เนื้อตาแหว่ง	แพทยศาสตร์	
colon	ลำไส้ใหญ่	แพทยศาสตร์	
colon	ไส้ใหญ่	แพทยศาสตร์	
colon, ascending	ไส้ใหญ่ส่วนขึ้น	แพทยศาสตร์	
colon, descending	ไส้ใหญ่ส่วนลง	แพทยศาสตร์	
colon, sigmoid	ไส้ใหญ่ส่วนคด [มีความหมายเหมือนกับ	แพทยศาสตร์	
colon, transverse	ไส้ใหญ่ส่วนขวาง	แพทยศาสตร์	
colony	กลุ่ม	แพทยศาสตร์	
coloptosis	ไส้ใหญ่ย้อย	แพทยศาสตร์	
colorimeter	มาตรเทียบสี	แพทยศาสตร์	
colostomy	ศัลยกรรมทำรูเปิดลำไส้ใหญ่	แพทยศาสตร์	
colostrum; foremilk	นมน้ำเหลือง	แพทยศาสตร์	
colpitis; vaginitis	ช่องคลอดอักเสบ	แพทยศาสตร์	
colpodynia; vaginodynia	อาการปวดช่องคลอด	แพทยศาสตร์	
colpopexy; vaginapexy; vaginofixation;	การเย็บตรึงช่องคลอด	แพทยศาสตร์	
colpoplasty; vaginoplasty	ศัลยกรรมตกแต่งช่องคลอด	แพทยศาสตร์	
colposcope; vaginoscope	กล้องส่องตรวจช่องคลอด	แพทยศาสตร์	
colposcopy; vaginoscopy	การส่องตรวจช่องคลอด	แพทยศาสตร์	
colpotomy; vaginotomy	การผ่าช่องคลอด	แพทยศาสตร์	
column, spinal; column, vertebral;	ลำกระดูกสันหลัง [มีความหมายเหมือนกับ axon 3	แพทยศาสตร์	
rachis; vertebrarium	และ spine 1]	แพทยศาสตร์	
coma	โคม่า [มีความหมายเหมือนกับ	แพทยศาสตร์	
comatose	-โคม่า	แพทยศาสตร์	
combination	การรวม	แพทยศาสตร์	
community health and medical service	อนามัยชุมชนและเวชบริการ	แพทยศาสตร์	
compatible	-เข้ากันได้	แพทยศาสตร์	
complain	บอกอาการ	แพทยศาสตร์	
complaint; symptom	อาการ	แพทยศาสตร์	
complaint, chief	อาการ  สำคัญ	แพทยศาสตร์	
complex	ซับซ้อน	แพทยศาสตร์	
complex, symptom; syndrome	กลุ่มอาการ	แพทยศาสตร์	
complication	โรคแทรก	แพทยศาสตร์	
concavity	ส่วนหวำ	แพทยศาสตร์	
concavity	รอยหวำ	แพทยศาสตร์	
concavity	แอ่ง	แพทยศาสตร์	
concentration	ความเข้มข้น	แพทยศาสตร์	
conception	การเริ่มตั้งท้อง	แพทยศาสตร์	
concha	อวัยวะรูปเปลือกหอย	แพทยศาสตร์	
concha, ear; pinna	ใบหู [มีความหมายเหมือนกับ auricle 3]	แพทยศาสตร์	
concha auriculae	แอ่งใบหู	แพทยศาสตร์	
concha of cranium; calvaria; cap, skull	ฝากะโหลก	แพทยศาสตร์	
concomitant	-ดำเนินร่วม	แพทยศาสตร์	
concretion	นิ่ว [มีความหมายเหมือนกับ calculus]	แพทยศาสตร์	
concussion	การกระแทกกระเทือน	แพทยศาสตร์	
conduction, bone; conduction, cranial;	การได้ยินผ่านกระดูก	แพทยศาสตร์	
conductivity	อำนาจสื่อนำ	แพทยศาสตร์	
condyle	ปุ่มข้อ	แพทยศาสตร์	
condyle	ปุ่มกระดูก	แพทยศาสตร์	
condyloma acuminatum; wart, venereal	หูดกามโรค	แพทยศาสตร์	
cone, retinal; cell, cone	เซลล์รูปกรวยในจอตา	แพทยศาสตร์	
confabulation; fabulation	การกุเหตุความจำเสื่อม	แพทยศาสตร์	
congested	-คั่ง [มีความหมายเหมือนกับ injected 2]	แพทยศาสตร์	
congestion	การคั่ง [มีความหมายเหมือนกับ injection 3]	แพทยศาสตร์	
conjugal	-สมรส	แพทยศาสตร์	
conjugate	คู่	แพทยศาสตร์	
conjugate	ควบคู่	แพทยศาสตร์	
conjugation	การควบคู่	แพทยศาสตร์	
conjunctiva	เยื่อตา	แพทยศาสตร์	
conjunctiva, ocular	เยื่อตาส่วนลูกตา	แพทยศาสตร์	
conjunctiva, palpebral	เยื่อตาส่วนหนังตา	แพทยศาสตร์	
conjunctivitis	เยื่อตาอักเสบ [มีความหมายเหมือนกับ	แพทยศาสตร์	
conjunctivitis, phlyctenular	ต้อข้าวสาร	แพทยศาสตร์	
conjunctivitis, phlyctenular	เยื่อตาอักเสบมีตุ่มใสเล็ก	แพทยศาสตร์	
connatal	พร้อมกับคลอด	แพทยศาสตร์	
consciousness	ความรู้สึกตัว	แพทยศาสตร์	
consciousness	การรับรู้	แพทยศาสตร์	
constitution	สังขาร	แพทยศาสตร์	
constitution	การปรุงแต่ง	แพทยศาสตร์	
constrict	ตีบ	แพทยศาสตร์	
constrict	คอด	แพทยศาสตร์	
constriction	ส่วนคอด	แพทยศาสตร์	
constriction	รอยคอด [มีความหมายเหมือนกับ	แพทยศาสตร์	
consumption	วัณโรค [มีความหมายเหมือนกับ	แพทยศาสตร์	
contaminant	สิ่งปนเปื้อน	แพทยศาสตร์	
contamination	การปนเปื้อน	แพทยศาสตร์	
continence	การหักห้าม	แพทยศาสตร์	
continence	การกลั้น	แพทยศาสตร์	
contraception	การป้องกันการตั้งครรภ์ [มีความหมาย	แพทยศาสตร์	
contract	หดตัว	แพทยศาสตร์	
contractile	-ยืดหดได้	แพทยศาสตร์	
contraction, isometric	การหดตัวคงความยาว	แพทยศาสตร์	
contraction, isotonic	การหดตัวคงความตึง	แพทยศาสตร์	
contraction, segmentation;	การบีบเป็นปล้อง	แพทยศาสตร์	
contracture	การหดค้าง	แพทยศาสตร์	
contraindication	ข้อห้ามใช้	แพทยศาสตร์	
contralateral	-ตรงข้าม	แพทยศาสตร์	
control, birth	การคุมกำเนิด [มีความหมายเหมือนกับ	แพทยศาสตร์	
control, case	กลุ่มควบคุม	แพทยศาสตร์	
control, thought	อาการหลงผิดว่าความคิดถูกควบคุม	แพทยศาสตร์	
contusion; bruise	รอยฟกช้ำ [มีความหมายเหมือนกับ	แพทยศาสตร์	
convalescence	การพักฟื้น	แพทยศาสตร์	
convergence	การเบนเข้า	แพทยศาสตร์	
convulsion	การชัก [มีความหมายเหมือนกับ fit 1 และ	แพทยศาสตร์	
coprolith; faecalith/fecalith;	นิ่วอุจจาระ	แพทยศาสตร์	
coprolith; faecalith/fecalith;	นิ่วคูถ [มีความหมายเหมือนกับ	แพทยศาสตร์	
coprology; scatology	คูถวิทยา	แพทยศาสตร์	
coprophobia	อาการกลัวอุจจาระ	แพทยศาสตร์	
copula	ส่วนต่อ	แพทยศาสตร์	
copula	ส่วนเชื่อม	แพทยศาสตร์	
copulation; coitus; intercourse, sexual;	การร่วมประเวณี	แพทยศาสตร์	
copulation; coitus; intercourse, sexual;	การร่วมเพศ	แพทยศาสตร์	
copulation; coitus; intercourse, sexual;	การสังวาส	แพทยศาสตร์	
coracoid	คล้ายจะงอย	แพทยศาสตร์	
cord; chord	เส้น	แพทยศาสตร์	
cord; chord	สาย	แพทยศาสตร์	
cord, false vocal; fold, false vocal;	สายเสียงไม่แท้	แพทยศาสตร์	
cord, spermatic	สายรั้งอัณฑะ	แพทยศาสตร์	
cord, spinal; medulla spinalis	ไขสันหลัง	แพทยศาสตร์	
cord, true vocal; fold, vocal	สายเสียงแท้	แพทยศาสตร์	
cord, umbilical	สายสะดือ	แพทยศาสตร์	
cord, vocal	สายเสียง	แพทยศาสตร์	
corectopia; ectopia pupillae congenita	รูม่านตาผิดที่	แพทยศาสตร์	
corium; dermis	หนังแท้	แพทยศาสตร์	
corn, hard	ตาปลา	แพทยศาสตร์	
cornea	กระจกตา	แพทยศาสตร์	
corneal	-กระจกตา	แพทยศาสตร์	
corneitis; ceratitis; keratitis	กระจกตาอักเสบ	แพทยศาสตร์	
coronal	-แบ่งหน้าหลัง [มีความหมายเหมือนกับ frontal 3]	แพทยศาสตร์	
corporal; corporeal	-กาย	แพทยศาสตร์	
corpse; cadaver	ศพ	แพทยศาสตร์	
corpuscle, red blood; erythrocyte	เม็ดเลือดแดง	แพทยศาสตร์	
corpuscle, white blood; leucocyte	เม็ดเลือดขาว	แพทยศาสตร์	
cortex	ส่วนนอก	แพทยศาสตร์	
cortex, adrenal	ต่อมหมวกไตส่วนนอก	แพทยศาสตร์	
cortex, cerebral; cortex cerebri	เนื้อสมองส่วนนอก	แพทยศาสตร์	
cortex, renal; cortex renis	ไตส่วนนอก	แพทยศาสตร์	
cortex, visual	เนื้อสมองส่วนนอกส่วนการเห็น	แพทยศาสตร์	
cortex cerebri; cortex, cerebral	เนื้อสมองส่วนนอก	แพทยศาสตร์	
cortex renis; cortex, renal	ไตส่วนนอก	แพทยศาสตร์	
cortical	-ส่วนนอก	แพทยศาสตร์	
coryza; cold, common;	โรคหวัด	แพทยศาสตร์	
coryza; cold, common;	ไข้หวัด	แพทยศาสตร์	
costa; rib	ซี่โครง	แพทยศาสตร์	
costal	-ซี่โครง	แพทยศาสตร์	
costalgia	อาการปวดซี่โครง	แพทยศาสตร์	
costectomy	การตัดซี่โครง	แพทยศาสตร์	
couching; cataractopiesis	การกดต้อแก้วตา	แพทยศาสตร์	
couching; cataractopiesis	การกดต้อกระจก	แพทยศาสตร์	
cough; tussis	ไอ	แพทยศาสตร์	
cough, dry	ไอแห้ง	แพทยศาสตร์	
cough, hacking	ไอแค็ก ๆ	แพทยศาสตร์	
cough, productive	ไอมีเสมหะ	แพทยศาสตร์	
cough, whooping; pertussis	โรคไอกรน	แพทยศาสตร์	
count, blood; haemacytometry;	การนับเม็ดเลือด	แพทยศาสตร์	
count, differential blood	การนับแยกชนิดเม็ดเลือด	แพทยศาสตร์	
counterirritation	การระคายล้างระคาย	แพทยศาสตร์	
counterpoison	พิษล้างพิษ	แพทยศาสตร์	
coxa	บริเวณข้อสะโพก	แพทยศาสตร์	
CPR (resuscitation, cardiopulmonary)	ซีพีอาร์	แพทยศาสตร์	
crackle; rale	เสียงแซมหายใจ	แพทยศาสตร์	
cramp	ตะคริว	แพทยศาสตร์	
cramp	ตะคริวชัก	แพทยศาสตร์	
cramp, heat	ตะคริวเหตุร้อน	แพทยศาสตร์	
cramp, heat	ตะคริวชักเหตุร้อน	แพทยศาสตร์	
craniad; cephalad	ไปทางหัว [มีความหมายเหมือนกับ cephalic 2]	แพทยศาสตร์	
cranial	-กะโหลก	แพทยศาสตร์	
craniotomy	การผ่ากะโหลก	แพทยศาสตร์	
cranium; bone, cranial	กระดูกหุ้มสมอง	แพทยศาสตร์	
crash helmet	หมวกกันกระแทก	แพทยศาสตร์	
creatorrhea/creatorrhoea	ภาวะอุจจาระมีใยกล้ามเนื้อปน	แพทยศาสตร์	
cremation	ฌาปนกิจ	แพทยศาสตร์	
crepitation	เสียงกรอบแกรบ [มีความหมายเหมือนกับ	แพทยศาสตร์	
crepitus	การผายลม	แพทยศาสตร์	
crest	ยอด	แพทยศาสตร์	
cretinism	สภาพแคระโง่	แพทยศาสตร์	
cricoid	-รูปวงแหวน	แพทยศาสตร์	
critical	วิกฤต	แพทยศาสตร์	
cross-eye; strabismus, convergent;	ตาเหล่เข้า	แพทยศาสตร์	
cruciate; cruciform	-รูปกางเขน	แพทยศาสตร์	
cruciate; cruciform	-ไขว้	แพทยศาสตร์	
crura (พหู.); crus (เอก.)	ขา	แพทยศาสตร์	
crust	เปลือก	แพทยศาสตร์	
crust	สะเก็ด	แพทยศาสตร์	
crutch	ไม้ยันรักแร้	แพทยศาสตร์	
cryosurgery	ศีตศัลยกรรม	แพทยศาสตร์	
cryosurgery	ศัลยกรรมใช้ความเย็น	แพทยศาสตร์	
cryptorchidism; cryptorchism;	อัณฑะค้าง	แพทยศาสตร์	
CSF (fluid, cerebrospinal)	ซีเอสเอฟ (น้ำหล่อสมองไขสันหลัง	แพทยศาสตร์	
cubitus valgus	แขนฉิ่ง	แพทยศาสตร์	
cubitus varus	แขนคอก	แพทยศาสตร์	
cup, physiologic	รอยหวำจานประสาทตา	แพทยศาสตร์	
cup, physiologic	ก้นจานประสาทตา	แพทยศาสตร์	
cupula pleurae; pleura, cervical	เยื่อหุ้มปอดส่วนยอด	แพทยศาสตร์	
curd	ลิ่มน้ำนม	แพทยศาสตร์	
curet/curette	เครื่องมือขูด	แพทยศาสตร์	
curvature	ส่วนโค้ง [มีความหมายเหมือนกับ recurvation 2]	แพทยศาสตร์	
curvature, greater	ส่วนโค้งใหญ่	แพทยศาสตร์	
curvature, lesser	ส่วนโค้งเล็ก	แพทยศาสตร์	
cutaneous	-หนัง	แพทยศาสตร์	
cuticle	ผิวนอก	แพทยศาสตร์	
cutis; skin	หนัง	แพทยศาสตร์	
CVA (cerebrovascular accident); stroke;	โรคลมปัจจุบัน	แพทยศาสตร์	
syndrome, stroke	โรคลมเหตุหลอดเลือดสมอง	แพทยศาสตร์	
CVD (disease, cerebrovascular)	โรคหลอดเลือดสมอง [มีความหมายเหมือนกับ	แพทยศาสตร์	
cyanosis	อาการเขียวคล้ำ	แพทยศาสตร์	
cyanosis, central	อาการเขียวคล้ำเหตุส่วนกลาง (หัวใจ	แพทยศาสตร์	
cyanosis, central	ปอด)	แพทยศาสตร์	
cyanosis, peripheral	อาการเขียวคล้ำส่วนขอบ	แพทยศาสตร์	
cycle, cardiac	รอบหัวใจเต้น	แพทยศาสตร์	
cycle, life	วัฏจักรชีวิต	แพทยศาสตร์	
cycle, life	วงชีพ	แพทยศาสตร์	
cycle, menstrual	รอบระดู	แพทยศาสตร์	
cycle, menstrual	รอบประจำเดือน	แพทยศาสตร์	
cycle, vicious	วงจรร้าย	แพทยศาสตร์	
cyclitis	ซิลิอารีบอดีอักเสบ	แพทยศาสตร์	
cyesis; gestation; gravidism;	การตั้งครรภ์	แพทยศาสตร์	
cyst	ถุง	แพทยศาสตร์	
cyst	ถุงน้ำ	แพทยศาสตร์	
cyst	ถุงหุ้ม	แพทยศาสตร์	
cyst, hydatid	ถุงน้ำตัวอ่อนตัวตืด [มีความหมายเหมือนกับ	แพทยศาสตร์	
cyst, meibomian; cyst, tarsal	ถุงน้ำไมโบเมียน	แพทยศาสตร์	
cyst, meibomian; cyst, tarsal	ปรวดหนังตา [มีความหมาย	แพทยศาสตร์	
cystalgia	อาการปวดกระเพาะปัสสาวะ	แพทยศาสตร์	
cystic	-กระเพาะปัสสาวะ [มีความหมายเหมือนกับ	แพทยศาสตร์	
cystitis; urocystitis	กระเพาะปัสสาวะอักเสบ	แพทยศาสตร์	
cystitis, radiation; radiocystitis	กระเพาะปัสสาวะอักเสบเหตุรังสี	แพทยศาสตร์	
cystography	การถ่ายภาพรังสีกระเพาะปัสสาวะ	แพทยศาสตร์	
cystopexy; vesicofixation	การเย็บตรึงกระเพาะปัสสาวะ	แพทยศาสตร์	
cystoscope	กล้องส่องตรวจกระเพาะปัสสาวะ	แพทยศาสตร์	
cystotomy; vesicotomy	การผ่ากระเพาะปัสสาวะ	แพทยศาสตร์	
cytodiagnosis	การวินิจฉัยโรคจากเซลล์	แพทยศาสตร์	
cytogenesis; cytogeny	กำเนิดเซลล์	แพทยศาสตร์	
cytology	วิทยาเซลล์	แพทยศาสตร์	
cytolysis	การแยกสลายเซลล์	แพทยศาสตร์	
cytophagy	การกินเซลล์	แพทยศาสตร์	
cytophagy	การทำลายเซลล์	แพทยศาสตร์	
cytosol; hyaloplasm; sap, cell	น้ำในเซลล์	แพทยศาสตร์	
cytotaxis	การระดมเซลล์เหตุกระตุ้น	แพทยศาสตร์	
cytotoxic	-เป็นพิษต่อเซลล์	แพทยศาสตร์	
cytotropic	-ดึงดูดเข้าหาเซลล์	แพทยศาสตร์	
dacrocystitis; dacryocystitis	ถุงน้ำตาอักเสบ	แพทยศาสตร์	
dacryocyst; sac, lacrimal; sac, tear	ถุงน้ำตา	แพทยศาสตร์	
dacryocystitis; dacrocystitis	ถุงน้ำตาอักเสบ	แพทยศาสตร์	
dactyl; digit	นิ้ว	แพทยศาสตร์	
dactylogram	ลายพิมพ์นิ้วมือ	แพทยศาสตร์	
dactylography	การศึกษาลายพิมพ์นิ้วมือ	แพทยศาสตร์	
dactylology; dactylophasia	การใช้ภาษามือ	แพทยศาสตร์	
dactylospasm	ตะคริวนิ้ว	แพทยศาสตร์	
dandruff	ขี้รังแค	แพทยศาสตร์	
deacidification	การลดกรด	แพทยศาสตร์	
deactivate	เสื่อมฤทธิ์	แพทยศาสตร์	
deadlimb	อาการมือเท้าชา	แพทยศาสตร์	
deadly; fatal; lethal; mortal	-ทำให้ตาย	แพทยศาสตร์	
deadly; fatal; lethal; mortal	-ถึงตาย	แพทยศาสตร์	
deaf-mute; mute, deaf	คนหนวกใบ้	แพทยศาสตร์	
deaf-mutism	สภาพหนวกใบ้	แพทยศาสตร์	
deafness; surdity	หูหนวก	แพทยศาสตร์	
deafness, word; aphasia, acoustic;	ภาวะเสียการสื่อความเหตุศูนย์รับเสียง	แพทยศาสตร์	
death rattle	เสียงเสลดหางวัว	แพทยศาสตร์	
debility	อาการอ่อนเพลีย	แพทยศาสตร์	
débridement	การตัดแต่งแผล	แพทยศาสตร์	
decapitation; decollation; detruncation	การตัดคอ	แพทยศาสตร์	
decerebration	การตัดขาดจากสมองใหญ่	แพทยศาสตร์	
decline	ทุเลา	แพทยศาสตร์	
decoction	การต้ม	แพทยศาสตร์	
decoctum	ยาต้ม [มีความหมายเหมือนกับ decoction 2]	แพทยศาสตร์	
decollation; decapitation; detruncation	การตัดคอ	แพทยศาสตร์	
decompression, cerebral	การลดความกดดันสมอง	แพทยศาสตร์	
decongestion	การลดการคั่ง	แพทยศาสตร์	
decongestive	-ลดการคั่ง	แพทยศาสตร์	
decortication	การลอกเปลือก	แพทยศาสตร์	
decortication	การปอกเปลือก (ผิว	แพทยศาสตร์	
decortication	ถุงหุ้ม)	แพทยศาสตร์	
decrement	ระยะทุเลา	แพทยศาสตร์	
decrepit	ทุพพลภาพ	แพทยศาสตร์	
decrepitate	แตกเปรี๊ยะ	แพทยศาสตร์	
decrudescence	อาการทุเลา	แพทยศาสตร์	
decrustation	การลอกสะเก็ด	แพทยศาสตร์	
decubitus	ท่านอน	แพทยศาสตร์	
decussate	ไขว้ทแยง	แพทยศาสตร์	
decussation	การไขว้ทแยง	แพทยศาสตร์	
dedentition	การหลุดของฟัน	แพทยศาสตร์	
dedentition	การร่วงของฟัน	แพทยศาสตร์	
deep; profundus	ลึก	แพทยศาสตร์	
defaecation/defecation	การถ่ายอุจจาระ	แพทยศาสตร์	
defaecation/defecation, fragmentary	อาการถ่ายอุจจาระกะปริดกะปรอย	แพทยศาสตร์	
defatted	-หมดไขมัน	แพทยศาสตร์	
defecation/defaecation	การถ่ายอุจจาระ	แพทยศาสตร์	
defecation/defaecation, fragmentary	อาการถ่ายอุจจาระกะปริดกะปรอย	แพทยศาสตร์	
defect, septal	ช่องโหว่ผนังกั้น	แพทยศาสตร์	
defective	-บกพร่อง	แพทยศาสตร์	
defective, mental; deficiency, mental;	ปัญญาอ่อน	แพทยศาสตร์	
defervescence	ระยะไข้สร่าง	แพทยศาสตร์	
defervescent	-ทำให้ไข้สร่าง	แพทยศาสตร์	
deficiency	การขาด	แพทยศาสตร์	
deficiency	ความพร่อง	แพทยศาสตร์	
deficiency, mental; defective, mental;	ปัญญาอ่อน	แพทยศาสตร์	
deflection	การเบน	แพทยศาสตร์	
defloration	การฉีกขาดของเยื่อพรหมจารี	แพทยศาสตร์	
deflorescence	การหายผื่น	แพทยศาสตร์	
defluvium, postpartum	อาการผมร่วงหลังคลอด	แพทยศาสตร์	
deformation	การเปลี่ยนรูป	แพทยศาสตร์	
deformation	การแปลงรูป	แพทยศาสตร์	
deformity; malformation	รูปพิการ	แพทยศาสตร์	
deformity; malformation	สภาพวิรูป	แพทยศาสตร์	
degenerate	เสื่อม	แพทยศาสตร์	
degenerate	เสื่อมสภาพ	แพทยศาสตร์	
degenerate	-ลักษณะเสื่อม	แพทยศาสตร์	
degeneration; depravation; deterioration;	การเสื่อม [มีความหมายเหมือนกับ regression 3]	แพทยศาสตร์	
deglutition	การกลืน	แพทยศาสตร์	
degustation; gustation	การชิม	แพทยศาสตร์	
degustation; gustation	การลิ้มรส	แพทยศาสตร์	
degustation; gustation	การรับรู้รส	แพทยศาสตร์	
dehydration	การเสียน้ำ	แพทยศาสตร์	
dehydration	การขจัดน้ำ	แพทยศาสตร์	
dehypnotise/dehypnotize	ถอนสะกดจิต	แพทยศาสตร์	
delactation	การหยุดหลั่งน้ำนม [มีความหมายเหมือนกับ	แพทยศาสตร์	
delayed-union	การติดกันช้า	แพทยศาสตร์	
delirium	อาการเพ้อ	แพทยศาสตร์	
delirium, alcohol withdrawal; delirium tremens	โรคสั่นเพ้อเหตุขาดสุรา	แพทยศาสตร์	
delirium, febrile	อาการเพ้อเหตุไข้	แพทยศาสตร์	
delirium tremens; delirium, alcohol withdrawal	โรคสั่นเพ้อเหตุขาดสุรา	แพทยศาสตร์	
deliver	ทำคลอด	แพทยศาสตร์	
delivery	การคลอด [มีความหมายเหมือนกับ	แพทยศาสตร์	
delusion	อาการหลงผิด	แพทยศาสตร์	
delusion, fixed	อาการหลงผิดตายตัว	แพทยศาสตร์	
delusion, grandiose; delusion of grandeur	อาการหลงผิดคิดตนเขื่อง	แพทยศาสตร์	
delusion, hypochondriacal	อาการหลงผิดคิดตนป่วย	แพทยศาสตร์	
delusion of grandeur; delusion, grandiose	อาการหลงผิดคิดตนเขื่อง	แพทยศาสตร์	
dementia	ภาวะสมองเสื่อม	แพทยศาสตร์	
demography	ประชากรศาสตร์	แพทยศาสตร์	
demulcent	ยาบรรเทาระคาย [มีความหมายเหมือนกับ	แพทยศาสตร์	
dendrite; neurodendrite	ใยประสาทนำเข้า	แพทยศาสตร์	
denervation	การตัดประสาท [มีความหมายเหมือนกับ	แพทยศาสตร์	
dental	-ฟัน [มีความหมายเหมือนกับ odontic]	แพทยศาสตร์	
dentalgia; odontalgia; odontodynia	อาการปวดฟัน	แพทยศาสตร์	
dentate; serrated	-หยักฟันเลื่อย	แพทยศาสตร์	
dentiform	-รูปฟัน	แพทยศาสตร์	
dentist; odontologist	ทันตแพทย์	แพทยศาสตร์	
dentistry	ทันตแพทยศาสตร์	แพทยศาสตร์	
dentistry, operative	ทันตกรรมหัตถการ	แพทยศาสตร์	
dentition	ชุดฟัน	แพทยศาสตร์	
dentoid; odontoid	คล้ายฟัน	แพทยศาสตร์	
denture	ฟันปลอม	แพทยศาสตร์	
depancreatise/depancreatize	ตัดตับอ่อน	แพทยศาสตร์	
dependence, drug; addiction, drug;	การติดยา	แพทยศาสตร์	
dependency, drug; addiction, drug;	การติดยา	แพทยศาสตร์	
dependency, emotional	ภาวะพึ่งพิงทางอารมณ์	แพทยศาสตร์	
depersonalisation/depersonalization	บุคลิกวิปลาส	แพทยศาสตร์	
depilation; epilation	การกำจัดขน	แพทยศาสตร์	
depilation; epilation	การถอนขน	แพทยศาสตร์	
depilatory	ยากำจัดขน	แพทยศาสตร์	
deplete	ทำให้หมดไป	แพทยศาสตร์	
depravation; degeneration; deterioration;	การเสื่อม [มีความหมายเหมือนกับ regression 3]	แพทยศาสตร์	
depressed; depressive; dysthymic	-ซึมเศร้า	แพทยศาสตร์	
depression	แอ่ง	แพทยศาสตร์	
depression	รอยบุ๋ม	แพทยศาสตร์	
depression, anaclitic	ภาวะทารกซึมเศร้าเหตุพรากแม่	แพทยศาสตร์	
depression, postpartum; postpartum blues	ภาวะซึมเศร้าหลังคลอด	แพทยศาสตร์	
depressive; depressed; dysthymic	-ซึมเศร้า	แพทยศาสตร์	
deprivation	การขาด	แพทยศาสตร์	
deprivation	ภาวะขาด	แพทยศาสตร์	
deprivation, emotional	ภาวะไม่ยินดียินร้าย	แพทยศาสตร์	
deprivation, maternal	ภาวะขาดแม่	แพทยศาสตร์	
depurant	ยาฟอก	แพทยศาสตร์	
dermal; dermic	-หนังแท้	แพทยศาสตร์	
dermatitis	ผิวหนังอักเสบ	แพทยศาสตร์	
dermatitis, atopic; eczema, allergic;	ผิวหนังอักเสบเหตุภูมิแพ้	แพทยศาสตร์	
dermatitis, diaper	ผื่นผ้าอ้อม	แพทยศาสตร์	
dermatitis, eczematous	ผิวหนังอักเสบออกผื่น [มีความหมายเหมือนกับ	แพทยศาสตร์	
dermatology	ตัจวิทยา	แพทยศาสตร์	
dermatomyositis	กล้ามเนื้อและผิวหนังอักเสบ	แพทยศาสตร์	
dermatosclerosis; scleroderma	โรคหนังแข็ง [มีความหมายเหมือนกับ	แพทยศาสตร์	
dermatosis	โรคผิวหนัง	แพทยศาสตร์	
dermic; dermal	-หนังแท้	แพทยศาสตร์	
dermis; corium	หนังแท้	แพทยศาสตร์	
derris	หางไหลแดง	แพทยศาสตร์	
derris	โล่ติ๊น	แพทยศาสตร์	
desensitisation/desensitization	การขจัดภูมิไว	แพทยศาสตร์	
desensitise/desensitize	ขจัดภูมิไว	แพทยศาสตร์	
desexualise/desexualize	ตัดต่อมบ่งเพศ	แพทยศาสตร์	
desexualise/desexualize	ตอน [มีความหมายเหมือนกับ	แพทยศาสตร์	
desiccant; exsiccant	-ทำให้แห้ง	แพทยศาสตร์	
desiccant; exsiccant	-ดูดความชื้น	แพทยศาสตร์	
desiccate; exsiccate	ทำให้แห้งสนิท	แพทยศาสตร์	
desiccation; exsiccation	การทำให้แห้งสนิท	แพทยศาสตร์	
desiccator; exsiccator	ภาชนะใช้ทำแห้ง	แพทยศาสตร์	
desloughing	การตัดเนื้อตายออก	แพทยศาสตร์	
destain	ถอดสี	แพทยศาสตร์	
detachment; sublation	การลอก [มีความหมายเหมือนกับ ablation 2]	แพทยศาสตร์	
detachment, retinal; detachment of retina	จอตาลอก	แพทยศาสตร์	
deterioration; degeneration; depravation;	การเสื่อม [มีความหมายเหมือนกับ regression 3]	แพทยศาสตร์	
detoxicate; detoxify	ถอนพิษ	แพทยศาสตร์	
detoxicate; detoxify	ลดสภาพพิษ	แพทยศาสตร์	
detoxicate; detoxify	ขจัดพิษ	แพทยศาสตร์	
detoxication; detoxification	การถอนพิษ	แพทยศาสตร์	
detoxication; detoxification	การลดสภาพพิษ	แพทยศาสตร์	
detoxication; detoxification	การขจัดพิษ	แพทยศาสตร์	
detoxification; detoxication	การถอนพิษ	แพทยศาสตร์	
detoxification; detoxication	การลดสภาพพิษ	แพทยศาสตร์	
detoxification; detoxication	การขจัดพิษ	แพทยศาสตร์	
detoxify; detoxicate	ถอนพิษ	แพทยศาสตร์	
detoxify; detoxicate	ลดสภาพพิษ	แพทยศาสตร์	
detoxify; detoxicate	ขจัดพิษ	แพทยศาสตร์	
detrition	การกร่อน	แพทยศาสตร์	
detritus	เศษกร่อน	แพทยศาสตร์	
detruncation; decapitation; decollation	การตัดคอ	แพทยศาสตร์	
detumescence	การลดบวม	แพทยศาสตร์	
deuteranomaly	ตาบอดจางสีเขียว	แพทยศาสตร์	
deuteranope	คนตาบอดสีเขียว	แพทยศาสตร์	
deuteranopia; deuteranopsia	ตาบอดสีเขียว	แพทยศาสตร์	
deviation	การเฉ	แพทยศาสตร์	
deviation, sexual	ความผิดปรกติทางเพศ	แพทยศาสตร์	
devisceration; evisceration	การตัดอวัยวะภายในออก	แพทยศาสตร์	
devitalise/devitalize	ทำให้มีสภาพไร้ชีวิต	แพทยศาสตร์	
dexter	ขวา	แพทยศาสตร์	
dextr(o)-	ขวา	แพทยศาสตร์	
dextrad	ไปทางขวา	แพทยศาสตร์	
dextral	-ขวา	แพทยศาสตร์	
dextrality	ความถนัดขวา	แพทยศาสตร์	
dextraural	-ฟังชัดหูขวา	แพทยศาสตร์	
dextrocardia	หัวใจอยู่ขวา	แพทยศาสตร์	
dextrocerebral	-อยู่ในสมองซีกขวา	แพทยศาสตร์	
dextroclination; dextrotorsion	การบิดขวา	แพทยศาสตร์	
dextrocular	-ถนัดตาขวา	แพทยศาสตร์	
dextrocularity	การถนัดตาขวา	แพทยศาสตร์	
dextrogyration	การหมุนไปทางขวา	แพทยศาสตร์	
dextromanual	-ถนัดมือขวา	แพทยศาสตร์	
dextrorotatory	-หมุนขวา	แพทยศาสตร์	
dextrosuria; glucosuria	ปัสสาวะมีกลูโคส	แพทยศาสตร์	
dextrotorsion; dextroclination	การบิดขวา	แพทยศาสตร์	
dextroversion	การหันขวา	แพทยศาสตร์	
diabetes	โรคปัสสาวะมาก	แพทยศาสตร์	
diabetes, artificial	เบาหวานทำขึ้น	แพทยศาสตร์	
diabetes, chemical	เบาหวานเชิงเคมี [มีความหมายเหมือนกับ	แพทยศาสตร์	
diabetes, intermittent	เบาหวานชนิดเป็น ๆ หาย ๆ	แพทยศาสตร์	
diabetes, latent; prediabetes	เบาหวานแฝง [มีความหมายเหมือนกับ	แพทยศาสตร์	
diabetes, lipuric	เบาหวานถ่ายไขมัน	แพทยศาสตร์	
diabetes, masked	เบาหวานเร้น	แพทยศาสตร์	
diabetes, neurogenous	เบาหวานเหตุประสาท	แพทยศาสตร์	
diabetes, overflow	เบาหวานน้ำตาลล้น	แพทยศาสตร์	
diabetes, pancreatic	เบาหวานเหตุตับอ่อน	แพทยศาสตร์	
diabetes, renal	เบาหวานเหตุไต	แพทยศาสตร์	
diabetes, temporary	เบาหวานชั่วคราว	แพทยศาสตร์	
diabetes, toxic	เบาหวานเหตุพิษ	แพทยศาสตร์	
diabetes, true	เบาหวานแท้	แพทยศาสตร์	
diabetes insipidus	โรคเบาจืด	แพทยศาสตร์	
diabetes insipidus	เบาจืด	แพทยศาสตร์	
diabetes mellitus	โรคเบาหวาน	แพทยศาสตร์	
diabetes mellitus	เบาหวาน [มีความหมายเหมือนกับ	แพทยศาสตร์	
diabetic	-โรคเบาหวาน	แพทยศาสตร์	
diabetic	-เบาหวาน	แพทยศาสตร์	
diaclasia; diaclasis	ศัลยกรรมหักกระดูก	แพทยศาสตร์	
diaclast	เครื่องมือเจาะหัวทารกในครรภ์	แพทยศาสตร์	
diagnose	วินิจฉัย	แพทยศาสตร์	
diagnosis	การวินิจฉัย	แพทยศาสตร์	
diagnosis, biological	ชีวภาพวินิจฉัย	แพทยศาสตร์	
diagnosis, clinical	การวินิจฉัยทางคลินิก	แพทยศาสตร์	
diagnosis, differential	การวินิจฉัยแยกโรค	แพทยศาสตร์	
diagnosis, laboratory	การวินิจฉัยทางห้องปฏิบัติการ	แพทยศาสตร์	
diagnosis, pathological	การวินิจฉัยทางพยาธิวิทยา	แพทยศาสตร์	
diagnosis, physical	กายวินิจฉัย	แพทยศาสตร์	
diagnosis, radiological	การวินิจฉัยทางรังสีวิทยา	แพทยศาสตร์	
diagnosis, roentgen	การวินิจฉัยด้วยรังสีเรินต์เกน [มีความหมาย	แพทยศาสตร์	
diagnosis, serum; serodiagnosis	การวินิจฉัยโดยตรวจซีรัม	แพทยศาสตร์	
diagnosis, tentative	การวินิจฉัยเบื้องต้น	แพทยศาสตร์	
diagnosis, therapeutic	การบำบัดวินิจฉัย	แพทยศาสตร์	
diagnosis, X-ray	การวินิจฉัยด้วยรังสีเอกซ์ [มีความหมายเหมือนกับ	แพทยศาสตร์	
diagnosis by exclusion	การวินิจฉัยโดยคัดออก	แพทยศาสตร์	
diagnostic	-วินิจฉัย	แพทยศาสตร์	
diagnostician	ผู้เชี่ยวชาญการวินิจฉัยโรค	แพทยศาสตร์	
diagnostics	วิชาการวินิจฉัยโรค	แพทยศาสตร์	
dialysis	การแยกสารผ่านเยื่อ	แพทยศาสตร์	
dialysis, peritoneal	การชำระเลือดผ่านเยื่อบุช่องท้อง	แพทยศาสตร์	
diameter, anteroposterior	ช่วงด้านหน้าด้านหลัง	แพทยศาสตร์	
diameter, biparietal	ช่วงพาไรเอทัล	แพทยศาสตร์	
diameter, bitemporal	ช่วงขมับ	แพทยศาสตร์	
diapedesis; diapiresis; emigration	การคืบผ่าน  [มีความหมาย	แพทยศาสตร์	
diaphanoscopy; transillumination	การส่องแสงผ่าน	แพทยศาสตร์	
diaphoresis; hyperhidrosis; hyperidrosis;	ภาวะหลั่งเหงื่อมาก	แพทยศาสตร์	
diaphoresis; hyperhidrosis; hyperidrosis;	ภาวะเหงื่อท่วม	แพทยศาสตร์	
diaphoretic; hidrotic; sudorific	สารขับเหงื่อ	แพทยศาสตร์	
diaphragm; phren	กะบังลม	แพทยศาสตร์	
diaphragmatic; phrenic	-กะบังลม	แพทยศาสตร์	
diaphragmitis; phrenitis	กะบังลมอักเสบ	แพทยศาสตร์	
diapiresis; diapedesis; emigration	การคืบผ่าน  [มีความหมาย	แพทยศาสตร์	
diaplacental; transplacental	-ผ่านรก	แพทยศาสตร์	
diarrhea/diarrhoea	อาการท้องร่วง	แพทยศาสตร์	
diarthrosis; joint, synovial	ข้อต่อมีไขข้อ	แพทยศาสตร์	
diastematomyelia	ไขสันหลังแยกแต่กำเนิด	แพทยศาสตร์	
diastole	การคลายตัวของหัวใจ	แพทยศาสตร์	
diathermy, short wave	อุณหรังสีบำบัด	แพทยศาสตร์	
dichotomous	-แบ่งเป็นสอง (กิ่ง	แพทยศาสตร์	
dichotomous	แฉก	แพทยศาสตร์	
dichotomous	ส่วน)	แพทยศาสตร์	
dichromasy; parachromatism;	ตาบอดเอกรงค์	แพทยศาสตร์	
dichromat	คนตาบอดเอกรงค์	แพทยศาสตร์	
didymous	-อยู่เป็นคู่	แพทยศาสตร์	
diet, adequate; diet, balanced	อาหารสมส่วน	แพทยศาสตร์	
dietary survey	การสำรวจอาหาร	แพทยศาสตร์	
dietetics	วิชากำหนดอาหาร	แพทยศาสตร์	
dietician; dietitian	นักกำหนดอาหาร	แพทยศาสตร์	
dietotherapy; sitotherapy	โภชนบำบัด	แพทยศาสตร์	
digestant	ยาย่อย  [มีความหมายเหมือนกับ	แพทยศาสตร์	
digestion	การย่อยอาหาร	แพทยศาสตร์	
digestive	-ย่อย	แพทยศาสตร์	
digit; dactyl	นิ้ว	แพทยศาสตร์	
dilator	เครื่องถ่าง	แพทยศาสตร์	
diphtheria	โรคคอตีบ	แพทยศาสตร์	
diplegia	อัมพาตสองข้าง	แพทยศาสตร์	
diplocoria	สภาพรูม่านตาแฝด	แพทยศาสตร์	
diplopia; vision, double	การเห็นซ้อนสอง	แพทยศาสตร์	
diplopia; vision, double	การเห็นภาพซ้อน	แพทยศาสตร์	
dipsetic	-ทำให้กระหายน้ำ	แพทยศาสตร์	
disc/disk	จาน [ศัพท์ที่มีคำ disk ประกอบ ดูที่ disc	แพทยศาสตร์	
disc, choked; papilledema/papilloedema	จานประสาทตาบวม	แพทยศาสตร์	
disc, intervertebral	หมอนกระดูกสันหลัง	แพทยศาสตร์	
disc, optic; papilla, optic	จานประสาทตา	แพทยศาสตร์	
discharge	ปลดปล่อย	แพทยศาสตร์	
discharge	ไหลออก	แพทยศาสตร์	
disciform	รูปจาน	แพทยศาสตร์	
disclination; abtorsion	ลูกตาหมุนออก	แพทยศาสตร์	
discoid	คล้ายจาน	แพทยศาสตร์	
discoplacenta; placenta, discoid; placenta	รกรูปจาน	แพทยศาสตร์	
discrete	แยกเป็นส่วนชัด	แพทยศาสตร์	
disc-shaped	-รูปจาน	แพทยศาสตร์	
disease, acute	โรคปัจจุบัน	แพทยศาสตร์	
disease, Addison’s; hypadrenia; hypoadrenia	โรคต่อมหมวกไตพิการ	แพทยศาสตร์	
disease, Addison’s; hypadrenia; hypoadrenia	โรคแอดดิสัน	แพทยศาสตร์	
disease, Alzheimer’s	โรคอัลซไฮเมอร์	แพทยศาสตร์	
disease, Buerger’s; thromboangiitis obliterans	โรคหลอดเลือดอักเสบอุดตัน	แพทยศาสตร์	
disease, Buerger’s; thromboangiitis obliterans	โรคเบอร์เกอร์	แพทยศาสตร์	
disease, caisson	โรคเคซอง	แพทยศาสตร์	
disease, cerebrovascular (CVD)	โรคหลอดเลือดสมอง [มีความหมายเหมือนกับ	แพทยศาสตร์	
disease, communicable	โรคติดต่อ	แพทยศาสตร์	
disease, congenital hereditory	โรคกรรมพันธุ์แต่กำเนิด	แพทยศาสตร์	
disease, congestive heart	โรคหัวใจเลือดคั่ง	แพทยศาสตร์	
disease, deficiency	โรคขาดอาหาร	แพทยศาสตร์	
disease, Duchenne’s; ataxia, locomotor;	โรคไขสันหลังเสื่อม  [มีความหมาย	แพทยศาสตร์	
neurosyphilis, tabetic; tabes dorsalis;	เหมือนกับ tabes 2]	แพทยศาสตร์	
disease, environmental	โรคเหตุสิ่งแวดล้อม	แพทยศาสตร์	
disease, epidemic	โรคระบาด	แพทยศาสตร์	
disease, functional	โรคหน้าที่	แพทยศาสตร์	
disease, glycogen storage	โรคสะสมไกลโคเจน	แพทยศาสตร์	
disease, Graves’	โรคคอพอกตาโปน	แพทยศาสตร์	
disease, Graves’	โรคเกรฟส์	แพทยศาสตร์	
disease, iatrogenic	โรคหมอทำ	แพทยศาสตร์	
disease, immune deficiency;	โรคขาดภูมิคุ้มกัน	แพทยศาสตร์	
disease, infectious	โรคติดเชื้อ	แพทยศาสตร์	
disease, lipid storage; lipidosis	โรคสะสมไขมัน	แพทยศาสตร์	
disease, neuromuscular	โรคกล้ามเนื้อร่วมประสาท	แพทยศาสตร์	
disease, noncommunicable	โรคไม่ติดต่อ	แพทยศาสตร์	
disease, occupational	โรคเหตุอาชีพ	แพทยศาสตร์	
disease, occupational lung	โรคปอดเหตุอาชีพ	แพทยศาสตร์	
disease, organic	โรคกาย	แพทยศาสตร์	
disease, psychosomatic	โรคกายเหตุจิต	แพทยศาสตร์	
disease, sexually transmitted	โรคส่งผ่านทางเพศสัมพันธ์	แพทยศาสตร์	
disease, toxic agent related	โรคเนื่องจากตัวก่อพิษ	แพทยศาสตร์	
disease, toxic agent related	โรคเนื่องจากสิ่งก่อพิษ	แพทยศาสตร์	
disease, toxic substance related	โรคเนื่องจากสารพิษ	แพทยศาสตร์	
disease, underlying	โรคพื้นเดิม	แพทยศาสตร์	
disease, underlying	โรคเบื้องหลัง	แพทยศาสตร์	
disease, venereal (VD)	กามโรค	แพทยศาสตร์	
disease, von Recklinghausen’s; neurofibromatosis; neuroma, multiple;	โรคเนื้องอกเส้นประสาททั่วกาย	แพทยศาสตร์	
disease, von Recklinghausen’s; neurofibromatosis; neuroma, multiple;	โรคท้าวแสนปม	แพทยศาสตร์	
disease, wasting	โรคผอมแห้ง	แพทยศาสตร์	
disease, wasting	โรคกษัย	แพทยศาสตร์	
disease, work aggravated	โรคกำเริบเหตุงาน	แพทยศาสตร์	
disease, work induced	โรคเหตุงาน	แพทยศาสตร์	
disease, work related	โรคเนื่องจากงาน	แพทยศาสตร์	
dish, culture	จานเพาะเชื้อ	แพทยศาสตร์	
disimmune	-สิ้นภูมิคุ้มกัน	แพทยศาสตร์	
disimmunity	สภาพสิ้นภูมิคุ้มกัน	แพทยศาสตร์	
disimmunise/disimmunize	ขจัดภูมิคุ้มกัน	แพทยศาสตร์	
disimpaction	การแก้กระดูกหักตำติด	แพทยศาสตร์	
disinfect	ฆ่าเชื้อ	แพทยศาสตร์	
disinfectant	สารฆ่าเชื้อ	แพทยศาสตร์	
disinfection	การฆ่าเชื้อ	แพทยศาสตร์	
disintegration	การสลาย	แพทยศาสตร์	
disk/disc	จาน [ศัพท์ที่มีคำ disk ประกอบ ดูที่ disc	แพทยศาสตร์	
dislocation; luxation	ข้อเคลื่อน	แพทยศาสตร์	
dislocation, closed	ข้อเคลื่อนแบบปิด	แพทยศาสตร์	
dislocation, compound;	ข้อเคลื่อนแผลเปิด	แพทยศาสตร์	
dismemberment	การตัดแขนหรือขา	แพทยศาสตร์	
disorder	ความพิการ	แพทยศาสตร์	
disorder	การเสียระเบียบ	แพทยศาสตร์	
disorder, neurotic; neurosis	โรคประสาท	แพทยศาสตร์	
disorder, panic	โรคตื่นตระหนก	แพทยศาสตร์	
disorder, paranoid	โรคหวาดระแวง	แพทยศาสตร์	
disorder, phobic	โรคกลัว	แพทยศาสตร์	
disorder, sexual; paraphilia;	โรคกามวิปริต	แพทยศาสตร์	
disorder, thought	ความผิดปรกติในความคิด	แพทยศาสตร์	
disorganisation/disorganization	ความไม่สมประกอบ	แพทยศาสตร์	
disorientation	ความงุนงงสับสน	แพทยศาสตร์	
disperse	กระจาย	แพทยศาสตร์	
disposition	แนวโน้มรับโรค	แพทยศาสตร์	
disruptive	-แตกฉีก	แพทยศาสตร์	
disruptive	-แตกหัก	แพทยศาสตร์	
disruptive	-แตกแยก	แพทยศาสตร์	
disseminated	-แพร่กระจาย	แพทยศาสตร์	
dissect	ชำแหละ	แพทยศาสตร์	
dissect	เซาะ	แพทยศาสตร์	
dissect	เลาะ	แพทยศาสตร์	
distal	-ปลาย	แพทยศาสตร์	
distal	-ส่วนปลาย	แพทยศาสตร์	
distend	โป่งพอง	แพทยศาสตร์	
distension; distention	การพอง [มีความหมายเหมือนกับ parectasia	แพทยศาสตร์	
distichiasis	ขนตาซ้อนแยง	แพทยศาสตร์	
distortion	การบิดเบี้ยว	แพทยศาสตร์	
distress, respiratory	การหายใจอึดอัด	แพทยศาสตร์	
diuresis	การขับปัสสาวะ	แพทยศาสตร์	
diuretic; uragogue; urinative	-ขับปัสสาวะ [มีความหมายเหมือนกับ uretic 2]	แพทยศาสตร์	
diuria	การถ่ายปัสสาวะกลางวัน	แพทยศาสตร์	
diurnal	-กลางวัน	แพทยศาสตร์	
divarication	การฉีกแยก	แพทยศาสตร์	
divergence	การเบนออก	แพทยศาสตร์	
divulse	ดึงขาด	แพทยศาสตร์	
divulsion	การดึงขาด	แพทยศาสตร์	
dizziness; giddiness	อาการเวียนศีรษะ	แพทยศาสตร์	
dizzy	เวียนศีรษะ	แพทยศาสตร์	
dolabrate; dolabriform	-รูปขวาน	แพทยศาสตร์	
dolorific; dolorogenic	-ทำให้เจ็บปวด	แพทยศาสตร์	
dominant	เด่น	แพทยศาสตร์	
donor, general; donor, universal	ผู้ให้เลือดหมู่โอ	แพทยศาสตร์	
dope	ยาเสพติด [มีความหมายเหมือนกับ drug	แพทยศาสตร์	
dormant	หลับ	แพทยศาสตร์	
dormant	สงบอยู่	แพทยศาสตร์	
dorsal	-หลัง	แพทยศาสตร์	
dorsal	-ด้านหลัง	แพทยศาสตร์	
dorsalgia; dorsodynia; notalgia	อาการปวดหลัง	แพทยศาสตร์	
dorsalgia; dorsodynia; notalgia	อาการเจ็บหลัง	แพทยศาสตร์	
dorsiflexion	การงอขึ้น	แพทยศาสตร์	
dorsiflexion	การกระดกขึ้น	แพทยศาสตร์	
dorsodynia; dorsalgia; notalgia	อาการปวดหลัง	แพทยศาสตร์	
dorsodynia; dorsalgia; notalgia	อาการเจ็บหลัง	แพทยศาสตร์	
dorsolateral	-หลังส่วนข้าง	แพทยศาสตร์	
dorsolumbar	-หลังร่วมเอว	แพทยศาสตร์	
dorsomedial	-หลังส่วนกลาง	แพทยศาสตร์	
dorsomedian	แนวกลางหลัง	แพทยศาสตร์	
dorsum	ด้านหลัง	แพทยศาสตร์	
dosage	ขนาดใช้	แพทยศาสตร์	
dose	ขนาดยา	แพทยศาสตร์	
dose, daily	ขนาดต่อวัน	แพทยศาสตร์	
dose, divided	ขนาดแบ่งใช้	แพทยศาสตร์	
dose, effective	ขนาดให้ผล	แพทยศาสตร์	
dose, fatal; dose, lethal	ขนาดถึงตาย	แพทยศาสตร์	
dose, fatal; dose, lethal	ขนาดฆ่า	แพทยศาสตร์	
dose, fractional	ขนาดย่อย	แพทยศาสตร์	
dose, lethal; dose, fatal	ขนาดถึงตาย	แพทยศาสตร์	
dose, lethal; dose, fatal	ขนาดฆ่า	แพทยศาสตร์	
dose, maintenance	ขนาดพยุง	แพทยศาสตร์	
dose, maximum	ขนาดสูงสุด	แพทยศาสตร์	
dose, minimal; dose, minimum	ขนาดเริ่มได้ผล	แพทยศาสตร์	
dose, optimal; dose, optimum	ขนาดพอเหมาะ	แพทยศาสตร์	
dose, tolerance	ขนาดพอทน	แพทยศาสตร์	
dose, toxic	ขนาดเป็นพิษ	แพทยศาสตร์	
douche	ฉีดล้าง	แพทยศาสตร์	
dragée	ยาเม็ดเคลือบ	แพทยศาสตร์	
drainage	การระบาย	แพทยศาสตร์	
drastic	รุนแรง	แพทยศาสตร์	
dream, day	การคิดเพ้อฝัน	แพทยศาสตร์	
dream, wet; emission; oneirogmus	ฝันเปียก	แพทยศาสตร์	
dressing	การแต่งแผล	แพทยศาสตร์	
drip, intravenous	การหยดยาเข้าหลอดเลือด	แพทยศาสตร์	
drive	แรงผลักดัน	แพทยศาสตร์	
drooling	น้ำลายไหลยืด	แพทยศาสตร์	
drop	หยด	แพทยศาสตร์	
dropsy; hydrops	บวมน้ำ	แพทยศาสตร์	
dropsy; hydrops	อาการบวมน้ำ [มีความหมายเหมือนกับ	แพทยศาสตร์	
dropsy, abdominal; ascites;	ท้องมาน [มีความหมายเหมือนกับ	แพทยศาสตร์	
dropsy, articular	ข้อมีน้ำ	แพทยศาสตร์	
dropsy, cardiac; edema/oedema, cardiac	บวมน้ำเหตุหัวใจ	แพทยศาสตร์	
dropsy, famine; dropsy, nutritional;	บวมน้ำเหตุขาดอาหาร	แพทยศาสตร์	
dropsy, nutritional; dropsy, famine;	บวมน้ำเหตุขาดอาหาร	แพทยศาสตร์	
dropsy, peritoneal; ascites;	ท้องมาน [มีความหมายเหมือนกับ	แพทยศาสตร์	
drowsy	-ซึม	แพทยศาสตร์	
drowsy	-ง่วง	แพทยศาสตร์	
drug, antagonistic	ยาปฏิปักษ์	แพทยศาสตร์	
drug, anxiolytic; agent, antianxiety;	ยาสงบประสาทรอง	แพทยศาสตร์	
drug, anxiolytic; agent, antianxiety;	ยาคลายกังวล	แพทยศาสตร์	
tranquiliser/tranquilizer, minor	[มีความหมายเหมือนกับ anxiolytic 1]	แพทยศาสตร์	
drug, crude	ยาดิบ	แพทยศาสตร์	
drug, habit-forming	ยาเสพติด [มีความหมายเหมือนกับ dope 1]	แพทยศาสตร์	
drug, neuroleptic	ยารักษาโรคจิต [มีความหมายเหมือนกับ	แพทยศาสตร์	
drug, official	ยาตำราหลวง	แพทยศาสตร์	
drug, psychotropic	ยาทางจิตเวช	แพทยศาสตร์	
drug, residual	ยาตกค้าง	แพทยศาสตร์	
drug-fast; drug-resistant	ดื้อยา	แพทยศาสตร์	
drunkenness; ebriety; inebriation	ความเมา  [มีความหมายเหมือนกับ	แพทยศาสตร์	
duct	ท่อ	แพทยศาสตร์	
duct, acoustic; antrum auris; duct, auditory	รูหู	แพทยศาสตร์	
duct, bile; duct, biliary	ท่อน้ำดี	แพทยศาสตร์	
duct, common bile; choledochus	ท่อน้ำดีร่วม	แพทยศาสตร์	
duct, cystic	ท่อถุงน้ำดี	แพทยศาสตร์	
duct, efferent	ท่อนำออก	แพทยศาสตร์	
duct, excretory	ท่อขับถ่าย	แพทยศาสตร์	
duct, hepatic	ท่อตับ	แพทยศาสตร์	
duct, ovarian	ท่อรังไข่	แพทยศาสตร์	
duct, pancreatic	ท่อตับอ่อน	แพทยศาสตร์	
duct, salivary	ท่อน้ำลาย	แพทยศาสตร์	
duct, seminal	ท่อน้ำอสุจิ	แพทยศาสตร์	
ductless	ไร้ท่อ	แพทยศาสตร์	
ductule	ท่อฝอย	แพทยศาสตร์	
dull	ทึบ	แพทยศาสตร์	
dullness, mental	ปัญญาทึบ	แพทยศาสตร์	
duodenum	ลำไส้เล็กส่วนต้น	แพทยศาสตร์	
duplication	การทำเป็นคู่	แพทยศาสตร์	
dura mater; pachymeninx	เยื่อดูรา	แพทยศาสตร์	
dura mater; pachymeninx	เยื่อหุ้มสมองชั้นนอก	แพทยศาสตร์	
dura mater; pachymeninx	เยื่อหุ้มสมองชั้นหนา	แพทยศาสตร์	
dwarfism; nanism; nanosoma; nanosomia	สภาพแคระ	แพทยศาสตร์	
dynamometer; ergometer; sthenometer	มาตรกำลังกล้ามเนื้อ	แพทยศาสตร์	
dysaphia; paraphia; parapsia; parapsis;	ความรู้สึกสัมผัสผิดธรรมดา	แพทยศาสตร์	
dysarthria	อาการพูดไม่เป็นความ	แพทยศาสตร์	
dysarthrosis	ข้อพิการ	แพทยศาสตร์	
dyschromatopsia	การเห็นสีผิดปรกติ	แพทยศาสตร์	
dyscoria	รูม่านตาผิดปรกติ	แพทยศาสตร์	
dysentery	โรคบิด	แพทยศาสตร์	
dysentery, amebic/amoebic	โรคบิดอะมีบา	แพทยศาสตร์	
dysentery, amebic/amoebic	โรคบิดมีตัว	แพทยศาสตร์	
dysentery, bacillary	โรคบิดบาซิลลารี	แพทยศาสตร์	
dysentery, bacillary	โรคบิดไม่มีตัว	แพทยศาสตร์	
dysentery, catarrhal	โรคบิดสปรู [มีความหมายเหมือนกับ sprue 1]	แพทยศาสตร์	
dysfunction; malfunction; parafunction	การทำหน้าที่ผิดปรกติ	แพทยศาสตร์	
dyskinesia	อาการยึกยือเหตุยา	แพทยศาสตร์	
dyslalia	ภาวะเสียการออกเสียงพูด	แพทยศาสตร์	
dyslexia	ภาวะเสียการอ่านเข้าใจ	แพทยศาสตร์	
dyslexia	ภาวะเสียการอ่านรู้ความ	แพทยศาสตร์	
dysmaturity	ภาวะรกเสื่อมหน้าที่	แพทยศาสตร์	
dysmenorrhea/dysmenorrhoea;	อาการปวดระดู	แพทยศาสตร์	
dysmetria	ภาวะเสียการกำหนดระยะ	แพทยศาสตร์	
dysopia; dysopsia	สายตาพิการ	แพทยศาสตร์	
dysosmia; anosmia	ภาวะเสียการรู้กลิ่น	แพทยศาสตร์	
dyspareunia	อาการปวดเฉียบขณะร่วมเพศ	แพทยศาสตร์	
dyspepsia	ธาตุพิการ	แพทยศาสตร์	
dyspepsia	อาหารไม่ย่อย	แพทยศาสตร์	
dysphagia; dysphagy	การกลืนลำบาก	แพทยศาสตร์	
dysphemia; stammering; stuttering;	การพูดติดอ่าง	แพทยศาสตร์	
dysphonia	การออกเสียงลำบาก	แพทยศาสตร์	
dysphoria	อารมณ์ละเหี่ย	แพทยศาสตร์	
dysplasia	การเจริญผิดปรกติ	แพทยศาสตร์	
dyspnea/dyspnoea	อาการหายใจลำบาก	แพทยศาสตร์	
dyspnea/dyspnoea, paroxysmal;	หืดลวง	แพทยศาสตร์	
dyssynergia	ภาวะกล้ามเนื้อหย่อนสหการ	แพทยศาสตร์	
dysthymia	ภาวะอารมณ์ซึมเศร้า	แพทยศาสตร์	
dysthymic; depressed; depressive	-ซึมเศร้า	แพทยศาสตร์	
dystocia	การคลอดลำบาก	แพทยศาสตร์	
dystopia; dystopy	การอยู่ผิดที่	แพทยศาสตร์	
dystrophia; dystrophy	ภาวะเจริญผิดเพี้ยน	แพทยศาสตร์	
dystrophy, muscular	โรคกล้ามเนื้อเจริญผิดเพี้ยน	แพทยศาสตร์	
dysuria	การถ่ายปัสสาวะลำบาก	แพทยศาสตร์	
ear, external	หูชั้นนอก	แพทยศาสตร์	
ear, inner; ear, internal	หูชั้นใน	แพทยศาสตร์	
ear, middle	หูชั้นกลาง	แพทยศาสตร์	
eardrum; membrane, tympanic;	แก้วหู [มีความหมายเหมือนกับ tympanum 1]	แพทยศาสตร์	
ear lobule	ติ่งหู	แพทยศาสตร์	
ear ossicles	กระดูกหู	แพทยศาสตร์	
earwax; cerumen	ขี้หู	แพทยศาสตร์	
ebriety; drunkenness; inebriation	ความเมา  [มีความหมายเหมือนกับ	แพทยศาสตร์	
ecaudate; acaudate	ไร้หาง	แพทยศาสตร์	
ecbolic; oxytocic	-เร่งการคลอด	แพทยศาสตร์	
eccentric	นอกศูนย์กลาง	แพทยศาสตร์	
ecchymoma	ก้อนโน	แพทยศาสตร์	
ecchymosis	เลือดออกใต้ผิว [มีความหมายเหมือนกับ bruise	แพทยศาสตร์	
eccrine; exocrine	ขับออก	แพทยศาสตร์	
eccrisis	การขับปฏิกูล	แพทยศาสตร์	
eccritic	-เร่งขับถ่าย	แพทยศาสตร์	
eccyesis; exfetation; paracyesis;	การตั้งครรภ์นอกมดลูก	แพทยศาสตร์	
ecdemic	นอกถิ่น	แพทยศาสตร์	
ecdysis	การลอกคราบ	แพทยศาสตร์	
ecdysis	การลอกหลุด	แพทยศาสตร์	
ECG, EKG (electrocardiogram)	อีซีจี	แพทยศาสตร์	
ECG, EKG (electrocardiogram)	อีเคจี	แพทยศาสตร์	
echocardiography	การบันทึกภาพหัวใจด้วยคลื่นเสียงความถี่สูง	แพทยศาสตร์	
echolalia; echophrasia	อาการพูดเลียน	แพทยศาสตร์	
echopraxia	อาการทำท่าเลียน	แพทยศาสตร์	
eclampsia	โรคพิษแห่งครรภ์ระยะชัก	แพทยศาสตร์	
ECT (therapy, electric convulsive);	ดู ECT (therapy	แพทยศาสตร์	
ECT (therapy, electroconvulsive)	อีซีที	แพทยศาสตร์	
ectasia	การพอง	แพทยศาสตร์	
ectasia	การโป่ง	แพทยศาสตร์	
ectasia	การเป่ง	แพทยศาสตร์	
ecthyma; blister, pus	ตุ่มหนอง	แพทยศาสตร์	
ectoderm	เอ็กโทเดิร์ม	แพทยศาสตร์	
ectomy	การตัด  ออก	แพทยศาสตร์	
ectopia	การอยู่นอกที่	แพทยศาสตร์	
ectopia lentis	แก้วตาเคลื่อน	แพทยศาสตร์	
ectopia pupillae congenita; corectopia	รูม่านตาผิดที่	แพทยศาสตร์	
ectopia uvea	ขอบม่านตาปลิ้น	แพทยศาสตร์	
ectopic	ผิดที่	แพทยศาสตร์	
ectopic	นอกตำแหน่ง	แพทยศาสตร์	
ectotherm; poikilotherm	สัตว์เลือดเย็น	แพทยศาสตร์	
ectropion	สภาพปลิ้น	แพทยศาสตร์	
eczema	ผื่นแดง	แพทยศาสตร์	
eczema	ตุ่มน้ำ	แพทยศาสตร์	
eczema, allergic; dermatitis, atopic;	ผิวหนังอักเสบเหตุภูมิแพ้	แพทยศาสตร์	
eczema, xerotic; xeroderma; xerodermia;	ภาวะผิวหนังแห้ง	แพทยศาสตร์	
edema/oedema	บวมน้ำ	แพทยศาสตร์	
edema/oedema	อาการบวมน้ำ [มีความหมายเหมือนกับ	แพทยศาสตร์	
edematous/oedematous	-บวมน้ำ	แพทยศาสตร์	
edematous/oedematous	-อาการบวมน้ำ [มีความหมายเหมือนกับ	แพทยศาสตร์	
EEG (electroencephalogram)	อีอีจี	แพทยศาสตร์	
effect, primary	ผลขั้นต้น	แพทยศาสตร์	
effect, recent	ผลใกล้	แพทยศาสตร์	
effect, remote	ผลห่างไกล	แพทยศาสตร์	
effect, secondary	ผลขั้นตาม	แพทยศาสตร์	
effect, systemic	ผลทั่วกาย	แพทยศาสตร์	
effect, typical	ผลตรงแบบ	แพทยศาสตร์	
efferent	-นำออก [มีความหมายเหมือนกับ excurrent 1]	แพทยศาสตร์	
efflux	ไหลพรวดออก	แพทยศาสตร์	
effusion	น้ำซึมซ่าน	แพทยศาสตร์	
effusion, haemorrhagic/hemorrhagic	น้ำเลือดซึมซ่าน	แพทยศาสตร์	
effusion, pericardial	น้ำซึมซ่านในถุงหุ้มหัวใจ	แพทยศาสตร์	
effusion, pleural; effusion, pleuritic	น้ำซึมซ่านในช่องเยื่อหุ้มปอด	แพทยศาสตร์	
effusion, purulent	น้ำซึมซ่านเป็นหนอง	แพทยศาสตร์	
effusion, serous	น้ำซึมซ่านใส	แพทยศาสตร์	
egg; ovum	ไข่	แพทยศาสตร์	
ego	อัตตา	แพทยศาสตร์	
ego	ตน	แพทยศาสตร์	
egoism	อัตนิยม	แพทยศาสตร์	
eikonometer	มาตรภาพในจอตา	แพทยศาสตร์	
EKG, ECG (electrocardiogram)	อีเคจี	แพทยศาสตร์	
EKG, ECG (electrocardiogram)	อีซีจี	แพทยศาสตร์	
elation	ภาวะกระเหิมใจ	แพทยศาสตร์	
elbow; joint, elbow	ข้อศอก	แพทยศาสตร์	
electrocardiogram (ECG, EKG)	ภาพคลื่นไฟฟ้าหัวใจ (อีซีจี	แพทยศาสตร์	
electrocardiogram (ECG, EKG)	อีเคจี)	แพทยศาสตร์	
electrocardiograph	เครื่องบันทึกคลื่นไฟฟ้าหัวใจ	แพทยศาสตร์	
electrocardiography	การบันทึกคลื่นไฟฟ้าหัวใจ	แพทยศาสตร์	
electrocautery; galvanocautery	การเผาจี้ด้วยไฟฟ้า	แพทยศาสตร์	
electroencephalogram (EEG)	ภาพคลื่นไฟฟ้าสมอง	แพทยศาสตร์	
electroencephalography	การบันทึกคลื่นไฟฟ้าสมอง	แพทยศาสตร์	
electrocution; electrothanasia	การตายด้วยไฟฟ้า	แพทยศาสตร์	
electrohaemostasis/electrohemostasis	การห้ามเลือดด้วยไฟฟ้า	แพทยศาสตร์	
electromassage	การนวดด้วยไฟฟ้า	แพทยศาสตร์	
electromyogram (EMG)	ภาพคลื่นไฟฟ้ากล้ามเนื้อ	แพทยศาสตร์	
electromyography	การบันทึกคลื่นไฟฟ้ากล้ามเนื้อ	แพทยศาสตร์	
electronarcosis; galvanonarcosis	การทำสลบด้วยไฟฟ้า	แพทยศาสตร์	
electro-oculogram	ภาพคลื่นไฟฟ้ากล้ามเนื้อตา	แพทยศาสตร์	
electrophysiology	สรีรวิทยาไฟฟ้า	แพทยศาสตร์	
electroretinogram (ERG)	ภาพคลื่นไฟฟ้าจอตา	แพทยศาสตร์	
electroretinograph	เครื่องบันทึกคลื่นไฟฟ้าจอตา	แพทยศาสตร์	
electrothanasia; electrocution	การตายด้วยไฟฟ้า	แพทยศาสตร์	
electrotherapeutics; electrotherapy	การรักษาด้วยไฟฟ้า	แพทยศาสตร์	
elephantiasis	โรคเท้าช้าง	แพทยศาสตร์	
eliminant	-กำจัด	แพทยศาสตร์	
eluant; eluent	ตัวชะ	แพทยศาสตร์	
eluate	ตะกอนชะ	แพทยศาสตร์	
eluate	ของเหลือผลชะ	แพทยศาสตร์	
eluent; eluant	ตัวชะ	แพทยศาสตร์	
elution	การชะ	แพทยศาสตร์	
elutriation	การแยกผงด้วยน้ำ	แพทยศาสตร์	
emaciation	อาการผอมแห้ง	แพทยศาสตร์	
emasculate	ตอน	แพทยศาสตร์	
emasculation	การตอน	แพทยศาสตร์	
embalming	การฉีดดองศพ	แพทยศาสตร์	
embedding	การฝังตรึง	แพทยศาสตร์	
embolism	ภาวะสิ่งหลุดอุดหลอดเลือด	แพทยศาสตร์	
embolism, air;	ภาวะฟองอากาศอุดหลอดเลือด	แพทยศาสตร์	
embolus	สิ่งหลุดอุดหลอดเลือด	แพทยศาสตร์	
embrocation	การทายา	แพทยศาสตร์	
embryo	เอ็มบริโอ	แพทยศาสตร์	
embryology	วิทยาเอ็มบริโอ	แพทยศาสตร์	
embryotoxon, anterior; arcus juvenilis	เส้นขอบกระจกตาวัยเด็ก	แพทยศาสตร์	
embryotoxon, posterior	ขอบวงด้านในกระจกตาหนา	แพทยศาสตร์	
emergency	ภาวะฉุกเฉิน	แพทยศาสตร์	
emergency, respiratory	ภาวะฉุกเฉินทางการหายใจ	แพทยศาสตร์	
emergent	ฉุกเฉิน	แพทยศาสตร์	
emesia; emesis; vomiting	การอาเจียน [มีความหมายเหมือนกับ vomitus 1]	แพทยศาสตร์	
emetic	-ทำให้อาเจียน [มีความหมายเหมือนกับ	แพทยศาสตร์	
EMG (electromyogram)	อีเอ็มจี	แพทยศาสตร์	
emigration; diapedesis; diapiresis	การคืบผ่าน  [มีความหมายเหมือน	แพทยศาสตร์	
eminence	โหนก	แพทยศาสตร์	
eminence	เนิน	แพทยศาสตร์	
eminence	ปุ่ม	แพทยศาสตร์	
eminence	ส่วนยื่น	แพทยศาสตร์	
eminence, frontal; tuber, frontal	โหนกหน้าผาก	แพทยศาสตร์	
eminence, hypothenar	เนินโคนนิ้วก้อย [มีความหมายเหมือนกับ	แพทยศาสตร์	
eminence, parietal; tuber, parietal	โหนกข้างขม่อม	แพทยศาสตร์	
eminence, thenar	เนินโคนหัวแม่มือ [มีความหมายเหมือนกับ	แพทยศาสตร์	
eminence, thyroid; Adam’s apple;	ลูกกระเดือก	แพทยศาสตร์	
emissary	-ระบายออก	แพทยศาสตร์	
emission; dream, wet; oneirogmus	ฝันเปียก	แพทยศาสตร์	
emmenia; catamenia; menses	ระดู	แพทยศาสตร์	
emmenia; catamenia; menses	ประจำเดือน [มีความหมายเหมือนกับ	แพทยศาสตร์	
emmenic; menstrual; menstruous	-ระดู	แพทยศาสตร์	
emmenic; menstrual; menstruous	-ประจำเดือน	แพทยศาสตร์	
emmeniopathy	โรคระดู	แพทยศาสตร์	
emmetropia	สายตาปรกติ	แพทยศาสตร์	
emollient	สารทำให้นุ่มและชุ่มชื้น	แพทยศาสตร์	
emotion	อารมณ์	แพทยศาสตร์	
empathy	ความร่วมรู้สึก	แพทยศาสตร์	
emphraxis; obstruction	การขัดขวาง	แพทยศาสตร์	
emphraxis; obstruction	การอุดกั้น	แพทยศาสตร์	
emphysema	ภาวะมีอากาศในเนื้อเยื่อ	แพทยศาสตร์	
emphysema, subcutaneous; pneumoderma	ภาวะใต้หนังมีอากาศ	แพทยศาสตร์	
empyema	หนองขัง	แพทยศาสตร์	
empyema, thoracic	หนองในทรวงอก	แพทยศาสตร์	
en bloc	ทั้งกลุ่ม	แพทยศาสตร์	
encapsulated; encapsuled	-มีถุงหุ้ม	แพทยศาสตร์	
encapsulation	การมีถุงหุ้ม	แพทยศาสตร์	
encapsuled; encapsulated	-มีถุงหุ้ม	แพทยศาสตร์	
encephalalgia	อาการปวดในศีรษะ	แพทยศาสตร์	
encephalitis	สมองอักเสบ	แพทยศาสตร์	
encephaloma	เนื้องอกในสมอง	แพทยศาสตร์	
encephalomalacia; necrencephalus	สมองน่วม	แพทยศาสตร์	
encephalomyelitis	สมองและไขสันหลังอักเสบ	แพทยศาสตร์	
encephalopathy; cerebropathy	โรคสมอง	แพทยศาสตร์	
encephalopuncture	การเจาะสมอง	แพทยศาสตร์	
encephalopyosis	หนองในสมอง	แพทยศาสตร์	
encephalopyosis	ฝีในสมอง	แพทยศาสตร์	
encephalorrhagia	เลือดตกในสมอง	แพทยศาสตร์	
encephalosclerosis	สมองแข็ง	แพทยศาสตร์	
encephaloscope	กล้องส่องตรวจในสมอง	แพทยศาสตร์	
encephalothlipsis	สมองถูกบีบ	แพทยศาสตร์	
encephalotomy	การทำลายหัวทารกในครรภ์	แพทยศาสตร์	
encirclage	การมัดรวม	แพทยศาสตร์	
enclavement	การบีบรัด	แพทยศาสตร์	
enclavement	การรัดติดคา	แพทยศาสตร์	
encolpitis; endocolpitis	เยื่อบุช่องคลอดอักเสบ	แพทยศาสตร์	
encopresis	อาการอุจจาระรด	แพทยศาสตร์	
encyesis	การตั้งครรภ์ปรกติ	แพทยศาสตร์	
encysted	-มีถุงหุ้ม	แพทยศาสตร์	
encysted	-มีปลอกหุ้ม	แพทยศาสตร์	
encystment	การสร้างถุงหุ้ม	แพทยศาสตร์	
endangiitis	เยื่อบุหลอดเลือดอักเสบ	แพทยศาสตร์	
endangium	เยื่อบุหลอดเลือด	แพทยศาสตร์	
endarterial	-ภายในหลอดเลือดแดง	แพทยศาสตร์	
endarteritis	เยื่อบุหลอดเลือดแดงอักเสบ	แพทยศาสตร์	
endarterium	เยื่อบุหลอดเลือดแดง	แพทยศาสตร์	
end-artery	หลอดเลือดแดงไร้ประสาน	แพทยศาสตร์	
endemic	-ประจำถิ่น	แพทยศาสตร์	
endermatic; endermic	-ภายในหนัง	แพทยศาสตร์	
endocardiac; endocardial	-ภายในหัวใจ	แพทยศาสตร์	
endocarditis	เยื่อบุหัวใจอักเสบ	แพทยศาสตร์	
endocarditis, bacterial	เยื่อบุหัวใจอักเสบเหตุแบคทีเรีย	แพทยศาสตร์	
endocardium	เยื่อบุหัวใจ	แพทยศาสตร์	
endocellular	-ภายในเซลล์	แพทยศาสตร์	
endocervical	-ภายในคอมดลูก	แพทยศาสตร์	
endocervicitis; endometritis	เยื่อบุมดลูกอักเสบ	แพทยศาสตร์	
endocolitis	เยื่อบุลำไส้ใหญ่อักเสบ	แพทยศาสตร์	
endocolpitis; encolpitis	เยื่อบุช่องคลอดอักเสบ	แพทยศาสตร์	
endocranial	-ภายในกะโหลก	แพทยศาสตร์	
endocranium	เยื่อบุกะโหลก	แพทยศาสตร์	
endocrine	-หลั่งภายใน	แพทยศาสตร์	
endocrinism; endocrinopathy	โรคต่อมไร้ท่อ	แพทยศาสตร์	
endocrinologist	นักวิทยาต่อมไร้ท่อ	แพทยศาสตร์	
endocrinology	วิทยาต่อมไร้ท่อ [มีความหมายเหมือนกับ	แพทยศาสตร์	
endocrinopathy; endocrinism	โรคต่อมไร้ท่อ	แพทยศาสตร์	
endocystitis	เยื่อบุกระเพาะปัสสาวะอักเสบ	แพทยศาสตร์	
endoderm	เอนโดเดิร์ม	แพทยศาสตร์	
endodontology	วิทยาเอนโดดอนต์	แพทยศาสตร์	
endogenic; endogenous	-เกิดในกาย	แพทยศาสตร์	
endometriosis; adenomyosis externa;	เยื่อบุมดลูกต่างที่	แพทยศาสตร์	
endometritis; endocervicitis	เยื่อบุมดลูกอักเสบ	แพทยศาสตร์	
endometrium	เยื่อบุมดลูก	แพทยศาสตร์	
endomysium	เยื่อหุ้มใยกล้ามเนื้อ	แพทยศาสตร์	
endonasal	-ภายในจมูก	แพทยศาสตร์	
endoneurium	เยื่อหุ้มใยประสาท	แพทยศาสตร์	
endoperitoneal	-ภายในช่องท้อง	แพทยศาสตร์	
endophlebitis	เยื่อบุหลอดเลือดดำอักเสบ	แพทยศาสตร์	
endophthalmitis	การอักเสบในลูกตา	แพทยศาสตร์	
end-organ	ปลายประสาทรู้สึก	แพทยศาสตร์	
endorhinitis	เยื่อบุโพรงจมูกอักเสบ	แพทยศาสตร์	
endosalpingitis	เยื่อบุท่อนำไข่อักเสบ	แพทยศาสตร์	
endoscope	กล้องส่องตรวจภายในอวัยวะ	แพทยศาสตร์	
endoscopy	การส่องกล้องตรวจภายในอวัยวะ	แพทยศาสตร์	
endothelium; tissue, endothelial	เนื้อเยื่อบุโพรง	แพทยศาสตร์	
endotoxin	ชีวพิษภายในตัว	แพทยศาสตร์	
end plate; end-plate	แผ่นปลายประสาทเคลื่อนไหว	แพทยศาสตร์	
enema; clysma; clyster	ยาสวนทวาร	แพทยศาสตร์	
enema, barium	การสวนตรวจทวารด้วยแบเรียม	แพทยศาสตร์	
enemator	เครื่องสวนทวารหนัก	แพทยศาสตร์	
enervation	ประสาทล้า	แพทยศาสตร์	
engorged	-คั่งคัด	แพทยศาสตร์	
engorgement	การมีเลือดคั่งคัด [มีความหมายเหมือนกับ	แพทยศาสตร์	
enophthalmia; enophthalmos; enophthalmus	ตาหวำ	แพทยศาสตร์	
ensiform; xiphoid; xyphoid	-รูปดาบ [มีความหมายเหมือนกับ gladiate]	แพทยศาสตร์	
ensisternum; cartilage, ensiform;	ลิ้นปี่	แพทยศาสตร์	
enteric; intestinal	-ลำไส้	แพทยศาสตร์	
enteric; intestinal	-ไส้	แพทยศาสตร์	
enteritis	ลำไส้เล็กอักเสบ	แพทยศาสตร์	
enterocele	ไส้เลื่อน [มีความหมายเหมือนกับ hernia 1]	แพทยศาสตร์	
enterocentesis	การเจาะลำไส้	แพทยศาสตร์	
enteroclysis	การฉีดยาเข้าลำไส้	แพทยศาสตร์	
enterocoel; enterocoele	ช่องท้อง	แพทยศาสตร์	
enterocolitis	ลำไส้เล็กและใหญ่อักเสบ	แพทยศาสตร์	
enterodynia	อาการปวดลำไส้	แพทยศาสตร์	
entero-ectad	-จากข้างในไปข้างนอก	แพทยศาสตร์	
enterogastritis	ลำไส้เล็กและกระเพาะอักเสบ	แพทยศาสตร์	
enterogenous	-เกิดในลำไส้	แพทยศาสตร์	
enterolith; splanchnolith	นิ่วลำไส้ [มีความหมายเหมือนกับ coprolith	แพทยศาสตร์	
enterology	วิทยาลำไส้	แพทยศาสตร์	
enterolysis	การเลาะคลายลำไส้	แพทยศาสตร์	
enteron; gut	ลำไส้	แพทยศาสตร์	
enteron; gut	ไส้ [มีความหมายเหมือนกับ bowel	แพทยศาสตร์	
enteroparesis	ลำไส้หย่อนตัว	แพทยศาสตร์	
enteropathogen	จุลชีพก่อโรคลำไส้	แพทยศาสตร์	
enteropathy	โรคลำไส้	แพทยศาสตร์	
enteroplasty	ศัลยกรรมตกแต่งลำไส้	แพทยศาสตร์	
enteroplegia	อัมพาตลำไส้	แพทยศาสตร์	
enteroptosis	ลำไส้ย้อย	แพทยศาสตร์	
enterorenal	-ลำไส้ร่วมไต	แพทยศาสตร์	
enterorrhagia	การตกเลือดจากลำไส้	แพทยศาสตร์	
enterorrhaphy	ศัลยกรรมซ่อมลำไส้	แพทยศาสตร์	
enterorrhexis	การแตกของลำไส้	แพทยศาสตร์	
enteroscope	กล้องส่องตรวจภายในลำไส้	แพทยศาสตร์	
enterosepsis	พิษเน่าในลำไส้	แพทยศาสตร์	
enterospasm	การหดเกร็งของลำไส้	แพทยศาสตร์	
enterostasis	การหยุดเคลื่อนไหวของลำไส้	แพทยศาสตร์	
enterostaxis	การมีเลือดซึมในลำไส้	แพทยศาสตร์	
enterostenosis	การตีบของลำไส้	แพทยศาสตร์	
enterotomy	การผ่าลำไส้	แพทยศาสตร์	
entomology, medical	เวชกีฏวิทยา	แพทยศาสตร์	
entropion	ขอบตาม้วนเข้า	แพทยศาสตร์	
enucleate	เลาะออกทั้งก้อน	แพทยศาสตร์	
enucleation	การเลาะออกทั้งก้อน	แพทยศาสตร์	
enuresis; urorrhea/urorrhoea	อาการปัสสาวะรด	แพทยศาสตร์	
environment	สิ่งแวดล้อม	แพทยศาสตร์	
environment	ภาวะแวดล้อม	แพทยศาสตร์	
enzyme	เอนไซม์ [มีความหมายเหมือนกับ ferment 2]	แพทยศาสตร์	
enzymology	วิทยาเอนไซม์	แพทยศาสตร์	
enzymolysis	การสลายโดยเอนไซม์	แพทยศาสตร์	
eparterial	เหนือหลอดเลือดแดง	แพทยศาสตร์	
epicanthus	หนังคลุมหัวตา	แพทยศาสตร์	
epicardium; pericardium, cardiac;	เยื่อหุ้มหัวใจชั้นใน	แพทยศาสตร์	
epicrisis	วิกฤตการณ์เสริม	แพทยศาสตร์	
epidemicity	ลักษณะเป็นโรคระบาด	แพทยศาสตร์	
epidemiology	วิทยาการระบาด	แพทยศาสตร์	
epidermal; epidermic	-หนังกำพร้า	แพทยศาสตร์	
epidermis	หนังกำพร้า	แพทยศาสตร์	
epidermis	ผิวหนัง	แพทยศาสตร์	
epidermitis	หนังกำพร้าอักเสบ	แพทยศาสตร์	
epididymis	เอพิดิไดมิส [มีความหมายเหมือนกับ parorchis]	แพทยศาสตร์	
epidote	การให้ยาเพิ่มเติม	แพทยศาสตร์	
epidural	เหนือเยื่อดูรา	แพทยศาสตร์	
epidural	เหนือเยื่อหุ้มสมองชั้นนอก	แพทยศาสตร์	
epigastrium	ยอดอก	แพทยศาสตร์	
epigastrium	ใต้ลิ้นปี่	แพทยศาสตร์	
epiglottic; epiglottidean	-ฝากล่องเสียง	แพทยศาสตร์	
epiglottis	ฝากล่องเสียง	แพทยศาสตร์	
epiglottitis	ฝากล่องเสียงอักเสบ	แพทยศาสตร์	
epilation; depilation	การกำจัดขน	แพทยศาสตร์	
epilation; depilation	การถอนขน	แพทยศาสตร์	
epilepsy; sickness, falling	โรคลมชัก	แพทยศาสตร์	
epilepsy; sickness, falling	โรคลมบ้าหมู	แพทยศาสตร์	
epileptic	-โรคลมชัก	แพทยศาสตร์	
epileptic	-โรคลมบ้าหมู	แพทยศาสตร์	
epileptiform	คล้ายโรคลมชัก	แพทยศาสตร์	
epileptiform	คล้ายโรคลมบ้าหมู	แพทยศาสตร์	
epimenorrhagia	การตกระดูบ่อยและมากเกิน	แพทยศาสตร์	
epimenorrhea/epimenorrhoea	ตกระดูบ่อย	แพทยศาสตร์	
epimysium	เยื่อหุ้มมัดกล้ามเนื้อ	แพทยศาสตร์	
epinephrectomy	การตัดต่อมหมวกไตออก	แพทยศาสตร์	
epinephrine; adrenaline	ฮอร์โมนเนื้อในต่อมหมวกไต	แพทยศาสตร์	
epinephritis	ต่อมหมวกไตอักเสบ	แพทยศาสตร์	
epineurium	เยื่อหุ้มเส้นประสาท	แพทยศาสตร์	
epiphora; illacrimation	อาการน้ำตาไหลริน	แพทยศาสตร์	
epiphysis	เอพิไฟซิส	แพทยศาสตร์	
episode; bout	คราว	แพทยศาสตร์	
epistasis	การกดการหลั่ง	แพทยศาสตร์	
epistaxis; nosebleed; rhinorrhagia	การตกเลือดกำเดา	แพทยศาสตร์	
episthotonos	การชักเกร็งหลังแอ่น	แพทยศาสตร์	
epithelial	-เนื้อเยื่อบุผิว	แพทยศาสตร์	
epithelioid	คล้ายเยื่อบุ	แพทยศาสตร์	
epithelium; tissue, epithelial	เนื้อเยื่อบุผิว	แพทยศาสตร์	
epithelium, transitional	เนื้อเยื่อบุผิวชนิดแปรเปลี่ยน	แพทยศาสตร์	
equilibration	การรักษาสมดุล	แพทยศาสตร์	
equilibration	การปรับสมดุล	แพทยศาสตร์	
equilibrium	สมดุล	แพทยศาสตร์	
equilibrium, dynamic	สมดุลพลวัต	แพทยศาสตร์	
ERG (electroretinogram)	อีอาร์จี	แพทยศาสตร์	
ergometer; dynamometer; sthenometer	มาตรกำลังกล้ามเนื้อ	แพทยศาสตร์	
ergonomics	การยศาสตร์	แพทยศาสตร์	
ergonomics	เออร์โกโนมิกส์	แพทยศาสตร์	
erosion	การกร่อน	แพทยศาสตร์	
erosive	-กร่อน	แพทยศาสตร์	
eructation	การเรอ	แพทยศาสตร์	
eruption	การขึ้นผื่น	แพทยศาสตร์	
eruption, drug; rash, drug; rash, medicinal	ผื่นแพ้ยา	แพทยศาสตร์	
eruption, macular	ผื่นดวง	แพทยศาสตร์	
eruption, papular	ผื่นเม็ด	แพทยศาสตร์	
eruption, petechial	ผื่นจุดเลือด	แพทยศาสตร์	
eruption, pustular	ผื่นหนอง	แพทยศาสตร์	
eruption, serum; rash, serum	ผื่นแพ้เซรุ่ม	แพทยศาสตร์	
eruption, squamous	ผื่นเกล็ด	แพทยศาสตร์	
eruptive	-การขึ้นผื่น	แพทยศาสตร์	
erysipelas	โรคไฟลามทุ่ง	แพทยศาสตร์	
erythema	ลักษณะผิวหนังแดง	แพทยศาสตร์	
erythema migrans; rash, wandering	ผื่นย้ายที่	แพทยศาสตร์	
erythrocyte; corpuscle, red blood	เม็ดเลือดแดง	แพทยศาสตร์	
erythrocytic	-เม็ดเลือดแดง	แพทยศาสตร์	
erythrocytolysis; erythrolysis	การสลายของเม็ดเลือดแดง	แพทยศาสตร์	
erythrocytometer	มาตรนับเม็ดเลือด	แพทยศาสตร์	
erythrocytometry	การนับเม็ดเลือดแดง	แพทยศาสตร์	
erythrocytopoiesis; erythropoiesis	การสร้างเม็ดเลือดแดง	แพทยศาสตร์	
erythrocyturia	ปัสสาวะมีเม็ดเลือดแดง	แพทยศาสตร์	
erythrolysis; erythrocytolysis	การสลายของเม็ดเลือดแดง	แพทยศาสตร์	
erythropenia	เม็ดเลือดแดงน้อย	แพทยศาสตร์	
erythropoiesis; erythrocytopoiesis	การสร้างเม็ดเลือดแดง	แพทยศาสตร์	
eschar	หนังตายล่อน	แพทยศาสตร์	
eso-	ภายใน	แพทยศาสตร์	
eso-	เข้าใน	แพทยศาสตร์	
esogastritis	เยื่อบุกระเพาะอาหารอักเสบ	แพทยศาสตร์	
esophag-/oesophag-	หลอดอาหาร [ศัพท์ที่ขึ้นต้นด้วย esophag- ดูที่	แพทยศาสตร์	
esophageal	ดู oesophageal	แพทยศาสตร์	
esophagus	ดู oesophagus	แพทยศาสตร์	
esophoria; strabismus, latent convergent	ตาเหล่แฝงเข้าใน	แพทยศาสตร์	
esotropia; strabismus, manifest convergent	ตาเหล่ปรากฏเข้าใน	แพทยศาสตร์	
essential	จำเป็น	แพทยศาสตร์	
EST (therapy, electric shock);	ดู ECT (therapy	แพทยศาสตร์	
esthesia/aesthesia; perception	ความรู้สึก	แพทยศาสตร์	
esthesia/aesthesia; perception	การรับรู้	แพทยศาสตร์	
esthesia/aesthesia; perception	การกำหนดรู้ [มีความหมาย	แพทยศาสตร์	
estrogen/oestrogen	เอสโทรเจน	แพทยศาสตร์	
etiology; aetiology	สมุฏฐานวิทยา	แพทยศาสตร์	
euglycaemic/euglycemic;	-มีน้ำตาลปรกติในเลือด	แพทยศาสตร์	
euphoria	ภาวะครึ้มใจ	แพทยศาสตร์	
euphoria	ภาวะเคลิ้มสุข	แพทยศาสตร์	
euphoriant	สิ่งชวนครึ้มใจ	แพทยศาสตร์	
euphoriant	สิ่งชวนเคลิ้มสุข	แพทยศาสตร์	
euphoric	-ครึ้มใจ	แพทยศาสตร์	
euphoric	-เคลิ้มสุข	แพทยศาสตร์	
eupnea/eupnoea	การหายใจปรกติ	แพทยศาสตร์	
eupnea/eupnoea	การหายใจอย่างสบาย	แพทยศาสตร์	
eurythmia	ชีพจรปรกติ	แพทยศาสตร์	
euthanasia	ความตายสบาย	แพทยศาสตร์	
eutocia	การคลอดปรกติ	แพทยศาสตร์	
evacuant	สิ่งทำให้ถ่ายออก	แพทยศาสตร์	
evacuant	สิ่งเร่งขจัดออก	แพทยศาสตร์	
evacuation	การถ่ายออก	แพทยศาสตร์	
evacuation	การขจัดออก	แพทยศาสตร์	
evagination	การจุ่น	แพทยศาสตร์	
evagination	การโปน	แพทยศาสตร์	
eversion	การพลิกออก	แพทยศาสตร์	
eversion, foot	เท้าพลิกออก	แพทยศาสตร์	
evert	พลิกออก	แพทยศาสตร์	
evisceration; devisceration	การตัดอวัยวะภายในออก	แพทยศาสตร์	
evulsion	การทึ้ง	แพทยศาสตร์	
exacerbation	การกำเริบ	แพทยศาสตร์	
exaltation	ภาวะอารมณ์คลั่งเขื่อง	แพทยศาสตร์	
examination	การตรวจ	แพทยศาสตร์	
examination, barium swallowing;	การตรวจด้วยการกลืนแบเรียม	แพทยศาสตร์	
examination, physical	การตรวจร่างกาย	แพทยศาสตร์	
examination, physical	กายพินิจ	แพทยศาสตร์	
exania	ดากออก	แพทยศาสตร์	
exanimation	การไม่รู้สึกตัว [มีความหมายเหมือนกับ coma]	แพทยศาสตร์	
exarticulation	การตัดข้อ	แพทยศาสตร์	
excavation	การขุด	แพทยศาสตร์	
excerebration	การเอาสมองออก	แพทยศาสตร์	
excessive	เกินขีด	แพทยศาสตร์	
excessive myelination	การสร้างไมอีลินหนาเกิน	แพทยศาสตร์	
excipient; vehicle	กระสายยา	แพทยศาสตร์	
excipient; vehicle	เครื่องแทรกยา	แพทยศาสตร์	
excipient; vehicle	ส่วนเติมเนื้อยา	แพทยศาสตร์	
excise; exsect	ตัดออก	แพทยศาสตร์	
excision	การตัด  ออก	แพทยศาสตร์	
excitable	เร้าขึ้น	แพทยศาสตร์	
excitable	เร้าได้	แพทยศาสตร์	
excitant	สิ่งเร้า	แพทยศาสตร์	
excitation	การเร้า	แพทยศาสตร์	
excitatory	-เร้า	แพทยศาสตร์	
excitement	ความตื่นเต้น	แพทยศาสตร์	
excoriation	การถลอก	แพทยศาสตร์	
excrement	อุจจาระ	แพทยศาสตร์	
excrescence	ปุ่มเนื้อ	แพทยศาสตร์	
excrescent	-งอกออกผิดปรกติ	แพทยศาสตร์	
excreta	สิ่งขับถ่าย [มีความหมายเหมือนกับ excrement 2	แพทยศาสตร์	
excrete	ขับถ่าย	แพทยศาสตร์	
excretion	การขับถ่าย	แพทยศาสตร์	
excretory	-ขับถ่าย [มีความหมายเหมือนกับ excurrent 2]	แพทยศาสตร์	
excurrent	-นำออก [มีความหมายเหมือนกับ efferent]	แพทยศาสตร์	
excystation	การออกจากถุงหุ้ม	แพทยศาสตร์	
exenteration	ศัลยกรรมถอนรากถอนโคน	แพทยศาสตร์	
exercise	กายบริหาร	แพทยศาสตร์	
exercise	การออกกำลังกาย	แพทยศาสตร์	
exercise, active	กายบริหารแบบทำเอง	แพทยศาสตร์	
exercise, active	อัตกายบริหาร	แพทยศาสตร์	
exercise, corrective; exercise, therapeutic	กายบริหารบำบัด	แพทยศาสตร์	
exercise, passive	กายบริหารแบบทำให้	แพทยศาสตร์	
exercise, passive	อัญกายบริหาร	แพทยศาสตร์	
exercise, therapeutic; exercise, corrective	กายบริหารบำบัด	แพทยศาสตร์	
exfetation; eccyesis; paracyesis;	การตั้งครรภ์นอกมดลูก	แพทยศาสตร์	
exfoliation	การหลุดลอกเป็นแผ่น	แพทยศาสตร์	
exfoliative	-หลุดลอกเป็นแผ่น	แพทยศาสตร์	
exhaustion	การหมดแรง	แพทยศาสตร์	
exhaustion, heat	การหมดแรงเพราะร้อน	แพทยศาสตร์	
exocrine; eccrine	ขับออก	แพทยศาสตร์	
exophoria; strabismus, latent divergent	ตาเหล่แฝงออกนอก	แพทยศาสตร์	
exophthalmos; exophthalmus;	ตาโปน	แพทยศาสตร์	
exostosis	กระดูกงอก	แพทยศาสตร์	
exotic	-วิเทศ	แพทยศาสตร์	
exotic	มาจากแหล่งอื่น	แพทยศาสตร์	
exotoxin	ชีวพิษคายออก	แพทยศาสตร์	
exotropia	ตาเหล่ออก [มีความหมายเหมือนกับ	แพทยศาสตร์	
expectancy, life; expectancy of life	การคาดหมายคงชีพ	แพทยศาสตร์	
expectorant	-ขับเสมหะ	แพทยศาสตร์	
expectorate	ขาก	แพทยศาสตร์	
expectoration	การขาก	แพทยศาสตร์	
experiment	การทดลอง [มีความหมายเหมือนกับ trial 1]	แพทยศาสตร์	
expiration	การตาย	แพทยศาสตร์	
expiratory	-หายใจออก	แพทยศาสตร์	
exploration	การตรวจวินิจฉัย	แพทยศาสตร์	
expose	เผย	แพทยศาสตร์	
expose to (disease)	สัมผัส	แพทยศาสตร์	
exposure	การเปิดรับ	แพทยศาสตร์	
exposure	การสัมผัส	แพทยศาสตร์	
exposure	การอาบ	แพทยศาสตร์	
expression	การแสดงออก	แพทยศาสตร์	
exsanguinate	เอาเลือดออก	แพทยศาสตร์	
exsanguination	การเอาเลือดออก	แพทยศาสตร์	
exsect; excise	ตัดออก	แพทยศาสตร์	
exsiccant; desiccant	-ทำให้แห้ง	แพทยศาสตร์	
exsiccant; desiccant	-ดูดความชื้น	แพทยศาสตร์	
exsiccate; desiccate	ทำให้แห้งสนิท	แพทยศาสตร์	
exsiccation; desiccation	การทำให้แห้งสนิท	แพทยศาสตร์	
exsiccator; desiccator	ภาชนะใช้ทำแห้ง	แพทยศาสตร์	
extension	การเหยียด	แพทยศาสตร์	
extension	การยืด	แพทยศาสตร์	
extensor	กล้ามเนื้อเหยียด	แพทยศาสตร์	
extirpation	การตัดหมด	แพทยศาสตร์	
extra-articular	นอกข้อ	แพทยศาสตร์	
extra-articular	นอกข้อต่อ	แพทยศาสตร์	
extrabronchial	นอกหลอดลม	แพทยศาสตร์	
extracapsular	นอกถุงหุ้ม	แพทยศาสตร์	
extracardial	นอกหัวใจ	แพทยศาสตร์	
extracarpal	นอกข้อมือ	แพทยศาสตร์	
extracorporal; extracorporeal	นอกกาย	แพทยศาสตร์	
extracranial	นอกกะโหลก	แพทยศาสตร์	
extract	สกัด	แพทยศาสตร์	
extract	ละลายแยกออก	แพทยศาสตร์	
extract, alcoholic	สิ่งสกัดด้วยแอลกอฮอล์	แพทยศาสตร์	
extract, aqueous	สิ่งสกัดด้วยน้ำ	แพทยศาสตร์	
extract, compound	สิ่งสกัดผสม	แพทยศาสตร์	
extract, dry	สิ่งสกัดแห้ง	แพทยศาสตร์	
extract, liver	สารสกัดจากตับ	แพทยศาสตร์	
extract, soft	สารสกัดอย่างนิ่ม	แพทยศาสตร์	
extract, solid	สารสกัดอย่างแข็ง	แพทยศาสตร์	
extraction	การสกัด	แพทยศาสตร์	
extraction, cataract	การลอกต้อแก้วตา	แพทยศาสตร์	
extraction, cataract	การลอกต้อกระจก	แพทยศาสตร์	
extraction, extracapsular cataract	การลอกต้อแก้วตาจากถุงหุ้ม	แพทยศาสตร์	
extraction, intracapsular cataract	การลอกต้อแก้วตาทั้งถุงหุ้ม	แพทยศาสตร์	
extraction, nail	การถอดเล็บ [มีความหมายเหมือนกับ onycholysis	แพทยศาสตร์	
extraction, tooth; odontectomy	การถอนฟัน	แพทยศาสตร์	
extracystic	นอกถุง	แพทยศาสตร์	
extragenital	ไม่เกี่ยวกับอวัยวะเพศ	แพทยศาสตร์	
extrahepatic	นอกตับ	แพทยศาสตร์	
extramalleolus	นอกตาตุ่ม	แพทยศาสตร์	
extraneous	ภายนอก	แพทยศาสตร์	
extrapelvic	นอกเชิงกราน	แพทยศาสตร์	
extraperitoneal	นอกช่องท้อง	แพทยศาสตร์	
extraplacental	นอกรก	แพทยศาสตร์	
extrapleural	นอกช่องเยื่อหุ้มปอด	แพทยศาสตร์	
extrapulmonary	นอกปอด	แพทยศาสตร์	
extrasystole; systole, extra	การบีบตัวของหัวใจนอกจังหวะ	แพทยศาสตร์	
extratracheal	นอกท่อลม	แพทยศาสตร์	
extrauterine	นอกมดลูก	แพทยศาสตร์	
extravaginal	นอกช่องคลอด	แพทยศาสตร์	
extravasation	การรั่วจากหลอดเลือด	แพทยศาสตร์	
extravascular	นอกหลอดเลือด	แพทยศาสตร์	
extremity	แขนหรือขา [มีความหมายเหมือนกับ limb]	แพทยศาสตร์	
extremity, lower; limb, lower	ขา	แพทยศาสตร์	
extremity, upper; limb, upper	แขน	แพทยศาสตร์	
extrinsic	-ภายนอก	แพทยศาสตร์	
extrinsic	-จากภายนอก	แพทยศาสตร์	
extroversion	การปลิ้นออก	แพทยศาสตร์	
extrusion	การดันออก	แพทยศาสตร์	
exudate	สิ่งซึมเยิ้มข้น	แพทยศาสตร์	
exude	ซึมเยิ้ม	แพทยศาสตร์	
exumbilication	สะดือจุ่น	แพทยศาสตร์	
eye, fixing	ตาข้างจ้อง	แพทยศาสตร์	
eyeball	ลูกตา	แพทยศาสตร์	
eyebrow; supercilia (พหู.);	คิ้ว [มีความหมายเหมือนกับ brow 2]	แพทยศาสตร์	
supercilium (เอก.)	ขนคิ้ว	แพทยศาสตร์	
eyecup	ถ้วยล้างตา	แพทยศาสตร์	
eyeground; fundus, eye; fundus, ocular	ก้นตา	แพทยศาสตร์	
eyelash	ขนตา	แพทยศาสตร์	
eyelid; palpebra	หนังตา	แพทยศาสตร์	
eye movement, conjugate	การกลอกตาสังยุค	แพทยศาสตร์	
eye movement, disconjugate	การกลอกตาอสังยุค	แพทยศาสตร์	
eyespot	จุดรับแสง [มีความหมายเหมือนกับ stigma	แพทยศาสตร์	
eyestrain; asthenopia; ophthalmocopia	ตาล้า	แพทยศาสตร์	
eyestrain; asthenopia; ophthalmocopia	ตาเพลีย	แพทยศาสตร์	
fabulation; confabulation	การกุเหตุความจำเสื่อม	แพทยศาสตร์	
facet/facette	ด้าน	แพทยศาสตร์	
facet/facette	หน้าประกอบ	แพทยศาสตร์	
facial	-ใบหน้า	แพทยศาสตร์	
facies	หน้า	แพทยศาสตร์	
facioplasty	ศัลยกรรมตกแต่งใบหน้า	แพทยศาสตร์	
facioplegia; palsy, facial; paralysis, facial;	อัมพาตใบหน้าครึ่งซีก [มีความหมายเหมือนกับ	แพทยศาสตร์	
factitious	-ทำเทียม	แพทยศาสตร์	
factor	ปัจจัย	แพทยศาสตร์	
factor, precipitating	ปัจจัยกระตุ้น	แพทยศาสตร์	
factor, precipitating	ปัจจัยชนวน	แพทยศาสตร์	
factor, predisposing	ปัจจัยโน้มรับโรค	แพทยศาสตร์	
factor, risk	ปัจจัยเสี่ยง	แพทยศาสตร์	
facultative	-โดยสะดวก	แพทยศาสตร์	
facultative	-ปรับตัวได้	แพทยศาสตร์	
faecal/fecal	-อุจจาระ	แพทยศาสตร์	
faecal/fecal	-คูถ [มีความหมายเหมือนกับ	แพทยศาสตร์	
faecalith/fecalith; coprolith; stercolith;	นิ่วอุจจาระ	แพทยศาสตร์	
faecalith/fecalith; coprolith; stercolith;	นิ่วคูถ [มีความหมายเหมือนกับ	แพทยศาสตร์	
faeces/feces; stool	อุจจาระ	แพทยศาสตร์	
faeces/feces; stool	คูถ [มีความหมายเหมือนกับ ordure 1]	แพทยศาสตร์	
failure, cardiac; failure, heart	ภาวะหัวใจวาย	แพทยศาสตร์	
failure, cardiac; failure, heart	ภาวะหัวใจล้มเหลว	แพทยศาสตร์	
failure, renal	ภาวะไตวาย	แพทยศาสตร์	
failure, renal	ภาวะไตล้มเหลว	แพทยศาสตร์	
failure, respiratory	ภาวะการหายใจล้มเหลว	แพทยศาสตร์	
faint; fainting	หน้ามืด	แพทยศาสตร์	
faint; fainting	เป็นลม	แพทยศาสตร์	
falciform; falcular	-รูปเคียว	แพทยศาสตร์	
fallectomy; tubectomy	การตัดท่อนำไข่	แพทยศาสตร์	
fallostomy	การเจาะท่อนำไข่	แพทยศาสตร์	
false; simulated; spurious	ปลอม	แพทยศาสตร์	
false; simulated; spurious	เทียม	แพทยศาสตร์	
false; simulated; spurious	ไม่แท้	แพทยศาสตร์	
familial	-ในวงศ์ตระกูล	แพทยศาสตร์	
fantasy	ความเพ้อฝัน	แพทยศาสตร์	
far-sight; farsightedness; hypermetropia;	สายตายาว	แพทยศาสตร์	
farsighted; hyperopic	-สายตายาว	แพทยศาสตร์	
fascia	พังผืด	แพทยศาสตร์	
fascia	แผ่นพังผืด	แพทยศาสตร์	
fascial	-พังผืด	แพทยศาสตร์	
fascial	-แผ่นพังผืด	แพทยศาสตร์	
fasciaplasty; fascioplasty	ศัลยกรรมตกแต่งพังผืด	แพทยศาสตร์	
fascicle	กลุ่ม	แพทยศาสตร์	
fascicle	มัด	แพทยศาสตร์	
fasciitis	พังผืดอักเสบ	แพทยศาสตร์	
fasciodesis	การเย็บพังผืดติดกับกระดูก	แพทยศาสตร์	
fascioplasty; fasciaplasty	ศัลยกรรมตกแต่งพังผืด	แพทยศาสตร์	
fasciorrhaphy	ศัลยกรรมซ่อมพังผืด	แพทยศาสตร์	
fasciotomy	การผ่าพังผืด	แพทยศาสตร์	
fast	ติดทน	แพทยศาสตร์	
fast	ติดแน่น	แพทยศาสตร์	
fastidium	ความรังเกียจอาหาร	แพทยศาสตร์	
fatal; deadly; lethal; mortal	-ทำให้ตาย	แพทยศาสตร์	
fatal; deadly; lethal; mortal	-ถึงตาย	แพทยศาสตร์	
fatigue	ความล้า	แพทยศาสตร์	
fauces	ช่องปากด้านใน	แพทยศาสตร์	
febricant	สิ่งก่อไข้	แพทยศาสตร์	
febricity	การเป็นไข้	แพทยศาสตร์	
febricula	การจับไข้ต่ำ ๆ	แพทยศาสตร์	
febrifacient; febrific; pyretogenetic;	-ก่อไข้	แพทยศาสตร์	
febrifugal	-แก้ไข้	แพทยศาสตร์	
febrifugal	-ลดไข้	แพทยศาสตร์	
febrile	-เป็นไข้	แพทยศาสตร์	
fecal/faecal	-อุจจาระ	แพทยศาสตร์	
fecal/faecal	-คูถ [มีความหมายเหมือนกับ	แพทยศาสตร์	
fecalith/faecalith; coprolith;	นิ่วอุจจาระ	แพทยศาสตร์	
fecalith/faecalith; coprolith;	นิ่วคูถ [มีความหมายเหมือนกับ	แพทยศาสตร์	
feces/faeces; stool	อุจจาระ	แพทยศาสตร์	
feces/faeces; stool	คูถ [มีความหมายเหมือนกับ ordure 1]	แพทยศาสตร์	
fecundation; fertilisation/fertilization	การผสมเชื้อ	แพทยศาสตร์	
fecundation; fertilisation/fertilization	การปฏิสนธิ	แพทยศาสตร์	
fecundation, artificial; insemination, artificial	การผสมเทียม	แพทยศาสตร์	
fecundity; fertility	ความมีลูกดก	แพทยศาสตร์	
feeding	การให้อาหาร	แพทยศาสตร์	
feeding, artificial	การให้อาหารแทนนมแม่	แพทยศาสตร์	
feeding, enteral; nutrition, enteral	การให้อาหารเข้าทางเดินอาหาร	แพทยศาสตร์	
feeding, oral	การให้อาหารทางปาก	แพทยศาสตร์	
feeding, parenteral; nutrition, parenteral	การให้อาหารทางหลอดเลือดดำ	แพทยศาสตร์	
feeding, tube	การให้อาหารทางสาย	แพทยศาสตร์	
fellow	ผู้รับการฝึกอบรมเฉพาะสาขา	แพทยศาสตร์	
fellowship	ฐานภาพผู้รับการฝึกอบรมเฉพาะสาขา	แพทยศาสตร์	
felon; whitlow	ตะมอย [มีความหมายเหมือนกับ abscess	แพทยศาสตร์	
female	หญิง	แพทยศาสตร์	
female	เพศหญิง	แพทยศาสตร์	
female	ตัวเมีย	แพทยศาสตร์	
female	เพศเมีย	แพทยศาสตร์	
femineity; femininity; feminity	ความเป็นหญิง	แพทยศาสตร์	
feminilism; feminism	การแสดงคล้ายเพศหญิง	แพทยศาสตร์	
feminilism; feminism	การแสดงคล้ายตัวเมีย	แพทยศาสตร์	
femininity; femineity; feminity	ความเป็นหญิง	แพทยศาสตร์	
feminism; feminilism	การแสดงคล้ายเพศหญิง	แพทยศาสตร์	
feminism; feminilism	การแสดงคล้ายตัวเมีย	แพทยศาสตร์	
feminity; femineity; femininity	ความเป็นหญิง	แพทยศาสตร์	
femoral	-ต้นขา	แพทยศาสตร์	
femur	กระดูกต้นขา [มีความหมายเหมือนกับ	แพทยศาสตร์	
fenestra	หน้าต่าง	แพทยศาสตร์	
fenestra	รู	แพทยศาสตร์	
fenestra	ช่อง	แพทยศาสตร์	
fenestrated	-มีหน้าต่าง	แพทยศาสตร์	
fenestrated	-มีรู	แพทยศาสตร์	
fenestrated	-มีช่อง	แพทยศาสตร์	
fenestration	การเจาะรู	แพทยศาสตร์	
fenestration	การเจาะช่อง	แพทยศาสตร์	
ferment	หมัก	แพทยศาสตร์	
fermental	-หมัก	แพทยศาสตร์	
fermentation	การหมัก	แพทยศาสตร์	
ferrotherapy; irontherapy	การรักษาด้วยเหล็ก	แพทยศาสตร์	
fertility; fecundity	ความมีลูกดก	แพทยศาสตร์	
fertilisation/fertilization; fecundation	การผสมเชื้อ	แพทยศาสตร์	
fertilisation/fertilization; fecundation	การปฏิสนธิ	แพทยศาสตร์	
fetal; foetal	-ทารกในครรภ์	แพทยศาสตร์	
fetal; foetal	-ลูกในท้อง	แพทยศาสตร์	
fetid; foetid	เหม็นเน่า	แพทยศาสตร์	
fetishism	การเกิดอารมณ์เพศจากสิ่งเฉพาะ	แพทยศาสตร์	
fetor; foetor	กลิ่นเหม็น	แพทยศาสตร์	
fetus; foetus	ทารกในครรภ์	แพทยศาสตร์	
fetus; foetus	ลูกในท้อง (คนและสัตว์	แพทยศาสตร์	
fever; pyrexia; pyrexy	ไข้	แพทยศาสตร์	
fever; pyrexia; pyrexy	อาการตัวร้อน [มีความหมายเหมือนกับ	แพทยศาสตร์	
fever, alimentary	ไข้เหตุทางเดินอาหาร	แพทยศาสตร์	
fever, artificial	ไข้ทำขึ้น	แพทยศาสตร์	
fever, blackwater	ไข้น้ำดำ	แพทยศาสตร์	
fever, brain; fever, central	ไข้เหตุสมอง	แพทยศาสตร์	
fever, central; fever, brain	ไข้เหตุสมอง	แพทยศาสตร์	
fever, cerebrospinal; meningitis, epidemic	ไข้กาฬนกนางแอ่น	แพทยศาสตร์	
fever, cerebrospinal; meningitis, epidemic	ไข้กาฬหลังแอ่น	แพทยศาสตร์	
fever, childbed; fever, puerperal	ไข้กระดานไฟ	แพทยศาสตร์	
fever, childbed; fever, puerperal	ไข้เหตุคลอด	แพทยศาสตร์	
fever, continued; fever, continuous;	ไข้ไม่สร่าง	แพทยศาสตร์	
fever, dehydration	ไข้ขาดน้ำ	แพทยศาสตร์	
fever, endemic typhus	ไข้รากสาดใหญ่ประจำถิ่น	แพทยศาสตร์	
fever, epidemic typhus	ไข้รากสาดใหญ่ชนิดระบาด	แพทยศาสตร์	
fever, essential; fever, idiopathic	ไข้ไม่รู้เหตุ	แพทยศาสตร์	
fever, essential; fever, idiopathic	ไข้เกิดเอง	แพทยศาสตร์	
fever, exanthematous	ไข้ส่า	แพทยศาสตร์	
fever, exanthematous	ไข้ผื่น	แพทยศาสตร์	
fever, exanthematous	ไข้กาฬ	แพทยศาสตร์	
fever, flea-borne typhus	ไข้รากสาดใหญ่จากหมัด	แพทยศาสตร์	
fever, fracture	ไข้กระดูกแตก	แพทยศาสตร์	
fever, fracture	ไข้กระดูกหัก	แพทยศาสตร์	
fever, haemorrhagic/hemorrhagic	ไข้เลือดออก	แพทยศาสตร์	
fever, hay	ไข้ละอองฟาง	แพทยศาสตร์	
fever, idiopathic; fever, essential	ไข้ไม่รู้เหตุ	แพทยศาสตร์	
fever, idiopathic; fever, essential	ไข้เกิดเอง	แพทยศาสตร์	
fever, infectious; fever, septic	ไข้ติดเชื้อ	แพทยศาสตร์	
fever, intermenstrual	ไข้ช่วงว่างระดู	แพทยศาสตร์	
fever, intermittent	ไข้เป็นพัก ๆ	แพทยศาสตร์	
fever, jungle	ไข้ป่า	แพทยศาสตร์	
fever, malarial; malaria; paludism	ไข้จับสั่น	แพทยศาสตร์	
fever, malarial; malaria; paludism	มาลาเรีย	แพทยศาสตร์	
fever, murine typhus	ไข้รากสาดใหญ่จากหนู	แพทยศาสตร์	
fever, protein	ไข้แพ้โปรตีน	แพทยศาสตร์	
fever, puerperal; fever, childbed	ไข้กระดานไฟ	แพทยศาสตร์	
fever, puerperal; fever, childbed	ไข้เหตุคลอด	แพทยศาสตร์	
fever, quotidian	ไข้ประจำวัน	แพทยศาสตร์	
fever, rat-bite	ไข้หนูกัด	แพทยศาสตร์	
fever, recurrent	ไข้กลับ	แพทยศาสตร์	
fever, relapsing	โรคไข้กลับ	แพทยศาสตร์	
fever, remittent	ไข้แกว่ง	แพทยศาสตร์	
fever, rheumatic; rheumapyra;	ไข้รูมาติก	แพทยศาสตร์	
fever, Rocky mountain spotted	ไข้ผื่นภูเขารอกกี	แพทยศาสตร์	
fever, scrub typhus	ไข้รากสาดใหญ่จากป่าละเมาะ	แพทยศาสตร์	
fever, septic; fever, infectious	ไข้ติดเชื้อ	แพทยศาสตร์	
fever, typhoid	ไข้รากสาดน้อย	แพทยศาสตร์	
fever, typhoid	ไข้ไทฟอยด์	แพทยศาสตร์	
fever, typhus	ไข้รากสาดใหญ่	แพทยศาสตร์	
fever, typhus	ไข้ไทฟัส	แพทยศาสตร์	
fever, urticarial	ไข้ลมพิษ	แพทยศาสตร์	
fever, yellow	ไข้เหลือง	แพทยศาสตร์	
FFP (plasma, fresh frozen)	เอฟเอฟพี	แพทยศาสตร์	
fiber/fibre	ใย	แพทยศาสตร์	
fiber/fibre	เส้นใย [ศัพท์ที่มีคำ fiber ประกอบ ดูที่ fibre	แพทยศาสตร์	
fibre, crude	กากใย	แพทยศาสตร์	
fibre, dietary	ใยอาหาร	แพทยศาสตร์	
fibre, nerve	เส้นใยประสาท	แพทยศาสตร์	
fibril; fibrilla	เส้นใยฝอย	แพทยศาสตร์	
fibrillation	การเป็นเส้นใยฝอย	แพทยศาสตร์	
fibrillation, cardiac	หัวใจเต้นแผ่วระรัว	แพทยศาสตร์	
fibrin	ไฟบริน	แพทยศาสตร์	
fibroblast; phoroblast	เซลล์สร้างเส้นใย	แพทยศาสตร์	
fibroma	เนื้องอกเส้นใย	แพทยศาสตร์	
fibrosarcoma	มะเร็งเส้นใย	แพทยศาสตร์	
fibrosis	ภาวะเกิดพังผืด	แพทยศาสตร์	
fibrous	-เส้นใย	แพทยศาสตร์	
fibrous skeleton of heart; skeleton, cardiac	โครงหัวใจ	แพทยศาสตร์	
fibula; bone, calf; paracnemidion;	กระดูกน่อง	แพทยศาสตร์	
fibular; peroneal	-กระดูกน่อง	แพทยศาสตร์	
field, microscopic	ลานเห็นในกล้องจุลทรรศน์	แพทยศาสตร์	
field, visual	ลานสายตา	แพทยศาสตร์	
field, visual	ลานเห็น	แพทยศาสตร์	
field, Wernicke’s; area, Wernicke’s second	ศูนย์ประสานการพูด	แพทยศาสตร์	
filiform	-รูปเส้นด้าย	แพทยศาสตร์	
fillicide	การฆ่าลูก	แพทยศาสตร์	
fillicide	ปุตตฆาต	แพทยศาสตร์	
finding	สิ่งตรวจพบ	แพทยศาสตร์	
finger, clubbed; finger, drumstick	นิ้วมือปุ้ม	แพทยศาสตร์	
finger, drop; finger, hammer; finger, mallet	นิ้วมืองุ้ม	แพทยศาสตร์	
finger, drumstick; finger, clubbed	นิ้วมือปุ้ม	แพทยศาสตร์	
finger, hammer; finger, drop; finger, mallet	นิ้วมืองุ้ม	แพทยศาสตร์	
finger, lock	นิ้วมือหงิก	แพทยศาสตร์	
finger, mallet; finger, drop; finger, hammer	นิ้วมืองุ้ม	แพทยศาสตร์	
fingernail	เล็บมือ	แพทยศาสตร์	
fingerprint	ลายพิมพ์นิ้วมือ	แพทยศาสตร์	
fingerprint	รอยนิ้วมือ	แพทยศาสตร์	
finger-stall	สนับนิ้วมือ	แพทยศาสตร์	
finger-stall	ปลอกนิ้วมือ	แพทยศาสตร์	
first aid	ปฐมพยาบาล	แพทยศาสตร์	
fissure	ช่อง	แพทยศาสตร์	
fissure	ร่อง	แพทยศาสตร์	
fissure	รอยแยก	แพทยศาสตร์	
fissure, oral; rima oris	ช่องหว่างริมฝีปาก	แพทยศาสตร์	
fissure, palpebral; rima palpebrarum	ช่องหว่างหนังตา	แพทยศาสตร์	
fistula	ลำราง	แพทยศาสตร์	
fistula	ทางทะลุ	แพทยศาสตร์	
fistula, anal; fistula in ano	ฝีคัณฑสูตร	แพทยศาสตร์	
fistula, external	ทางทะลุสู่ภายนอก	แพทยศาสตร์	
fistula, internal	ทางทะลุระหว่างอวัยวะภายใน	แพทยศาสตร์	
fistulotomy; syringotomy	การผ่าแผลลำราง	แพทยศาสตร์	
fistulous; syringoid	คล้ายหลอด	แพทยศาสตร์	
fistulous; syringoid	-ลำราง	แพทยศาสตร์	
fistulous; syringoid	-ทางทะลุ	แพทยศาสตร์	
fit	การชัก [มีความหมายเหมือนกับ	แพทยศาสตร์	
fix	ตรึง	แพทยศาสตร์	
fixation	การตรึง	แพทยศาสตร์	
flaccid	เปลี้ย	แพทยศาสตร์	
flaccid	หย่อน	แพทยศาสตร์	
flaccid	ปวกเปียก	แพทยศาสตร์	
flagellate	สัตว์แส้	แพทยศาสตร์	
flank; loin; lumbus; waist	เอว	แพทยศาสตร์	
flap	แผ่นเนื้อเยื่อปะปลูก	แพทยศาสตร์	
flare	กำเริบทันที	แพทยศาสตร์	
flare, aqueous	น้ำในห้องหน้าม่านตาขุ่น	แพทยศาสตร์	
flask	คนโท	แพทยศาสตร์	
flask, culture	คนโทเลี้ยงเชื้อ	แพทยศาสตร์	
flask, culture	คนโทเพาะเชื้อ	แพทยศาสตร์	
flask, volumetric	คนโทวัดปริมาตร	แพทยศาสตร์	
flatfoot; pes planus	เท้าแบน [มีความหมายเหมือนกับ splayfoot 1]	แพทยศาสตร์	
flatulence; flatulency; meteorism; tympania;	อาการท้องอืด [มีความหมายเหมือนกับ tympany 1]	แพทยศาสตร์	
flatulent	-ท้องอืด	แพทยศาสตร์	
flatus	ลมเรอ	แพทยศาสตร์	
flex	งอ	แพทยศาสตร์	
flex	คู้	แพทยศาสตร์	
flexibility	ความงอได้	แพทยศาสตร์	
flexibility	ความคู้ได้	แพทยศาสตร์	
flexible; flexile	งอได้	แพทยศาสตร์	
flexible; flexile	คู้ได้	แพทยศาสตร์	
flexion	การงอ	แพทยศาสตร์	
flexor	กล้ามเนื้องอ	แพทยศาสตร์	
flexor	กล้ามเนื้อคู้	แพทยศาสตร์	
flexure	ส่วนงอ	แพทยศาสตร์	
flexure	ส่วนพับ	แพทยศาสตร์	
flexure	ส่วนโค้ง	แพทยศาสตร์	
flexure (of colon), hepatic	ส่วนโค้ง  ใต้ตับ	แพทยศาสตร์	
flexure (of colon), splenic	ส่วนโค้ง  ใต้ม้าม	แพทยศาสตร์	
flight of ideas	อาการความคิดแล่นเตลิด	แพทยศาสตร์	
flocculation	การจับกลุ่ม	แพทยศาสตร์	
floccule; tuft	กลุ่ม	แพทยศาสตร์	
floccule; tuft	กระจุก	แพทยศาสตร์	
floccule; tuft	ปอย	แพทยศาสตร์	
floccule; tuft	ขด	แพทยศาสตร์	
flora, bacterial	แบคทีเรียประจำถิ่น	แพทยศาสตร์	
florid	สีแดงสด	แพทยศาสตร์	
fluctuation	การขึ้น ๆ ลง ๆ	แพทยศาสตร์	
fluid	ของไหล	แพทยศาสตร์	
fluid, amniotic; waters	น้ำคร่ำ	แพทยศาสตร์	
fluid, ascitic	น้ำมาน	แพทยศาสตร์	
fluid, cerebrospinal (CSF)	น้ำหล่อสมองไขสันหลัง	แพทยศาสตร์	
fluid, cerebrospinal (CSF)	น้ำไขสันหลัง	แพทยศาสตร์	
fluid, interstitial	สารน้ำแทรก	แพทยศาสตร์	
fluid, perfusing	น้ำใช้กำซาบ	แพทยศาสตร์	
fluid, synovial; synovia	ไขข้อ	แพทยศาสตร์	
fluidextract; fluidextractum	สารสกัดเหลว	แพทยศาสตร์	
fluidity	สภาพของไหล	แพทยศาสตร์	
fluke	พยาธิใบไม้	แพทยศาสตร์	
fluoroscope; radioscope; roentgenoscope	เครื่องกำเนิดภาพรังสี	แพทยศาสตร์	
fluoroscope; radioscope; roentgenoscope	รังสีทรรศน์	แพทยศาสตร์	
fluoroscopy; radioscopy; roentgenoscopy	การดูภาพรังสีบนจอ	แพทยศาสตร์	
flush	อาการหน้าแดง	แพทยศาสตร์	
flush, breast	ภาวะนมคัด	แพทยศาสตร์	
flutter	การสั่นระรัว	แพทยศาสตร์	
flutter	การเต้นระรัว	แพทยศาสตร์	
focal	-จุดรวม	แพทยศาสตร์	
focus	จุดรวม	แพทยศาสตร์	
foetal; fetal	-ทารกในครรภ์	แพทยศาสตร์	
foetal; fetal	-ลูกในท้อง	แพทยศาสตร์	
foetid; fetid	เหม็นเน่า	แพทยศาสตร์	
foetor; fetor	กลิ่นเหม็น	แพทยศาสตร์	
foetus; fetus	ทารกในครรภ์	แพทยศาสตร์	
foetus; fetus	ลูกในท้อง (คนและสัตว์	แพทยศาสตร์	
fold	ส่วนทบ	แพทยศาสตร์	
fold	รอยทบ	แพทยศาสตร์	
fold	รอยย่น	แพทยศาสตร์	
fold	สัน	แพทยศาสตร์	
fold, axillary	ขอบรักแร้	แพทยศาสตร์	
fold, conjunctival	ส่วนทบเยื่อตา	แพทยศาสตร์	
fold, epicanthal	หัวตา	แพทยศาสตร์	
fold, false vocal; cord, false vocal;	สายเสียงไม่แท้	แพทยศาสตร์	
fold, gluteal	รอยทบใต้ก้น	แพทยศาสตร์	
